<?xml version="1.0" encoding="UTF-8"?>
<kml xmlns="http://www.opengis.net/kml/2.2">
<Document>
<name>Trabakua, Astorkigane, Zenarruza y Bolibar</name>
<Style id="track">
<LineStyle><color>ff2fe0f5</color><width>4</width></LineStyle>
</Style>
<Placemark>
<name>Trabakua, Astorkigane, Zenarruza y Bolibar</name>
<styleUrl>#track</styleUrl>
<LineString>
<tessellate>1</tessellate>
<altitudeMode>clampToGround</altitudeMode>
<coordinates>-2.546401,43.210062,409.645 -2.546401,43.210062,409.447 -2.546401,43.210062,409.411 -2.546401,43.210062,409.409 -2.546401,43.210062,409.426 -2.546401,43.210062,409.452 -2.546401,43.210062,409.472 -2.546401,43.210062,409.438 -2.546401,43.210062,409.210 -2.546401,43.210062,409.232 -2.546401,43.210062,409.255 -2.546401,43.210062,409.257 -2.546401,43.210062,409.280 -2.546401,43.210062,409.267 -2.546401,43.210062,409.281 -2.546401,43.210062,409.219 -2.546401,43.210062,409.209 -2.546401,43.210062,409.278 -2.546401,43.210062,409.224 -2.546401,43.210062,409.214 -2.546401,43.210062,409.220 -2.546401,43.210062,409.262 -2.546401,43.210062,409.294 -2.546401,43.210062,409.287 -2.546401,43.210062,409.219 -2.546401,43.210062,409.252 -2.546401,43.210062,409.215 -2.546401,43.210062,409.065 -2.546401,43.210062,409.011 -2.546401,43.210062,409.209 -2.546401,43.210062,409.013 -2.546401,43.210062,409.019 -2.546401,43.210062,409.039 -2.546401,43.210062,409.085 -2.546401,43.210062,409.037 -2.546401,43.210062,409.089 -2.546401,43.210062,409.242 -2.546401,43.210062,409.484 -2.546401,43.210062,409.477 -2.546401,43.210062,409.296 -2.546401,43.210062,409.231 -2.546401,43.210062,409.024 -2.546401,43.210062,409.009 -2.546401,43.210062,409.021 -2.546401,43.210062,409.077 -2.546401,43.210062,409.237 -2.546401,43.210062,409.233 -2.546401,43.210062,409.275 -2.546401,43.210062,409.047 -2.546401,43.210062,409.060 -2.546404,43.210068,409.062 -2.546433,43.210088,409.055 -2.546462,43.210108,408.858 -2.546499,43.210120,408.852 -2.546544,43.210119,408.617 -2.546582,43.210104,408.409 -2.546610,43.210083,408.427 -2.546643,43.210068,408.453 -2.546679,43.210067,408.463 -2.546708,43.210076,408.689 -2.546732,43.210085,409.071 -2.546751,43.210100,409.233 -2.546766,43.210117,409.896 -2.546782,43.210130,410.258 -2.546798,43.210144,410.651 -2.546811,43.210156,411.024 -2.546816,43.210172,411.204 -2.546826,43.210186,411.614 -2.546845,43.210198,412.009 -2.546852,43.210218,412.444 -2.546851,43.210235,412.860 -2.546855,43.210253,413.450 -2.546852,43.210272,413.636 -2.546840,43.210290,414.028 -2.546832,43.210304,414.420 -2.546832,43.210324,414.643 -2.546829,43.210345,415.085 -2.546813,43.210365,415.258 -2.546803,43.210378,415.662 -2.546794,43.210395,415.883 -2.546783,43.210412,416.211 -2.546779,43.210427,416.609 -2.546772,43.210445,416.628 -2.546767,43.210461,416.894 -2.546775,43.210476,417.034 -2.546783,43.210489,417.250 -2.546792,43.210504,417.662 -2.546800,43.210519,417.824 -2.546806,43.210533,418.257 -2.546818,43.210549,418.699 -2.546830,43.210557,419.052 -2.546845,43.210568,419.265 -2.546862,43.210581,419.468 -2.546877,43.210593,419.614 -2.546896,43.210607,419.809 -2.546917,43.210619,420.068 -2.546941,43.210631,420.244 -2.546965,43.210639,420.244 -2.546990,43.210648,420.490 -2.547013,43.210655,420.462 -2.547037,43.210662,420.624 -2.547064,43.210671,420.837 -2.547088,43.210681,421.219 -2.547111,43.210692,421.482 -2.547133,43.210704,421.666 -2.547150,43.210717,422.029 -2.547175,43.210728,422.221 -2.547202,43.210730,422.409 -2.547223,43.210728,422.628 -2.547246,43.210717,423.074 -2.547266,43.210705,423.254 -2.547289,43.210693,423.220 -2.547316,43.210689,423.642 -2.547342,43.210692,424.054 -2.547367,43.210691,424.477 -2.547395,43.210690,424.659 -2.547418,43.210692,425.082 -2.547445,43.210698,425.244 -2.547465,43.210703,425.405 -2.547493,43.210704,425.615 -2.547515,43.210707,425.809 -2.547540,43.210709,426.226 -2.547563,43.210715,426.282 -2.547587,43.210722,426.292 -2.547611,43.210728,426.628 -2.547636,43.210733,426.870 -2.547666,43.210740,426.842 -2.547691,43.210746,427.055 -2.547714,43.210751,427.267 -2.547741,43.210756,427.420 -2.547766,43.210760,427.443 -2.547794,43.210768,427.664 -2.547817,43.210775,427.610 -2.547840,43.210781,427.809 -2.547869,43.210782,427.846 -2.547893,43.210789,428.082 -2.547916,43.210794,428.242 -2.547940,43.210797,428.418 -2.547966,43.210799,428.680 -2.547989,43.210803,428.822 -2.548012,43.210808,429.065 -2.548033,43.210814,429.277 -2.548055,43.210821,429.430 -2.548070,43.210833,429.665 -2.548072,43.210830,430.068 -2.548075,43.210820,430.014 -2.548085,43.210825,430.209 -2.548100,43.210827,430.418 -2.548124,43.210835,430.654 -2.548146,43.210837,430.614 -2.548171,43.210835,430.890 -2.548194,43.210831,431.022 -2.548217,43.210824,431.474 -2.548239,43.210818,431.887 -2.548264,43.210815,432.019 -2.548290,43.210811,432.462 -2.548312,43.210812,432.644 -2.548331,43.210809,432.805 -2.548343,43.210800,433.215 -2.548358,43.210789,433.409 -2.548374,43.210778,434.016 -2.548388,43.210771,434.472 -2.548406,43.210767,434.862 -2.548431,43.210770,435.248 -2.548448,43.210783,435.680 -2.548458,43.210797,436.042 -2.548470,43.210806,436.065 -2.548486,43.210819,436.097 -2.548503,43.210833,435.840 -2.548522,43.210842,435.626 -2.548547,43.210848,435.647 -2.548570,43.210846,435.611 -2.548591,43.210841,435.809 -2.548611,43.210836,436.064 -2.548637,43.210833,436.250 -2.548659,43.210827,436.450 -2.548684,43.210819,436.656 -2.548703,43.210814,437.038 -2.548721,43.210809,437.210 -2.548744,43.210804,437.263 -2.548767,43.210802,437.445 -2.548789,43.210798,437.668 -2.548806,43.210793,437.893 -2.548825,43.210788,438.065 -2.548843,43.210783,438.421 -2.548864,43.210778,438.609 -2.548887,43.210771,438.871 -2.548910,43.210764,438.847 -2.548927,43.210757,439.087 -2.548948,43.210752,439.223 -2.548969,43.210748,439.295 -2.548988,43.210742,439.477 -2.549007,43.210738,439.680 -2.549027,43.210730,439.882 -2.549051,43.210723,440.045 -2.549071,43.210718,440.216 -2.549092,43.210715,440.476 -2.549112,43.210714,440.413 -2.549133,43.210712,440.609 -2.549156,43.210708,440.893 -2.549181,43.210705,441.029 -2.549200,43.210701,441.249 -2.549220,43.210698,441.685 -2.549238,43.210700,441.867 -2.549260,43.210696,441.869 -2.549286,43.210692,442.222 -2.549308,43.210691,442.684 -2.549329,43.210695,442.837 -2.549350,43.210696,443.498 -2.549369,43.210694,443.815 -2.549389,43.210689,444.026 -2.549410,43.210686,444.209 -2.549432,43.210686,444.441 -2.549454,43.210686,444.837 -2.549475,43.210683,444.827 -2.549498,43.210680,445.073 -2.549520,43.210676,445.245 -2.549544,43.210673,445.667 -2.549567,43.210671,445.830 -2.549589,43.210668,446.032 -2.549612,43.210666,446.465 -2.549631,43.210664,446.648 -2.549651,43.210658,446.661 -2.549671,43.210650,446.817 -2.549692,43.210645,447.009 -2.549713,43.210638,447.236 -2.549736,43.210635,447.692 -2.549757,43.210632,448.042 -2.549772,43.210628,448.418 -2.549791,43.210623,448.640 -2.549809,43.210617,448.892 -2.549831,43.210612,449.265 -2.549850,43.210609,449.427 -2.549868,43.210604,449.810 -2.549893,43.210599,450.016 -2.549915,43.210594,450.276 -2.549936,43.210587,450.413 -2.549957,43.210581,450.609 -2.549979,43.210577,451.073 -2.549999,43.210575,451.449 -2.550018,43.210572,451.869 -2.550040,43.210567,452.265 -2.550064,43.210565,452.627 -2.550079,43.210563,452.859 -2.550101,43.210559,453.042 -2.550125,43.210558,453.454 -2.550147,43.210557,453.887 -2.550168,43.210557,454.289 -2.550188,43.210558,454.606 -2.550209,43.210560,455.026 -2.550234,43.210561,455.409 -2.550254,43.210562,456.070 -2.550271,43.210561,456.486 -2.550291,43.210557,456.876 -2.550320,43.210557,457.452 -2.550342,43.210559,457.694 -2.550364,43.210560,457.896 -2.550386,43.210564,458.049 -2.550402,43.210570,458.461 -2.550419,43.210577,459.034 -2.550436,43.210584,459.419 -2.550456,43.210589,460.009 -2.550480,43.210598,460.219 -2.550500,43.210606,460.609 -2.550518,43.210615,460.883 -2.550535,43.210625,461.249 -2.550550,43.210630,461.439 -2.550569,43.210636,461.885 -2.550586,43.210641,462.087 -2.550607,43.210651,462.489 -2.550625,43.210665,462.862 -2.550638,43.210676,463.224 -2.550654,43.210687,463.447 -2.550662,43.210697,463.848 -2.550673,43.210711,464.061 -2.550683,43.210729,464.217 -2.550696,43.210739,464.609 -2.550710,43.210753,465.076 -2.550719,43.210764,465.092 -2.550726,43.210778,465.282 -2.550735,43.210788,465.468 -2.550748,43.210798,465.450 -2.550755,43.210802,465.622 -2.550751,43.210795,465.815 -2.550748,43.210799,466.287 -2.550750,43.210803,466.230 -2.550751,43.210802,466.289 -2.550751,43.210802,466.006 -2.550751,43.210802,465.826 -2.550751,43.210802,465.609 -2.550751,43.210802,465.440 -2.550751,43.210802,465.426 -2.550751,43.210802,465.296 -2.550751,43.210802,465.292 -2.550751,43.210802,465.244 -2.550751,43.210802,465.296 -2.550751,43.210802,465.479 -2.550751,43.210802,465.651 -2.550751,43.210802,465.814 -2.550757,43.210804,466.034 -2.550758,43.210821,466.255 -2.550765,43.210832,466.210 -2.550782,43.210843,466.209 -2.550802,43.210856,466.275 -2.550820,43.210867,466.271 -2.550838,43.210882,466.291 -2.550850,43.210898,466.457 -2.550860,43.210913,466.659 -2.550873,43.210929,467.071 -2.550885,43.210944,467.274 -2.550892,43.210961,467.426 -2.550902,43.210974,467.689 -2.550917,43.210987,467.895 -2.550936,43.210999,468.049 -2.550953,43.211013,468.223 -2.550969,43.211030,468.409 -2.550984,43.211045,468.851 -2.550998,43.211058,469.067 -2.551012,43.211074,469.247 -2.551022,43.211081,469.293 -2.551044,43.211085,469.435 -2.551069,43.211093,469.437 -2.551082,43.211100,469.470 -2.551105,43.211111,469.672 -2.551123,43.211123,470.075 -2.551136,43.211138,470.432 -2.551152,43.211148,470.692 -2.551171,43.211154,470.811 -2.551203,43.211157,471.209 -2.551221,43.211180,471.425 -2.551239,43.211191,471.621 -2.551258,43.211200,472.071 -2.551276,43.211210,472.477 -2.551297,43.211222,472.859 -2.551315,43.211233,473.021 -2.551332,43.211242,473.494 -2.551352,43.211253,473.856 -2.551370,43.211260,474.059 -2.551390,43.211263,474.494 -2.551414,43.211266,474.857 -2.551438,43.211268,475.022 -2.551463,43.211277,475.409 -2.551480,43.211281,475.871 -2.551498,43.211282,476.047 -2.551522,43.211289,476.497 -2.551543,43.211293,476.823 -2.551563,43.211296,477.215 -2.551583,43.211298,477.887 -2.551606,43.211296,478.040 -2.551628,43.211293,478.442 -2.551651,43.211291,478.895 -2.551670,43.211293,479.082 -2.551689,43.211293,479.243 -2.551708,43.211296,479.417 -2.551724,43.211289,479.809 -2.551749,43.211289,480.060 -2.551766,43.211288,480.626 -2.551789,43.211284,481.046 -2.551816,43.211279,481.672 -2.551837,43.211274,482.014 -2.551857,43.211274,482.486 -2.551876,43.211273,482.699 -2.551895,43.211271,483.211 -2.551915,43.211269,483.644 -2.551934,43.211268,484.043 -2.551957,43.211265,484.664 -2.551981,43.211265,485.010 -2.551999,43.211263,485.609 -2.552023,43.211263,486.056 -2.552045,43.211268,486.492 -2.552063,43.211272,486.882 -2.552079,43.211272,487.298 -2.552098,43.211270,487.630 -2.552120,43.211272,487.812 -2.552138,43.211274,488.475 -2.552155,43.211277,488.837 -2.552178,43.211279,489.480 -2.552199,43.211280,490.096 -2.552218,43.211280,490.431 -2.552238,43.211279,491.024 -2.552259,43.211281,491.409 -2.552275,43.211281,491.821 -2.552299,43.211281,492.037 -2.552325,43.211284,492.447 -2.552344,43.211285,492.623 -2.552361,43.211283,493.275 -2.552385,43.211279,493.627 -2.552407,43.211280,494.240 -2.552426,43.211281,494.862 -2.552443,43.211278,495.465 -2.552465,43.211272,496.056 -2.552488,43.211270,496.259 -2.552511,43.211271,496.414 -2.552530,43.211274,496.809 -2.552547,43.211275,497.217 -2.552565,43.211278,497.893 -2.552581,43.211280,498.483 -2.552605,43.211283,499.059 -2.552627,43.211284,499.471 -2.552649,43.211287,500.073 -2.552668,43.211289,500.426 -2.552691,43.211290,500.818 -2.552711,43.211292,501.281 -2.552729,43.211293,501.645 -2.552749,43.211293,501.847 -2.552771,43.211296,502.211 -2.552788,43.211299,502.809 -2.552808,43.211303,503.476 -2.552827,43.211306,503.882 -2.552847,43.211309,504.282 -2.552867,43.211314,504.638 -2.552885,43.211319,505.280 -2.552899,43.211321,505.662 -2.552921,43.211322,506.035 -2.552944,43.211321,506.667 -2.552967,43.211325,507.010 -2.552988,43.211334,507.636 -2.553006,43.211340,508.017 -2.553024,43.211348,508.418 -2.553040,43.211352,508.809 -2.553058,43.211356,509.245 -2.553079,43.211357,509.641 -2.553100,43.211361,509.821 -2.553123,43.211368,510.297 -2.553145,43.211372,510.639 -2.553165,43.211378,511.061 -2.553180,43.211387,511.684 -2.553197,43.211393,512.066 -2.553222,43.211397,512.619 -2.553244,43.211403,513.019 -2.553264,43.211407,513.409 -2.553284,43.211412,513.619 -2.553305,43.211417,514.009 -2.553322,43.211424,514.223 -2.553339,43.211429,514.429 -2.553360,43.211430,515.019 -2.553385,43.211430,515.415 -2.553408,43.211437,515.887 -2.553424,43.211447,516.279 -2.553441,43.211449,516.422 -2.553460,43.211459,516.894 -2.553477,43.211463,517.257 -2.553497,43.211470,517.819 -2.553507,43.211477,518.209 -2.553527,43.211480,518.819 -2.553552,43.211485,519.609 -2.553573,43.211491,519.823 -2.553595,43.211498,520.469 -2.553616,43.211505,520.889 -2.553633,43.211510,521.085 -2.553650,43.211510,521.287 -2.553671,43.211511,521.499 -2.553694,43.211515,521.852 -2.553720,43.211520,522.434 -2.553741,43.211524,523.087 -2.553759,43.211526,523.822 -2.553780,43.211527,524.262 -2.553797,43.211530,525.008 -2.553819,43.211531,525.809 -2.553838,43.211532,526.624 -2.553855,43.211529,527.240 -2.553876,43.211524,527.830 -2.553897,43.211520,528.436 -2.553926,43.211518,528.888 -2.553943,43.211526,529.230 -2.553956,43.211539,529.633 -2.553971,43.211551,530.295 -2.553986,43.211566,530.678 -2.553998,43.211583,530.812 -2.554011,43.211596,531.232 -2.554021,43.211608,531.405 -2.554039,43.211621,531.409 -2.554058,43.211635,531.633 -2.554081,43.211652,531.829 -2.554110,43.211667,532.099 -2.554142,43.211685,532.275 -2.554175,43.211703,532.667 -2.554202,43.211722,532.849 -2.554228,43.211745,533.032 -2.554255,43.211767,533.414 -2.554280,43.211788,533.657 -2.554311,43.211802,533.872 -2.554342,43.211818,534.013 -2.554374,43.211837,534.214 -2.554410,43.211852,534.409 -2.554447,43.211863,534.879 -2.554482,43.211878,535.235 -2.554515,43.211894,535.475 -2.554546,43.211906,535.811 -2.554579,43.211918,536.243 -2.554611,43.211929,536.425 -2.554646,43.211942,536.698 -2.554676,43.211955,537.020 -2.554705,43.211967,537.443 -2.554730,43.211978,537.867 -2.554749,43.211986,538.281 -2.554770,43.211994,538.619 -2.554791,43.212004,538.609 -2.554814,43.212013,538.888 -2.554838,43.212024,539.044 -2.554860,43.212035,539.484 -2.554886,43.212048,539.620 -2.554907,43.212059,540.072 -2.554932,43.212072,540.444 -2.554957,43.212084,540.697 -2.554984,43.212099,541.089 -2.555014,43.212110,541.272 -2.555045,43.212121,541.297 -2.555074,43.212132,541.223 -2.555099,43.212140,541.625 -2.555123,43.212149,541.809 -2.555158,43.212163,542.271 -2.555182,43.212176,542.487 -2.555201,43.212184,542.667 -2.555210,43.212190,542.653 -2.555202,43.212191,542.615 -2.555202,43.212192,542.457 -2.555201,43.212193,542.420 -2.555202,43.212194,542.452 -2.555202,43.212193,542.435 -2.555202,43.212193,542.488 -2.555202,43.212193,542.424 -2.555202,43.212193,542.426 -2.555202,43.212193,542.209 -2.555202,43.212193,542.210 -2.555202,43.212193,542.296 -2.555202,43.212193,542.046 -2.555203,43.212193,542.012 -2.555216,43.212195,542.034 -2.555234,43.212195,542.046 -2.555257,43.212203,542.059 -2.555286,43.212210,542.031 -2.555318,43.212218,542.084 -2.555355,43.212227,542.066 -2.555387,43.212237,542.229 -2.555418,43.212249,542.621 -2.555446,43.212259,543.209 -2.555477,43.212267,543.678 -2.555511,43.212273,544.054 -2.555547,43.212275,544.264 -2.555576,43.212274,544.690 -2.555600,43.212275,544.852 -2.555628,43.212277,545.244 -2.555657,43.212283,545.837 -2.555683,43.212288,546.239 -2.555708,43.212289,546.862 -2.555737,43.212293,547.289 -2.555766,43.212299,547.606 -2.555794,43.212305,548.026 -2.555821,43.212309,548.609 -2.555847,43.212317,549.030 -2.555870,43.212322,549.416 -2.555900,43.212327,549.856 -2.555932,43.212334,550.282 -2.555964,43.212343,550.644 -2.555996,43.212350,550.826 -2.556031,43.212356,551.279 -2.556066,43.212365,551.251 -2.556101,43.212377,551.634 -2.556140,43.212383,551.875 -2.556182,43.212390,552.028 -2.556217,43.212398,552.220 -2.556248,43.212406,552.609 -2.556280,43.212416,552.899 -2.556317,43.212428,553.055 -2.556352,43.212442,553.225 -2.556389,43.212455,553.411 -2.556424,43.212467,553.663 -2.556461,43.212477,553.895 -2.556502,43.212489,554.268 -2.556542,43.212499,554.430 -2.556586,43.212512,554.623 -2.556631,43.212526,554.871 -2.556675,43.212540,554.641 -2.556721,43.212555,554.615 -2.556765,43.212572,554.809 -2.556807,43.212588,555.059 -2.556853,43.212605,555.045 -2.556899,43.212619,555.085 -2.556943,43.212634,555.481 -2.556985,43.212651,555.493 -2.557029,43.212665,555.635 -2.557072,43.212685,556.038 -2.557116,43.212705,556.230 -2.557160,43.212722,556.433 -2.557205,43.212740,556.612 -2.557247,43.212756,556.832 -2.557293,43.212775,557.005 -2.557334,43.212792,557.409 -2.557382,43.212813,557.673 -2.557428,43.212829,557.869 -2.557472,43.212852,558.019 -2.557516,43.212875,558.215 -2.557557,43.212899,558.427 -2.557594,43.212926,558.869 -2.557623,43.212951,559.242 -2.557652,43.212971,559.864 -2.557680,43.212993,560.237 -2.557709,43.213012,560.675 -2.557733,43.213034,561.028 -2.557766,43.213054,561.220 -2.557808,43.213076,561.409 -2.557849,43.213101,561.689 -2.557892,43.213124,561.635 -2.557935,43.213148,561.645 -2.557977,43.213173,561.631 -2.558024,43.213197,561.643 -2.558077,43.213217,561.625 -2.558130,43.213234,561.878 -2.558182,43.213253,561.850 -2.558235,43.213262,562.073 -2.558288,43.213278,562.058 -2.558339,43.213289,562.252 -2.558392,43.213303,562.217 -2.558437,43.213314,562.409 -2.558490,43.213328,562.667 -2.558543,43.213340,562.673 -2.558595,43.213355,562.853 -2.558641,43.213365,563.229 -2.558693,43.213377,563.081 -2.558742,43.213390,563.073 -2.558788,43.213402,563.076 -2.558835,43.213408,563.058 -2.558874,43.213412,563.091 -2.558910,43.213418,563.459 -2.558947,43.213424,563.603 -2.558980,43.213432,564.023 -2.559013,43.213442,564.209 -2.559044,43.213449,564.687 -2.559076,43.213457,564.643 -2.559103,43.213460,564.873 -2.559134,43.213465,565.219 -2.559160,43.213467,565.461 -2.559190,43.213470,565.643 -2.559220,43.213479,566.016 -2.559244,43.213492,566.268 -2.559267,43.213502,566.491 -2.559285,43.213507,566.615 -2.559296,43.213525,566.665 -2.559295,43.213546,566.811 -2.559289,43.213565,567.409 -2.559292,43.213585,567.843 -2.559296,43.213610,568.429 -2.559298,43.213634,569.089 -2.559299,43.213657,569.645 -2.559291,43.213679,570.017 -2.559281,43.213701,570.459 -2.559282,43.213723,571.072 -2.559286,43.213741,571.474 -2.559293,43.213761,571.827 -2.559297,43.213782,572.094 -2.559299,43.213804,572.257 -2.559298,43.213828,572.622 -2.559302,43.213852,572.809 -2.559307,43.213874,573.211 -2.559315,43.213895,573.677 -2.559323,43.213919,574.027 -2.559328,43.213945,574.413 -2.559334,43.213966,574.875 -2.559340,43.213989,575.047 -2.559343,43.214010,575.240 -2.559346,43.214031,575.492 -2.559354,43.214051,575.615 -2.559363,43.214072,576.064 -2.559369,43.214095,576.206 -2.559372,43.214116,576.616 -2.559372,43.214137,576.809 -2.559372,43.214156,577.038 -2.559369,43.214180,577.244 -2.559372,43.214204,577.644 -2.559369,43.214221,578.010 -2.559369,43.214240,578.442 -2.559369,43.214263,578.624 -2.559371,43.214285,579.097 -2.559372,43.214305,579.489 -2.559371,43.214326,579.832 -2.559371,43.214345,580.288 -2.559371,43.214365,580.624 -2.559370,43.214385,581.026 -2.559366,43.214403,581.009 -2.559370,43.214424,581.230 -2.559369,43.214445,581.416 -2.559367,43.214465,581.846 -2.559363,43.214484,582.212 -2.559363,43.214504,582.834 -2.559362,43.214524,583.296 -2.559359,43.214542,583.829 -2.559357,43.214564,584.481 -2.559350,43.214587,584.844 -2.559341,43.214606,585.279 -2.559336,43.214624,585.605 -2.559329,43.214641,586.025 -2.559325,43.214660,586.209 -2.559320,43.214679,586.649 -2.559323,43.214696,587.085 -2.559321,43.214716,588.035 -2.559313,43.214731,589.081 -2.559310,43.214746,589.663 -2.559311,43.214766,590.215 -2.559308,43.214784,590.638 -2.559305,43.214801,591.060 -2.559306,43.214820,591.413 -2.559305,43.214840,591.812 -2.559306,43.214858,592.032 -2.559315,43.214873,592.405 -2.559324,43.214892,592.609 -2.559334,43.214914,592.893 -2.559353,43.214938,592.899 -2.559373,43.214963,592.879 -2.559394,43.214986,592.815 -2.559416,43.215008,592.827 -2.559443,43.215029,592.869 -2.559473,43.215047,593.022 -2.559500,43.215065,593.044 -2.559528,43.215086,593.297 -2.559559,43.215099,593.467 -2.559590,43.215114,593.681 -2.559622,43.215127,593.819 -2.559653,43.215137,594.009 -2.559683,43.215149,594.228 -2.559721,43.215159,594.484 -2.559758,43.215171,594.664 -2.559796,43.215181,594.850 -2.559834,43.215195,595.012 -2.559870,43.215211,595.264 -2.559900,43.215228,595.417 -2.559937,43.215243,595.849 -2.559975,43.215258,595.862 -2.560013,43.215267,596.099 -2.560050,43.215280,596.207 -2.560089,43.215300,596.427 -2.560140,43.215320,596.209 -2.560193,43.215340,596.261 -2.560253,43.215364,596.067 -2.560312,43.215387,595.657 -2.560368,43.215399,595.443 -2.560418,43.215410,595.275 -2.560464,43.215424,595.217 -2.560514,43.215437,595.420 -2.560568,43.215449,595.652 -2.560618,43.215459,595.855 -2.560660,43.215460,596.056 -2.560705,43.215466,596.259 -2.560747,43.215475,596.414 -2.560792,43.215484,596.409 -2.560844,43.215499,596.287 -2.560906,43.215521,596.013 -2.560971,43.215542,595.613 -2.561034,43.215565,595.069 -2.561097,43.215589,594.041 -2.561162,43.215611,592.823 -2.561227,43.215627,592.256 -2.561277,43.215643,591.478 -2.561320,43.215657,590.831 -2.561361,43.215667,589.874 -2.561413,43.215680,589.256 -2.561461,43.215695,588.821 -2.561491,43.215707,588.209 -2.561522,43.215716,587.889 -2.561546,43.215721,587.245 -2.561567,43.215724,586.625 -2.561588,43.215728,586.261 -2.561599,43.215733,585.833 -2.561604,43.215736,585.615 -2.561591,43.215732,585.488 -2.561591,43.215731,585.440 -2.561595,43.215734,585.223 -2.561595,43.215736,585.047 -2.561595,43.215735,585.029 -2.561595,43.215735,584.821 -2.561595,43.215735,584.609 -2.561595,43.215735,584.436 -2.561595,43.215735,584.462 -2.561595,43.215735,584.492 -2.561595,43.215735,584.448 -2.561595,43.215735,584.440 -2.561595,43.215735,584.482 -2.561595,43.215735,584.215 -2.561595,43.215735,584.217 -2.561595,43.215735,584.080 -2.561595,43.215735,583.671 -2.561595,43.215735,583.641 -2.561595,43.215735,583.415 -2.561595,43.215735,583.209 -2.561595,43.215735,583.289 -2.561593,43.215735,583.235 -2.561594,43.215735,583.215 -2.561600,43.215735,583.411 -2.561595,43.215735,583.453 -2.561599,43.215734,583.245 -2.561632,43.215742,583.258 -2.561674,43.215750,582.810 -2.561730,43.215758,582.453 -2.561792,43.215774,581.029 -2.561857,43.215800,578.800 -2.561922,43.215811,577.420 -2.561986,43.215801,577.009 -2.562045,43.215779,576.814 -2.562112,43.215762,576.890 -2.562168,43.215744,576.840 -2.562202,43.215734,576.886 -2.562228,43.215720,577.218 -2.562253,43.215712,577.640 -2.562279,43.215704,578.293 -2.562303,43.215697,578.845 -2.562326,43.215693,579.268 -2.562351,43.215691,579.864 -2.562372,43.215688,580.406 -2.562397,43.215684,580.816 -2.562417,43.215676,581.409 -2.562442,43.215668,581.848 -2.562473,43.215670,582.274 -2.562501,43.215678,582.854 -2.562521,43.215674,583.280 -2.562546,43.215665,583.822 -2.562571,43.215659,584.244 -2.562596,43.215657,584.897 -2.562618,43.215657,585.299 -2.562640,43.215650,585.842 -2.562663,43.215646,586.063 -2.562692,43.215644,586.444 -2.562718,43.215644,586.618 -2.562738,43.215640,586.609 -2.562764,43.215622,587.028 -2.562785,43.215610,587.444 -2.562811,43.215603,587.644 -2.562835,43.215594,588.010 -2.562856,43.215585,588.462 -2.562880,43.215577,588.624 -2.562904,43.215568,588.837 -2.562923,43.215558,588.859 -2.562941,43.215548,589.082 -2.562959,43.215540,589.235 -2.562984,43.215532,589.486 -2.563015,43.215529,589.614 -2.563041,43.215536,589.809 -2.563071,43.215550,590.045 -2.563102,43.215561,590.031 -2.563133,43.215567,590.261 -2.563156,43.215573,590.427 -2.563180,43.215578,590.649 -2.563208,43.215582,590.841 -2.563239,43.215583,590.844 -2.563268,43.215583,590.856 -2.563294,43.215582,590.849 -2.563320,43.215587,590.826 -2.563340,43.215603,590.847 -2.563360,43.215615,590.611 -2.563387,43.215626,590.609 -2.563413,43.215631,590.414 -2.563439,43.215628,590.490 -2.563446,43.215626,590.210 -2.563449,43.215627,590.236 -2.563447,43.215629,590.238 -2.563446,43.215631,590.060 -2.563452,43.215635,590.213 -2.563464,43.215637,590.245 -2.563484,43.215643,590.048 -2.563502,43.215660,589.848 -2.563511,43.215669,589.661 -2.563513,43.215668,589.417 -2.563513,43.215676,589.409 -2.563515,43.215682,589.426 -2.563514,43.215690,589.432 -2.563520,43.215705,589.292 -2.563524,43.215720,589.298 -2.563539,43.215734,589.270 -2.563559,43.215750,589.022 -2.563584,43.215775,589.035 -2.563607,43.215787,589.027 -2.563623,43.215788,589.030 -2.563627,43.215792,589.248 -2.563636,43.215796,589.461 -2.563645,43.215804,589.417 -2.563651,43.215810,589.409 -2.563664,43.215821,589.696 -2.563668,43.215832,589.442 -2.563674,43.215845,589.452 -2.563676,43.215854,589.288 -2.563681,43.215864,589.050 -2.563686,43.215871,589.232 -2.563690,43.215874,589.245 -2.563698,43.215878,589.457 -2.563698,43.215891,589.630 -2.563696,43.215898,589.818 -2.563694,43.215906,590.098 -2.563692,43.215914,590.217 -2.563687,43.215923,590.209 -2.563683,43.215928,590.433 -2.563678,43.215936,590.419 -2.563680,43.215946,590.469 -2.563677,43.215946,590.475 -2.563677,43.215946,590.497 -2.563684,43.215959,590.459 -2.563695,43.215981,590.452 -2.563707,43.216001,590.224 -2.563720,43.216014,590.277 -2.563739,43.216033,590.482 -2.563756,43.216050,590.643 -2.563776,43.216069,590.817 -2.563796,43.216089,591.009 -2.563819,43.216102,591.230 -2.563845,43.216114,591.416 -2.563873,43.216126,591.686 -2.563897,43.216140,591.812 -2.563926,43.216152,592.014 -2.563952,43.216167,592.476 -2.563978,43.216179,592.849 -2.564004,43.216187,593.211 -2.564029,43.216193,593.894 -2.564058,43.216201,594.083 -2.564088,43.216220,594.225 -2.564110,43.216249,594.217 -2.564120,43.216285,594.209 -2.564110,43.216315,594.220 -2.564095,43.216338,594.096 -2.564076,43.216357,594.066 -2.564062,43.216383,593.822 -2.564039,43.216411,593.644 -2.564010,43.216448,593.266 -2.563979,43.216491,592.849 -2.563961,43.216539,592.291 -2.563955,43.216590,591.854 -2.563958,43.216639,591.678 -2.563964,43.216682,591.833 -2.563971,43.216725,592.026 -2.563978,43.216763,592.209 -2.563974,43.216790,592.299 -2.563967,43.216811,592.295 -2.563963,43.216844,592.075 -2.563956,43.216876,591.821 -2.563944,43.216914,591.653 -2.563932,43.216957,591.255 -2.563920,43.217004,591.058 -2.563912,43.217056,591.090 -2.563926,43.217107,590.643 -2.563944,43.217162,590.254 -2.563966,43.217221,590.256 -2.563993,43.217271,589.411 -2.564046,43.217314,589.409 -2.564101,43.217357,589.057 -2.564151,43.217408,588.643 -2.564194,43.217460,588.073 -2.564237,43.217513,586.459 -2.564280,43.217558,586.061 -2.564324,43.217607,583.423 -2.564376,43.217656,582.836 -2.564432,43.217705,581.458 -2.564483,43.217756,579.291 -2.564523,43.217807,578.051 -2.564586,43.217841,577.201 -2.564664,43.217873,575.011 -2.564745,43.217913,573.409 -2.564818,43.217940,572.667 -2.564888,43.217965,571.013 -2.564955,43.217998,570.293 -2.565019,43.218027,569.289 -2.565090,43.218058,568.621 -2.565162,43.218087,567.693 -2.565239,43.218115,566.416 -2.565319,43.218153,564.498 -2.565404,43.218183,562.211 -2.565495,43.218218,558.619 -2.565585,43.218241,557.809 -2.565673,43.218271,556.819 -2.565758,43.218293,555.609 -2.565849,43.218305,554.683 -2.565927,43.218338,553.629 -2.565996,43.218364,553.289 -2.566063,43.218385,552.485 -2.566131,43.218414,552.037 -2.566213,43.218446,551.089 -2.566314,43.218467,550.672 -2.566428,43.218484,548.634 -2.566547,43.218507,546.837 -2.566650,43.218532,544.456 -2.566723,43.218554,543.459 -2.566768,43.218605,541.414 -2.566797,43.218657,540.409 -2.566836,43.218693,540.627 -2.566883,43.218702,541.033 -2.566937,43.218700,540.853 -2.567003,43.218697,540.429 -2.567069,43.218698,540.021 -2.567146,43.218708,539.843 -2.567233,43.218728,538.016 -2.567300,43.218752,536.418 -2.567356,43.218769,535.861 -2.567380,43.218788,535.443 -2.567396,43.218810,535.664 -2.567404,43.218825,536.010 -2.567412,43.218842,536.209 -2.567415,43.218860,536.426 -2.567394,43.218873,536.462 -2.567382,43.218877,536.492 -2.567371,43.218886,536.478 -2.567354,43.218897,536.430 -2.567343,43.218910,536.682 -2.567337,43.218910,536.825 -2.567336,43.218907,537.057 -2.567336,43.218906,537.090 -2.567336,43.218906,537.233 -2.567336,43.218906,537.223 -2.567336,43.218906,537.215 -2.567336,43.218906,537.009 -2.567336,43.218906,537.085 -2.567336,43.218906,537.031 -2.567336,43.218906,536.871 -2.567336,43.218906,536.887 -2.567336,43.218906,536.859 -2.567336,43.218906,536.631 -2.567336,43.218906,536.614 -2.567336,43.218906,536.676 -2.567336,43.218906,536.499 -2.567337,43.218911,536.426 -2.567327,43.218915,536.247 -2.567316,43.218919,536.211 -2.567315,43.218925,536.009 -2.567318,43.218925,536.074 -2.567317,43.218928,535.870 -2.567307,43.218923,535.820 -2.567305,43.218920,535.816 -2.567310,43.218915,535.818 -2.567318,43.218906,535.830 -2.567331,43.218900,535.813 -2.567337,43.218902,535.655 -2.567342,43.218908,535.648 -2.567344,43.218912,535.285 -2.567345,43.218916,534.889 -2.567342,43.218915,534.617 -2.567330,43.218917,534.409 -2.567320,43.218917,534.240 -2.567316,43.218916,534.256 -2.567311,43.218914,534.276 -2.567308,43.218913,534.432 -2.567307,43.218914,534.234 -2.567307,43.218914,534.236 -2.567307,43.218914,534.249 -2.567307,43.218914,534.261 -2.567302,43.218913,534.274 -2.567301,43.218914,534.485 -2.567298,43.218916,534.489 -2.567296,43.218911,534.417 -2.567292,43.218911,534.409 -2.567292,43.218907,534.490 -2.567298,43.218905,534.246 -2.567297,43.218905,534.276 -2.567290,43.218904,534.032 -2.567289,43.218905,534.024 -2.567291,43.218907,533.826 -2.567297,43.218916,533.839 -2.567297,43.218921,533.691 -2.567299,43.218925,533.624 -2.567300,43.218929,533.665 -2.567303,43.218935,533.668 -2.567304,43.218947,533.614 -2.567303,43.218956,533.609 -2.567307,43.218970,533.698 -2.567303,43.218982,533.664 -2.567294,43.219001,533.664 -2.567281,43.219018,533.610 -2.567263,43.219042,533.472 -2.567237,43.219073,533.224 -2.567219,43.219103,533.097 -2.567201,43.219137,533.069 -2.567184,43.219167,533.042 -2.567163,43.219194,533.224 -2.567140,43.219222,533.604 -2.567120,43.219243,533.614 -2.567107,43.219276,533.609 -2.567096,43.219304,533.634 -2.567084,43.219332,533.880 -2.567073,43.219362,533.630 -2.567066,43.219395,533.846 -2.567055,43.219422,534.078 -2.567050,43.219446,534.040 -2.567045,43.219477,534.023 -2.567033,43.219504,534.265 -2.567019,43.219524,534.628 -2.567005,43.219545,535.019 -2.566989,43.219562,535.409 -2.566973,43.219581,535.819 -2.566951,43.219599,536.409 -2.566932,43.219613,537.073 -2.566907,43.219621,537.449 -2.566885,43.219632,537.649 -2.566863,43.219644,538.245 -2.566840,43.219657,538.687 -2.566816,43.219667,539.289 -2.566794,43.219675,539.632 -2.566772,43.219683,540.084 -2.566750,43.219694,540.487 -2.566731,43.219705,540.451 -2.566708,43.219722,540.401 -2.566679,43.219738,540.411 -2.566650,43.219759,540.209 -2.566620,43.219782,540.097 -2.566585,43.219809,539.623 -2.566552,43.219834,539.663 -2.566525,43.219862,540.039 -2.566492,43.219889,540.491 -2.566462,43.219916,540.673 -2.566434,43.219945,541.086 -2.566407,43.219971,541.298 -2.566377,43.219998,541.231 -2.566347,43.220024,541.235 -2.566318,43.220048,541.486 -2.566281,43.220073,541.614 -2.566236,43.220101,541.409 -2.566194,43.220135,541.025 -2.566156,43.220175,541.041 -2.566122,43.220217,540.851 -2.566090,43.220264,540.697 -2.566064,43.220317,540.219 -2.566039,43.220371,539.871 -2.566001,43.220421,539.644 -2.565954,43.220456,539.276 -2.565907,43.220485,539.269 -2.565857,43.220512,539.481 -2.565810,43.220542,539.661 -2.565766,43.220572,539.617 -2.565734,43.220599,539.609 -2.565700,43.220626,539.630 -2.565671,43.220652,539.846 -2.565641,43.220677,540.076 -2.565612,43.220703,540.242 -2.565586,43.220733,540.434 -2.565558,43.220766,540.496 -2.565533,43.220796,540.629 -2.565512,43.220826,540.851 -2.565493,43.220856,540.864 -2.565478,43.220886,541.424 -2.565462,43.220916,541.804 -2.565445,43.220951,541.814 -2.565433,43.220989,541.809 -2.565423,43.221029,541.644 -2.565420,43.221068,541.230 -2.565415,43.221105,541.030 -2.565412,43.221143,541.056 -2.565410,43.221178,541.238 -2.565418,43.221215,541.420 -2.565423,43.221256,541.643 -2.565428,43.221297,541.845 -2.565439,43.221335,541.868 -2.565452,43.221376,541.855 -2.565465,43.221410,541.807 -2.565477,43.221440,541.617 -2.565495,43.221465,541.809 -2.565516,43.221491,541.897 -2.565531,43.221521,541.673 -2.565535,43.221546,541.433 -2.565539,43.221565,541.259 -2.565543,43.221583,540.841 -2.565547,43.221600,540.823 -2.565550,43.221603,540.836 -2.565559,43.221594,540.658 -2.565562,43.221596,540.611 -2.565566,43.221600,540.668 -2.565566,43.221593,540.442 -2.565576,43.221592,540.226 -2.565579,43.221595,540.009 -2.565579,43.221595,539.828 -2.565579,43.221595,539.674 -2.565579,43.221595,539.624 -2.565579,43.221595,539.690 -2.565579,43.221595,539.422 -2.565579,43.221595,539.464 -2.565579,43.221595,539.427 -2.565579,43.221595,539.469 -2.565579,43.221595,539.292 -2.565579,43.221595,539.228 -2.565579,43.221595,539.289 -2.565579,43.221595,539.217 -2.565579,43.221595,539.009 -2.565579,43.221595,539.064 -2.565579,43.221595,539.050 -2.565579,43.221595,539.010 -2.565579,43.221595,538.886 -2.565579,43.221595,538.888 -2.565579,43.221595,538.830 -2.565579,43.221595,539.073 -2.565579,43.221595,539.035 -2.565579,43.221595,539.048 -2.565574,43.221594,539.077 -2.565572,43.221598,538.861 -2.565579,43.221604,538.627 -2.565590,43.221616,538.609 -2.565595,43.221638,538.429 -2.565595,43.221648,538.635 -2.565599,43.221660,538.835 -2.565610,43.221675,539.031 -2.565622,43.221690,539.233 -2.565633,43.221706,539.455 -2.565643,43.221722,539.828 -2.565660,43.221737,540.210 -2.565676,43.221751,540.813 -2.565689,43.221768,541.651 -2.565693,43.221791,542.001 -2.565698,43.221812,542.611 -2.565709,43.221832,543.009 -2.565719,43.221852,543.487 -2.565732,43.221867,543.873 -2.565750,43.221881,544.253 -2.565764,43.221899,544.679 -2.565784,43.221915,545.251 -2.565802,43.221924,545.613 -2.565817,43.221938,546.076 -2.565835,43.221949,546.418 -2.565846,43.221963,546.811 -2.565868,43.221978,547.045 -2.565882,43.222006,547.447 -2.565876,43.222030,547.211 -2.565861,43.222063,547.009 -2.565853,43.222102,546.826 -2.565862,43.222147,546.252 -2.565883,43.222192,545.632 -2.565905,43.222237,543.838 -2.565923,43.222273,542.610 -2.565928,43.222303,542.032 -2.565928,43.222329,541.665 -2.565946,43.222357,541.477 -2.565985,43.222393,541.250 -2.566030,43.222419,540.678 -2.566087,43.222440,539.833 -2.566133,43.222454,539.026 -2.566167,43.222473,538.009 -2.566178,43.222504,538.249 -2.566174,43.222543,537.835 -2.566161,43.222585,538.085 -2.566138,43.222625,536.621 -2.566124,43.222674,535.043 -2.566124,43.222722,533.415 -2.566112,43.222771,529.888 -2.566098,43.222818,528.410 -2.566079,43.222861,527.653 -2.566055,43.222910,527.026 -2.566011,43.222961,526.647 -2.565950,43.223005,523.811 -2.565896,43.223041,523.209 -2.565846,43.223075,520.444 -2.565790,43.223098,519.830 -2.565721,43.223134,518.830 -2.565635,43.223185,517.496 -2.565547,43.223244,515.238 -2.565455,43.223294,513.230 -2.565369,43.223342,509.693 -2.565300,43.223389,509.295 -2.565260,43.223424,508.098 -2.565243,43.223447,508.079 -2.565248,43.223465,508.405 -2.565264,43.223472,508.425 -2.565280,43.223473,508.409 -2.565295,43.223466,508.679 -2.565316,43.223458,508.815 -2.565343,43.223447,509.065 -2.565374,43.223444,509.221 -2.565404,43.223439,509.423 -2.565433,43.223434,509.685 -2.565465,43.223430,509.838 -2.565496,43.223419,509.820 -2.565524,43.223411,510.073 -2.565548,43.223402,510.088 -2.565574,43.223392,510.424 -2.565596,43.223383,510.826 -2.565618,43.223371,511.009 -2.565648,43.223358,511.240 -2.565678,43.223349,511.456 -2.565707,43.223339,511.466 -2.565733,43.223325,511.662 -2.565763,43.223315,511.884 -2.565788,43.223305,512.256 -2.565814,43.223293,512.439 -2.565842,43.223277,512.841 -2.565868,43.223265,513.274 -2.565897,43.223252,513.671 -2.565925,43.223239,513.841 -2.565952,43.223226,513.815 -2.565978,43.223216,514.009 -2.566006,43.223204,514.029 -2.566032,43.223195,514.295 -2.566059,43.223184,514.485 -2.566085,43.223175,515.071 -2.566111,43.223161,515.243 -2.566144,43.223149,515.655 -2.566177,43.223138,516.268 -2.566206,43.223126,516.610 -2.566232,43.223113,516.893 -2.566260,43.223102,517.094 -2.566284,43.223090,517.457 -2.566301,43.223080,517.622 -2.566327,43.223063,518.009 -2.566342,43.223060,518.221 -2.566338,43.223059,518.417 -2.566332,43.223064,518.647 -2.566341,43.223058,518.423 -2.566353,43.223056,518.475 -2.566358,43.223053,518.247 -2.566355,43.223052,518.230 -2.566354,43.223052,518.042 -2.566354,43.223052,517.815 -2.566354,43.223052,517.816 -2.566353,43.223052,517.676 -2.566344,43.223052,517.813 -2.566339,43.223049,517.809 -2.566337,43.223047,517.833 -2.566337,43.223046,518.089 -2.566337,43.223046,518.089 -2.566337,43.223046,517.885 -2.566345,43.223030,517.867 -2.566373,43.223014,517.899 -2.566392,43.222997,517.822 -2.566417,43.222985,517.884 -2.566442,43.222975,518.097 -2.566456,43.222965,518.268 -2.566467,43.222945,518.642 -2.566484,43.222927,519.026 -2.566496,43.222907,519.209 -2.566518,43.222890,519.638 -2.566543,43.222872,520.044 -2.566574,43.222856,520.214 -2.566603,43.222843,520.470 -2.566636,43.222833,521.062 -2.566669,43.222824,521.294 -2.566700,43.222819,521.647 -2.566732,43.222819,521.819 -2.566760,43.222802,522.232 -2.566784,43.222792,522.454 -2.566813,43.222783,522.856 -2.566845,43.222775,523.211 -2.566874,43.222764,523.409 -2.566900,43.222754,523.857 -2.566921,43.222744,524.053 -2.566949,43.222730,524.493 -2.566977,43.222719,524.429 -2.567003,43.222706,524.861 -2.567026,43.222693,525.013 -2.567049,43.222679,525.476 -2.567071,43.222665,525.668 -2.567090,43.222650,526.041 -2.567114,43.222632,526.459 -2.567139,43.222618,526.603 -2.567160,43.222606,527.023 -2.567187,43.222592,527.409 -2.567211,43.222578,527.867 -2.567241,43.222563,528.263 -2.567274,43.222552,528.643 -2.567312,43.222547,529.039 -2.567347,43.222546,529.261 -2.567378,43.222545,529.413 -2.567414,43.222543,529.636 -2.567455,43.222538,529.818 -2.567501,43.222539,529.871 -2.567548,43.222535,529.837 -2.567588,43.222532,529.849 -2.567626,43.222531,529.813 -2.567667,43.222528,529.609 -2.567708,43.222526,529.645 -2.567747,43.222528,529.861 -2.567787,43.222531,530.031 -2.567824,43.222538,530.227 -2.567856,43.222537,530.439 -2.567882,43.222535,531.261 -2.567911,43.222535,531.884 -2.567939,43.222536,532.476 -2.567967,43.222538,532.819 -2.568001,43.222540,533.032 -2.568033,43.222540,533.292 -2.568066,43.222539,533.611 -2.568094,43.222539,533.809 -2.568123,43.222540,534.215 -2.568146,43.222540,534.661 -2.568183,43.222537,535.021 -2.568220,43.222538,535.487 -2.568257,43.222542,535.679 -2.568293,43.222554,536.041 -2.568322,43.222572,536.024 -2.568335,43.222599,536.076 -2.568342,43.222627,536.279 -2.568339,43.222653,536.666 -2.568336,43.222682,536.829 -2.568330,43.222707,537.221 -2.568320,43.222731,537.609 -2.568307,43.222753,537.818 -2.568295,43.222772,538.024 -2.568300,43.222781,538.494 -2.568311,43.222778,538.630 -2.568310,43.222781,538.652 -2.568289,43.222785,538.624 -2.568283,43.222786,538.847 -2.568293,43.222790,538.879 -2.568298,43.222788,538.852 -2.568294,43.222793,538.623 -2.568288,43.222783,538.683 -2.568280,43.222785,538.611 -2.568278,43.222795,538.409 -2.568283,43.222807,538.264 -2.568278,43.222814,538.050 -2.568281,43.222802,538.260 -2.568278,43.222799,538.256 -2.568279,43.222792,538.248 -2.568273,43.222789,538.420 -2.568268,43.222785,538.273 -2.568269,43.222782,538.035 -2.568268,43.222780,537.848 -2.568273,43.222779,537.821 -2.568276,43.222780,537.641 -2.568276,43.222780,537.605 -2.568276,43.222780,537.609 -2.568276,43.222780,537.694 -2.568276,43.222780,537.670 -2.568276,43.222780,537.620 -2.568276,43.222780,537.666 -2.568276,43.222780,537.678 -2.568278,43.222781,537.620 -2.568287,43.222797,537.633 -2.568287,43.222805,537.425 -2.568290,43.222819,537.468 -2.568294,43.222827,537.279 -2.568293,43.222828,537.205 -2.568293,43.222828,537.225 -2.568293,43.222829,537.209 -2.568284,43.222852,537.059 -2.568267,43.222881,537.225 -2.568252,43.222911,537.285 -2.568239,43.222939,537.411 -2.568229,43.222965,537.453 -2.568216,43.222990,537.875 -2.568203,43.223018,538.058 -2.568199,43.223046,538.460 -2.568201,43.223073,538.893 -2.568210,43.223099,539.078 -2.568220,43.223126,539.433 -2.568225,43.223147,539.826 -2.568246,43.223165,539.809 -2.568269,43.223189,540.059 -2.568287,43.223215,540.215 -2.568305,43.223241,540.645 -2.568319,43.223266,540.861 -2.568328,43.223292,541.213 -2.568335,43.223315,541.685 -2.568345,43.223332,542.258 -2.568345,43.223352,542.620 -2.568344,43.223373,543.043 -2.568350,43.223396,543.466 -2.568351,43.223418,543.829 -2.568351,43.223440,544.221 -2.568354,43.223465,544.609 -2.568358,43.223485,545.088 -2.568359,43.223505,545.664 -2.568362,43.223525,546.084 -2.568368,43.223541,546.440 -2.568378,43.223558,546.642 -2.568388,43.223576,546.854 -2.568394,43.223599,547.277 -2.568402,43.223619,547.469 -2.568416,43.223640,547.862 -2.568426,43.223657,548.215 -2.568438,43.223678,548.665 -2.568451,43.223696,549.011 -2.568464,43.223716,549.209 -2.568472,43.223736,549.643 -2.568482,43.223754,550.099 -2.568495,43.223777,550.099 -2.568504,43.223803,550.655 -2.568511,43.223823,550.847 -2.568516,43.223845,551.239 -2.568518,43.223866,551.482 -2.568519,43.223886,551.664 -2.568520,43.223905,552.027 -2.568524,43.223929,552.871 -2.568525,43.223952,553.241 -2.568527,43.223975,553.615 -2.568529,43.223999,553.809 -2.568529,43.224026,554.079 -2.568525,43.224054,554.465 -2.568526,43.224080,554.685 -2.568525,43.224104,554.651 -2.568527,43.224127,555.093 -2.568528,43.224152,555.055 -2.568534,43.224177,555.228 -2.568544,43.224205,555.490 -2.568557,43.224233,555.473 -2.568571,43.224259,555.632 -2.568591,43.224282,555.892 -2.568615,43.224296,556.011 -2.568641,43.224312,556.209 -2.568667,43.224329,556.445 -2.568695,43.224343,556.861 -2.568725,43.224359,557.051 -2.568752,43.224376,557.447 -2.568773,43.224395,557.689 -2.568791,43.224414,558.051 -2.568819,43.224430,558.034 -2.568852,43.224449,558.266 -2.568890,43.224464,558.299 -2.568929,43.224475,558.225 -2.568975,43.224484,558.026 -2.569027,43.224491,557.808 -2.569087,43.224496,557.209 -2.569152,43.224499,556.844 -2.569224,43.224509,556.040 -2.569301,43.224523,555.650 -2.569376,43.224538,555.246 -2.569456,43.224552,554.668 -2.569541,43.224566,554.020 -2.569626,43.224582,553.473 -2.569718,43.224597,552.485 -2.569819,43.224612,551.828 -2.569922,43.224621,551.667 -2.570029,43.224630,550.281 -2.570144,43.224644,549.419 -2.570260,43.224659,548.609 -2.570386,43.224679,545.488 -2.570517,43.224690,543.034 -2.570645,43.224691,540.024 -2.570774,43.224686,539.070 -2.570893,43.224682,537.812 -2.571003,43.224681,536.824 -2.571094,43.224696,536.447 -2.571167,43.224739,535.259 -2.571218,43.224800,535.242 -2.571234,43.224866,534.623 -2.571219,43.224934,533.883 -2.571185,43.224995,532.611 -2.571141,43.225049,532.409 -2.571100,43.225103,532.654 -2.571065,43.225156,532.870 -2.571041,43.225208,533.270 -2.571027,43.225257,533.886 -2.571016,43.225304,534.068 -2.571005,43.225348,534.460 -2.571002,43.225391,534.643 -2.571008,43.225427,535.075 -2.571010,43.225463,535.478 -2.571015,43.225496,536.097 -2.571030,43.225527,536.423 -2.571045,43.225556,536.825 -2.571063,43.225585,537.209 -2.571083,43.225610,538.071 -2.571100,43.225631,538.467 -2.571121,43.225648,538.827 -2.571139,43.225662,539.033 -2.571152,43.225678,539.225 -2.571162,43.225702,539.247 -2.571173,43.225727,539.210 -2.571193,43.225748,539.062 -2.571216,43.225771,538.835 -2.571241,43.225798,538.816 -2.571261,43.225826,538.876 -2.571281,43.225856,538.813 -2.571299,43.225884,539.009 -2.571321,43.225912,539.483 -2.571341,43.225942,539.889 -2.571353,43.225977,539.829 -2.571371,43.226013,539.635 -2.571388,43.226054,539.697 -2.571390,43.226093,539.449 -2.571394,43.226129,539.462 -2.571404,43.226163,539.664 -2.571419,43.226195,540.037 -2.571431,43.226227,540.448 -2.571440,43.226258,540.861 -2.571457,43.226286,541.017 -2.571478,43.226314,541.609 -2.571500,43.226342,542.086 -2.571521,43.226373,542.622 -2.571543,43.226400,543.062 -2.571565,43.226429,543.498 -2.571589,43.226456,544.030 -2.571619,43.226480,544.252 -2.571651,43.226500,544.425 -2.571682,43.226517,544.887 -2.571718,43.226532,545.290 -2.571751,43.226547,545.417 -2.571782,43.226560,545.887 -2.571815,43.226571,546.015 -2.571850,43.226580,546.409 -2.571888,43.226590,546.673 -2.571924,43.226595,547.059 -2.571958,43.226603,547.289 -2.571999,43.226610,547.635 -2.572039,43.226613,548.057 -2.572079,43.226620,548.269 -2.572119,43.226627,548.692 -2.572161,43.226644,549.014 -2.572202,43.226655,549.237 -2.572254,43.226665,549.271 -2.572299,43.226679,549.441 -2.572349,43.226690,549.415 -2.572398,43.226700,549.209 -2.572446,43.226712,549.279 -2.572495,43.226729,549.265 -2.572544,43.226751,548.895 -2.572591,43.226776,548.671 -2.572637,43.226804,548.263 -2.572689,43.226835,548.025 -2.572748,43.226860,547.848 -2.572810,43.226890,547.220 -2.572877,43.226914,546.873 -2.572964,43.226940,545.475 -2.573052,43.226976,544.828 -2.573129,43.227029,544.020 -2.573182,43.227092,543.209 -2.573197,43.227167,542.859 -2.573194,43.227229,543.045 -2.573194,43.227283,543.275 -2.573187,43.227327,543.461 -2.573177,43.227369,544.293 -2.573166,43.227407,544.825 -2.573157,43.227441,545.458 -2.573151,43.227471,546.230 -2.573161,43.227502,546.613 -2.573173,43.227529,547.276 -2.573187,43.227555,547.490 -2.573197,43.227582,547.819 -2.573212,43.227607,548.209 -2.573233,43.227634,548.699 -2.573251,43.227658,549.045 -2.573265,43.227683,549.445 -2.573279,43.227708,549.641 -2.573294,43.227737,549.883 -2.573310,43.227763,550.065 -2.573327,43.227792,550.238 -2.573339,43.227825,550.220 -2.573347,43.227856,550.623 -2.573341,43.227884,550.817 -2.573341,43.227915,550.887 -2.573336,43.227947,551.015 -2.573348,43.227981,551.209 -2.573353,43.228012,551.633 -2.573360,43.228048,551.839 -2.573375,43.228080,551.889 -2.573389,43.228117,551.825 -2.573396,43.228159,551.497 -2.573395,43.228203,550.879 -2.573382,43.228245,550.462 -2.573362,43.228285,550.454 -2.573337,43.228321,550.657 -2.573315,43.228354,551.288 -2.573289,43.228381,552.224 -2.573265,43.228406,553.026 -2.573246,43.228432,553.409 -2.573234,43.228463,553.630 -2.573226,43.228501,553.686 -2.573230,43.228539,553.496 -2.573238,43.228574,553.282 -2.573248,43.228610,553.294 -2.573259,43.228647,553.276 -2.573268,43.228689,553.499 -2.573274,43.228733,553.621 -2.573272,43.228775,553.864 -2.573265,43.228818,553.848 -2.573255,43.228861,554.061 -2.573244,43.228902,554.017 -2.573230,43.228940,554.009 -2.573205,43.228974,554.236 -2.573174,43.229008,554.482 -2.573149,43.229041,554.652 -2.573123,43.229075,554.648 -2.573100,43.229111,554.870 -2.573078,43.229147,555.042 -2.573065,43.229182,555.465 -2.573056,43.229215,556.017 -2.573056,43.229244,556.830 -2.573057,43.229275,557.253 -2.573062,43.229307,557.404 -2.573062,43.229339,557.614 -2.573061,43.229371,558.009 -2.573066,43.229402,558.427 -2.573078,43.229432,558.883 -2.573094,43.229462,559.253 -2.573115,43.229490,559.849 -2.573131,43.229521,560.291 -2.573147,43.229551,560.233 -2.573162,43.229580,560.246 -2.573180,43.229609,560.268 -2.573203,43.229636,560.241 -2.573226,43.229662,560.489 -2.573250,43.229688,560.806 -2.573271,43.229716,560.826 -2.573292,43.229745,560.809 -2.573316,43.229774,561.080 -2.573342,43.229802,561.086 -2.573369,43.229828,561.086 -2.573397,43.229853,561.252 -2.573424,43.229879,561.414 -2.573448,43.229905,561.696 -2.573473,43.229931,561.429 -2.573492,43.229952,561.651 -2.573508,43.229975,561.854 -2.573526,43.229999,561.865 -2.573545,43.230026,561.868 -2.573560,43.230053,561.614 -2.573574,43.230077,561.609 -2.573586,43.230101,561.228 -2.573600,43.230122,561.054 -2.573612,43.230137,560.674 -2.573627,43.230150,560.240 -2.573642,43.230168,560.022 -2.573652,43.230187,559.644 -2.573660,43.230207,559.467 -2.573667,43.230223,559.279 -2.573685,43.230234,558.872 -2.573703,43.230248,558.623 -2.573719,43.230262,558.283 -2.573731,43.230277,558.011 -2.573744,43.230298,557.809 -2.573755,43.230322,557.454 -2.573760,43.230349,557.220 -2.573776,43.230379,556.870 -2.573799,43.230410,556.616 -2.573818,43.230437,556.448 -2.573840,43.230463,556.030 -2.573864,43.230492,555.663 -2.573887,43.230522,555.225 -2.573906,43.230554,555.068 -2.573915,43.230588,554.221 -2.573910,43.230635,553.841 -2.573894,43.230685,552.205 -2.573863,43.230742,550.609 -2.573820,43.230803,549.294 -2.573767,43.230875,546.440 -2.573710,43.230957,544.240 -2.573661,43.231041,543.656 -2.573611,43.231124,541.278 -2.573559,43.231208,539.470 -2.573507,43.231291,538.283 -2.573459,43.231362,537.615 -2.573421,43.231411,537.488 -2.573389,43.231442,537.484 -2.573377,43.231462,537.807 -2.573401,43.231473,538.217 -2.573426,43.231472,538.609 -2.573433,43.231474,538.690 -2.573426,43.231475,538.486 -2.573423,43.231475,538.246 -2.573423,43.231475,538.222 -2.573423,43.231475,537.814 -2.573423,43.231475,537.856 -2.573423,43.231475,537.869 -2.573423,43.231475,537.871 -2.573423,43.231475,537.854 -2.573423,43.231475,537.829 -2.573423,43.231475,537.800 -2.573423,43.231475,537.820 -2.573423,43.231475,537.809 -2.573423,43.231475,537.834 -2.573423,43.231475,537.820 -2.573423,43.231475,537.830 -2.573423,43.231475,537.816 -2.573423,43.231475,537.878 -2.573423,43.231475,537.840 -2.573423,43.231475,537.853 -2.573423,43.231475,537.845 -2.573423,43.231475,537.818 -2.573423,43.231475,537.857 -2.573423,43.231475,537.800 -2.573427,43.231472,537.820 -2.573449,43.231465,537.809 -2.573469,43.231457,537.847 -2.573487,43.231446,537.883 -2.573474,43.231437,537.833 -2.573457,43.231445,538.069 -2.573441,43.231460,537.891 -2.573412,43.231476,537.823 -2.573371,43.231490,538.086 -2.573333,43.231508,538.018 -2.573292,43.231534,538.081 -2.573246,43.231563,538.244 -2.573202,43.231590,538.205 -2.573167,43.231617,538.015 -2.573134,43.231643,537.609 -2.573120,43.231668,537.246 -2.573120,43.231692,536.642 -2.573132,43.231706,536.442 -2.573140,43.231708,536.018 -2.573140,43.231708,535.880 -2.573140,43.231708,535.892 -2.573148,43.231710,535.635 -2.573140,43.231708,535.437 -2.573140,43.231708,535.240 -2.573140,43.231708,535.265 -2.573140,43.231708,535.068 -2.573140,43.231708,534.814 -2.573140,43.231708,534.609 -2.573140,43.231708,534.698 -2.573140,43.231708,534.494 -2.573140,43.231708,534.474 -2.573140,43.231708,534.460 -2.573140,43.231708,534.412 -2.573140,43.231708,534.434 -2.573140,43.231708,534.497 -2.573147,43.231706,534.259 -2.573145,43.231708,534.272 -2.573141,43.231695,534.299 -2.573145,43.231691,534.007 -2.573161,43.231701,534.027 -2.573157,43.231711,533.809 -2.573150,43.231710,533.891 -2.573140,43.231708,533.897 -2.573147,43.231704,533.857 -2.573147,43.231706,533.623 -2.573140,43.231708,533.865 -2.573148,43.231709,533.867 -2.573153,43.231703,533.640 -2.573149,43.231703,533.642 -2.573144,43.231700,533.485 -2.573146,43.231701,533.486 -2.573148,43.231709,533.260 -2.573144,43.231704,533.026 -2.573147,43.231703,532.809 -2.573140,43.231708,532.640 -2.573140,43.231708,532.636 -2.573140,43.231708,532.656 -2.573140,43.231708,532.612 -2.573140,43.231708,532.624 -2.573140,43.231708,532.666 -2.573151,43.231700,532.699 -2.573152,43.231700,532.671 -2.573158,43.231707,532.834 -2.573157,43.231717,532.615 -2.573146,43.231726,532.665 -2.573135,43.231724,532.411 -2.573145,43.231713,532.209 -2.573153,43.231709,532.243 -2.573152,43.231711,532.289 -2.573146,43.231710,532.469 -2.573140,43.231708,532.655 -2.573140,43.231708,532.857 -2.573140,43.231708,532.879 -2.573140,43.231708,532.812 -2.573140,43.231708,532.894 -2.573140,43.231708,532.657 -2.573140,43.231708,532.498 -2.573144,43.231712,532.415 -2.573151,43.231711,532.226 -2.573154,43.231705,532.009 -2.573157,43.231699,532.041 -2.573155,43.231688,531.877 -2.573156,43.231690,531.647 -2.573157,43.231689,531.683 -2.573157,43.231689,531.455 -2.573157,43.231689,531.277 -2.573157,43.231689,531.250 -2.573157,43.231689,531.262 -2.573157,43.231689,531.255 -2.573157,43.231689,531.258 -2.573157,43.231689,531.252 -2.573157,43.231689,531.217 -2.573157,43.231689,531.009 -2.573157,43.231689,531.097 -2.573157,43.231689,531.053 -2.573157,43.231689,531.083 -2.573158,43.231689,531.299 -2.573157,43.231692,531.251 -2.573164,43.231693,531.243 -2.573168,43.231696,531.496 -2.573170,43.231692,531.448 -2.573181,43.231692,531.211 -2.573204,43.231693,531.029 -2.573240,43.231689,530.800 -2.573288,43.231690,530.220 -2.573338,43.231703,529.609 -2.573388,43.231714,529.214 -2.573437,43.231721,528.610 -2.573484,43.231727,528.050 -2.573536,43.231729,527.616 -2.573595,43.231733,527.218 -2.573665,43.231737,526.470 -2.573742,43.231746,525.443 -2.573826,43.231756,524.885 -2.573911,43.231767,523.898 -2.573997,43.231778,522.678 -2.574086,43.231789,521.833 -2.574180,43.231798,521.826 -2.574271,43.231804,522.009 -2.574361,43.231804,521.839 -2.574449,43.231802,521.625 -2.574536,43.231799,521.695 -2.574619,43.231800,522.031 -2.574704,43.231801,522.093 -2.574785,43.231808,521.855 -2.574871,43.231815,521.448 -2.574956,43.231825,520.620 -2.575034,43.231840,520.293 -2.575117,43.231851,519.478 -2.575171,43.231873,518.633 -2.575196,43.231909,519.426 -2.575213,43.231940,520.409 -2.575219,43.231958,521.069 -2.575208,43.231961,521.465 -2.575205,43.231957,521.855 -2.575205,43.231957,521.851 -2.575206,43.231955,521.853 -2.575206,43.231955,521.865 -2.575206,43.231955,521.688 -2.575206,43.231955,521.610 -2.575213,43.231967,521.623 -2.575223,43.231987,521.633 -2.575230,43.232011,521.623 -2.575232,43.232029,521.615 -2.575225,43.232030,521.609 -2.575216,43.232027,521.675 -2.575216,43.232027,521.641 -2.575216,43.232027,521.641 -2.575216,43.232027,521.677 -2.575216,43.232027,521.649 -2.575216,43.232027,521.421 -2.575216,43.232027,521.484 -2.575216,43.232027,521.286 -2.575216,43.232027,521.279 -2.575216,43.232027,521.043 -2.575216,43.232027,520.864 -2.575216,43.232027,520.610 -2.575216,43.232027,520.409 -2.575216,43.232027,520.466 -2.575216,43.232027,520.452 -2.575216,43.232027,520.432 -2.575216,43.232027,520.448 -2.575216,43.232027,520.410 -2.575216,43.232027,520.492 -2.575216,43.232027,520.475 -2.575216,43.232027,520.427 -2.575216,43.232027,520.480 -2.575216,43.232027,520.483 -2.575216,43.232027,520.425 -2.575216,43.232027,520.417 -2.575216,43.232027,520.409 -2.575218,43.232030,520.480 -2.575214,43.232050,520.626 -2.575199,43.232066,520.426 -2.575175,43.232074,520.292 -2.575140,43.232080,519.884 -2.575103,43.232085,519.236 -2.575084,43.232112,519.079 -2.575051,43.232142,517.851 -2.575022,43.232172,517.214 -2.574999,43.232207,515.878 -2.574973,43.232253,514.233 -2.574955,43.232298,513.426 -2.574952,43.232334,512.409 -2.574960,43.232359,512.649 -2.574965,43.232375,512.655 -2.574966,43.232368,512.665 -2.574966,43.232368,512.671 -2.574958,43.232371,512.643 -2.574954,43.232376,512.475 -2.574944,43.232386,512.468 -2.574940,43.232395,512.490 -2.574936,43.232393,512.263 -2.574931,43.232394,512.264 -2.574931,43.232394,512.006 -2.574931,43.232394,512.016 -2.574931,43.232394,512.009 -2.574931,43.232394,511.848 -2.574931,43.232394,511.854 -2.574931,43.232394,511.884 -2.574931,43.232394,511.820 -2.574931,43.232394,511.842 -2.574931,43.232394,511.874 -2.574931,43.232394,511.827 -2.574931,43.232394,512.039 -2.574931,43.232394,512.052 -2.574931,43.232394,512.016 -2.574931,43.232394,512.076 -2.574931,43.232394,511.813 -2.574931,43.232394,511.809 -2.574931,43.232394,511.633 -2.574931,43.232394,511.629 -2.574931,43.232394,511.669 -2.574931,43.232394,511.675 -2.574931,43.232394,511.627 -2.574931,43.232394,511.619 -2.574931,43.232394,511.412 -2.574931,43.232394,511.434 -2.574929,43.232390,511.287 -2.574931,43.232394,511.038 -2.574931,43.232394,511.070 -2.574931,43.232394,511.017 -2.574931,43.232394,511.009 -2.574930,43.232386,511.025 -2.574934,43.232392,510.871 -2.574936,43.232390,510.691 -2.574932,43.232390,510.477 -2.574931,43.232392,510.249 -2.574940,43.232393,510.291 -2.574940,43.232390,510.064 -2.574947,43.232390,509.836 -2.574948,43.232394,509.879 -2.574947,43.232395,509.622 -2.574931,43.232394,509.662 -2.574931,43.232394,509.608 -2.574931,43.232394,509.609 -2.574931,43.232394,509.444 -2.574931,43.232394,509.430 -2.574931,43.232394,509.460 -2.574931,43.232394,509.496 -2.574931,43.232394,509.428 -2.574945,43.232397,509.440 -2.574944,43.232400,509.473 -2.574947,43.232396,509.485 -2.574946,43.232394,509.418 -2.574939,43.232396,509.444 -2.574932,43.232387,509.405 -2.574948,43.232367,509.615 -2.574957,43.232362,509.609 -2.574973,43.232359,509.646 -2.574961,43.232364,509.682 -2.574957,43.232370,509.422 -2.574941,43.232377,509.298 -2.574933,43.232379,509.220 -2.574938,43.232382,509.042 -2.574934,43.232387,509.085 -2.574931,43.232385,509.087 -2.574931,43.232394,509.010 -2.574932,43.232384,509.027 -2.574930,43.232389,508.868 -2.574928,43.232387,508.814 -2.574928,43.232387,508.809 -2.574930,43.232388,508.834 -2.574931,43.232389,508.860 -2.574931,43.232394,508.890 -2.574931,43.232394,508.846 -2.574931,43.232394,508.888 -2.574931,43.232394,508.840 -2.574931,43.232384,508.873 -2.574933,43.232384,508.835 -2.574936,43.232392,508.838 -2.574931,43.232394,508.677 -2.574929,43.232392,508.461 -2.574929,43.232391,508.227 -2.574929,43.232390,508.209 -2.574931,43.232394,508.299 -2.574931,43.232394,508.215 -2.574931,43.232394,508.295 -2.574931,43.232394,508.451 -2.574931,43.232394,508.643 -2.574928,43.232388,508.635 -2.574933,43.232389,508.838 -2.574931,43.232394,509.020 -2.574931,43.232394,509.213 -2.574934,43.232386,509.625 -2.574931,43.232394,509.826 -2.574928,43.232396,509.808 -2.574935,43.232397,509.809 -2.574951,43.232402,509.674 -2.574962,43.232401,509.430 -2.574962,43.232406,509.040 -2.574979,43.232424,508.656 -2.574996,43.232445,508.438 -2.575022,43.232468,508.280 -2.575049,43.232494,508.023 -2.575086,43.232519,507.675 -2.575127,43.232523,507.448 -2.575159,43.232512,507.415 -2.575198,43.232508,507.465 -2.575230,43.232507,507.411 -2.575260,43.232502,507.609 -2.575297,43.232495,507.653 -2.575333,43.232494,507.699 -2.575374,43.232493,507.659 -2.575410,43.232490,507.845 -2.575452,43.232486,507.837 -2.575492,43.232479,508.029 -2.575541,43.232476,507.872 -2.575597,43.232478,507.644 -2.575658,43.232477,507.077 -2.575722,43.232472,506.693 -2.575795,43.232467,506.465 -2.575869,43.232463,506.221 -2.575939,43.232450,506.209 -2.576005,43.232439,506.471 -2.576076,43.232429,506.277 -2.576142,43.232416,506.077 -2.576205,43.232400,505.683 -2.576268,43.232374,505.215 -2.576327,43.232347,505.027 -2.576390,43.232307,504.260 -2.576449,43.232264,503.642 -2.576502,43.232221,503.485 -2.576549,43.232179,503.037 -2.576595,43.232143,502.849 -2.576652,43.232118,502.613 -2.576703,43.232102,502.409 -2.576748,43.232082,502.215 -2.576782,43.232062,502.031 -2.576813,43.232042,501.851 -2.576843,43.232022,501.627 -2.576871,43.232004,501.859 -2.576903,43.231989,502.041 -2.576934,43.231977,502.444 -2.576960,43.231970,502.866 -2.576991,43.231968,503.249 -2.577014,43.231970,503.641 -2.577009,43.231961,503.681 -2.577010,43.231955,503.809 -2.577027,43.231960,504.009 -2.577047,43.231965,504.046 -2.577050,43.231964,503.862 -2.577052,43.231964,503.892 -2.577054,43.231965,503.648 -2.577057,43.231966,503.440 -2.577058,43.231967,503.472 -2.577058,43.231967,503.455 -2.577058,43.231967,503.477 -2.577058,43.231967,503.440 -2.577058,43.231967,503.644 -2.577058,43.231967,503.605 -2.577057,43.231967,503.615 -2.577057,43.231964,503.609 -2.577054,43.231966,503.866 -2.577053,43.231965,504.092 -2.577051,43.231957,504.072 -2.577052,43.231959,504.048 -2.577051,43.231963,503.840 -2.577049,43.231960,503.672 -2.577049,43.231962,503.225 -2.577058,43.231967,503.067 -2.577058,43.231967,502.880 -2.577058,43.231967,502.892 -2.577058,43.231967,502.873 -2.577058,43.231967,503.020 -2.577058,43.231967,503.009 -2.577058,43.231967,503.041 -2.577058,43.231967,503.227 -2.577058,43.231967,503.267 -2.577058,43.231967,503.253 -2.577058,43.231967,503.215 -2.577058,43.231967,503.447 -2.577077,43.231969,503.460 -2.577077,43.231969,503.432 -2.577078,43.231969,503.635 -2.577107,43.231976,503.466 -2.577123,43.231987,503.429 -2.577133,43.232004,503.421 -2.577134,43.232026,503.409 -2.577133,43.232044,503.488 -2.577123,43.232065,503.414 -2.577105,43.232086,503.454 -2.577091,43.232103,503.670 -2.577076,43.232120,503.872 -2.577066,43.232133,504.234 -2.577046,43.232154,504.637 -2.577036,43.232168,504.879 -2.577028,43.232183,505.072 -2.577018,43.232201,505.225 -2.577009,43.232216,505.226 -2.577001,43.232227,505.208 -2.576993,43.232233,505.009 -2.576977,43.232245,505.084 -2.576967,43.232259,505.010 -2.576958,43.232277,505.080 -2.576948,43.232296,505.286 -2.576938,43.232317,505.438 -2.576930,43.232336,505.870 -2.576921,43.232354,506.083 -2.576910,43.232369,506.255 -2.576899,43.232382,506.418 -2.576893,43.232395,506.633 -2.576892,43.232397,506.823 -2.576889,43.232402,507.015 -2.576891,43.232401,507.009 -2.576892,43.232401,507.245 -2.576892,43.232401,507.211 -2.576892,43.232405,507.061 -2.576896,43.232413,507.217 -2.576905,43.232423,507.029 -2.576914,43.232436,507.061 -2.576925,43.232448,507.054 -2.576936,43.232467,507.016 -2.576943,43.232488,507.019 -2.576944,43.232508,507.217 -2.576953,43.232525,507.287 -2.576960,43.232541,507.415 -2.576970,43.232561,507.409 -2.576977,43.232578,507.433 -2.576981,43.232591,507.499 -2.576991,43.232607,507.469 -2.577006,43.232624,507.415 -2.577016,43.232634,507.497 -2.577020,43.232637,507.489 -2.577024,43.232638,507.612 -2.577025,43.232638,507.814 -2.577019,43.232642,507.827 -2.577015,43.232646,507.824 -2.577017,43.232655,507.804 -2.577019,43.232665,507.814 -2.577012,43.232681,507.809 -2.577016,43.232699,507.814 -2.577026,43.232718,507.820 -2.577038,43.232730,507.880 -2.577046,43.232752,507.886 -2.577051,43.232772,507.818 -2.577061,43.232791,507.890 -2.577074,43.232810,508.283 -2.577079,43.232832,508.425 -2.577086,43.232854,508.678 -2.577092,43.232873,508.874 -2.577097,43.232890,509.056 -2.577100,43.232907,509.421 -2.577108,43.232922,509.609 -2.577115,43.232938,509.879 -2.577124,43.232960,510.245 -2.577132,43.232976,510.625 -2.577138,43.232989,510.841 -2.577148,43.233005,511.223 -2.577160,43.233013,511.685 -2.577179,43.233024,512.238 -2.577198,43.233037,512.620 -2.577213,43.233041,512.813 -2.577236,43.233041,513.285 -2.577261,43.233043,513.489 -2.577287,43.233048,513.417 -2.577317,43.233051,513.209 -2.577355,43.233053,513.070 -2.577406,43.233054,512.696 -2.577461,43.233052,512.216 -2.577515,43.233048,511.472 -2.577568,43.233036,510.814 -2.577615,43.233030,510.456 -2.577637,43.233040,510.289 -2.577639,43.233035,510.221 -2.577641,43.233028,510.254 -2.577640,43.233025,510.055 -2.577640,43.233025,509.807 -2.577664,43.233019,509.817 -2.577695,43.233013,509.409 -2.577729,43.233005,509.287 -2.577761,43.232992,509.043 -2.577800,43.232986,508.893 -2.577828,43.232990,508.489 -2.577858,43.232983,508.051 -2.577888,43.232982,508.013 -2.577915,43.232980,507.876 -2.577936,43.232983,507.688 -2.577955,43.232983,507.671 -2.577963,43.232982,507.626 -2.577974,43.232982,507.647 -2.577975,43.232983,507.611 -2.577984,43.232987,507.809 -2.577994,43.232988,507.684 -2.578002,43.232992,507.630 -2.578012,43.233003,507.480 -2.578021,43.233010,507.446 -2.578034,43.233020,507.648 -2.578044,43.233031,507.660 -2.578049,43.233037,507.863 -2.578060,43.233048,507.825 -2.578067,43.233057,508.048 -2.578073,43.233064,508.017 -2.578081,43.233070,508.287 -2.578085,43.233075,508.215 -2.578088,43.233073,508.409 -2.578088,43.233073,508.493 -2.578088,43.233073,508.639 -2.578088,43.233073,508.629 -2.578088,43.233073,508.655 -2.578096,43.233087,508.657 -2.578107,43.233101,508.689 -2.578118,43.233120,508.692 -2.578128,43.233141,508.654 -2.578139,43.233159,508.837 -2.578150,43.233176,508.814 -2.578157,43.233202,508.854 -2.578162,43.233220,508.609 -2.578171,43.233237,508.809 -2.578183,43.233255,509.093 -2.578190,43.233269,509.289 -2.578194,43.233273,509.469 -2.578194,43.233276,509.615 -2.578193,43.233276,509.677 -2.578184,43.233283,509.669 -2.578185,43.233289,509.662 -2.578192,43.233302,509.684 -2.578199,43.233315,509.897 -2.578204,43.233323,509.816 -2.578205,43.233334,510.076 -2.578211,43.233339,510.013 -2.578216,43.233346,510.209 -2.578224,43.233355,510.213 -2.578231,43.233362,510.269 -2.578227,43.233360,510.219 -2.578227,43.233360,510.275 -2.578227,43.233360,510.287 -2.578227,43.233360,510.269 -2.578235,43.233372,510.292 -2.578238,43.233385,510.254 -2.578245,43.233400,510.287 -2.578257,43.233410,510.238 -2.578260,43.233430,510.270 -2.578260,43.233446,510.417 -2.578271,43.233461,510.609 -2.578287,43.233471,511.095 -2.578290,43.233482,511.291 -2.578282,43.233483,511.651 -2.578283,43.233486,511.847 -2.578286,43.233491,512.019 -2.578288,43.233491,512.081 -2.578288,43.233491,512.014 -2.578288,43.233491,512.076 -2.578290,43.233504,512.049 -2.578292,43.233519,512.038 -2.578296,43.233534,512.070 -2.578304,43.233548,511.817 -2.578305,43.233560,511.809 -2.578307,43.233563,511.865 -2.578310,43.233565,511.821 -2.578310,43.233565,511.831 -2.578310,43.233565,511.867 -2.578310,43.233565,511.869 -2.578310,43.233565,511.881 -2.578310,43.233565,511.894 -2.578310,43.233565,511.866 -2.578316,43.233566,511.689 -2.578326,43.233568,511.449 -2.578343,43.233574,511.202 -2.578355,43.233590,511.022 -2.578363,43.233608,510.809 -2.578370,43.233626,510.636 -2.578370,43.233643,510.472 -2.578378,43.233657,510.022 -2.578382,43.233659,510.058 -2.578386,43.233659,509.860 -2.578386,43.233659,509.822 -2.578386,43.233659,510.055 -2.578386,43.233660,510.087 -2.578404,43.233673,510.090 -2.578419,43.233687,509.869 -2.578428,43.233693,509.604 -2.578430,43.233697,509.624 -2.578434,43.233698,509.609 -2.578445,43.233697,509.698 -2.578452,43.233701,509.684 -2.578455,43.233709,509.624 -2.578465,43.233711,509.620 -2.578474,43.233719,509.682 -2.578484,43.233725,509.414 -2.578494,43.233732,509.287 -2.578509,43.233740,509.259 -2.578521,43.233753,509.292 -2.578530,43.233765,509.021 -2.578540,43.233774,509.041 -2.578553,43.233780,508.805 -2.578565,43.233784,508.809 -2.578565,43.233788,508.674 -2.578575,43.233795,508.640 -2.578589,43.233807,508.660 -2.578608,43.233816,508.486 -2.578632,43.233826,508.418 -2.578644,43.233842,508.220 -2.578665,43.233857,508.233 -2.578685,43.233872,508.015 -2.578711,43.233884,508.078 -2.578741,43.233895,507.841 -2.578766,43.233910,507.881 -2.578790,43.233919,507.609 -2.578814,43.233926,507.409 -2.578829,43.233948,507.236 -2.578837,43.233961,507.092 -2.578853,43.233957,506.872 -2.578860,43.233962,506.888 -2.578852,43.233973,506.830 -2.578848,43.233984,506.892 -2.578848,43.233994,506.845 -2.578858,43.234003,506.897 -2.578880,43.234017,506.690 -2.578891,43.234029,506.263 -2.578903,43.234039,505.844 -2.578913,43.234047,505.618 -2.578919,43.234059,505.409 -2.578929,43.234068,505.428 -2.578938,43.234075,505.644 -2.578945,43.234093,506.034 -2.578956,43.234103,506.020 -2.578970,43.234110,506.222 -2.578986,43.234121,506.084 -2.578996,43.234130,506.067 -2.579017,43.234142,505.819 -2.579037,43.234153,505.672 -2.579054,43.234165,505.245 -2.579067,43.234179,504.847 -2.579071,43.234200,504.811 -2.579082,43.234207,504.609 -2.579094,43.234211,504.476 -2.579097,43.234214,504.482 -2.579106,43.234222,504.412 -2.579113,43.234224,504.468 -2.579119,43.234227,504.490 -2.579124,43.234229,504.252 -2.579130,43.234228,504.235 -2.579135,43.234228,504.057 -2.579144,43.234232,504.010 -2.579156,43.234241,503.839 -2.579166,43.234254,503.801 -2.579177,43.234261,503.821 -2.579190,43.234271,503.809 -2.579200,43.234280,503.885 -2.579211,43.234290,503.821 -2.579220,43.234299,503.681 -2.579225,43.234299,503.437 -2.579228,43.234304,503.429 -2.579231,43.234315,503.241 -2.579231,43.234320,503.254 -2.579229,43.234327,503.266 -2.579228,43.234335,503.259 -2.579229,43.234341,503.087 -2.579232,43.234344,503.042 -2.579227,43.234345,502.826 -2.579229,43.234348,502.809 -2.579235,43.234356,502.830 -2.579240,43.234362,502.876 -2.579246,43.234371,502.816 -2.579259,43.234379,502.852 -2.579268,43.234390,502.464 -2.579263,43.234403,502.246 -2.579255,43.234413,502.019 -2.579250,43.234425,501.861 -2.579245,43.234433,501.824 -2.579234,43.234433,501.877 -2.579231,43.234439,502.061 -2.579226,43.234444,502.027 -2.579219,43.234455,502.009 -2.579205,43.234464,502.099 -2.579190,43.234467,501.825 -2.579179,43.234466,501.695 -2.579170,43.234467,501.411 -2.579164,43.234467,501.433 -2.579152,43.234466,501.695 -2.579140,43.234465,501.828 -2.579136,43.234464,502.020 -2.579123,43.234463,502.273 -2.579106,43.234463,502.292 -2.579080,43.234467,502.273 -2.579051,43.234466,502.220 -2.579021,43.234461,502.209 -2.578998,43.234457,502.241 -2.578971,43.234453,502.417 -2.578943,43.234452,502.627 -2.578917,43.234454,502.813 -2.578890,43.234454,503.015 -2.578868,43.234456,503.047 -2.578841,43.234452,503.230 -2.578824,43.234444,503.062 -2.578809,43.234440,503.065 -2.578786,43.234438,502.823 -2.578772,43.234433,502.683 -2.578763,43.234431,502.611 -2.578758,43.234431,502.609 -2.578758,43.234431,502.664 -2.578759,43.234429,502.680 -2.578759,43.234429,502.440 -2.578759,43.234429,502.436 -2.578759,43.234429,502.418 -2.578759,43.234429,502.420 -2.578755,43.234429,502.213 -2.578749,43.234433,502.065 -2.578759,43.234429,502.048 -2.578759,43.234429,501.868 -2.578759,43.234429,501.842 -2.578759,43.234429,501.826 -2.578747,43.234434,501.809 -2.578742,43.234436,501.868 -2.578742,43.234433,501.654 -2.578744,43.234437,501.614 -2.578743,43.234438,501.470 -2.578735,43.234440,501.452 -2.578739,43.234439,501.484 -2.578735,43.234442,501.257 -2.578742,43.234446,501.239 -2.578744,43.234443,501.232 -2.578745,43.234443,501.256 -2.578743,43.234445,501.059 -2.578733,43.234441,500.814 -2.578739,43.234440,500.809 -2.578737,43.234440,500.637 -2.578736,43.234441,500.473 -2.578741,43.234438,500.413 -2.578744,43.234437,500.259 -2.578744,43.234437,500.231 -2.578744,43.234437,500.093 -2.578744,43.234437,500.086 -2.578744,43.234437,500.258 -2.578744,43.234437,500.271 -2.578744,43.234436,500.266 -2.578749,43.234430,500.229 -2.578752,43.234428,500.021 -2.578750,43.234426,500.009 -2.578756,43.234423,500.048 -2.578771,43.234423,500.054 -2.578771,43.234414,500.024 -2.578764,43.234413,500.050 -2.578755,43.234421,500.042 -2.578753,43.234421,499.854 -2.578750,43.234424,499.617 -2.578744,43.234422,499.419 -2.578742,43.234426,499.432 -2.578740,43.234431,499.448 -2.578740,43.234431,499.661 -2.578738,43.234432,499.617 -2.578746,43.234433,499.609 -2.578752,43.234435,499.616 -2.578744,43.234437,499.632 -2.578744,43.234437,499.652 -2.578744,43.234437,499.698 -2.578744,43.234437,499.630 -2.578744,43.234437,499.862 -2.578744,43.234437,499.895 -2.578752,43.234435,499.637 -2.578749,43.234440,499.620 -2.578746,43.234442,499.644 -2.578745,43.234441,499.405 -2.578743,43.234439,499.215 -2.578745,43.234436,499.209 -2.578746,43.234431,499.276 -2.578752,43.234424,499.072 -2.578760,43.234421,499.022 -2.578764,43.234418,499.248 -2.578769,43.234417,499.230 -2.578770,43.234416,499.212 -2.578770,43.234415,499.245 -2.578770,43.234415,499.267 -2.578770,43.234415,499.430 -2.578770,43.234415,499.438 -2.578770,43.234415,499.470 -2.578770,43.234415,499.417 -2.578771,43.234415,499.209 -2.578765,43.234412,499.295 -2.578754,43.234413,499.281 -2.578748,43.234410,499.421 -2.578747,43.234411,499.427 -2.578747,43.234411,499.699 -2.578747,43.234411,499.691 -2.578747,43.234411,499.664 -2.578747,43.234411,499.896 -2.578747,43.234411,500.029 -2.578757,43.234408,500.045 -2.578752,43.234404,500.247 -2.578757,43.234404,500.411 -2.578747,43.234411,500.409 -2.578747,43.234411,500.466 -2.578747,43.234411,500.422 -2.578747,43.234411,500.492 -2.578747,43.234411,500.478 -2.578747,43.234411,500.430 -2.578747,43.234411,500.482 -2.578747,43.234411,500.265 -2.578747,43.234411,500.297 -2.578759,43.234407,500.050 -2.578757,43.234412,499.639 -2.578745,43.234419,499.401 -2.578740,43.234417,499.421 -2.578730,43.234416,499.209 -2.578717,43.234421,499.235 -2.578715,43.234422,499.211 -2.578715,43.234422,499.481 -2.578715,43.234422,499.477 -2.578687,43.234418,499.499 -2.578657,43.234411,499.251 -2.578628,43.234410,499.284 -2.578596,43.234403,499.036 -2.578566,43.234395,498.889 -2.578540,43.234391,498.852 -2.578515,43.234387,499.053 -2.578491,43.234384,499.008 -2.578469,43.234385,499.209 -2.578440,43.234385,499.647 -2.578412,43.234382,499.843 -2.578382,43.234376,499.873 -2.578354,43.234369,499.869 -2.578337,43.234368,500.051 -2.578315,43.234371,500.033 -2.578291,43.234374,500.076 -2.578267,43.234377,500.058 -2.578237,43.234378,500.211 -2.578205,43.234377,500.289 -2.578177,43.234373,500.406 -2.578143,43.234366,500.426 -2.578111,43.234365,500.409 -2.578081,43.234363,500.410 -2.578051,43.234364,500.476 -2.578023,43.234366,500.626 -2.577993,43.234366,500.842 -2.577963,43.234365,501.254 -2.577929,43.234366,501.846 -2.577890,43.234367,502.449 -2.577856,43.234371,502.871 -2.577828,43.234379,503.034 -2.577795,43.234383,503.016 -2.577763,43.234386,503.076 -2.577724,43.234392,502.813 -2.577693,43.234395,502.609 -2.577664,43.234398,502.673 -2.577632,43.234401,502.829 -2.577607,43.234405,503.079 -2.577582,43.234409,503.475 -2.577559,43.234416,504.057 -2.577533,43.234425,504.299 -2.577503,43.234428,504.452 -2.577477,43.234432,504.424 -2.577447,43.234437,504.647 -2.577420,43.234447,504.852 -2.577397,43.234460,505.253 -2.577370,43.234469,505.608 -2.577347,43.234476,505.809 -2.577326,43.234486,506.097 -2.577304,43.234501,506.243 -2.577278,43.234508,506.223 -2.577250,43.234514,506.439 -2.577229,43.234521,506.691 -2.577208,43.234528,506.813 -2.577178,43.234536,507.286 -2.577152,43.234545,507.498 -2.577128,43.234554,507.821 -2.577102,43.234562,508.093 -2.577080,43.234569,508.065 -2.577057,43.234581,508.221 -2.577037,43.234593,508.209 -2.577017,43.234608,508.431 -2.577000,43.234619,508.477 -2.576981,43.234635,508.627 -2.576961,43.234650,509.053 -2.576943,43.234665,509.445 -2.576931,43.234679,510.017 -2.576911,43.234689,510.480 -2.576891,43.234697,510.822 -2.576871,43.234708,511.265 -2.576858,43.234723,511.473 -2.576842,43.234740,511.885 -2.576825,43.234754,512.213 -2.576808,43.234763,512.409 -2.576784,43.234772,512.659 -2.576764,43.234781,512.875 -2.576753,43.234796,512.885 -2.576744,43.234814,513.021 -2.576736,43.234829,513.413 -2.576720,43.234842,513.685 -2.576705,43.234855,513.898 -2.576701,43.234875,514.070 -2.576696,43.234893,514.243 -2.576694,43.234911,514.293 -2.576689,43.234929,514.265 -2.576687,43.234944,514.421 -2.576680,43.234962,514.609 -2.576680,43.234979,514.841 -2.576675,43.234997,515.257 -2.576670,43.235015,515.617 -2.576664,43.235032,516.013 -2.576658,43.235049,516.265 -2.576651,43.235067,516.677 -2.576645,43.235080,516.850 -2.576643,43.235096,517.262 -2.576645,43.235111,517.475 -2.576637,43.235130,517.696 -2.576628,43.235144,517.831 -2.576622,43.235156,518.024 -2.576619,43.235168,518.009 -2.576621,43.235182,518.211 -2.576614,43.235200,518.437 -2.576609,43.235218,518.637 -2.576603,43.235243,518.683 -2.576602,43.235275,518.225 -2.576599,43.235319,517.617 -2.576595,43.235362,517.080 -2.576607,43.235401,516.472 -2.576624,43.235441,515.835 -2.576651,43.235481,515.483 -2.576695,43.235511,514.625 -2.576751,43.235547,514.217 -2.576817,43.235584,514.209 -2.576875,43.235629,513.620 -2.576930,43.235665,513.276 -2.576984,43.235706,513.046 -2.577031,43.235747,512.692 -2.577080,43.235787,512.694 -2.577108,43.235831,512.676 -2.577132,43.235874,512.279 -2.577154,43.235916,512.011 -2.577162,43.235952,511.824 -2.577163,43.235974,511.866 -2.577171,43.235990,512.229 -2.577177,43.236010,512.621 -2.577183,43.236027,513.009 -2.577192,43.236043,513.648 -2.577197,43.236061,514.094 -2.577204,43.236078,514.414 -2.577208,43.236093,514.670 -2.577214,43.236108,514.652 -2.577213,43.236126,514.894 -2.577208,43.236140,515.047 -2.577211,43.236156,515.259 -2.577219,43.236174,515.232 -2.577237,43.236190,515.484 -2.577240,43.236209,515.607 -2.577248,43.236221,515.817 -2.577260,43.236232,515.809 -2.577268,43.236249,515.820 -2.577278,43.236264,516.026 -2.577287,43.236282,515.856 -2.577302,43.236302,515.812 -2.577321,43.236327,515.884 -2.577337,43.236347,515.856 -2.577346,43.236364,516.069 -2.577355,43.236385,516.061 -2.577359,43.236407,516.044 -2.577348,43.236428,515.898 -2.577321,43.236444,515.615 -2.577295,43.236456,515.226 -2.577261,43.236470,514.809 -2.577232,43.236475,514.271 -2.577216,43.236485,514.057 -2.577210,43.236481,513.687 -2.577207,43.236485,513.413 -2.577206,43.236485,513.455 -2.577206,43.236485,513.297 -2.577206,43.236485,513.290 -2.577206,43.236485,513.412 -2.577176,43.236482,513.425 -2.577152,43.236483,513.665 -2.577131,43.236485,513.668 -2.577109,43.236492,513.414 -2.577084,43.236495,513.409 -2.577059,43.236492,513.268 -2.577028,43.236488,512.834 -2.576999,43.236484,512.654 -2.576968,43.236487,512.670 -2.576931,43.236485,512.672 -2.576896,43.236479,512.614 -2.576857,43.236479,512.627 -2.576809,43.236480,512.689 -2.576763,43.236479,512.412 -2.576725,43.236476,512.215 -2.576686,43.236480,512.265 -2.576654,43.236478,511.811 -2.576636,43.236480,511.809 -2.576627,43.236481,511.883 -2.576629,43.236476,511.639 -2.576630,43.236476,511.699 -2.576630,43.236476,511.685 -2.576630,43.236476,511.467 -2.576631,43.236476,511.419 -2.576644,43.236475,511.482 -2.576654,43.236473,511.454 -2.576656,43.236467,511.417 -2.576669,43.236464,511.429 -2.576689,43.236459,511.400 -2.576720,43.236456,511.220 -2.576746,43.236458,511.209 -2.576776,43.236459,511.234 -2.576807,43.236459,511.460 -2.576839,43.236460,511.620 -2.576871,43.236457,512.076 -2.576904,43.236462,512.248 -2.576938,43.236460,512.490 -2.576974,43.236459,512.863 -2.577008,43.236463,513.215 -2.577047,43.236470,513.438 -2.577082,43.236473,513.471 -2.577111,43.236472,513.441 -2.577137,43.236470,513.215 -2.577163,43.236468,513.209 -2.577191,43.236466,513.279 -2.577220,43.236460,513.225 -2.577250,43.236455,513.295 -2.577276,43.236447,513.441 -2.577291,43.236440,513.453 -2.577313,43.236427,513.495 -2.577342,43.236421,513.498 -2.577368,43.236425,513.490 -2.577392,43.236431,513.873 -2.577417,43.236444,514.248 -2.577428,43.236464,514.861 -2.577434,43.236482,515.417 -2.577433,43.236494,515.809 -2.577434,43.236499,516.286 -2.577435,43.236495,516.272 -2.577435,43.236495,516.452 -2.577435,43.236495,516.458 -2.577435,43.236495,516.610 -2.577434,43.236495,516.412 -2.577423,43.236499,516.215 -2.577411,43.236504,516.277 -2.577400,43.236506,516.010 -2.577385,43.236510,515.852 -2.577374,43.236515,515.653 -2.577376,43.236523,515.408 -2.577359,43.236514,515.209 -2.577360,43.236511,515.017 -2.577356,43.236508,514.873 -2.577362,43.236512,514.833 -2.577377,43.236508,514.839 -2.577388,43.236504,514.691 -2.577383,43.236500,514.493 -2.577384,43.236498,514.276 -2.577373,43.236495,514.028 -2.577370,43.236498,513.681 -2.577370,43.236498,513.466 -2.577372,43.236503,513.229 -2.577365,43.236499,513.221 -2.577354,43.236499,513.409 -2.577341,43.236502,513.438 -2.577332,43.236511,513.624 -2.577314,43.236511,513.634 -2.577293,43.236516,513.670 -2.577268,43.236524,513.642 -2.577245,43.236531,513.684 -2.577230,43.236534,513.827 -2.577201,43.236539,513.849 -2.577174,43.236541,514.082 -2.577150,43.236549,514.045 -2.577125,43.236551,514.447 -2.577104,43.236557,514.611 -2.577085,43.236563,514.809 -2.577065,43.236573,515.266 -2.577044,43.236586,515.622 -2.577026,43.236598,515.852 -2.577011,43.236613,516.238 -2.576997,43.236629,516.670 -2.576989,43.236643,516.812 -2.576985,43.236656,517.285 -2.576989,43.236672,517.487 -2.576989,43.236690,517.860 -2.576993,43.236702,518.244 -2.577001,43.236715,518.405 -2.577013,43.236730,518.815 -2.577019,43.236745,519.009 -2.577017,43.236753,519.026 -2.577022,43.236768,519.462 -2.577024,43.236780,519.622 -2.577025,43.236795,519.878 -2.577020,43.236809,520.270 -2.577007,43.236821,520.482 -2.576997,43.236829,520.835 -2.576987,43.236840,521.237 -2.576967,43.236855,521.630 -2.576969,43.236858,522.089 -2.576967,43.236857,522.406 -2.576967,43.236857,522.826 -2.576967,43.236857,523.009 -2.576970,43.236859,523.060 -2.576974,43.236871,523.066 -2.576967,43.236857,523.056 -2.576967,43.236857,523.082 -2.576967,43.236857,523.074 -2.576967,43.236857,522.836 -2.576967,43.236857,522.839 -2.576972,43.236870,522.671 -2.576971,43.236873,522.684 -2.576971,43.236873,522.691 -2.576974,43.236884,522.681 -2.576990,43.236896,522.619 -2.577016,43.236900,522.609 -2.577045,43.236903,522.611 -2.577071,43.236908,522.897 -2.577096,43.236915,523.037 -2.577121,43.236923,523.263 -2.577144,43.236932,523.445 -2.577166,43.236941,523.897 -2.577187,43.236951,524.010 -2.577206,43.236964,524.422 -2.577223,43.236975,524.685 -2.577241,43.236985,525.016 -2.577260,43.236991,525.476 -2.577280,43.236997,525.813 -2.577303,43.237004,526.209 -2.577321,43.237015,526.643 -2.577334,43.237028,527.039 -2.577354,43.237040,527.449 -2.577373,43.237051,527.675 -2.577390,43.237061,528.047 -2.577412,43.237068,528.229 -2.577431,43.237072,528.442 -2.577448,43.237077,528.834 -2.577466,43.237083,529.037 -2.577486,43.237093,529.234 -2.577504,43.237105,529.455 -2.577523,43.237118,529.410 -2.577542,43.237132,529.609 -2.577559,43.237144,529.835 -2.577575,43.237158,530.061 -2.577592,43.237171,530.261 -2.577608,43.237186,530.417 -2.577624,43.237199,530.849 -2.577638,43.237209,531.291 -2.577654,43.237222,531.644 -2.577668,43.237238,531.866 -2.577678,43.237255,532.049 -2.577687,43.237272,532.267 -2.577699,43.237289,532.481 -2.577710,43.237303,532.619 -2.577722,43.237317,532.809 -2.577735,43.237332,533.038 -2.577745,43.237347,533.054 -2.577753,43.237364,533.084 -2.577764,43.237381,533.010 -2.577776,43.237397,533.092 -2.577789,43.237417,533.074 -2.577801,43.237439,533.017 -2.577809,43.237458,533.289 -2.577820,43.237472,533.072 -2.577835,43.237490,533.067 -2.577847,43.237504,533.081 -2.577866,43.237517,532.819 -2.577881,43.237533,532.609 -2.577882,43.237550,532.618 -2.577884,43.237564,532.624 -2.577897,43.237565,532.674 -2.577890,43.237562,532.670 -2.577890,43.237562,532.882 -2.577890,43.237562,532.634 -2.577891,43.237562,532.697 -2.577903,43.237567,532.429 -2.577912,43.237568,532.272 -2.577914,43.237570,532.058 -2.577914,43.237570,532.052 -2.577910,43.237568,532.017 -2.577910,43.237568,532.009 -2.577910,43.237568,532.227 -2.577910,43.237568,532.263 -2.577910,43.237568,532.483 -2.577911,43.237567,532.699 -2.577930,43.237560,532.841 -2.577943,43.237558,533.083 -2.577951,43.237557,533.276 -2.577949,43.237556,533.448 -2.577942,43.237558,533.491 -2.577939,43.237559,533.263 -2.577936,43.237556,533.244 -2.577939,43.237547,532.818 -2.577939,43.237549,532.609 -2.577940,43.237557,532.488 -2.577940,43.237557,532.464 -2.577940,43.237557,532.274 -2.577940,43.237557,532.290 -2.577940,43.237557,532.222 -2.577940,43.237557,532.264 -2.577940,43.237557,532.237 -2.577940,43.237557,532.279 -2.577940,43.237557,532.232 -2.577940,43.237557,532.277 -2.577940,43.237557,532.061 -2.577940,43.237557,532.027 -2.577940,43.237557,531.809 -2.577939,43.237557,531.819 -2.577940,43.237557,532.015 -2.577940,43.237557,532.275 -2.577939,43.237558,532.431 -2.577938,43.237559,532.693 -2.577962,43.237562,532.625 -2.577987,43.237571,532.648 -2.578006,43.237587,532.490 -2.578023,43.237606,532.233 -2.578042,43.237622,532.015 -2.578066,43.237636,532.065 -2.578087,43.237655,532.011 -2.578103,43.237669,531.809 -2.578127,43.237685,531.843 -2.578144,43.237703,532.069 -2.578158,43.237721,532.079 -2.578178,43.237739,532.085 -2.578199,43.237755,532.267 -2.578219,43.237771,532.419 -2.578238,43.237786,532.462 -2.578255,43.237805,532.474 -2.578269,43.237822,532.677 -2.578279,43.237841,533.035 -2.578288,43.237861,533.486 -2.578298,43.237882,533.614 -2.578304,43.237905,533.809 -2.578308,43.237927,534.275 -2.578311,43.237951,534.411 -2.578321,43.237971,534.611 -2.578323,43.237995,534.837 -2.578320,43.238017,535.029 -2.578309,43.238037,535.081 -2.578294,43.238056,535.464 -2.578278,43.238073,535.646 -2.578265,43.238091,535.879 -2.578253,43.238112,536.026 -2.578244,43.238131,536.247 -2.578236,43.238151,536.611 -2.578232,43.238171,536.809 -2.578229,43.238191,537.274 -2.578230,43.238208,537.460 -2.578230,43.238227,537.610 -2.578229,43.238245,537.816 -2.578224,43.238249,538.068 -2.578218,43.238249,538.020 -2.578221,43.238251,538.043 -2.578221,43.238251,538.285 -2.578217,43.238260,538.298 -2.578208,43.238258,538.058 -2.578210,43.238253,538.052 -2.578214,43.238246,537.817 -2.578215,43.238243,537.809 -2.578215,43.238242,537.677 -2.578209,43.238246,537.643 -2.578220,43.238247,537.683 -2.578228,43.238252,537.649 -2.578230,43.238251,537.481 -2.578231,43.238251,537.413 -2.578235,43.238259,537.476 -2.578232,43.238267,537.448 -2.578225,43.238266,537.421 -2.578230,43.238251,537.463 -2.578225,43.238262,537.244 -2.578229,43.238255,537.218 -2.578225,43.238260,537.209 -2.578228,43.238266,537.058 -2.578228,43.238268,536.884 -2.578228,43.238268,536.874 -2.578227,43.238270,536.630 -2.578229,43.238267,536.482 -2.578229,43.238267,536.444 -2.578229,43.238267,536.257 -2.578229,43.238267,536.229 -2.578234,43.238270,536.012 -2.578241,43.238281,536.097 -2.578244,43.238293,535.823 -2.578250,43.238304,535.825 -2.578259,43.238314,535.809 -2.578262,43.238329,535.861 -2.578255,43.238344,535.877 -2.578248,43.238354,535.817 -2.578241,43.238367,536.033 -2.578225,43.238375,536.025 -2.578212,43.238379,536.247 -2.578208,43.238387,536.280 -2.578197,43.238391,536.212 -2.578185,43.238396,536.445 -2.578172,43.238402,536.629 -2.578160,43.238408,536.800 -2.578159,43.238403,536.820 -2.578159,43.238400,537.009 -2.578160,43.238400,537.264 -2.578160,43.238400,537.040 -2.578160,43.238400,537.070 -2.578160,43.238400,536.866 -2.578160,43.238400,536.628 -2.578160,43.238400,536.420 -2.578160,43.238400,536.463 -2.578160,43.238400,536.445 -2.578160,43.238400,536.428 -2.578160,43.238400,536.495 -2.578160,43.238400,536.649 -2.578159,43.238399,536.623 -2.578165,43.238400,536.809 -2.578177,43.238397,536.881 -2.578180,43.238399,536.837 -2.578183,43.238409,536.867 -2.578180,43.238416,536.813 -2.578176,43.238412,536.665 -2.578184,43.238399,536.657 -2.578183,43.238397,536.680 -2.578173,43.238399,536.442 -2.578173,43.238403,536.495 -2.578167,43.238403,536.486 -2.578160,43.238400,536.260 -2.578160,43.238400,536.226 -2.578160,43.238400,536.009 -2.578160,43.238400,536.080 -2.578160,43.238400,536.266 -2.578160,43.238400,536.266 -2.578160,43.238400,536.232 -2.578160,43.238400,536.234 -2.578160,43.238400,536.246 -2.578171,43.238406,536.249 -2.578177,43.238408,536.221 -2.578170,43.238414,536.484 -2.578160,43.238419,536.463 -2.578153,43.238422,536.444 -2.578141,43.238431,536.418 -2.578128,43.238436,536.409 -2.578114,43.238445,536.448 -2.578099,43.238453,536.484 -2.578092,43.238457,536.634 -2.578090,43.238459,536.880 -2.578090,43.238459,537.082 -2.578078,43.238459,537.274 -2.578069,43.238465,537.437 -2.578076,43.238482,537.449 -2.578086,43.238502,537.622 -2.578081,43.238519,537.876 -2.578064,43.238532,538.290 -2.578046,43.238545,538.619 -2.578033,43.238562,539.009 -2.578013,43.238572,539.659 -2.577996,43.238581,540.085 -2.577975,43.238595,540.495 -2.577954,43.238611,540.881 -2.577928,43.238624,541.463 -2.577905,43.238634,542.245 -2.577885,43.238644,543.218 -2.577861,43.238653,543.840 -2.577838,43.238664,544.623 -2.577818,43.238675,545.055 -2.577796,43.238687,545.207 -2.577772,43.238701,545.617 -2.577742,43.238708,546.009 -2.577716,43.238719,546.447 -2.577695,43.238727,546.873 -2.577677,43.238736,547.243 -2.577657,43.238747,547.679 -2.577630,43.238756,547.831 -2.577604,43.238761,548.213 -2.577580,43.238765,548.646 -2.577558,43.238771,549.028 -2.577534,43.238776,549.221 -2.577506,43.238775,549.875 -2.577477,43.238777,550.228 -2.577450,43.238779,550.620 -2.577427,43.238783,551.009 -2.577403,43.238786,551.479 -2.577377,43.238788,551.815 -2.577351,43.238787,552.275 -2.577330,43.238791,552.631 -2.577304,43.238795,553.023 -2.577294,43.238794,553.645 -2.577274,43.238804,554.278 -2.577254,43.238820,554.650 -2.577229,43.238828,555.093 -2.577205,43.238835,555.677 -2.577187,43.238845,556.061 -2.577171,43.238859,556.627 -2.577159,43.238874,557.009 -2.577149,43.238889,557.469 -2.577135,43.238904,557.835 -2.577122,43.238919,558.285 -2.577111,43.238935,558.661 -2.577098,43.238953,558.893 -2.577091,43.238968,559.455 -2.577091,43.238986,559.668 -2.577097,43.239005,559.830 -2.577102,43.239021,560.273 -2.577109,43.239045,560.414 -2.577114,43.239065,560.854 -2.577122,43.239082,561.209 -2.577141,43.239097,561.609 -2.577156,43.239110,561.873 -2.577166,43.239125,562.299 -2.577176,43.239139,562.649 -2.577192,43.239150,562.845 -2.577214,43.239158,563.267 -2.577236,43.239165,563.639 -2.577256,43.239172,564.082 -2.577278,43.239181,564.414 -2.577298,43.239189,564.847 -2.577324,43.239195,565.289 -2.577348,43.239202,565.606 -2.577370,43.239208,566.226 -2.577393,43.239213,566.609 -2.577415,43.239218,566.870 -2.577432,43.239225,567.246 -2.577452,43.239234,567.486 -2.577469,43.239243,567.832 -2.577496,43.239246,568.034 -2.577529,43.239247,568.436 -2.577551,43.239255,569.099 -2.577576,43.239262,569.441 -2.577598,43.239269,569.864 -2.577622,43.239275,570.283 -2.577648,43.239278,570.625 -2.577677,43.239282,570.817 -2.577707,43.239287,571.009 -2.577735,43.239292,571.440 -2.577766,43.239299,571.876 -2.577795,43.239306,572.296 -2.577819,43.239314,572.612 -2.577843,43.239318,573.084 -2.577870,43.239318,573.476 -2.577899,43.239320,573.629 -2.577928,43.239325,574.011 -2.577960,43.239328,574.444 -2.577994,43.239328,574.627 -2.578024,43.239332,575.068 -2.578040,43.239334,575.014 -2.578067,43.239331,575.209 -2.578095,43.239329,575.464 -2.578128,43.239331,575.260 -2.578161,43.239334,575.230 -2.578197,43.239338,575.456 -2.578235,43.239338,575.438 -2.578275,43.239338,575.610 -2.578318,43.239340,576.053 -2.578362,43.239340,576.415 -2.578404,43.239343,576.648 -2.578442,43.239350,576.874 -2.578484,43.239356,577.256 -2.578523,43.239360,577.621 -2.578561,43.239363,577.809 -2.578600,43.239364,578.069 -2.578642,43.239365,578.465 -2.578683,43.239367,578.655 -2.578725,43.239369,578.881 -2.578768,43.239375,579.073 -2.578813,43.239381,579.275 -2.578854,43.239384,579.218 -2.578891,43.239392,579.430 -2.578930,43.239399,579.813 -2.578970,43.239400,580.239 -2.579013,43.239402,580.401 -2.579053,43.239404,580.621 -2.579094,43.239408,581.009 -2.579133,43.239414,581.275 -2.579173,43.239415,581.651 -2.579215,43.239416,582.011 -2.579250,43.239424,582.697 -2.579290,43.239438,583.269 -2.579329,43.239453,584.021 -2.579368,43.239465,584.434 -2.579407,43.239475,584.866 -2.579446,43.239488,585.049 -2.579487,43.239500,585.224 -2.579532,43.239514,585.404 -2.579579,43.239527,585.414 -2.579627,43.239540,585.809 -2.579674,43.239556,586.294 -2.579717,43.239569,586.210 -2.579763,43.239586,586.450 -2.579808,43.239605,586.486 -2.579855,43.239623,586.888 -2.579905,43.239637,587.020 -2.579956,43.239653,587.053 -2.580002,43.239671,587.495 -2.580045,43.239692,587.678 -2.580089,43.239706,587.832 -2.580138,43.239722,588.092 -2.580183,43.239736,588.211 -2.580229,43.239756,588.609 -2.580270,43.239776,588.885 -2.580312,43.239795,589.091 -2.580355,43.239816,589.221 -2.580397,43.239837,589.687 -2.580435,43.239860,589.699 -2.580478,43.239882,589.621 -2.580525,43.239904,589.644 -2.580570,43.239924,589.636 -2.580617,43.239948,589.629 -2.580664,43.239973,589.697 -2.580711,43.239994,589.623 -2.580761,43.240013,589.825 -2.580807,43.240034,590.009 -2.580854,43.240053,590.051 -2.580902,43.240075,590.077 -2.580948,43.240099,590.267 -2.580985,43.240129,590.233 -2.581021,43.240160,590.255 -2.581051,43.240193,590.237 -2.581070,43.240228,590.450 -2.581083,43.240259,590.662 -2.581094,43.240282,591.015 -2.581104,43.240305,591.096 -2.581106,43.240326,591.231 -2.581111,43.240341,591.224 -2.581109,43.240345,591.209 -2.581108,43.240348,591.291 -2.581108,43.240344,591.057 -2.581107,43.240344,590.897 -2.581103,43.240338,590.833 -2.581108,43.240344,590.655 -2.581099,43.240342,590.617 -2.581101,43.240350,590.450 -2.581100,43.240355,590.442 -2.581093,43.240346,590.465 -2.581091,43.240347,590.214 -2.581095,43.240346,590.054 -2.581108,43.240344,589.809 -2.581108,43.240344,589.609 -2.581101,43.240344,589.653 -2.581111,43.240345,589.449 -2.581127,43.240347,589.469 -2.581141,43.240361,589.445 -2.581152,43.240377,589.457 -2.581157,43.240398,589.629 -2.581167,43.240421,589.672 -2.581182,43.240449,589.684 -2.581183,43.240483,589.857 -2.581197,43.240512,589.893 -2.581208,43.240540,590.065 -2.581214,43.240573,590.221 -2.581221,43.240602,590.409 -2.581223,43.240630,590.411 -2.581236,43.240656,590.687 -2.581253,43.240682,590.697 -2.581269,43.240707,590.683 -2.581276,43.240734,590.415 -2.581275,43.240758,590.417 -2.581279,43.240784,590.430 -2.581284,43.240807,590.652 -2.581291,43.240829,590.695 -2.581297,43.240847,590.842 -2.581304,43.240867,590.822 -2.581307,43.240885,590.814 -2.581312,43.240907,590.809 -2.581319,43.240927,591.066 -2.581324,43.240945,591.052 -2.581325,43.240964,591.062 -2.581328,43.240976,591.028 -2.581346,43.240985,591.010 -2.581358,43.240975,590.822 -2.581356,43.240956,590.695 -2.581353,43.240931,590.627 -2.581351,43.240904,590.270 -2.581349,43.240875,590.295 -2.581347,43.240841,590.049 -2.581346,43.240805,590.223 -2.581346,43.240767,590.209 -2.581348,43.240729,590.231 -2.581347,43.240692,590.437 -2.581346,43.240651,590.467 -2.581346,43.240612,590.233 -2.581347,43.240566,590.065 -2.581343,43.240520,589.887 -2.581342,43.240473,589.650 -2.581343,43.240424,589.442 -2.581340,43.240375,589.255 -2.581339,43.240323,589.213 -2.581339,43.240272,589.043 -2.581344,43.240227,589.207 -2.581354,43.240168,589.809 -2.581365,43.240109,590.473 -2.581386,43.240047,591.019 -2.581413,43.239986,591.679 -2.581441,43.239924,590.815 -2.581468,43.239867,590.267 -2.581502,43.239816,588.229 -2.581532,43.239770,586.682 -2.581552,43.239730,586.094 -2.581571,43.239691,586.627 -2.581590,43.239653,587.089 -2.581614,43.239623,587.606 -2.581629,43.239594,588.226 -2.581644,43.239564,588.209 -2.581661,43.239536,588.090 -2.581677,43.239507,588.216 -2.581694,43.239477,588.476 -2.581715,43.239448,588.862 -2.581732,43.239415,589.094 -2.581753,43.239381,589.276 -2.581773,43.239350,589.669 -2.581793,43.239329,589.661 -2.581806,43.239317,589.684 -2.581811,43.239313,589.878 -2.581812,43.239323,590.033 -2.581812,43.239330,590.026 -2.581812,43.239330,590.209 -2.581812,43.239330,590.279 -2.581812,43.239330,590.235 -2.581812,43.239330,590.225 -2.581812,43.239330,590.211 -2.581812,43.239330,590.243 -2.581812,43.239330,590.235 -2.581812,43.239330,590.248 -2.581812,43.239330,590.290 -2.581812,43.239330,590.263 -2.581812,43.239330,590.279 -2.581812,43.239330,590.205 -2.581812,43.239330,590.225 -2.581812,43.239330,590.209 -2.581812,43.239330,590.299 -2.581812,43.239330,590.265 -2.581812,43.239330,590.235 -2.581807,43.239322,590.211 -2.581807,43.239311,590.273 -2.581804,43.239309,590.215 -2.581799,43.239300,590.218 -2.581801,43.239286,590.280 -2.581811,43.239264,590.283 -2.581825,43.239240,590.443 -2.581839,43.239222,590.264 -2.581848,43.239194,590.010 -2.581862,43.239163,589.809 -2.581877,43.239138,589.616 -2.581880,43.239113,589.452 -2.581881,43.239090,589.822 -2.581883,43.239066,590.248 -2.581892,43.239039,590.610 -2.581896,43.239012,591.442 -2.581900,43.238986,591.845 -2.581901,43.238960,592.277 -2.581908,43.238939,592.490 -2.581925,43.238919,592.849 -2.581934,43.238889,592.802 -2.581943,43.238859,592.822 -2.581953,43.238830,592.609 -2.581966,43.238798,592.426 -2.581979,43.238770,592.252 -2.581995,43.238747,592.282 -2.582010,43.238726,592.698 -2.582029,43.238697,592.880 -2.582049,43.238672,593.232 -2.582069,43.238649,593.645 -2.582085,43.238626,594.057 -2.582097,43.238603,594.230 -2.582110,43.238583,594.224 -2.582123,43.238563,594.404 -2.582139,43.238538,594.414 -2.582153,43.238511,594.209 -2.582167,43.238486,594.224 -2.582184,43.238461,594.090 -2.582203,43.238436,594.080 -2.582221,43.238417,594.076 -2.582235,43.238403,594.018 -2.582241,43.238394,594.230 -2.582245,43.238386,594.413 -2.582257,43.238374,594.435 -2.582272,43.238368,594.638 -2.582293,43.238351,594.668 -2.582317,43.238333,594.842 -2.582346,43.238310,595.226 -2.582374,43.238280,595.409 -2.582406,43.238248,595.668 -2.582439,43.238212,596.054 -2.582472,43.238172,596.024 -2.582502,43.238134,596.220 -2.582528,43.238098,596.462 -2.582553,43.238064,596.864 -2.582578,43.238034,597.027 -2.582598,43.238001,597.269 -2.582612,43.237978,597.852 -2.582623,43.237952,598.012 -2.582645,43.237927,598.432 -2.582664,43.237891,598.605 -2.582674,43.237854,598.809 -2.582676,43.237821,598.813 -2.582681,43.237788,598.819 -2.582688,43.237754,598.829 -2.582696,43.237722,599.465 -2.582704,43.237688,600.017 -2.582714,43.237655,600.819 -2.582730,43.237624,601.682 -2.582753,43.237593,602.074 -2.582774,43.237565,602.227 -2.582792,43.237536,602.662 -2.582804,43.237502,602.883 -2.582820,43.237469,602.811 -2.582838,43.237442,602.809 -2.582859,43.237416,602.888 -2.582877,43.237394,602.874 -2.582900,43.237360,602.834 -2.582925,43.237334,603.070 -2.582949,43.237308,603.282 -2.582967,43.237286,603.274 -2.582983,43.237270,603.227 -2.582995,43.237259,603.019 -2.582997,43.237246,603.252 -2.583007,43.237221,603.233 -2.583018,43.237195,603.423 -2.583022,43.237169,603.415 -2.583023,43.237140,603.609 -2.583026,43.237095,603.645 -2.583023,43.237055,603.681 -2.583017,43.237014,602.891 -2.583011,43.236974,602.277 -2.583010,43.236930,601.849 -2.583032,43.236883,601.241 -2.583068,43.236839,600.864 -2.583102,43.236794,600.616 -2.583141,43.236748,600.069 -2.583177,43.236701,599.271 -2.583213,43.236658,598.841 -2.583249,43.236617,599.015 -2.583286,43.236581,599.009 -2.583328,43.236546,599.469 -2.583371,43.236509,599.635 -2.583419,43.236473,599.885 -2.583463,43.236437,599.671 -2.583506,43.236401,599.443 -2.583546,43.236363,599.255 -2.583583,43.236326,599.038 -2.583620,43.236291,598.840 -2.583656,43.236256,598.463 -2.583695,43.236217,598.298 -2.583728,43.236173,597.815 -2.583757,43.236126,597.426 -2.583790,43.236080,597.009 -2.583824,43.236043,597.061 -2.583851,43.236014,597.487 -2.583880,43.235992,597.637 -2.583922,43.235972,597.863 -2.583966,43.235955,597.665 -2.584019,43.235931,597.087 -2.584083,43.235908,596.290 -2.584158,43.235886,595.872 -2.584247,43.235872,595.075 -2.584342,43.235867,594.475 -2.584442,43.235871,594.028 -2.584546,43.235881,593.220 -2.584654,43.235892,592.209 -2.584769,43.235904,591.279 -2.584887,43.235911,590.445 -2.585008,43.235919,589.435 -2.585130,43.235928,588.861 -2.585255,43.235940,588.433 -2.585377,43.235950,588.045 -2.585500,43.235963,587.048 -2.585621,43.235979,586.890 -2.585741,43.236003,586.433 -2.585860,43.236026,586.072 -2.585980,43.236051,585.813 -2.586098,43.236083,585.614 -2.586212,43.236124,585.009 -2.586325,43.236174,584.229 -2.586437,43.236222,583.625 -2.586549,43.236269,583.065 -2.586667,43.236311,582.211 -2.586797,43.236342,581.213 -2.586930,43.236364,580.025 -2.587068,43.236377,578.818 -2.587210,43.236383,577.420 -2.587355,43.236374,577.283 -2.587500,43.236359,576.672 -2.587645,43.236333,577.013 -2.587790,43.236296,577.014 -2.587921,43.236249,577.209 -2.588033,43.236185,577.069 -2.588131,43.236117,576.245 -2.588212,43.236038,575.475 -2.588262,43.235954,575.281 -2.588295,43.235869,575.233 -2.588323,43.235788,575.495 -2.588355,43.235714,575.888 -2.588393,43.235648,576.690 -2.588440,43.235589,577.043 -2.588501,43.235546,577.261 -2.588568,43.235517,577.421 -2.588636,43.235494,577.613 -2.588707,43.235482,577.409 -2.588779,43.235480,577.668 -2.588850,43.235488,577.834 -2.588917,43.235501,578.274 -2.588984,43.235518,578.670 -2.589046,43.235538,579.072 -2.589108,43.235560,579.234 -2.589173,43.235583,579.287 -2.589238,43.235606,579.229 -2.589301,43.235624,579.042 -2.589369,43.235641,578.816 -2.589441,43.235659,578.476 -2.589520,43.235678,578.213 -2.589603,43.235699,577.609 -2.589684,43.235723,577.083 -2.589768,43.235748,576.649 -2.589859,43.235772,576.419 -2.589953,43.235794,575.855 -2.590047,43.235822,575.027 -2.590144,43.235852,574.249 -2.590242,43.235882,573.452 -2.590342,43.235914,572.864 -2.590443,43.235952,572.277 -2.590528,43.236002,571.861 -2.590596,43.236058,571.821 -2.590660,43.236117,571.613 -2.590718,43.236177,571.609 -2.590774,43.236240,571.238 -2.590830,43.236301,571.034 -2.590893,43.236361,570.484 -2.590967,43.236423,570.040 -2.591047,43.236484,569.492 -2.591133,43.236543,568.694 -2.591227,43.236602,567.617 -2.591326,43.236660,566.479 -2.591437,43.236711,565.282 -2.591557,43.236752,564.023 -2.591685,43.236779,563.283 -2.591812,43.236796,562.811 -2.591939,43.236810,562.409 -2.592063,43.236820,562.054 -2.592181,43.236827,562.060 -2.592296,43.236829,562.230 -2.592410,43.236835,562.466 -2.592519,43.236846,562.278 -2.592625,43.236866,562.480 -2.592726,43.236894,562.233 -2.592827,43.236927,562.085 -2.592922,43.236960,561.688 -2.593022,43.236991,561.477 -2.593127,43.237020,561.261 -2.593232,43.237043,561.027 -2.593340,43.237061,560.809 -2.593450,43.237076,560.829 -2.593557,43.237095,560.425 -2.593664,43.237112,560.295 -2.593767,43.237126,560.061 -2.593872,43.237135,559.883 -2.593977,43.237141,559.625 -2.594079,43.237144,559.658 -2.594177,43.237144,559.680 -2.594271,43.237142,559.873 -2.594361,43.237144,559.852 -2.594453,43.237158,560.253 -2.594538,43.237188,560.008 -2.594605,43.237233,560.209 -2.594645,43.237290,560.467 -2.594663,43.237349,560.653 -2.594668,43.237406,561.073 -2.594671,43.237465,561.679 -2.594666,43.237524,561.831 -2.594657,43.237582,562.233 -2.594651,43.237638,562.436 -2.594648,43.237685,562.828 -2.594651,43.237740,563.421 -2.594667,43.237799,563.812 -2.594688,43.237853,564.232 -2.594716,43.237906,564.405 -2.594753,43.237960,564.609 -2.594791,43.238013,564.463 -2.594838,43.238067,564.289 -2.594888,43.238126,564.049 -2.594952,43.238178,563.415 -2.595032,43.238227,562.657 -2.595125,43.238265,561.889 -2.595224,43.238298,560.862 -2.595330,43.238323,559.834 -2.595446,43.238347,558.427 -2.595569,43.238370,557.277 -2.595703,43.238387,555.861 -2.595841,43.238401,554.627 -2.595987,43.238408,553.609 -2.596144,43.238402,552.439 -2.596297,43.238388,550.485 -2.596459,43.238365,548.695 -2.596621,43.238334,546.621 -2.596783,43.238291,545.433 -2.596935,43.238234,544.685 -2.597079,43.238172,544.498 -2.597216,43.238105,543.650 -2.597332,43.238026,543.223 -2.597435,43.237941,543.458 -2.597542,43.237866,544.252 -2.597661,43.237806,544.417 -2.597778,43.237768,544.809 -2.597882,43.237741,546.077 -2.597975,43.237718,546.893 -2.598053,43.237694,547.623 -2.598121,43.237668,548.489 -2.598182,43.237646,549.251 -2.598240,43.237628,549.643 -2.598291,43.237612,550.216 -2.598341,43.237597,550.848 -2.598389,43.237584,551.431 -2.598434,43.237569,552.038 -2.598454,43.237561,552.670 -2.598449,43.237564,553.017 -2.598435,43.237566,553.209 -2.598425,43.237567,553.495 -2.598429,43.237569,553.421 -2.598429,43.237564,553.441 -2.598426,43.237564,553.097 -2.598426,43.237564,552.829 -2.598426,43.237564,552.651 -2.598426,43.237564,552.264 -2.598426,43.237564,552.046 -2.598426,43.237564,551.819 -2.598426,43.237564,551.634 -2.598426,43.237564,551.655 -2.598426,43.237564,551.410 -2.598426,43.237564,551.209 -2.598426,43.237564,551.265 -2.598426,43.237564,551.291 -2.598426,43.237564,551.241 -2.598426,43.237564,551.017 -2.598426,43.237564,551.079 -2.598426,43.237564,551.081 -2.598426,43.237564,550.834 -2.598426,43.237564,550.876 -2.598426,43.237564,550.849 -2.598426,43.237564,550.679 -2.598426,43.237564,550.605 -2.598426,43.237564,550.625 -2.598426,43.237564,550.609 -2.598426,43.237564,550.619 -2.598426,43.237564,550.635 -2.598426,43.237564,550.635 -2.598426,43.237564,550.621 -2.598426,43.237564,550.463 -2.598426,43.237564,550.495 -2.598426,43.237564,550.498 -2.598426,43.237564,550.430 -2.598426,43.237564,550.253 -2.598426,43.237564,550.262 -2.598426,43.237564,550.283 -2.598426,43.237564,550.411 -2.598424,43.237566,550.409 -2.598426,43.237564,550.668 -2.598419,43.237568,550.624 -2.598431,43.237555,550.674 -2.598440,43.237551,550.690 -2.598461,43.237546,550.672 -2.598487,43.237544,550.464 -2.598517,43.237538,550.487 -2.598549,43.237527,550.449 -2.598582,43.237515,550.472 -2.598625,43.237500,550.625 -2.598663,43.237483,550.826 -2.598696,43.237469,551.208 -2.598735,43.237455,551.409 -2.598779,43.237444,551.634 -2.598827,43.237436,551.820 -2.598878,43.237432,552.040 -2.598932,43.237427,552.236 -2.598988,43.237419,552.268 -2.599042,43.237412,552.230 -2.599096,43.237406,552.483 -2.599152,43.237400,552.465 -2.599205,43.237394,552.698 -2.599260,43.237389,552.897 -2.599318,43.237383,553.023 -2.599375,43.237373,553.025 -2.599434,43.237361,553.209 -2.599492,43.237342,553.061 -2.599553,43.237320,552.857 -2.599621,43.237301,552.447 -2.599691,43.237287,552.043 -2.599762,43.237274,551.695 -2.599835,43.237260,551.497 -2.599908,43.237246,551.430 -2.599981,43.237227,551.642 -2.600054,43.237207,551.835 -2.600124,43.237189,552.418 -2.600194,43.237163,552.698 -2.600261,43.237146,552.817 -2.600331,43.237128,552.809 -2.600404,43.237108,553.263 -2.600475,43.237086,553.029 -2.600543,43.237063,552.869 -2.600608,43.237036,553.075 -2.600672,43.237005,553.057 -2.600732,43.236973,553.019 -2.600789,43.236936,553.252 -2.600846,43.236902,553.494 -2.600902,43.236865,553.647 -2.600954,43.236830,554.027 -2.601002,43.236795,554.468 -2.601050,43.236763,554.814 -2.601095,43.236735,555.409 -2.601142,43.236718,555.894 -2.601183,43.236694,556.290 -2.601223,43.236666,556.670 -2.601258,43.236637,557.236 -2.601297,43.236614,557.678 -2.601336,43.236591,558.010 -2.601377,43.236567,558.493 -2.601422,43.236541,558.895 -2.601464,43.236515,559.078 -2.601506,43.236491,559.246 -2.601549,43.236465,559.688 -2.601594,43.236437,560.016 -2.601639,43.236409,560.409 -2.601685,43.236384,560.646 -2.601732,43.236359,560.852 -2.601780,43.236336,561.082 -2.601829,43.236320,561.048 -2.601879,43.236313,561.080 -2.601916,43.236311,561.062 -2.601935,43.236308,561.295 -2.601928,43.236308,561.247 -2.601920,43.236307,561.440 -2.601920,43.236307,561.647 -2.601920,43.236307,561.629 -2.601920,43.236307,561.621 -2.601920,43.236307,561.409 -2.601920,43.236307,561.096 -2.601920,43.236307,560.842 -2.601920,43.236307,560.822 -2.601920,43.236307,560.688 -2.601920,43.236307,560.680 -2.601920,43.236307,560.612 -2.601920,43.236307,560.655 -2.601920,43.236307,560.617 -2.601920,43.236307,560.690 -2.601920,43.236307,560.615 -2.601920,43.236307,560.665 -2.601920,43.236307,560.611 -2.601920,43.236307,560.409 -2.601920,43.236307,560.483 -2.601920,43.236307,560.289 -2.601920,43.236307,560.289 -2.601920,43.236307,560.035 -2.601920,43.236307,560.067 -2.601920,43.236307,560.029 -2.601920,43.236307,560.032 -2.601920,43.236307,560.044 -2.601920,43.236307,560.057 -2.601920,43.236307,559.869 -2.601920,43.236307,559.804 -2.601920,43.236307,559.824 -2.601920,43.236307,559.809 -2.601922,43.236304,560.098 -2.601940,43.236301,560.014 -2.601955,43.236300,560.244 -2.601986,43.236302,560.030 -2.602029,43.236311,559.892 -2.602073,43.236332,559.614 -2.602112,43.236363,559.427 -2.602144,43.236399,559.259 -2.602179,43.236440,559.212 -2.602219,43.236480,559.487 -2.602261,43.236520,559.442 -2.602308,43.236562,559.426 -2.602357,43.236610,559.209 -2.602404,43.236658,559.280 -2.602456,43.236705,559.076 -2.602513,43.236756,558.886 -2.602567,43.236807,558.672 -2.602632,43.236860,558.214 -2.602698,43.236917,557.856 -2.602768,43.236978,557.289 -2.602841,43.237043,556.811 -2.602910,43.237114,556.094 -2.602980,43.237189,555.253 -2.603047,43.237271,554.404 -2.603107,43.237360,553.414 -2.603152,43.237451,552.609 -2.603189,43.237545,551.677 -2.603223,43.237640,550.613 -2.603260,43.237734,549.663 -2.603316,43.237828,548.449 -2.603386,43.237921,547.621 -2.603467,43.238011,546.443 -2.603546,43.238107,545.226 -2.603609,43.238212,544.258 -2.603653,43.238321,543.461 -2.603700,43.238433,542.455 -2.603770,43.238537,541.407 -2.603860,43.238636,539.617 -2.603964,43.238730,537.409 -2.604072,43.238826,536.417 -2.604174,43.238929,535.493 -2.604253,43.239039,534.873 -2.604318,43.239150,534.279 -2.604382,43.239265,533.631 -2.604447,43.239381,533.413 -2.604539,43.239490,532.446 -2.604650,43.239589,532.238 -2.604776,43.239676,532.051 -2.604915,43.239749,531.616 -2.605069,43.239806,530.076 -2.605233,43.239846,528.813 -2.605398,43.239861,528.209 -2.605570,43.239845,527.633 -2.605735,43.239804,525.029 -2.605893,43.239756,524.449 -2.606044,43.239720,525.085 -2.606190,43.239713,524.027 -2.606319,43.239742,523.499 -2.606402,43.239811,523.672 -2.606444,43.239884,523.614 -2.606490,43.239942,523.847 -2.606539,43.239984,525.246 -2.606581,43.240017,526.888 -2.606611,43.240047,528.216 -2.606638,43.240070,529.009 -2.606662,43.240093,529.836 -2.606687,43.240115,530.272 -2.606712,43.240136,530.862 -2.606737,43.240154,531.288 -2.606768,43.240172,531.670 -2.606793,43.240196,532.052 -2.606821,43.240213,532.695 -2.606856,43.240224,533.247 -2.606896,43.240237,533.850 -2.606929,43.240250,534.475 -2.606964,43.240261,535.028 -2.607001,43.240273,535.620 -2.607039,43.240284,535.809 -2.607076,43.240297,536.219 -2.607111,43.240310,536.625 -2.607150,43.240323,537.085 -2.607190,43.240328,537.421 -2.607229,43.240337,538.053 -2.607267,43.240346,538.235 -2.607310,43.240356,538.678 -2.607353,43.240367,539.050 -2.607393,43.240379,539.263 -2.607434,43.240393,539.471 -2.607473,43.240403,539.641 -2.607511,43.240413,540.015 -2.607553,43.240427,540.209 -2.607593,43.240438,540.439 -2.607632,43.240448,540.855 -2.607673,43.240455,541.075 -2.607713,43.240463,541.461 -2.607754,43.240472,541.653 -2.607794,43.240477,541.835 -2.607836,43.240483,542.038 -2.607876,43.240490,542.270 -2.607917,43.240494,542.483 -2.607959,43.240501,542.681 -2.608003,43.240509,543.061 -2.608043,43.240516,543.417 -2.608084,43.240525,544.009 -2.608122,43.240535,544.490 -2.608163,43.240547,544.856 -2.608201,43.240560,545.226 -2.608238,43.240571,545.472 -2.608279,43.240584,545.684 -2.608322,43.240596,546.076 -2.608362,43.240609,546.279 -2.608398,43.240624,546.641 -2.608436,43.240638,547.014 -2.608473,43.240651,547.427 -2.608513,43.240667,547.868 -2.608549,43.240682,548.214 -2.608585,43.240695,548.409 -2.608624,43.240705,548.624 -2.608665,43.240709,548.670 -2.608712,43.240713,548.870 -2.608761,43.240717,549.026 -2.608811,43.240717,549.088 -2.608859,43.240715,549.030 -2.608901,43.240708,549.213 -2.608945,43.240704,549.435 -2.608994,43.240705,549.618 -2.609042,43.240710,549.887 -2.609089,43.240715,550.242 -2.609139,43.240719,550.226 -2.609185,43.240723,550.409 -2.609230,43.240724,550.660 -2.609274,43.240727,550.876 -2.609325,43.240732,551.046 -2.609374,43.240735,551.242 -2.609422,43.240734,551.214 -2.609470,43.240733,551.056 -2.609520,43.240729,551.039 -2.609570,43.240723,551.231 -2.609620,43.240718,551.424 -2.609671,43.240714,551.869 -2.609723,43.240712,551.804 -2.609776,43.240710,551.824 -2.609830,43.240710,551.809 -2.609882,43.240711,551.878 -2.609936,43.240713,551.624 -2.609989,43.240717,551.624 -2.610042,43.240723,551.620 -2.610091,43.240726,551.632 -2.610142,43.240732,551.894 -2.610191,43.240740,551.857 -2.610238,43.240749,552.269 -2.610285,43.240759,552.422 -2.610334,43.240770,552.483 -2.610382,43.240778,552.625 -2.610436,43.240781,553.017 -2.610487,43.240788,553.209 -2.610537,43.240797,553.250 -2.610588,43.240808,553.456 -2.610631,43.240831,553.656 -2.610660,43.240865,553.612 -2.610686,43.240900,553.824 -2.610709,43.240936,554.026 -2.610726,43.240974,554.049 -2.610741,43.241010,554.461 -2.610752,43.241044,554.824 -2.610764,43.241078,555.288 -2.610772,43.241116,555.424 -2.610781,43.241151,555.626 -2.610794,43.241190,555.409 -2.610803,43.241228,555.250 -2.610811,43.241266,555.046 -2.610819,43.241304,555.286 -2.610826,43.241341,555.242 -2.610832,43.241377,555.474 -2.610837,43.241413,555.816 -2.610841,43.241451,555.879 -2.610847,43.241489,555.881 -2.610851,43.241527,556.014 -2.610858,43.241564,556.019 -2.610868,43.241602,556.209 -2.610878,43.241637,556.419 -2.610893,43.241671,556.609 -2.610912,43.241703,556.823 -2.610935,43.241734,556.849 -2.610961,43.241764,556.899 -2.610996,43.241790,557.045 -2.611031,43.241816,557.237 -2.611067,43.241843,557.449 -2.611103,43.241869,557.642 -2.611139,43.241899,557.894 -2.611175,43.241928,558.017 -2.611212,43.241958,558.216 -2.611249,43.241989,558.476 -2.611281,43.242019,558.413 -2.611309,43.242051,558.409 -2.611333,43.242082,558.453 -2.611361,43.242116,558.649 -2.611387,43.242149,558.889 -2.611414,43.242182,559.285 -2.611444,43.242214,559.417 -2.611476,43.242245,559.449 -2.611512,43.242274,559.462 -2.611555,43.242298,559.284 -2.611601,43.242324,559.257 -2.611652,43.242348,559.283 -2.611703,43.242364,559.425 -2.611759,43.242380,559.617 -2.611813,43.242397,559.809 -2.611864,43.242413,559.830 -2.611916,43.242428,559.836 -2.611970,43.242443,560.076 -2.612026,43.242461,560.072 -2.612080,43.242478,560.224 -2.612137,43.242496,560.656 -2.612195,43.242514,560.899 -2.612251,43.242532,561.291 -2.612304,43.242548,561.634 -2.612355,43.242564,561.692 -2.612409,43.242583,561.673 -2.612461,43.242601,561.820 -2.612510,43.242618,562.009 -2.612559,43.242633,562.221 -2.612606,43.242649,562.897 -2.612651,43.242666,563.237 -2.612691,43.242684,563.673 -2.612729,43.242704,563.835 -2.612767,43.242724,563.897 -2.612804,43.242739,564.040 -2.612841,43.242755,564.462 -2.612880,43.242768,564.895 -2.612919,43.242781,565.299 -2.612958,43.242795,566.007 -2.612991,43.242811,566.627 -2.613029,43.242828,567.009 -2.613069,43.242842,567.481 -2.613109,43.242852,567.657 -2.613148,43.242866,568.087 -2.613186,43.242880,568.213 -2.613226,43.242894,568.465 -2.613269,43.242909,568.697 -2.613312,43.242925,568.470 -2.613352,43.242945,568.642 -2.613394,43.242960,568.645 -2.613438,43.242975,568.835 -2.613480,43.242989,568.886 -2.613523,43.243007,568.814 -2.613569,43.243023,568.609 -2.613613,43.243038,568.245 -2.613657,43.243053,568.091 -2.613706,43.243069,568.051 -2.613756,43.243085,567.867 -2.613809,43.243103,567.439 -2.613866,43.243122,567.271 -2.613926,43.243144,567.024 -2.613989,43.243168,566.866 -2.614052,43.243197,566.849 -2.614112,43.243230,566.864 -2.614174,43.243266,566.806 -2.614236,43.243306,566.616 -2.614302,43.243351,566.209 -2.614369,43.243395,565.878 -2.614439,43.243438,565.464 -2.614516,43.243485,564.844 -2.614600,43.243537,564.080 -2.614681,43.243601,563.412 -2.614752,43.243674,562.294 -2.614813,43.243759,561.287 -2.614871,43.243853,560.269 -2.614934,43.243952,559.252 -2.614999,43.244055,556.887 -2.615081,43.244159,555.642 -2.615177,43.244257,553.626 -2.615289,43.244345,553.409 -2.615421,43.244424,553.050 -2.615554,43.244501,551.686 -2.615679,43.244580,550.636 -2.615794,43.244662,549.422 -2.615900,43.244756,547.854 -2.615984,43.244863,545.866 -2.616032,43.244983,543.049 -2.616043,43.245115,540.051 -2.616021,43.245238,537.214 -2.615984,43.245353,534.062 -2.615927,43.245471,532.083 -2.615852,43.245593,530.211 -2.615764,43.245701,528.409 -2.615662,43.245789,527.288 -2.615542,43.245849,526.254 -2.615406,43.245882,525.224 -2.615267,43.245896,524.240 -2.615137,43.245925,523.412 -2.615021,43.245977,521.694 -2.614925,43.246047,519.057 -2.614852,43.246143,515.869 -2.614812,43.246261,512.232 -2.614801,43.246388,510.078 -2.614809,43.246510,507.433 -2.614855,43.246618,505.826 -2.614944,43.246715,503.609 -2.615058,43.246803,501.479 -2.615185,43.246890,499.495 -2.615311,43.246983,498.225 -2.615434,43.247080,496.691 -2.615566,43.247181,495.073 -2.615712,43.247281,493.065 -2.615875,43.247374,489.218 -2.616052,43.247463,486.290 -2.616230,43.247553,483.053 -2.616390,43.247639,476.815 -2.616524,43.247736,473.865 -2.616621,43.247845,472.411 -2.616679,43.247963,470.809 -2.616684,43.248079,469.613 -2.616624,43.248184,467.649 -2.616519,43.248272,464.899 -2.616397,43.248359,461.685 -2.616266,43.248454,458.487 -2.616144,43.248560,456.689 -2.616008,43.248673,455.252 -2.615872,43.248786,452.894 -2.615761,43.248898,450.677 -2.615681,43.249015,449.022 -2.615639,43.249137,448.062 -2.615631,43.249253,446.208 -2.615637,43.249349,444.809 -2.615638,43.249426,444.084 -2.615644,43.249477,443.230 -2.615650,43.249509,443.080 -2.615651,43.249532,442.626 -2.615672,43.249540,442.228 -2.615684,43.249534,442.060 -2.615680,43.249520,441.853 -2.615671,43.249506,441.895 -2.615658,43.249491,441.838 -2.615648,43.249473,442.018 -2.615646,43.249452,442.298 -2.615650,43.249427,442.417 -2.615648,43.249402,442.609 -2.615643,43.249375,442.853 -2.615639,43.249344,443.049 -2.615636,43.249314,443.269 -2.615635,43.249282,443.655 -2.615634,43.249252,444.047 -2.615638,43.249223,444.699 -2.615644,43.249192,445.092 -2.615652,43.249161,445.694 -2.615659,43.249132,446.087 -2.615666,43.249101,446.688 -2.615660,43.249076,447.024 -2.615628,43.249064,447.226 -2.615605,43.249078,447.609 -2.615588,43.249108,447.440 -2.615569,43.249149,447.286 -2.615552,43.249206,445.266 -2.615535,43.249266,444.032 -2.615509,43.249317,443.474 -2.615485,43.249354,441.826 -2.615447,43.249392,440.229 -2.615412,43.249427,439.251 -2.615393,43.249466,438.664 -2.615381,43.249517,438.431 -2.615364,43.249572,437.661 -2.615338,43.249633,436.407 -2.615310,43.249698,435.609 -2.615298,43.249753,435.045 -2.615286,43.249807,434.011 -2.615276,43.249857,433.831 -2.615263,43.249911,433.217 -2.615248,43.249970,432.879 -2.615232,43.250031,432.661 -2.615217,43.250096,432.084 -2.615191,43.250163,430.636 -2.615159,43.250229,429.279 -2.615121,43.250299,429.036 -2.615082,43.250367,428.217 -2.615047,43.250426,427.618 -2.615010,43.250487,427.209 -2.614970,43.250549,426.855 -2.614935,43.250609,426.491 -2.614910,43.250665,425.261 -2.614893,43.250724,423.857 -2.614877,43.250786,423.489 -2.614854,43.250838,422.241 -2.614837,43.250886,421.844 -2.614826,43.250930,421.436 -2.614824,43.250977,420.839 -2.614820,43.251024,420.488 -2.614814,43.251068,420.024 -2.614803,43.251103,419.826 -2.614793,43.251138,419.409 -2.614781,43.251179,418.870 -2.614770,43.251221,417.866 -2.614758,43.251264,416.876 -2.614746,43.251298,416.612 -2.614750,43.251305,416.254 -2.614754,43.251319,416.096 -2.614746,43.251337,416.019 -2.614733,43.251368,415.821 -2.614729,43.251399,415.824 -2.614720,43.251437,415.466 -2.614712,43.251475,415.029 -2.614705,43.251519,414.621 -2.614695,43.251567,414.009 -2.614684,43.251616,413.488 -2.614670,43.251664,413.274 -2.614656,43.251706,413.094 -2.614644,43.251746,413.050 -2.614624,43.251793,412.662 -2.614604,43.251842,411.624 -2.614597,43.251881,410.697 -2.614594,43.251917,410.029 -2.614577,43.251952,409.672 -2.614567,43.251988,409.497 -2.614558,43.252028,409.623 -2.614547,43.252066,409.625 -2.614535,43.252104,409.809 -2.614524,43.252138,409.881 -2.614511,43.252179,409.487 -2.614493,43.252217,408.827 -2.614474,43.252262,408.023 -2.614446,43.252307,407.445 -2.614412,43.252347,407.467 -2.614382,43.252385,407.270 -2.614344,43.252426,406.832 -2.614308,43.252466,406.655 -2.614269,43.252509,406.278 -2.614228,43.252554,405.433 -2.614186,43.252598,405.226 -2.614145,43.252646,404.209 -2.614113,43.252693,403.879 -2.614104,43.252724,403.615 -2.614112,43.252732,403.035 -2.614104,43.252734,403.051 -2.614096,43.252741,403.023 -2.614089,43.252749,403.285 -2.614081,43.252760,403.268 -2.614071,43.252776,402.890 -2.614054,43.252796,402.483 -2.614031,43.252824,402.484 -2.614002,43.252862,402.007 -2.613976,43.252899,401.017 -2.613946,43.252938,400.009 -2.613916,43.252980,399.050 -2.613880,43.253028,398.666 -2.613856,43.253076,398.456 -2.613840,43.253113,398.882 -2.613834,43.253144,398.884 -2.613830,43.253168,399.496 -2.613825,43.253190,399.469 -2.613822,43.253205,399.431 -2.613822,43.253201,399.244 -2.613821,43.253197,399.087 -2.613823,43.253197,398.842 -2.613823,43.253197,398.626 -2.613823,43.253197,398.609 -2.613823,43.253197,398.440 -2.613823,43.253197,398.426 -2.613823,43.253197,398.226 -2.613823,43.253197,398.242 -2.613823,43.253197,398.254 -2.613823,43.253197,398.236 -2.613825,43.253196,398.229 -2.613826,43.253193,398.281 -2.613823,43.253197,398.254 -2.613823,43.253197,398.225 -2.613823,43.253197,398.226 -2.613823,43.253197,398.208 -2.613823,43.253197,398.009 -2.613823,43.253197,397.834 -2.613823,43.253197,397.820 -2.613823,43.253197,397.630 -2.613823,43.253197,397.656 -2.613823,43.253197,397.618 -2.613823,43.253197,397.650 -2.613823,43.253197,397.633 -2.613823,43.253197,397.685 -2.613823,43.253197,397.428 -2.613823,43.253197,397.257 -2.613823,43.253197,397.200 -2.613823,43.253197,397.020 -2.613823,43.253197,397.009 -2.613823,43.253197,397.057 -2.613823,43.253197,396.843 -2.613823,43.253197,396.873 -2.613823,43.253197,396.889 -2.613823,43.253197,396.811 -2.613823,43.253197,396.823 -2.613823,43.253197,396.876 -2.613823,43.253197,396.868 -2.613823,43.253197,396.821 -2.613823,43.253197,396.874 -2.613823,43.253197,396.856 -2.613823,43.253197,396.821 -2.613823,43.253197,396.609 -2.613823,43.253197,396.639 -2.613823,43.253197,396.655 -2.613823,43.253197,396.695 -2.613823,43.253197,396.661 -2.613823,43.253197,396.643 -2.613823,43.253197,396.455 -2.613823,43.253197,396.488 -2.613823,43.253197,396.430 -2.613823,43.253197,396.413 -2.613823,43.253197,396.268 -2.613823,43.253197,396.242 -2.613823,43.253197,396.226 -2.613823,43.253197,396.209 -2.613823,43.253197,396.288 -2.613823,43.253197,396.244 -2.613823,43.253197,396.254 -2.613823,43.253197,396.280 -2.613823,43.253197,396.082 -2.613823,43.253197,396.044 -2.613823,43.253197,396.037 -2.613823,43.253197,396.059 -2.613823,43.253197,395.882 -2.613823,43.253197,395.873 -2.613823,43.253197,395.885 -2.613823,43.253197,395.813 -2.613823,43.253197,395.609 -2.613823,43.253197,395.699 -2.613823,43.253197,395.695 -2.613823,43.253197,395.615 -2.613823,43.253197,395.611 -2.613823,43.253197,395.643 -2.613823,43.253197,395.485 -2.613823,43.253197,395.448 -2.613823,43.253197,395.220 -2.613823,43.253197,395.253 -2.613823,43.253197,395.285 -2.613823,43.253197,395.289 -2.613823,43.253197,395.217 -2.613823,43.253197,395.209 -2.613823,43.253197,395.290 -2.613823,43.253197,395.256 -2.613823,43.253197,395.286 -2.613823,43.253197,395.272 -2.613823,43.253197,395.034 -2.613823,43.253197,395.276 -2.613823,43.253197,395.069 -2.613823,43.253197,395.041 -2.613823,43.253197,395.094 -2.613823,43.253197,395.092 -2.613823,43.253197,395.273 -2.613823,43.253197,395.220 -2.613823,43.253197,395.209 -2.613823,43.253197,395.211 -2.613823,43.253197,395.037 -2.613823,43.253197,395.047 -2.613823,43.253197,394.843 -2.613823,43.253197,394.865 -2.613823,43.253197,394.857 -2.613823,43.253197,394.890 -2.613823,43.253197,394.882 -2.613823,43.253197,394.855 -2.613823,43.253197,394.896 -2.613823,43.253197,394.831 -2.613823,43.253197,394.824 -2.613823,43.253197,394.809 -2.613823,43.253197,394.611 -2.613823,43.253197,394.677 -2.613823,43.253197,394.667 -2.613823,43.253197,394.693 -2.613823,43.253197,394.645 -2.613823,43.253197,394.667 -2.613823,43.253197,394.680 -2.613823,43.253197,394.642 -2.613823,43.253197,394.465 -2.613823,43.253197,394.427 -2.613823,43.253197,394.468 -2.613823,43.253197,394.614 -2.613823,43.253197,394.609 -2.613823,43.253197,394.694 -2.613823,43.253197,394.630 -2.613823,43.253197,394.680 -2.613823,43.253197,394.616 -2.613823,43.253197,394.698 -2.613823,43.253197,394.620 -2.613823,43.253197,394.623 -2.613823,43.253197,394.635 -2.613823,43.253197,394.628 -2.613823,43.253197,394.626 -2.613823,43.253197,394.647 -2.613823,43.253197,394.611 -2.613823,43.253197,394.609 -2.613823,43.253197,394.694 -2.613823,43.253197,394.640 -2.613823,43.253197,394.890 -2.613823,43.253197,394.856 -2.613823,43.253197,394.668 -2.613823,43.253197,394.690 -2.613823,43.253197,394.683 -2.613823,43.253197,394.675 -2.613823,43.253197,394.648 -2.613823,43.253197,394.695 -2.613823,43.253197,394.649 -2.613823,43.253197,394.623 -2.613823,43.253197,394.609 -2.613823,43.253197,394.621 -2.613823,43.253197,394.617 -2.613823,43.253197,394.627 -2.613823,43.253197,394.653 -2.613823,43.253197,394.825 -2.613823,43.253197,394.857 -2.613823,43.253197,394.890 -2.613823,43.253197,394.892 -2.613823,43.253197,394.825 -2.613823,43.253197,394.833 -2.613823,43.253197,394.623 -2.613823,43.253197,394.615 -2.613823,43.253197,394.609 -2.613823,43.253197,394.625 -2.613823,43.253197,394.851 -2.613823,43.253197,394.841 -2.613823,43.253197,394.817 -2.613823,43.253197,394.629 -2.613823,43.253197,394.661 -2.613823,43.253197,394.674 -2.613823,43.253197,394.616 -2.613823,43.253197,394.669 -2.613823,43.253197,394.634 -2.613823,43.253197,394.655 -2.613823,43.253197,394.610 -2.613823,43.253197,394.609 -2.613823,43.253197,394.625 -2.613823,43.253197,394.671 -2.613823,43.253197,394.681 -2.613823,43.253197,394.697 -2.613823,43.253197,394.659 -2.613823,43.253197,394.621 -2.613823,43.253197,394.664 -2.613823,43.253197,394.636 -2.613823,43.253197,394.629 -2.613823,43.253197,394.663 -2.613823,43.253197,394.644 -2.613826,43.253185,394.618 -2.613825,43.253177,394.609 -2.613825,43.253177,394.658 -2.613825,43.253177,394.694 -2.613825,43.253177,394.614 -2.613825,43.253177,394.690 -2.613825,43.253177,394.672 -2.613825,43.253177,394.684 -2.613825,43.253177,394.677 -2.613825,43.253177,394.619 -2.613825,43.253177,394.612 -2.613825,43.253177,394.621 -2.613825,43.253177,394.641 -2.613825,43.253177,394.605 -2.613825,43.253177,394.609 -2.613825,43.253177,394.674 -2.613825,43.253177,394.660 -2.613825,43.253177,394.620 -2.613825,43.253177,394.656 -2.613825,43.253177,394.618 -2.613825,43.253177,394.640 -2.613825,43.253177,394.653 -2.613825,43.253177,394.675 -2.613825,43.253177,394.648 -2.613825,43.253177,394.631 -2.613825,43.253177,394.661 -2.613825,43.253177,394.607 -2.613825,43.253177,394.609 -2.613825,43.253177,394.675 -2.613825,43.253177,394.631 -2.613825,43.253177,394.611 -2.613825,43.253177,394.697 -2.613825,43.253177,394.639 -2.613825,43.253177,394.641 -2.613825,43.253177,394.634 -2.613825,43.253177,394.646 -2.613825,43.253177,394.669 -2.613825,43.253177,394.683 -2.613825,43.253177,394.625 -2.613825,43.253177,394.617 -2.613825,43.253177,394.609 -2.613825,43.253177,394.630 -2.613825,43.253177,394.646 -2.613825,43.253177,394.646 -2.613825,43.253177,394.682 -2.613825,43.253177,394.634 -2.613825,43.253177,394.616 -2.613825,43.253177,394.689 -2.613825,43.253177,394.681 -2.613825,43.253177,394.664 -2.613825,43.253177,394.651 -2.613825,43.253177,394.601 -2.613825,43.253177,394.611 -2.613825,43.253177,394.609 -2.613825,43.253177,394.677 -2.613822,43.253182,394.623 -2.613802,43.253209,394.653 -2.613779,43.253233,394.659 -2.613750,43.253257,395.261 -2.613712,43.253289,395.093 -2.613674,43.253330,394.676 -2.613633,43.253375,394.078 -2.613589,43.253427,393.411 -2.613542,43.253481,393.445 -2.613492,43.253541,393.247 -2.613440,43.253596,393.211 -2.613394,43.253653,393.609 -2.613351,43.253707,394.096 -2.613313,43.253759,394.012 -2.613279,43.253810,393.862 -2.613250,43.253854,393.678 -2.613242,43.253892,393.230 -2.613252,43.253925,392.692 -2.613262,43.253947,392.425 -2.613274,43.253961,392.247 -2.613280,43.253960,391.810 -2.613280,43.253960,391.665 -2.613280,43.253960,391.668 -2.613280,43.253960,391.414 -2.613280,43.253960,391.209 -2.613280,43.253960,391.078 -2.613280,43.253960,391.014 -2.613276,43.253957,391.084 -2.613274,43.253958,391.070 -2.613264,43.253957,391.072 -2.613245,43.253954,391.214 -2.613225,43.253955,391.217 -2.613207,43.253959,391.469 -2.613208,43.253959,391.292 -2.613208,43.253959,391.284 -2.613208,43.253959,391.207 -2.613208,43.253959,391.017 -2.613208,43.253959,391.009 -2.613208,43.253959,390.870 -2.613208,43.253959,390.816 -2.613208,43.253959,390.876 -2.613208,43.253959,390.842 -2.613208,43.253959,390.684 -2.613208,43.253959,390.486 -2.613208,43.253959,390.439 -2.613208,43.253959,390.281 -2.613211,43.253961,390.264 -2.613212,43.253963,390.031 -2.613208,43.253959,390.061 -2.613823,43.253736,393.207 -2.613865,43.253739,393.409 -2.613911,43.253741,393.275 -2.613948,43.253753,393.231 -2.613984,43.253764,393.231 -2.614024,43.253772,393.017 -2.614070,43.253781,393.079 -2.614108,43.253795,393.071 -2.614140,43.253813,393.034 -2.614175,43.253831,393.076 -2.614209,43.253849,393.289 -2.614244,43.253867,393.229 -2.614278,43.253889,393.400 -2.614313,43.253909,393.620 -2.614346,43.253924,393.809 -2.614384,43.253942,394.054 -2.614423,43.253961,394.480 -2.614461,43.253974,394.820 -2.614503,43.253987,395.246 -2.614546,43.253989,395.618 -2.614589,43.254003,396.050 -2.614629,43.254019,396.463 -2.614670,43.254036,396.475 -2.614706,43.254052,396.828 -2.614741,43.254067,397.093 -2.614776,43.254081,397.465 -2.614813,43.254092,397.621 -2.614851,43.254110,397.809 -2.614881,43.254123,398.271 -2.614914,43.254139,398.617 -2.614950,43.254153,398.887 -2.614987,43.254164,399.093 -2.615020,43.254175,399.475 -2.615045,43.254188,399.467 -2.615065,43.254195,399.480 -2.615079,43.254196,399.462 -2.615069,43.254194,399.455 -2.615066,43.254196,399.473 -2.615066,43.254196,399.285 -2.615066,43.254196,399.213 -2.615066,43.254196,399.209 -2.615066,43.254196,399.219 -2.615066,43.254196,399.245 -2.615066,43.254196,399.275 -2.615066,43.254196,399.221 -2.615066,43.254196,399.023 -2.615066,43.254196,399.035 -2.615066,43.254196,398.838 -2.615066,43.254196,398.650 -2.615066,43.254196,398.613 -2.615066,43.254196,398.426 -2.615066,43.254196,398.447 -2.615066,43.254196,398.411 -2.615066,43.254196,398.409 -2.615068,43.254195,398.294 -2.615082,43.254203,398.270 -2.615097,43.254218,398.280 -2.615124,43.254236,398.096 -2.615163,43.254257,398.098 -2.615201,43.254277,397.880 -2.615247,43.254302,397.483 -2.615297,43.254330,397.075 -2.615356,43.254362,396.428 -2.615424,43.254397,395.256 -2.615500,43.254433,393.859 -2.615582,43.254473,393.014 -2.615657,43.254520,392.009 -2.615725,43.254571,391.487 -2.615791,43.254623,391.073 -2.615858,43.254676,390.643 -2.615923,43.254725,390.239 -2.615982,43.254776,390.011 -2.616048,43.254828,389.623 -2.616128,43.254876,389.436 -2.616220,43.254926,388.258 -2.616310,43.254982,387.461 -2.616406,43.255040,386.834 -2.616501,43.255102,386.055 -2.616601,43.255160,385.610 -2.616704,43.255207,384.809 -2.616820,43.255244,384.475 -2.616931,43.255283,384.471 -2.617037,43.255321,383.611 -2.617142,43.255360,383.467 -2.617246,43.255397,382.669 -2.617351,43.255431,381.641 -2.617458,43.255464,381.284 -2.617565,43.255499,380.676 -2.617673,43.255530,380.429 -2.617779,43.255558,380.252 -2.617886,43.255589,380.053 -2.617989,43.255624,379.808 -2.618078,43.255662,379.809 -2.618180,43.255695,379.297 -2.618289,43.255721,378.863 -2.618396,43.255757,378.473 -2.618493,43.255796,378.039 -2.618583,43.255837,377.631 -2.618670,43.255881,377.433 -2.618749,43.255928,377.286 -2.618820,43.255984,377.268 -2.618899,43.256036,376.841 -2.618991,43.256077,376.873 -2.619076,43.256128,376.485 -2.619156,43.256167,376.013 -2.619244,43.256198,375.009 -2.619325,43.256226,374.219 -2.619403,43.256251,374.075 -2.619489,43.256278,372.835 -2.619573,43.256306,372.091 -2.619656,43.256335,372.053 -2.619732,43.256358,371.065 -2.619802,43.256371,370.288 -2.619890,43.256374,369.280 -2.619984,43.256362,367.263 -2.620069,43.256350,366.452 -2.620145,43.256370,365.653 -2.620204,43.256413,365.008 -2.620256,43.256463,365.009 -2.620313,43.256506,364.657 -2.620367,43.256551,364.283 -2.620416,43.256596,364.083 -2.620467,43.256626,364.019 -2.620504,43.256647,364.031 -2.620507,43.256653,364.273 -2.620493,43.256644,364.636 -2.620494,43.256648,364.878 -2.620505,43.256646,364.611 -2.620509,43.256645,364.619 -2.620509,43.256645,364.609 -2.620509,43.256645,364.419 -2.620509,43.256645,364.209 -2.620509,43.256645,364.033 -2.620509,43.256645,363.899 -2.620509,43.256645,363.859 -2.620509,43.256645,363.685 -2.620509,43.256645,363.867 -2.620509,43.256645,363.819 -2.620507,43.256645,364.022 -2.620511,43.256650,364.284 -2.620531,43.256663,364.257 -2.620566,43.256682,364.062 -2.620620,43.256706,363.683 -2.620673,43.256737,363.011 -2.620727,43.256772,362.209 -2.620789,43.256812,361.468 -2.620847,43.256852,360.084 -2.620909,43.256898,359.254 -2.620983,43.256949,358.260 -2.621063,43.257000,357.862 -2.621146,43.257057,357.214 -2.621228,43.257120,355.667 -2.621313,43.257187,353.619 -2.621395,43.257258,352.842 -2.621463,43.257337,350.815 -2.621513,43.257424,349.865 -2.621539,43.257521,349.011 -2.621556,43.257612,347.209 -2.621578,43.257700,346.633 -2.621607,43.257773,345.289 -2.621660,43.257838,345.239 -2.621716,43.257899,345.035 -2.621742,43.257970,344.427 -2.621749,43.258040,343.669 -2.621749,43.258105,343.062 -2.621763,43.258166,342.414 -2.621803,43.258216,342.047 -2.621858,43.258270,341.073 -2.621926,43.258321,339.085 -2.622006,43.258387,337.213 -2.622075,43.258455,335.209 -2.622132,43.258522,334.079 -2.622193,43.258581,333.675 -2.622252,43.258627,333.065 -2.622306,43.258676,332.241 -2.622371,43.258733,330.253 -2.622454,43.258789,329.285 -2.622534,43.258835,328.498 -2.622601,43.258872,327.220 -2.622661,43.258899,327.023 -2.622695,43.258913,327.412 -2.622714,43.258909,327.832 -2.622722,43.258903,327.605 -2.622724,43.258905,327.409 -2.622724,43.258905,327.413 -2.622724,43.258905,327.219 -2.622724,43.258905,327.069 -2.622730,43.258910,327.035 -2.622739,43.258924,327.017 -2.622751,43.258945,326.819 -2.622765,43.258970,326.852 -2.622795,43.258994,326.894 -2.622826,43.259023,326.487 -2.622852,43.259060,325.685 -2.622892,43.259093,325.089 -2.622940,43.259131,324.217 -2.623000,43.259166,323.809 -2.623066,43.259195,323.050 -2.623141,43.259223,322.246 -2.623221,43.259247,321.446 -2.623299,43.259271,320.862 -2.623377,43.259297,320.674 -2.623455,43.259326,320.016 -2.623527,43.259359,319.629 -2.623596,43.259397,319.691 -2.623658,43.259432,319.894 -2.623710,43.259469,320.043 -2.623764,43.259504,320.464 -2.623824,43.259539,320.610 -2.623892,43.259572,320.609 -2.623965,43.259607,320.046 -2.624044,43.259642,318.842 -2.624135,43.259685,317.812 -2.624230,43.259734,316.268 -2.624331,43.259781,315.010 -2.624440,43.259822,313.432 -2.624550,43.259863,312.415 -2.624656,43.259898,312.017 -2.624740,43.259932,311.290 -2.624820,43.259966,310.475 -2.624906,43.260007,309.628 -2.624999,43.260052,308.020 -2.625104,43.260084,307.209 -2.625206,43.260104,306.639 -2.625306,43.260133,306.435 -2.625405,43.260173,306.245 -2.625512,43.260209,305.821 -2.625636,43.260242,304.823 -2.625762,43.260275,301.835 -2.625887,43.260316,300.648 -2.625988,43.260348,298.080 -2.626095,43.260369,298.053 -2.626198,43.260379,296.828 -2.626294,43.260405,296.289 -2.626399,43.260446,295.417 -2.626498,43.260498,294.809 -2.626596,43.260552,294.274 -2.626700,43.260608,293.210 -2.626808,43.260668,292.280 -2.626922,43.260721,291.226 -2.627031,43.260763,289.288 -2.627109,43.260806,288.460 -2.627166,43.260840,287.863 -2.627206,43.260853,288.215 -2.627232,43.260850,288.648 -2.627212,43.260853,289.273 -2.627208,43.260856,289.685 -2.627208,43.260856,289.813 -2.627207,43.260856,289.809 -2.627217,43.260853,289.879 -2.627208,43.260856,289.625 -2.627208,43.260856,289.415 -2.627208,43.260856,289.241 -2.627208,43.260856,289.263 -2.627208,43.260856,289.055 -2.627208,43.260856,289.078 -2.627208,43.260856,289.080 -2.627208,43.260856,289.053 -2.627208,43.260856,288.869 -2.627208,43.260856,288.804 -2.627214,43.260849,288.824 -2.627213,43.260846,289.009 -2.627223,43.260847,289.028 -2.627226,43.260849,289.074 -2.627232,43.260847,289.244 -2.627234,43.260848,289.230 -2.627233,43.260848,289.012 -2.627233,43.260848,288.884 -2.627233,43.260848,288.867 -2.627233,43.260849,288.629 -2.627268,43.260867,288.632 -2.627306,43.260883,288.483 -2.627353,43.260901,287.825 -2.627408,43.260921,287.017 -2.627470,43.260952,286.209 -2.627534,43.260990,285.010 -2.627607,43.261026,284.046 -2.627681,43.261060,282.616 -2.627742,43.261089,282.262 -2.627796,43.261111,282.044 -2.627836,43.261131,281.866 -2.627878,43.261156,281.429 -2.627920,43.261181,281.081 -2.627957,43.261198,280.424 -2.627996,43.261218,279.892 -2.628023,43.261232,279.273 -2.628048,43.261249,279.020 -2.628077,43.261272,278.209 -2.628117,43.261298,276.851 -2.628158,43.261329,275.227 -2.628193,43.261361,273.447 -2.628216,43.261391,272.423 -2.628233,43.261420,271.215 -2.628247,43.261451,269.817 -2.628254,43.261484,269.090 -2.628264,43.261510,268.222 -2.628277,43.261531,267.265 -2.628287,43.261553,266.224 -2.628296,43.261567,265.604 -2.628302,43.261567,265.014 -2.628304,43.261562,264.409 -2.628304,43.261562,264.244 -2.628304,43.261562,264.010 -2.628304,43.261562,264.020 -2.628304,43.261562,263.856 -2.628304,43.261562,263.818 -2.628304,43.261562,263.810 -2.628304,43.261562,263.863 -2.628304,43.261562,263.625 -2.628304,43.261562,263.638 -2.628304,43.261562,263.612 -2.628304,43.261562,263.632 -2.628304,43.261562,263.605 -2.628304,43.261562,263.409 -2.628304,43.261562,263.663 -2.628304,43.261562,263.639 -2.628304,43.261562,263.659 -2.628304,43.261562,263.645 -2.628301,43.261562,263.637 -2.628300,43.261574,263.669 -2.628311,43.261595,263.642 -2.628331,43.261624,263.484 -2.628343,43.261662,262.047 -2.628337,43.261707,259.287 -2.628338,43.261755,256.642 -2.628348,43.261800,255.626 -2.628367,43.261843,254.409 -2.628398,43.261889,252.830 -2.628437,43.261925,250.076 -2.628478,43.261955,248.016 -2.628521,43.261978,247.492 -2.628563,43.262002,246.474 -2.628600,43.262037,245.486 -2.628612,43.262078,243.849 -2.628608,43.262114,242.881 -2.628586,43.262143,240.464 -2.628545,43.262168,240.253 -2.628512,43.262190,239.404 -2.628475,43.262225,238.614 -2.628432,43.262261,238.209 -2.628398,43.262296,237.477 -2.628370,43.262336,236.483 -2.628354,43.262378,235.843 -2.628356,43.262427,234.649 -2.628381,43.262488,233.671 -2.628435,43.262556,231.443 -2.628504,43.262625,229.636 -2.628564,43.262685,227.418 -2.628614,43.262746,226.881 -2.628665,43.262803,225.028 -2.628708,43.262866,223.289 -2.628748,43.262938,221.417 -2.628806,43.263006,219.809 -2.628876,43.263064,217.294 -2.628937,43.263119,216.660 -2.628993,43.263174,216.490 -2.629054,43.263231,216.046 -2.629132,43.263276,214.438 -2.629200,43.263315,213.040 -2.629265,43.263359,211.843 -2.629324,43.263406,210.675 -2.629392,43.263436,209.218 -2.629471,43.263442,207.054 -2.629546,43.263424,206.056 -2.629613,43.263416,205.611 -2.629671,43.263419,204.209 -2.629727,43.263435,203.287 -2.629760,43.263472,202.243 -2.629788,43.263519,201.633 -2.629826,43.263570,200.659 -2.629874,43.263614,199.451 -2.629923,43.263651,198.023 -2.629978,43.263689,197.016 -2.630027,43.263732,194.278 -2.630059,43.263787,193.631 -2.630088,43.263851,191.212 -2.630133,43.263918,189.632 -2.630207,43.263974,187.205 -2.630295,43.264026,185.609 -2.630366,43.264069,184.023 -2.630432,43.264105,182.449 -2.630497,43.264148,182.059 -2.630558,43.264198,182.035 -2.630617,43.264246,181.427 -2.630670,43.264288,180.659 -2.630719,43.264328,179.462 -2.630758,43.264365,178.664 -2.630788,43.264404,177.457 -2.630817,43.264450,176.474 -2.630847,43.264502,175.456 -2.630872,43.264557,174.621 -2.630903,43.264618,172.209 -2.630933,43.264685,170.689 -2.630959,43.264757,168.265 -2.630991,43.264823,165.695 -2.631018,43.264880,163.691 -2.631032,43.264942,161.243 -2.631035,43.265011,160.255 -2.631038,43.265082,160.038 -2.631041,43.265159,159.480 -2.631035,43.265229,158.473 -2.631043,43.265293,157.298 -2.631046,43.265360,154.415 -2.631056,43.265418,153.626 -2.631066,43.265476,152.609 -2.631083,43.265538,151.871 -2.631086,43.265607,151.417 -2.631080,43.265681,150.617 -2.631077,43.265762,148.833 -2.631084,43.265845,147.415 -2.631091,43.265936,145.857 -2.631078,43.266030,145.680 -2.631045,43.266123,144.862 -2.631006,43.266208,143.025 -2.630952,43.266291,141.228 -2.630904,43.266375,139.689 -2.630852,43.266465,139.017 -2.630794,43.266553,138.609 -2.630743,43.266644,138.094 -2.630697,43.266739,137.650 -2.630647,43.266836,136.870 -2.630597,43.266926,136.216 -2.630535,43.267017,135.438 -2.630469,43.267097,134.640 -2.630413,43.267173,134.643 -2.630362,43.267245,134.665 -2.630310,43.267318,134.898 -2.630264,43.267389,135.482 -2.630217,43.267466,134.843 -2.630161,43.267553,133.617 -2.630104,43.267641,132.809 -2.630044,43.267729,132.010 -2.629991,43.267815,131.626 -2.629931,43.267903,131.086 -2.629865,43.267989,130.612 -2.629799,43.268071,130.094 -2.629732,43.268154,128.846 -2.629666,43.268235,128.219 -2.629602,43.268319,127.481 -2.629554,43.268405,127.474 -2.629536,43.268494,127.296 -2.629553,43.268580,127.031 -2.629584,43.268656,126.824 -2.629599,43.268722,127.409 -2.629590,43.268789,127.421 -2.629563,43.268849,127.277 -2.629520,43.268898,127.267 -2.629468,43.268948,127.093 -2.629415,43.269000,126.855 -2.629360,43.269050,126.417 -2.629304,43.269100,126.270 -2.629267,43.269150,125.842 -2.629231,43.269203,125.635 -2.629212,43.269260,125.475 -2.629209,43.269317,125.628 -2.629209,43.269371,126.020 -2.629196,43.269420,126.409 -2.629175,43.269462,126.839 -2.629154,43.269499,127.295 -2.629138,43.269533,127.485 -2.629119,43.269562,128.071 -2.629100,43.269590,128.473 -2.629073,43.269618,128.815 -2.629048,43.269645,129.058 -2.629030,43.269676,129.490 -2.629001,43.269711,129.443 -2.628966,43.269744,129.436 -2.628934,43.269778,129.617 -2.628905,43.269814,129.418 -2.628872,43.269853,129.409 -2.628838,43.269886,129.415 -2.628807,43.269922,129.441 -2.628771,43.269962,129.411 -2.628730,43.270005,129.027 -2.628688,43.270054,128.639 -2.628644,43.270107,128.491 -2.628611,43.270157,127.814 -2.628590,43.270211,127.416 -2.628564,43.270263,127.469 -2.628544,43.270308,127.832 -2.628528,43.270342,128.492 -2.628503,43.270381,129.011 -2.628492,43.270419,129.609 -2.628480,43.270468,130.215 -2.628469,43.270508,130.661 -2.628455,43.270547,131.071 -2.628441,43.270591,131.027 -2.628427,43.270635,131.079 -2.628408,43.270674,131.051 -2.628384,43.270709,130.854 -2.628351,43.270744,130.636 -2.628312,43.270781,130.269 -2.628261,43.270824,130.043 -2.628207,43.270873,129.464 -2.628161,43.270932,128.610 -2.628121,43.270991,128.009 -2.628086,43.271050,127.876 -2.628051,43.271105,127.842 -2.628018,43.271165,128.012 -2.627974,43.271229,127.698 -2.627921,43.271292,127.250 -2.627873,43.271354,126.852 -2.627834,43.271415,126.415 -2.627809,43.271481,126.237 -2.627789,43.271544,126.290 -2.627776,43.271604,126.696 -2.627771,43.271664,126.631 -2.627762,43.271721,126.624 -2.627760,43.271776,126.409 -2.627764,43.271834,126.261 -2.627774,43.271892,126.097 -2.627789,43.271944,126.047 -2.627807,43.271993,126.213 -2.627834,43.272041,126.475 -2.627865,43.272088,126.667 -2.627893,43.272133,126.680 -2.627929,43.272178,126.632 -2.627964,43.272228,126.275 -2.627996,43.272278,125.883 -2.628026,43.272328,125.425 -2.628062,43.272379,125.017 -2.628097,43.272430,124.809 -2.628143,43.272475,124.830 -2.628188,43.272521,124.666 -2.628240,43.272573,124.686 -2.628295,43.272623,124.432 -2.628359,43.272684,123.854 -2.628411,43.272751,122.646 -2.628453,43.272824,120.829 -2.628478,43.272898,120.831 -2.628492,43.272971,120.214 -2.628521,43.273038,119.881 -2.628572,43.273102,119.861 -2.628644,43.273152,119.617 -2.628730,43.273184,119.609 -2.628820,43.273207,119.650 -2.628905,43.273240,119.676 -2.628980,43.273283,119.456 -2.629051,43.273328,118.822 -2.629102,43.273380,118.444 -2.629161,43.273429,118.076 -2.629223,43.273482,118.019 -2.629287,43.273529,118.031 -2.629345,43.273577,117.834 -2.629400,43.273627,117.699 -2.629452,43.273682,117.407 -2.629506,43.273741,116.627 -2.629558,43.273803,116.009 -2.629609,43.273865,115.411 -2.629661,43.273927,115.087 -2.629711,43.273985,114.497 -2.629766,43.274045,114.233 -2.629821,43.274106,114.255 -2.629875,43.274164,114.437 -2.629937,43.274215,114.430 -2.630000,43.274265,114.422 -2.630062,43.274319,114.625 -2.630108,43.274368,114.893 -2.630144,43.274419,115.265 -2.630158,43.274471,115.621 -2.630176,43.274513,116.209 -2.630189,43.274545,117.031 -2.630201,43.274579,117.657 -2.630212,43.274609,118.227 -2.630218,43.274634,119.063 -2.630222,43.274661,119.685 -2.630227,43.274683,120.087 -2.630225,43.274714,120.430 -2.630223,43.274731,120.842 -2.630228,43.274753,121.295 -2.630230,43.274781,121.674 -2.630226,43.274811,122.056 -2.630227,43.274836,122.421 -2.630215,43.274863,122.809 -2.630206,43.274891,123.269 -2.630202,43.274915,123.655 -2.630210,43.274936,123.835 -2.630221,43.274960,124.211 -2.630227,43.274978,124.663 -2.630224,43.274999,124.875 -2.630220,43.275019,125.278 -2.630213,43.275036,125.830 -2.630195,43.275051,126.083 -2.630192,43.275066,126.432 -2.630200,43.275081,126.892 -2.630197,43.275097,127.211 -2.630187,43.275112,127.409 -2.630176,43.275125,127.625 -2.630170,43.275142,128.031 -2.630166,43.275161,128.241 -2.630163,43.275180,128.447 -2.630154,43.275194,128.899 -2.630145,43.275212,129.031 -2.630142,43.275230,129.484 -2.630130,43.275253,129.886 -2.630120,43.275272,130.499 -2.630107,43.275291,130.833 -2.630101,43.275305,131.223 -2.630089,43.275321,131.615 -2.630069,43.275333,131.809 -2.630056,43.275350,132.035 -2.630041,43.275368,132.441 -2.630024,43.275390,132.651 -2.630012,43.275412,133.047 -2.629994,43.275432,133.279 -2.629976,43.275447,133.441 -2.629956,43.275462,133.814 -2.629935,43.275477,134.096 -2.629916,43.275493,134.499 -2.629894,43.275511,134.656 -2.629869,43.275525,134.859 -2.629839,43.275538,135.214 -2.629811,43.275543,135.409 -2.629784,43.275556,135.867 -2.629751,43.275564,136.243 -2.629719,43.275565,136.693 -2.629687,43.275568,136.819 -2.629655,43.275568,137.051 -2.629626,43.275566,137.223 -2.629588,43.275563,137.256 -2.629553,43.275567,137.428 -2.629515,43.275572,137.651 -2.629468,43.275583,137.637 -2.629421,43.275608,137.849 -2.629393,43.275647,137.813 -2.629384,43.275696,137.609 -2.629389,43.275742,137.845 -2.629402,43.275785,138.051 -2.629421,43.275823,138.451 -2.629439,43.275863,138.417 -2.629454,43.275910,138.429 -2.629459,43.275962,138.411 -2.629460,43.276016,138.044 -2.629460,43.276071,137.486 -2.629464,43.276129,137.219 -2.629463,43.276192,136.648 -2.629458,43.276260,135.861 -2.629456,43.276333,135.017 -2.629450,43.276404,134.209 -2.629437,43.276476,133.416 -2.629413,43.276548,132.672 -2.629390,43.276619,132.442 -2.629373,43.276693,132.228 -2.629358,43.276764,132.260 -2.629343,43.276836,132.032 -2.629322,43.276900,131.885 -2.629289,43.276966,131.017 -2.629246,43.277042,129.660 -2.629198,43.277129,127.645 -2.629140,43.277220,126.047 -2.629079,43.277318,122.211 -2.629014,43.277428,119.009 -2.628946,43.277536,115.636 -2.628881,43.277638,113.612 -2.628831,43.277731,112.492 -2.628817,43.277821,110.848 -2.628836,43.277916,110.620 -2.628864,43.278005,110.252 -2.628880,43.278090,109.265 -2.628890,43.278173,108.067 -2.628897,43.278248,106.660 -2.628902,43.278313,105.647 -2.628905,43.278366,105.029 -2.628895,43.278408,104.821 -2.628877,43.278441,104.609 -2.628866,43.278461,104.636 -2.628870,43.278451,104.652 -2.628875,43.278445,104.612 -2.628875,43.278445,104.658 -2.628875,43.278445,104.630 -2.628875,43.278445,104.492 -2.628875,43.278445,104.495 -2.628875,43.278445,104.447 -2.628875,43.278445,104.240 -2.628875,43.278445,104.219 -2.628875,43.278445,104.209 -2.628875,43.278445,104.219 -2.628875,43.278445,104.409 -2.628875,43.278445,104.413 -2.628875,43.278445,104.449 -2.628875,43.278445,104.429 -2.628875,43.278445,104.465 -2.628875,43.278445,104.457 -2.628875,43.278445,104.229 -2.628875,43.278445,104.292 -2.628875,43.278445,104.014 -2.628875,43.278445,104.087 -2.628875,43.278445,104.047 -2.628875,43.278445,104.029 -2.628875,43.278445,104.021 -2.628877,43.278443,104.009 -2.628883,43.278443,104.056 -2.628875,43.278445,104.022 -2.628875,43.278445,104.052 -2.628875,43.278445,104.018 -2.628875,43.278445,103.850 -2.628875,43.278445,103.822 -2.628875,43.278445,103.695 -2.628875,43.278445,103.697 -2.628875,43.278445,103.630 -2.628875,43.278445,103.639 -2.628875,43.278445,103.601 -2.628875,43.278445,103.621 -2.628875,43.278445,103.409 -2.628875,43.278445,103.445 -2.628875,43.278445,103.421 -2.628875,43.278445,103.271 -2.628875,43.278445,103.297 -2.628875,43.278445,103.219 -2.628875,43.278445,103.291 -2.628875,43.278445,103.424 -2.628875,43.278445,103.446 -2.628875,43.278445,103.499 -2.628875,43.278445,103.428 -2.628875,43.278445,103.489 -2.628875,43.278445,103.217 -2.628875,43.278445,103.209 -2.628875,43.278445,103.294 -2.628875,43.278445,103.220 -2.628875,43.278445,103.260 -2.628875,43.278445,103.256 -2.628875,43.278445,103.298 -2.628875,43.278445,103.280 -2.628875,43.278445,103.253 -2.628875,43.278445,103.255 -2.628875,43.278445,103.288 -2.628875,43.278445,103.082 -2.628875,43.278445,103.043 -2.628875,43.278445,103.017 -2.628875,43.278445,103.009 -2.628875,43.278445,103.260 -2.628875,43.278445,103.256 -2.628875,43.278445,103.256 -2.628875,43.278445,103.262 -2.628875,43.278445,103.244 -2.628875,43.278445,103.256 -2.628875,43.278445,103.479 -2.628875,43.278445,103.431 -2.628876,43.278442,103.424 -2.628873,43.278451,103.673 -2.628882,43.278456,103.485 -2.628909,43.278463,103.413 -2.628936,43.278474,103.209 -2.628960,43.278485,103.029 -2.628986,43.278492,102.835 -2.629009,43.278501,102.815 -2.629027,43.278513,103.021 -2.629040,43.278530,102.863 -2.629056,43.278545,102.825 -2.629083,43.278563,103.028 -2.629113,43.278578,103.270 -2.629140,43.278595,103.473 -2.629165,43.278617,103.679 -2.629191,43.278641,103.605 -2.629208,43.278661,103.625 -2.629228,43.278678,103.609 -2.629242,43.278693,103.659 -2.629258,43.278708,103.645 -2.629278,43.278721,103.615 -2.629296,43.278726,103.671 -2.629309,43.278728,103.663 -2.629318,43.278727,103.665 -2.629323,43.278722,103.688 -2.629326,43.278718,103.620 -2.629317,43.278724,103.813 -2.629320,43.278724,104.086 -2.629322,43.278725,104.060 -2.629322,43.278725,104.026 -2.629322,43.278725,104.009 -2.629322,43.278725,104.070 -2.629322,43.278725,104.066 -2.629322,43.278725,103.866 -2.629322,43.278725,103.812 -2.629322,43.278725,103.874 -2.629322,43.278725,103.876 -2.629322,43.278725,103.679 -2.629322,43.278725,103.641 -2.629322,43.278725,103.664 -2.629322,43.278725,103.636 -2.629321,43.278727,103.617 -2.629322,43.278725,103.618 -2.629322,43.278725,103.409 -2.629320,43.278729,103.435 -2.629322,43.278725,103.451 -2.629322,43.278725,103.411 -2.629322,43.278725,103.617 -2.629314,43.278731,103.669 -2.629322,43.278725,103.621 -2.629313,43.278726,103.624 -2.629308,43.278723,103.426 -2.629322,43.278725,103.459 -2.629322,43.278725,103.419 -2.629312,43.278721,103.409 -2.629315,43.278722,103.419 -2.629316,43.278717,103.409 -2.629319,43.278717,103.483 -2.629320,43.278720,103.499 -2.629322,43.278725,103.489 -2.629322,43.278725,103.485 -2.629322,43.278725,103.497 -2.629322,43.278725,103.419 -2.629322,43.278725,103.452 -2.629322,43.278725,103.414 -2.629322,43.278725,103.427 -2.629322,43.278725,103.477 -2.629322,43.278725,103.461 -2.629322,43.278725,103.427 -2.629322,43.278725,103.409 -2.629322,43.278725,103.459 -2.629322,43.278725,103.455 -2.629322,43.278725,103.415 -2.629322,43.278725,103.491 -2.629322,43.278725,103.433 -2.629322,43.278725,103.475 -2.629322,43.278725,103.418 -2.629322,43.278725,103.480 -2.629322,43.278725,103.453 -2.629321,43.278718,103.412 -2.629322,43.278725,103.432 -2.629322,43.278725,103.405 -2.629322,43.278725,103.409 -2.629322,43.278725,103.463 -2.629322,43.278725,103.459 -2.629322,43.278725,103.459 -2.629322,43.278725,103.435 -2.629322,43.278725,103.427 -2.629322,43.278725,103.469 -2.629322,43.278725,103.432 -2.629322,43.278725,103.474 -2.629322,43.278725,103.487 -2.629322,43.278725,103.465 -2.629322,43.278725,103.468 -2.629322,43.278725,103.414 -2.629322,43.278725,103.409 -2.629322,43.278725,103.478 -2.629322,43.278725,103.444 -2.629322,43.278725,103.414 -2.629322,43.278725,103.460 -2.629322,43.278725,103.432 -2.629322,43.278725,103.464 -2.629322,43.278725,103.427 -2.629322,43.278725,103.489 -2.629319,43.278723,103.452 -2.629322,43.278725,103.415 -2.629322,43.278725,103.465 -2.629322,43.278725,103.411 -2.629322,43.278725,103.409 -2.629322,43.278725,103.483 -2.629322,43.278725,103.459 -2.629322,43.278725,103.419 -2.629316,43.278729,103.485 -2.629322,43.278750,103.417 -2.629331,43.278763,103.449 -2.629349,43.278774,103.472 -2.629372,43.278789,103.484 -2.629394,43.278805,103.697 -2.629427,43.278820,103.675 -2.629467,43.278841,103.428 -2.629507,43.278871,103.020 -2.629549,43.278906,102.609 -2.629600,43.278938,102.489 -2.629664,43.278962,102.445 -2.629733,43.278986,102.485 -2.629800,43.279018,102.411 -2.629857,43.279060,102.493 -2.629902,43.279110,102.265 -2.629939,43.279162,102.058 -2.629973,43.279218,101.450 -2.630006,43.279277,100.673 -2.630048,43.279343,99.871 -2.630094,43.279414,99.241 -2.630144,43.279480,98.615 -2.630196,43.279546,98.209 -2.630252,43.279608,98.089 -2.630315,43.279667,98.025 -2.630376,43.279724,97.885 -2.630437,43.279782,98.071 -2.630500,43.279834,98.283 -2.630567,43.279881,98.655 -2.630632,43.279925,99.098 -2.630699,43.279964,99.240 -2.630769,43.280001,99.673 -2.630835,43.280032,99.695 -2.630903,43.280065,99.649 -2.630974,43.280088,99.823 -2.631049,43.280108,99.809 -2.631123,43.280135,100.091 -2.631192,43.280161,100.277 -2.631260,43.280188,100.237 -2.631321,43.280218,100.043 -2.631378,43.280254,99.815 -2.631433,43.280291,99.857 -2.631487,43.280324,99.640 -2.631535,43.280363,99.892 -2.631577,43.280400,100.285 -2.631605,43.280437,100.681 -2.631607,43.280475,100.861 -2.631588,43.280506,101.217 -2.631551,43.280528,101.609 -2.631513,43.280547,101.620 -2.631471,43.280561,101.856 -2.631424,43.280573,101.876 -2.631376,43.280582,101.842 -2.631326,43.280596,101.874 -2.631279,43.280611,101.696 -2.631228,43.280629,101.439 -2.631177,43.280649,101.441 -2.631124,43.280669,101.224 -2.631069,43.280683,101.275 -2.631011,43.280693,101.228 -2.630955,43.280703,101.420 -2.630907,43.280721,101.609 -2.630858,43.280735,101.639 -2.630809,43.280745,101.875 -2.630758,43.280755,101.835 -2.630708,43.280770,101.651 -2.630660,43.280782,101.843 -2.630610,43.280792,101.885 -2.630561,43.280804,102.098 -2.630512,43.280821,102.270 -2.630467,43.280838,102.433 -2.630424,43.280853,102.618 -2.630382,43.280865,103.098 -2.630340,43.280865,103.217 -2.630301,43.280847,103.409 -2.630266,43.280823,103.823 -2.630225,43.280797,103.899 -2.630196,43.280775,103.899 -2.630164,43.280751,103.885 -2.630128,43.280727,103.867 -2.630083,43.280694,103.849 -2.630042,43.280661,103.632 -2.630008,43.280625,103.644 -2.629967,43.280598,103.637 -2.629929,43.280570,103.452 -2.629891,43.280542,103.653 -2.629852,43.280515,103.808 -2.629814,43.280486,103.809 -2.629777,43.280459,103.887 -2.629739,43.280434,104.033 -2.629697,43.280411,104.233 -2.629657,43.280391,104.259 -2.629613,43.280375,104.291 -2.629571,43.280356,104.653 -2.629527,43.280343,104.686 -2.629483,43.280327,104.868 -2.629437,43.280319,105.061 -2.629388,43.280310,105.223 -2.629336,43.280300,105.283 -2.629283,43.280287,105.411 -2.629232,43.280273,105.409 -2.629178,43.280262,105.434 -2.629123,43.280251,105.670 -2.629069,43.280240,105.670 -2.629013,43.280227,105.836 -2.628960,43.280211,106.038 -2.628909,43.280195,106.010 -2.628859,43.280180,106.293 -2.628805,43.280161,106.465 -2.628753,43.280140,106.468 -2.628704,43.280121,106.618 -2.628656,43.280100,107.098 -2.628604,43.280085,107.217 -2.628556,43.280064,107.409 -2.628514,43.280041,107.633 -2.628472,43.280015,107.899 -2.628429,43.279987,107.659 -2.628385,43.279961,107.875 -2.628340,43.279935,108.037 -2.628299,43.279907,108.219 -2.628259,43.279877,108.472 -2.628216,43.279846,108.444 -2.628170,43.279813,108.437 -2.628122,43.279780,108.437 -2.628075,43.279747,108.649 -2.628033,43.279711,109.013 -2.627983,43.279680,109.209 -2.627926,43.279646,109.485 -2.627875,43.279612,109.411 -2.627827,43.279579,109.481 -2.627781,43.279545,109.467 -2.627732,43.279512,109.419 -2.627685,43.279477,109.681 -2.627641,43.279440,109.894 -2.627596,43.279404,110.086 -2.627553,43.279370,110.269 -2.627513,43.279333,110.289 -2.627476,43.279294,110.206 -2.627441,43.279255,110.426 -2.627407,43.279218,110.609 -2.627370,43.279180,110.650 -2.627324,43.279143,111.086 -2.627272,43.279109,111.236 -2.627220,43.279080,111.412 -2.627164,43.279054,111.664 -2.627107,43.279031,111.866 -2.627044,43.279006,112.019 -2.626984,43.278981,112.211 -2.626922,43.278958,112.424 -2.626864,43.278934,112.643 -2.626809,43.278903,112.864 -2.626764,43.278870,113.010 -2.626725,43.278834,113.009 -2.626691,43.278794,113.256 -2.626661,43.278751,113.252 -2.626636,43.278705,113.432 -2.626615,43.278660,113.448 -2.626594,43.278616,113.620 -2.626573,43.278570,113.852 -2.626549,43.278524,113.835 -2.626523,43.278481,114.247 -2.626490,43.278438,114.410 -2.626452,43.278397,114.473 -2.626407,43.278357,114.685 -2.626356,43.278320,114.813 -2.626299,43.278292,114.809 -2.626237,43.278272,115.079 -2.626174,43.278260,115.275 -2.626120,43.278248,115.815 -2.626058,43.278237,116.421 -2.625998,43.278219,116.843 -2.625941,43.278213,117.095 -2.625887,43.278210,117.418 -2.625832,43.278205,117.230 -2.625782,43.278196,117.443 -2.625735,43.278192,117.614 -2.625691,43.278191,118.054 -2.625657,43.278195,118.009 -2.625638,43.278201,118.209 -2.625643,43.278197,118.253 -2.625643,43.278197,118.269 -2.625643,43.278197,118.049 -2.625643,43.278197,117.845 -2.625643,43.278197,117.867 -2.625643,43.278197,117.899 -2.625643,43.278197,117.842 -2.625643,43.278197,117.824 -2.625644,43.278198,118.097 -2.625643,43.278197,118.066 -2.625646,43.278203,118.029 -2.625639,43.278208,118.021 -2.625629,43.278209,118.009 -2.625635,43.278212,118.218 -2.625634,43.278212,118.234 -2.625634,43.278212,118.044 -2.625634,43.278212,118.070 -2.625634,43.278212,117.852 -2.625634,43.278212,117.664 -2.625634,43.278212,117.467 -2.625634,43.278212,117.249 -2.625634,43.278212,117.252 -2.625634,43.278212,117.229 -2.625634,43.278212,117.200 -2.625634,43.278212,117.220 -2.625634,43.278212,117.209 -2.625634,43.278212,117.294 -2.625634,43.278212,117.260 -2.625634,43.278212,117.260 -2.625633,43.278211,117.476 -2.625614,43.278211,117.658 -2.625589,43.278217,117.610 -2.625556,43.278226,117.633 -2.625519,43.278236,117.895 -2.625485,43.278241,117.888 -2.625451,43.278246,117.843 -2.625406,43.278254,117.864 -2.625362,43.278261,117.810 -2.625319,43.278266,117.809 -2.625268,43.278267,117.836 -2.625212,43.278266,117.892 -2.625158,43.278264,117.842 -2.625103,43.278261,118.048 -2.625053,43.278259,118.260 -2.625002,43.278254,118.272 -2.624944,43.278246,118.495 -2.624887,43.278236,118.627 -2.624827,43.278223,118.670 -2.624768,43.278209,118.897 -2.624711,43.278191,119.023 -2.624660,43.278173,119.225 -2.624612,43.278153,119.409 -2.624571,43.278136,119.661 -2.624524,43.278117,119.877 -2.624478,43.278093,119.847 -2.624434,43.278070,120.013 -2.624388,43.278045,120.285 -2.624349,43.278020,120.217 -2.624319,43.277993,120.430 -2.624292,43.277961,120.622 -2.624268,43.277926,120.885 -2.624245,43.277894,120.862 -2.624225,43.277859,121.083 -2.624210,43.277822,121.211 -2.624194,43.277783,121.209 -2.624172,43.277747,121.498 -2.624147,43.277710,121.424 -2.624127,43.277673,121.454 -2.624111,43.277638,121.430 -2.624095,43.277604,121.672 -2.624078,43.277568,121.654 -2.624059,43.277536,121.897 -2.624044,43.277503,122.049 -2.624028,43.277469,122.222 -2.624010,43.277435,122.474 -2.623998,43.277405,122.856 -2.623979,43.277373,123.021 -2.623957,43.277340,123.209 -2.623941,43.277312,123.669 -2.623917,43.277283,123.855 -2.623890,43.277257,124.055 -2.623860,43.277232,124.221 -2.623829,43.277207,124.633 -2.623795,43.277185,124.685 -2.623758,43.277165,124.818 -2.623718,43.277144,125.030 -2.623680,43.277121,125.433 -2.623638,43.277107,125.614 -2.623594,43.277098,125.654 -2.623553,43.277084,125.809 -2.623512,43.277068,126.009 -2.623471,43.277056,126.033 -2.623430,43.277042,126.019 -2.623391,43.277024,126.419 -2.623355,43.277008,126.685 -2.623313,43.277002,127.057 -2.623270,43.276995,127.299 -2.623229,43.276987,127.412 -2.623185,43.276976,127.494 -2.623141,43.276968,127.457 -2.623098,43.276954,127.692 -2.623060,43.276942,127.873 -2.623013,43.276929,127.820 -2.622971,43.276919,128.009 -2.622931,43.276910,128.221 -2.622893,43.276897,128.477 -2.622856,43.276882,128.637 -2.622816,43.276870,128.843 -2.622775,43.276858,129.025 -2.622731,43.276848,129.217 -2.622689,43.276839,129.420 -2.622647,43.276830,129.612 -2.622605,43.276819,129.865 -2.622565,43.276804,130.044 -2.622529,43.276784,130.205 -2.622493,43.276766,130.415 -2.622455,43.276745,130.809 -2.622417,43.276724,131.046 -2.622380,43.276698,131.032 -2.622343,43.276671,131.212 -2.622307,43.276646,131.228 -2.622275,43.276620,131.420 -2.622239,43.276594,131.662 -2.622207,43.276568,132.095 -2.622178,43.276543,132.247 -2.622146,43.276520,132.290 -2.622109,43.276497,132.442 -2.622070,43.276472,132.422 -2.622028,43.276446,132.614 -2.621990,43.276423,133.009 -2.621952,43.276404,133.276 -2.621911,43.276387,133.462 -2.621870,43.276373,133.632 -2.621829,43.276362,133.858 -2.621787,43.276348,134.070 -2.621743,43.276336,134.222 -2.621697,43.276328,134.255 -2.621650,43.276318,134.447 -2.621605,43.276306,134.890 -2.621560,43.276292,135.032 -2.621518,43.276275,135.292 -2.621477,43.276258,135.411 -2.621436,43.276236,135.409 -2.621399,43.276215,135.495 -2.621358,43.276188,135.641 -2.621321,43.276161,135.841 -2.621287,43.276133,136.027 -2.621255,43.276102,136.249 -2.621227,43.276074,136.631 -2.621201,43.276046,136.824 -2.621172,43.276016,137.036 -2.621147,43.275989,137.249 -2.621121,43.275960,137.278 -2.621091,43.275933,137.433 -2.621060,43.275906,137.426 -2.621028,43.275878,137.809 -2.621000,43.275850,138.099 -2.620956,43.275832,138.485 -2.620920,43.275808,138.615 -2.620885,43.275783,138.821 -2.620849,43.275761,139.013 -2.620812,43.275740,139.055 -2.620777,43.275716,139.048 -2.620740,43.275690,139.280 -2.620701,43.275665,139.443 -2.620662,43.275643,139.667 -2.620625,43.275621,139.881 -2.620591,43.275600,140.019 -2.620556,43.275576,140.409 -2.620523,43.275552,140.678 -2.620502,43.275523,140.894 -2.620474,43.275496,141.294 -2.620444,43.275471,141.680 -2.620416,43.275446,141.852 -2.620388,43.275419,142.284 -2.620358,43.275391,142.467 -2.620321,43.275365,142.819 -2.620288,43.275336,143.242 -2.620261,43.275314,143.661 -2.620234,43.275288,144.021 -2.620198,43.275258,144.413 -2.620168,43.275234,144.609 -2.620136,43.275226,145.078 -2.620099,43.275213,145.244 -2.620062,43.275199,145.454 -2.620017,43.275192,145.650 -2.619972,43.275188,145.842 -2.619923,43.275184,146.094 -2.619875,43.275177,145.847 -2.619824,43.275171,145.639 -2.619771,43.275169,145.682 -2.619718,43.275161,145.467 -2.619663,43.275145,145.281 -2.619611,43.275123,145.019 -2.619567,43.275097,145.209 -2.619530,43.275068,145.288 -2.619501,43.275034,145.254 -2.619481,43.274998,145.214 -2.619461,43.274960,145.450 -2.619444,43.274923,145.442 -2.619432,43.274884,145.484 -2.619423,43.274845,145.617 -2.619413,43.274804,145.659 -2.619402,43.274764,145.872 -2.619391,43.274726,146.098 -2.619379,43.274684,146.215 -2.619367,43.274640,146.426 -2.619350,43.274599,146.409 -2.619331,43.274559,146.681 -2.619310,43.274522,146.897 -2.619286,43.274484,147.057 -2.619260,43.274447,147.213 -2.619232,43.274412,147.415 -2.619203,43.274380,147.667 -2.619165,43.274347,147.870 -2.619125,43.274321,147.822 -2.619081,43.274296,148.095 -2.619037,43.274271,148.212 -2.618991,43.274250,148.232 -2.618943,43.274230,148.405 -2.618897,43.274210,148.609 -2.618852,43.274188,148.863 -2.618806,43.274161,149.059 -2.618767,43.274132,149.259 -2.618736,43.274098,149.495 -2.618709,43.274062,149.657 -2.618691,43.274024,149.879 -2.618682,43.273983,150.062 -2.618672,43.273943,150.464 -2.618662,43.273905,150.697 -2.618653,43.273864,150.614 -2.618645,43.273826,150.854 -2.618632,43.273790,151.009 -2.618616,43.273754,151.009 -2.618595,43.273718,151.223 -2.618572,43.273683,151.459 -2.618542,43.273653,151.699 -2.618507,43.273624,151.825 -2.618470,43.273594,152.287 -2.618430,43.273565,152.469 -2.618387,43.273540,152.692 -2.618338,43.273520,153.084 -2.618289,43.273505,153.267 -2.618235,43.273488,153.686 -2.618173,43.273477,153.860 -2.618125,43.273464,154.026 -2.618080,43.273445,154.409 -2.618032,43.273426,154.630 -2.617984,43.273410,155.036 -2.617932,43.273399,155.086 -2.617876,43.273395,155.292 -2.617823,43.273394,155.414 -2.617770,43.273395,155.666 -2.617716,43.273403,155.829 -2.617664,43.273419,156.061 -2.617619,43.273446,156.264 -2.617575,43.273476,156.481 -2.617539,43.273507,156.861 -2.617503,43.273542,157.017 -2.617470,43.273577,157.209 -2.617442,43.273613,157.490 -2.617418,43.273649,157.616 -2.617385,43.273687,157.686 -2.617350,43.273724,157.892 -2.617319,43.273756,157.814 -2.617291,43.273790,157.846 -2.617265,43.273826,157.819 -2.617240,43.273862,158.221 -2.617218,43.273899,158.444 -2.617197,43.273937,158.696 -2.617177,43.273972,158.831 -2.617156,43.274012,159.024 -2.617134,43.274048,159.209 -2.617119,43.274082,159.431 -2.617106,43.274119,159.667 -2.617089,43.274158,160.077 -2.617069,43.274195,160.293 -2.617049,43.274232,160.255 -2.617023,43.274264,160.457 -2.616993,43.274297,160.680 -2.616957,43.274331,160.852 -2.616925,43.274364,161.095 -2.616894,43.274397,161.233 -2.616862,43.274427,161.423 -2.616828,43.274459,161.815 -2.616790,43.274490,162.009 -2.616753,43.274519,162.255 -2.616715,43.274548,162.421 -2.616677,43.274575,162.641 -2.616641,43.274605,162.817 -2.616604,43.274635,162.829 -2.616567,43.274665,163.091 -2.616528,43.274692,163.014 -2.616489,43.274722,163.076 -2.616451,43.274754,163.059 -2.616414,43.274784,163.459 -2.616377,43.274815,163.603 -2.616338,43.274846,164.023 -2.616300,43.274876,164.209 -2.616259,43.274907,164.657 -2.616216,43.274938,164.813 -2.616167,43.274963,165.023 -2.616110,43.274979,165.499 -2.616044,43.274983,165.661 -2.615977,43.274975,165.823 -2.615914,43.274955,166.046 -2.615857,43.274922,166.498 -2.615822,43.274883,166.631 -2.615820,43.274834,166.834 -2.615846,43.274790,167.255 -2.615884,43.274751,167.610 -2.615919,43.274711,167.809 -2.615949,43.274670,168.085 -2.615979,43.274632,168.461 -2.616009,43.274596,168.661 -2.616037,43.274563,168.837 -2.616067,43.274527,169.029 -2.616091,43.274493,169.211 -2.616112,43.274454,169.484 -2.616132,43.274415,169.656 -2.616154,43.274376,169.879 -2.616170,43.274336,170.262 -2.616182,43.274295,170.283 -2.616191,43.274255,170.611 -2.616195,43.274215,170.809 -2.616197,43.274176,171.068 -2.616195,43.274136,171.244 -2.616191,43.274095,171.434 -2.616181,43.274054,171.670 -2.616171,43.274014,171.842 -2.616153,43.273974,172.034 -2.616130,43.273937,172.237 -2.616102,43.273905,172.429 -2.616065,43.273876,172.682 -2.616027,43.273845,173.034 -2.615979,43.273817,173.255 -2.615933,43.273786,173.410 -2.615889,43.273758,173.609 -2.615847,43.273734,173.895 -2.615809,43.273709,173.821 -2.615767,43.273685,174.061 -2.615722,43.273661,174.247 -2.615680,43.273638,174.499 -2.615635,43.273615,174.651 -2.615589,43.273594,175.044 -2.615541,43.273573,175.096 -2.615494,43.273550,175.459 -2.615445,43.273528,175.634 -2.615397,43.273507,175.855 -2.615350,43.273484,176.010 -2.615302,43.273461,176.409 -2.615252,43.273442,176.665 -2.615199,43.273425,176.811 -2.615146,43.273410,177.281 -2.615096,43.273396,177.427 -2.615048,43.273385,177.629 -2.614997,43.273376,178.071 -2.614941,43.273369,178.284 -2.614885,43.273362,178.496 -2.614831,43.273355,178.629 -2.614776,43.273346,178.842 -2.614720,43.273339,179.022 -2.614665,43.273331,179.214 -2.614608,43.273323,179.409 -2.614550,43.273315,179.616 -2.614495,43.273306,179.812 -2.614440,43.273298,180.072 -2.614384,43.273290,180.418 -2.614327,43.273282,180.610 -2.614268,43.273275,180.872 -2.614211,43.273272,181.065 -2.614156,43.273271,181.267 -2.614104,43.273270,181.240 -2.614049,43.273267,181.467 -2.613989,43.273266,181.881 -2.613933,43.273267,182.019 -2.613874,43.273269,182.209 -2.613817,43.273271,182.438 -2.613761,43.273271,182.894 -2.613703,43.273269,183.054 -2.613649,43.273263,183.080 -2.613597,43.273257,183.462 -2.613545,43.273252,183.684 -2.613493,43.273247,183.897 -2.613439,43.273240,184.259 -2.613383,43.273232,184.412 -2.613326,43.273224,184.659 -2.613271,43.273213,184.803 -2.613215,43.273203,184.823 -2.613161,43.273191,185.009 -2.613108,43.273178,185.047 -2.613052,43.273165,185.463 -2.612994,43.273152,185.433 -2.612938,43.273139,185.669 -2.612884,43.273127,185.831 -2.612832,43.273117,186.063 -2.612779,43.273107,186.276 -2.612724,43.273098,186.478 -2.612670,43.273088,186.641 -2.612617,43.273080,186.896 -2.612565,43.273071,187.031 -2.612511,43.273061,187.224 -2.612459,43.273051,187.409 -2.612404,43.273042,187.681 -2.612350,43.273038,187.867 -2.612293,43.273034,188.067 -2.612237,43.273030,188.053 -2.612181,43.273029,188.265 -2.612126,43.273029,188.237 -2.612072,43.273028,188.660 -2.612018,43.273025,189.012 -2.611965,43.273032,189.425 -2.611912,43.273038,189.419 -2.611856,43.273042,189.609 -2.611799,43.273046,190.019 -2.611743,43.273050,189.809 -2.611687,43.273057,190.053 -2.611635,43.273061,190.299 -2.611577,43.273068,190.669 -2.611522,43.273076,190.685 -2.611470,43.273088,191.087 -2.611422,43.273111,191.269 -2.611378,43.273138,191.452 -2.611338,43.273166,191.614 -2.611298,43.273198,192.017 -2.611268,43.273233,192.427 -2.611245,43.273276,192.668 -2.611231,43.273320,192.814 -2.611216,43.273363,193.209 -2.611195,43.273408,193.264 -2.611174,43.273451,193.420 -2.611152,43.273492,193.650 -2.611130,43.273528,193.646 -2.611105,43.273564,193.618 -2.611076,43.273601,193.820 -2.611048,43.273634,194.273 -2.611019,43.273669,194.485 -2.610990,43.273706,194.648 -2.610961,43.273745,195.047 -2.610930,43.273781,195.229 -2.610899,43.273814,195.221 -2.610867,43.273845,195.409 -2.610830,43.273878,195.616 -2.610796,43.273911,195.692 -2.610763,43.273945,195.872 -2.610727,43.273983,196.238 -2.610696,43.274021,196.680 -2.610675,43.274061,196.672 -2.610658,43.274101,197.085 -2.610650,43.274142,197.477 -2.610653,43.274181,197.690 -2.610668,43.274218,197.867 -2.610684,43.274255,198.281 -2.610703,43.274293,198.219 -2.610723,43.274332,198.209 -2.610743,43.274370,198.478 -2.610764,43.274408,198.424 -2.610784,43.274450,198.684 -2.610802,43.274490,198.880 -2.610813,43.274534,199.012 -2.610821,43.274580,199.234 -2.610822,43.274627,199.277 -2.610820,43.274673,199.499 -2.610808,43.274718,199.622 -2.610783,43.274756,199.615 -2.610751,43.274794,199.665 -2.610709,43.274825,199.811 -2.610656,43.274850,199.809 -2.610600,43.274868,200.043 -2.610540,43.274877,200.219 -2.610477,43.274874,200.259 -2.610413,43.274861,200.485 -2.610348,43.274838,200.647 -2.610301,43.274807,200.859 -2.610274,43.274776,201.012 -2.610247,43.274742,201.434 -2.610208,43.274701,201.617 -2.610178,43.274661,201.487 -2.610149,43.274616,201.442 -2.610117,43.274570,201.426 -2.610085,43.274525,201.209 -2.610052,43.274480,201.070 -2.610021,43.274434,201.086 -2.609987,43.274390,201.236 -2.609950,43.274351,201.292 -2.609904,43.274315,201.444 -2.609848,43.274286,201.646 -2.609787,43.274259,201.829 -2.609724,43.274239,201.851 -2.609656,43.274223,201.854 -2.609588,43.274211,202.216 -2.609520,43.274197,202.276 -2.609452,43.274181,202.013 -2.609387,43.274149,202.009 -2.609343,43.274103,202.093 -2.609325,43.274051,201.899 -2.609339,43.273997,201.669 -2.609385,43.273956,201.895 -2.609446,43.273923,202.017 -2.609506,43.273890,202.239 -2.609563,43.273862,202.672 -2.609618,43.273838,202.874 -2.609679,43.273814,203.037 -2.609741,43.273790,203.095 -2.609798,43.273764,203.249 -2.609850,43.273734,203.423 -2.609901,43.273698,203.609 -2.609948,43.273660,203.821 -2.609989,43.273621,204.217 -2.610019,43.273579,204.437 -2.610029,43.273531,204.823 -2.610024,43.273480,205.245 -2.610008,43.273431,205.677 -2.609976,43.273390,206.030 -2.609930,43.273358,206.262 -2.609873,43.273330,206.435 -2.609812,43.273304,206.827 -2.609749,43.273287,207.268 -2.609682,43.273272,207.414 -2.609616,43.273263,208.009 -2.609550,43.273255,208.254 -2.609484,43.273252,208.490 -2.609419,43.273249,208.860 -2.609352,43.273246,209.256 -2.609286,43.273243,209.248 -2.609218,43.273239,209.480 -2.609152,43.273237,209.813 -2.609082,43.273233,210.075 -2.609010,43.273230,210.428 -2.608945,43.273219,210.882 -2.608878,43.273206,211.443 -2.608813,43.273191,212.017 -2.608758,43.273179,212.609 -2.608697,43.273164,213.020 -2.608638,43.273143,213.296 -2.608581,43.273121,213.666 -2.608523,43.273099,213.692 -2.608467,43.273076,213.674 -2.608411,43.273053,213.856 -2.608352,43.273029,214.049 -2.608294,43.273004,214.431 -2.608239,43.272980,214.834 -2.608186,43.272954,215.015 -2.608131,43.272929,215.465 -2.608074,43.272907,215.811 -2.608017,43.272884,216.409 -2.607963,43.272862,217.213 -2.607902,43.272840,217.679 -2.607850,43.272818,217.899 -2.607796,43.272795,218.015 -2.607742,43.272772,218.087 -2.607685,43.272750,218.099 -2.607632,43.272728,218.082 -2.607579,43.272704,218.484 -2.607527,43.272680,218.867 -2.607473,43.272654,219.269 -2.607417,43.272627,219.404 -2.607366,43.272597,219.624 -2.607320,43.272569,219.809 -2.607275,43.272535,220.038 -2.607234,43.272497,220.024 -2.607198,43.272457,220.024 -2.607171,43.272410,220.040 -2.607157,43.272355,219.872 -2.607153,43.272297,219.444 -2.607155,43.272236,219.037 -2.607160,43.272172,218.689 -2.607172,43.272111,218.262 -2.607195,43.272045,217.834 -2.607229,43.271979,217.255 -2.607269,43.271911,216.810 -2.607313,43.271844,216.409 -2.607352,43.271771,215.865 -2.607381,43.271694,215.441 -2.607400,43.271614,215.081 -2.607406,43.271532,214.467 -2.607404,43.271448,214.029 -2.607400,43.271361,213.651 -2.607395,43.271270,213.224 -2.607388,43.271180,212.436 -2.607373,43.271087,211.699 -2.607335,43.271003,211.085 -2.607248,43.270947,210.489 -2.607129,43.270919,210.217 -2.607013,43.270928,210.209 -2.606938,43.270981,210.260 -2.606900,43.271054,209.846 -2.606865,43.271125,209.646 -2.606836,43.271192,209.472 -2.606805,43.271261,208.694 -2.606761,43.271329,208.096 -2.606710,43.271391,207.689 -2.606651,43.271441,207.481 -2.606577,43.271481,207.434 -2.606500,43.271513,207.279 -2.606418,43.271544,207.205 -2.606334,43.271572,207.225 -2.606241,43.271589,207.609 -2.606150,43.271605,208.029 -2.606053,43.271621,208.275 -2.605958,43.271629,208.275 -2.605862,43.271638,208.071 -2.605769,43.271644,207.473 -2.605673,43.271649,207.065 -2.605578,43.271653,207.078 -2.605483,43.271655,206.870 -2.605388,43.271655,206.813 -2.605293,43.271655,206.633 -2.605201,43.271654,206.623 -2.605106,43.271651,206.415 -2.605012,43.271646,206.409 -2.604916,43.271642,206.465 -2.604826,43.271639,206.461 -2.604737,43.271634,206.411 -2.604643,43.271631,206.477 -2.604547,43.271625,206.469 -2.604452,43.271622,206.431 -2.604359,43.271619,206.474 -2.604264,43.271614,206.436 -2.604170,43.271607,206.479 -2.604077,43.271605,206.468 -2.603985,43.271600,206.242 -2.603893,43.271598,206.226 -2.603799,43.271593,206.009 -2.603703,43.271594,205.878 -2.603606,43.271597,205.644 -2.603512,43.271599,205.644 -2.603419,43.271599,205.480 -2.603328,43.271600,205.492 -2.603231,43.271605,205.294 -2.603134,43.271612,205.067 -2.603037,43.271621,205.249 -2.602944,43.271633,205.252 -2.602845,43.271639,205.076 -2.602747,43.271635,204.890 -2.602653,43.271620,204.619 -2.602564,43.271590,204.209 -2.602492,43.271544,203.819 -2.602442,43.271486,203.685 -2.602411,43.271423,203.465 -2.602385,43.271360,203.491 -2.602368,43.271294,203.213 -2.602359,43.271227,203.235 -2.602363,43.271157,203.288 -2.602374,43.271083,202.890 -2.602382,43.271010,202.653 -2.602384,43.270935,202.274 -2.602384,43.270863,201.856 -2.602382,43.270794,201.621 -2.602375,43.270725,201.209 -2.602364,43.270653,201.059 -2.602347,43.270582,201.495 -2.602306,43.270514,201.495 -2.602253,43.270449,201.221 -2.602193,43.270387,201.093 -2.602113,43.270338,201.065 -2.602018,43.270316,200.218 -2.601922,43.270325,200.240 -2.601853,43.270362,200.233 -2.601792,43.270412,200.455 -2.601737,43.270467,200.407 -2.601688,43.270527,200.417 -2.601644,43.270586,200.409 -2.601597,43.270641,200.617 -2.601544,43.270692,200.663 -2.601491,43.270740,200.653 -2.601441,43.270788,200.469 -2.601388,43.270834,200.491 -2.601329,43.270878,200.473 -2.601269,43.270920,200.486 -2.601217,43.270965,200.498 -2.601168,43.271015,200.611 -2.601126,43.271065,200.814 -2.601084,43.271118,201.054 -2.601045,43.271172,201.209 -2.601007,43.271224,201.209 -2.600964,43.271279,201.253 -2.600926,43.271333,201.089 -2.600887,43.271390,201.249 -2.600848,43.271447,201.235 -2.600806,43.271503,201.437 -2.600761,43.271557,201.469 -2.600710,43.271609,201.642 -2.600654,43.271655,201.854 -2.600590,43.271692,201.677 -2.600518,43.271726,201.656 -2.600443,43.271757,201.659 -2.600365,43.271787,201.614 -2.600285,43.271814,201.409 -2.600206,43.271839,201.457 -2.600121,43.271860,201.433 -2.600036,43.271876,201.263 -2.599947,43.271888,201.259 -2.599857,43.271891,201.021 -2.599768,43.271881,201.063 -2.599683,43.271854,201.026 -2.599604,43.271821,201.068 -2.599531,43.271783,201.021 -2.599472,43.271738,201.053 -2.599416,43.271689,200.804 -2.599359,43.271635,200.814 -2.599298,43.271589,200.609 -2.599228,43.271547,200.657 -2.599149,43.271513,200.483 -2.599060,43.271492,200.473 -2.598971,43.271482,200.289 -2.598879,43.271475,200.021 -2.598786,43.271470,200.043 -2.598693,43.271474,199.646 -2.598599,43.271495,199.448 -2.598520,43.271537,199.431 -2.598460,43.271590,199.463 -2.598396,43.271645,199.444 -2.598320,43.271693,199.618 -2.598233,43.271728,199.809 -2.598136,43.271754,199.668 -2.598039,43.271774,199.474 -2.597944,43.271790,199.074 -2.597849,43.271810,198.660 -2.597755,43.271831,198.452 -2.597662,43.271855,198.234 -2.597573,43.271885,198.057 -2.597490,43.271922,198.059 -2.597409,43.271965,198.292 -2.597328,43.272006,198.467 -2.597243,43.272045,198.481 -2.597159,43.272079,198.619 -2.597077,43.272115,198.609 -2.596993,43.272152,198.618 -2.596910,43.272189,198.424 -2.596822,43.272225,198.414 -2.596734,43.272257,198.210 -2.596648,43.272289,198.212 -2.596556,43.272320,198.484 -2.596464,43.272349,198.827 -2.596374,43.272369,198.859 -2.596275,43.272372,198.682 -2.596168,43.272361,198.452 -2.596071,43.272334,197.853 -2.595989,43.272290,197.008 -2.595924,43.272237,196.809 -2.595874,43.272176,196.627 -2.595831,43.272110,196.493 -2.595790,43.272044,196.233 -2.595757,43.271979,196.029 -2.595731,43.271915,196.071 -2.595709,43.271847,196.233 -2.595693,43.271778,196.026 -2.595683,43.271709,196.278 -2.595683,43.271642,196.221 -2.595695,43.271576,196.233 -2.595716,43.271511,196.223 -2.595746,43.271445,196.015 -2.595773,43.271379,196.009 -2.595786,43.271313,196.085 -2.595779,43.271248,196.031 -2.595753,43.271185,196.031 -2.595710,43.271126,196.087 -2.595665,43.271066,196.039 -2.595627,43.271007,196.091 -2.595591,43.270945,196.094 -2.595560,43.270879,196.086 -2.595538,43.270812,195.869 -2.595530,43.270744,195.848 -2.595531,43.270678,195.661 -2.595548,43.270609,195.617 -2.595581,43.270542,195.609 -2.595641,43.270484,195.646 -2.595727,43.270442,195.652 -2.595828,43.270422,195.232 -2.595933,43.270425,194.888 -2.596032,43.270443,194.680 -2.596129,43.270460,194.492 -2.596230,43.270469,194.225 -2.596334,43.270464,194.017 -2.596433,43.270445,193.890 -2.596521,43.270412,193.631 -2.596603,43.270369,193.461 -2.596684,43.270317,193.207 -2.596751,43.270259,193.209 -2.596808,43.270195,193.235 -2.596855,43.270126,193.251 -2.596888,43.270054,193.261 -2.596898,43.269976,193.097 -2.596880,43.269898,193.059 -2.596837,43.269827,193.241 -2.596784,43.269764,193.254 -2.596727,43.269703,193.036 -2.596669,43.269641,192.669 -2.596610,43.269580,191.859 -2.596552,43.269518,191.203 -2.596495,43.269455,190.623 -2.596436,43.269391,190.409 -2.596377,43.269325,190.287 -2.596320,43.269258,190.053 -2.596283,43.269185,189.843 -2.596272,43.269108,189.619 -2.596284,43.269035,189.031 -2.596300,43.268962,188.613 -2.596313,43.268889,188.616 -2.596327,43.268817,188.648 -2.596336,43.268746,188.611 -2.596335,43.268674,189.262 -2.596319,43.268602,189.483 -2.596294,43.268534,189.411 -2.596262,43.268465,189.009 -2.596221,43.268398,188.838 -2.596168,43.268335,188.684 -2.596111,43.268271,188.634 -2.596048,43.268208,188.680 -2.595988,43.268146,189.032 -2.595915,43.268081,188.824 -2.595846,43.268023,188.697 -2.595772,43.267966,188.079 -2.595689,43.267916,187.622 -2.595602,43.267869,187.093 -2.595514,43.267828,186.865 -2.595422,43.267796,187.021 -2.595328,43.267767,187.009 -2.595235,43.267747,187.251 -2.595146,43.267729,187.497 -2.595060,43.267709,187.617 -2.594973,43.267692,187.683 -2.594887,43.267672,187.475 -2.594800,43.267653,187.687 -2.594717,43.267635,187.860 -2.594634,43.267618,187.872 -2.594553,43.267599,187.815 -2.594472,43.267580,187.876 -2.594391,43.267564,187.690 -2.594311,43.267544,187.619 -2.594233,43.267523,187.809 -2.594158,43.267500,188.059 -2.594083,43.267473,187.895 -2.594003,43.267446,187.655 -2.593923,43.267419,187.241 -2.593846,43.267387,186.663 -2.593774,43.267351,186.495 -2.593703,43.267309,186.258 -2.593633,43.267264,186.060 -2.593565,43.267215,185.893 -2.593505,43.267162,185.655 -2.593451,43.267107,185.407 -2.593402,43.267049,185.217 -2.593357,43.266986,185.009 -2.593316,43.266920,184.847 -2.593281,43.266856,184.613 -2.593251,43.266790,184.423 -2.593226,43.266724,184.439 -2.593202,43.266658,184.871 -2.593171,43.266588,184.873 -2.593141,43.266520,185.016 -2.593119,43.266450,185.038 -2.593087,43.266381,185.011 -2.593035,43.266318,184.629 -2.592972,43.266263,184.400 -2.592898,43.266217,184.220 -2.592819,43.266175,183.609 -2.592741,43.266135,183.054 -2.592675,43.266084,182.460 -2.592611,43.266035,182.220 -2.592545,43.265989,181.876 -2.592483,43.265947,181.698 -2.592422,43.265911,182.020 -2.592366,43.265875,182.643 -2.592332,43.265832,183.025 -2.592336,43.265793,183.688 -2.592356,43.265755,184.237 -2.592391,43.265728,184.249 -2.592431,43.265710,184.413 -2.592465,43.265692,184.409 -2.592501,43.265666,184.475 -2.592547,43.265648,184.231 -2.592569,43.265625,184.261 -2.592573,43.265599,184.257 -2.592589,43.265574,184.429 -2.592617,43.265566,184.411 -2.592640,43.265576,184.684 -2.592658,43.265587,184.826 -2.592658,43.265591,184.869 -2.592653,43.265593,185.068 -2.592648,43.265591,185.042 -2.592649,43.265589,184.826 -2.592649,43.265589,184.609 -2.592649,43.265590,184.678 -2.592654,43.265593,184.624 -2.592652,43.265595,184.664 -2.592650,43.265597,184.670 -2.592649,43.265589,184.412 -2.592649,43.265589,184.494 -2.592649,43.265589,184.297 -2.592649,43.265589,184.019 -2.592649,43.265589,184.052 -2.592649,43.265589,183.869 -2.592649,43.265589,183.804 -2.592649,43.265589,183.824 -2.592649,43.265589,183.809 -2.592649,43.265589,183.828 -2.592649,43.265589,183.614 -2.592649,43.265589,183.694 -2.592649,43.265589,183.660 -2.592649,43.265589,183.492 -2.592649,43.265589,183.454 -2.592649,43.265589,183.487 -2.592649,43.265589,183.489 -2.592649,43.265589,183.432 -2.592649,43.265589,183.283 -2.592649,43.265589,183.225 -2.592649,43.265589,183.217 -2.592655,43.265594,183.409 -2.592654,43.265592,183.410 -2.592652,43.265590,183.426 -2.592649,43.265589,183.216 -2.592649,43.265589,183.032 -2.592649,43.265589,183.084 -2.592649,43.265589,182.816 -2.592649,43.265589,182.829 -2.592649,43.265589,182.871 -2.592649,43.265589,182.644 -2.592649,43.265589,182.698 -2.592649,43.265589,182.415 -2.592649,43.265589,182.426 -2.592649,43.265589,182.409 -2.592649,43.265589,182.451 -2.592649,43.265589,182.457 -2.592649,43.265589,182.467 -2.592649,43.265589,182.223 -2.592649,43.265589,182.215 -2.592649,43.265589,182.277 -2.592649,43.265589,182.030 -2.592649,43.265589,182.022 -2.592649,43.265589,182.085 -2.592649,43.265589,182.079 -2.592649,43.265589,182.005 -2.592649,43.265589,182.025 -2.592649,43.265589,182.009 -2.592649,43.265589,182.099 -2.592649,43.265589,182.025 -2.592649,43.265589,182.015 -2.592649,43.265589,182.071 -2.592649,43.265589,182.013 -2.592649,43.265589,181.895 -2.592649,43.265589,181.878 -2.592649,43.265589,181.810 -2.592649,43.265589,181.893 -2.592649,43.265589,181.821 -2.592649,43.265589,181.841 -2.592649,43.265589,181.805 -2.592649,43.265589,181.809 -2.592649,43.265589,181.824 -2.592649,43.265589,181.820 -2.592649,43.265589,181.890 -2.592649,43.265589,181.856 -2.592649,43.265589,181.838 -2.592649,43.265589,181.850 -2.592649,43.265589,181.883 -2.592653,43.265587,181.885 -2.592653,43.265588,181.888 -2.592653,43.265596,181.819 -2.592656,43.265599,181.809 -2.592657,43.265603,181.819 -2.592659,43.265606,181.809 -2.592660,43.265605,181.443 -2.592659,43.265605,181.469 -2.592659,43.265605,181.239 -2.592659,43.265605,181.215 -2.592659,43.265605,181.277 -2.592659,43.265605,181.239 -2.592659,43.265605,181.222 -2.592659,43.265605,181.214 -2.592660,43.265604,181.247 -2.592674,43.265610,181.064 -2.592696,43.265615,181.006 -2.592732,43.265619,180.816 -2.592753,43.265588,180.809 -2.592755,43.265556,180.668 -2.592734,43.265538,180.614 -2.592703,43.265530,180.624 -2.592669,43.265527,180.840 -2.592639,43.265535,180.822 -2.592605,43.265549,180.834 -2.592562,43.265562,180.857 -2.592514,43.265581,180.879 -2.592470,43.265605,181.022 -2.592434,43.265635,181.216 -2.592401,43.265666,181.676 -2.592365,43.265692,182.013 -2.592341,43.265717,182.209 -2.592323,43.265738,182.283 -2.592312,43.265754,182.279 -2.592292,43.265773,182.099 -2.592271,43.265788,181.815 -2.592264,43.265811,181.637 -2.592288,43.265839,181.659 -2.592322,43.265859,181.642 -2.592358,43.265880,181.634 -2.592377,43.265908,181.887 -2.592371,43.265933,181.875 -2.592357,43.265954,181.828 -2.592334,43.265976,181.620 -2.592303,43.266001,181.209 -2.592273,43.266021,181.039 -2.592249,43.266040,180.655 -2.592226,43.266058,180.435 -2.592193,43.266080,180.431 -2.592161,43.266102,180.223 -2.592121,43.266125,180.055 -2.592076,43.266143,179.878 -2.592030,43.266159,179.820 -2.591984,43.266181,179.813 -2.591945,43.266216,179.851 -2.591909,43.266244,179.601 -2.591871,43.266269,179.611 -2.591826,43.266287,179.609 -2.591774,43.266291,179.637 -2.591732,43.266283,179.833 -2.591706,43.266280,180.293 -2.591693,43.266279,180.489 -2.591680,43.266277,180.651 -2.591670,43.266276,180.813 -2.591655,43.266274,180.836 -2.591633,43.266282,180.888 -2.591615,43.266302,180.651 -2.591614,43.266332,180.631 -2.591616,43.266376,180.461 -2.591610,43.266417,180.407 -2.591604,43.266457,180.409 -2.591594,43.266501,180.235 -2.591586,43.266541,180.441 -2.591584,43.266579,180.631 -2.591596,43.266619,180.637 -2.591614,43.266659,180.879 -2.591635,43.266696,180.841 -2.591658,43.266735,180.814 -2.591689,43.266773,180.876 -2.591714,43.266807,180.869 -2.591750,43.266837,181.277 -2.591773,43.266873,181.261 -2.591791,43.266905,181.427 -2.591804,43.266938,181.609 -2.591818,43.266969,181.829 -2.591830,43.267000,182.225 -2.591838,43.267031,182.635 -2.591846,43.267061,183.271 -2.591852,43.267080,183.653 -2.591857,43.267104,184.025 -2.591859,43.267122,184.648 -2.591865,43.267144,185.040 -2.591870,43.267165,185.483 -2.591875,43.267189,186.056 -2.591883,43.267211,186.459 -2.591892,43.267231,186.814 -2.591900,43.267252,187.009 -2.591906,43.267274,187.677 -2.591911,43.267298,188.073 -2.591917,43.267325,188.463 -2.591929,43.267351,188.869 -2.591940,43.267378,189.241 -2.591950,43.267399,189.683 -2.591959,43.267421,189.836 -2.591960,43.267444,190.238 -2.591965,43.267465,190.431 -2.591970,43.267485,190.891 -2.591979,43.267505,191.281 -2.591992,43.267526,191.619 -2.592007,43.267546,192.009 -2.592019,43.267567,192.411 -2.592035,43.267587,192.837 -2.592053,43.267608,193.267 -2.592066,43.267631,193.663 -2.592069,43.267651,194.255 -2.592079,43.267674,194.867 -2.592093,43.267694,195.260 -2.592108,43.267715,195.652 -2.592123,43.267735,195.845 -2.592137,43.267754,196.266 -2.592157,43.267773,196.629 -2.592174,43.267794,197.021 -2.592183,43.267816,197.409 -2.592191,43.267837,197.828 -2.592208,43.267858,198.224 -2.592222,43.267878,198.424 -2.592232,43.267898,198.810 -2.592244,43.267919,199.012 -2.592264,43.267939,199.474 -2.592280,43.267965,199.677 -2.592291,43.267990,199.889 -2.592299,43.268015,200.042 -2.592307,43.268045,200.248 -2.592317,43.268077,200.261 -2.592331,43.268114,200.217 -2.592343,43.268150,200.409 -2.592359,43.268185,200.666 -2.592379,43.268219,200.862 -2.592387,43.268250,201.082 -2.592396,43.268285,201.488 -2.592405,43.268321,201.680 -2.592413,43.268359,201.832 -2.592419,43.268396,202.045 -2.592420,43.268432,202.217 -2.592428,43.268467,202.270 -2.592440,43.268501,202.437 -2.592452,43.268537,202.649 -2.592458,43.268573,202.613 -2.592472,43.268605,202.809 -2.592494,43.268642,202.825 -2.592512,43.268683,202.821 -2.592525,43.268722,202.891 -2.592533,43.268759,203.067 -2.592542,43.268795,203.249 -2.592552,43.268830,203.451 -2.592564,43.268868,203.694 -2.592579,43.268905,203.686 -2.592592,43.268940,203.669 -2.592603,43.268973,203.621 -2.592614,43.269008,203.641 -2.592625,43.269045,203.805 -2.592633,43.269081,204.009 -2.592639,43.269120,204.084 -2.592639,43.269159,204.470 -2.592626,43.269194,204.660 -2.592603,43.269218,205.236 -2.592569,43.269231,206.078 -2.592528,43.269230,206.620 -2.592489,43.269219,207.473 -2.592459,43.269202,207.885 -2.592425,43.269191,208.458 -2.592391,43.269177,208.825 -2.592361,43.269165,209.426 -2.592330,43.269153,209.808 -2.592302,43.269138,210.209 -2.592276,43.269121,210.414 -2.592250,43.269103,210.630 -2.592227,43.269084,211.040 -2.592198,43.269067,211.266 -2.592168,43.269049,211.868 -2.592143,43.269029,212.220 -2.592120,43.269008,212.833 -2.592097,43.268990,213.235 -2.592073,43.268972,213.658 -2.592046,43.268955,214.045 -2.592020,43.268941,214.447 -2.591996,43.268924,214.811 -2.591975,43.268906,215.209 -2.591952,43.268888,215.696 -2.591930,43.268872,216.272 -2.591905,43.268855,216.692 -2.591878,43.268839,217.018 -2.591850,43.268823,217.490 -2.591823,43.268808,217.832 -2.591794,43.268795,218.415 -2.591766,43.268782,218.697 -2.591732,43.268772,218.830 -2.591703,43.268766,219.234 -2.591660,43.268769,219.655 -2.591633,43.268748,220.210 -2.591607,43.268731,220.609 -2.591580,43.268715,221.495 -2.591550,43.268702,221.881 -2.591521,43.268689,222.231 -2.591494,43.268672,222.417 -2.591467,43.268656,222.839 -2.591436,43.268644,223.271 -2.591407,43.268633,223.494 -2.591377,43.268620,223.886 -2.591347,43.268608,224.239 -2.591315,43.268598,224.474 -2.591280,43.268589,224.656 -2.591246,43.268579,224.821 -2.591212,43.268567,225.209 -2.591181,43.268557,225.439 -2.591146,43.268546,225.885 -2.591113,43.268536,226.245 -2.591081,43.268522,226.691 -2.591048,43.268508,227.093 -2.591016,43.268495,227.465 -2.590983,43.268482,227.818 -2.590951,43.268474,228.250 -2.590919,43.268462,228.663 -2.590886,43.268451,229.083 -2.590857,43.268443,229.425 -2.590826,43.268434,230.017 -2.590794,43.268426,230.409 -2.590763,43.268417,231.010 -2.590729,43.268404,231.646 -2.590696,43.268395,232.076 -2.590661,43.268386,232.622 -2.590629,43.268380,233.284 -2.590594,43.268374,233.666 -2.590561,43.268359,234.239 -2.590536,43.268342,234.661 -2.590504,43.268328,235.074 -2.590466,43.268325,235.464 -2.590433,43.268319,235.806 -2.590401,43.268309,236.216 -2.590374,43.268294,236.609 -2.590347,43.268279,237.038 -2.590319,43.268265,237.654 -2.590290,43.268252,238.014 -2.590260,43.268236,238.660 -2.590230,43.268225,238.862 -2.590200,43.268211,239.484 -2.590173,43.268194,239.837 -2.590147,43.268177,240.249 -2.590121,43.268159,240.692 -2.590094,43.268141,241.076 -2.590071,43.268121,241.490 -2.590049,43.268101,241.819 -2.590023,43.268083,242.209 -2.589994,43.268069,242.619 -2.589964,43.268055,243.095 -2.589938,43.268038,243.425 -2.589914,43.268020,243.811 -2.589890,43.268000,244.293 -2.589865,43.267982,244.685 -2.589839,43.267967,245.048 -2.589813,43.267951,245.670 -2.589790,43.267936,246.043 -2.589766,43.267921,246.467 -2.589741,43.267906,246.881 -2.589715,43.267890,247.219 -2.589690,43.267878,247.609 -2.589666,43.267868,248.038 -2.589641,43.267858,248.674 -2.589617,43.267849,249.014 -2.589594,43.267842,249.480 -2.589568,43.267836,250.052 -2.589545,43.267833,250.444 -2.589520,43.267832,250.847 -2.589493,43.267834,251.429 -2.589469,43.267835,251.672 -2.589438,43.267837,252.012 -2.589409,43.267841,252.232 -2.589383,43.267847,252.605 -2.589358,43.267855,253.009 -2.589331,43.267865,253.423 -2.589306,43.267874,253.849 -2.589281,43.267881,254.279 -2.589254,43.267888,254.635 -2.589229,43.267897,255.017 -2.589204,43.267906,255.449 -2.589183,43.267917,255.622 -2.589163,43.267930,256.054 -2.589138,43.267937,256.487 -2.589112,43.267941,256.843 -2.589085,43.267948,257.264 -2.589057,43.267955,257.810 -2.589032,43.267965,258.009 -2.589005,43.267978,258.466 -2.588981,43.267987,258.812 -2.588957,43.267994,259.012 -2.588927,43.268002,259.468 -2.588898,43.268011,260.070 -2.588872,43.268019,260.442 -2.588847,43.268027,260.855 -2.588821,43.268036,261.277 -2.588795,43.268046,261.650 -2.588769,43.268055,262.039 -2.588746,43.268064,262.401 -2.588721,43.268074,262.621 -2.588699,43.268085,263.009 -2.588673,43.268095,263.435 -2.588646,43.268103,263.661 -2.588618,43.268109,264.031 -2.588591,43.268116,264.467 -2.588567,43.268124,264.669 -2.588542,43.268135,265.011 -2.588513,43.268144,265.224 -2.588484,43.268148,265.636 -2.588456,43.268153,266.079 -2.588431,43.268163,266.221 -2.588412,43.268172,266.641 -2.588386,43.268183,267.205 -2.588357,43.268191,267.609 -2.588332,43.268196,267.894 -2.588304,43.268202,268.220 -2.588273,43.268207,268.480 -2.588247,43.268216,268.816 -2.588221,43.268225,269.228 -2.588193,43.268232,269.650 -2.588165,43.268240,270.043 -2.588135,43.268245,270.415 -2.588106,43.268248,270.898 -2.588076,43.268250,271.468 -2.588050,43.268256,271.642 -2.588025,43.268261,272.026 -2.588003,43.268270,272.409 -2.587978,43.268281,272.818 -2.587952,43.268290,273.294 -2.587925,43.268297,273.694 -2.587893,43.268305,273.860 -2.587864,43.268313,274.242 -2.587835,43.268318,274.654 -2.587809,43.268322,274.887 -2.587780,43.268327,275.229 -2.587751,43.268335,275.482 -2.587726,43.268345,275.859 -2.587702,43.268354,276.003 -2.587675,43.268361,276.223 -2.587652,43.268371,276.409 -2.587629,43.268379,276.837 -2.587602,43.268385,277.033 -2.587575,43.268390,277.473 -2.587543,43.268396,277.889 -2.587516,43.268404,278.091 -2.587493,43.268410,278.273 -2.587466,43.268417,278.696 -2.587438,43.268424,278.838 -2.587407,43.268429,279.211 -2.587379,43.268434,279.494 -2.587350,43.268439,280.057 -2.587323,43.268440,280.422 -2.587294,43.268438,280.809 -2.587266,43.268438,281.251 -2.587237,43.268438,281.677 -2.587209,43.268437,281.827 -2.587180,43.268436,282.223 -2.587155,43.268436,282.665 -2.587129,43.268436,283.057 -2.587103,43.268437,283.430 -2.587081,43.268442,284.072 -2.587055,43.268452,284.465 -2.587031,43.268468,285.026 -2.587017,43.268491,285.447 -2.587007,43.268510,286.011 -2.587015,43.268533,286.409 -2.587033,43.268555,286.814 -2.587059,43.268568,287.070 -2.587094,43.268575,287.270 -2.587133,43.268575,287.286 -2.587174,43.268575,287.298 -2.587215,43.268575,287.480 -2.587254,43.268574,287.653 -2.587293,43.268574,287.855 -2.587336,43.268574,288.028 -2.587378,43.268573,288.226 -2.587424,43.268571,288.647 -2.587469,43.268570,288.611 -2.587513,43.268567,288.809 -2.587557,43.268564,289.024 -2.587604,43.268560,289.220 -2.587651,43.268554,289.420 -2.587699,43.268547,289.666 -2.587746,43.268542,290.078 -2.587795,43.268541,290.210 -2.587843,43.268541,290.663 -2.587892,43.268541,290.865 -2.587943,43.268543,291.088 -2.587989,43.268546,291.494 -2.588035,43.268552,291.857 -2.588081,43.268559,292.022 -2.588131,43.268567,292.609 -2.588170,43.268580,293.291 -2.588206,43.268591,293.667 -2.588242,43.268600,294.017 -2.588279,43.268610,294.453 -2.588306,43.268621,294.645 -2.588332,43.268628,295.047 -2.588356,43.268629,295.270 -2.588373,43.268631,295.652 -2.588365,43.268625,295.675 -2.588350,43.268628,295.899 -2.588357,43.268631,295.607 -2.588360,43.268629,295.627 -2.588360,43.268629,295.409 -2.588360,43.268629,295.221 -2.588360,43.268629,295.017 -2.588360,43.268629,294.867 -2.588360,43.268629,294.663 -2.588360,43.268629,294.695 -2.588360,43.268629,294.637 -2.588360,43.268629,294.490 -2.588360,43.268629,294.452 -2.588360,43.268629,294.445 -2.588360,43.268629,294.467 -2.588360,43.268629,294.481 -2.588360,43.268629,294.219 -2.588360,43.268629,294.209 -2.588360,43.268629,294.028 -2.588360,43.268629,294.014 -2.588360,43.268629,293.824 -2.588360,43.268629,293.820 -2.588360,43.268629,293.892 -2.588360,43.268629,293.894 -2.588360,43.268629,293.857 -2.588360,43.268629,293.859 -2.588360,43.268629,293.852 -2.588360,43.268629,293.887 -2.588361,43.268627,293.842 -2.588377,43.268631,293.826 -2.588392,43.268636,293.809 -2.588413,43.268647,293.860 -2.588441,43.268659,294.086 -2.588465,43.268667,294.276 -2.588485,43.268680,294.632 -2.588509,43.268695,295.064 -2.588534,43.268707,295.236 -2.588560,43.268726,295.419 -2.588580,43.268744,295.891 -2.588606,43.268763,296.094 -2.588633,43.268779,296.229 -2.588658,43.268798,296.600 -2.588679,43.268816,297.020 -2.588702,43.268833,297.409 -2.588724,43.268854,298.034 -2.588744,43.268875,298.440 -2.588760,43.268900,298.880 -2.588773,43.268922,299.286 -2.588784,43.268945,299.658 -2.588790,43.268969,300.090 -2.588796,43.268994,300.493 -2.588794,43.269020,301.035 -2.588798,43.269042,301.628 -2.588807,43.269066,302.021 -2.588819,43.269085,302.441 -2.588832,43.269105,303.005 -2.588841,43.269126,303.409 -2.588848,43.269149,303.874 -2.588849,43.269169,304.470 -2.588848,43.269188,304.860 -2.588847,43.269210,305.496 -2.588845,43.269229,305.868 -2.588851,43.269247,306.280 -2.588856,43.269268,306.693 -2.588865,43.269288,307.095 -2.588877,43.269307,307.428 -2.588883,43.269329,307.661 -2.588880,43.269353,308.021 -2.588880,43.269371,308.413 -2.588886,43.269387,308.609 -2.588894,43.269404,309.228 -2.588905,43.269424,309.614 -2.588915,43.269445,310.044 -2.588923,43.269467,310.490 -2.588928,43.269485,310.892 -2.588931,43.269504,311.074 -2.588930,43.269522,311.437 -2.588932,43.269540,311.669 -2.588939,43.269560,312.012 -2.588949,43.269582,312.267 -2.588955,43.269602,312.681 -2.588959,43.269625,312.819 -2.588962,43.269646,313.209 -2.588963,43.269666,313.618 -2.588965,43.269683,314.024 -2.588965,43.269701,314.494 -2.588967,43.269719,314.610 -2.588971,43.269739,315.032 -2.588972,43.269761,315.434 -2.588971,43.269782,315.897 -2.588972,43.269804,316.049 -2.588960,43.269828,316.622 -2.588949,43.269847,316.814 -2.588936,43.269865,317.254 -2.588921,43.269884,317.409 -2.588904,43.269903,317.809 -2.588886,43.269920,318.013 -2.588863,43.269937,318.229 -2.588843,43.269952,318.689 -2.588824,43.269965,319.095 -2.588798,43.269979,319.297 -2.588775,43.269993,319.669 -2.588751,43.270004,320.022 -2.588723,43.270012,320.284 -2.588697,43.270020,320.667 -2.588676,43.270030,321.037 -2.588650,43.270039,321.249 -2.588625,43.270049,321.413 -2.588599,43.270060,321.809 -2.588577,43.270081,322.085 -2.588552,43.270090,322.471 -2.588532,43.270096,323.091 -2.588507,43.270102,323.637 -2.588479,43.270106,324.059 -2.588450,43.270112,324.631 -2.588419,43.270117,325.014 -2.588388,43.270121,325.426 -2.588355,43.270120,325.869 -2.588327,43.270114,326.449 -2.588300,43.270110,326.602 -2.588275,43.270108,327.022 -2.588249,43.270103,327.609 -2.588224,43.270095,328.066 -2.588194,43.270086,328.672 -2.588169,43.270076,329.022 -2.588145,43.270063,329.668 -2.588122,43.270052,330.060 -2.588098,43.270041,330.412 -2.588077,43.270030,330.645 -2.588054,43.270017,331.287 -2.588030,43.270006,331.630 -2.588002,43.269994,332.089 -2.587980,43.269983,332.406 -2.587955,43.269971,332.626 -2.587930,43.269961,333.009 -2.587903,43.269951,333.280 -2.587873,43.269940,333.646 -2.587843,43.269928,334.096 -2.587813,43.269915,334.482 -2.587783,43.269903,334.874 -2.587752,43.269892,335.226 -2.587719,43.269880,335.629 -2.587691,43.269868,336.061 -2.587662,43.269855,336.224 -2.587630,43.269850,336.232 -2.587600,43.269844,336.492 -2.587565,43.269832,336.811 -2.587525,43.269827,337.209 -2.587485,43.269819,337.695 -2.587454,43.269814,338.241 -2.587426,43.269805,338.651 -2.587391,43.269810,339.087 -2.587358,43.269810,339.499 -2.587324,43.269810,339.841 -2.587285,43.269808,340.274 -2.587246,43.269810,340.896 -2.587210,43.269812,341.479 -2.587174,43.269814,341.854 -2.587139,43.269817,342.256 -2.587104,43.269821,342.611 -2.587066,43.269826,343.009 -2.587035,43.269833,343.497 -2.586999,43.269841,343.893 -2.586957,43.269850,344.253 -2.586920,43.269861,344.419 -2.586877,43.269869,344.651 -2.586839,43.269879,344.873 -2.586801,43.269893,345.216 -2.586763,43.269909,345.638 -2.586726,43.269928,346.011 -2.586691,43.269950,346.282 -2.586658,43.269974,346.643 -2.586616,43.269996,346.817 -2.586578,43.270018,347.009 -2.586537,43.270042,347.020 -2.586500,43.270071,347.276 -2.586465,43.270103,347.256 -2.586432,43.270136,347.252 -2.586402,43.270169,347.494 -2.586372,43.270204,347.886 -2.586348,43.270239,348.029 -2.586322,43.270274,348.491 -2.586296,43.270308,348.854 -2.586267,43.270343,349.212 -2.586232,43.270376,349.432 -2.586193,43.270405,349.605 -2.586152,43.270431,349.809 -2.586111,43.270456,349.643 -2.586067,43.270479,349.649 -2.586027,43.270501,349.839 -2.585995,43.270520,349.865 -2.585964,43.270536,350.257 -2.585934,43.270547,350.449 -2.585907,43.270555,350.622 -2.585877,43.270563,351.094 -2.585846,43.270569,351.457 -2.585817,43.270576,351.682 -2.585786,43.270583,351.843 -2.585754,43.270588,352.017 -2.585721,43.270590,352.409 -2.585692,43.270592,352.620 -2.585661,43.270589,352.856 -2.585631,43.270584,353.066 -2.585602,43.270582,353.272 -2.585571,43.270581,353.464 -2.585539,43.270582,353.626 -2.585508,43.270578,353.899 -2.585482,43.270570,354.081 -2.585461,43.270560,354.424 -2.585433,43.270553,354.882 -2.585400,43.270556,355.243 -2.585363,43.270555,355.417 -2.585325,43.270545,355.409 -2.585287,43.270526,355.430 -2.585249,43.270508,355.696 -2.585207,43.270494,355.646 -2.585169,43.270480,355.612 -2.585134,43.270470,355.894 -2.585099,43.270457,356.266 -2.585063,43.270445,356.249 -2.585027,43.270436,356.221 -2.584988,43.270428,356.284 -2.584949,43.270420,356.237 -2.584912,43.270415,356.249 -2.584873,43.270412,356.413 -2.584835,43.270413,356.609 -2.584794,43.270417,357.085 -2.584752,43.270422,357.421 -2.584711,43.270428,357.681 -2.584670,43.270435,358.067 -2.584632,43.270445,358.239 -2.584594,43.270456,358.411 -2.584557,43.270461,358.884 -2.584519,43.270463,359.026 -2.584479,43.270466,359.289 -2.584435,43.270470,359.467 -2.584396,43.270474,359.681 -2.584356,43.270481,359.819 -2.584314,43.270488,360.209 -2.584276,43.270493,360.658 -2.584233,43.270498,361.014 -2.584190,43.270502,361.264 -2.584149,43.270501,361.440 -2.584108,43.270493,361.482 -2.584068,43.270480,361.654 -2.584032,43.270466,362.067 -2.583997,43.270453,362.279 -2.583961,43.270434,362.672 -2.583923,43.270417,363.057 -2.583886,43.270399,363.200 -2.583852,43.270382,363.420 -2.583814,43.270366,363.609 -2.583776,43.270349,364.067 -2.583743,43.270331,364.213 -2.583712,43.270315,364.443 -2.583682,43.270301,364.879 -2.583648,43.270289,365.261 -2.583612,43.270278,365.423 -2.583576,43.270265,365.876 -2.583537,43.270256,366.238 -2.583500,43.270248,366.481 -2.583462,43.270242,366.665 -2.583425,43.270236,367.068 -2.583391,43.270225,367.414 -2.583358,43.270211,367.809 -2.583328,43.270195,368.438 -2.583300,43.270181,368.834 -2.583273,43.270167,369.274 -2.583249,43.270156,369.660 -2.583221,43.270146,369.872 -2.583192,43.270135,370.244 -2.583162,43.270130,370.677 -2.583126,43.270124,371.089 -2.583090,43.270121,371.212 -2.583053,43.270124,371.653 -2.583016,43.270126,371.804 -2.582980,43.270127,372.014 -2.582944,43.270135,372.209 -2.582914,43.270151,372.427 -2.582887,43.270171,372.683 -2.582863,43.270194,372.673 -2.582833,43.270214,372.879 -2.582804,43.270240,373.231 -2.582770,43.270264,373.093 -2.582735,43.270282,373.036 -2.582707,43.270305,373.258 -2.582670,43.270322,373.051 -2.582634,43.270332,372.834 -2.582594,43.270345,372.855 -2.582554,43.270358,372.810 -2.582508,43.270370,372.809 -2.582469,43.270380,373.045 -2.582437,43.270399,373.431 -2.582406,43.270423,373.631 -2.582384,43.270431,373.837 -2.582373,43.270431,373.889 -2.582350,43.270430,373.851 -2.582325,43.270424,373.614 -2.582296,43.270413,373.676 -2.582265,43.270403,373.859 -2.582232,43.270405,374.035 -2.582200,43.270409,374.286 -2.582166,43.270413,374.614 -2.582129,43.270416,374.809 -2.582090,43.270416,375.285 -2.582055,43.270413,375.471 -2.582025,43.270412,375.881 -2.581993,43.270409,376.057 -2.581966,43.270404,376.239 -2.581939,43.270398,376.671 -2.581912,43.270392,376.844 -2.581883,43.270385,377.286 -2.581856,43.270378,377.619 -2.581825,43.270370,378.066 -2.581796,43.270361,378.429 -2.581769,43.270352,379.021 -2.581746,43.270340,379.409 -2.581728,43.270328,379.858 -2.581707,43.270315,380.294 -2.581686,43.270306,380.624 -2.581661,43.270297,381.020 -2.581635,43.270287,381.452 -2.581612,43.270271,381.854 -2.581594,43.270258,382.277 -2.581575,43.270245,382.639 -2.581555,43.270230,382.822 -2.581535,43.270217,383.242 -2.581515,43.270205,383.422 -2.581490,43.270192,383.614 -2.581469,43.270177,383.809 -2.581449,43.270163,384.246 -2.581425,43.270150,384.462 -2.581403,43.270138,384.842 -2.581383,43.270125,385.258 -2.581365,43.270111,385.460 -2.581347,43.270099,385.832 -2.581332,43.270086,386.225 -2.581310,43.270075,386.697 -2.581289,43.270061,387.050 -2.581268,43.270047,387.286 -2.581250,43.270032,387.660 -2.581232,43.270021,388.026 -2.581208,43.270013,388.409 -2.581184,43.270003,389.080 -2.581164,43.269992,389.446 -2.581141,43.269982,389.826 -2.581117,43.269971,390.472 -2.581093,43.269960,390.614 -2.581070,43.269950,391.046 -2.581042,43.269939,391.439 -2.581019,43.269928,391.871 -2.580994,43.269920,392.054 -2.580968,43.269914,392.424 -2.580945,43.269909,392.804 -2.580918,43.269905,393.014 -2.580893,43.269900,393.409 -2.580863,43.269891,393.694 -2.580833,43.269880,393.810 -2.580807,43.269870,394.260 -2.580781,43.269860,394.686 -2.580753,43.269852,395.038 -2.580732,43.269841,395.460 -2.580722,43.269832,395.663 -2.580705,43.269823,395.835 -2.580689,43.269812,396.228 -2.580672,43.269803,396.412 -2.580650,43.269794,396.632 -2.580626,43.269785,396.805 -2.580602,43.269778,397.009 -2.580572,43.269770,397.043 -2.580543,43.269761,397.239 -2.580517,43.269755,397.659 -2.580493,43.269750,397.835 -2.580469,43.269745,398.227 -2.580445,43.269749,398.839 -2.580418,43.269749,399.262 -2.580389,43.269751,399.474 -2.580362,43.269746,400.087 -2.580334,43.269735,400.498 -2.580308,43.269725,400.615 -2.580284,43.269713,400.826 -2.580258,43.269706,401.209 -2.580230,43.269701,401.481 -2.580204,43.269693,401.697 -2.580176,43.269683,401.887 -2.580151,43.269672,402.263 -2.580125,43.269662,402.455 -2.580099,43.269650,402.677 -2.580085,43.269639,402.860 -2.580064,43.269629,403.222 -2.580035,43.269616,403.625 -2.580007,43.269608,403.826 -2.579984,43.269599,404.047 -2.579959,43.269592,404.211 -2.579936,43.269581,404.409 -2.579917,43.269566,404.684 -2.579899,43.269553,404.840 -2.579874,43.269538,405.270 -2.579850,43.269527,405.496 -2.579824,43.269516,405.628 -2.579802,43.269504,405.890 -2.579778,43.269492,406.033 -2.579754,43.269480,406.435 -2.579730,43.269468,406.628 -2.579706,43.269456,407.082 -2.579681,43.269443,407.443 -2.579656,43.269436,407.617 -2.579629,43.269426,408.009 -2.579603,43.269419,408.460 -2.579578,43.269409,409.016 -2.579558,43.269396,409.466 -2.579539,43.269380,410.042 -2.579521,43.269361,410.434 -2.579508,43.269335,410.876 -2.579508,43.269309,411.269 -2.579521,43.269284,411.691 -2.579542,43.269264,412.014 -2.579568,43.269250,412.456 -2.579588,43.269237,412.859 -2.579609,43.269224,413.214 -2.579629,43.269209,413.609 -2.579653,43.269197,414.287 -2.579677,43.269183,414.693 -2.579703,43.269166,414.853 -2.579725,43.269151,415.079 -2.579746,43.269132,415.411 -2.579766,43.269111,415.623 -2.579780,43.269088,415.856 -2.579793,43.269066,416.038 -2.579801,43.269044,416.491 -2.579804,43.269021,416.846 -2.579803,43.268999,417.288 -2.579797,43.268980,417.616 -2.579791,43.268962,418.009 -2.579791,43.268943,418.426 -2.579793,43.268922,419.082 -2.579786,43.268904,419.252 -2.579775,43.268881,419.688 -2.579766,43.268861,420.090 -2.579758,43.268841,420.412 -2.579752,43.268822,420.655 -2.579736,43.268794,420.867 -2.579719,43.268769,421.270 -2.579710,43.268752,421.483 -2.579705,43.268733,421.625 -2.579698,43.268709,421.817 -2.579691,43.268685,422.009 -2.579686,43.268660,422.230 -2.579684,43.268636,422.446 -2.579682,43.268614,422.886 -2.579672,43.268590,423.042 -2.579659,43.268564,423.234 -2.579649,43.268536,423.676 -2.579641,43.268510,423.829 -2.579633,43.268484,424.071 -2.579622,43.268461,424.234 -2.579611,43.268435,424.476 -2.579599,43.268409,424.690 -2.579582,43.268382,424.819 -2.579561,43.268352,424.809 -2.579540,43.268319,425.039 -2.579515,43.268288,425.055 -2.579488,43.268258,425.055 -2.579457,43.268229,425.221 -2.579425,43.268203,425.433 -2.579395,43.268178,425.665 -2.579361,43.268157,425.848 -2.579325,43.268140,426.210 -2.579299,43.268123,426.453 -2.579263,43.268111,426.628 -2.579220,43.268101,426.689 -2.579181,43.268082,426.617 -2.579138,43.268056,426.609 -2.579086,43.268031,426.094 -2.579023,43.268003,425.450 -2.578951,43.267975,425.010 -2.578878,43.267957,424.856 -2.578810,43.267946,424.458 -2.578754,43.267934,424.480 -2.578707,43.267918,425.033 -2.578669,43.267903,425.425 -2.578633,43.267895,425.678 -2.578600,43.267888,426.058 -2.578569,43.267882,426.452 -2.578531,43.267878,426.817 -2.578496,43.267870,427.209 -2.578461,43.267857,427.697 -2.578427,43.267850,428.073 -2.578399,43.267840,428.683 -2.578371,43.267835,429.219 -2.578345,43.267835,429.651 -2.578318,43.267834,430.023 -2.578291,43.267831,430.466 -2.578261,43.267825,430.818 -2.578229,43.267819,431.241 -2.578197,43.267814,431.676 -2.578164,43.267807,432.090 -2.578130,43.267800,432.219 -2.578098,43.267785,432.409 -2.578065,43.267779,432.829 -2.578033,43.267774,433.085 -2.578000,43.267767,433.295 -2.577966,43.267759,433.471 -2.577928,43.267747,433.683 -2.577891,43.267735,433.875 -2.577856,43.267722,434.048 -2.577825,43.267701,434.430 -2.577804,43.267672,434.853 -2.577796,43.267641,435.469 -2.577806,43.267613,435.804 -2.577828,43.267586,436.224 -2.577852,43.267560,436.609 -2.577874,43.267534,436.828 -2.577897,43.267510,437.254 -2.577923,43.267485,437.284 -2.577948,43.267464,437.650 -2.577975,43.267442,437.882 -2.578002,43.267418,438.494 -2.578023,43.267395,438.847 -2.578047,43.267373,439.279 -2.578074,43.267351,439.672 -2.578097,43.267330,440.055 -2.578121,43.267308,440.407 -2.578145,43.267288,440.817 -2.578171,43.267265,441.009 -2.578193,43.267242,441.437 -2.578212,43.267216,441.883 -2.578230,43.267192,442.243 -2.578233,43.267166,442.649 -2.578226,43.267136,443.061 -2.578207,43.267109,443.223 -2.578179,43.267083,443.626 -2.578152,43.267060,444.098 -2.578125,43.267031,444.241 -2.578102,43.266999,444.252 -2.578075,43.266966,444.453 -2.578046,43.266935,444.608 -2.578017,43.266903,444.609 -2.577984,43.266872,444.887 -2.577950,43.266841,445.223 -2.577918,43.266810,445.863 -2.577885,43.266783,446.239 -2.577852,43.266754,446.691 -2.577818,43.266726,446.883 -2.577781,43.266695,447.286 -2.577744,43.266666,447.298 -2.577707,43.266638,447.461 -2.577669,43.266609,447.612 -2.577632,43.266580,447.632 -2.577598,43.266550,447.805 -2.577564,43.266518,447.809 -2.577534,43.266490,448.493 -2.577494,43.266463,449.489 -2.577463,43.266444,450.049 -2.577437,43.266426,450.445 -2.577415,43.266401,450.647 -2.577394,43.266374,450.699 -2.577370,43.266347,450.662 -2.577339,43.266324,450.664 -2.577307,43.266302,450.887 -2.577276,43.266279,451.296 -2.577251,43.266253,451.431 -2.577225,43.266226,451.824 -2.577198,43.266200,452.409 -2.577169,43.266175,453.041 -2.577138,43.266151,453.217 -2.577109,43.266125,453.477 -2.577081,43.266101,453.853 -2.577052,43.266076,454.095 -2.577025,43.266053,454.437 -2.576995,43.266032,454.810 -2.576964,43.266015,455.272 -2.576934,43.265996,455.895 -2.576908,43.265973,456.425 -2.576890,43.265947,456.826 -2.576875,43.265922,457.208 -2.576855,43.265896,457.809 -2.576834,43.265870,458.294 -2.576810,43.265840,458.420 -2.576781,43.265814,458.890 -2.576754,43.265786,459.096 -2.576721,43.265760,459.218 -2.576682,43.265737,459.440 -2.576638,43.265715,459.433 -2.576592,43.265694,459.675 -2.576543,43.265676,459.628 -2.576493,43.265656,459.856 -2.576446,43.265638,459.859 -2.576397,43.265620,460.014 -2.576349,43.265602,460.409 -2.576303,43.265582,460.637 -2.576257,43.265560,460.833 -2.576215,43.265538,461.273 -2.576173,43.265517,461.639 -2.576127,43.265496,461.811 -2.576080,43.265478,462.033 -2.576034,43.265458,462.476 -2.575990,43.265439,462.678 -2.575950,43.265416,462.651 -2.575899,43.265397,462.869 -2.575840,43.265374,463.004 -2.575779,43.265345,463.224 -2.575724,43.265319,463.209 -2.575671,43.265293,463.428 -2.575614,43.265268,463.664 -2.575550,43.265241,464.014 -2.575486,43.265214,464.030 -2.575437,43.265185,464.012 -2.575391,43.265157,464.034 -2.575340,43.265131,464.037 -2.575285,43.265104,463.899 -2.575230,43.265078,464.052 -2.575170,43.265048,463.889 -2.575115,43.265012,464.006 -2.575068,43.264982,464.226 -2.575017,43.264954,464.409 -2.574967,43.264935,464.250 -2.574925,43.264913,464.686 -2.574883,43.264887,464.666 -2.574836,43.264861,464.642 -2.574788,43.264834,464.684 -2.574740,43.264805,465.016 -2.574695,43.264776,465.249 -2.574650,43.264747,465.421 -2.574605,43.264716,465.844 -2.574548,43.264693,466.028 -2.574496,43.264672,466.289 -2.574445,43.264645,466.417 -2.574394,43.264617,466.609 -2.574341,43.264590,466.654 -2.574286,43.264568,466.890 -2.574227,43.264551,467.030 -2.574168,43.264535,467.286 -2.574106,43.264520,467.218 -2.574043,43.264505,467.470 -2.573978,43.264492,467.613 -2.573910,43.264478,467.685 -2.573845,43.264466,467.878 -2.573777,43.264454,468.042 -2.573710,43.264445,467.822 -2.573641,43.264437,467.814 -2.573574,43.264428,467.809 -2.573512,43.264416,467.866 -2.573447,43.264403,467.642 -2.573380,43.264389,467.882 -2.573312,43.264376,468.298 -2.573245,43.264361,468.440 -2.573177,43.264346,468.452 -2.573107,43.264330,468.425 -2.573038,43.264310,468.497 -2.572964,43.264293,468.470 -2.572894,43.264275,468.435 -2.572823,43.264257,467.486 -2.572753,43.264238,466.814 -2.572684,43.264218,466.409 -2.572614,43.264201,466.015 -2.572541,43.264184,466.041 -2.572464,43.264165,466.431 -2.572384,43.264147,466.617 -2.572298,43.264129,466.289 -2.572207,43.264115,465.851 -2.572111,43.264096,464.654 -2.572004,43.264078,462.696 -2.571882,43.264065,461.289 -2.571756,43.264036,459.651 -2.571630,43.264000,457.801 -2.571512,43.263953,457.211 -2.571400,43.263889,456.009 -2.571302,43.263815,455.017 -2.571213,43.263732,453.253 -2.571143,43.263637,451.633 -2.571096,43.263531,449.689 -2.571067,43.263415,447.291 -2.571053,43.263302,444.243 -2.571046,43.263196,442.496 -2.571052,43.263094,440.458 -2.571077,43.262997,439.831 -2.571128,43.262902,438.876 -2.571203,43.262814,437.890 -2.571297,43.262731,436.219 -2.571401,43.262660,435.009 -2.571493,43.262598,433.849 -2.571557,43.262543,432.685 -2.571583,43.262484,431.445 -2.571551,43.262433,430.651 -2.571476,43.262395,430.223 -2.571400,43.262359,429.055 -2.571308,43.262331,428.058 -2.571182,43.262322,426.490 -2.571046,43.262301,424.423 -2.570896,43.262277,422.682 -2.570740,43.262252,420.643 -2.570578,43.262219,418.617 -2.570425,43.262175,416.209 -2.570272,43.262121,414.830 -2.570122,43.262055,412.846 -2.569964,43.261997,411.246 -2.569805,43.261954,409.452 -2.569646,43.261915,409.454 -2.569494,43.261866,408.826 -2.569354,43.261800,408.849 -2.569224,43.261727,409.041 -2.569102,43.261653,408.854 -2.569003,43.261567,407.229 -2.568923,43.261470,406.200 -2.568829,43.261382,405.620 -2.568709,43.261308,404.409 -2.568574,43.261247,402.684 -2.568447,43.261197,402.040 -2.568338,43.261145,401.420 -2.568242,43.261085,400.036 -2.568153,43.261009,398.868 -2.568084,43.260916,397.680 -2.568028,43.260811,395.893 -2.567985,43.260697,393.435 -2.567954,43.260583,391.848 -2.567916,43.260480,391.051 -2.567870,43.260393,390.001 -2.567823,43.260316,389.611 -2.567789,43.260245,390.009 -2.567771,43.260183,390.057 -2.567767,43.260124,390.063 -2.567771,43.260067,390.073 -2.567785,43.260025,390.069 -2.567800,43.259996,390.291 -2.567785,43.259989,390.433 -2.567774,43.260002,390.466 -2.567776,43.260022,390.428 -2.567783,43.260041,390.421 -2.567781,43.260046,390.693 -2.567784,43.260051,390.665 -2.567786,43.260063,390.621 -2.567787,43.260061,390.609 -2.567786,43.260060,390.421 -2.567786,43.260060,390.477 -2.567786,43.260060,390.267 -2.567786,43.260060,390.053 -2.567786,43.260060,389.815 -2.567786,43.260060,389.657 -2.567786,43.260060,389.620 -2.567786,43.260061,389.482 -2.567771,43.260077,389.425 -2.567752,43.260092,389.267 -2.567742,43.260109,389.281 -2.567751,43.260123,389.219 -2.567763,43.260118,389.209 -2.567761,43.260110,389.088 -2.567757,43.260108,389.024 -2.567751,43.260111,389.054 -2.567751,43.260111,389.020 -2.567751,43.260111,388.832 -2.567751,43.260111,388.864 -2.567745,43.260112,388.877 -2.567750,43.260105,388.899 -2.567748,43.260090,388.872 -2.567751,43.260077,388.639 -2.567757,43.260060,388.601 -2.567766,43.260042,388.621 -2.567776,43.260026,388.609 -2.567779,43.259999,388.495 -2.567780,43.259967,388.461 -2.567785,43.259932,388.471 -2.567795,43.259894,388.687 -2.567807,43.259856,388.849 -2.567822,43.259823,389.051 -2.567835,43.259790,389.014 -2.567845,43.259756,389.296 -2.567860,43.259720,389.439 -2.567882,43.259685,389.255 -2.567909,43.259654,389.207 -2.567936,43.259619,389.417 -2.567955,43.259582,389.409 -2.567967,43.259539,389.467 -2.567976,43.259499,389.473 -2.567983,43.259457,389.273 -2.567983,43.259415,389.219 -2.567984,43.259371,389.241 -2.567971,43.259328,389.493 -2.567952,43.259289,389.276 -2.567931,43.259249,389.418 -2.567912,43.259206,389.251 -2.567898,43.259162,389.252 -2.567889,43.259116,389.253 -2.567889,43.259071,389.408 -2.567889,43.259027,389.809 -2.567893,43.258991,390.247 -2.567893,43.258955,390.643 -2.567897,43.258915,390.833 -2.567909,43.258868,391.239 -2.567927,43.258814,391.011 -2.567953,43.258761,390.693 -2.567978,43.258704,390.266 -2.568005,43.258643,389.488 -2.568030,43.258584,389.081 -2.568055,43.258521,388.612 -2.568081,43.258457,388.432 -2.568108,43.258397,388.405 -2.568135,43.258340,388.809 -2.568161,43.258282,388.843 -2.568189,43.258225,388.899 -2.568226,43.258168,388.859 -2.568262,43.258115,388.695 -2.568299,43.258058,388.237 -2.568338,43.258004,388.229 -2.568384,43.257952,388.032 -2.568442,43.257903,387.644 -2.568509,43.257864,387.857 -2.568586,43.257840,388.498 -2.568672,43.257823,388.815 -2.568757,43.257814,389.026 -2.568841,43.257810,389.409 -2.568923,43.257806,389.441 -2.568999,43.257797,389.497 -2.569070,43.257787,389.897 -2.569140,43.257775,390.083 -2.569210,43.257758,390.685 -2.569279,43.257738,391.477 -2.569330,43.257709,391.830 -2.569354,43.257674,392.232 -2.569359,43.257636,392.835 -2.569353,43.257598,393.427 -2.569355,43.257558,394.068 -2.569364,43.257520,394.614 -2.569376,43.257483,395.009 -2.569386,43.257443,395.454 -2.569398,43.257403,395.610 -2.569411,43.257362,396.010 -2.569425,43.257323,396.226 -2.569440,43.257288,396.648 -2.569456,43.257255,397.070 -2.569476,43.257228,397.473 -2.569499,43.257207,398.025 -2.569511,43.257183,398.668 -2.569523,43.257165,399.089 -2.569537,43.257149,399.206 -2.569541,43.257133,399.426 -2.569547,43.257112,399.409 -2.569559,43.257087,399.230 -2.569576,43.257057,399.096 -2.569595,43.257017,398.456 -2.569613,43.256968,397.682 -2.569631,43.256911,396.664 -2.569646,43.256850,395.826 -2.569658,43.256785,394.859 -2.569673,43.256723,393.641 -2.569687,43.256652,392.854 -2.569696,43.256580,392.437 -2.569685,43.256508,392.249 -2.569670,43.256437,392.013 -2.569658,43.256365,392.409 -2.569654,43.256296,392.675 -2.569652,43.256231,392.811 -2.569645,43.256177,393.471 -2.569634,43.256129,393.827 -2.569620,43.256084,394.429 -2.569599,43.256043,395.071 -2.569580,43.256001,395.234 -2.569561,43.255952,395.026 -2.569542,43.255903,395.059 -2.569528,43.255853,395.041 -2.569521,43.255803,394.881 -2.569523,43.255752,394.809 -2.569528,43.255704,394.809 -2.569525,43.255656,394.886 -2.569518,43.255611,394.892 -2.569513,43.255568,395.072 -2.569513,43.255530,395.818 -2.569518,43.255494,396.470 -2.569538,43.255471,396.822 -2.569566,43.255449,397.475 -2.569594,43.255423,398.017 -2.569622,43.255392,398.270 -2.569655,43.255362,398.273 -2.569696,43.255331,398.285 -2.569741,43.255303,398.013 -2.569789,43.255272,398.009 -2.569834,43.255234,397.629 -2.569874,43.255191,397.295 -2.569905,43.255141,396.865 -2.569925,43.255087,396.481 -2.569938,43.255030,396.053 -2.569942,43.254970,395.835 -2.569940,43.254910,395.498 -2.569932,43.254850,395.280 -2.569923,43.254787,395.033 -2.569908,43.254722,395.097 -2.569893,43.254658,395.023 -2.569877,43.254599,395.225 -2.569860,43.254540,395.209 -2.569841,43.254481,395.421 -2.569820,43.254422,395.257 -2.569797,43.254364,395.217 -2.569771,43.254307,395.053 -2.569743,43.254252,395.025 -2.569712,43.254197,394.847 -2.569680,43.254144,394.850 -2.569645,43.254089,394.632 -2.569613,43.254031,394.415 -2.569579,43.253969,394.463 -2.569544,43.253906,394.244 -2.569514,43.253845,394.218 -2.569483,43.253789,394.409 -2.569455,43.253740,394.888 -2.569431,43.253696,395.484 -2.569410,43.253657,396.254 -2.569393,43.253622,397.040 -2.569381,43.253588,397.612 -2.569376,43.253550,398.064 -2.569380,43.253512,398.047 -2.569387,43.253472,397.839 -2.569398,43.253429,397.622 -2.569419,43.253383,397.425 -2.569450,43.253333,397.226 -2.569500,43.253279,396.608 -2.569566,43.253222,396.009 -2.569654,43.253171,395.024 -2.569762,43.253128,394.010 -2.569888,43.253092,393.070 -2.570012,43.253064,392.896 -2.570135,43.253047,392.448 -2.570289,43.253015,392.220 -2.570470,43.252989,391.283 -2.570630,43.252965,389.045 -2.570801,43.252947,385.038 -2.570972,43.252939,381.249 -2.571122,43.252946,380.002 -2.571266,43.252965,379.222 -2.571382,43.253003,377.409 -2.571469,43.253039,376.276 -2.571553,43.253037,375.042 -2.571631,43.252991,374.072 -2.571690,43.252918,372.838 -2.571746,43.252833,371.890 -2.571815,43.252739,370.672 -2.571890,43.252648,369.025 -2.571949,43.252562,367.297 -2.571990,43.252484,365.440 -2.572007,43.252413,364.082 -2.572019,43.252346,362.843 -2.572008,43.252295,362.017 -2.572003,43.252269,361.609 -2.572032,43.252248,361.280 -2.572075,43.252243,361.076 -2.572116,43.252261,360.656 -2.572138,43.252294,360.282 -2.572159,43.252332,360.094 -2.572186,43.252377,359.466 -2.572215,43.252427,359.269 -2.572249,43.252482,359.251 -2.572283,43.252544,359.024 -2.572309,43.252603,358.845 -2.572349,43.252644,358.647 -2.572399,43.252653,358.411 -2.572433,43.252637,357.609 -2.572448,43.252617,357.696 -2.572452,43.252594,358.022 -2.572448,43.252574,358.212 -2.572436,43.252550,358.418 -2.572421,43.252528,358.640 -2.572408,43.252503,359.032 -2.572403,43.252478,359.275 -2.572410,43.252451,359.467 -2.572416,43.252427,359.860 -2.572422,43.252406,360.227 -2.572424,43.252384,360.468 -2.572428,43.252362,360.814 -2.572440,43.252338,361.209 -2.572450,43.252315,361.434 -2.572463,43.252293,361.880 -2.572471,43.252271,362.090 -2.572474,43.252248,362.246 -2.572474,43.252225,362.488 -2.572473,43.252201,362.820 -2.572469,43.252174,363.223 -2.572469,43.252150,363.695 -2.572459,43.252126,363.818 -2.572438,43.252104,364.275 -2.572411,43.252088,364.428 -2.572387,43.252070,364.620 -2.572359,43.252056,364.809 -2.572326,43.252039,365.089 -2.572297,43.252022,365.235 -2.572277,43.252009,365.485 -2.572259,43.252002,365.641 -2.572237,43.251988,366.083 -2.572200,43.251971,366.465 -2.572175,43.251960,366.658 -2.572153,43.251939,366.890 -2.572133,43.251918,367.023 -2.572115,43.251895,367.016 -2.572101,43.251870,367.076 -2.572077,43.251846,366.813 -2.572042,43.251823,366.609 -2.572002,43.251794,366.673 -2.571959,43.251757,366.659 -2.571932,43.251705,366.679 -2.571925,43.251653,366.695 -2.571938,43.251599,366.457 -2.571961,43.251545,365.699 -2.571985,43.251489,365.272 -2.572013,43.251429,364.054 -2.572057,43.251364,362.847 -2.572110,43.251293,362.287 -2.572145,43.251220,360.242 -2.572166,43.251147,359.226 -2.572171,43.251069,357.809 -2.572149,43.251000,356.860 -2.572129,43.250931,356.086 -2.572127,43.250864,355.236 -2.572148,43.250796,354.212 -2.572179,43.250717,352.434 -2.572199,43.250636,350.836 -2.572192,43.250565,350.079 -2.572156,43.250509,349.671 -2.572150,43.250459,349.664 -2.572162,43.250408,350.293 -2.572163,43.250361,350.665 -2.572159,43.250313,351.021 -2.572157,43.250267,351.209 -2.572157,43.250227,351.651 -2.572161,43.250193,352.047 -2.572166,43.250161,352.417 -2.572176,43.250129,352.673 -2.572189,43.250097,352.885 -2.572207,43.250061,352.837 -2.572229,43.250019,352.690 -2.572255,43.249977,352.492 -2.572282,43.249929,352.275 -2.572298,43.249866,351.247 -2.572301,43.249799,350.029 -2.572293,43.249726,349.021 -2.572261,43.249670,347.009 -2.572220,43.249627,347.866 -2.572182,43.249604,348.892 -2.572145,43.249588,350.032 -2.572121,43.249572,350.668 -2.572096,43.249555,351.020 -2.572070,43.249533,351.242 -2.572038,43.249506,351.285 -2.571999,43.249473,351.027 -2.571972,43.249444,350.890 -2.571949,43.249416,351.018 -2.571921,43.249389,351.098 -2.571887,43.249357,351.017 -2.571843,43.249323,350.809 -2.571788,43.249292,350.483 -2.571715,43.249268,350.059 -2.571655,43.249263,349.899 -2.571602,43.249268,350.235 -2.571551,43.249273,351.217 -2.571506,43.249273,352.289 -2.571456,43.249268,352.412 -2.571409,43.249265,352.874 -2.571358,43.249266,352.647 -2.571287,43.249267,351.834 -2.571196,43.249268,351.055 -2.571085,43.249267,350.610 -2.570974,43.249251,349.009 -2.570869,43.249226,348.025 -2.570770,43.249199,347.481 -2.570675,43.249169,347.641 -2.570583,43.249136,347.647 -2.570501,43.249101,347.639 -2.570422,43.249060,347.871 -2.570343,43.249016,347.014 -2.570272,43.248961,346.476 -2.570217,43.248900,345.859 -2.570186,43.248837,345.487 -2.570167,43.248769,345.042 -2.570165,43.248703,344.226 -2.570181,43.248635,343.409 -2.570205,43.248567,342.880 -2.570252,43.248494,341.266 -2.570302,43.248422,339.496 -2.570346,43.248353,338.832 -2.570378,43.248288,338.224 -2.570406,43.248229,337.676 -2.570413,43.248166,338.259 -2.570415,43.248099,338.211 -2.570397,43.248037,337.234 -2.570357,43.247981,336.829 -2.570295,43.247955,336.000 -2.570242,43.247933,334.820 -2.570179,43.247916,334.809 -2.570126,43.247904,335.044 -2.570068,43.247891,335.410 -2.570016,43.247876,336.080 -2.569967,43.247853,336.616 -2.569941,43.247820,336.878 -2.569927,43.247784,337.270 -2.569925,43.247752,337.483 -2.569931,43.247722,337.845 -2.569937,43.247687,337.848 -2.569943,43.247649,338.089 -2.569942,43.247613,338.006 -2.569950,43.247579,338.026 -2.569949,43.247538,337.409 -2.569945,43.247492,337.260 -2.569935,43.247446,336.096 -2.569924,43.247397,335.066 -2.569927,43.247357,332.692 -2.569930,43.247325,331.634 -2.569935,43.247296,331.476 -2.569948,43.247277,331.469 -2.569949,43.247265,331.631 -2.569954,43.247255,331.654 -2.569953,43.247251,331.467 -2.569951,43.247249,331.281 -2.569945,43.247257,331.019 -2.569937,43.247263,330.809 -2.569930,43.247266,330.658 -2.569928,43.247271,330.464 -2.569923,43.247275,330.244 -2.569917,43.247279,329.850 -2.569919,43.247281,329.462 -2.569925,43.247275,329.264 -2.569925,43.247275,329.047 -2.569929,43.247271,328.859 -2.569925,43.247274,328.862 -2.569918,43.247274,328.884 -2.569911,43.247276,328.807 -2.569909,43.247278,328.817 -2.569911,43.247277,328.609 -2.569911,43.247277,328.470 -2.569911,43.247277,328.476 -2.569911,43.247277,328.436 -2.569911,43.247277,328.492 -2.569912,43.247277,328.484 -2.569911,43.247277,328.436 -2.569921,43.247272,328.629 -2.569920,43.247273,328.641 -2.569897,43.247285,328.464 -2.569860,43.247291,328.285 -2.569816,43.247296,327.889 -2.569759,43.247302,327.217 -2.569696,43.247294,326.609 -2.569659,43.247312,326.270 -2.569633,43.247326,326.436 -2.569617,43.247333,326.616 -2.569606,43.247338,327.032 -2.569590,43.247350,327.424 -2.569563,43.247361,327.866 -2.569535,43.247370,327.899 -2.569504,43.247381,327.881 -2.569470,43.247392,328.044 -2.569436,43.247404,328.265 -2.569407,43.247415,328.468 -2.569377,43.247429,328.614 -2.569348,43.247444,329.009 -2.569313,43.247462,329.278 -2.569280,43.247476,329.424 -2.569249,43.247494,329.644 -2.569219,43.247510,329.830 -2.569187,43.247524,329.882 -2.569154,43.247539,330.074 -2.569123,43.247559,330.217 -2.569089,43.247579,330.239 -2.569048,43.247597,330.072 -2.569000,43.247617,329.833 -2.568947,43.247639,329.423 -2.568892,43.247657,329.015 -2.568837,43.247679,328.809 -2.568784,43.247702,328.635 -2.568723,43.247724,328.491 -2.568663,43.247743,328.251 -2.568604,43.247758,328.077 -2.568540,43.247770,328.049 -2.568479,43.247773,327.821 -2.568419,43.247768,327.844 -2.568361,43.247756,328.026 -2.568312,43.247738,328.069 -2.568254,43.247716,327.694 -2.568186,43.247688,327.457 -2.568110,43.247691,327.222 -2.568037,43.247707,327.009 -2.567970,43.247735,326.471 -2.567900,43.247768,326.447 -2.567825,43.247797,326.017 -2.567742,43.247826,325.683 -2.567664,43.247850,325.275 -2.567591,43.247872,325.257 -2.567523,43.247891,325.230 -2.567456,43.247907,325.412 -2.567385,43.247919,325.435 -2.567304,43.247932,325.417 -2.567223,43.247956,325.087 -2.567164,43.247987,325.015 -2.567123,43.248024,325.009 -2.567085,43.248063,325.093 -2.567034,43.248104,325.079 -2.566970,43.248139,325.229 -2.566910,43.248172,325.245 -2.566856,43.248202,325.097 -2.566801,43.248233,324.829 -2.566742,43.248261,325.092 -2.566682,43.248285,324.844 -2.566623,43.248308,324.617 -2.566561,43.248329,324.632 -2.566494,43.248344,324.292 -2.566428,43.248358,324.011 -2.566356,43.248375,323.809 -2.566288,43.248394,323.865 -2.566217,43.248409,323.671 -2.566146,43.248423,323.621 -2.566078,43.248437,323.647 -2.566010,43.248452,323.619 -2.565940,43.248464,323.451 -2.565869,43.248475,323.484 -2.565799,43.248483,323.656 -2.565725,43.248486,323.659 -2.565653,43.248503,323.658 -2.565585,43.248513,323.852 -2.565517,43.248520,324.017 -2.565445,43.248529,324.009 -2.565385,43.248547,323.887 -2.565342,43.248577,323.293 -2.565299,43.248624,322.293 -2.565274,43.248680,321.619 -2.565248,43.248734,319.671 -2.565211,43.248781,318.423 -2.565154,43.248808,317.266 -2.565087,43.248814,316.258 -2.565027,43.248804,316.081 -2.564965,43.248793,316.076 -2.564898,43.248780,315.890 -2.564848,43.248765,316.219 -2.564802,43.248749,316.609 -2.564759,43.248733,316.839 -2.564718,43.248718,317.255 -2.564674,43.248703,317.285 -2.564626,43.248691,317.221 -2.564573,43.248679,317.063 -2.564508,43.248661,316.855 -2.564436,43.248634,316.448 -2.564377,43.248593,315.810 -2.564334,43.248540,315.253 -2.564299,43.248480,314.816 -2.564264,43.248419,314.876 -2.564226,43.248354,314.013 -2.564178,43.248291,313.609 -2.564118,43.248230,313.253 -2.564048,43.248177,312.819 -2.563972,43.248136,312.229 -2.563891,43.248120,312.895 -2.563816,43.248119,313.247 -2.563753,43.248123,314.089 -2.563700,43.248119,314.622 -2.563652,43.248104,314.824 -2.563617,43.248097,315.077 -2.563581,43.248086,315.275 -2.563547,43.248065,315.228 -2.563533,43.248054,315.420 -2.563520,43.248045,315.409 -2.563509,43.248030,315.479 -2.563508,43.248010,315.485 -2.563529,43.247991,315.695 -2.563554,43.247972,315.871 -2.563572,43.247952,316.073 -2.563590,43.247927,316.445 -2.563608,43.247896,316.648 -2.563624,43.247867,316.820 -2.563636,43.247844,317.073 -2.563617,43.247832,317.032 -2.563607,43.247837,317.092 -2.563613,43.247839,317.011 -2.563613,43.247839,317.009 -2.563613,43.247839,316.835 -2.563613,43.247839,316.681 -2.563613,43.247839,316.681 -2.563613,43.247839,316.437 -2.563613,43.247839,316.429 -2.563613,43.247839,316.281 -2.563613,43.247839,316.284 -2.563613,43.247839,316.056 -2.563613,43.247839,316.019 -2.563613,43.247839,316.017 -2.563613,43.247839,316.087 -2.563613,43.247839,316.015 -2.563613,43.247839,316.209 -2.563613,43.247839,316.263 -2.563613,43.247839,316.429 -2.563613,43.247839,316.489 -2.563613,43.247839,316.635 -2.563613,43.247839,316.647 -2.563613,43.247839,316.619 -2.563613,43.247839,316.492 -2.563613,43.247839,316.284 -2.563613,43.247839,316.227 -2.563613,43.247839,316.071 -2.563613,43.247839,315.841 -2.563615,43.247841,315.815 -2.563617,43.247859,315.609 -2.563614,43.247881,315.659 -2.563611,43.247906,315.635 -2.563607,43.247933,315.435 -2.563593,43.247965,315.461 -2.563574,43.247999,315.473 -2.563550,43.248039,315.465 -2.563507,43.248081,315.438 -2.563444,43.248121,315.620 -2.563378,43.248161,315.813 -2.563320,43.248208,315.863 -2.563258,43.248262,315.844 -2.563182,43.248315,315.418 -2.563099,43.248369,314.209 -2.563005,43.248425,313.028 -2.562902,43.248477,311.674 -2.562784,43.248515,310.094 -2.562658,43.248535,308.690 -2.562529,43.248543,306.892 -2.562400,43.248547,306.664 -2.562277,43.248547,306.417 -2.562156,43.248540,306.439 -2.562038,43.248524,306.642 -2.561927,43.248503,306.864 -2.561813,43.248483,306.406 -2.561707,43.248469,306.216 -2.561601,43.248452,306.409 -2.561491,43.248428,306.268 -2.561378,43.248406,305.894 -2.561251,43.248386,305.634 -2.561121,43.248365,305.410 -2.560987,43.248345,302.812 -2.560848,43.248323,298.864 -2.560710,43.248297,296.647 -2.560561,43.248268,295.469 -2.560406,43.248237,293.412 -2.560264,43.248201,291.888 -2.560138,43.248159,291.024 -2.560033,43.248121,290.426 -2.559951,43.248093,289.609 -2.559891,43.248076,289.080 -2.559842,43.248069,288.626 -2.559788,43.248056,287.836 -2.559723,43.248029,286.812 -2.559635,43.247998,285.274 -2.559540,43.247968,283.056 -2.559463,43.247940,281.819 -2.559388,43.247929,280.441 -2.559315,43.247937,279.264 -2.559252,43.247947,278.665 -2.559203,43.247980,278.068 -2.559145,43.248024,277.214 -2.559080,43.248063,277.009 -2.559009,43.248103,275.628 -2.558937,43.248147,274.674 -2.558856,43.248196,274.414 -2.558766,43.248241,272.620 -2.558661,43.248283,272.282 -2.558560,43.248319,270.624 -2.558461,43.248352,270.427 -2.558367,43.248371,270.279 -2.558272,43.248380,270.042 -2.558173,43.248390,270.426 -2.558080,43.248403,270.447 -2.557989,43.248419,269.811 -2.557892,43.248431,268.409 -2.557815,43.248441,269.054 -2.557750,43.248449,268.840 -2.557704,43.248452,269.270 -2.557693,43.248457,269.696 -2.557714,43.248451,270.228 -2.557709,43.248446,270.250 -2.557703,43.248447,270.013 -2.557700,43.248449,270.025 -2.557703,43.248450,269.828 -2.557703,43.248450,269.835 -2.557703,43.248450,269.686 -2.557703,43.248450,269.614 -2.557703,43.248450,269.609 -2.557703,43.248450,269.615 -2.557703,43.248450,269.631 -2.557703,43.248450,269.851 -2.557687,43.248452,269.837 -2.557663,43.248455,269.839 -2.557631,43.248457,269.891 -2.557583,43.248462,269.874 -2.557529,43.248467,269.286 -2.557465,43.248472,268.469 -2.557398,43.248475,267.864 -2.557332,43.248476,267.206 -2.557273,43.248470,266.616 -2.557219,43.248472,264.809 -2.557169,43.248475,264.248 -2.557115,43.248475,264.464 -2.557061,43.248474,264.454 -2.557005,43.248477,264.670 -2.556964,43.248485,264.472 -2.556917,43.248486,264.264 -2.556860,43.248476,263.847 -2.556811,43.248474,263.839 -2.556758,43.248475,263.252 -2.556708,43.248477,263.293 -2.556660,43.248473,262.665 -2.556603,43.248472,262.221 -2.556553,43.248468,261.609 -2.556498,43.248463,260.861 -2.556440,43.248457,259.877 -2.556389,43.248454,259.097 -2.556331,43.248447,258.013 -2.556272,43.248437,258.235 -2.556216,43.248428,258.627 -2.556156,43.248423,258.640 -2.556103,43.248418,258.622 -2.556055,43.248414,258.435 -2.556012,43.248412,258.278 -2.555968,43.248407,258.033 -2.555928,43.248404,258.026 -2.555892,43.248397,258.209 -2.555850,43.248387,258.499 -2.555807,43.248380,258.475 -2.555757,43.248371,258.445 -2.555716,43.248363,258.481 -2.555677,43.248354,258.433 -2.555620,43.248342,258.235 -2.555561,43.248334,258.438 -2.555501,43.248322,258.490 -2.555445,43.248305,258.223 -2.555388,43.248282,258.068 -2.555338,43.248274,258.042 -2.555281,43.248281,257.626 -2.555232,43.248291,257.209 -2.555201,43.248303,256.668 -2.555193,43.248312,256.214 -2.555206,43.248315,256.064 -2.555210,43.248318,256.040 -2.555198,43.248318,256.072 -2.555191,43.248318,256.084 -2.555190,43.248320,256.227 -2.555189,43.248322,256.219 -2.555189,43.248322,256.062 -2.555195,43.248322,256.021 -2.555195,43.248322,255.841 -2.555195,43.248322,255.805 -2.555195,43.248322,255.809 -2.555195,43.248322,255.614 -2.555195,43.248322,255.670 -2.555197,43.248322,255.620 -2.555208,43.248321,255.656 -2.555207,43.248324,255.868 -2.555198,43.248320,255.860 -2.555180,43.248323,255.623 -2.555155,43.248326,255.425 -2.555113,43.248332,255.278 -2.555067,43.248337,255.026 -2.555005,43.248352,253.647 -2.554947,43.248368,253.211 -2.554895,43.248384,251.609 -2.554845,43.248399,251.084 -2.554799,43.248415,250.260 -2.554743,43.248427,249.490 -2.554674,43.248434,248.456 -2.554600,43.248443,248.248 -2.554537,43.248452,248.040 -2.554475,43.248456,247.093 -2.554418,43.248459,246.815 -2.554357,43.248457,246.628 -2.554306,43.248461,246.037 -2.554252,43.248458,245.449 -2.554206,43.248457,245.413 -2.554159,43.248455,245.409 -2.554108,43.248455,245.235 -2.554059,43.248453,244.411 -2.554011,43.248449,243.841 -2.553947,43.248444,243.077 -2.553882,43.248426,242.659 -2.553833,43.248407,242.021 -2.553781,43.248384,241.224 -2.553722,43.248360,240.666 -2.553670,43.248337,239.459 -2.553627,43.248311,239.295 -2.553592,43.248288,239.049 -2.553554,43.248258,238.223 -2.553518,43.248233,237.609 -2.553491,43.248207,236.471 -2.553464,43.248185,235.447 -2.553438,43.248166,235.277 -2.553419,43.248146,233.873 -2.553402,43.248118,233.045 -2.553385,43.248098,232.257 -2.553362,43.248076,231.240 -2.553333,43.248053,230.892 -2.553295,43.248025,229.815 -2.553259,43.248006,229.252 -2.553222,43.248010,228.053 -2.553186,43.248034,227.008 -2.553141,43.248049,226.609 -2.553092,43.248064,226.037 -2.553042,43.248077,225.253 -2.552998,43.248096,224.043 -2.552945,43.248111,223.419 -2.552889,43.248124,222.281 -2.552830,43.248147,220.633 -2.552775,43.248184,219.486 -2.552722,43.248216,218.688 -2.552663,43.248240,217.681 -2.552590,43.248257,217.632 -2.552524,43.248278,216.692 -2.552472,43.248307,216.011 -2.552431,43.248348,214.209 -2.552381,43.248396,212.075 -2.552335,43.248444,210.421 -2.552304,43.248488,210.241 -2.552280,43.248524,208.287 -2.552255,43.248561,208.219 -2.552221,43.248595,207.481 -2.552178,43.248631,206.614 -2.552151,43.248672,205.836 -2.552145,43.248718,205.229 -2.552137,43.248765,204.844 -2.552142,43.248817,204.005 -2.552173,43.248863,203.015 -2.552207,43.248901,201.209 -2.552245,43.248931,199.256 -2.552271,43.248958,198.692 -2.552295,43.248983,198.482 -2.552320,43.249011,197.688 -2.552359,43.249040,197.270 -2.552397,43.249064,196.672 -2.552423,43.249095,195.885 -2.552417,43.249125,195.247 -2.552382,43.249136,194.890 -2.552346,43.249142,194.095 -2.552301,43.249146,193.449 -2.552241,43.249159,193.223 -2.552163,43.249180,192.009 -2.552089,43.249194,190.461 -2.552008,43.249209,188.837 -2.551934,43.249221,185.827 -2.551861,43.249231,184.453 -2.551786,43.249240,183.045 -2.551717,43.249244,182.257 -2.551650,43.249245,181.850 -2.551595,43.249240,181.662 -2.551544,43.249235,181.275 -2.551505,43.249229,180.297 -2.551465,43.249224,180.023 -2.551430,43.249219,179.225 -2.551403,43.249214,178.809 -2.551375,43.249208,178.281 -2.551357,43.249212,177.497 -2.551350,43.249228,177.017 -2.551324,43.249240,176.643 -2.551290,43.249249,176.455 -2.551265,43.249255,176.067 -2.551268,43.249258,176.030 -2.551268,43.249258,175.842 -2.551268,43.249258,175.815 -2.551260,43.249261,175.834 -2.551258,43.249258,175.855 -2.551268,43.249258,175.810 -2.551268,43.249258,175.809 -2.551256,43.249261,175.825 -2.551261,43.249269,175.861 -2.551274,43.249273,175.841 -2.551287,43.249274,175.817 -2.551294,43.249260,176.079 -2.551310,43.249244,176.031 -2.551322,43.249237,176.254 -2.551336,43.249231,176.266 -2.551337,43.249227,176.439 -2.551336,43.249223,176.484 -2.551342,43.249219,176.407 -2.551351,43.249221,176.417 -2.551354,43.249225,176.409 -2.551355,43.249226,176.460 -2.551355,43.249226,176.456 -2.551355,43.249226,176.226 -2.551355,43.249226,176.252 -2.551355,43.249226,176.254 -2.551355,43.249226,176.046 -2.551355,43.249226,176.099 -2.551355,43.249226,176.031 -2.551355,43.249226,176.074 -2.551355,43.249226,176.086 -2.551355,43.249226,176.260 -2.551353,43.249225,176.226 -2.551354,43.249219,176.209 -2.551355,43.249210,176.210 -2.551352,43.249192,176.096 -2.551352,43.249174,176.026 -2.551354,43.249154,176.082 -2.551364,43.249131,176.014 -2.551377,43.249109,176.016 -2.551391,43.249087,176.029 -2.551403,43.249066,176.091 -2.551415,43.249040,176.244 -2.551425,43.249014,176.252 -2.551442,43.248992,176.453 -2.551458,43.248964,176.408 -2.551472,43.248934,176.409 -2.551483,43.248907,176.237 -2.551493,43.248877,176.453 -2.551500,43.248846,176.453 -2.551517,43.248818,176.689 -2.551518,43.248785,176.861 -2.551515,43.248754,177.033 -2.551514,43.248726,176.866 -2.551514,43.248699,176.868 -2.551512,43.248676,177.021 -2.551505,43.248647,177.046 -2.551497,43.248621,177.288 -2.551491,43.248595,177.216 -2.551486,43.248570,177.209 -2.551483,43.248546,177.466 -2.551483,43.248524,177.442 -2.551476,43.248509,177.642 -2.551459,43.248506,177.848 -2.551459,43.248520,178.010 -2.551478,43.248533,178.292 -2.551493,43.248557,178.275 -2.551497,43.248587,178.287 -2.551492,43.248620,178.010 -2.551491,43.248655,178.043 -2.551498,43.248693,177.864 -2.551508,43.248736,177.610 -2.551513,43.248781,177.209 -2.551516,43.248826,177.086 -2.551502,43.248872,176.862 -2.551481,43.248916,176.652 -2.551460,43.248961,176.648 -2.551439,43.249003,176.690 -2.551419,43.249053,176.662 -2.551400,43.249104,176.435 -2.551384,43.249156,176.277 -2.551359,43.249208,175.860 -2.551308,43.249245,175.636 -2.551237,43.249267,174.817 -2.551156,43.249294,174.018 -2.551065,43.249332,173.209 -2.550975,43.249370,172.245 -2.550885,43.249404,171.641 -2.550796,43.249424,171.011 -2.550711,43.249418,170.877 -2.550630,43.249387,170.449 -2.550551,43.249362,170.481 -2.550484,43.249354,170.654 -2.550413,43.249361,170.656 -2.550362,43.249393,170.699 -2.550308,43.249435,170.427 -2.550256,43.249480,170.268 -2.550201,43.249529,169.814 -2.550136,43.249577,169.409 -2.550067,43.249615,169.084 -2.550006,43.249644,168.880 -2.549946,43.249659,168.840 -2.549875,43.249656,168.696 -2.549813,43.249664,168.488 -2.549765,43.249694,168.640 -2.549739,43.249705,168.623 -2.549717,43.249708,168.245 -2.549684,43.249731,168.068 -2.549653,43.249765,167.437 -2.549624,43.249799,166.849 -2.549595,43.249838,166.213 -2.549563,43.249873,165.809 -2.549523,43.249903,165.865 -2.549474,43.249929,165.841 -2.549421,43.249952,165.811 -2.549364,43.249974,165.677 -2.549302,43.249990,165.299 -2.549231,43.249999,164.851 -2.549153,43.250008,164.454 -2.549071,43.250028,163.856 -2.548978,43.250038,163.289 -2.548879,43.250047,162.628 -2.548779,43.250055,162.089 -2.548673,43.250056,161.617 -2.548578,43.250059,161.609 -2.548487,43.250050,161.824 -2.548396,43.250042,162.210 -2.548322,43.250038,162.610 -2.548239,43.250037,163.046 -2.548156,43.250030,163.498 -2.548089,43.250037,164.090 -2.548025,43.250040,164.433 -2.547969,43.250039,164.885 -2.547916,43.250043,165.488 -2.547860,43.250044,165.698 -2.547807,43.250045,166.015 -2.547748,43.250045,166.226 -2.547691,43.250040,166.209 -2.547629,43.250032,166.231 -2.547563,43.250024,165.897 -2.547485,43.250018,165.417 -2.547406,43.250010,165.033 -2.547325,43.250001,164.655 -2.547238,43.249991,164.267 -2.547147,43.249975,163.880 -2.547054,43.249961,163.222 -2.546964,43.249951,162.815 -2.546872,43.249942,162.424 -2.546780,43.249935,162.204 -2.546689,43.249929,162.014 -2.546603,43.249927,161.609 -2.546511,43.249930,161.674 -2.546424,43.249932,161.660 -2.546337,43.249935,161.650 -2.546248,43.249936,161.446 -2.546159,43.249937,161.688 -2.546069,43.249936,161.490 -2.545975,43.249930,161.673 -2.545883,43.249923,161.815 -2.545786,43.249917,161.448 -2.545683,43.249897,160.452 -2.545578,43.249868,159.253 -2.545462,43.249840,157.608 -2.545342,43.249819,155.809 -2.545219,43.249803,155.637 -2.545092,43.249795,155.223 -2.544965,43.249801,154.083 -2.544827,43.249815,152.649 -2.544683,43.249830,150.841 -2.544544,43.249837,149.463 -2.544408,43.249833,148.876 -2.544286,43.249820,149.058 -2.544187,43.249798,149.051 -2.544103,43.249756,149.092 -2.544058,43.249699,149.473 -2.544050,43.249642,149.620 -2.544071,43.249588,149.609 -2.544105,43.249541,149.651 -2.544123,43.249489,149.867 -2.544107,43.249435,149.867 -2.544057,43.249394,149.673 -2.543989,43.249381,149.835 -2.543920,43.249397,149.897 -2.543868,43.249434,149.850 -2.543829,43.249481,149.812 -2.543780,43.249526,149.825 -2.543721,43.249562,149.654 -2.543652,43.249589,149.456 -2.543577,43.249617,149.211 -2.543504,43.249649,148.809 -2.543433,43.249682,148.647 -2.543365,43.249718,148.413 -2.543296,43.249759,148.263 -2.543233,43.249803,148.079 -2.543169,43.249848,148.061 -2.543106,43.249891,147.653 -2.543033,43.249927,147.456 -2.542952,43.249949,147.248 -2.542874,43.249968,147.291 -2.542801,43.249990,147.463 -2.542744,43.250033,147.644 -2.542708,43.250087,147.818 -2.542663,43.250138,148.009 -2.542614,43.250176,148.428 -2.542572,43.250207,148.684 -2.542535,43.250226,149.094 -2.542500,43.250240,149.650 -2.542463,43.250250,150.452 -2.542430,43.250259,151.234 -2.542393,43.250271,151.667 -2.542355,43.250280,152.279 -2.542320,43.250286,152.612 -2.542285,43.250297,153.032 -2.542255,43.250311,153.692 -2.542221,43.250327,154.011 -2.542183,43.250340,154.409 -2.542148,43.250349,154.825 -2.542115,43.250359,155.451 -2.542079,43.250371,155.881 -2.542040,43.250384,156.227 -2.541997,43.250397,156.629 -2.541952,43.250409,156.811 -2.541906,43.250421,157.234 -2.541864,43.250434,157.496 -2.541815,43.250446,157.699 -2.541768,43.250459,157.894 -2.541716,43.250473,158.057 -2.541665,43.250483,158.222 -2.541611,43.250492,158.409 -2.541557,43.250500,158.611 -2.541504,43.250506,158.887 -2.541452,43.250512,159.057 -2.541399,43.250521,159.463 -2.541344,43.250526,159.685 -2.541290,43.250530,160.057 -2.541238,43.250533,160.250 -2.541189,43.250537,160.482 -2.541140,43.250541,160.875 -2.541090,43.250543,161.292 -2.541040,43.250546,161.673 -2.540988,43.250549,162.020 -2.540937,43.250551,162.409 -2.540885,43.250557,162.631 -2.540842,43.250557,163.097 -2.540787,43.250561,163.457 -2.540735,43.250560,163.863 -2.540684,43.250560,164.225 -2.540640,43.250562,164.877 -2.540596,43.250561,165.260 -2.540552,43.250561,165.652 -2.540508,43.250562,166.045 -2.540464,43.250562,166.692 -2.540422,43.250556,167.073 -2.540380,43.250546,167.420 -2.540345,43.250533,168.009 -2.540313,43.250516,168.431 -2.540280,43.250497,168.867 -2.540252,43.250476,169.217 -2.540225,43.250453,169.653 -2.540199,43.250430,170.025 -2.540175,43.250405,170.457 -2.540155,43.250379,170.820 -2.540141,43.250348,171.212 -2.540130,43.250320,171.875 -2.540116,43.250296,172.269 -2.540100,43.250270,172.804 -2.540086,43.250242,173.224 -2.540068,43.250214,173.609 -2.540050,43.250185,174.038 -2.540040,43.250155,174.434 -2.540037,43.250124,174.864 -2.540037,43.250096,175.230 -2.540041,43.250067,175.672 -2.540056,43.250036,176.084 -2.540075,43.250008,176.687 -2.540098,43.249986,177.039 -2.540122,43.249966,177.452 -2.540144,43.249946,178.089 -2.540167,43.249925,178.606 -2.540190,43.249902,179.026 -2.540215,43.249879,179.409 -2.540238,43.249860,180.080 -2.540261,43.249839,180.436 -2.540286,43.249823,180.876 -2.540311,43.249807,181.482 -2.540331,43.249791,182.014 -2.540351,43.249772,182.466 -2.540374,43.249752,182.819 -2.540396,43.249732,183.411 -2.540420,43.249714,183.624 -2.540444,43.249695,184.052 -2.540462,43.249676,184.453 -2.540478,43.249658,184.808 -2.540497,43.249641,185.209 -2.540517,43.249618,185.897 -2.540539,43.249599,186.433 -2.540559,43.249579,186.833 -2.540576,43.249558,187.259 -2.540595,43.249538,187.811 -2.540614,43.249517,188.243 -2.540630,43.249496,188.646 -2.540648,43.249472,189.038 -2.540666,43.249451,189.271 -2.540679,43.249431,189.629 -2.540700,43.249410,190.200 -2.540718,43.249393,190.620 -2.540738,43.249375,191.009 -2.540760,43.249358,191.634 -2.540777,43.249338,192.290 -2.540797,43.249323,192.650 -2.540816,43.249308,193.086 -2.540836,43.249293,193.618 -2.540859,43.249276,194.020 -2.540881,43.249256,194.493 -2.540898,43.249236,195.075 -2.540915,43.249213,195.418 -2.540931,43.249192,196.067 -2.540948,43.249173,196.481 -2.540968,43.249157,196.819 -2.540989,43.249141,197.209 -2.541009,43.249129,197.618 -2.541027,43.249117,198.214 -2.541042,43.249099,198.674 -2.541062,43.249084,199.010 -2.541082,43.249069,199.662 -2.541104,43.249056,200.094 -2.541126,43.249044,200.487 -2.541147,43.249032,201.069 -2.541167,43.249021,201.662 -2.541190,43.249009,202.289 -2.541209,43.248997,202.606 -2.541233,43.248984,203.226 -2.541255,43.248970,203.609 -2.541280,43.248956,204.210 -2.541304,43.248945,204.696 -2.541329,43.248938,205.096 -2.541350,43.248931,205.632 -2.541372,43.248919,206.034 -2.541392,43.248904,206.476 -2.541409,43.248888,206.899 -2.541427,43.248875,207.411 -2.541450,43.248862,207.834 -2.541469,43.248850,208.448 -2.541490,43.248839,208.861 -2.541512,43.248828,209.217 -2.541531,43.248815,209.609 -2.541547,43.248800,210.286 -2.541562,43.248782,210.692 -2.541584,43.248768,211.052 -2.541605,43.248754,211.658 -2.541627,43.248742,212.070 -2.541649,43.248731,212.642 -2.541667,43.248718,212.895 -2.541681,43.248697,213.247 -2.541697,43.248679,213.610 -2.541714,43.248663,214.065 -2.541736,43.248650,214.468 -2.541756,43.248634,215.014 -2.541775,43.248614,215.409 -2.541792,43.248598,215.888 -2.541812,43.248585,216.464 -2.541832,43.248571,216.854 -2.541849,43.248558,217.410 -2.541867,43.248541,217.852 -2.541885,43.248524,218.254 -2.541900,43.248507,218.437 -2.541919,43.248490,218.859 -2.541938,43.248475,219.292 -2.541956,43.248461,219.681 -2.541971,43.248447,220.261 -2.541987,43.248429,220.617 -2.542003,43.248410,221.009 -2.542019,43.248392,221.490 -2.542042,43.248379,221.856 -2.542061,43.248361,222.286 -2.542072,43.248341,222.482 -2.542089,43.248322,222.654 -2.542108,43.248308,222.876 -2.542128,43.248296,223.229 -2.542140,43.248282,223.631 -2.542151,43.248263,224.214 -2.542163,43.248248,224.841 -2.542178,43.248233,225.481 -2.542194,43.248216,226.009 -2.542210,43.248197,226.409 -2.542229,43.248181,227.046 -2.542244,43.248166,227.432 -2.542258,43.248149,228.032 -2.542272,43.248129,228.448 -2.542289,43.248111,228.860 -2.542306,43.248091,229.282 -2.542326,43.248072,229.885 -2.542345,43.248053,230.297 -2.542362,43.248038,230.830 -2.542375,43.248019,231.257 -2.542389,43.248002,231.600 -2.542408,43.247984,232.020 -2.542426,43.247966,232.409 -2.542443,43.247948,232.867 -2.542465,43.247925,233.443 -2.542484,43.247905,233.873 -2.542499,43.247884,234.219 -2.542513,43.247865,234.821 -2.542529,43.247850,235.223 -2.542544,43.247833,235.646 -2.542553,43.247816,235.868 -2.542564,43.247797,236.271 -2.542575,43.247777,236.898 -2.542589,43.247756,237.015 -2.542599,43.247737,237.426 -2.542608,43.247715,237.809 -2.542614,43.247692,238.261 -2.542617,43.247667,238.657 -2.542618,43.247640,239.057 -2.542618,43.247614,239.493 -2.542621,43.247585,239.845 -2.542626,43.247559,240.297 -2.542631,43.247533,240.690 -2.542636,43.247510,241.022 -2.542641,43.247485,241.275 -2.542645,43.247459,241.626 -2.542650,43.247435,242.047 -2.542656,43.247411,242.611 -2.542665,43.247388,243.009 -2.542668,43.247363,243.494 -2.542678,43.247338,244.050 -2.542688,43.247310,244.460 -2.542694,43.247286,244.886 -2.542696,43.247262,245.498 -2.542694,43.247241,245.810 -2.542695,43.247218,246.473 -2.542689,43.247197,247.055 -2.542673,43.247179,247.478 -2.542645,43.247162,247.829 -2.542611,43.247152,248.000 -2.542576,43.247148,248.420 -2.542544,43.247154,248.809 -2.542522,43.247164,249.254 -2.542499,43.247178,249.880 -2.542479,43.247194,250.240 -2.542457,43.247212,250.616 -2.542433,43.247230,251.088 -2.542408,43.247249,251.460 -2.542384,43.247265,252.083 -2.542357,43.247283,252.495 -2.542326,43.247299,252.848 -2.542298,43.247314,253.291 -2.542270,43.247330,253.681 -2.542243,43.247346,254.019 -2.542216,43.247360,254.409 -2.542187,43.247372,254.841 -2.542156,43.247386,255.287 -2.542127,43.247399,255.617 -2.542098,43.247411,256.093 -2.542071,43.247426,256.675 -2.542043,43.247441,257.037 -2.542013,43.247452,257.450 -2.541983,43.247460,257.872 -2.541953,43.247469,258.445 -2.541918,43.247476,258.888 -2.541885,43.247480,259.224 -2.541852,43.247480,259.626 -2.541817,43.247478,260.209 -2.541783,43.247478,260.650 -2.541749,43.247482,261.256 -2.541712,43.247481,261.856 -2.541674,43.247478,262.252 -2.541641,43.247478,262.614 -2.541610,43.247476,263.276 -2.541581,43.247473,263.639 -2.541551,43.247472,264.051 -2.541520,43.247469,264.484 -2.541494,43.247467,264.899 -2.541465,43.247468,265.207 -2.541431,43.247463,265.627 -2.541403,43.247453,266.009 -2.541377,43.247443,266.221 -2.541351,43.247439,266.657 -2.541322,43.247437,267.037 -2.541295,43.247435,267.463 -2.541265,43.247431,267.845 -2.541237,43.247426,268.217 -2.541207,43.247422,268.640 -2.541174,43.247412,269.042 -2.541146,43.247399,269.445 -2.541122,43.247388,269.896 -2.541093,43.247378,270.031 -2.541064,43.247370,270.424 -2.541033,43.247364,270.609 -2.540999,43.247356,271.071 -2.540962,43.247343,271.237 -2.540930,43.247324,271.647 -2.540900,43.247306,272.023 -2.540869,43.247295,272.445 -2.540842,43.247286,272.887 -2.540814,43.247272,273.260 -2.540785,43.247257,273.822 -2.540757,43.247243,274.235 -2.540727,43.247228,274.637 -2.540698,43.247212,275.249 -2.540667,43.247195,275.613 -2.540636,43.247173,275.809 -2.540610,43.247152,276.215 -2.540588,43.247130,276.691 -2.540565,43.247112,277.081 -2.540538,43.247093,277.467 -2.540509,43.247079,277.889 -2.540483,43.247065,278.251 -2.540461,43.247046,278.824 -2.540438,43.247026,279.276 -2.540415,43.247008,279.669 -2.540394,43.246991,280.049 -2.540369,43.246977,280.402 -2.540344,43.246963,280.822 -2.540320,43.246946,281.209 -2.540297,43.246926,281.666 -2.540277,43.246904,282.052 -2.540253,43.246884,282.422 -2.540229,43.246866,282.858 -2.540203,43.246851,283.250 -2.540176,43.246836,283.632 -2.540149,43.246820,284.045 -2.540126,43.246800,284.437 -2.540111,43.246786,285.010 -2.540084,43.246777,285.618 -2.540055,43.246775,286.098 -2.540019,43.246762,286.417 -2.540003,43.246741,286.809 -2.539996,43.246727,286.883 -2.539989,43.246724,287.029 -2.539984,43.246727,287.099 -2.539984,43.246727,287.055 -2.539984,43.246727,287.097 -2.539984,43.246727,287.059 -2.539984,43.246727,287.092 -2.539984,43.246727,287.064 -2.539984,43.246727,287.027 -2.539984,43.246727,287.029 -2.539984,43.246727,286.800 -2.539984,43.246727,286.620 -2.539984,43.246727,286.409 -2.539984,43.246727,286.484 -2.539984,43.246727,286.260 -2.539984,43.246727,286.230 -2.539984,43.246727,286.256 -2.539984,43.246727,286.418 -2.539984,43.246727,286.420 -2.539984,43.246727,286.683 -2.539981,43.246725,286.665 -2.539985,43.246716,286.658 -2.539987,43.246704,286.692 -2.539979,43.246687,286.473 -2.539970,43.246669,286.420 -2.539956,43.246650,286.409 -2.539939,43.246630,286.661 -2.539917,43.246610,287.017 -2.539897,43.246589,287.237 -2.539879,43.246564,287.623 -2.539866,43.246544,288.025 -2.539864,43.246523,288.287 -2.539844,43.246504,288.670 -2.539816,43.246486,289.052 -2.539793,43.246468,289.455 -2.539776,43.246445,289.648 -2.539758,43.246421,290.061 -2.539739,43.246398,290.417 -2.539713,43.246375,290.609 -2.539685,43.246355,291.286 -2.539652,43.246336,291.622 -2.539623,43.246312,292.222 -2.539601,43.246293,292.868 -2.539579,43.246274,293.290 -2.539556,43.246254,293.622 -2.539536,43.246232,294.035 -2.539520,43.246211,294.227 -2.539501,43.246191,294.860 -2.539479,43.246173,295.237 -2.539454,43.246154,295.849 -2.539434,43.246137,296.213 -2.539415,43.246115,296.609 -2.539399,43.246095,297.045 -2.539383,43.246073,297.441 -2.539362,43.246048,297.891 -2.539344,43.246025,298.237 -2.539323,43.246010,298.839 -2.539298,43.245987,299.451 -2.539265,43.245963,300.064 -2.539253,43.245938,300.496 -2.539247,43.245911,300.619 -2.539250,43.245887,300.823 -2.539243,43.245864,301.083 -2.539232,43.245841,301.411 -2.539219,43.245816,301.809 -2.539209,43.245792,302.414 -2.539198,43.245765,303.010 -2.539186,43.245737,303.480 -2.539173,43.245711,304.036 -2.539175,43.245686,304.438 -2.539174,43.245659,305.020 -2.539167,43.245635,305.423 -2.539159,43.245608,306.095 -2.539147,43.245583,306.638 -2.539139,43.245556,307.015 -2.539133,43.245529,307.465 -2.539128,43.245504,307.811 -2.539123,43.245481,308.209 -2.539116,43.245457,308.643 -2.539110,43.245434,309.049 -2.539105,43.245408,309.649 -2.539096,43.245381,310.025 -2.539090,43.245358,310.487 -2.539077,43.245331,310.859 -2.539065,43.245305,311.092 -2.539054,43.245279,311.414 -2.539041,43.245252,311.837 -2.539030,43.245219,312.212 -2.539015,43.245186,312.832 -2.539000,43.245154,313.205 -2.538981,43.245121,313.409 -2.538964,43.245088,313.653 -2.538950,43.245051,314.099 -2.538927,43.245014,314.269 -2.538904,43.244978,314.495 -2.538884,43.244941,314.637 -2.538863,43.244903,314.839 -2.538839,43.244868,315.242 -2.538814,43.244834,315.454 -2.538789,43.244803,315.877 -2.538760,43.244771,316.034 -2.538729,43.244739,316.455 -2.538696,43.244707,316.410 -2.538653,43.244671,316.609 -2.538608,43.244639,316.635 -2.538560,43.244603,316.631 -2.538516,43.244564,316.861 -2.538471,43.244528,317.027 -2.538421,43.244491,317.229 -2.538375,43.244451,317.411 -2.538332,43.244413,318.054 -2.538282,43.244381,318.226 -2.538233,43.244347,318.289 -2.538181,43.244309,318.255 -2.538135,43.244263,318.207 -2.538088,43.244222,317.817 -2.538038,43.244180,317.809 -2.537993,43.244132,318.237 -2.537951,43.244082,318.423 -2.537908,43.244034,318.683 -2.537858,43.243991,318.689 -2.537797,43.243959,318.671 -2.537736,43.243932,318.633 -2.537678,43.243903,318.656 -2.537623,43.243865,318.448 -2.537571,43.243824,318.491 -2.537521,43.243782,318.427 -2.537465,43.243741,318.468 -2.537407,43.243702,318.414 -2.537353,43.243667,318.409 -2.537295,43.243636,318.864 -2.537233,43.243612,319.050 -2.537171,43.243594,319.060 -2.537113,43.243570,319.666 -2.537061,43.243545,320.028 -2.537010,43.243520,320.480 -2.536963,43.243496,320.893 -2.536916,43.243473,321.435 -2.536871,43.243450,321.898 -2.536826,43.243423,322.278 -2.536781,43.243399,322.833 -2.536734,43.243375,323.026 -2.536690,43.243351,323.209 -2.536649,43.243324,323.499 -2.536615,43.243293,323.625 -2.536584,43.243260,323.455 -2.536556,43.243229,323.691 -2.536527,43.243193,323.873 -2.536502,43.243153,324.055 -2.536489,43.243109,324.298 -2.536498,43.243071,324.450 -2.536525,43.243042,324.893 -2.536557,43.243021,325.419 -2.536590,43.243004,326.009 -2.536619,43.242987,326.619 -2.536649,43.242969,327.409 -2.536685,43.242953,327.823 -2.536728,43.242944,328.229 -2.536772,43.242943,329.029 -2.536816,43.242959,329.425 -2.536853,43.242981,329.837 -2.536894,43.243003,330.099 -2.536937,43.243024,330.292 -2.536978,43.243046,330.254 -2.537020,43.243068,330.287 -2.537062,43.243091,330.425 -2.537111,43.243116,330.626 -2.537153,43.243142,330.808 -2.537194,43.243166,331.209 -2.537233,43.243190,331.454 -2.537272,43.243219,331.690 -2.537315,43.243249,331.660 -2.537360,43.243275,331.626 -2.537411,43.243298,331.418 -2.537460,43.243323,331.410 -2.537506,43.243350,331.213 -2.537552,43.243372,331.435 -2.537602,43.243390,331.448 -2.537650,43.243404,331.491 -2.537699,43.243411,331.681 -2.537747,43.243414,332.219 -2.537794,43.243411,332.409 -2.537836,43.243405,332.891 -2.537867,43.243397,333.457 -2.537898,43.243387,333.837 -2.537926,43.243376,334.413 -2.537952,43.243364,335.265 -2.537976,43.243352,335.847 -2.538002,43.243339,336.230 -2.538026,43.243325,336.652 -2.538052,43.243309,337.075 -2.538075,43.243294,337.615 -2.538097,43.243278,338.065 -2.538124,43.243262,338.611 -2.538149,43.243246,339.209 -2.538175,43.243230,339.443 -2.538203,43.243216,340.089 -2.538229,43.243203,340.289 -2.538261,43.243187,340.625 -2.538288,43.243173,340.897 -2.538318,43.243156,341.039 -2.538347,43.243138,341.232 -2.538379,43.243118,341.254 -2.538410,43.243100,341.437 -2.538446,43.243081,341.446 -2.538481,43.243058,341.488 -2.538510,43.243030,341.616 -2.538528,43.242999,341.809 -2.538539,43.242966,341.866 -2.538543,43.242935,341.852 -2.538546,43.242903,342.052 -2.538553,43.242868,342.038 -2.538554,43.242837,342.290 -2.538555,43.242809,342.652 -2.538559,43.242780,342.815 -2.538564,43.242752,343.057 -2.538579,43.242725,343.430 -2.538595,43.242699,343.861 -2.538613,43.242674,344.021 -2.538632,43.242653,344.813 -2.538658,43.242632,345.409 -2.538684,43.242613,346.098 -2.538710,43.242595,346.634 -2.538737,43.242574,346.884 -2.538758,43.242550,347.270 -2.538781,43.242529,347.842 -2.538796,43.242503,348.284 -2.538814,43.242482,348.487 -2.538829,43.242460,348.819 -2.538850,43.242437,349.042 -2.538876,43.242412,349.486 -2.538903,43.242390,349.860 -2.538922,43.242373,350.226 -2.538940,43.242351,350.409 -2.538962,43.242329,350.860 -2.538986,43.242308,351.086 -2.539012,43.242286,351.266 -2.539039,43.242265,351.462 -2.539074,43.242243,351.624 -2.539114,43.242225,352.056 -2.539154,43.242209,352.219 -2.539193,43.242195,352.421 -2.539232,43.242183,352.654 -2.539273,43.242173,352.852 -2.539320,43.242165,352.853 -2.539365,43.242158,353.208 -2.539406,43.242150,353.609 -2.539442,43.242141,353.887 -2.539481,43.242129,354.413 -2.539517,43.242113,355.013 -2.539550,43.242096,355.249 -2.539581,43.242078,355.671 -2.539619,43.242064,356.093 -2.539658,43.242049,356.256 -2.539691,43.242036,356.898 -2.539725,43.242023,357.271 -2.539766,43.242007,357.675 -2.539815,43.241997,357.828 -2.539864,43.241988,358.220 -2.539906,43.241978,358.209 -2.539947,43.241967,358.059 -2.539987,43.241953,358.255 -2.540028,43.241933,358.445 -2.540074,43.241918,358.431 -2.540123,43.241903,358.683 -2.540170,43.241885,359.295 -2.540219,43.241867,359.418 -2.540261,43.241847,359.630 -2.540298,43.241821,360.033 -2.540331,43.241798,360.274 -2.540356,43.241777,360.656 -2.540385,43.241756,361.221 -2.540421,43.241739,361.409 -2.540461,43.241724,361.869 -2.540494,43.241710,362.235 -2.540529,43.241695,362.645 -2.540559,43.241678,363.011 -2.540586,43.241660,363.073 -2.540618,43.241640,363.475 -2.540646,43.241621,363.488 -2.540675,43.241601,363.480 -2.540701,43.241582,363.863 -2.540729,43.241565,364.239 -2.540757,43.241546,364.601 -2.540783,43.241525,365.221 -2.540809,43.241505,365.609 -2.540831,43.241485,365.835 -2.540854,43.241463,366.031 -2.540877,43.241441,366.211 -2.540902,43.241419,366.247 -2.540926,43.241398,366.649 -2.540949,43.241377,366.891 -2.540973,43.241355,367.254 -2.541000,43.241333,367.616 -2.541027,43.241310,368.059 -2.541057,43.241290,368.448 -2.541069,43.241261,368.661 -2.541087,43.241241,368.817 -2.541112,43.241219,368.809 -2.541134,43.241197,369.016 -2.541150,43.241173,369.292 -2.541170,43.241147,369.422 -2.541197,43.241122,369.838 -2.541218,43.241099,370.020 -2.541244,43.241078,370.222 -2.541268,43.241058,370.465 -2.541292,43.241039,370.697 -2.541314,43.241020,370.830 -2.541335,43.241002,371.455 -2.541361,43.240982,371.607 -2.541384,43.240966,372.217 -2.541411,43.240944,372.409 -2.541438,43.240921,372.687 -2.541465,43.240896,372.873 -2.541482,43.240874,372.813 -2.541500,43.240847,372.829 -2.541513,43.240820,372.821 -2.541528,43.240793,373.053 -2.541545,43.240762,373.256 -2.541557,43.240733,373.478 -2.541566,43.240704,373.861 -2.541582,43.240674,374.292 -2.541599,43.240643,374.473 -2.541618,43.240610,374.420 -2.541649,43.240581,374.609 -2.541678,43.240554,374.661 -2.541704,43.240526,374.667 -2.541726,43.240494,374.617 -2.541748,43.240463,374.633 -2.541771,43.240435,374.655 -2.541794,43.240406,374.847 -2.541817,43.240377,375.220 -2.541841,43.240348,375.832 -2.541867,43.240320,376.225 -2.541892,43.240294,376.638 -2.541912,43.240266,376.870 -2.541929,43.240238,377.017 -2.541949,43.240208,377.209 -2.541971,43.240179,377.485 -2.541996,43.240152,377.461 -2.542019,43.240121,377.671 -2.542038,43.240088,377.867 -2.542057,43.240057,378.069 -2.542080,43.240025,378.291 -2.542107,43.239993,378.224 -2.542139,43.239958,378.266 -2.542177,43.239927,378.089 -2.542216,43.239897,378.051 -2.542254,43.239871,377.801 -2.542299,43.239849,377.611 -2.542349,43.239831,377.609 -2.542400,43.239814,377.487 -2.542452,43.239792,376.863 -2.542511,43.239775,376.883 -2.542576,43.239767,376.859 -2.542642,43.239755,376.461 -2.542699,43.239733,376.223 -2.542752,43.239702,376.016 -2.542804,43.239665,375.898 -2.542859,43.239629,375.461 -2.542914,43.239592,375.433 -2.542963,43.239559,375.423 -2.543008,43.239524,375.415 -2.543047,43.239491,375.009 -2.543078,43.239463,375.065 -2.543111,43.239433,374.851 -2.543139,43.239402,374.821 -2.543167,43.239371,374.877 -2.543197,43.239337,375.049 -2.543225,43.239305,375.231 -2.543252,43.239274,375.474 -2.543279,43.239243,375.896 -2.543307,43.239212,376.029 -2.543338,43.239183,376.214 -2.543367,43.239157,376.454 -2.543391,43.239128,376.609 -2.543413,43.239097,376.809 -2.543447,43.239065,377.023 -2.543480,43.239037,377.099 -2.543509,43.239014,377.469 -2.543525,43.238990,377.615 -2.543544,43.238965,377.677 -2.543560,43.238941,378.229 -2.543577,43.238918,379.042 -2.543597,43.238896,379.634 -2.543615,43.238871,380.677 -2.543635,43.238847,381.024 -2.543658,43.238825,381.204 -2.543677,43.238803,381.214 -2.543697,43.238781,381.409 -2.543714,43.238758,381.694 -2.543731,43.238735,382.030 -2.543740,43.238711,382.470 -2.543750,43.238688,382.876 -2.543759,43.238671,383.248 -2.543765,43.238656,383.880 -2.543766,43.238638,384.273 -2.543766,43.238621,384.885 -2.543767,43.238603,385.088 -2.543771,43.238589,385.229 -2.543777,43.238570,385.600 -2.543779,43.238553,386.020 -2.543779,43.238539,386.409 -2.543780,43.238523,387.024 -2.543787,43.238509,387.420 -2.543797,43.238495,387.870 -2.543801,43.238481,388.256 -2.543808,43.238463,388.818 -2.543813,43.238446,389.240 -2.543814,43.238431,389.843 -2.543820,43.238414,390.295 -2.543827,43.238399,390.818 -2.543834,43.238384,391.275 -2.543840,43.238370,391.628 -2.543848,43.238355,392.020 -2.543859,43.238341,392.609 -2.543867,43.238327,393.079 -2.543877,43.238309,393.465 -2.543888,43.238297,393.855 -2.543907,43.238285,394.241 -2.543924,43.238276,394.693 -2.543935,43.238264,395.015 -2.543952,43.238253,395.458 -2.543971,43.238243,395.680 -2.543985,43.238229,396.093 -2.543997,43.238217,396.437 -2.544010,43.238204,397.049 -2.544017,43.238191,397.413 -2.544035,43.238173,398.009 -2.544055,43.238165,398.265 -2.544080,43.238161,398.661 -2.544099,43.238156,398.851 -2.544120,43.238149,398.827 -2.544140,43.238144,399.039 -2.544158,43.238138,399.671 -2.544175,43.238131,400.264 -2.544194,43.238124,400.896 -2.544210,43.238117,401.029 -2.544232,43.238110,401.461 -2.544259,43.238105,401.821 -2.544274,43.238099,402.013 -2.544286,43.238093,402.409 -2.544306,43.238079,402.898 -2.544324,43.238071,403.294 -2.544341,43.238061,403.474 -2.544358,43.238053,403.820 -2.544376,43.238043,404.072 -2.544389,43.238034,404.264 -2.544409,43.238024,404.427 -2.544427,43.238013,404.899 -2.544448,43.238005,405.032 -2.544468,43.237996,405.215 -2.544489,43.237991,405.665 -2.544510,43.237986,405.811 -2.544525,43.237980,406.009 -2.544541,43.237970,406.283 -2.544554,43.237960,406.499 -2.544572,43.237951,406.869 -2.544593,43.237942,407.035 -2.544607,43.237928,407.447 -2.544625,43.237915,407.649 -2.544641,43.237904,407.882 -2.544657,43.237892,408.014 -2.544671,43.237879,408.447 -2.544685,43.237870,408.855 -2.544707,43.237860,409.207 -2.544730,43.237851,409.617 -2.544751,43.237842,409.809 -2.544769,43.237830,410.027 -2.544787,43.237822,410.463 -2.544806,43.237813,410.413 -2.544827,43.237806,411.089 -2.544850,43.237798,411.671 -2.544869,43.237792,412.063 -2.544888,43.237787,412.426 -2.544908,43.237781,413.028 -2.544923,43.237777,413.671 -2.544943,43.237768,414.296 -2.544960,43.237762,414.831 -2.544985,43.237755,415.224 -2.545007,43.237749,415.409 -2.545031,43.237742,415.821 -2.545056,43.237737,416.057 -2.545078,43.237732,416.467 -2.545100,43.237726,416.813 -2.545126,43.237715,417.045 -2.545148,43.237711,417.427 -2.545170,43.237707,417.850 -2.545195,43.237704,418.032 -2.545220,43.237700,418.445 -2.545243,43.237696,418.679 -2.545274,43.237693,418.805 -2.545306,43.237691,419.025 -2.545338,43.237690,419.209 -2.545370,43.237692,419.469 -2.545401,43.237695,419.495 -2.545430,43.237696,419.875 -2.545461,43.237697,420.011 -2.545492,43.237702,420.463 -2.545525,43.237711,420.655 -2.545554,43.237721,421.058 -2.545582,43.237730,421.460 -2.545606,43.237737,421.623 -2.545633,43.237746,422.015 -2.545659,43.237752,422.465 -2.545684,43.237757,422.811 -2.545714,43.237763,423.009 -2.545746,43.237773,423.253 -2.545777,43.237783,423.469 -2.545807,43.237791,423.639 -2.545833,43.237800,423.815 -2.545859,43.237807,424.037 -2.545887,43.237815,424.439 -2.545915,43.237821,425.062 -2.545943,43.237823,425.464 -2.545973,43.237829,425.627 -2.546005,43.237833,425.851 -2.546037,43.237839,426.001 -2.546070,43.237847,426.011 -2.546097,43.237853,426.409 -2.546127,43.237865,426.817 -2.546154,43.237870,427.283 -2.546181,43.237873,427.673 -2.546216,43.237884,428.079 -2.546242,43.237888,428.491 -2.546267,43.237891,428.633 -2.546296,43.237893,428.846 -2.546327,43.237894,429.258 -2.546359,43.237894,429.491 -2.546388,43.237893,429.826 -2.546418,43.237886,430.047 -2.546451,43.237882,430.411 -2.546487,43.237878,430.609 -2.546524,43.237876,430.814 -2.546564,43.237870,431.010 -2.546600,43.237863,431.250 -2.546641,43.237857,431.496 -2.546683,43.237853,431.648 -2.546727,43.237848,432.040 -2.546767,43.237846,432.453 -2.546803,43.237846,432.825 -2.546836,43.237846,433.278 -2.546868,43.237846,433.634 -2.546905,43.237848,434.055 -2.546947,43.237847,434.410 -2.546992,43.237849,434.609 -2.547048,43.237852,434.665 -2.547102,43.237858,434.631 -2.547160,43.237862,434.841 -2.547212,43.237855,435.097 -2.547270,43.237855,435.039 -2.547321,43.237856,435.221 -2.547367,43.237853,435.284 -2.547415,43.237856,435.096 -2.547464,43.237856,435.069 -2.547515,43.237858,435.017 -2.547566,43.237859,435.287 -2.547619,43.237858,435.215 -2.547666,43.237860,435.409 -2.547712,43.237862,435.633 -2.547760,43.237861,435.659 -2.547810,43.237861,435.669 -2.547862,43.237857,435.895 -2.547912,43.237850,435.827 -2.547959,43.237836,436.039 -2.547998,43.237817,436.032 -2.548033,43.237795,436.014 -2.548063,43.237776,436.487 -2.548091,43.237756,436.671 -2.548115,43.237739,437.041 -2.548140,43.237719,437.415 -2.548163,43.237702,437.809 -2.548189,43.237685,438.279 -2.548216,43.237666,438.425 -2.548245,43.237649,438.885 -2.548272,43.237633,439.071 -2.548302,43.237617,439.443 -2.548325,43.237604,439.845 -2.548354,43.237593,440.418 -2.548379,43.237580,441.020 -2.548407,43.237565,441.643 -2.548431,43.237551,441.874 -2.548445,43.237536,442.256 -2.548463,43.237518,442.421 -2.548488,43.237508,442.609 -2.548513,43.237495,443.089 -2.548537,43.237482,443.415 -2.548557,43.237469,443.835 -2.548574,43.237453,444.011 -2.548590,43.237436,444.463 -2.548606,43.237421,444.655 -2.548622,43.237407,444.878 -2.548639,43.237393,445.240 -2.548653,43.237377,445.423 -2.548668,43.237363,445.682 -2.548686,43.237343,445.843 -2.548702,43.237326,445.817 -2.548721,43.237311,445.809 -2.548739,43.237293,446.040 -2.548754,43.237275,446.086 -2.548770,43.237256,446.246 -2.548788,43.237237,446.452 -2.548805,43.237220,446.424 -2.548821,43.237203,446.616 -2.548836,43.237186,446.899 -2.548845,43.237167,447.011 -2.548855,43.237147,447.234 -2.548873,43.237133,447.444 -2.548886,43.237113,447.605 -2.548894,43.237089,447.615 -2.548892,43.237061,447.809 -2.548901,43.237042,448.056 -2.548907,43.237025,448.282 -2.548920,43.237004,448.852 -2.548939,43.236986,449.468 -2.548959,43.236971,449.810 -2.548977,43.236955,450.232 -2.548996,43.236939,450.455 -2.549022,43.236918,450.617 -2.549040,43.236899,450.860 -2.549055,43.236882,451.269 -2.549072,43.236865,451.404 -2.549093,43.236851,451.824 -2.549113,43.236834,452.209 -2.549130,43.236815,452.428 -2.549147,43.236796,452.634 -2.549163,43.236776,453.024 -2.549177,43.236757,453.210 -2.549192,43.236736,453.442 -2.549208,43.236717,453.874 -2.549224,43.236701,454.237 -2.549238,43.236683,454.449 -2.549250,43.236663,454.872 -2.549267,43.236647,455.276 -2.549287,43.236629,455.690 -2.549304,43.236611,456.019 -2.549325,43.236596,456.209 -2.549346,43.236580,456.619 -2.549365,43.236560,457.015 -2.549381,43.236541,457.255 -2.549401,43.236525,457.491 -2.549421,43.236509,457.683 -2.549444,43.236494,457.855 -2.549461,43.236477,458.038 -2.549480,43.236458,458.250 -2.549505,43.236441,458.233 -2.549525,43.236422,458.844 -2.549547,43.236401,459.005 -2.549576,43.236381,459.015 -2.549607,43.236357,459.209 -2.549633,43.236332,459.416 -2.549657,43.236308,459.652 -2.549684,43.236280,459.642 -2.549702,43.236248,459.858 -2.549729,43.236227,460.030 -2.549755,43.236199,460.072 -2.549778,43.236174,460.425 -2.549803,43.236150,460.687 -2.549824,43.236128,460.840 -2.549848,43.236104,461.087 -2.549871,43.236082,461.042 -2.549898,43.236058,461.026 -2.549923,43.236031,461.009 -2.549949,43.236006,461.230 -2.549970,43.235978,461.256 -2.549993,43.235954,461.216 -2.550015,43.235931,461.252 -2.550041,43.235904,461.274 -2.550056,43.235881,461.226 -2.550075,43.235854,461.479 -2.550097,43.235825,461.451 -2.550112,43.235797,461.614 -2.550129,43.235766,461.658 -2.550154,43.235737,461.852 -2.550186,43.235717,461.617 -2.550212,43.235697,461.809 -2.550238,43.235671,462.017 -2.550269,43.235648,462.283 -2.550303,43.235626,462.233 -2.550335,43.235605,462.219 -2.550371,43.235581,462.031 -2.550407,43.235561,462.013 -2.550444,43.235542,462.076 -2.550485,43.235526,462.068 -2.550523,43.235508,462.261 -2.550553,43.235497,462.457 -2.550589,43.235476,462.600 -2.550633,43.235459,462.820 -2.550673,43.235446,463.009 -2.550703,43.235433,463.067 -2.550733,43.235424,463.093 -2.550759,43.235416,463.093 -2.550787,43.235404,463.059 -2.550824,43.235389,463.081 -2.550861,43.235374,463.093 -2.550901,43.235362,463.036 -2.550942,43.235353,463.288 -2.550983,43.235340,463.431 -2.551024,43.235325,463.699 -2.551067,43.235310,463.807 -2.551107,43.235295,463.827 -2.551144,43.235281,464.009 -2.551178,43.235267,464.071 -2.551210,43.235253,464.017 -2.551241,43.235241,464.227 -2.551277,43.235231,464.213 -2.551304,43.235224,464.445 -2.551317,43.235217,464.897 -2.551317,43.235211,465.020 -2.551308,43.235210,465.242 -2.551315,43.235206,465.435 -2.551329,43.235202,465.677 -2.551341,43.235205,465.661 -2.551341,43.235205,465.627 -2.551339,43.235201,465.609 -2.551339,43.235198,465.489 -2.551339,43.235199,465.465 -2.551339,43.235199,465.295 -2.551339,43.235199,465.011 -2.551339,43.235199,465.093 -2.551339,43.235199,465.025 -2.551339,43.235199,465.058 -2.551339,43.235199,464.890 -2.551339,43.235199,464.833 -2.551339,43.235198,464.662 -2.551342,43.235200,464.683 -2.551344,43.235195,464.411 -2.551339,43.235191,464.409 -2.551339,43.235199,464.448 -2.551339,43.235199,464.284 -2.551339,43.235199,464.074 -2.551339,43.235199,464.040 -2.551339,43.235199,463.862 -2.551339,43.235199,463.874 -2.551339,43.235199,463.897 -2.551339,43.235199,463.889 -2.551339,43.235199,464.062 -2.551339,43.235199,464.016 -2.551342,43.235196,464.076 -2.551353,43.235208,463.813 -2.551347,43.235217,463.809 -2.551345,43.235220,463.483 -2.551345,43.235220,463.239 -2.551345,43.235220,463.019 -2.551339,43.235221,462.865 -2.551333,43.235230,462.847 -2.551344,43.235223,462.889 -2.551356,43.235208,463.012 -2.551370,43.235200,462.844 -2.551377,43.235194,463.097 -2.551365,43.235197,463.079 -2.551368,43.235197,463.005 -2.551356,43.235202,463.025 -2.551345,43.235214,463.209 -2.551353,43.235214,463.229 -2.551361,43.235218,463.065 -2.551363,43.235214,463.015 -2.551368,43.235221,462.841 -2.551368,43.235218,462.613 -2.551367,43.235224,462.495 -2.551367,43.235226,462.438 -2.551370,43.235226,462.250 -2.551370,43.235226,462.223 -2.551370,43.235226,462.283 -2.551370,43.235226,462.225 -2.551370,43.235226,462.217 -2.551370,43.235226,462.209 -2.551370,43.235226,462.270 -2.551370,43.235226,462.056 -2.551370,43.235226,461.816 -2.551370,43.235226,461.882 -2.551370,43.235226,461.614 -2.551370,43.235226,461.626 -2.551370,43.235226,461.649 -2.551370,43.235226,461.841 -2.551370,43.235226,461.824 -2.551370,43.235226,461.863 -2.551370,43.235226,461.844 -2.551370,43.235226,461.818 -2.551370,43.235226,461.809 -2.551370,43.235226,461.818 -2.551370,43.235226,461.854 -2.551370,43.235226,461.624 -2.551370,43.235226,461.650 -2.551370,43.235226,461.662 -2.551370,43.235226,461.484 -2.551370,43.235226,461.467 -2.551370,43.235226,461.269 -2.551370,43.235226,461.232 -2.551370,43.235226,461.298 -2.551370,43.235226,461.215 -2.551367,43.235222,461.226 -2.551362,43.235211,461.009 -2.551363,43.235202,461.031 -2.551359,43.235198,461.037 -2.551371,43.235192,461.067 -2.551374,43.235192,461.073 -2.551381,43.235187,461.015 -2.551395,43.235180,461.017 -2.551414,43.235172,461.060 -2.551438,43.235159,461.082 -2.551465,43.235141,461.015 -2.551493,43.235119,461.294 -2.551519,43.235100,461.457 -2.551544,43.235080,461.622 -2.551567,43.235058,461.609 -2.551595,43.235028,461.851 -2.551622,43.234993,461.617 -2.551641,43.234959,461.697 -2.551674,43.234928,461.423 -2.551697,43.234894,461.475 -2.551718,43.234854,461.297 -2.551743,43.234816,461.480 -2.551767,43.234777,461.252 -2.551794,43.234737,461.475 -2.551824,43.234700,461.295 -2.551848,43.234662,461.449 -2.551872,43.234628,461.223 -2.551895,43.234595,461.209 -2.551923,43.234565,461.491 -2.551950,43.234534,461.457 -2.551978,43.234505,461.257 -2.552002,43.234478,461.413 -2.552026,43.234454,461.445 -2.552056,43.234433,461.467 -2.552082,43.234410,461.650 -2.552098,43.234385,461.872 -2.552117,43.234364,462.065 -2.552113,43.234360,462.069 -2.552106,43.234362,462.204 -2.552116,43.234358,462.224 -2.552132,43.234359,462.409 -2.552142,43.234350,462.248 -2.552146,43.234347,462.284 -2.552149,43.234344,462.234 -2.552153,43.234343,462.280 -2.552141,43.234356,462.252 -2.552134,43.234357,462.294 -2.552132,43.234365,462.297 -2.552122,43.234371,462.239 -2.552126,43.234369,462.242 -2.552137,43.234359,462.221 -2.552150,43.234348,462.241 -2.552161,43.234339,462.205 -2.552170,43.234332,462.209 -2.552180,43.234329,462.634 -2.552176,43.234333,462.430 -2.552153,43.234346,462.210 -2.552150,43.234352,462.036 -2.552144,43.234357,462.238 -2.552141,43.234359,462.280 -2.552141,43.234362,462.213 -2.552138,43.234361,462.065 -2.552131,43.234360,461.878 -2.552122,43.234360,461.827 -2.552118,43.234359,461.668 -2.552112,43.234357,461.414 -2.552113,43.234356,461.409 -2.552113,43.234356,461.244 -2.552113,43.234356,461.260 -2.552117,43.234353,461.280 -2.552113,43.234356,461.276 -2.552113,43.234356,461.288 -2.552113,43.234356,461.220 -2.552113,43.234356,461.053 -2.552113,43.234356,461.015 -2.552113,43.234356,461.018 -2.552123,43.234352,461.023 -2.552135,43.234344,461.083 -2.552148,43.234344,461.211 -2.552152,43.234345,461.009 -2.552149,43.234352,461.084 -2.552155,43.234353,460.860 -2.552156,43.234351,460.890 -2.552157,43.234347,460.676 -2.552157,43.234346,460.648 -2.552157,43.234346,460.680 -2.552157,43.234346,460.673 -2.552157,43.234346,460.635 -2.552149,43.234343,460.668 -2.552150,43.234338,460.619 -2.552149,43.234331,460.609 -2.552152,43.234331,460.619 -2.552164,43.234328,460.409 -2.552171,43.234316,460.413 -2.552186,43.234295,460.489 -2.552207,43.234269,460.219 -2.552229,43.234239,460.295 -2.552250,43.234203,460.067 -2.552271,43.234167,460.089 -2.552298,43.234131,459.832 -2.552329,43.234098,459.884 -2.552364,43.234064,460.267 -2.552389,43.234030,460.682 -2.552412,43.233993,461.043 -2.552437,43.233957,461.417 -2.552460,43.233922,461.609 -2.552481,43.233889,461.830 -2.552503,43.233858,461.896 -2.552527,43.233830,461.876 -2.552549,43.233800,461.812 -2.552572,43.233770,461.824 -2.552594,43.233738,461.696 -2.552616,43.233706,461.429 -2.552635,43.233675,461.211 -2.552655,43.233644,461.034 -2.552677,43.233612,460.848 -2.552700,43.233581,461.061 -2.552727,43.233548,461.217 -2.552749,43.233517,461.409 -2.552774,43.233482,461.456 -2.552797,43.233448,461.672 -2.552820,43.233417,461.652 -2.552842,43.233387,461.898 -2.552860,43.233358,462.020 -2.552880,43.233328,462.482 -2.552904,43.233297,462.475 -2.552923,43.233267,462.657 -2.552942,43.233236,462.430 -2.552960,43.233205,462.216 -2.552980,43.233177,462.076 -2.553006,43.233154,462.013 -2.553029,43.233125,462.209 -2.553045,43.233093,462.413 -2.553065,43.233064,462.619 -2.553087,43.233034,462.699 -2.553108,43.233005,462.855 -2.553131,43.232975,462.867 -2.553150,43.232947,463.289 -2.553169,43.232919,463.682 -2.553190,43.232891,463.864 -2.553218,43.232864,464.047 -2.553240,43.232839,464.235 -2.553261,43.232814,464.086 -2.553274,43.232803,464.014 -2.553267,43.232802,464.209 -2.553267,43.232802,464.415 -2.553266,43.232802,464.431 -2.553261,43.232801,464.681 -2.553263,43.232805,464.677 -2.553259,43.232810,464.679 -2.553255,43.232827,464.671 -2.553245,43.232837,464.624 -2.553237,43.232850,464.496 -2.553228,43.232863,464.229 -2.553215,43.232877,464.247 -2.553208,43.232883,463.829 -2.553211,43.232885,463.821 -2.553214,43.232887,463.609 -2.553214,43.232887,463.416 -2.553214,43.232887,463.452 -2.553214,43.232887,463.472 -2.553214,43.232887,463.448 -2.553214,43.232887,463.430 -2.553214,43.232887,463.222 -2.553214,43.232887,463.245 -2.553214,43.232887,463.267 -2.553214,43.232887,463.260 -2.553214,43.232887,463.091 -2.553214,43.232887,463.081 -2.553214,43.232887,462.819 -2.553214,43.232887,462.809 -2.553214,43.232887,462.661 -2.553216,43.232887,462.667 -2.553219,43.232880,462.667 -2.553221,43.232862,462.853 -2.553229,43.232850,463.075 -2.553227,43.232842,463.297 -2.553225,43.232836,463.430 -2.553225,43.232835,463.492 -2.553225,43.232835,463.455 -2.553225,43.232835,463.469 -2.553225,43.232835,463.204 -2.553225,43.232835,463.224 -2.553225,43.232835,463.209 -2.553225,43.232835,463.098 -2.553225,43.232835,463.014 -2.553225,43.232835,463.034 -2.553225,43.232835,462.890 -2.553225,43.232835,462.812 -2.553225,43.232835,462.874 -2.553225,43.232835,462.827 -2.553225,43.232835,462.869 -2.553225,43.232835,462.852 -2.553225,43.232835,462.835 -2.553225,43.232835,462.886 -2.553225,43.232835,462.614 -2.553225,43.232835,462.609 -2.553225,43.232835,462.675 -2.553225,43.232835,462.491 -2.553225,43.232835,462.411 -2.553225,43.232835,462.427 -2.553225,43.232835,462.269 -2.553225,43.232835,462.261 -2.553225,43.232835,462.244 -2.553225,43.232835,462.246 -2.553225,43.232835,462.239 -2.553225,43.232835,462.215 -2.553225,43.232835,462.265 -2.553225,43.232835,462.211 -2.553225,43.232835,462.209 -2.553225,43.232835,462.263 -2.553225,43.232835,462.219 -2.553225,43.232835,462.089 -2.553225,43.232835,461.885 -2.553225,43.232835,461.677 -2.553225,43.232835,461.419 -2.553225,43.232835,461.482 -2.553225,43.232835,461.214 -2.553225,43.232835,461.227 -2.553225,43.232835,461.299 -2.553225,43.232835,461.207 -2.553225,43.232835,461.227 -2.553225,43.232835,461.209 -2.553225,43.232835,461.251 -2.553225,43.232835,461.087 -2.553225,43.232835,461.057 -2.553225,43.232835,461.083 -2.553225,43.232835,460.835 -2.553225,43.232835,461.097 -2.553225,43.232835,461.080 -2.553225,43.232835,461.082 -2.553225,43.232835,460.845 -2.553225,43.232835,460.811 -2.553225,43.232835,460.821 -2.553225,43.232835,460.603 -2.553225,43.232835,460.609 -2.553225,43.232835,460.613 -2.553225,43.232835,460.629 -2.553221,43.232834,460.699 -2.553227,43.232827,460.465 -2.553227,43.232816,460.687 -2.553234,43.232811,460.699 -2.553233,43.232813,460.692 -2.553233,43.232813,460.624 -2.553233,43.232813,460.637 -2.553251,43.232805,460.687 -2.553253,43.232808,460.642 -2.553262,43.232807,460.426 -2.553263,43.232803,460.409 -2.553263,43.232803,460.250 -2.553263,43.232803,460.296 -2.553280,43.232788,460.276 -2.553298,43.232765,460.082 -2.553320,43.232738,460.044 -2.553346,43.232710,459.876 -2.553369,43.232679,460.049 -2.553390,43.232644,460.061 -2.553408,43.232613,460.424 -2.553425,43.232584,460.853 -2.553448,43.232550,461.204 -2.553469,43.232518,461.214 -2.553491,43.232487,461.409 -2.553509,43.232458,461.487 -2.553529,43.232430,461.283 -2.553548,43.232401,461.243 -2.553565,43.232371,461.649 -2.553582,43.232343,462.241 -2.553600,43.232315,462.663 -2.553613,43.232287,462.866 -2.553628,43.232258,463.278 -2.553645,43.232229,463.851 -2.553661,43.232200,464.045 -2.553673,43.232173,463.647 -2.553687,43.232142,463.411 -2.553707,43.232113,463.009 -2.553728,43.232082,463.086 -2.553747,43.232053,462.642 -2.553764,43.232023,463.072 -2.553781,43.231993,463.418 -2.553801,43.231965,463.670 -2.553817,43.231939,463.832 -2.553835,43.231912,463.885 -2.553854,43.231879,463.877 -2.553878,43.231849,463.830 -2.553901,43.231815,463.641 -2.553924,43.231786,463.281 -2.553949,43.231760,463.209 -2.553965,43.231732,463.209 -2.553983,43.231703,463.056 -2.553999,43.231674,463.282 -2.554019,43.231648,463.422 -2.554036,43.231620,463.288 -2.554052,43.231592,463.460 -2.554073,43.231564,463.672 -2.554092,43.231537,463.655 -2.554109,43.231511,463.857 -2.554129,43.231481,463.860 -2.554144,43.231454,464.034 -2.554155,43.231425,464.255 -2.554159,43.231396,464.210 -2.554164,43.231363,464.409 -2.554173,43.231330,464.885 -2.554180,43.231297,465.251 -2.554189,43.231268,465.621 -2.554202,43.231241,466.037 -2.554211,43.231216,466.479 -2.554214,43.231197,466.841 -2.554213,43.231182,467.014 -2.554212,43.231180,467.046 -2.554211,43.231180,467.289 -2.554212,43.231177,467.271 -2.554214,43.231170,467.041 -2.554210,43.231163,466.815 -2.554211,43.231157,466.809 -2.554214,43.231155,466.689 -2.554215,43.231155,466.615 -2.554215,43.231156,466.635 -2.554215,43.231156,466.651 -2.554214,43.231160,466.613 -2.554215,43.231156,466.835 -2.554215,43.231156,466.688 -2.554215,43.231156,466.640 -2.554213,43.231161,466.653 -2.554217,43.231161,466.471 -2.554219,43.231160,466.441 -2.554227,43.231154,466.015 -2.554237,43.231145,465.809 -2.554238,43.231136,465.899 -2.554239,43.231137,465.845 -2.554239,43.231137,465.875 -2.554246,43.231130,465.811 -2.554251,43.231117,465.873 -2.554264,43.231103,465.895 -2.554280,43.231081,465.868 -2.554292,43.231051,465.810 -2.554299,43.231022,465.843 -2.554298,43.230991,466.038 -2.554295,43.230962,466.270 -2.554292,43.230935,466.417 -2.554280,43.230907,466.809 -2.554261,43.230880,467.085 -2.554236,43.230851,467.071 -2.554208,43.230822,467.031 -2.554179,43.230793,467.287 -2.554155,43.230770,467.219 -2.554132,43.230755,467.271 -2.554110,43.230738,467.484 -2.554095,43.230719,467.636 -2.554084,43.230706,467.659 -2.554072,43.230686,467.674 -2.554057,43.230662,467.856 -2.554040,43.230637,468.021 -2.554021,43.230613,468.209 -2.553998,43.230588,468.699 -2.553980,43.230562,469.035 -2.553964,43.230533,469.285 -2.553957,43.230506,469.411 -2.553946,43.230480,469.443 -2.553938,43.230455,469.665 -2.553933,43.230433,470.078 -2.553933,43.230405,470.080 -2.553939,43.230381,470.453 -2.553941,43.230361,471.068 -2.553942,43.230340,471.642 -2.553948,43.230320,472.026 -2.553952,43.230303,472.209 -2.553960,43.230288,472.658 -2.553968,43.230271,472.894 -2.553969,43.230250,473.274 -2.553969,43.230231,473.840 -2.553971,43.230210,474.212 -2.553979,43.230189,474.644 -2.553988,43.230167,475.017 -2.553997,43.230144,475.289 -2.554011,43.230118,475.642 -2.554024,43.230093,475.689 -2.554041,43.230066,475.606 -2.554055,43.230036,476.026 -2.554074,43.230005,476.009 -2.554094,43.229975,476.230 -2.554115,43.229945,476.256 -2.554137,43.229915,476.496 -2.554154,43.229880,476.442 -2.554164,43.229853,476.654 -2.554172,43.229825,477.086 -2.554178,43.229795,477.489 -2.554185,43.229766,477.681 -2.554195,43.229735,478.234 -2.554203,43.229703,478.466 -2.554211,43.229673,478.629 -2.554221,43.229646,478.821 -2.554230,43.229622,479.409 -2.554240,43.229595,479.658 -2.554248,43.229567,480.054 -2.554261,43.229536,480.464 -2.554279,43.229506,480.490 -2.554299,43.229476,480.642 -2.554311,43.229444,480.884 -2.554322,43.229412,481.227 -2.554335,43.229376,481.279 -2.554346,43.229339,481.242 -2.554363,43.229298,481.021 -2.554384,43.229263,480.841 -2.554395,43.229230,480.605 -2.554408,43.229194,480.609 -2.554420,43.229154,480.654 -2.554429,43.229116,480.840 -2.554430,43.229077,480.890 -2.554427,43.229034,480.826 -2.554422,43.228994,480.898 -2.554411,43.228961,480.830 -2.554389,43.228935,481.233 -2.554373,43.228906,481.675 -2.554353,43.228876,481.818 -2.554322,43.228844,482.043 -2.554290,43.228817,482.064 -2.554254,43.228791,482.210 -2.554220,43.228766,482.209 -2.554190,43.228739,482.276 -2.554163,43.228712,482.452 -2.554142,43.228686,482.612 -2.554124,43.228658,482.858 -2.554112,43.228630,483.050 -2.554108,43.228604,483.222 -2.554111,43.228586,483.695 -2.554109,43.228580,483.887 -2.554105,43.228578,484.030 -2.554100,43.228576,484.234 -2.554097,43.228568,484.255 -2.554100,43.228567,484.210 -2.554099,43.228565,484.209 -2.554099,43.228565,484.295 -2.554099,43.228565,484.211 -2.554099,43.228565,484.251 -2.554099,43.228565,484.077 -2.554099,43.228564,484.059 -2.554111,43.228559,483.841 -2.554123,43.228555,483.894 -2.554121,43.228557,483.656 -2.554121,43.228557,483.619 -2.554121,43.228557,483.415 -2.554114,43.228561,483.465 -2.554116,43.228561,483.211 -2.554121,43.228557,483.009 -2.554121,43.228557,483.093 -2.554121,43.228557,482.859 -2.554121,43.228557,482.679 -2.554121,43.228557,482.665 -2.554121,43.228557,482.437 -2.554121,43.228557,482.259 -2.554121,43.228557,482.252 -2.554121,43.228557,482.024 -2.554121,43.228557,481.827 -2.554116,43.228561,481.857 -2.554118,43.228561,481.800 -2.554121,43.228557,481.820 -2.554121,43.228557,482.009 -2.554118,43.228563,482.047 -2.554110,43.228565,482.063 -2.554124,43.228559,482.093 -2.554138,43.228550,481.889 -2.554142,43.228528,481.821 -2.554148,43.228499,481.823 -2.554161,43.228471,481.836 -2.554176,43.228449,481.838 -2.554188,43.228437,481.811 -2.554202,43.228418,481.819 -2.554209,43.228399,482.009 -2.554216,43.228380,482.219 -2.554224,43.228363,482.409 -2.554235,43.228341,482.643 -2.554259,43.228320,482.699 -2.554289,43.228303,483.029 -2.554326,43.228289,483.485 -2.554365,43.228280,483.697 -2.554406,43.228278,484.029 -2.554448,43.228277,484.492 -2.554486,43.228271,485.024 -2.554529,43.228266,485.617 -2.554572,43.228261,486.092 -2.554617,43.228256,486.473 -2.554659,43.228252,486.620 -2.554704,43.228247,487.009 -2.554753,43.228242,487.291 -2.554802,43.228237,487.297 -2.554858,43.228225,487.417 -2.554916,43.228204,487.413 -2.554964,43.228166,487.275 -2.554988,43.228127,487.267 -2.555012,43.228086,487.450 -2.555041,43.228042,487.472 -2.555070,43.228002,487.295 -2.555092,43.227960,487.664 -2.555112,43.227921,487.606 -2.555136,43.227890,487.816 -2.555159,43.227870,488.409 -2.555182,43.227850,489.058 -2.555214,43.227831,489.854 -2.555238,43.227812,490.614 -2.555266,43.227791,491.240 -2.555292,43.227774,491.482 -2.555317,43.227764,491.684 -2.555345,43.227752,492.077 -2.555379,43.227739,492.299 -2.555421,43.227727,492.482 -2.555473,43.227717,492.415 -2.555538,43.227717,492.265 -2.555611,43.227717,491.811 -2.555686,43.227719,491.409 -2.555762,43.227725,491.033 -2.555847,43.227729,490.849 -2.555952,43.227731,490.459 -2.556047,43.227737,490.075 -2.556131,43.227746,489.677 -2.556213,43.227738,489.049 -2.556298,43.227718,488.242 -2.556372,43.227684,487.474 -2.556433,43.227650,487.027 -2.556478,43.227618,486.669 -2.556544,43.227591,486.804 -2.556625,43.227570,486.824 -2.556698,43.227550,487.009 -2.556771,43.227536,486.878 -2.556860,43.227534,486.294 -2.556947,43.227530,484.064 -2.557036,43.227511,482.870 -2.557129,43.227495,482.482 -2.557215,43.227481,481.024 -2.557306,43.227474,479.477 -2.557406,43.227462,478.269 -2.557495,43.227430,478.062 -2.557597,43.227405,477.039 -2.557698,43.227392,476.601 -2.557799,43.227376,475.821 -2.557910,43.227368,475.209 -2.558019,43.227371,473.825 -2.558098,43.227378,473.081 -2.558173,43.227385,472.871 -2.558255,43.227394,472.467 -2.558340,43.227406,472.039 -2.558433,43.227417,471.881 -2.558525,43.227432,471.264 -2.558612,43.227440,470.636 -2.558689,43.227439,470.649 -2.558764,43.227431,469.845 -2.558844,43.227423,469.447 -2.558927,43.227415,468.211 -2.558993,43.227411,467.409 -2.559038,43.227409,466.866 -2.559056,43.227404,466.282 -2.559058,43.227403,466.232 -2.559066,43.227402,466.288 -2.559073,43.227403,466.490 -2.559080,43.227406,466.472 -2.559076,43.227407,466.615 -2.559071,43.227407,466.667 -2.559071,43.227407,466.470 -2.559066,43.227407,466.438 -2.559066,43.227407,466.470 -2.559067,43.227407,466.417 -2.559067,43.227405,466.209 -2.559066,43.227407,466.215 -2.559068,43.227403,466.221 -2.559066,43.227407,466.221 -2.559066,43.227407,466.087 -2.559074,43.227400,466.049 -2.559079,43.227407,465.851 -2.559085,43.227406,465.824 -2.559085,43.227406,465.836 -2.559085,43.227406,465.689 -2.559085,43.227406,465.616 -2.559085,43.227406,465.476 -2.559085,43.227406,465.413 -2.559085,43.227406,465.209 -2.559085,43.227406,465.253 -2.559085,43.227406,465.089 -2.559107,43.227407,464.869 -2.559147,43.227408,464.675 -2.559186,43.227407,464.217 -2.559227,43.227415,463.699 -2.559272,43.227434,463.472 -2.559314,43.227460,463.094 -2.559363,43.227479,462.817 -2.559426,43.227496,462.675 -2.559494,43.227511,462.428 -2.559568,43.227511,461.820 -2.559654,43.227507,460.609 -2.559747,43.227499,459.629 -2.559844,43.227488,458.625 -2.559946,43.227472,457.485 -2.560052,43.227458,457.071 -2.560150,43.227454,456.483 -2.560265,43.227453,455.875 -2.560367,43.227443,455.618 -2.560460,43.227431,456.090 -2.560549,43.227412,456.673 -2.560635,43.227390,456.837 -2.560713,43.227367,457.249 -2.560792,43.227348,457.613 -2.560877,43.227330,457.609 -2.560958,43.227310,457.435 -2.561022,43.227277,457.481 -2.561070,43.227233,457.821 -2.561117,43.227191,458.027 -2.561171,43.227151,458.279 -2.561223,43.227120,458.261 -2.561274,43.227090,458.074 -2.561320,43.227052,457.626 -2.561355,43.227014,457.419 -2.561379,43.226974,457.631 -2.561394,43.226928,457.661 -2.561410,43.226884,457.607 -2.561427,43.226842,457.809 -2.561449,43.226809,457.855 -2.561479,43.226787,457.821 -2.561504,43.226768,458.061 -2.561525,43.226754,458.457 -2.561537,43.226744,458.689 -2.561544,43.226736,458.621 -2.561545,43.226733,458.494 -2.561550,43.226730,458.296 -2.561557,43.226727,458.099 -2.561565,43.226722,457.892 -2.561577,43.226714,457.873 -2.561595,43.226707,457.620 -2.561609,43.226699,457.609 -2.561614,43.226686,457.621 -2.561632,43.226673,457.637 -2.561659,43.226664,457.417 -2.561690,43.226654,457.433 -2.561731,43.226636,457.215 -2.561775,43.226609,456.827 -2.561819,43.226573,456.430 -2.561858,43.226531,455.872 -2.561894,43.226485,455.445 -2.561933,43.226440,455.255 -2.561977,43.226395,455.007 -2.562019,43.226349,454.817 -2.562065,43.226303,455.009 -2.562108,43.226259,455.247 -2.562149,43.226217,455.643 -2.562185,43.226179,456.253 -2.562222,43.226144,456.879 -2.562250,43.226110,457.481 -2.562276,43.226068,457.633 -2.562303,43.226027,457.836 -2.562326,43.225983,458.018 -2.562344,43.225939,457.651 -2.562368,43.225893,457.496 -2.562397,43.225843,457.031 -2.562429,43.225789,456.624 -2.562458,43.225734,456.209 -2.562485,43.225677,455.881 -2.562518,43.225618,455.487 -2.562551,43.225555,455.097 -2.562585,43.225488,454.693 -2.562603,43.225417,453.885 -2.562591,43.225341,453.027 -2.562554,43.225267,452.270 -2.562514,43.225188,451.672 -2.562474,43.225104,450.895 -2.562448,43.225010,450.052 -2.562438,43.224910,448.253 -2.562415,43.224811,446.408 -2.562355,43.224722,445.409 -2.562256,43.224653,445.457 -2.562141,43.224609,445.263 -2.562022,43.224570,445.243 -2.561912,43.224528,444.679 -2.561804,43.224475,443.891 -2.561705,43.224418,443.033 -2.561605,43.224363,441.826 -2.561499,43.224314,441.248 -2.561384,43.224277,440.831 -2.561262,43.224248,440.825 -2.561153,43.224195,440.426 -2.561074,43.224120,440.008 -2.561035,43.224033,439.609 -2.561043,43.223942,439.214 -2.561093,43.223859,438.420 -2.561157,43.223783,437.830 -2.561227,43.223707,438.066 -2.561298,43.223628,437.848 -2.561369,43.223546,437.420 -2.561448,43.223462,438.883 -2.561534,43.223382,437.225 -2.561624,43.223304,432.818 -2.561710,43.223220,431.218 -2.561769,43.223121,429.898 -2.561798,43.223014,429.417 -2.561832,43.222905,428.809 -2.561894,43.222804,428.443 -2.561966,43.222718,427.899 -2.562003,43.222633,427.289 -2.561980,43.222557,426.425 -2.561910,43.222508,426.247 -2.561815,43.222482,426.239 -2.561704,43.222471,425.662 -2.561589,43.222459,424.854 -2.561472,43.222444,423.667 -2.561354,43.222428,422.212 -2.561234,43.222410,420.832 -2.561106,43.222393,419.605 -2.560974,43.222381,418.609 -2.560837,43.222369,417.693 -2.560695,43.222357,416.479 -2.560548,43.222341,415.219 -2.560401,43.222320,414.095 -2.560256,43.222299,413.257 -2.560111,43.222275,412.639 -2.559968,43.222249,412.682 -2.559825,43.222222,412.864 -2.559699,43.222183,413.297 -2.559609,43.222127,413.648 -2.559570,43.222063,414.661 -2.559581,43.222002,415.617 -2.559615,43.221958,416.409 -2.559654,43.221930,417.436 -2.559689,43.221905,418.222 -2.559727,43.221883,418.842 -2.559772,43.221865,419.288 -2.559821,43.221855,419.490 -2.559874,43.221850,419.672 -2.559931,43.221839,419.615 -2.559984,43.221826,419.877 -2.560034,43.221807,420.210 -2.560078,43.221783,420.218 -2.560123,43.221756,420.298 -2.560166,43.221727,420.017 -2.560207,43.221695,419.809 -2.560249,43.221659,419.443 -2.560291,43.221621,419.269 -2.560332,43.221583,419.079 -2.560376,43.221545,419.035 -2.560424,43.221514,419.097 -2.560479,43.221485,419.049 -2.560538,43.221457,419.042 -2.560600,43.221430,418.694 -2.560665,43.221403,418.427 -2.560730,43.221373,418.024 -2.560798,43.221343,417.804 -2.560865,43.221312,417.414 -2.560929,43.221279,417.409 -2.560991,43.221242,417.094 -2.561041,43.221199,417.040 -2.561086,43.221151,416.810 -2.561119,43.221101,416.836 -2.561154,43.221049,417.258 -2.561184,43.220998,417.480 -2.561224,43.220952,417.483 -2.561276,43.220910,417.455 -2.561332,43.220872,417.428 -2.561395,43.220840,417.079 -2.561464,43.220817,416.605 -2.561538,43.220797,416.425 -2.561612,43.220777,416.009 -2.561679,43.220750,416.049 -2.561730,43.220709,416.015 -2.561763,43.220656,416.235 -2.561771,43.220602,416.411 -2.561760,43.220547,416.643 -2.561728,43.220499,417.085 -2.561674,43.220462,417.288 -2.561613,43.220431,417.220 -2.561547,43.220403,417.423 -2.561482,43.220379,417.496 -2.561430,43.220353,417.631 -2.561376,43.220327,417.824 -2.561316,43.220304,418.209 -2.561256,43.220280,418.681 -2.561197,43.220256,418.817 -2.561131,43.220234,419.037 -2.561070,43.220210,419.013 -2.561011,43.220185,419.245 -2.560951,43.220158,419.497 -2.560892,43.220131,419.670 -2.560833,43.220104,419.822 -2.560775,43.220074,420.015 -2.560718,43.220046,420.284 -2.560660,43.220015,420.407 -2.560604,43.219983,420.417 -2.560550,43.219948,420.409 -2.560500,43.219913,420.430 -2.560452,43.219876,420.256 -2.560405,43.219837,420.256 -2.560360,43.219796,420.222 -2.560315,43.219753,420.414 -2.560276,43.219712,420.676 -2.560242,43.219671,420.819 -2.560210,43.219629,421.051 -2.560184,43.219587,421.244 -2.560158,43.219543,421.692 -2.560135,43.219498,421.873 -2.560113,43.219455,422.020 -2.560090,43.219411,422.209 -2.560067,43.219365,422.661 -2.560045,43.219321,422.867 -2.560025,43.219273,423.017 -2.560000,43.219227,423.223 -2.559973,43.219183,423.435 -2.559944,43.219139,423.637 -2.559913,43.219096,423.820 -2.559877,43.219057,423.862 -2.559830,43.219023,423.825 -2.559773,43.218994,423.675 -2.559709,43.218966,423.628 -2.559641,43.218938,423.420 -2.559574,43.218900,423.209 -2.559522,43.218851,423.049 -2.559483,43.218794,422.695 -2.559453,43.218729,421.865 -2.559428,43.218661,421.291 -2.559383,43.218601,421.093 -2.559309,43.218555,420.815 -2.559213,43.218534,420.668 -2.559121,43.218534,420.660 -2.559041,43.218549,420.683 -2.558967,43.218577,420.265 -2.558890,43.218613,419.868 -2.558810,43.218648,419.414 -2.558731,43.218670,419.009 -2.558643,43.218699,418.668 -2.558552,43.218729,418.434 -2.558461,43.218754,417.884 -2.558359,43.218777,417.290 -2.558250,43.218799,416.632 -2.558132,43.218824,415.854 -2.558013,43.218849,414.857 -2.557890,43.218872,414.299 -2.557755,43.218885,413.242 -2.557617,43.218888,412.411 -2.557480,43.218878,411.621 -2.557345,43.218860,410.803 -2.557207,43.218845,410.009 -2.557068,43.218846,409.643 -2.556939,43.218873,409.449 -2.556818,43.218916,409.499 -2.556702,43.218955,409.435 -2.556584,43.218990,409.637 -2.556466,43.219020,410.079 -2.556345,43.219048,410.432 -2.556237,43.219079,410.674 -2.556123,43.219103,410.227 -2.556012,43.219130,410.212 -2.555901,43.219158,409.832 -2.555788,43.219187,409.405 -2.555679,43.219215,409.409 -2.555570,43.219238,409.613 -2.555467,43.219257,410.099 -2.555364,43.219270,410.429 -2.555271,43.219268,411.085 -2.555183,43.219259,411.657 -2.555100,43.219243,412.089 -2.555021,43.219224,412.452 -2.554947,43.219202,412.654 -2.554877,43.219183,412.867 -2.554806,43.219169,413.218 -2.554731,43.219161,413.498 -2.554655,43.219154,413.817 -2.554587,43.219149,414.209 -2.554519,43.219142,414.483 -2.554448,43.219131,414.679 -2.554375,43.219110,414.649 -2.554309,43.219077,414.445 -2.554258,43.219029,413.877 -2.554216,43.218971,413.029 -2.554177,43.218907,412.692 -2.554142,43.218843,412.034 -2.554110,43.218772,411.687 -2.554081,43.218699,411.462 -2.554042,43.218626,411.283 -2.553988,43.218555,411.211 -2.553919,43.218491,410.609 -2.553832,43.218437,410.258 -2.553736,43.218395,410.024 -2.553638,43.218354,409.824 -2.553549,43.218303,409.090 -2.553477,43.218244,408.492 -2.553428,43.218176,407.844 -2.553400,43.218107,406.867 -2.553376,43.218037,406.239 -2.553356,43.217968,406.212 -2.553341,43.217897,406.283 -2.553335,43.217823,405.825 -2.553341,43.217747,405.417 -2.553361,43.217665,405.009 -2.553389,43.217581,404.640 -2.553426,43.217491,404.256 -2.553455,43.217398,403.226 -2.553466,43.217304,402.672 -2.553438,43.217213,401.844 -2.553370,43.217137,401.256 -2.553277,43.217083,399.869 -2.553170,43.217042,399.291 -2.553064,43.216996,398.614 -2.552981,43.216934,397.673 -2.552922,43.216854,396.885 -2.552906,43.216763,396.613 -2.552923,43.216671,396.809 -2.552950,43.216575,396.669 -2.552972,43.216477,396.415 -2.553007,43.216378,396.045 -2.553073,43.216283,395.411 -2.553159,43.216202,394.023 -2.553254,43.216124,393.285 -2.553318,43.216033,392.868 -2.553343,43.215936,392.630 -2.553330,43.215846,392.443 -2.553299,43.215765,392.898 -2.553283,43.215688,392.815 -2.553301,43.215617,392.826 -2.553338,43.215560,393.009 -2.553373,43.215507,393.241 -2.553407,43.215455,393.237 -2.553438,43.215407,393.477 -2.553466,43.215361,393.463 -2.553492,43.215313,393.655 -2.553520,43.215268,394.057 -2.553551,43.215223,394.290 -2.553581,43.215180,394.212 -2.553612,43.215136,394.465 -2.553640,43.215093,394.465 -2.553668,43.215048,394.268 -2.553709,43.215006,394.414 -2.553752,43.214965,394.609 -2.553785,43.214915,394.618 -2.553796,43.214862,394.874 -2.553782,43.214811,395.094 -2.553744,43.214768,394.820 -2.553686,43.214736,394.632 -2.553614,43.214709,394.424 -2.553539,43.214686,394.447 -2.553467,43.214667,394.249 -2.553391,43.214653,394.432 -2.553316,43.214645,394.489 -2.553240,43.214639,394.606 -2.553167,43.214630,394.626 -2.553096,43.214619,394.609 -2.553027,43.214602,394.880 -2.552970,43.214581,395.096 -2.552915,43.214557,395.076 -2.552860,43.214528,394.872 -2.552810,43.214496,394.884 -2.552766,43.214467,394.876 -2.552717,43.214445,394.829 -2.552670,43.214427,395.261 -2.552624,43.214413,395.884 -2.552580,43.214405,396.285 -2.552537,43.214406,396.689 -2.552492,43.214409,397.017 -2.552445,43.214407,397.409 -2.552401,43.214407,397.890 -2.552355,43.214408,398.066 -2.552306,43.214408,398.446 -2.552257,43.214405,398.632 -2.552209,43.214399,399.024 -2.552162,43.214390,399.416 -2.552123,43.214370,399.839 -2.552091,43.214345,400.221 -2.552063,43.214315,400.684 -2.552051,43.214277,400.874 -2.552040,43.214242,401.256 -2.552028,43.214209,401.821 -2.552018,43.214176,402.209 -2.552007,43.214142,402.839 -2.551992,43.214108,403.215 -2.551972,43.214074,403.425 -2.551962,43.214036,403.471 -2.551949,43.213998,403.443 -2.551926,43.213959,403.255 -2.551893,43.213926,403.058 -2.551845,43.213898,403.050 -2.551786,43.213878,402.843 -2.551720,43.213873,402.679 -2.551650,43.213880,402.405 -2.551581,43.213890,402.425 -2.551514,43.213901,402.209 -2.551446,43.213913,402.249 -2.551378,43.213918,402.265 -2.551314,43.213906,402.235 -2.551256,43.213882,402.291 -2.551204,43.213854,402.053 -2.551154,43.213820,402.085 -2.551106,43.213782,401.858 -2.551053,43.213745,401.460 -2.550989,43.213715,401.083 -2.550913,43.213704,401.097 -2.550848,43.213714,401.023 -2.550793,43.213733,401.025 -2.550736,43.213759,401.409 -2.550686,43.213788,401.861 -2.550639,43.213820,402.077 -2.550597,43.213854,402.467 -2.550542,43.213891,403.083 -2.550492,43.213927,403.425 -2.550444,43.213961,403.877 -2.550398,43.213997,404.060 -2.550354,43.214035,404.292 -2.550308,43.214074,404.615 -2.550263,43.214112,405.051 -2.550215,43.214146,405.201 -2.550156,43.214177,405.611 -2.550092,43.214203,405.809 -2.550031,43.214225,405.857 -2.549967,43.214237,405.813 -2.549899,43.214240,405.893 -2.549833,43.214228,405.859 -2.549775,43.214211,405.671 -2.549722,43.214194,406.023 -2.549681,43.214171,406.276 -2.549650,43.214141,406.678 -2.549623,43.214112,407.281 -2.549601,43.214081,407.631 -2.549582,43.214049,408.061 -2.549569,43.214016,408.407 -2.549569,43.213979,408.809 -2.549571,43.213946,409.275 -2.549568,43.213912,409.631 -2.549573,43.213881,409.891 -2.549583,43.213849,410.097 -2.549594,43.213818,410.469 -2.549607,43.213785,410.821 -2.549624,43.213754,411.434 -2.549641,43.213725,412.256 -2.549659,43.213697,412.879 -2.549684,43.213669,413.489 -2.549712,43.213643,413.806 -2.549741,43.213617,414.026 -2.549768,43.213591,414.409 -2.549794,43.213565,414.880 -2.549823,43.213536,415.446 -2.549849,43.213504,415.846 -2.549881,43.213472,416.272 -2.549910,43.213440,416.484 -2.549927,43.213402,416.476 -2.549942,43.213364,416.659 -2.549954,43.213321,416.661 -2.549956,43.213278,416.624 -2.549945,43.213237,416.878 -2.549925,43.213196,417.033 -2.549905,43.213151,417.226 -2.549888,43.213101,417.409 -2.549879,43.213049,417.429 -2.549880,43.212994,417.485 -2.549894,43.212941,417.425 -2.549916,43.212892,417.271 -2.549942,43.212845,417.243 -2.549976,43.212799,417.495 -2.550012,43.212751,417.438 -2.550050,43.212703,417.670 -2.550086,43.212654,417.643 -2.550118,43.212606,418.071 -2.550143,43.212557,418.441 -2.550163,43.212504,418.815 -2.550176,43.212451,419.209 -2.550174,43.212397,419.229 -2.550155,43.212345,419.415 -2.550127,43.212293,419.475 -2.550096,43.212241,419.671 -2.550064,43.212187,419.433 -2.550029,43.212135,419.825 -2.549992,43.212082,420.098 -2.549955,43.212029,420.090 -2.549918,43.211975,419.833 -2.549882,43.211921,419.848 -2.549848,43.211867,419.661 -2.549807,43.211818,419.217 -2.549751,43.211771,418.809 -2.549694,43.211730,418.456 -2.549631,43.211692,418.412 -2.549561,43.211663,418.292 -2.549485,43.211644,417.848 -2.549409,43.211627,418.250 -2.549336,43.211613,418.422 -2.549270,43.211597,419.095 -2.549208,43.211580,419.467 -2.549143,43.211566,420.050 -2.549081,43.211552,420.655 -2.549019,43.211547,421.207 -2.548957,43.211557,421.617 -2.548887,43.211565,421.809 -2.548817,43.211575,422.027 -2.548752,43.211585,421.893 -2.548684,43.211593,421.873 -2.548613,43.211595,421.839 -2.548544,43.211588,422.071 -2.548473,43.211568,422.273 -2.548411,43.211537,422.416 -2.548356,43.211501,422.268 -2.548303,43.211463,422.261 -2.548251,43.211423,422.285 -2.548196,43.211381,422.089 -2.548138,43.211337,421.817 -2.548082,43.211294,421.809 -2.548023,43.211253,421.610 -2.547959,43.211215,421.636 -2.547891,43.211179,421.816 -2.547824,43.211146,422.212 -2.547761,43.211117,422.644 -2.547701,43.211091,422.886 -2.547635,43.211070,423.289 -2.547567,43.211058,423.281 -2.547493,43.211055,423.014 -2.547417,43.211058,422.882 -2.547336,43.211062,422.443 -2.547249,43.211066,422.017 -2.547154,43.211069,421.609 -2.547058,43.211072,420.640 -2.546957,43.211080,419.426 -2.546844,43.211089,418.286 -2.546720,43.211095,417.612 -2.546599,43.211098,416.844 -2.546472,43.211093,416.086 -2.546340,43.211075,415.689 -2.546213,43.211041,415.441 -2.546093,43.210991,414.854 -2.545977,43.210930,413.655 -2.545862,43.210865,412.207 -2.545756,43.210805,410.617 -2.545684,43.210739,409.209 -2.545651,43.210673,408.097 -2.545653,43.210606,407.823 -2.545687,43.210552,408.213 -2.545741,43.210516,408.429 -2.545800,43.210492,408.671 -2.545852,43.210466,408.453 -2.545903,43.210442,408.446 -2.545956,43.210423,408.698 -2.546011,43.210409,409.031 -2.546070,43.210396,409.083 -2.546131,43.210389,409.025 -2.546195,43.210382,409.017 -2.546257,43.210372,409.009 -2.546315,43.210361,409.070 -2.546388,43.210339,409.016 -2.546432,43.210315,409.046 -2.546476,43.210283,409.262 -2.546507,43.210255,409.424</coordinates>
</LineString>
</Placemark>
</Document>
</kml>
