<?xml version="1.0" encoding="UTF-8"?>
<gpx creator="Rutas Mallabia" version="1.1" xmlns="http://www.topografix.com/GPX/1/1" xmlns:xsi="http://www.w3.org/2001/XMLSchema-instance" xsi:schemaLocation="http://www.topografix.com/GPX/1/1 http://www.topografix.com/GPX/1/1/gpx.xsd">
  <metadata>
    <name>Trabakua, Zengotitagane, Axmakur y Andikoa</name>
    <time>2025-12-27T14:57:01.000Z</time>
  </metadata>
  <trk>
    <name>Trabakua, Zengotitagane, Axmakur y Andikoa</name>
    <trkseg>
      <trkpt lat="43.209222" lon="-2.546971"><ele>400.659</ele></trkpt>
      <trkpt lat="43.209221" lon="-2.546971"><ele>400.691</ele></trkpt>
      <trkpt lat="43.209227" lon="-2.546974"><ele>400.665</ele></trkpt>
      <trkpt lat="43.209239" lon="-2.546997"><ele>400.815</ele></trkpt>
      <trkpt lat="43.209253" lon="-2.54704"><ele>400.664</ele></trkpt>
      <trkpt lat="43.209258" lon="-2.54708"><ele>400.458</ele></trkpt>
      <trkpt lat="43.209252" lon="-2.547132"><ele>400.222</ele></trkpt>
      <trkpt lat="43.209243" lon="-2.547179"><ele>400.029</ele></trkpt>
      <trkpt lat="43.209231" lon="-2.547224"><ele>399.423</ele></trkpt>
      <trkpt lat="43.209215" lon="-2.547264"><ele>399.279</ele></trkpt>
      <trkpt lat="43.209202" lon="-2.547298"><ele>399.209</ele></trkpt>
      <trkpt lat="43.209209" lon="-2.547334"><ele>399.021</ele></trkpt>
      <trkpt lat="43.209238" lon="-2.547357"><ele>399.256</ele></trkpt>
      <trkpt lat="43.209263" lon="-2.5474"><ele>399.674</ele></trkpt>
      <trkpt lat="43.209265" lon="-2.547456"><ele>399.45</ele></trkpt>
      <trkpt lat="43.209272" lon="-2.547514"><ele>399.054</ele></trkpt>
      <trkpt lat="43.209279" lon="-2.547571"><ele>398.844</ele></trkpt>
      <trkpt lat="43.209291" lon="-2.54763"><ele>398.683</ele></trkpt>
      <trkpt lat="43.2093" lon="-2.547698"><ele>398.417</ele></trkpt>
      <trkpt lat="43.209309" lon="-2.547765"><ele>398.421</ele></trkpt>
      <trkpt lat="43.209317" lon="-2.547833"><ele>398.848</ele></trkpt>
      <trkpt lat="43.209327" lon="-2.547903"><ele>398.682</ele></trkpt>
      <trkpt lat="43.20934" lon="-2.547975"><ele>398.498</ele></trkpt>
      <trkpt lat="43.209353" lon="-2.548047"><ele>398.209</ele></trkpt>
      <trkpt lat="43.209367" lon="-2.54812"><ele>397.816</ele></trkpt>
      <trkpt lat="43.209382" lon="-2.548193"><ele>397.406</ele></trkpt>
      <trkpt lat="43.209397" lon="-2.548266"><ele>397.064</ele></trkpt>
      <trkpt lat="43.209415" lon="-2.548344"><ele>396.851</ele></trkpt>
      <trkpt lat="43.209432" lon="-2.548431"><ele>396.445</ele></trkpt>
      <trkpt lat="43.209446" lon="-2.548522"><ele>396.075</ele></trkpt>
      <trkpt lat="43.209462" lon="-2.548624"><ele>396.034</ele></trkpt>
      <trkpt lat="43.209476" lon="-2.548727"><ele>396.068</ele></trkpt>
      <trkpt lat="43.209488" lon="-2.548836"><ele>395.842</ele></trkpt>
      <trkpt lat="43.209496" lon="-2.548948"><ele>395.819</ele></trkpt>
      <trkpt lat="43.209495" lon="-2.54906"><ele>395.893</ele></trkpt>
      <trkpt lat="43.209484" lon="-2.549176"><ele>395.829</ele></trkpt>
      <trkpt lat="43.209467" lon="-2.549297"><ele>395.809</ele></trkpt>
      <trkpt lat="43.209442" lon="-2.549416"><ele>396.013</ele></trkpt>
      <trkpt lat="43.209412" lon="-2.549534"><ele>396.085</ele></trkpt>
      <trkpt lat="43.209375" lon="-2.54965"><ele>396.673</ele></trkpt>
      <trkpt lat="43.209335" lon="-2.54976"><ele>396.867</ele></trkpt>
      <trkpt lat="43.209291" lon="-2.549869"><ele>397.071</ele></trkpt>
      <trkpt lat="43.209243" lon="-2.549973"><ele>397.881</ele></trkpt>
      <trkpt lat="43.209193" lon="-2.550075"><ele>398.86</ele></trkpt>
      <trkpt lat="43.209144" lon="-2.550175"><ele>399.444</ele></trkpt>
      <trkpt lat="43.209098" lon="-2.55027"><ele>399.848</ele></trkpt>
      <trkpt lat="43.209055" lon="-2.550366"><ele>400.635</ele></trkpt>
      <trkpt lat="43.209017" lon="-2.550464"><ele>401.019</ele></trkpt>
      <trkpt lat="43.208984" lon="-2.550559"><ele>401.275</ele></trkpt>
      <trkpt lat="43.208955" lon="-2.550657"><ele>401.209</ele></trkpt>
      <trkpt lat="43.208931" lon="-2.550758"><ele>401.407</ele></trkpt>
      <trkpt lat="43.208905" lon="-2.550857"><ele>401.661</ele></trkpt>
      <trkpt lat="43.208882" lon="-2.550955"><ele>401.831</ele></trkpt>
      <trkpt lat="43.208861" lon="-2.551056"><ele>402.083</ele></trkpt>
      <trkpt lat="43.208843" lon="-2.551159"><ele>402.637</ele></trkpt>
      <trkpt lat="43.208824" lon="-2.551261"><ele>403.057</ele></trkpt>
      <trkpt lat="43.208804" lon="-2.551362"><ele>403.296</ele></trkpt>
      <trkpt lat="43.208782" lon="-2.551457"><ele>403.67</ele></trkpt>
      <trkpt lat="43.208758" lon="-2.551556"><ele>403.634</ele></trkpt>
      <trkpt lat="43.208731" lon="-2.551656"><ele>403.671</ele></trkpt>
      <trkpt lat="43.208701" lon="-2.55175"><ele>403.445</ele></trkpt>
      <trkpt lat="43.208666" lon="-2.551844"><ele>403.011</ele></trkpt>
      <trkpt lat="43.208627" lon="-2.551933"><ele>403.009</ele></trkpt>
      <trkpt lat="43.208583" lon="-2.552019"><ele>403.219</ele></trkpt>
      <trkpt lat="43.208532" lon="-2.552103"><ele>403.481</ele></trkpt>
      <trkpt lat="43.208477" lon="-2.552183"><ele>403.891</ele></trkpt>
      <trkpt lat="43.208418" lon="-2.552261"><ele>404.685</ele></trkpt>
      <trkpt lat="43.208357" lon="-2.552331"><ele>405.269</ele></trkpt>
      <trkpt lat="43.208292" lon="-2.552394"><ele>405.669</ele></trkpt>
      <trkpt lat="43.208254" lon="-2.551888"><ele>411.995164</ele></trkpt>
      <trkpt lat="43.208249" lon="-2.551911"><ele>411.995164</ele></trkpt>
      <trkpt lat="43.208238" lon="-2.551935"><ele>411.995164</ele></trkpt>
      <trkpt lat="43.208229" lon="-2.55197"><ele>411.995164</ele></trkpt>
      <trkpt lat="43.208227" lon="-2.552004"><ele>411.995164</ele></trkpt>
      <trkpt lat="43.208224" lon="-2.552034"><ele>411.995164</ele></trkpt>
      <trkpt lat="43.208221" lon="-2.55207"><ele>411.995164</ele></trkpt>
      <trkpt lat="43.20822" lon="-2.552108"><ele>411.995164</ele></trkpt>
      <trkpt lat="43.208213" lon="-2.552141"><ele>411.995164</ele></trkpt>
      <trkpt lat="43.208202" lon="-2.552178"><ele>411.995164</ele></trkpt>
      <trkpt lat="43.20819" lon="-2.552213"><ele>411.995164</ele></trkpt>
      <trkpt lat="43.208184" lon="-2.552249"><ele>411.995164</ele></trkpt>
      <trkpt lat="43.20818" lon="-2.55228"><ele>411.995164</ele></trkpt>
      <trkpt lat="43.208177" lon="-2.552314"><ele>411.995164</ele></trkpt>
      <trkpt lat="43.208177" lon="-2.552357"><ele>411.995164</ele></trkpt>
      <trkpt lat="43.208182" lon="-2.5524"><ele>411.995164</ele></trkpt>
      <trkpt lat="43.208178" lon="-2.552441"><ele>411.995164</ele></trkpt>
      <trkpt lat="43.208176" lon="-2.552482"><ele>411.995164</ele></trkpt>
      <trkpt lat="43.208172" lon="-2.55252"><ele>411.995164</ele></trkpt>
      <trkpt lat="43.208171" lon="-2.552562"><ele>411.995164</ele></trkpt>
      <trkpt lat="43.208171" lon="-2.552601"><ele>411.995164</ele></trkpt>
      <trkpt lat="43.208172" lon="-2.552641"><ele>411.995164</ele></trkpt>
      <trkpt lat="43.208161" lon="-2.552687"><ele>411.995164</ele></trkpt>
      <trkpt lat="43.208157" lon="-2.552727"><ele>411.995164</ele></trkpt>
      <trkpt lat="43.208155" lon="-2.552767"><ele>411.995164</ele></trkpt>
      <trkpt lat="43.208154" lon="-2.552801"><ele>411.995164</ele></trkpt>
      <trkpt lat="43.208155" lon="-2.552835"><ele>411.995164</ele></trkpt>
      <trkpt lat="43.208152" lon="-2.552869"><ele>411.995164</ele></trkpt>
      <trkpt lat="43.208149" lon="-2.552903"><ele>411.995164</ele></trkpt>
      <trkpt lat="43.208149" lon="-2.552934"><ele>411.995164</ele></trkpt>
      <trkpt lat="43.208141" lon="-2.552961"><ele>411.995164</ele></trkpt>
      <trkpt lat="43.208129" lon="-2.552971"><ele>411.995164</ele></trkpt>
      <trkpt lat="43.208114" lon="-2.552986"><ele>411.995164</ele></trkpt>
      <trkpt lat="43.208108" lon="-2.553018"><ele>411.995164</ele></trkpt>
      <trkpt lat="43.208102" lon="-2.553048"><ele>411.995164</ele></trkpt>
      <trkpt lat="43.20809" lon="-2.553069"><ele>411.995164</ele></trkpt>
      <trkpt lat="43.208079" lon="-2.553076"><ele>412.089362</ele></trkpt>
      <trkpt lat="43.208055" lon="-2.553088"><ele>412.293795</ele></trkpt>
      <trkpt lat="43.208039" lon="-2.553105"><ele>412.455754</ele></trkpt>
      <trkpt lat="43.208025" lon="-2.553125"><ele>412.617508</ele></trkpt>
      <trkpt lat="43.208004" lon="-2.553131"><ele>412.78918</ele></trkpt>
      <trkpt lat="43.207983" lon="-2.553135"><ele>412.958858</ele></trkpt>
      <trkpt lat="43.207957" lon="-2.553136"><ele>413.167021</ele></trkpt>
      <trkpt lat="43.207931" lon="-2.553133"><ele>413.375837</ele></trkpt>
      <trkpt lat="43.207903" lon="-2.553125"><ele>413.604732</ele></trkpt>
      <trkpt lat="43.207881" lon="-2.553112"><ele>413.796437</ele></trkpt>
      <trkpt lat="43.207858" lon="-2.553097"><ele>414.000247</ele></trkpt>
      <trkpt lat="43.207837" lon="-2.553085"><ele>414.182308</ele></trkpt>
      <trkpt lat="43.207821" lon="-2.553071"><ele>414.334183</ele></trkpt>
      <trkpt lat="43.207798" lon="-2.553063"><ele>414.524078</ele></trkpt>
      <trkpt lat="43.207778" lon="-2.553061"><ele>414.684566</ele></trkpt>
      <trkpt lat="43.207759" lon="-2.553044"><ele>414.866103</ele></trkpt>
      <trkpt lat="43.207741" lon="-2.553022"><ele>415.059032</ele></trkpt>
      <trkpt lat="43.207723" lon="-2.552994"><ele>415.276815</ele></trkpt>
      <trkpt lat="43.207703" lon="-2.552974"><ele>415.474884</ele></trkpt>
      <trkpt lat="43.207686" lon="-2.552959"><ele>415.636645</ele></trkpt>
      <trkpt lat="43.207667" lon="-2.552942"><ele>415.818182</ele></trkpt>
      <trkpt lat="43.207653" lon="-2.552922"><ele>415.979938</ele></trkpt>
      <trkpt lat="43.207642" lon="-2.552903"><ele>416.121479</ele></trkpt>
      <trkpt lat="43.207625" lon="-2.552889"><ele>416.280161</ele></trkpt>
      <trkpt lat="43.207613" lon="-2.552881"><ele>416.386936</ele></trkpt>
      <trkpt lat="43.207601" lon="-2.552873"><ele>416.493711</ele></trkpt>
      <trkpt lat="43.20759" lon="-2.552863"><ele>416.599318</ele></trkpt>
      <trkpt lat="43.207578" lon="-2.552856"><ele>416.703676</ele></trkpt>
      <trkpt lat="43.207571" lon="-2.552851"><ele>416.766836</ele></trkpt>
      <trkpt lat="43.207566" lon="-2.552845"><ele>416.819998</ele></trkpt>
      <trkpt lat="43.207552" lon="-2.552835"><ele>416.946317</ele></trkpt>
      <trkpt lat="43.207533" lon="-2.55283"><ele>417.101149</ele></trkpt>
      <trkpt lat="43.207522" lon="-2.552825"><ele>417.193889</ele></trkpt>
      <trkpt lat="43.207512" lon="-2.552809"><ele>417.316836</ele></trkpt>
      <trkpt lat="43.207496" lon="-2.552799"><ele>417.457547</ele></trkpt>
      <trkpt lat="43.207484" lon="-2.552791"><ele>417.564323</ele></trkpt>
      <trkpt lat="43.207469" lon="-2.552782"><ele>417.695348</ele></trkpt>
      <trkpt lat="43.207452" lon="-2.552772"><ele>417.843379</ele></trkpt>
      <trkpt lat="43.207438" lon="-2.552757"><ele>417.985541</ele></trkpt>
      <trkpt lat="43.207425" lon="-2.552747"><ele>418.104819</ele></trkpt>
      <trkpt lat="43.207408" lon="-2.552734"><ele>418.260579</ele></trkpt>
      <trkpt lat="43.207399" lon="-2.552721"><ele>418.365167</ele></trkpt>
      <trkpt lat="43.207379" lon="-2.552714"><ele>418.530356</ele></trkpt>
      <trkpt lat="43.207367" lon="-2.552719"><ele>418.630725</ele></trkpt>
      <trkpt lat="43.20735" lon="-2.552719"><ele>418.766778</ele></trkpt>
      <trkpt lat="43.207334" lon="-2.552717"><ele>418.895359</ele></trkpt>
      <trkpt lat="43.207325" lon="-2.552717"><ele>418.967387</ele></trkpt>
      <trkpt lat="43.207321" lon="-2.552714"><ele>419.00387</ele></trkpt>
      <trkpt lat="43.207326" lon="-2.552713"><ele>419.044309</ele></trkpt>
      <trkpt lat="43.207325" lon="-2.552716"><ele>419.063552</ele></trkpt>
      <trkpt lat="43.207324" lon="-2.552715"><ele>419.073456</ele></trkpt>
      <trkpt lat="43.207324" lon="-2.552715"><ele>419.073456</ele></trkpt>
      <trkpt lat="43.207324" lon="-2.552715"><ele>419.073456</ele></trkpt>
      <trkpt lat="43.207324" lon="-2.552715"><ele>419.073456</ele></trkpt>
      <trkpt lat="43.207324" lon="-2.552715"><ele>419.073456</ele></trkpt>
      <trkpt lat="43.207324" lon="-2.552715"><ele>419.073456</ele></trkpt>
      <trkpt lat="43.207323" lon="-2.552714"><ele>419.083359</ele></trkpt>
      <trkpt lat="43.207316" lon="-2.552708"><ele>419.149415</ele></trkpt>
      <trkpt lat="43.207307" lon="-2.552703"><ele>419.227125</ele></trkpt>
      <trkpt lat="43.207305" lon="-2.552704"><ele>419.244161</ele></trkpt>
      <trkpt lat="43.207305" lon="-2.552704"><ele>419.244161</ele></trkpt>
      <trkpt lat="43.207302" lon="-2.552705"><ele>419.268869</ele></trkpt>
      <trkpt lat="43.207286" lon="-2.552699"><ele>419.401616</ele></trkpt>
      <trkpt lat="43.207271" lon="-2.552693"><ele>419.526661</ele></trkpt>
      <trkpt lat="43.207255" lon="-2.552687"><ele>419.659408</ele></trkpt>
      <trkpt lat="43.207241" lon="-2.55268"><ele>419.778661</ele></trkpt>
      <trkpt lat="43.207229" lon="-2.552668"><ele>419.897502</ele></trkpt>
      <trkpt lat="43.207215" lon="-2.552652"><ele>420.043327</ele></trkpt>
      <trkpt lat="43.207198" lon="-2.552646"><ele>420.18381</ele></trkpt>
      <trkpt lat="43.207185" lon="-2.552638"><ele>420.297838</ele></trkpt>
      <trkpt lat="43.207173" lon="-2.552625"><ele>420.420206</ele></trkpt>
      <trkpt lat="43.207157" lon="-2.552611"><ele>420.572082</ele></trkpt>
      <trkpt lat="43.207142" lon="-2.552601"><ele>420.705551</ele></trkpt>
      <trkpt lat="43.207126" lon="-2.552592"><ele>420.843946</ele></trkpt>
      <trkpt lat="43.207114" lon="-2.552581"><ele>420.959447</ele></trkpt>
      <trkpt lat="43.207099" lon="-2.552571"><ele>421.092917</ele></trkpt>
      <trkpt lat="43.207083" lon="-2.552559"><ele>421.238851</ele></trkpt>
      <trkpt lat="43.207071" lon="-2.552544"><ele>421.368772</ele></trkpt>
      <trkpt lat="43.207055" lon="-2.552528"><ele>421.527227</ele></trkpt>
      <trkpt lat="43.207039" lon="-2.552524"><ele>421.657386</ele></trkpt>
      <trkpt lat="43.207035" lon="-2.55252"><ele>421.697</ele></trkpt>
      <trkpt lat="43.207038" lon="-2.552524"><ele>421.730479</ele></trkpt>
      <trkpt lat="43.207039" lon="-2.552522"><ele>421.744627</ele></trkpt>
      <trkpt lat="43.207039" lon="-2.552522"><ele>421.744627</ele></trkpt>
      <trkpt lat="43.207039" lon="-2.552522"><ele>421.744627</ele></trkpt>
      <trkpt lat="43.207039" lon="-2.552522"><ele>421.744627</ele></trkpt>
      <trkpt lat="43.207039" lon="-2.552522"><ele>421.744627</ele></trkpt>
      <trkpt lat="43.207039" lon="-2.552522"><ele>421.744627</ele></trkpt>
      <trkpt lat="43.207039" lon="-2.552522"><ele>421.744627</ele></trkpt>
      <trkpt lat="43.207039" lon="-2.552522"><ele>421.744627</ele></trkpt>
      <trkpt lat="43.207039" lon="-2.552522"><ele>421.744627</ele></trkpt>
      <trkpt lat="43.207039" lon="-2.552522"><ele>421.744627</ele></trkpt>
      <trkpt lat="43.207039" lon="-2.552522"><ele>421.744627</ele></trkpt>
      <trkpt lat="43.207039" lon="-2.552522"><ele>421.744627</ele></trkpt>
      <trkpt lat="43.204302" lon="-2.551477"><ele>426.639039</ele></trkpt>
      <trkpt lat="43.204164" lon="-2.551601"><ele>426.213408</ele></trkpt>
      <trkpt lat="43.204138" lon="-2.551635"><ele>426.120731</ele></trkpt>
      <trkpt lat="43.204106" lon="-2.551698"><ele>425.976318</ele></trkpt>
      <trkpt lat="43.204079" lon="-2.551759"><ele>425.8421</ele></trkpt>
      <trkpt lat="43.204057" lon="-2.55183"><ele>425.697007</ele></trkpt>
      <trkpt lat="43.204037" lon="-2.55191"><ele>425.537947</ele></trkpt>
      <trkpt lat="43.20402" lon="-2.551982"><ele>425.39561</ele></trkpt>
      <trkpt lat="43.204" lon="-2.552056"><ele>425.247179</ele></trkpt>
      <trkpt lat="43.203985" lon="-2.552136"><ele>425.091825</ele></trkpt>
      <trkpt lat="43.20397" lon="-2.55222"><ele>424.929174</ele></trkpt>
      <trkpt lat="43.20395" lon="-2.552299"><ele>424.771892</ele></trkpt>
      <trkpt lat="43.20393" lon="-2.552379"><ele>424.612833</ele></trkpt>
      <trkpt lat="43.203909" lon="-2.552458"><ele>424.454685</ele></trkpt>
      <trkpt lat="43.203888" lon="-2.552541"><ele>424.289451</ele></trkpt>
      <trkpt lat="43.203871" lon="-2.552629"><ele>424.118235</ele></trkpt>
      <trkpt lat="43.203852" lon="-2.552713"><ele>423.952824</ele></trkpt>
      <trkpt lat="43.203825" lon="-2.552793"><ele>423.787022</ele></trkpt>
      <trkpt lat="43.203796" lon="-2.552869"><ele>423.625688</ele></trkpt>
      <trkpt lat="43.203768" lon="-2.552946"><ele>423.463854</ele></trkpt>
      <trkpt lat="43.20374" lon="-2.553024"><ele>423.300334</ele></trkpt>
      <trkpt lat="43.20371" lon="-2.553098"><ele>423.222858</ele></trkpt>
      <trkpt lat="43.203675" lon="-2.55317"><ele>423.331274</ele></trkpt>
      <trkpt lat="43.203637" lon="-2.553242"><ele>423.442634</ele></trkpt>
      <trkpt lat="43.203597" lon="-2.55331"><ele>423.552101</ele></trkpt>
      <trkpt lat="43.203553" lon="-2.553373"><ele>423.661405</ele></trkpt>
      <trkpt lat="43.203508" lon="-2.553437"><ele>423.772804</ele></trkpt>
      <trkpt lat="43.203463" lon="-2.5535"><ele>423.883304</ele></trkpt>
      <trkpt lat="43.203417" lon="-2.553554"><ele>423.987355</ele></trkpt>
      <trkpt lat="43.20337" lon="-2.553602"><ele>424.088056</ele></trkpt>
      <trkpt lat="43.203322" lon="-2.553649"><ele>424.189408</ele></trkpt>
      <trkpt lat="43.203275" lon="-2.553692"><ele>424.286499</ele></trkpt>
      <trkpt lat="43.203227" lon="-2.553729"><ele>424.381124</ele></trkpt>
      <trkpt lat="43.20318" lon="-2.553763"><ele>424.472443</ele></trkpt>
      <trkpt lat="43.203135" lon="-2.55379"><ele>424.556855</ele></trkpt>
      <trkpt lat="43.203087" lon="-2.553816"><ele>424.645547</ele></trkpt>
      <trkpt lat="43.203041" lon="-2.553839"><ele>424.729692</ele></trkpt>
      <trkpt lat="43.202996" lon="-2.553859"><ele>424.810988</ele></trkpt>
      <trkpt lat="43.20295" lon="-2.553876"><ele>424.892864</ele></trkpt>
      <trkpt lat="43.202902" lon="-2.553888"><ele>424.976718</ele></trkpt>
      <trkpt lat="43.202851" lon="-2.5539"><ele>425.065648</ele></trkpt>
      <trkpt lat="43.202805" lon="-2.553915"><ele>425.146908</ele></trkpt>
      <trkpt lat="43.20276" lon="-2.55392"><ele>425.224501</ele></trkpt>
      <trkpt lat="43.202716" lon="-2.55392"><ele>425.300121</ele></trkpt>
      <trkpt lat="43.202673" lon="-2.553923"><ele>425.374118</ele></trkpt>
      <trkpt lat="43.202629" lon="-2.553924"><ele>425.449749</ele></trkpt>
      <trkpt lat="43.202587" lon="-2.553921"><ele>425.522029</ele></trkpt>
      <trkpt lat="43.202544" lon="-2.553913"><ele>425.596607</ele></trkpt>
      <trkpt lat="43.202504" lon="-2.553906"><ele>425.66591</ele></trkpt>
      <trkpt lat="43.20246" lon="-2.553899"><ele>425.742037</ele></trkpt>
      <trkpt lat="43.20242" lon="-2.553889"><ele>425.811915</ele></trkpt>
      <trkpt lat="43.202377" lon="-2.553878"><ele>425.887091</ele></trkpt>
      <trkpt lat="43.202336" lon="-2.553866"><ele>425.959141</ele></trkpt>
      <trkpt lat="43.202293" lon="-2.553854"><ele>426.034556</ele></trkpt>
      <trkpt lat="43.20225" lon="-2.553838"><ele>426.111128</ele></trkpt>
      <trkpt lat="43.202211" lon="-2.553815"><ele>426.184086</ele></trkpt>
      <trkpt lat="43.202169" lon="-2.553796"><ele>426.260092</ele></trkpt>
      <trkpt lat="43.202132" lon="-2.553782"><ele>426.368465</ele></trkpt>
      <trkpt lat="43.202097" lon="-2.553759"><ele>426.498488</ele></trkpt>
      <trkpt lat="43.202063" lon="-2.553737"><ele>426.624436</ele></trkpt>
      <trkpt lat="43.202028" lon="-2.553713"><ele>426.755532</ele></trkpt>
      <trkpt lat="43.201993" lon="-2.553686"><ele>426.890064</ele></trkpt>
      <trkpt lat="43.201958" lon="-2.553658"><ele>427.025809</ele></trkpt>
      <trkpt lat="43.201924" lon="-2.553631"><ele>427.157431</ele></trkpt>
      <trkpt lat="43.201888" lon="-2.553605"><ele>427.293738</ele></trkpt>
      <trkpt lat="43.201853" lon="-2.553577"><ele>427.429483</ele></trkpt>
      <trkpt lat="43.201818" lon="-2.553547"><ele>427.567754</ele></trkpt>
      <trkpt lat="43.201779" lon="-2.553514"><ele>427.721275</ele></trkpt>
      <trkpt lat="43.201743" lon="-2.553488"><ele>427.857582</ele></trkpt>
      <trkpt lat="43.201709" lon="-2.55346"><ele>427.990444</ele></trkpt>
      <trkpt lat="43.201674" lon="-2.553431"><ele>428.127436</ele></trkpt>
      <trkpt lat="43.201634" lon="-2.553405"><ele>428.275734</ele></trkpt>
      <trkpt lat="43.201593" lon="-2.553379"><ele>428.427066</ele></trkpt>
      <trkpt lat="43.201553" lon="-2.553351"><ele>428.577519</ele></trkpt>
      <trkpt lat="43.201511" lon="-2.553319"><ele>428.738481</ele></trkpt>
      <trkpt lat="43.20147" lon="-2.553287"><ele>428.896522</ele></trkpt>
      <trkpt lat="43.201426" lon="-2.553258"><ele>429.06007</ele></trkpt>
      <trkpt lat="43.201386" lon="-2.553232"><ele>429.208367</ele></trkpt>
      <trkpt lat="43.201342" lon="-2.553209"><ele>429.366123</ele></trkpt>
      <trkpt lat="43.201303" lon="-2.553183"><ele>429.5114</ele></trkpt>
      <trkpt lat="43.201259" lon="-2.553158"><ele>429.67096</ele></trkpt>
      <trkpt lat="43.201215" lon="-2.553141"><ele>429.824112</ele></trkpt>
      <trkpt lat="43.201173" lon="-2.553124"><ele>429.970825</ele></trkpt>
      <trkpt lat="43.201131" lon="-2.553105"><ele>430.118995</ele></trkpt>
      <trkpt lat="43.201089" lon="-2.553087"><ele>430.266417</ele></trkpt>
      <trkpt lat="43.201045" lon="-2.55307"><ele>430.419569</ele></trkpt>
      <trkpt lat="43.200999" lon="-2.553057"><ele>430.576923</ele></trkpt>
      <trkpt lat="43.200953" lon="-2.553046"><ele>430.733364</ele></trkpt>
      <trkpt lat="43.200907" lon="-2.553034"><ele>430.890243</ele></trkpt>
      <trkpt lat="43.20086" lon="-2.553022"><ele>431.050415</ele></trkpt>
      <trkpt lat="43.200816" lon="-2.553014"><ele>431.19912</ele></trkpt>
      <trkpt lat="43.20077" lon="-2.553007"><ele>431.354183</ele></trkpt>
      <trkpt lat="43.200724" lon="-2.553003"><ele>431.508609</ele></trkpt>
      <trkpt lat="43.200677" lon="-2.553003"><ele>431.666077</ele></trkpt>
      <trkpt lat="43.20063" lon="-2.553003"><ele>431.823545</ele></trkpt>
      <trkpt lat="43.200582" lon="-2.553001"><ele>431.984437</ele></trkpt>
      <trkpt lat="43.200536" lon="-2.553001"><ele>432.138554</ele></trkpt>
      <trkpt lat="43.200492" lon="-2.553001"><ele>432.285971</ele></trkpt>
      <trkpt lat="43.200445" lon="-2.553006"><ele>432.416772</ele></trkpt>
      <trkpt lat="43.200398" lon="-2.553009"><ele>432.543043</ele></trkpt>
      <trkpt lat="43.200351" lon="-2.553016"><ele>432.669919</ele></trkpt>
      <trkpt lat="43.200305" lon="-2.553023"><ele>432.794127</ele></trkpt>
      <trkpt lat="43.200259" lon="-2.553027"><ele>432.917826</ele></trkpt>
      <trkpt lat="43.200214" lon="-2.553031"><ele>433.038847</ele></trkpt>
      <trkpt lat="43.200169" lon="-2.553037"><ele>433.160184</ele></trkpt>
      <trkpt lat="43.200125" lon="-2.553043"><ele>433.278849</ele></trkpt>
      <trkpt lat="43.20008" lon="-2.553049"><ele>433.400186</ele></trkpt>
      <trkpt lat="43.200032" lon="-2.55306"><ele>433.53079</ele></trkpt>
      <trkpt lat="43.19998" lon="-2.553065"><ele>433.670685</ele></trkpt>
      <trkpt lat="43.199929" lon="-2.553066"><ele>433.807569</ele></trkpt>
      <trkpt lat="43.199878" lon="-2.553073"><ele>433.945122</ele></trkpt>
      <trkpt lat="43.199827" lon="-2.553082"><ele>434.08312</ele></trkpt>
      <trkpt lat="43.199778" lon="-2.55309"><ele>434.21555</ele></trkpt>
      <trkpt lat="43.199731" lon="-2.553093"><ele>434.341822</ele></trkpt>
      <trkpt lat="43.199684" lon="-2.5531"><ele>434.468698</ele></trkpt>
      <trkpt lat="43.199637" lon="-2.553105"><ele>434.595211</ele></trkpt>
      <trkpt lat="43.199589" lon="-2.553113"><ele>434.724977</ele></trkpt>
      <trkpt lat="43.199541" lon="-2.553121"><ele>434.854743</ele></trkpt>
      <trkpt lat="43.199491" lon="-2.553128"><ele>434.989626</ele></trkpt>
      <trkpt lat="43.19944" lon="-2.553135"><ele>435.127179</ele></trkpt>
      <trkpt lat="43.199388" lon="-2.553141"><ele>435.267225</ele></trkpt>
      <trkpt lat="43.199336" lon="-2.553151"><ele>435.408144</ele></trkpt>
      <trkpt lat="43.199286" lon="-2.553155"><ele>435.542558</ele></trkpt>
      <trkpt lat="43.199235" lon="-2.553161"><ele>435.67993</ele></trkpt>
      <trkpt lat="43.199182" lon="-2.553169"><ele>435.823025</ele></trkpt>
      <trkpt lat="43.19913" lon="-2.553178"><ele>435.963685</ele></trkpt>
      <trkpt lat="43.199076" lon="-2.553183"><ele>436.108936</ele></trkpt>
      <trkpt lat="43.199023" lon="-2.553191"><ele>436.252032</ele></trkpt>
      <trkpt lat="43.198973" lon="-2.5532"><ele>436.387368</ele></trkpt>
      <trkpt lat="43.198923" lon="-2.553211"><ele>436.523269</ele></trkpt>
      <trkpt lat="43.198869" lon="-2.553222"><ele>436.669779</ele></trkpt>
      <trkpt lat="43.198818" lon="-2.553255"><ele>436.821111</ele></trkpt>
      <trkpt lat="43.198777" lon="-2.553312"><ele>436.977771</ele></trkpt>
      <trkpt lat="43.19875" lon="-2.553364"><ele>437.102671</ele></trkpt>
      <trkpt lat="43.198732" lon="-2.553404"><ele>437.517599</ele></trkpt>
      <trkpt lat="43.198721" lon="-2.553429"><ele>437.881916</ele></trkpt>
      <trkpt lat="43.198714" lon="-2.553449"><ele>438.158711</ele></trkpt>
      <trkpt lat="43.198707" lon="-2.553466"><ele>438.402303</ele></trkpt>
      <trkpt lat="43.198705" lon="-2.553484"><ele>438.629469</ele></trkpt>
      <trkpt lat="43.198698" lon="-2.5535"><ele>438.862279</ele></trkpt>
      <trkpt lat="43.198689" lon="-2.553517"><ele>439.124405</ele></trkpt>
      <trkpt lat="43.198678" lon="-2.553532"><ele>439.389857</ele></trkpt>
      <trkpt lat="43.198665" lon="-2.553545"><ele>439.665188</ele></trkpt>
      <trkpt lat="43.198651" lon="-2.553563"><ele>439.993583</ele></trkpt>
      <trkpt lat="43.198637" lon="-2.553579"><ele>440.305445</ele></trkpt>
      <trkpt lat="43.198627" lon="-2.553604"><ele>440.66122</ele></trkpt>
      <trkpt lat="43.198623" lon="-2.553635"><ele>441.053996</ele></trkpt>
      <trkpt lat="43.198619" lon="-2.553666"><ele>441.446772</ele></trkpt>
      <trkpt lat="43.198617" lon="-2.55369"><ele>441.748152</ele></trkpt>
      <trkpt lat="43.198616" lon="-2.553709"><ele>441.985818</ele></trkpt>
      <trkpt lat="43.198612" lon="-2.553748"><ele>442.477184</ele></trkpt>
      <trkpt lat="43.198614" lon="-2.553773"><ele>442.790963</ele></trkpt>
      <trkpt lat="43.198613" lon="-2.55379"><ele>443.003749</ele></trkpt>
      <trkpt lat="43.198616" lon="-2.553808"><ele>443.234116</ele></trkpt>
      <trkpt lat="43.19861" lon="-2.553828"><ele>443.503945</ele></trkpt>
      <trkpt lat="43.1986" lon="-2.55384"><ele>443.731333</ele></trkpt>
      <trkpt lat="43.198588" lon="-2.553859"><ele>444.044974</ele></trkpt>
      <trkpt lat="43.198583" lon="-2.553872"><ele>444.228356</ele></trkpt>
      <trkpt lat="43.198578" lon="-2.553892"><ele>444.492146</ele></trkpt>
      <trkpt lat="43.198578" lon="-2.55391"><ele>444.716719</ele></trkpt>
      <trkpt lat="43.198572" lon="-2.55393"><ele>444.986548</ele></trkpt>
      <trkpt lat="43.198564" lon="-2.553949"><ele>445.260296</ele></trkpt>
      <trkpt lat="43.198553" lon="-2.553963"><ele>445.517105</ele></trkpt>
      <trkpt lat="43.198544" lon="-2.55398"><ele>445.779232</ele></trkpt>
      <trkpt lat="43.198536" lon="-2.554003"><ele>446.097177</ele></trkpt>
      <trkpt lat="43.198533" lon="-2.554023"><ele>446.35193</ele></trkpt>
      <trkpt lat="43.198529" lon="-2.554041"><ele>446.586705</ele></trkpt>
      <trkpt lat="43.198521" lon="-2.55406"><ele>446.860454</ele></trkpt>
      <trkpt lat="43.198513" lon="-2.554083"><ele>447.178399</ele></trkpt>
      <trkpt lat="43.198508" lon="-2.554107"><ele>447.489817</ele></trkpt>
      <trkpt lat="43.198505" lon="-2.554132"><ele>447.805922</ele></trkpt>
      <trkpt lat="43.198499" lon="-2.554154"><ele>448.098979</ele></trkpt>
      <trkpt lat="43.198488" lon="-2.554173"><ele>448.401691</ele></trkpt>
      <trkpt lat="43.198479" lon="-2.55419"><ele>448.663818</ele></trkpt>
      <trkpt lat="43.198469" lon="-2.55421"><ele>448.966397</ele></trkpt>
      <trkpt lat="43.198461" lon="-2.554234"><ele>449.295646</ele></trkpt>
      <trkpt lat="43.198453" lon="-2.554256"><ele>449.602377</ele></trkpt>
      <trkpt lat="43.198442" lon="-2.554279"><ele>449.945575</ele></trkpt>
      <trkpt lat="43.198432" lon="-2.554303"><ele>450.290466</ele></trkpt>
      <trkpt lat="43.198424" lon="-2.55432"><ele>450.542917</ele></trkpt>
      <trkpt lat="43.198415" lon="-2.55434"><ele>450.836155</ele></trkpt>
      <trkpt lat="43.198404" lon="-2.554361"><ele>451.15878</ele></trkpt>
      <trkpt lat="43.198393" lon="-2.554382"><ele>451.481405</ele></trkpt>
      <trkpt lat="43.198383" lon="-2.554406"><ele>451.826297</ele></trkpt>
      <trkpt lat="43.19837" lon="-2.554431"><ele>452.209425</ele></trkpt>
      <trkpt lat="43.19836" lon="-2.554453"><ele>452.53289</ele></trkpt>
      <trkpt lat="43.198352" lon="-2.554477"><ele>452.86214</ele></trkpt>
      <trkpt lat="43.198346" lon="-2.554502"><ele>453.190516</ele></trkpt>
      <trkpt lat="43.198343" lon="-2.554523"><ele>453.457502</ele></trkpt>
      <trkpt lat="43.198342" lon="-2.554546"><ele>453.744967</ele></trkpt>
      <trkpt lat="43.198336" lon="-2.554564"><ele>453.991904</ele></trkpt>
      <trkpt lat="43.198332" lon="-2.554583"><ele>454.238641</ele></trkpt>
      <trkpt lat="43.198328" lon="-2.554605"><ele>454.521529</ele></trkpt>
      <trkpt lat="43.198325" lon="-2.554627"><ele>454.800768</ele></trkpt>
      <trkpt lat="43.198324" lon="-2.554647"><ele>455.050881</ele></trkpt>
      <trkpt lat="43.198324" lon="-2.554669"><ele>455.32536</ele></trkpt>
      <trkpt lat="43.198325" lon="-2.554692"><ele>455.612825</ele></trkpt>
      <trkpt lat="43.198324" lon="-2.554717"><ele>455.925202</ele></trkpt>
      <trkpt lat="43.198321" lon="-2.554738"><ele>456.192188</ele></trkpt>
      <trkpt lat="43.198314" lon="-2.554759"><ele>456.480281</ele></trkpt>
      <trkpt lat="43.198316" lon="-2.554778"><ele>456.71979</ele></trkpt>
      <trkpt lat="43.198315" lon="-2.554789"><ele>456.858092</ele></trkpt>
      <trkpt lat="43.198311" lon="-2.554806"><ele>457.080964</ele></trkpt>
      <trkpt lat="43.198307" lon="-2.55483"><ele>457.388122</ele></trkpt>
      <trkpt lat="43.198304" lon="-2.554848"><ele>457.61849</ele></trkpt>
      <trkpt lat="43.198306" lon="-2.55487"><ele>457.895095</ele></trkpt>
      <trkpt lat="43.198308" lon="-2.554886"><ele>458.09763</ele></trkpt>
      <trkpt lat="43.198307" lon="-2.554907"><ele>458.360191</ele></trkpt>
      <trkpt lat="43.198305" lon="-2.554928"><ele>458.62442</ele></trkpt>
      <trkpt lat="43.198305" lon="-2.554947"><ele>458.86147</ele></trkpt>
      <trkpt lat="43.198306" lon="-2.554964"><ele>459.074257</ele></trkpt>
      <trkpt lat="43.198309" lon="-2.554986"><ele>459.353496</ele></trkpt>
      <trkpt lat="43.198309" lon="-2.555003"><ele>459.565594</ele></trkpt>
      <trkpt lat="43.198309" lon="-2.555023"><ele>459.81512</ele></trkpt>
      <trkpt lat="43.19831" lon="-2.555046"><ele>460.102585</ele></trkpt>
      <trkpt lat="43.198309" lon="-2.555064"><ele>460.32781</ele></trkpt>
      <trkpt lat="43.198306" lon="-2.555084"><ele>460.582564</ele></trkpt>
      <trkpt lat="43.19831" lon="-2.555108"><ele>460.889722</ele></trkpt>
      <trkpt lat="43.198314" lon="-2.555132"><ele>461.19688</ele></trkpt>
      <trkpt lat="43.198318" lon="-2.555151"><ele>461.443617</ele></trkpt>
      <trkpt lat="43.198321" lon="-2.55517"><ele>461.686163</ele></trkpt>
      <trkpt lat="43.198327" lon="-2.555187"><ele>461.921811</ele></trkpt>
      <trkpt lat="43.198328" lon="-2.555201"><ele>462.097316</ele></trkpt>
      <trkpt lat="43.19833" lon="-2.55522"><ele>462.336825</ele></trkpt>
      <trkpt lat="43.19833" lon="-2.555238"><ele>462.561398</ele></trkpt>
      <trkpt lat="43.198331" lon="-2.555256"><ele>462.786623</ele></trkpt>
      <trkpt lat="43.198333" lon="-2.555279"><ele>463.075613</ele></trkpt>
      <trkpt lat="43.198337" lon="-2.5553"><ele>463.346411</ele></trkpt>
      <trkpt lat="43.198342" lon="-2.555318"><ele>463.586736</ele></trkpt>
      <trkpt lat="43.198346" lon="-2.555338"><ele>463.845483</ele></trkpt>
      <trkpt lat="43.198349" lon="-2.55536"><ele>464.124722</ele></trkpt>
      <trkpt lat="43.198353" lon="-2.555379"><ele>464.371459</ele></trkpt>
      <trkpt lat="43.198361" lon="-2.555401"><ele>464.678192</ele></trkpt>
      <trkpt lat="43.198368" lon="-2.555418"><ele>464.921785</ele></trkpt>
      <trkpt lat="43.198376" lon="-2.555434"><ele>465.163848</ele></trkpt>
      <trkpt lat="43.198383" lon="-2.555451"><ele>465.407441</ele></trkpt>
      <trkpt lat="43.198385" lon="-2.555468"><ele>465.622283</ele></trkpt>
      <trkpt lat="43.198389" lon="-2.55549"><ele>465.90517</ele></trkpt>
      <trkpt lat="43.198396" lon="-2.555512"><ele>466.204654</ele></trkpt>
      <trkpt lat="43.198403" lon="-2.555532"><ele>466.48145</ele></trkpt>
      <trkpt lat="43.198414" lon="-2.555551"><ele>466.784161</ele></trkpt>
      <trkpt lat="43.198428" lon="-2.555567"><ele>467.096024</ele></trkpt>
      <trkpt lat="43.198438" lon="-2.55558"><ele>467.331814</ele></trkpt>
      <trkpt lat="43.198448" lon="-2.555595"><ele>467.585416</ele></trkpt>
      <trkpt lat="43.198458" lon="-2.55561"><ele>467.839017</ele></trkpt>
      <trkpt lat="43.198467" lon="-2.555624"><ele>468.093548</ele></trkpt>
      <trkpt lat="43.198476" lon="-2.555641"><ele>468.392436</ele></trkpt>
      <trkpt lat="43.198491" lon="-2.555661"><ele>468.800649</ele></trkpt>
      <trkpt lat="43.1985" lon="-2.555675"><ele>469.066192</ele></trkpt>
      <trkpt lat="43.198509" lon="-2.55569"><ele>469.342565</ele></trkpt>
      <trkpt lat="43.198516" lon="-2.555706"><ele>469.608026</ele></trkpt>
      <trkpt lat="43.198527" lon="-2.555722"><ele>469.920898</ele></trkpt>
      <trkpt lat="43.198536" lon="-2.555736"><ele>470.186442</ele></trkpt>
      <trkpt lat="43.198544" lon="-2.555748"><ele>470.417775</ele></trkpt>
      <trkpt lat="43.19855" lon="-2.555761"><ele>470.636663</ele></trkpt>
      <trkpt lat="43.198559" lon="-2.555776"><ele>470.913036</ele></trkpt>
      <trkpt lat="43.198564" lon="-2.555793"><ele>471.17382</ele></trkpt>
      <trkpt lat="43.198574" lon="-2.555807"><ele>471.452654</ele></trkpt>
      <trkpt lat="43.198584" lon="-2.55582"><ele>471.721512</ele></trkpt>
      <trkpt lat="43.198596" lon="-2.555834"><ele>472.028929</ele></trkpt>
      <trkpt lat="43.198606" lon="-2.555845"><ele>472.27907</ele></trkpt>
      <trkpt lat="43.198617" lon="-2.555856"><ele>472.544716</ele></trkpt>
      <trkpt lat="43.198624" lon="-2.555868"><ele>472.763355</ele></trkpt>
      <trkpt lat="43.198633" lon="-2.555885"><ele>473.062243</ele></trkpt>
      <trkpt lat="43.198643" lon="-2.555902"><ele>473.373</ele></trkpt>
      <trkpt lat="43.198656" lon="-2.555916"><ele>473.69553</ele></trkpt>
      <trkpt lat="43.198665" lon="-2.555931"><ele>473.971903</ele></trkpt>
      <trkpt lat="43.198674" lon="-2.555949"><ele>474.282414</ele></trkpt>
      <trkpt lat="43.198684" lon="-2.555965"><ele>474.582233</ele></trkpt>
      <trkpt lat="43.198698" lon="-2.555977"><ele>474.904389</ele></trkpt>
      <trkpt lat="43.198712" lon="-2.555994"><ele>475.269257</ele></trkpt>
      <trkpt lat="43.198724" lon="-2.556007"><ele>475.567654</ele></trkpt>
      <trkpt lat="43.198732" lon="-2.556021"><ele>475.820713</ele></trkpt>
      <trkpt lat="43.198741" lon="-2.556036"><ele>476.097086</ele></trkpt>
      <trkpt lat="43.198754" lon="-2.55605"><ele>476.419616</ele></trkpt>
      <trkpt lat="43.198767" lon="-2.556058"><ele>476.697666</ele></trkpt>
      <trkpt lat="43.198779" lon="-2.556063"><ele>476.942407</ele></trkpt>
      <trkpt lat="43.19879" lon="-2.556073"><ele>477.199929</ele></trkpt>
      <trkpt lat="43.198801" lon="-2.556083"><ele>477.457451</ele></trkpt>
      <trkpt lat="43.198815" lon="-2.556088"><ele>477.739766</ele></trkpt>
      <trkpt lat="43.198831" lon="-2.556082"><ele>478.063458</ele></trkpt>
      <trkpt lat="43.198844" lon="-2.55608"><ele>478.318741</ele></trkpt>
      <trkpt lat="43.198856" lon="-2.556086"><ele>478.567989</ele></trkpt>
      <trkpt lat="43.198866" lon="-2.556098"><ele>478.827266</ele></trkpt>
      <trkpt lat="43.198879" lon="-2.556108"><ele>479.118122</ele></trkpt>
      <trkpt lat="43.198891" lon="-2.556115"><ele>479.372593</ele></trkpt>
      <trkpt lat="43.198903" lon="-2.556117"><ele>479.608492</ele></trkpt>
      <trkpt lat="43.198915" lon="-2.55612"><ele>479.846526</ele></trkpt>
      <trkpt lat="43.19893" lon="-2.556125"><ele>480.147766</ele></trkpt>
      <trkpt lat="43.198939" lon="-2.556138"><ele>480.402812</ele></trkpt>
      <trkpt lat="43.198952" lon="-2.556151"><ele>480.716757</ele></trkpt>
      <trkpt lat="43.198966" lon="-2.556159"><ele>481.012719</ele></trkpt>
      <trkpt lat="43.198982" lon="-2.55616"><ele>481.325279</ele></trkpt>
      <trkpt lat="43.198998" lon="-2.556159"><ele>481.637839</ele></trkpt>
      <trkpt lat="43.199011" lon="-2.556157"><ele>481.893122</ele></trkpt>
      <trkpt lat="43.199022" lon="-2.556163"><ele>482.124132</ele></trkpt>
      <trkpt lat="43.199033" lon="-2.556171"><ele>482.367096</ele></trkpt>
      <trkpt lat="43.199047" lon="-2.556186"><ele>482.713761</ele></trkpt>
      <trkpt lat="43.199062" lon="-2.556197"><ele>483.045685</ele></trkpt>
      <trkpt lat="43.199077" lon="-2.556207"><ele>483.371143</ele></trkpt>
      <trkpt lat="43.199091" lon="-2.556212"><ele>483.653458</ele></trkpt>
      <trkpt lat="43.1991" lon="-2.556213"><ele>483.829666</ele></trkpt>
      <trkpt lat="43.199107" lon="-2.556216"><ele>483.97278</ele></trkpt>
      <trkpt lat="43.199118" lon="-2.556227"><ele>484.238425</ele></trkpt>
      <trkpt lat="43.19913" lon="-2.556238"><ele>484.520075</ele></trkpt>
      <trkpt lat="43.19914" lon="-2.55625"><ele>484.779352</ele></trkpt>
      <trkpt lat="43.199151" lon="-2.556263"><ele>485.062691</ele></trkpt>
      <trkpt lat="43.19916" lon="-2.556274"><ele>485.297924</ele></trkpt>
      <trkpt lat="43.199171" lon="-2.55629"><ele>485.610794</ele></trkpt>
      <trkpt lat="43.199184" lon="-2.556306"><ele>485.951627</ele></trkpt>
      <trkpt lat="43.199196" lon="-2.556319"><ele>486.250023</ele></trkpt>
      <trkpt lat="43.199209" lon="-2.55633"><ele>486.548095</ele></trkpt>
      <trkpt lat="43.199218" lon="-2.556345"><ele>486.824467</ele></trkpt>
      <trkpt lat="43.199229" lon="-2.556359"><ele>487.11729</ele></trkpt>
      <trkpt lat="43.199238" lon="-2.556373"><ele>487.382831</ele></trkpt>
      <trkpt lat="43.199244" lon="-2.556385"><ele>487.589837</ele></trkpt>
      <trkpt lat="43.19925" lon="-2.556404"><ele>487.884399</ele></trkpt>
      <trkpt lat="43.199257" lon="-2.556422"><ele>488.174623</ele></trkpt>
      <trkpt lat="43.199264" lon="-2.556441"><ele>488.477472</ele></trkpt>
      <trkpt lat="43.199269" lon="-2.556463"><ele>488.805298</ele></trkpt>
      <trkpt lat="43.199277" lon="-2.55649"><ele>489.21991</ele></trkpt>
      <trkpt lat="43.199286" lon="-2.556512"><ele>489.578791</ele></trkpt>
      <trkpt lat="43.199294" lon="-2.556543"><ele>490.04661</ele></trkpt>
      <trkpt lat="43.199298" lon="-2.556572"><ele>490.466478</ele></trkpt>
      <trkpt lat="43.199301" lon="-2.556597"><ele>490.82691</ele></trkpt>
      <trkpt lat="43.199309" lon="-2.556621"><ele>491.20233</ele></trkpt>
      <trkpt lat="43.199319" lon="-2.556642"><ele>491.559162</ele></trkpt>
      <trkpt lat="43.199327" lon="-2.556666"><ele>491.934582</ele></trkpt>
      <trkpt lat="43.199336" lon="-2.55669"><ele>492.318528</ele></trkpt>
      <trkpt lat="43.199343" lon="-2.556711"><ele>492.64702</ele></trkpt>
      <trkpt lat="43.199345" lon="-2.556734"><ele>492.976533</ele></trkpt>
      <trkpt lat="43.199346" lon="-2.556762"><ele>493.375333</ele></trkpt>
      <trkpt lat="43.199347" lon="-2.556794"><ele>493.830977</ele></trkpt>
      <trkpt lat="43.199352" lon="-2.556825"><ele>494.282642</ele></trkpt>
      <trkpt lat="43.199361" lon="-2.556853"><ele>494.717967</ele></trkpt>
      <trkpt lat="43.199371" lon="-2.55688"><ele>495.148795</ele></trkpt>
      <trkpt lat="43.199381" lon="-2.556907"><ele>495.579623</ele></trkpt>
      <trkpt lat="43.199389" lon="-2.556933"><ele>495.981092</ele></trkpt>
      <trkpt lat="43.199396" lon="-2.556962"><ele>496.415667</ele></trkpt>
      <trkpt lat="43.199403" lon="-2.55699"><ele>496.836762</ele></trkpt>
      <trkpt lat="43.199411" lon="-2.557018"><ele>497.264586</ele></trkpt>
      <trkpt lat="43.199417" lon="-2.557046"><ele>497.679761</ele></trkpt>
      <trkpt lat="43.199426" lon="-2.557069"><ele>498.051113</ele></trkpt>
      <trkpt lat="43.199437" lon="-2.557092"><ele>498.442438</ele></trkpt>
      <trkpt lat="43.199444" lon="-2.557115"><ele>498.797002</ele></trkpt>
      <trkpt lat="43.19945" lon="-2.557143"><ele>499.212177</ele></trkpt>
      <trkpt lat="43.199455" lon="-2.557168"><ele>499.580963</ele></trkpt>
      <trkpt lat="43.199462" lon="-2.557191"><ele>499.935527</ele></trkpt>
      <trkpt lat="43.199471" lon="-2.557218"><ele>500.357874</ele></trkpt>
      <trkpt lat="43.199479" lon="-2.557242"><ele>500.733293</ele></trkpt>
      <trkpt lat="43.19949" lon="-2.557265"><ele>501.124618</ele></trkpt>
      <trkpt lat="43.199499" lon="-2.557282"><ele>501.423503</ele></trkpt>
      <trkpt lat="43.199508" lon="-2.557302"><ele>501.757862</ele></trkpt>
      <trkpt lat="43.199518" lon="-2.557321"><ele>502.091237</ele></trkpt>
      <trkpt lat="43.199524" lon="-2.557339"><ele>502.372801</ele></trkpt>
      <trkpt lat="43.19953" lon="-2.557363"><ele>502.733739</ele></trkpt>
      <trkpt lat="43.199536" lon="-2.557387"><ele>503.102008</ele></trkpt>
      <trkpt lat="43.199546" lon="-2.557409"><ele>503.505929</ele></trkpt>
      <trkpt lat="43.199555" lon="-2.557429"><ele>503.872105</ele></trkpt>
      <trkpt lat="43.199564" lon="-2.557453"><ele>504.292586</ele></trkpt>
      <trkpt lat="43.199573" lon="-2.557475"><ele>504.685618</ele></trkpt>
      <trkpt lat="43.199587" lon="-2.557499"><ele>505.164503</ele></trkpt>
      <trkpt lat="43.1996" lon="-2.557519"><ele>505.581971</ele></trkpt>
      <trkpt lat="43.199613" lon="-2.557536"><ele>505.965816</ele></trkpt>
      <trkpt lat="43.199627" lon="-2.557552"><ele>506.355252</ele></trkpt>
      <trkpt lat="43.199636" lon="-2.557571"><ele>506.708266</ele></trkpt>
      <trkpt lat="43.199645" lon="-2.557589"><ele>507.048322</ele></trkpt>
      <trkpt lat="43.199648" lon="-2.557608"><ele>507.351196</ele></trkpt>
      <trkpt lat="43.199657" lon="-2.557621"><ele>507.630511</ele></trkpt>
      <trkpt lat="43.199665" lon="-2.557635"><ele>507.907649</ele></trkpt>
      <trkpt lat="43.199672" lon="-2.557654"><ele>508.239315</ele></trkpt>
      <trkpt lat="43.199679" lon="-2.557677"><ele>508.627619</ele></trkpt>
      <trkpt lat="43.199689" lon="-2.5577"><ele>509.044841</ele></trkpt>
      <trkpt lat="43.1997" lon="-2.557719"><ele>509.422847</ele></trkpt>
      <trkpt lat="43.199712" lon="-2.557735"><ele>509.780491</ele></trkpt>
      <trkpt lat="43.199721" lon="-2.557756"><ele>510.160012</ele></trkpt>
      <trkpt lat="43.199729" lon="-2.557778"><ele>510.543037</ele></trkpt>
      <trkpt lat="43.199737" lon="-2.5578"><ele>510.926062</ele></trkpt>
      <trkpt lat="43.199747" lon="-2.557821"><ele>511.316849</ele></trkpt>
      <trkpt lat="43.199761" lon="-2.557839"><ele>511.726928</ele></trkpt>
      <trkpt lat="43.199775" lon="-2.557859"><ele>512.158913</ele></trkpt>
      <trkpt lat="43.199783" lon="-2.557879"><ele>512.514328</ele></trkpt>
      <trkpt lat="43.199793" lon="-2.557904"><ele>512.958597</ele></trkpt>
      <trkpt lat="43.199801" lon="-2.557925"><ele>513.327746</ele></trkpt>
      <trkpt lat="43.199807" lon="-2.557945"><ele>513.664689</ele></trkpt>
      <trkpt lat="43.199818" lon="-2.557962"><ele>514.018826</ele></trkpt>
      <trkpt lat="43.199831" lon="-2.557978"><ele>514.392092</ele></trkpt>
      <trkpt lat="43.199833" lon="-2.557992"><ele>514.614352</ele></trkpt>
      <trkpt lat="43.199837" lon="-2.558018"><ele>515.02834</ele></trkpt>
      <trkpt lat="43.199842" lon="-2.558045"><ele>515.462345</ele></trkpt>
      <trkpt lat="43.199854" lon="-2.558067"><ele>515.89042</ele></trkpt>
      <trkpt lat="43.199872" lon="-2.558085"><ele>516.366476</ele></trkpt>
      <trkpt lat="43.199888" lon="-2.558091"><ele>516.720971</ele></trkpt>
      <trkpt lat="43.199908" lon="-2.558095"><ele>517.152926</ele></trkpt>
      <trkpt lat="43.199926" lon="-2.558091"><ele>517.542633</ele></trkpt>
      <trkpt lat="43.199945" lon="-2.558079"><ele>517.989668</ele></trkpt>
      <trkpt lat="43.199959" lon="-2.558059"><ele>518.421652</ele></trkpt>
      <trkpt lat="43.199969" lon="-2.558036"><ele>518.838873</ele></trkpt>
      <trkpt lat="43.199978" lon="-2.558013"><ele>519.24556</ele></trkpt>
      <trkpt lat="43.199984" lon="-2.557986"><ele>519.685314</ele></trkpt>
      <trkpt lat="43.199984" lon="-2.557959"><ele>520.105957</ele></trkpt>
      <trkpt lat="43.199982" lon="-2.557934"><ele>520.49778</ele></trkpt>
      <trkpt lat="43.199975" lon="-2.557908"><ele>520.929588</ele></trkpt>
      <trkpt lat="43.199973" lon="-2.557884"><ele>521.305928</ele></trkpt>
      <trkpt lat="43.199973" lon="-2.557862"><ele>521.648675</ele></trkpt>
      <trkpt lat="43.199969" lon="-2.557838"><ele>522.032228</ele></trkpt>
      <trkpt lat="43.199965" lon="-2.557817"><ele>522.37038</ele></trkpt>
      <trkpt lat="43.19996" lon="-2.557797"><ele>522.699782</ele></trkpt>
      <trkpt lat="43.199953" lon="-2.557772"><ele>523.11701</ele></trkpt>
      <trkpt lat="43.199948" lon="-2.557752"><ele>523.446412</ele></trkpt>
      <trkpt lat="43.19995" lon="-2.557728"><ele>523.822752</ele></trkpt>
      <trkpt lat="43.199953" lon="-2.557707"><ele>524.156143</ele></trkpt>
      <trkpt lat="43.199954" lon="-2.557687"><ele>524.468463</ele></trkpt>
      <trkpt lat="43.199955" lon="-2.557663"><ele>524.842978</ele></trkpt>
      <trkpt lat="43.199955" lon="-2.557643"><ele>525.154566</ele></trkpt>
      <trkpt lat="43.199957" lon="-2.557621"><ele>525.499968</ele></trkpt>
      <trkpt lat="43.19996" lon="-2.5576"><ele>525.833358</ele></trkpt>
      <trkpt lat="43.199964" lon="-2.557581"><ele>526.141463</ele></trkpt>
      <trkpt lat="43.19997" lon="-2.557556"><ele>526.551514</ele></trkpt>
      <trkpt lat="43.199974" lon="-2.557536"><ele>526.874616</ele></trkpt>
      <trkpt lat="43.19998" lon="-2.557511"><ele>527.284666</ele></trkpt>
      <trkpt lat="43.199988" lon="-2.557488"><ele>527.681692</ele></trkpt>
      <trkpt lat="43.199996" lon="-2.557463"><ele>528.107052</ele></trkpt>
      <trkpt lat="43.2" lon="-2.557437"><ele>528.521038</ele></trkpt>
      <trkpt lat="43.200004" lon="-2.557416"><ele>528.859189</ele></trkpt>
      <trkpt lat="43.20001" lon="-2.5574"><ele>529.139508</ele></trkpt>
      <trkpt lat="43.200017" lon="-2.557386"><ele>529.403995</ele></trkpt>
      <trkpt lat="43.200027" lon="-2.557371"><ele>529.720676</ele></trkpt>
      <trkpt lat="43.200035" lon="-2.557354"><ele>530.035918</ele></trkpt>
      <trkpt lat="43.200044" lon="-2.557329"><ele>530.470308</ele></trkpt>
      <trkpt lat="43.200051" lon="-2.557308"><ele>530.830057</ele></trkpt>
      <trkpt lat="43.200057" lon="-2.557288"><ele>531.166998</ele></trkpt>
      <trkpt lat="43.200065" lon="-2.557272"><ele>531.469269</ele></trkpt>
      <trkpt lat="43.200075" lon="-2.557257"><ele>531.78595</ele></trkpt>
      <trkpt lat="43.200084" lon="-2.557239"><ele>532.126005</ele></trkpt>
      <trkpt lat="43.200092" lon="-2.55722"><ele>532.467842</ele></trkpt>
      <trkpt lat="43.200093" lon="-2.557202"><ele>532.749084</ele></trkpt>
      <trkpt lat="43.200098" lon="-2.557184"><ele>533.049182</ele></trkpt>
      <trkpt lat="43.200105" lon="-2.557167"><ele>533.353363</ele></trkpt>
      <trkpt lat="43.200113" lon="-2.557154"><ele>533.618412</ele></trkpt>
      <trkpt lat="43.200123" lon="-2.557137"><ele>533.958736</ele></trkpt>
      <trkpt lat="43.200131" lon="-2.557119"><ele>534.287175</ele></trkpt>
      <trkpt lat="43.200139" lon="-2.557099"><ele>534.642588</ele></trkpt>
      <trkpt lat="43.200145" lon="-2.557084"><ele>534.909148</ele></trkpt>
      <trkpt lat="43.200152" lon="-2.557073"><ele>535.136634</ele></trkpt>
      <trkpt lat="43.20016" lon="-2.557062"><ele>535.37871</ele></trkpt>
      <trkpt lat="43.20017" lon="-2.55705"><ele>535.662658</ele></trkpt>
      <trkpt lat="43.200183" lon="-2.557038"><ele>535.997535</ele></trkpt>
      <trkpt lat="43.200194" lon="-2.55702"><ele>536.363468</ele></trkpt>
      <trkpt lat="43.200205" lon="-2.556999"><ele>536.766338</ele></trkpt>
      <trkpt lat="43.200214" lon="-2.556987"><ele>537.03457</ele></trkpt>
      <trkpt lat="43.200223" lon="-2.556973"><ele>537.325378</ele></trkpt>
      <trkpt lat="43.200233" lon="-2.556962"><ele>537.599319</ele></trkpt>
      <trkpt lat="43.200243" lon="-2.556951"><ele>537.873261</ele></trkpt>
      <trkpt lat="43.200252" lon="-2.556941"><ele>538.120786</ele></trkpt>
      <trkpt lat="43.20026" lon="-2.55693"><ele>538.362862</ele></trkpt>
      <trkpt lat="43.20027" lon="-2.556914"><ele>538.691207</ele></trkpt>
      <trkpt lat="43.200281" lon="-2.556896"><ele>539.057139</ele></trkpt>
      <trkpt lat="43.200293" lon="-2.556881"><ele>539.404103</ele></trkpt>
      <trkpt lat="43.200303" lon="-2.556866"><ele>539.720783</ele></trkpt>
      <trkpt lat="43.200315" lon="-2.556846"><ele>540.12434</ele></trkpt>
      <trkpt lat="43.200324" lon="-2.556835"><ele>540.381955</ele></trkpt>
      <trkpt lat="43.200337" lon="-2.556827"><ele>540.686463</ele></trkpt>
      <trkpt lat="43.200347" lon="-2.556817"><ele>540.950938</ele></trkpt>
      <trkpt lat="43.200356" lon="-2.556808"><ele>541.188965</ele></trkpt>
      <trkpt lat="43.200369" lon="-2.556791"><ele>541.589266</ele></trkpt>
      <trkpt lat="43.20038" lon="-2.556776"><ele>541.968219</ele></trkpt>
      <trkpt lat="43.200396" lon="-2.556753"><ele>542.53446</ele></trkpt>
      <trkpt lat="43.200409" lon="-2.556736"><ele>542.973277</ele></trkpt>
      <trkpt lat="43.200427" lon="-2.556732"><ele>543.418799</ele></trkpt>
      <trkpt lat="43.200434" lon="-2.55673"><ele>543.593498</ele></trkpt>
      <trkpt lat="43.200446" lon="-2.556727"><ele>543.891519</ele></trkpt>
      <trkpt lat="43.200464" lon="-2.55672"><ele>544.348638</ele></trkpt>
      <trkpt lat="43.200476" lon="-2.55671"><ele>544.691688</ele></trkpt>
      <trkpt lat="43.200482" lon="-2.556696"><ele>544.980937</ele></trkpt>
      <trkpt lat="43.200492" lon="-2.556679"><ele>545.370001</ele></trkpt>
      <trkpt lat="43.2005" lon="-2.556663"><ele>545.715562</ele></trkpt>
      <trkpt lat="43.200513" lon="-2.556655"><ele>546.063681</ele></trkpt>
      <trkpt lat="43.200528" lon="-2.556655"><ele>546.430172</ele></trkpt>
      <trkpt lat="43.200546" lon="-2.556661"><ele>546.882758</ele></trkpt>
      <trkpt lat="43.200553" lon="-2.556656"><ele>547.075582</ele></trkpt>
      <trkpt lat="43.200558" lon="-2.556645"><ele>547.306465</ele></trkpt>
      <trkpt lat="43.200566" lon="-2.556634"><ele>547.583211</ele></trkpt>
      <trkpt lat="43.200577" lon="-2.556621"><ele>547.937951</ele></trkpt>
      <trkpt lat="43.200588" lon="-2.556609"><ele>548.281332</ele></trkpt>
      <trkpt lat="43.200603" lon="-2.556595"><ele>548.724603</ele></trkpt>
      <trkpt lat="43.200618" lon="-2.556582"><ele>549.158106</ele></trkpt>
      <trkpt lat="43.200631" lon="-2.556569"><ele>549.551164</ele></trkpt>
      <trkpt lat="43.200646" lon="-2.556567"><ele>549.919382</ele></trkpt>
      <trkpt lat="43.200656" lon="-2.556571"><ele>550.173884</ele></trkpt>
      <trkpt lat="43.200668" lon="-2.556573"><ele>550.469232</ele></trkpt>
      <trkpt lat="43.200682" lon="-2.556572"><ele>550.811753</ele></trkpt>
      <trkpt lat="43.200697" lon="-2.556576"><ele>551.185104</ele></trkpt>
      <trkpt lat="43.200709" lon="-2.55658"><ele>551.486828</ele></trkpt>
      <trkpt lat="43.200722" lon="-2.556587"><ele>551.828045</ele></trkpt>
      <trkpt lat="43.200738" lon="-2.556594"><ele>552.238367</ele></trkpt>
      <trkpt lat="43.200751" lon="-2.556602"><ele>552.586487</ele></trkpt>
      <trkpt lat="43.200765" lon="-2.556606"><ele>552.935885</ele></trkpt>
      <trkpt lat="43.200773" lon="-2.556615"><ele>553.188668</ele></trkpt>
      <trkpt lat="43.200778" lon="-2.556627"><ele>553.434844</ele></trkpt>
      <trkpt lat="43.200788" lon="-2.556639"><ele>553.759458</ele></trkpt>
      <trkpt lat="43.200797" lon="-2.556651"><ele>554.066104</ele></trkpt>
      <trkpt lat="43.200802" lon="-2.556663"><ele>554.31228</ele></trkpt>
      <trkpt lat="43.200805" lon="-2.556684"><ele>554.693413</ele></trkpt>
      <trkpt lat="43.200808" lon="-2.556702"><ele>555.022274</ele></trkpt>
      <trkpt lat="43.200817" lon="-2.556725"><ele>555.487202</ele></trkpt>
      <trkpt lat="43.200822" lon="-2.556747"><ele>555.897634</ele></trkpt>
      <trkpt lat="43.200833" lon="-2.556766"><ele>556.329774</ele></trkpt>
      <trkpt lat="43.200841" lon="-2.556779"><ele>556.632783</ele></trkpt>
      <trkpt lat="43.200849" lon="-2.556793"><ele>556.949609</ele></trkpt>
      <trkpt lat="43.200858" lon="-2.556812"><ele>557.353176</ele></trkpt>
      <trkpt lat="43.200865" lon="-2.556826"><ele>557.655541</ele></trkpt>
      <trkpt lat="43.200871" lon="-2.556842"><ele>557.976004</ele></trkpt>
      <trkpt lat="43.200874" lon="-2.556862"><ele>558.339675</ele></trkpt>
      <trkpt lat="43.200878" lon="-2.556881"><ele>558.691903</ele></trkpt>
      <trkpt lat="43.200884" lon="-2.556902"><ele>559.093625</ele></trkpt>
      <trkpt lat="43.200889" lon="-2.556923"><ele>559.487089</ele></trkpt>
      <trkpt lat="43.200897" lon="-2.556945"><ele>559.924965</ele></trkpt>
      <trkpt lat="43.200903" lon="-2.556959"><ele>560.214212</ele></trkpt>
      <trkpt lat="43.200914" lon="-2.556978"><ele>560.646351</ele></trkpt>
      <trkpt lat="43.200924" lon="-2.556992"><ele>560.995449</ele></trkpt>
      <trkpt lat="43.200932" lon="-2.557005"><ele>561.298457</ele></trkpt>
      <trkpt lat="43.200941" lon="-2.557024"><ele>561.702024</ele></trkpt>
      <trkpt lat="43.20095" lon="-2.557039"><ele>562.048038</ele></trkpt>
      <trkpt lat="43.200958" lon="-2.557059"><ele>562.45435</ele></trkpt>
      <trkpt lat="43.200963" lon="-2.557077"><ele>562.797424</ele></trkpt>
      <trkpt lat="43.200968" lon="-2.557095"><ele>563.140499</ele></trkpt>
      <trkpt lat="43.200974" lon="-2.557115"><ele>563.525693</ele></trkpt>
      <trkpt lat="43.200982" lon="-2.557132"><ele>563.88608</ele></trkpt>
      <trkpt lat="43.200992" lon="-2.557145"><ele>564.222687</ele></trkpt>
      <trkpt lat="43.201001" lon="-2.557163"><ele>564.61144</ele></trkpt>
      <trkpt lat="43.20101" lon="-2.557182"><ele>565.015007</ele></trkpt>
      <trkpt lat="43.201019" lon="-2.557201"><ele>565.418574</ele></trkpt>
      <trkpt lat="43.201026" lon="-2.557216"><ele>565.735785</ele></trkpt>
      <trkpt lat="43.201033" lon="-2.557234"><ele>566.09914</ele></trkpt>
      <trkpt lat="43.201042" lon="-2.55725"><ele>566.459083</ele></trkpt>
      <trkpt lat="43.20105" lon="-2.557266"><ele>566.804642</ele></trkpt>
      <trkpt lat="43.20106" lon="-2.557282"><ele>567.18001</ele></trkpt>
      <trkpt lat="43.20107" lon="-2.557301"><ele>567.597393</ele></trkpt>
      <trkpt lat="43.201077" lon="-2.557318"><ele>567.945134</ele></trkpt>
      <trkpt lat="43.201084" lon="-2.557339"><ele>568.356401</ele></trkpt>
      <trkpt lat="43.201091" lon="-2.557357"><ele>568.719755</ele></trkpt>
      <trkpt lat="43.201097" lon="-2.557376"><ele>569.088541</ele></trkpt>
      <trkpt lat="43.201106" lon="-2.557395"><ele>569.492107</ele></trkpt>
      <trkpt lat="43.201116" lon="-2.55741"><ele>569.85414</ele></trkpt>
      <trkpt lat="43.201125" lon="-2.557423"><ele>570.173454</ele></trkpt>
      <trkpt lat="43.201133" lon="-2.557438"><ele>570.504479</ele></trkpt>
      <trkpt lat="43.201139" lon="-2.557456"><ele>570.856992</ele></trkpt>
      <trkpt lat="43.201147" lon="-2.557478"><ele>571.294867</ele></trkpt>
      <trkpt lat="43.201154" lon="-2.557497"><ele>571.674028</ele></trkpt>
      <trkpt lat="43.201163" lon="-2.557519"><ele>572.123341</ele></trkpt>
      <trkpt lat="43.201172" lon="-2.557538"><ele>572.526907</ele></trkpt>
      <trkpt lat="43.201186" lon="-2.557555"><ele>572.983718</ele></trkpt>
      <trkpt lat="43.201198" lon="-2.55757"><ele>573.380371</ele></trkpt>
      <trkpt lat="43.201212" lon="-2.55758"><ele>573.766019</ele></trkpt>
      <trkpt lat="43.201223" lon="-2.557588"><ele>574.070212</ele></trkpt>
      <trkpt lat="43.201235" lon="-2.5576"><ele>574.433034</ele></trkpt>
      <trkpt lat="43.20125" lon="-2.557611"><ele>574.848602</ele></trkpt>
      <trkpt lat="43.201261" lon="-2.557622"><ele>575.181189</ele></trkpt>
      <trkpt lat="43.201274" lon="-2.557634"><ele>575.564025</ele></trkpt>
      <trkpt lat="43.201286" lon="-2.557641"><ele>575.882623</ele></trkpt>
      <trkpt lat="43.201303" lon="-2.557648"><ele>576.316287</ele></trkpt>
      <trkpt lat="43.201316" lon="-2.557657"><ele>576.672067</ele></trkpt>
      <trkpt lat="43.201327" lon="-2.557665"><ele>576.976259</ele></trkpt>
      <trkpt lat="43.20134" lon="-2.557674"><ele>577.332039</ele></trkpt>
      <trkpt lat="43.201356" lon="-2.557682"><ele>577.748119</ele></trkpt>
      <trkpt lat="43.20137" lon="-2.557692"><ele>578.133766</ele></trkpt>
      <trkpt lat="43.201384" lon="-2.557702"><ele>578.519414</ele></trkpt>
      <trkpt lat="43.201398" lon="-2.557712"><ele>578.905062</ele></trkpt>
      <trkpt lat="43.201411" lon="-2.557721"><ele>579.260842</ele></trkpt>
      <trkpt lat="43.201423" lon="-2.557729"><ele>579.586822</ele></trkpt>
      <trkpt lat="43.201435" lon="-2.557744"><ele>579.983474</ele></trkpt>
      <trkpt lat="43.201448" lon="-2.557752"><ele>580.331593</ele></trkpt>
      <trkpt lat="43.20146" lon="-2.55776"><ele>580.657573</ele></trkpt>
      <trkpt lat="43.201476" lon="-2.55777"><ele>581.087156</ele></trkpt>
      <trkpt lat="43.201491" lon="-2.557777"><ele>581.474271</ele></trkpt>
      <trkpt lat="43.201503" lon="-2.557785"><ele>581.800251</ele></trkpt>
      <trkpt lat="43.201518" lon="-2.557791"><ele>582.182003</ele></trkpt>
      <trkpt lat="43.201529" lon="-2.5578"><ele>582.494933</ele></trkpt>
      <trkpt lat="43.201537" lon="-2.557808"><ele>582.736814</ele></trkpt>
      <trkpt lat="43.201546" lon="-2.557817"><ele>583.00893</ele></trkpt>
      <trkpt lat="43.201557" lon="-2.557826"><ele>583.32186</ele></trkpt>
      <trkpt lat="43.20157" lon="-2.557839"><ele>583.714916</ele></trkpt>
      <trkpt lat="43.201581" lon="-2.557854"><ele>584.093866</ele></trkpt>
      <trkpt lat="43.201594" lon="-2.557864"><ele>584.458017</ele></trkpt>
      <trkpt lat="43.201606" lon="-2.557871"><ele>584.776615</ele></trkpt>
      <trkpt lat="43.201616" lon="-2.557884"><ele>585.11322</ele></trkpt>
      <trkpt lat="43.201629" lon="-2.557896"><ele>585.475802</ele></trkpt>
      <trkpt lat="43.201644" lon="-2.557906"><ele>585.794004</ele></trkpt>
      <trkpt lat="43.201656" lon="-2.557915"><ele>586.054945</ele></trkpt>
      <trkpt lat="43.201671" lon="-2.557926"><ele>586.379468</ele></trkpt>
      <trkpt lat="43.201682" lon="-2.557938"><ele>586.647616</ele></trkpt>
      <trkpt lat="43.201692" lon="-2.557951"><ele>586.910475</ele></trkpt>
      <trkpt lat="43.201703" lon="-2.557963"><ele>587.178624</ele></trkpt>
      <trkpt lat="43.201716" lon="-2.557977"><ele>587.493959</ele></trkpt>
      <trkpt lat="43.20173" lon="-2.557996"><ele>587.869702</ele></trkpt>
      <trkpt lat="43.20174" lon="-2.558016"><ele>588.207013</ele></trkpt>
      <trkpt lat="43.201745" lon="-2.558034"><ele>588.474922</ele></trkpt>
      <trkpt lat="43.201745" lon="-2.558052"><ele>588.725269</ele></trkpt>
      <trkpt lat="43.201746" lon="-2.558074"><ele>589.031843</ele></trkpt>
      <trkpt lat="43.201746" lon="-2.558095"><ele>589.323915</ele></trkpt>
      <trkpt lat="43.201746" lon="-2.55812"><ele>589.671619</ele></trkpt>
      <trkpt lat="43.201749" lon="-2.558144"><ele>590.010288</ele></trkpt>
      <trkpt lat="43.201751" lon="-2.558159"><ele>590.222372</ele></trkpt>
      <trkpt lat="43.201755" lon="-2.55818"><ele>590.52425</ele></trkpt>
      <trkpt lat="43.201758" lon="-2.558197"><ele>590.767519</ele></trkpt>
      <trkpt lat="43.201758" lon="-2.558214"><ele>591.003958</ele></trkpt>
      <trkpt lat="43.201755" lon="-2.55823"><ele>591.233732</ele></trkpt>
      <trkpt lat="43.201749" lon="-2.558251"><ele>591.547438</ele></trkpt>
      <trkpt lat="43.201748" lon="-2.558279"><ele>591.937334</ele></trkpt>
      <trkpt lat="43.20175" lon="-2.558301"><ele>592.245685</ele></trkpt>
      <trkpt lat="43.201752" lon="-2.558326"><ele>592.595477</ele></trkpt>
      <trkpt lat="43.201754" lon="-2.55835"><ele>592.931447</ele></trkpt>
      <trkpt lat="43.201755" lon="-2.558371"><ele>593.224142</ele></trkpt>
      <trkpt lat="43.201753" lon="-2.558392"><ele>593.518696</ele></trkpt>
      <trkpt lat="43.201751" lon="-2.558415"><ele>593.840852</ele></trkpt>
      <trkpt lat="43.201751" lon="-2.558436"><ele>594.132923</ele></trkpt>
      <trkpt lat="43.201752" lon="-2.558455"><ele>594.397867</ele></trkpt>
      <trkpt lat="43.201753" lon="-2.558477"><ele>594.704441</ele></trkpt>
      <trkpt lat="43.201756" lon="-2.5585"><ele>595.02941</ele></trkpt>
      <trkpt lat="43.201757" lon="-2.558522"><ele>595.335984</ele></trkpt>
      <trkpt lat="43.201761" lon="-2.558541"><ele>595.611039</ele></trkpt>
      <trkpt lat="43.201763" lon="-2.558565"><ele>595.94701</ele></trkpt>
      <trkpt lat="43.201764" lon="-2.558586"><ele>596.239704</ele></trkpt>
      <trkpt lat="43.201758" lon="-2.558609"><ele>596.57946</ele></trkpt>
      <trkpt lat="43.20176" lon="-2.558628"><ele>596.846456</ele></trkpt>
      <trkpt lat="43.201767" lon="-2.55864"><ele>597.060215</ele></trkpt>
      <trkpt lat="43.201773" lon="-2.558657"><ele>597.32291</ele></trkpt>
      <trkpt lat="43.201776" lon="-2.558676"><ele>597.593294</ele></trkpt>
      <trkpt lat="43.201777" lon="-2.558699"><ele>597.91375</ele></trkpt>
      <trkpt lat="43.201777" lon="-2.558721"><ele>598.21973</ele></trkpt>
      <trkpt lat="43.20178" lon="-2.558741"><ele>598.503721</ele></trkpt>
      <trkpt lat="43.201781" lon="-2.558762"><ele>598.796416</ele></trkpt>
      <trkpt lat="43.20178" lon="-2.558775"><ele>598.978226</ele></trkpt>
      <trkpt lat="43.201782" lon="-2.558791"><ele>599.204005</ele></trkpt>
      <trkpt lat="43.201786" lon="-2.558811"><ele>599.492448</ele></trkpt>
      <trkpt lat="43.201789" lon="-2.558831"><ele>599.77644</ele></trkpt>
      <trkpt lat="43.201788" lon="-2.558853"><ele>600.083014</ele></trkpt>
      <trkpt lat="43.201787" lon="-2.558877"><ele>600.417355</ele></trkpt>
      <trkpt lat="43.201787" lon="-2.5589"><ele>600.737242</ele></trkpt>
      <trkpt lat="43.201786" lon="-2.558921"><ele>601.029937</ele></trkpt>
      <trkpt lat="43.201786" lon="-2.558944"><ele>601.349825</ele></trkpt>
      <trkpt lat="43.201789" lon="-2.558962"><ele>601.606632</ele></trkpt>
      <trkpt lat="43.201792" lon="-2.558982"><ele>601.890623</ele></trkpt>
      <trkpt lat="43.201795" lon="-2.559003"><ele>602.188251</ele></trkpt>
      <trkpt lat="43.2018" lon="-2.559018"><ele>602.417651</ele></trkpt>
      <trkpt lat="43.2018" lon="-2.559036"><ele>602.667998</ele></trkpt>
      <trkpt lat="43.201802" lon="-2.559054"><ele>602.921237</ele></trkpt>
      <trkpt lat="43.2018" lon="-2.559077"><ele>603.243392</ele></trkpt>
      <trkpt lat="43.201799" lon="-2.559104"><ele>603.619397</ele></trkpt>
      <trkpt lat="43.201802" lon="-2.55913"><ele>603.985512</ele></trkpt>
      <trkpt lat="43.201804" lon="-2.559149"><ele>604.252508</ele></trkpt>
      <trkpt lat="43.201806" lon="-2.559169"><ele>604.533277</ele></trkpt>
      <trkpt lat="43.201806" lon="-2.559191"><ele>604.839256</ele></trkpt>
      <trkpt lat="43.201805" lon="-2.559208"><ele>605.076464</ele></trkpt>
      <trkpt lat="43.201803" lon="-2.559231"><ele>605.39862</ele></trkpt>
      <trkpt lat="43.201804" lon="-2.559255"><ele>605.73296</ele></trkpt>
      <trkpt lat="43.201804" lon="-2.559277"><ele>606.03894</ele></trkpt>
      <trkpt lat="43.201805" lon="-2.559297"><ele>606.317757</ele></trkpt>
      <trkpt lat="43.201806" lon="-2.559316"><ele>606.5827</ele></trkpt>
      <trkpt lat="43.20181" lon="-2.559338"><ele>606.898054</ele></trkpt>
      <trkpt lat="43.201817" lon="-2.559361"><ele>607.244704</ele></trkpt>
      <trkpt lat="43.201821" lon="-2.559379"><ele>607.506426</ele></trkpt>
      <trkpt lat="43.201823" lon="-2.559398"><ele>607.773422</ele></trkpt>
      <trkpt lat="43.201824" lon="-2.559419"><ele>608.066116</ele></trkpt>
      <trkpt lat="43.201823" lon="-2.559444"><ele>608.414343</ele></trkpt>
      <trkpt lat="43.201825" lon="-2.559462"><ele>608.667581</ele></trkpt>
      <trkpt lat="43.201828" lon="-2.559481"><ele>608.937965</ele></trkpt>
      <trkpt lat="43.201832" lon="-2.559501"><ele>609.226408</ele></trkpt>
      <trkpt lat="43.201837" lon="-2.559523"><ele>609.546914</ele></trkpt>
      <trkpt lat="43.201841" lon="-2.559542"><ele>609.821969</ele></trkpt>
      <trkpt lat="43.201843" lon="-2.55956"><ele>610.075208</ele></trkpt>
      <trkpt lat="43.201842" lon="-2.559582"><ele>610.381781</ele></trkpt>
      <trkpt lat="43.201839" lon="-2.559602"><ele>610.665773</ele></trkpt>
      <trkpt lat="43.20184" lon="-2.559624"><ele>610.972347</ele></trkpt>
      <trkpt lat="43.201839" lon="-2.559643"><ele>611.23729</ele></trkpt>
      <trkpt lat="43.201841" lon="-2.559667"><ele>611.57326</ele></trkpt>
      <trkpt lat="43.201845" lon="-2.559689"><ele>611.888613</ele></trkpt>
      <trkpt lat="43.201847" lon="-2.559708"><ele>612.155609</ele></trkpt>
      <trkpt lat="43.201847" lon="-2.559729"><ele>612.447681</ele></trkpt>
      <trkpt lat="43.201847" lon="-2.559753"><ele>612.781476</ele></trkpt>
      <trkpt lat="43.201845" lon="-2.559782"><ele>613.186614</ele></trkpt>
      <trkpt lat="43.201843" lon="-2.559803"><ele>613.481168</ele></trkpt>
      <trkpt lat="43.201841" lon="-2.559826"><ele>613.803323</ele></trkpt>
      <trkpt lat="43.201837" lon="-2.559847"><ele>614.105201</ele></trkpt>
      <trkpt lat="43.201835" lon="-2.559875"><ele>614.496495</ele></trkpt>
      <trkpt lat="43.201832" lon="-2.559897"><ele>614.807782</ele></trkpt>
      <trkpt lat="43.20183" lon="-2.559923"><ele>615.171402</ele></trkpt>
      <trkpt lat="43.201826" lon="-2.559952"><ele>615.581896</ele></trkpt>
      <trkpt lat="43.201822" lon="-2.559983"><ele>616.019752</ele></trkpt>
      <trkpt lat="43.201814" lon="-2.560013"><ele>616.46404</ele></trkpt>
      <trkpt lat="43.201806" lon="-2.560039"><ele>616.856547</ele></trkpt>
      <trkpt lat="43.201802" lon="-2.560066"><ele>617.239744</ele></trkpt>
      <trkpt lat="43.201799" lon="-2.560091"><ele>617.592128</ele></trkpt>
      <trkpt lat="43.201791" lon="-2.560112"><ele>617.92168</ele></trkpt>
      <trkpt lat="43.201782" lon="-2.560136"><ele>618.297056</ele></trkpt>
      <trkpt lat="43.201772" lon="-2.560164"><ele>618.730713</ele></trkpt>
      <trkpt lat="43.201767" lon="-2.560191"><ele>619.118162</ele></trkpt>
      <trkpt lat="43.20176" lon="-2.56022"><ele>619.543037</ele></trkpt>
      <trkpt lat="43.201755" lon="-2.560247"><ele>619.920517</ele></trkpt>
      <trkpt lat="43.201749" lon="-2.560273"><ele>620.281734</ele></trkpt>
      <trkpt lat="43.20174" lon="-2.560299"><ele>620.662962</ele></trkpt>
      <trkpt lat="43.201735" lon="-2.560323"><ele>620.993573</ele></trkpt>
      <trkpt lat="43.20173" lon="-2.560348"><ele>621.336937</ele></trkpt>
      <trkpt lat="43.201722" lon="-2.560371"><ele>621.674478</ele></trkpt>
      <trkpt lat="43.201715" lon="-2.560398"><ele>622.054041</ele></trkpt>
      <trkpt lat="43.20171" lon="-2.560424"><ele>622.410197</ele></trkpt>
      <trkpt lat="43.201706" lon="-2.560444"><ele>622.684888</ele></trkpt>
      <trkpt lat="43.201701" lon="-2.56047"><ele>623.041044</ele></trkpt>
      <trkpt lat="43.201701" lon="-2.5605"><ele>623.438397</ele></trkpt>
      <trkpt lat="43.201695" lon="-2.560526"><ele>623.799615</ele></trkpt>
      <trkpt lat="43.201697" lon="-2.560542"><ele>624.01463</ele></trkpt>
      <trkpt lat="43.201695" lon="-2.560554"><ele>624.177672</ele></trkpt>
      <trkpt lat="43.201691" lon="-2.560574"><ele>624.452364</ele></trkpt>
      <trkpt lat="43.20169" lon="-2.560597"><ele>624.757543</ele></trkpt>
      <trkpt lat="43.20169" lon="-2.560617"><ele>625.022446</ele></trkpt>
      <trkpt lat="43.20169" lon="-2.560641"><ele>625.340328</ele></trkpt>
      <trkpt lat="43.201694" lon="-2.560663"><ele>625.640648</ele></trkpt>
      <trkpt lat="43.201698" lon="-2.560679"><ele>625.864687</ele></trkpt>
      <trkpt lat="43.2017" lon="-2.560703"><ele>626.18464</ele></trkpt>
      <trkpt lat="43.201703" lon="-2.560728"><ele>626.520224</ele></trkpt>
      <trkpt lat="43.201708" lon="-2.560754"><ele>626.87638</ele></trkpt>
      <trkpt lat="43.201714" lon="-2.560773"><ele>627.150637</ele></trkpt>
      <trkpt lat="43.201723" lon="-2.560793"><ele>627.461949</ele></trkpt>
      <trkpt lat="43.201731" lon="-2.560809"><ele>627.718933</ele></trkpt>
      <trkpt lat="43.201741" lon="-2.560828"><ele>628.029331</ele></trkpt>
      <trkpt lat="43.20175" lon="-2.56085"><ele>628.363475</ele></trkpt>
      <trkpt lat="43.201762" lon="-2.560869"><ele>628.696451</ele></trkpt>
      <trkpt lat="43.201771" lon="-2.560883"><ele>628.943691</ele></trkpt>
      <trkpt lat="43.201785" lon="-2.560895"><ele>629.243645</ele></trkpt>
      <trkpt lat="43.201801" lon="-2.560906"><ele>629.568833</ele></trkpt>
      <trkpt lat="43.201816" lon="-2.560913"><ele>629.856723</ele></trkpt>
      <trkpt lat="43.20183" lon="-2.560914"><ele>630.11145</ele></trkpt>
      <trkpt lat="43.201846" lon="-2.560914"><ele>630.402173</ele></trkpt>
      <trkpt lat="43.201864" lon="-2.560913"><ele>630.729504</ele></trkpt>
      <trkpt lat="43.201882" lon="-2.560909"><ele>631.06083</ele></trkpt>
      <trkpt lat="43.201897" lon="-2.5609"><ele>631.358311</ele></trkpt>
      <trkpt lat="43.201908" lon="-2.560887"><ele>631.622123</ele></trkpt>
      <trkpt lat="43.20192" lon="-2.560875"><ele>631.891946</ele></trkpt>
      <trkpt lat="43.201932" lon="-2.56087"><ele>632.119823</ele></trkpt>
      <trkpt lat="43.201947" lon="-2.560864"><ele>632.403725</ele></trkpt>
      <trkpt lat="43.201962" lon="-2.56086"><ele>632.681379</ele></trkpt>
      <trkpt lat="43.201978" lon="-2.560851"><ele>632.995592</ele></trkpt>
      <trkpt lat="43.201993" lon="-2.560839"><ele>633.311102</ele></trkpt>
      <trkpt lat="43.202008" lon="-2.560827"><ele>633.626613</ele></trkpt>
      <trkpt lat="43.202022" lon="-2.560813"><ele>633.941406</ele></trkpt>
      <trkpt lat="43.202035" lon="-2.560791"><ele>634.316513</ele></trkpt>
      <trkpt lat="43.202042" lon="-2.560769"><ele>634.634453</ele></trkpt>
      <trkpt lat="43.202053" lon="-2.560752"><ele>634.935532</ele></trkpt>
      <trkpt lat="43.202067" lon="-2.56074"><ele>635.235486</ele></trkpt>
      <trkpt lat="43.202086" lon="-2.560733"><ele>635.592952</ele></trkpt>
      <trkpt lat="43.202094" lon="-2.560725"><ele>635.772833</ele></trkpt>
      <trkpt lat="43.202105" lon="-2.56072"><ele>635.983391</ele></trkpt>
      <trkpt lat="43.202122" lon="-2.560711"><ele>636.314487</ele></trkpt>
      <trkpt lat="43.202135" lon="-2.560705"><ele>636.563709</ele></trkpt>
      <trkpt lat="43.202147" lon="-2.560688"><ele>636.877145</ele></trkpt>
      <trkpt lat="43.202157" lon="-2.560674"><ele>637.136759</ele></trkpt>
      <trkpt lat="43.202171" lon="-2.56066"><ele>637.451552</ele></trkpt>
      <trkpt lat="43.202183" lon="-2.560646"><ele>637.737781</ele></trkpt>
      <trkpt lat="43.202195" lon="-2.560631"><ele>638.032762</ele></trkpt>
      <trkpt lat="43.202209" lon="-2.560616"><ele>638.355535</ele></trkpt>
      <trkpt lat="43.20222" lon="-2.560601"><ele>638.637351</ele></trkpt>
      <trkpt lat="43.202232" lon="-2.560587"><ele>638.923579</ele></trkpt>
      <trkpt lat="43.202244" lon="-2.560575"><ele>639.193402</ele></trkpt>
      <trkpt lat="43.202257" lon="-2.560561"><ele>639.493702</ele></trkpt>
      <trkpt lat="43.202271" lon="-2.560547"><ele>639.808495</ele></trkpt>
      <trkpt lat="43.202283" lon="-2.560536"><ele>640.070734</ele></trkpt>
      <trkpt lat="43.202296" lon="-2.560522"><ele>640.371035</ele></trkpt>
      <trkpt lat="43.202308" lon="-2.560508"><ele>640.657263</ele></trkpt>
      <trkpt lat="43.202322" lon="-2.560495"><ele>640.96444</ele></trkpt>
      <trkpt lat="43.202336" lon="-2.560483"><ele>641.264394</ele></trkpt>
      <trkpt lat="43.202351" lon="-2.560471"><ele>641.579904</ele></trkpt>
      <trkpt lat="43.202367" lon="-2.560464"><ele>641.885052</ele></trkpt>
      <trkpt lat="43.202381" lon="-2.560457"><ele>642.155804</ele></trkpt>
      <trkpt lat="43.202395" lon="-2.560444"><ele>642.462981</ele></trkpt>
      <trkpt lat="43.20241" lon="-2.560427"><ele>642.816511</ele></trkpt>
      <trkpt lat="43.202422" lon="-2.560411"><ele>643.120571</ele></trkpt>
      <trkpt lat="43.202431" lon="-2.560395"><ele>643.38825</ele></trkpt>
      <trkpt lat="43.20244" lon="-2.560381"><ele>643.635488</ele></trkpt>
      <trkpt lat="43.202453" lon="-2.560369"><ele>643.920195</ele></trkpt>
      <trkpt lat="43.202467" lon="-2.560351"><ele>644.268834</ele></trkpt>
      <trkpt lat="43.202479" lon="-2.560333"><ele>644.591915</ele></trkpt>
      <trkpt lat="43.202489" lon="-2.560315"><ele>644.891672</ele></trkpt>
      <trkpt lat="43.202501" lon="-2.560306"><ele>645.140171</ele></trkpt>
      <trkpt lat="43.202518" lon="-2.560298"><ele>645.466732</ele></trkpt>
      <trkpt lat="43.202532" lon="-2.560286"><ele>645.766686</ele></trkpt>
      <trkpt lat="43.202544" lon="-2.560271"><ele>646.061666</ele></trkpt>
      <trkpt lat="43.20256" lon="-2.560255"><ele>646.421429</ele></trkpt>
      <trkpt lat="43.202575" lon="-2.560239"><ele>646.766674</ele></trkpt>
      <trkpt lat="43.202587" lon="-2.560226"><ele>647.044505</ele></trkpt>
      <trkpt lat="43.202601" lon="-2.560217"><ele>647.325432</ele></trkpt>
      <trkpt lat="43.202617" lon="-2.560206"><ele>647.650618</ele></trkpt>
      <trkpt lat="43.20263" lon="-2.560189"><ele>647.976954</ele></trkpt>
      <trkpt lat="43.202641" lon="-2.560175"><ele>648.249594</ele></trkpt>
      <trkpt lat="43.202651" lon="-2.560165"><ele>648.474445</ele></trkpt>
      <trkpt lat="43.202663" lon="-2.560157"><ele>648.71687</ele></trkpt>
      <trkpt lat="43.202677" lon="-2.560146"><ele>649.01002</ele></trkpt>
      <trkpt lat="43.202693" lon="-2.560134"><ele>649.341352</ele></trkpt>
      <trkpt lat="43.202706" lon="-2.560123"><ele>649.618882</ele></trkpt>
      <trkpt lat="43.202723" lon="-2.560108"><ele>649.98615</ele></trkpt>
      <trkpt lat="43.20274" lon="-2.560096"><ele>650.333535</ele></trkpt>
      <trkpt lat="43.20276" lon="-2.560101"><ele>650.702923</ele></trkpt>
      <trkpt lat="43.202778" lon="-2.560106"><ele>651.036624</ele></trkpt>
      <trkpt lat="43.202792" lon="-2.560103"><ele>651.29409</ele></trkpt>
      <trkpt lat="43.202805" lon="-2.560096"><ele>651.547846</ele></trkpt>
      <trkpt lat="43.202821" lon="-2.560084"><ele>651.879179</ele></trkpt>
      <trkpt lat="43.202834" lon="-2.560073"><ele>652.156708</ele></trkpt>
      <trkpt lat="43.202852" lon="-2.56006"><ele>652.490229</ele></trkpt>
      <trkpt lat="43.202869" lon="-2.560057"><ele>652.710502</ele></trkpt>
      <trkpt lat="43.202887" lon="-2.560056"><ele>652.942016</ele></trkpt>
      <trkpt lat="43.202904" lon="-2.560052"><ele>653.163679</ele></trkpt>
      <trkpt lat="43.202917" lon="-2.560042"><ele>653.355218</ele></trkpt>
      <trkpt lat="43.202932" lon="-2.560033"><ele>653.565619</ele></trkpt>
      <trkpt lat="43.20295" lon="-2.560027"><ele>653.803674</ele></trkpt>
      <trkpt lat="43.202963" lon="-2.560022"><ele>653.977183</ele></trkpt>
      <trkpt lat="43.202976" lon="-2.560013"><ele>654.164319</ele></trkpt>
      <trkpt lat="43.202995" lon="-2.560006"><ele>654.417146</ele></trkpt>
      <trkpt lat="43.20301" lon="-2.56"><ele>654.617944</ele></trkpt>
      <trkpt lat="43.203027" lon="-2.559992"><ele>654.848913</ele></trkpt>
      <trkpt lat="43.20304" lon="-2.559981"><ele>655.045203</ele></trkpt>
      <trkpt lat="43.203057" lon="-2.559976"><ele>655.268641</ele></trkpt>
      <trkpt lat="43.203078" lon="-2.559967"><ele>655.551382</ele></trkpt>
      <trkpt lat="43.203092" lon="-2.559961"><ele>655.739876</ele></trkpt>
      <trkpt lat="43.20311" lon="-2.559955"><ele>655.977931</ele></trkpt>
      <trkpt lat="43.203128" lon="-2.559947"><ele>656.221092</ele></trkpt>
      <trkpt lat="43.203146" lon="-2.55994"><ele>656.461531</ele></trkpt>
      <trkpt lat="43.203163" lon="-2.559936"><ele>656.683194</ele></trkpt>
      <trkpt lat="43.203182" lon="-2.559931"><ele>656.931822</ele></trkpt>
      <trkpt lat="43.203196" lon="-2.55992"><ele>657.13916</ele></trkpt>
      <trkpt lat="43.203216" lon="-2.55991"><ele>657.412726</ele></trkpt>
      <trkpt lat="43.203232" lon="-2.559904"><ele>657.625891</ele></trkpt>
      <trkpt lat="43.203252" lon="-2.5599"><ele>657.885635</ele></trkpt>
      <trkpt lat="43.203271" lon="-2.559897"><ele>658.131423</ele></trkpt>
      <trkpt lat="43.203292" lon="-2.559888"><ele>658.414164</ele></trkpt>
      <trkpt lat="43.203311" lon="-2.55988"><ele>658.669581</ele></trkpt>
      <trkpt lat="43.203329" lon="-2.559871"><ele>658.91579</ele></trkpt>
      <trkpt lat="43.203348" lon="-2.559866"><ele>659.164418</ele></trkpt>
      <trkpt lat="43.203365" lon="-2.559862"><ele>659.386081</ele></trkpt>
      <trkpt lat="43.203381" lon="-2.559857"><ele>659.59697</ele></trkpt>
      <trkpt lat="43.203396" lon="-2.559851"><ele>659.797767</ele></trkpt>
      <trkpt lat="43.203415" lon="-2.559841"><ele>660.059296</ele></trkpt>
      <trkpt lat="43.203434" lon="-2.559832"><ele>660.317617</ele></trkpt>
      <trkpt lat="43.203452" lon="-2.559822"><ele>660.567189</ele></trkpt>
      <trkpt lat="43.203469" lon="-2.559812"><ele>660.804899</ele></trkpt>
      <trkpt lat="43.203486" lon="-2.559799"><ele>661.05502</ele></trkpt>
      <trkpt lat="43.203503" lon="-2.559792"><ele>661.283122</ele></trkpt>
      <trkpt lat="43.203521" lon="-2.559787"><ele>661.519141</ele></trkpt>
      <trkpt lat="43.203538" lon="-2.559774"><ele>661.769262</ele></trkpt>
      <trkpt lat="43.203554" lon="-2.559764"><ele>661.995217</ele></trkpt>
      <trkpt lat="43.203573" lon="-2.559754"><ele>662.256746</ele></trkpt>
      <trkpt lat="43.203596" lon="-2.559748"><ele>662.557623</ele></trkpt>
      <trkpt lat="43.203616" lon="-2.559743"><ele>662.818883</ele></trkpt>
      <trkpt lat="43.203632" lon="-2.559736"><ele>663.034708</ele></trkpt>
      <trkpt lat="43.20365" lon="-2.559728"><ele>663.277868</ele></trkpt>
      <trkpt lat="43.203666" lon="-2.559719"><ele>663.500103</ele></trkpt>
      <trkpt lat="43.20368" lon="-2.559704"><ele>663.728391</ele></trkpt>
      <trkpt lat="43.203699" lon="-2.55969"><ele>664.005558</ele></trkpt>
      <trkpt lat="43.203719" lon="-2.559682"><ele>664.273287</ele></trkpt>
      <trkpt lat="43.203739" lon="-2.559683"><ele>664.530485</ele></trkpt>
      <trkpt lat="43.20376" lon="-2.559682"><ele>664.800526</ele></trkpt>
      <trkpt lat="43.203775" lon="-2.559687"><ele>664.998905</ele></trkpt>
      <trkpt lat="43.203792" lon="-2.559692"><ele>665.222342</ele></trkpt>
      <trkpt lat="43.203813" lon="-2.559692"><ele>665.49222</ele></trkpt>
      <trkpt lat="43.203832" lon="-2.559687"><ele>665.740848</ele></trkpt>
      <trkpt lat="43.203851" lon="-2.559681"><ele>665.991409</ele></trkpt>
      <trkpt lat="43.203867" lon="-2.559671"><ele>666.217364</ele></trkpt>
      <trkpt lat="43.203883" lon="-2.559653"><ele>666.483281</ele></trkpt>
      <trkpt lat="43.203899" lon="-2.55964"><ele>666.722259</ele></trkpt>
      <trkpt lat="43.203919" lon="-2.559632"><ele>666.989989</ele></trkpt>
      <trkpt lat="43.203938" lon="-2.55963"><ele>667.234882</ele></trkpt>
      <trkpt lat="43.203954" lon="-2.559627"><ele>667.442415</ele></trkpt>
      <trkpt lat="43.203969" lon="-2.559621"><ele>667.643212</ele></trkpt>
      <trkpt lat="43.203987" lon="-2.559614"><ele>667.883651</ele></trkpt>
      <trkpt lat="43.204003" lon="-2.559605"><ele>668.105886</ele></trkpt>
      <trkpt lat="43.204026" lon="-2.559597"><ele>668.410819</ele></trkpt>
      <trkpt lat="43.204046" lon="-2.559593"><ele>668.670563</ele></trkpt>
      <trkpt lat="43.204066" lon="-2.559588"><ele>668.931823</ele></trkpt>
      <trkpt lat="43.204085" lon="-2.559585"><ele>669.17761</ele></trkpt>
      <trkpt lat="43.204104" lon="-2.55958"><ele>669.426238</ele></trkpt>
      <trkpt lat="43.204123" lon="-2.559577"><ele>669.672025</ele></trkpt>
      <trkpt lat="43.204141" lon="-2.559576"><ele>669.903539</ele></trkpt>
      <trkpt lat="43.20416" lon="-2.559577"><ele>670.147895</ele></trkpt>
      <trkpt lat="43.204177" lon="-2.559575"><ele>670.36717</ele></trkpt>
      <trkpt lat="43.204196" lon="-2.559569"><ele>670.617731</ele></trkpt>
      <trkpt lat="43.204215" lon="-2.559565"><ele>670.864765</ele></trkpt>
      <trkpt lat="43.204236" lon="-2.559561"><ele>671.137232</ele></trkpt>
      <trkpt lat="43.204259" lon="-2.55956"><ele>671.432961</ele></trkpt>
      <trkpt lat="43.204282" lon="-2.559559"><ele>671.728691</ele></trkpt>
      <trkpt lat="43.204302" lon="-2.559559"><ele>671.985718</ele></trkpt>
      <trkpt lat="43.204321" lon="-2.559555"><ele>672.232752</ele></trkpt>
      <trkpt lat="43.204339" lon="-2.559553"><ele>672.464834</ele></trkpt>
      <trkpt lat="43.204358" lon="-2.559554"><ele>672.709189</ele></trkpt>
      <trkpt lat="43.204374" lon="-2.559556"><ele>672.915662</ele></trkpt>
      <trkpt lat="43.20439" lon="-2.559557"><ele>673.121497</ele></trkpt>
      <trkpt lat="43.204407" lon="-2.559557"><ele>673.33997</ele></trkpt>
      <trkpt lat="43.204429" lon="-2.559556"><ele>673.622855</ele></trkpt>
      <trkpt lat="43.204447" lon="-2.559556"><ele>673.85418</ele></trkpt>
      <trkpt lat="43.204466" lon="-2.559552"><ele>674.101214</ele></trkpt>
      <trkpt lat="43.204484" lon="-2.559546"><ele>674.339268</ele></trkpt>
      <trkpt lat="43.204501" lon="-2.559543"><ele>674.559541</ele></trkpt>
      <trkpt lat="43.204518" lon="-2.55954"><ele>674.779814</ele></trkpt>
      <trkpt lat="43.204534" lon="-2.559538"><ele>674.986288</ele></trkpt>
      <trkpt lat="43.204553" lon="-2.559536"><ele>675.231181</ele></trkpt>
      <trkpt lat="43.204574" lon="-2.559532"><ele>675.503648</ele></trkpt>
      <trkpt lat="43.204591" lon="-2.55953"><ele>675.753102</ele></trkpt>
      <trkpt lat="43.204612" lon="-2.559528"><ele>676.063474</ele></trkpt>
      <trkpt lat="43.20463" lon="-2.559524"><ele>676.332326</ele></trkpt>
      <trkpt lat="43.204651" lon="-2.559519"><ele>676.646581</ele></trkpt>
      <trkpt lat="43.204669" lon="-2.559518"><ele>676.912192</ele></trkpt>
      <trkpt lat="43.204691" lon="-2.559518"><ele>677.236562</ele></trkpt>
      <trkpt lat="43.204711" lon="-2.559512"><ele>677.538412</ele></trkpt>
      <trkpt lat="43.20473" lon="-2.559507"><ele>677.823657</ele></trkpt>
      <trkpt lat="43.20475" lon="-2.55951"><ele>678.120296</ele></trkpt>
      <trkpt lat="43.204771" lon="-2.559512"><ele>678.430667</ele></trkpt>
      <trkpt lat="43.204791" lon="-2.55951"><ele>678.726331</ele></trkpt>
      <trkpt lat="43.204813" lon="-2.559512"><ele>679.051413</ele></trkpt>
      <trkpt lat="43.204833" lon="-2.559511"><ele>679.34649</ele></trkpt>
      <trkpt lat="43.204855" lon="-2.559516"><ele>679.675281</ele></trkpt>
      <trkpt lat="43.204877" lon="-2.559514"><ele>680.000363</ele></trkpt>
      <trkpt lat="43.204894" lon="-2.559507"><ele>680.262059</ele></trkpt>
      <trkpt lat="43.204914" lon="-2.559506"><ele>680.557136</ele></trkpt>
      <trkpt lat="43.204938" lon="-2.559502"><ele>680.913596</ele></trkpt>
      <trkpt lat="43.204963" lon="-2.5595"><ele>681.282825</ele></trkpt>
      <trkpt lat="43.204981" lon="-2.559499"><ele>681.548436</ele></trkpt>
      <trkpt lat="43.204998" lon="-2.559492"><ele>681.810132</ele></trkpt>
      <trkpt lat="43.205016" lon="-2.559494"><ele>682.076394</ele></trkpt>
      <trkpt lat="43.205039" lon="-2.559492"><ele>682.416189</ele></trkpt>
      <trkpt lat="43.205058" lon="-2.559487"><ele>682.701434</ele></trkpt>
      <trkpt lat="43.205074" lon="-2.559487"><ele>682.937339</ele></trkpt>
      <trkpt lat="43.205093" lon="-2.559487"><ele>683.217477</ele></trkpt>
      <trkpt lat="43.205111" lon="-2.559486"><ele>683.483088</ele></trkpt>
      <trkpt lat="43.20513" lon="-2.559486"><ele>683.763226</ele></trkpt>
      <trkpt lat="43.205148" lon="-2.559486"><ele>684.02862</ele></trkpt>
      <trkpt lat="43.205167" lon="-2.559483"><ele>684.310607</ele></trkpt>
      <trkpt lat="43.205187" lon="-2.55948"><ele>684.607246</ele></trkpt>
      <trkpt lat="43.205207" lon="-2.559476"><ele>684.905245</ele></trkpt>
      <trkpt lat="43.205228" lon="-2.559474"><ele>685.215616</ele></trkpt>
      <trkpt lat="43.205254" lon="-2.559476"><ele>685.599565</ele></trkpt>
      <trkpt lat="43.205273" lon="-2.559478"><ele>685.880526</ele></trkpt>
      <trkpt lat="43.205292" lon="-2.559478"><ele>686.160663</ele></trkpt>
      <trkpt lat="43.205311" lon="-2.559474"><ele>686.44408</ele></trkpt>
      <trkpt lat="43.205321" lon="-2.559461"><ele>686.647201</ele></trkpt>
      <trkpt lat="43.205337" lon="-2.559454"><ele>686.894812</ele></trkpt>
      <trkpt lat="43.205352" lon="-2.559456"><ele>687.117015</ele></trkpt>
      <trkpt lat="43.205369" lon="-2.559467"><ele>687.394144</ele></trkpt>
      <trkpt lat="43.205379" lon="-2.559482"><ele>687.612607</ele></trkpt>
      <trkpt lat="43.205395" lon="-2.559488"><ele>687.857167</ele></trkpt>
      <trkpt lat="43.205414" lon="-2.559486"><ele>688.138128</ele></trkpt>
      <trkpt lat="43.205431" lon="-2.559486"><ele>688.388777</ele></trkpt>
      <trkpt lat="43.205451" lon="-2.559489"><ele>688.685417</ele></trkpt>
      <trkpt lat="43.205472" lon="-2.559496"><ele>689.004051</ele></trkpt>
      <trkpt lat="43.205495" lon="-2.559505"><ele>689.356689</ele></trkpt>
      <trkpt lat="43.205512" lon="-2.559507"><ele>689.608258</ele></trkpt>
      <trkpt lat="43.20553" lon="-2.559504"><ele>689.875603</ele></trkpt>
      <trkpt lat="43.205546" lon="-2.559509"><ele>690.117551</ele></trkpt>
      <trkpt lat="43.205557" lon="-2.559506"><ele>690.28291</ele></trkpt>
      <trkpt lat="43.205574" lon="-2.559505"><ele>690.53379</ele></trkpt>
      <trkpt lat="43.205591" lon="-2.55951"><ele>690.790135</ele></trkpt>
      <trkpt lat="43.205606" lon="-2.559514"><ele>691.015435</ele></trkpt>
      <trkpt lat="43.205619" lon="-2.559521"><ele>691.221343</ele></trkpt>
      <trkpt lat="43.205634" lon="-2.559526"><ele>691.448939</ele></trkpt>
      <trkpt lat="43.205654" lon="-2.559534"><ele>691.756098</ele></trkpt>
      <trkpt lat="43.205673" lon="-2.559538"><ele>692.039515</ele></trkpt>
      <trkpt lat="43.205692" lon="-2.559537"><ele>692.319859</ele></trkpt>
      <trkpt lat="43.205712" lon="-2.559537"><ele>692.614741</ele></trkpt>
      <trkpt lat="43.205729" lon="-2.559539"><ele>692.86631</ele></trkpt>
      <trkpt lat="43.205746" lon="-2.559547"><ele>693.131295</ele></trkpt>
      <trkpt lat="43.205762" lon="-2.559558"><ele>693.395164</ele></trkpt>
      <trkpt lat="43.205783" lon="-2.559567"><ele>693.719546</ele></trkpt>
      <trkpt lat="43.205803" lon="-2.559568"><ele>694.014623</ele></trkpt>
      <trkpt lat="43.205823" lon="-2.559573"><ele>694.314361</ele></trkpt>
      <trkpt lat="43.205839" lon="-2.559588"><ele>694.600085</ele></trkpt>
      <trkpt lat="43.205852" lon="-2.559596"><ele>694.810158</ele></trkpt>
      <trkpt lat="43.205864" lon="-2.559599"><ele>694.99</ele></trkpt>
      <trkpt lat="43.205882" lon="-2.559608"><ele>695.27247</ele></trkpt>
      <trkpt lat="43.205899" lon="-2.559619"><ele>695.549599</ele></trkpt>
      <trkpt lat="43.205912" lon="-2.559631"><ele>695.780618</ele></trkpt>
      <trkpt lat="43.205922" lon="-2.559637"><ele>695.941543</ele></trkpt>
      <trkpt lat="43.205935" lon="-2.559645"><ele>696.151615</ele></trkpt>
      <trkpt lat="43.205951" lon="-2.559651"><ele>696.396175</ele></trkpt>
      <trkpt lat="43.205965" lon="-2.559654"><ele>696.605095</ele></trkpt>
      <trkpt lat="43.20598" lon="-2.559659"><ele>696.83269</ele></trkpt>
      <trkpt lat="43.205995" lon="-2.559664"><ele>697.060286</ele></trkpt>
      <trkpt lat="43.206013" lon="-2.559668"><ele>697.329139</ele></trkpt>
      <trkpt lat="43.206032" lon="-2.559672"><ele>697.612555</ele></trkpt>
      <trkpt lat="43.206051" lon="-2.559677"><ele>697.8978</ele></trkpt>
      <trkpt lat="43.206067" lon="-2.559686"><ele>698.152764</ele></trkpt>
      <trkpt lat="43.206085" lon="-2.559694"><ele>698.431736</ele></trkpt>
      <trkpt lat="43.206103" lon="-2.5597"><ele>698.704851</ele></trkpt>
      <trkpt lat="43.206121" lon="-2.559703"><ele>698.972196</ele></trkpt>
      <trkpt lat="43.206139" lon="-2.559707"><ele>699.241049</ele></trkpt>
      <trkpt lat="43.206152" lon="-2.559714"><ele>699.446956</ele></trkpt>
      <trkpt lat="43.20617" lon="-2.559721"><ele>699.722806</ele></trkpt>
      <trkpt lat="43.206182" lon="-2.559721"><ele>699.899735</ele></trkpt>
      <trkpt lat="43.206197" lon="-2.559726"><ele>700.127331</ele></trkpt>
      <trkpt lat="43.206215" lon="-2.559735"><ele>700.4098</ele></trkpt>
      <trkpt lat="43.206233" lon="-2.559743"><ele>700.688772</ele></trkpt>
      <trkpt lat="43.20625" lon="-2.559754"><ele>700.965901</ele></trkpt>
      <trkpt lat="43.206264" lon="-2.559763"><ele>701.193855</ele></trkpt>
      <trkpt lat="43.206284" lon="-2.559775"><ele>701.515704</ele></trkpt>
      <trkpt lat="43.206301" lon="-2.559783"><ele>701.780689</ele></trkpt>
      <trkpt lat="43.206317" lon="-2.559788"><ele>702.022637</ele></trkpt>
      <trkpt lat="43.206332" lon="-2.559797"><ele>702.33639</ele></trkpt>
      <trkpt lat="43.206345" lon="-2.559804"><ele>702.608042</ele></trkpt>
      <trkpt lat="43.20636" lon="-2.559815"><ele>702.938884</ele></trkpt>
      <trkpt lat="43.206376" lon="-2.559826"><ele>703.287002</ele></trkpt>
      <trkpt lat="43.206395" lon="-2.559837"><ele>703.688144</ele></trkpt>
      <trkpt lat="43.206413" lon="-2.559849"><ele>704.077424</ele></trkpt>
      <trkpt lat="43.206429" lon="-2.559864"><ele>704.454376</ele></trkpt>
      <trkpt lat="43.20644" lon="-2.559876"><ele>704.727743</ele></trkpt>
      <trkpt lat="43.206445" lon="-2.55989"><ele>704.948785</ele></trkpt>
      <trkpt lat="43.206454" lon="-2.559909"><ele>705.270058</ele></trkpt>
      <trkpt lat="43.206466" lon="-2.559921"><ele>705.558905</ele></trkpt>
      <trkpt lat="43.206477" lon="-2.559936"><ele>705.860588</ele></trkpt>
      <trkpt lat="43.206487" lon="-2.559955"><ele>706.192861</ele></trkpt>
      <trkpt lat="43.206499" lon="-2.559975"><ele>706.56014</ele></trkpt>
      <trkpt lat="43.206507" lon="-2.55999"><ele>706.823664</ele></trkpt>
      <trkpt lat="43.206511" lon="-2.56001"><ele>707.117709</ele></trkpt>
      <trkpt lat="43.206515" lon="-2.560035"><ele>707.480603</ele></trkpt>
      <trkpt lat="43.206524" lon="-2.560056"><ele>707.825999</ele></trkpt>
      <trkpt lat="43.206532" lon="-2.560074"><ele>708.124907</ele></trkpt>
      <trkpt lat="43.206536" lon="-2.560095"><ele>708.432647</ele></trkpt>
      <trkpt lat="43.206536" lon="-2.560118"><ele>708.758746</ele></trkpt>
      <trkpt lat="43.206535" lon="-2.560146"><ele>709.156211</ele></trkpt>
      <trkpt lat="43.206537" lon="-2.560172"><ele>709.52689</ele></trkpt>
      <trkpt lat="43.206542" lon="-2.560199"><ele>709.921863</ele></trkpt>
      <trkpt lat="43.206547" lon="-2.560225"><ele>710.30311</ele></trkpt>
      <trkpt lat="43.206553" lon="-2.560243"><ele>710.583738</ele></trkpt>
      <trkpt lat="43.206558" lon="-2.560258"><ele>710.817594</ele></trkpt>
      <trkpt lat="43.206558" lon="-2.560275"><ele>711.058623</ele></trkpt>
      <trkpt lat="43.20656" lon="-2.560297"><ele>711.37296</ele></trkpt>
      <trkpt lat="43.206564" lon="-2.560319"><ele>711.694437</ele></trkpt>
      <trkpt lat="43.206571" lon="-2.560346"><ele>712.100743</ele></trkpt>
      <trkpt lat="43.206578" lon="-2.560372"><ele>712.493718</ele></trkpt>
      <trkpt lat="43.206589" lon="-2.560399"><ele>712.932269</ele></trkpt>
      <trkpt lat="43.206602" lon="-2.560422"><ele>713.344924</ele></trkpt>
      <trkpt lat="43.206615" lon="-2.56044"><ele>713.704194</ele></trkpt>
      <trkpt lat="43.206629" lon="-2.560453"><ele>714.03303</ele></trkpt>
      <trkpt lat="43.20664" lon="-2.560465"><ele>714.306397</ele></trkpt>
      <trkpt lat="43.206648" lon="-2.560481"><ele>714.581491</ele></trkpt>
      <trkpt lat="43.206656" lon="-2.560499"><ele>714.880399</ele></trkpt>
      <trkpt lat="43.206663" lon="-2.560519"><ele>715.194959</ele></trkpt>
      <trkpt lat="43.206674" lon="-2.560533"><ele>715.48682</ele></trkpt>
      <trkpt lat="43.206683" lon="-2.560547"><ele>715.751485</ele></trkpt>
      <trkpt lat="43.206691" lon="-2.560562"><ele>716.01501</ele></trkpt>
      <trkpt lat="43.2067" lon="-2.560577"><ele>716.290468</ele></trkpt>
      <trkpt lat="43.206711" lon="-2.560591"><ele>716.582329</ele></trkpt>
      <trkpt lat="43.206722" lon="-2.560611"><ele>716.937562</ele></trkpt>
      <trkpt lat="43.206737" lon="-2.560624"><ele>717.282678</ele></trkpt>
      <trkpt lat="43.206752" lon="-2.560634"><ele>717.607078</ele></trkpt>
      <trkpt lat="43.206769" lon="-2.560644"><ele>717.96687</ele></trkpt>
      <trkpt lat="43.206785" lon="-2.560646"><ele>718.279387</ele></trkpt>
      <trkpt lat="43.206802" lon="-2.560651"><ele>718.61758</ele></trkpt>
      <trkpt lat="43.206817" lon="-2.560664"><ele>718.962696</ele></trkpt>
      <trkpt lat="43.206828" lon="-2.560683"><ele>719.306717</ele></trkpt>
      <trkpt lat="43.206841" lon="-2.560699"><ele>719.646431</ele></trkpt>
      <trkpt lat="43.206852" lon="-2.560708"><ele>719.89556</ele></trkpt>
      <trkpt lat="43.206864" lon="-2.560714"><ele>720.143999</ele></trkpt>
      <trkpt lat="43.206874" lon="-2.560721"><ele>720.362372</ele></trkpt>
      <trkpt lat="43.20688" lon="-2.560732"><ele>720.557165</ele></trkpt>
      <trkpt lat="43.206892" lon="-2.560745"><ele>720.854583</ele></trkpt>
      <trkpt lat="43.206906" lon="-2.560758"><ele>721.183418</ele></trkpt>
      <trkpt lat="43.206921" lon="-2.560768"><ele>721.507818</ele></trkpt>
      <trkpt lat="43.206936" lon="-2.560777"><ele>721.826276</ele></trkpt>
      <trkpt lat="43.206951" lon="-2.560786"><ele>722.144734</ele></trkpt>
      <trkpt lat="43.206963" lon="-2.560796"><ele>722.41784</ele></trkpt>
      <trkpt lat="43.206973" lon="-2.560808"><ele>722.676265</ele></trkpt>
      <trkpt lat="43.206984" lon="-2.560823"><ele>722.977947</ele></trkpt>
      <trkpt lat="43.206999" lon="-2.560835"><ele>723.315704</ele></trkpt>
      <trkpt lat="43.207012" lon="-2.560842"><ele>723.587355</ele></trkpt>
      <trkpt lat="43.20703" lon="-2.560846"><ele>723.942049</ele></trkpt>
      <trkpt lat="43.207046" lon="-2.56085"><ele>724.258401</ele></trkpt>
      <trkpt lat="43.20706" lon="-2.560852"><ele>724.532198</ele></trkpt>
      <trkpt lat="43.207073" lon="-2.560857"><ele>724.794819</ele></trkpt>
      <trkpt lat="43.207087" lon="-2.560866"><ele>725.095556</ele></trkpt>
      <trkpt lat="43.207102" lon="-2.560875"><ele>725.414014</ele></trkpt>
      <trkpt lat="43.207118" lon="-2.560886"><ele>725.762132</ele></trkpt>
      <trkpt lat="43.207133" lon="-2.560893"><ele>726.070325</ele></trkpt>
      <trkpt lat="43.207148" lon="-2.560896"><ele>726.365184</ele></trkpt>
      <trkpt lat="43.207162" lon="-2.560901"><ele>726.646584</ele></trkpt>
      <trkpt lat="43.207173" lon="-2.560908"><ele>726.88245</ele></trkpt>
      <trkpt lat="43.207192" lon="-2.56092"><ele>727.289313</ele></trkpt>
      <trkpt lat="43.207207" lon="-2.56093"><ele>727.613712</ele></trkpt>
      <trkpt lat="43.207222" lon="-2.560942"><ele>727.951469</ele></trkpt>
      <trkpt lat="43.207237" lon="-2.560946"><ele>728.248705</ele></trkpt>
      <trkpt lat="43.207252" lon="-2.560944"><ele>728.541855</ele></trkpt>
      <trkpt lat="43.207264" lon="-2.560938"><ele>728.790294</ele></trkpt>
      <trkpt lat="43.207277" lon="-2.560938"><ele>729.043167</ele></trkpt>
      <trkpt lat="43.207288" lon="-2.560948"><ele>729.299846</ele></trkpt>
      <trkpt lat="43.207305" lon="-2.560962"><ele>729.685524</ele></trkpt>
      <trkpt lat="43.207318" lon="-2.560972"><ele>729.975431</ele></trkpt>
      <trkpt lat="43.207335" lon="-2.560977"><ele>730.313624</ele></trkpt>
      <trkpt lat="43.207347" lon="-2.560979"><ele>730.54876</ele></trkpt>
      <trkpt lat="43.207359" lon="-2.560982"><ele>730.786025</ele></trkpt>
      <trkpt lat="43.207373" lon="-2.560987"><ele>731.067425</ele></trkpt>
      <trkpt lat="43.207389" lon="-2.560993"><ele>731.390069</ele></trkpt>
      <trkpt lat="43.207409" lon="-2.561003"><ele>731.804133</ele></trkpt>
      <trkpt lat="43.207426" lon="-2.561006"><ele>732.137536</ele></trkpt>
      <trkpt lat="43.207441" lon="-2.561009"><ele>732.432396</ele></trkpt>
      <trkpt lat="43.207451" lon="-2.561011"><ele>732.628969</ele></trkpt>
      <trkpt lat="43.207463" lon="-2.561017"><ele>732.877408</ele></trkpt>
      <trkpt lat="43.207481" lon="-2.561031"><ele>733.279889</ele></trkpt>
      <trkpt lat="43.207497" lon="-2.561044"><ele>733.641598</ele></trkpt>
      <trkpt lat="43.207514" lon="-2.561057"><ele>734.020175</ele></trkpt>
      <trkpt lat="43.20753" lon="-2.561068"><ele>734.368292</ele></trkpt>
      <trkpt lat="43.207544" lon="-2.561074"><ele>734.653593</ele></trkpt>
      <trkpt lat="43.207557" lon="-2.561075"><ele>734.906863</ele></trkpt>
      <trkpt lat="43.20757" lon="-2.561077"><ele>735.16132</ele></trkpt>
      <trkpt lat="43.207586" lon="-2.561076"><ele>735.472871</ele></trkpt>
      <trkpt lat="43.207598" lon="-2.561083"><ele>735.726514</ele></trkpt>
      <trkpt lat="43.207605" lon="-2.561097"><ele>735.967219</ele></trkpt>
      <trkpt lat="43.207619" lon="-2.561113"><ele>736.321648</ele></trkpt>
      <trkpt lat="43.207634" lon="-2.561118"><ele>736.621912</ele></trkpt>
      <trkpt lat="43.207648" lon="-2.561117"><ele>736.894604</ele></trkpt>
      <trkpt lat="43.207663" lon="-2.561118"><ele>737.187158</ele></trkpt>
      <trkpt lat="43.207676" lon="-2.561116"><ele>737.442293</ele></trkpt>
      <trkpt lat="43.207688" lon="-2.561113"><ele>737.680189</ele></trkpt>
      <trkpt lat="43.207704" lon="-2.561116"><ele>737.995147</ele></trkpt>
      <trkpt lat="43.207722" lon="-2.561122"><ele>738.356423</ele></trkpt>
      <trkpt lat="43.207736" lon="-2.561123"><ele>738.629843</ele></trkpt>
      <trkpt lat="43.20775" lon="-2.561128"><ele>738.911992</ele></trkpt>
      <trkpt lat="43.207767" lon="-2.561137"><ele>739.26738</ele></trkpt>
      <trkpt lat="43.207782" lon="-2.561143"><ele>739.572114</ele></trkpt>
      <trkpt lat="43.207798" lon="-2.561154"><ele>739.921158</ele></trkpt>
      <trkpt lat="43.207814" lon="-2.561163"><ele>740.258423</ele></trkpt>
      <trkpt lat="43.207825" lon="-2.561168"><ele>740.48443</ele></trkpt>
      <trkpt lat="43.207839" lon="-2.561176"><ele>740.780216</ele></trkpt>
      <trkpt lat="43.207854" lon="-2.561184"><ele>741.094097</ele></trkpt>
      <trkpt lat="43.207869" lon="-2.561192"><ele>741.407977</ele></trkpt>
      <trkpt lat="43.207884" lon="-2.5612"><ele>741.721857</ele></trkpt>
      <trkpt lat="43.207899" lon="-2.561208"><ele>742.035737</ele></trkpt>
      <trkpt lat="43.207919" lon="-2.561213"><ele>742.432231</ele></trkpt>
      <trkpt lat="43.207934" lon="-2.561214"><ele>742.725129</ele></trkpt>
      <trkpt lat="43.207951" lon="-2.561204"><ele>743.085879</ele></trkpt>
      <trkpt lat="43.207967" lon="-2.561205"><ele>743.398259</ele></trkpt>
      <trkpt lat="43.207983" lon="-2.56121"><ele>743.718308</ele></trkpt>
      <trkpt lat="43.208" lon="-2.561214"><ele>744.054709</ele></trkpt>
      <trkpt lat="43.208012" lon="-2.561224"><ele>744.328542</ele></trkpt>
      <trkpt lat="43.208025" lon="-2.561228"><ele>744.588386</ele></trkpt>
      <trkpt lat="43.208045" lon="-2.561232"><ele>744.982579</ele></trkpt>
      <trkpt lat="43.208061" lon="-2.561237"><ele>745.302628</ele></trkpt>
      <trkpt lat="43.208076" lon="-2.561245"><ele>745.616508</ele></trkpt>
      <trkpt lat="43.208086" lon="-2.561261"><ele>745.916128</ele></trkpt>
      <trkpt lat="43.208098" lon="-2.561264"><ele>746.154024</ele></trkpt>
      <trkpt lat="43.20811" lon="-2.561276"><ele>746.443638</ele></trkpt>
      <trkpt lat="43.208122" lon="-2.561294"><ele>746.790409</ele></trkpt>
      <trkpt lat="43.208135" lon="-2.561302"><ele>747.068292</ele></trkpt>
      <trkpt lat="43.208145" lon="-2.561308"><ele>747.281163</ele></trkpt>
      <trkpt lat="43.208162" lon="-2.561319"><ele>747.647747</ele></trkpt>
      <trkpt lat="43.208175" lon="-2.561334"><ele>747.979039</ele></trkpt>
      <trkpt lat="43.208192" lon="-2.561346"><ele>748.351908</ele></trkpt>
      <trkpt lat="43.208205" lon="-2.561357"><ele>748.649797</ele></trkpt>
      <trkpt lat="43.20822" lon="-2.561366"><ele>748.969102</ele></trkpt>
      <trkpt lat="43.208234" lon="-2.561376"><ele>749.27694</ele></trkpt>
      <trkpt lat="43.208247" lon="-2.561385"><ele>749.560937</ele></trkpt>
      <trkpt lat="43.208261" lon="-2.561394"><ele>749.862474</ele></trkpt>
      <trkpt lat="43.208275" lon="-2.561402"><ele>750.15826</ele></trkpt>
      <trkpt lat="43.208286" lon="-2.56141"><ele>750.401078</ele></trkpt>
      <trkpt lat="43.208299" lon="-2.56142"><ele>750.691756</ele></trkpt>
      <trkpt lat="43.208319" lon="-2.561434"><ele>751.129663</ele></trkpt>
      <trkpt lat="43.208337" lon="-2.56144"><ele>751.49094</ele></trkpt>
      <trkpt lat="43.208352" lon="-2.561446"><ele>751.795673</ele></trkpt>
      <trkpt lat="43.208367" lon="-2.561451"><ele>752.096737</ele></trkpt>
      <trkpt lat="43.208381" lon="-2.561459"><ele>752.392522</ele></trkpt>
      <trkpt lat="43.208395" lon="-2.561467"><ele>752.688308</ele></trkpt>
      <trkpt lat="43.208409" lon="-2.561474"><ele>752.978925</ele></trkpt>
      <trkpt lat="43.208426" lon="-2.561482"><ele>753.329446</ele></trkpt>
      <trkpt lat="43.208443" lon="-2.561489"><ele>753.675617</ele></trkpt>
      <trkpt lat="43.208457" lon="-2.561496"><ele>753.966234</ele></trkpt>
      <trkpt lat="43.208475" lon="-2.561504"><ele>754.335258</ele></trkpt>
      <trkpt lat="43.208491" lon="-2.561513"><ele>754.672523</ele></trkpt>
      <trkpt lat="43.2085" lon="-2.561523"><ele>754.898398</ele></trkpt>
      <trkpt lat="43.208514" lon="-2.561532"><ele>755.199935</ele></trkpt>
      <trkpt lat="43.208531" lon="-2.56154"><ele>755.550456</ele></trkpt>
      <trkpt lat="43.208546" lon="-2.561548"><ele>755.864336</ele></trkpt>
      <trkpt lat="43.20856" lon="-2.561553"><ele>756.146485</ele></trkpt>
      <trkpt lat="43.208575" lon="-2.561557"><ele>756.444513</ele></trkpt>
      <trkpt lat="43.208587" lon="-2.561559"><ele>756.680276</ele></trkpt>
      <trkpt lat="43.208601" lon="-2.561564"><ele>756.962425</ele></trkpt>
      <trkpt lat="43.208614" lon="-2.561572"><ele>757.240307</ele></trkpt>
      <trkpt lat="43.208626" lon="-2.561581"><ele>757.507036</ele></trkpt>
      <trkpt lat="43.208641" lon="-2.561587"><ele>757.811769</ele></trkpt>
      <trkpt lat="43.208655" lon="-2.561599"><ele>758.133725</ele></trkpt>
      <trkpt lat="43.208665" lon="-2.561608"><ele>758.366978</ele></trkpt>
      <trkpt lat="43.20868" lon="-2.561618"><ele>758.69224</ele></trkpt>
      <trkpt lat="43.208695" lon="-2.561626"><ele>759.00612</ele></trkpt>
      <trkpt lat="43.208711" lon="-2.561636"><ele>759.34903</ele></trkpt>
      <trkpt lat="43.208726" lon="-2.561646"><ele>759.674291</ele></trkpt>
      <trkpt lat="43.20874" lon="-2.561655"><ele>759.975828</ele></trkpt>
      <trkpt lat="43.208752" lon="-2.561663"><ele>760.236038</ele></trkpt>
      <trkpt lat="43.208768" lon="-2.561674"><ele>760.58508</ele></trkpt>
      <trkpt lat="43.208782" lon="-2.561681"><ele>760.875697</ele></trkpt>
      <trkpt lat="43.208797" lon="-2.56169"><ele>761.195002</ele></trkpt>
      <trkpt lat="43.208811" lon="-2.561697"><ele>761.485618</ele></trkpt>
      <trkpt lat="43.208826" lon="-2.561707"><ele>761.81088</ele></trkpt>
      <trkpt lat="43.208839" lon="-2.561715"><ele>762.088762</ele></trkpt>
      <trkpt lat="43.208853" lon="-2.561723"><ele>762.384548</ele></trkpt>
      <trkpt lat="43.208866" lon="-2.561733"><ele>762.675225</ele></trkpt>
      <trkpt lat="43.20888" lon="-2.561743"><ele>762.983062</ele></trkpt>
      <trkpt lat="43.208896" lon="-2.561752"><ele>763.320327</ele></trkpt>
      <trkpt lat="43.208916" lon="-2.561757"><ele>763.716821</ele></trkpt>
      <trkpt lat="43.208933" lon="-2.561759"><ele>764.049598</ele></trkpt>
      <trkpt lat="43.208947" lon="-2.561762"><ele>764.325958</ele></trkpt>
      <trkpt lat="43.20896" lon="-2.561771"><ele>764.609954</ele></trkpt>
      <trkpt lat="43.208975" lon="-2.561774"><ele>764.905599</ele></trkpt>
      <trkpt lat="43.208991" lon="-2.561776"><ele>765.218948</ele></trkpt>
      <trkpt lat="43.209007" lon="-2.561776"><ele>765.531005</ele></trkpt>
      <trkpt lat="43.209019" lon="-2.561776"><ele>765.765047</ele></trkpt>
      <trkpt lat="43.209033" lon="-2.561772"><ele>766.043954</ele></trkpt>
      <trkpt lat="43.209047" lon="-2.561768"><ele>766.322862</ele></trkpt>
      <trkpt lat="43.209062" lon="-2.561767"><ele>766.61576</ele></trkpt>
      <trkpt lat="43.20908" lon="-2.561767"><ele>766.966824</ele></trkpt>
      <trkpt lat="43.209095" lon="-2.561772"><ele>767.267887</ele></trkpt>
      <trkpt lat="43.20911" lon="-2.561779"><ele>767.5769</ele></trkpt>
      <trkpt lat="43.209124" lon="-2.561787"><ele>767.872686</ele></trkpt>
      <trkpt lat="43.209137" lon="-2.561794"><ele>768.145059</ele></trkpt>
      <trkpt lat="43.20915" lon="-2.561804"><ele>768.435736</ele></trkpt>
      <trkpt lat="43.209166" lon="-2.561817"><ele>768.798407</ele></trkpt>
      <trkpt lat="43.209184" lon="-2.561828"><ele>769.182721</ele></trkpt>
      <trkpt lat="43.209195" lon="-2.561836"><ele>769.425537</ele></trkpt>
      <trkpt lat="43.209208" lon="-2.56184"><ele>769.685381</ele></trkpt>
      <trkpt lat="43.20922" lon="-2.561845"><ele>769.929978</ele></trkpt>
      <trkpt lat="43.209232" lon="-2.56185"><ele>770.174575</ele></trkpt>
      <trkpt lat="43.209244" lon="-2.561863"><ele>770.472781</ele></trkpt>
      <trkpt lat="43.209255" lon="-2.561877"><ele>770.765413</ele></trkpt>
      <trkpt lat="43.209268" lon="-2.56189"><ele>771.079159</ele></trkpt>
      <trkpt lat="43.209283" lon="-2.561906"><ele>771.449724</ele></trkpt>
      <trkpt lat="43.209298" lon="-2.561921"><ele>771.811738</ele></trkpt>
      <trkpt lat="43.209305" lon="-2.56193"><ele>771.99884</ele></trkpt>
      <trkpt lat="43.209317" lon="-2.561945"><ele>772.283813</ele></trkpt>
      <trkpt lat="43.209335" lon="-2.561962"><ele>772.646245</ele></trkpt>
      <trkpt lat="43.209349" lon="-2.561973"><ele>772.913821</ele></trkpt>
      <trkpt lat="43.209361" lon="-2.561986"><ele>773.167409</ele></trkpt>
      <trkpt lat="43.209377" lon="-2.561996"><ele>773.459013</ele></trkpt>
      <trkpt lat="43.209394" lon="-2.562005"><ele>773.761228</ele></trkpt>
      <trkpt lat="43.209407" lon="-2.562016"><ele>774.014545</ele></trkpt>
      <trkpt lat="43.209421" lon="-2.562029"><ele>774.294922</ele></trkpt>
      <trkpt lat="43.209439" lon="-2.562041"><ele>774.626837</ele></trkpt>
      <trkpt lat="43.209455" lon="-2.562051"><ele>774.918441</ele></trkpt>
      <trkpt lat="43.209471" lon="-2.562062"><ele>775.21526</ele></trkpt>
      <trkpt lat="43.209487" lon="-2.562073"><ele>775.512079</ele></trkpt>
      <trkpt lat="43.209502" lon="-2.562083"><ele>775.788675</ele></trkpt>
      <trkpt lat="43.209517" lon="-2.562089"><ele>776.047814</ele></trkpt>
      <trkpt lat="43.209528" lon="-2.562097"><ele>776.2543</ele></trkpt>
      <trkpt lat="43.209542" lon="-2.562106"><ele>776.510721</ele></trkpt>
      <trkpt lat="43.209554" lon="-2.562113"><ele>776.726988</ele></trkpt>
      <trkpt lat="43.20956" lon="-2.562125"><ele>776.902901</ele></trkpt>
      <trkpt lat="43.209573" lon="-2.562147"><ele>777.245267</ele></trkpt>
      <trkpt lat="43.209587" lon="-2.562159"><ele>777.519051</ele></trkpt>
      <trkpt lat="43.209601" lon="-2.562165"><ele>777.762312</ele></trkpt>
      <trkpt lat="43.209616" lon="-2.562173"><ele>778.029228</ele></trkpt>
      <trkpt lat="43.209627" lon="-2.562182"><ele>778.241645</ele></trkpt>
      <trkpt lat="43.209643" lon="-2.562195"><ele>778.550053</ele></trkpt>
      <trkpt lat="43.209656" lon="-2.562209"><ele>778.82415</ele></trkpt>
      <trkpt lat="43.209669" lon="-2.562223"><ele>779.098247</ele></trkpt>
      <trkpt lat="43.209682" lon="-2.562234"><ele>779.351565</ele></trkpt>
      <trkpt lat="43.209699" lon="-2.562249"><ele>779.68679</ele></trkpt>
      <trkpt lat="43.209717" lon="-2.562264"><ele>780.036081</ele></trkpt>
      <trkpt lat="43.209728" lon="-2.562276"><ele>780.269162</ele></trkpt>
      <trkpt lat="43.209742" lon="-2.562289"><ele>780.549538</ele></trkpt>
      <trkpt lat="43.20976" lon="-2.562297"><ele>780.863349</ele></trkpt>
      <trkpt lat="43.209772" lon="-2.562298"><ele>781.062741</ele></trkpt>
      <trkpt lat="43.209784" lon="-2.562297"><ele>781.262133</ele></trkpt>
      <trkpt lat="43.209803" lon="-2.562301"><ele>781.580945</ele></trkpt>
      <trkpt lat="43.20982" lon="-2.562312"><ele>781.89268</ele></trkpt>
      <trkpt lat="43.209836" lon="-2.562315"><ele>782.160514</ele></trkpt>
      <trkpt lat="43.209851" lon="-2.56232"><ele>782.416533</ele></trkpt>
      <trkpt lat="43.209865" lon="-2.562322"><ele>782.649984</ele></trkpt>
      <trkpt lat="43.209878" lon="-2.562328"><ele>782.877468</ele></trkpt>
      <trkpt lat="43.209893" lon="-2.562335"><ele>783.140246</ele></trkpt>
      <trkpt lat="43.20991" lon="-2.562347"><ele>783.457326</ele></trkpt>
      <trkpt lat="43.209924" lon="-2.562357"><ele>783.719105</ele></trkpt>
      <trkpt lat="43.209939" lon="-2.562372"><ele>784.026954</ele></trkpt>
      <trkpt lat="43.209957" lon="-2.562384"><ele>784.358868</ele></trkpt>
      <trkpt lat="43.209972" lon="-2.562392"><ele>784.625785</ele></trkpt>
      <trkpt lat="43.209988" lon="-2.562404"><ele>784.928212</ele></trkpt>
      <trkpt lat="43.209998" lon="-2.562413"><ele>785.126565</ele></trkpt>
      <trkpt lat="43.210009" lon="-2.562422"><ele>785.338981</ele></trkpt>
      <trkpt lat="43.210025" lon="-2.562434"><ele>785.641408</ele></trkpt>
      <trkpt lat="43.210041" lon="-2.562441"><ele>785.91994</ele></trkpt>
      <trkpt lat="43.210053" lon="-2.562446"><ele>786.127941</ele></trkpt>
      <trkpt lat="43.210068" lon="-2.562461"><ele>786.43579</ele></trkpt>
      <trkpt lat="43.210085" lon="-2.562477"><ele>786.777705</ele></trkpt>
      <trkpt lat="43.210101" lon="-2.562487"><ele>787.069308</ele></trkpt>
      <trkpt lat="43.210118" lon="-2.562493"><ele>787.36044</ele></trkpt>
      <trkpt lat="43.210133" lon="-2.562503"><ele>787.637035</ele></trkpt>
      <trkpt lat="43.210149" lon="-2.562505"><ele>787.903502</ele></trkpt>
      <trkpt lat="43.210169" lon="-2.562506"><ele>788.235431</ele></trkpt>
      <trkpt lat="43.210185" lon="-2.562507"><ele>788.501073</ele></trkpt>
      <trkpt lat="43.210202" lon="-2.56251"><ele>788.785349</ele></trkpt>
      <trkpt lat="43.210217" lon="-2.562516"><ele>789.044487</ele></trkpt>
      <trkpt lat="43.210232" lon="-2.56252"><ele>789.297925</ele></trkpt>
      <trkpt lat="43.210249" lon="-2.562527"><ele>789.592301</ele></trkpt>
      <trkpt lat="43.210263" lon="-2.562531"><ele>789.829479</ele></trkpt>
      <trkpt lat="43.210276" lon="-2.562536"><ele>790.053401</ele></trkpt>
      <trkpt lat="43.210291" lon="-2.56254"><ele>790.306838</ele></trkpt>
      <trkpt lat="43.210308" lon="-2.562543"><ele>790.591113</ele></trkpt>
      <trkpt lat="43.210324" lon="-2.562549"><ele>790.866214</ele></trkpt>
      <trkpt lat="43.210338" lon="-2.562559"><ele>791.127992</ele></trkpt>
      <trkpt lat="43.210353" lon="-2.562564"><ele>791.384011</ele></trkpt>
      <trkpt lat="43.210371" lon="-2.562561"><ele>791.684743</ele></trkpt>
      <trkpt lat="43.210381" lon="-2.562558"><ele>791.854516</ele></trkpt>
      <trkpt lat="43.210397" lon="-2.56256"><ele>792.120983</ele></trkpt>
      <trkpt lat="43.210417" lon="-2.562566"><ele>792.460528</ele></trkpt>
      <trkpt lat="43.210438" lon="-2.562571"><ele>792.814028</ele></trkpt>
      <trkpt lat="43.210457" lon="-2.562576"><ele>793.134896</ele></trkpt>
      <trkpt lat="43.210472" lon="-2.56258"><ele>793.388333</ele></trkpt>
      <trkpt lat="43.210488" lon="-2.562584"><ele>793.65807</ele></trkpt>
      <trkpt lat="43.210503" lon="-2.562587"><ele>793.909481</ele></trkpt>
      <trkpt lat="43.21052" lon="-2.562592"><ele>794.197839</ele></trkpt>
      <trkpt lat="43.210538" lon="-2.562592"><ele>794.496377</ele></trkpt>
      <trkpt lat="43.210557" lon="-2.562589"><ele>794.813581</ele></trkpt>
      <trkpt lat="43.210577" lon="-2.562585"><ele>795.148795</ele></trkpt>
      <trkpt lat="43.210592" lon="-2.562581"><ele>795.402232</ele></trkpt>
      <trkpt lat="43.210606" lon="-2.56258"><ele>795.634743</ele></trkpt>
      <trkpt lat="43.210622" lon="-2.562578"><ele>795.90121</ele></trkpt>
      <trkpt lat="43.210627" lon="-2.562583"><ele>796.003825</ele></trkpt>
      <trkpt lat="43.210646" lon="-2.562588"><ele>796.324693</ele></trkpt>
      <trkpt lat="43.210668" lon="-2.562596"><ele>796.702171</ele></trkpt>
      <trkpt lat="43.210686" lon="-2.562601"><ele>797.006766</ele></trkpt>
      <trkpt lat="43.210697" lon="-2.562605"><ele>797.195504</ele></trkpt>
      <trkpt lat="43.210715" lon="-2.56261"><ele>797.500099</ele></trkpt>
      <trkpt lat="43.210731" lon="-2.562617"><ele>797.778631</ele></trkpt>
      <trkpt lat="43.210748" lon="-2.562624"><ele>798.073007</ele></trkpt>
      <trkpt lat="43.21076" lon="-2.562634"><ele>798.305867</ele></trkpt>
      <trkpt lat="43.210774" lon="-2.562646"><ele>798.579649</ele></trkpt>
      <trkpt lat="43.210792" lon="-2.562654"><ele>798.89346</ele></trkpt>
      <trkpt lat="43.210811" lon="-2.562662"><ele>799.223088</ele></trkpt>
      <trkpt lat="43.210825" lon="-2.562669"><ele>799.470222</ele></trkpt>
      <trkpt lat="43.210836" lon="-2.562682"><ele>799.71101</ele></trkpt>
      <trkpt lat="43.21085" lon="-2.562699"><ele>800.021082</ele></trkpt>
      <trkpt lat="43.210862" lon="-2.562709"><ele>800.253941</ele></trkpt>
      <trkpt lat="43.210877" lon="-2.56272"><ele>800.536029</ele></trkpt>
      <trkpt lat="43.210893" lon="-2.562731"><ele>800.832846</ele></trkpt>
      <trkpt lat="43.210907" lon="-2.562742"><ele>801.100421</ele></trkpt>
      <trkpt lat="43.210918" lon="-2.562754"><ele>801.3335</ele></trkpt>
      <trkpt lat="43.210934" lon="-2.562771"><ele>801.669132</ele></trkpt>
      <trkpt lat="43.210952" lon="-2.562786"><ele>801.968094</ele></trkpt>
      <trkpt lat="43.210966" lon="-2.562796"><ele>802.071353</ele></trkpt>
      <trkpt lat="43.210978" lon="-2.562809"><ele>802.171382</ele></trkpt>
      <trkpt lat="43.210994" lon="-2.562831"><ele>802.319575</ele></trkpt>
      <trkpt lat="43.211007" lon="-2.562848"><ele>802.437066</ele></trkpt>
      <trkpt lat="43.211023" lon="-2.562865"><ele>802.569458</ele></trkpt>
      <trkpt lat="43.21104" lon="-2.562876"><ele>802.692423</ele></trkpt>
      <trkpt lat="43.21106" lon="-2.562892"><ele>802.843885</ele></trkpt>
      <trkpt lat="43.211078" lon="-2.562912"><ele>802.995417</ele></trkpt>
      <trkpt lat="43.211098" lon="-2.562931"><ele>803.154565</ele></trkpt>
      <trkpt lat="43.211114" lon="-2.562952"><ele>803.299421</ele></trkpt>
      <trkpt lat="43.211133" lon="-2.562973"><ele>803.459039</ele></trkpt>
      <trkpt lat="43.211147" lon="-2.562988"><ele>803.575248</ele></trkpt>
      <trkpt lat="43.211168" lon="-2.563004"><ele>803.732396</ele></trkpt>
      <trkpt lat="43.211184" lon="-2.563018"><ele>803.856546</ele></trkpt>
      <trkpt lat="43.2112" lon="-2.563038"><ele>803.998149</ele></trkpt>
      <trkpt lat="43.211214" lon="-2.563057"><ele>804.126976</ele></trkpt>
      <trkpt lat="43.211227" lon="-2.563072"><ele>804.238102</ele></trkpt>
      <trkpt lat="43.211243" lon="-2.563087"><ele>804.364879</ele></trkpt>
      <trkpt lat="43.211258" lon="-2.563095"><ele>804.470166</ele></trkpt>
      <trkpt lat="43.211284" lon="-2.563098"><ele>804.640865</ele></trkpt>
      <trkpt lat="43.2113" lon="-2.563083"><ele>804.767642</ele></trkpt>
      <trkpt lat="43.211302" lon="-2.563059"><ele>804.882825</ele></trkpt>
      <trkpt lat="43.211304" lon="-2.563029"><ele>805.026468</ele></trkpt>
      <trkpt lat="43.211305" lon="-2.563005"><ele>805.141092</ele></trkpt>
      <trkpt lat="43.211308" lon="-2.562982"><ele>805.252502</ele></trkpt>
      <trkpt lat="43.211316" lon="-2.562963"><ele>805.35713</ele></trkpt>
      <trkpt lat="43.211325" lon="-2.562944"><ele>805.465178</ele></trkpt>
      <trkpt lat="43.211333" lon="-2.562927"><ele>805.561666</ele></trkpt>
      <trkpt lat="43.211346" lon="-2.562916"><ele>805.661588</ele></trkpt>
      <trkpt lat="43.21134" lon="-2.56292"><ele>805.705229</ele></trkpt>
      <trkpt lat="43.211339" lon="-2.56292"><ele>805.711772</ele></trkpt>
      <trkpt lat="43.211343" lon="-2.562921"><ele>805.738371</ele></trkpt>
      <trkpt lat="43.21134" lon="-2.56292"><ele>805.758569</ele></trkpt>
      <trkpt lat="43.21134" lon="-2.56292"><ele>805.758569</ele></trkpt>
      <trkpt lat="43.211346" lon="-2.562917"><ele>805.800348</ele></trkpt>
      <trkpt lat="43.211346" lon="-2.562912"><ele>805.824189</ele></trkpt>
      <trkpt lat="43.211344" lon="-2.562917"><ele>805.851384</ele></trkpt>
      <trkpt lat="43.21134" lon="-2.56292"><ele>805.881207</ele></trkpt>
      <trkpt lat="43.21134" lon="-2.56292"><ele>805.881207</ele></trkpt>
      <trkpt lat="43.211344" lon="-2.562916"><ele>805.913589</ele></trkpt>
      <trkpt lat="43.211361" lon="-2.562904"><ele>806.038663</ele></trkpt>
      <trkpt lat="43.211375" lon="-2.562906"><ele>806.130749</ele></trkpt>
      <trkpt lat="43.211391" lon="-2.562909"><ele>806.236398</ele></trkpt>
      <trkpt lat="43.211406" lon="-2.562913"><ele>806.336368</ele></trkpt>
      <trkpt lat="43.211416" lon="-2.562915"><ele>806.402481</ele></trkpt>
      <trkpt lat="43.211421" lon="-2.562941"><ele>806.530697</ele></trkpt>
      <trkpt lat="43.211434" lon="-2.562961"><ele>806.658477</ele></trkpt>
      <trkpt lat="43.211451" lon="-2.562972"><ele>806.781442</ele></trkpt>
      <trkpt lat="43.211468" lon="-2.562986"><ele>806.911156</ele></trkpt>
      <trkpt lat="43.211491" lon="-2.562996"><ele>807.069001</ele></trkpt>
      <trkpt lat="43.211516" lon="-2.562996"><ele>807.232557</ele></trkpt>
      <trkpt lat="43.211538" lon="-2.563"><ele>807.377744</ele></trkpt>
      <trkpt lat="43.211559" lon="-2.563002"><ele>807.515462</ele></trkpt>
      <trkpt lat="43.211578" lon="-2.563012"><ele>807.648596</ele></trkpt>
      <trkpt lat="43.211596" lon="-2.563021"><ele>807.773932</ele></trkpt>
      <trkpt lat="43.21161" lon="-2.563025"><ele>807.867488</ele></trkpt>
      <trkpt lat="43.211626" lon="-2.563033"><ele>807.978897</ele></trkpt>
      <trkpt lat="43.211637" lon="-2.563041"><ele>808.060346</ele></trkpt>
      <trkpt lat="43.21165" lon="-2.563047"><ele>808.150078</ele></trkpt>
      <trkpt lat="43.211667" lon="-2.563059"><ele>808.275152</ele></trkpt>
      <trkpt lat="43.211683" lon="-2.563067"><ele>808.386561</ele></trkpt>
      <trkpt lat="43.211697" lon="-2.563077"><ele>808.489821</ele></trkpt>
      <trkpt lat="43.211707" lon="-2.563093"><ele>808.590321</ele></trkpt>
      <trkpt lat="43.211719" lon="-2.563111"><ele>808.706638</ele></trkpt>
      <trkpt lat="43.211736" lon="-2.563128"><ele>808.844261</ele></trkpt>
      <trkpt lat="43.211752" lon="-2.563138"><ele>808.959285</ele></trkpt>
      <trkpt lat="43.211771" lon="-2.563143"><ele>809.085853</ele></trkpt>
      <trkpt lat="43.21179" lon="-2.563139"><ele>809.21161</ele></trkpt>
      <trkpt lat="43.211799" lon="-2.563136"><ele>809.272203</ele></trkpt>
      <trkpt lat="43.211808" lon="-2.563135"><ele>809.331276</ele></trkpt>
      <trkpt lat="43.211809" lon="-2.563142"><ele>809.365288</ele></trkpt>
      <trkpt lat="43.211811" lon="-2.563147"><ele>809.392483</ele></trkpt>
      <trkpt lat="43.211813" lon="-2.563143"><ele>809.415613</ele></trkpt>
      <trkpt lat="43.211813" lon="-2.563143"><ele>809.415613</ele></trkpt>
      <trkpt lat="43.211813" lon="-2.563143"><ele>809.415613</ele></trkpt>
      <trkpt lat="43.211813" lon="-2.563143"><ele>809.415613</ele></trkpt>
      <trkpt lat="43.211812" lon="-2.563143"><ele>809.422155</ele></trkpt>
      <trkpt lat="43.21182" lon="-2.563152"><ele>809.489837</ele></trkpt>
      <trkpt lat="43.211819" lon="-2.563149"><ele>809.505566</ele></trkpt>
      <trkpt lat="43.211813" lon="-2.563143"><ele>809.554139</ele></trkpt>
      <trkpt lat="43.211813" lon="-2.563143"><ele>809.554139</ele></trkpt>
      <trkpt lat="43.211813" lon="-2.563143"><ele>809.554139</ele></trkpt>
      <trkpt lat="43.211813" lon="-2.563143"><ele>809.554139</ele></trkpt>
      <trkpt lat="43.211813" lon="-2.563143"><ele>809.554139</ele></trkpt>
      <trkpt lat="43.211813" lon="-2.563143"><ele>809.554139</ele></trkpt>
      <trkpt lat="43.211813" lon="-2.563143"><ele>809.554139</ele></trkpt>
      <trkpt lat="43.211813" lon="-2.563143"><ele>809.554139</ele></trkpt>
      <trkpt lat="43.211813" lon="-2.563143"><ele>809.554139</ele></trkpt>
      <trkpt lat="43.211813" lon="-2.563143"><ele>809.554139</ele></trkpt>
      <trkpt lat="43.211813" lon="-2.563143"><ele>809.554139</ele></trkpt>
      <trkpt lat="43.211813" lon="-2.563143"><ele>809.554139</ele></trkpt>
      <trkpt lat="43.211813" lon="-2.563143"><ele>809.554139</ele></trkpt>
      <trkpt lat="43.211817" lon="-2.563154"><ele>809.612754</ele></trkpt>
      <trkpt lat="43.211826" lon="-2.563171"><ele>809.712941</ele></trkpt>
      <trkpt lat="43.211835" lon="-2.563189"><ele>809.817023</ele></trkpt>
      <trkpt lat="43.211849" lon="-2.563214"><ele>809.967352</ele></trkpt>
      <trkpt lat="43.211867" lon="-2.56324"><ele>810.138339</ele></trkpt>
      <trkpt lat="43.211887" lon="-2.563259"><ele>810.297486</ele></trkpt>
      <trkpt lat="43.211904" lon="-2.563275"><ele>810.432355</ele></trkpt>
      <trkpt lat="43.211923" lon="-2.563292"><ele>810.580751</ele></trkpt>
      <trkpt lat="43.21194" lon="-2.56331"><ele>810.721235</ele></trkpt>
      <trkpt lat="43.211957" lon="-2.563337"><ele>810.891363</ele></trkpt>
      <trkpt lat="43.21198" lon="-2.56336"><ele>811.077558</ele></trkpt>
      <trkpt lat="43.211995" lon="-2.563364"><ele>811.177528</ele></trkpt>
      <trkpt lat="43.212011" lon="-2.563379"><ele>811.304305</ele></trkpt>
      <trkpt lat="43.212026" lon="-2.563404"><ele>811.458706</ele></trkpt>
      <trkpt lat="43.212041" lon="-2.563428"><ele>811.609456</ele></trkpt>
      <trkpt lat="43.212055" lon="-2.563452"><ele>811.756032</ele></trkpt>
      <trkpt lat="43.212071" lon="-2.56347"><ele>811.891395</ele></trkpt>
      <trkpt lat="43.212089" lon="-2.563488"><ele>812.037113</ele></trkpt>
      <trkpt lat="43.212115" lon="-2.563507"><ele>812.229832</ele></trkpt>
      <trkpt lat="43.212136" lon="-2.563525"><ele>812.391824</ele></trkpt>
      <trkpt lat="43.21215" lon="-2.563549"><ele>812.538399</ele></trkpt>
      <trkpt lat="43.212174" lon="-2.563587"><ele>812.778155</ele></trkpt>
      <trkpt lat="43.212207" lon="-2.563629"><ele>813.072629</ele></trkpt>
      <trkpt lat="43.212238" lon="-2.563672"><ele>813.361019</ele></trkpt>
      <trkpt lat="43.212262" lon="-2.563721"><ele>813.642515</ele></trkpt>
      <trkpt lat="43.21229" lon="-2.563782"><ele>813.530711</ele></trkpt>
      <trkpt lat="43.21233" lon="-2.563846"><ele>813.287429</ele></trkpt>
      <trkpt lat="43.212376" lon="-2.563887"><ele>813.070251</ele></trkpt>
      <trkpt lat="43.21241" lon="-2.563913"><ele>812.916142</ele></trkpt>
      <trkpt lat="43.212421" lon="-2.563962"><ele>812.768194</ele></trkpt>
      <trkpt lat="43.21243" lon="-2.564018"><ele>812.60272</ele></trkpt>
      <trkpt lat="43.21246" lon="-2.564065"><ele>812.42244</ele></trkpt>
      <trkpt lat="43.212503" lon="-2.564109"><ele>812.210063</ele></trkpt>
      <trkpt lat="43.212544" lon="-2.564164"><ele>811.983043</ele></trkpt>
      <trkpt lat="43.212581" lon="-2.564226"><ele>811.751815</ele></trkpt>
      <trkpt lat="43.212607" lon="-2.564301"><ele>811.512163</ele></trkpt>
      <trkpt lat="43.212628" lon="-2.564383"><ele>811.261365</ele></trkpt>
      <trkpt lat="43.212654" lon="-2.564471"><ele>810.987364</ele></trkpt>
      <trkpt lat="43.212677" lon="-2.564559"><ele>810.717601</ele></trkpt>
      <trkpt lat="43.212703" lon="-2.564646"><ele>810.446273</ele></trkpt>
      <trkpt lat="43.212728" lon="-2.564713"><ele>810.229076</ele></trkpt>
      <trkpt lat="43.212754" lon="-2.56478"><ele>810.010047</ele></trkpt>
      <trkpt lat="43.212774" lon="-2.564845"><ele>809.806456</ele></trkpt>
      <trkpt lat="43.212781" lon="-2.564902"><ele>809.639661</ele></trkpt>
      <trkpt lat="43.21279" lon="-2.564956"><ele>809.479819</ele></trkpt>
      <trkpt lat="43.212799" lon="-2.565019"><ele>809.29457</ele></trkpt>
      <trkpt lat="43.212807" lon="-2.565072"><ele>809.138391</ele></trkpt>
      <trkpt lat="43.212817" lon="-2.565134"><ele>808.955159</ele></trkpt>
      <trkpt lat="43.212841" lon="-2.565199"><ele>808.744902</ele></trkpt>
      <trkpt lat="43.212874" lon="-2.565239"><ele>808.570566</ele></trkpt>
      <trkpt lat="43.212908" lon="-2.565277"><ele>808.396946</ele></trkpt>
      <trkpt lat="43.21293" lon="-2.565323"><ele>808.238183</ele></trkpt>
      <trkpt lat="43.21295" lon="-2.565365"><ele>808.093415</ele></trkpt>
      <trkpt lat="43.212969" lon="-2.565409"><ele>807.945839</ele></trkpt>
      <trkpt lat="43.212998" lon="-2.565466"><ele>807.745252</ele></trkpt>
      <trkpt lat="43.213025" lon="-2.565519"><ele>807.558661</ele></trkpt>
      <trkpt lat="43.213054" lon="-2.565583"><ele>807.341204</ele></trkpt>
      <trkpt lat="43.213098" lon="-2.565634"><ele>807.113159</ele></trkpt>
      <trkpt lat="43.213115" lon="-2.565671"><ele>806.98695</ele></trkpt>
      <trkpt lat="43.213125" lon="-2.565735"><ele>806.798079</ele></trkpt>
      <trkpt lat="43.213151" lon="-2.565782"><ele>806.627817</ele></trkpt>
      <trkpt lat="43.213187" lon="-2.565821"><ele>806.62533</ele></trkpt>
      <trkpt lat="43.213229" lon="-2.565852"><ele>806.687022</ele></trkpt>
      <trkpt lat="43.213258" lon="-2.565905"><ele>806.749502</ele></trkpt>
      <trkpt lat="43.213279" lon="-2.565975"><ele>806.820868</ele></trkpt>
      <trkpt lat="43.21331" lon="-2.566044"><ele>806.897285</ele></trkpt>
      <trkpt lat="43.213341" lon="-2.566109"><ele>806.970519</ele></trkpt>
      <trkpt lat="43.213358" lon="-2.566184"><ele>807.044566</ele></trkpt>
      <trkpt lat="43.213376" lon="-2.566258"><ele>807.118114</ele></trkpt>
      <trkpt lat="43.2134" lon="-2.56633"><ele>807.192755</ele></trkpt>
      <trkpt lat="43.213428" lon="-2.566393"><ele>807.262321</ele></trkpt>
      <trkpt lat="43.213453" lon="-2.566455"><ele>807.329122</ele></trkpt>
      <trkpt lat="43.213479" lon="-2.566513"><ele>807.393317</ele></trkpt>
      <trkpt lat="43.213502" lon="-2.566564"><ele>807.449858</ele></trkpt>
      <trkpt lat="43.213524" lon="-2.566611"><ele>807.50252</ele></trkpt>
      <trkpt lat="43.213546" lon="-2.56665"><ele>807.549014</ele></trkpt>
      <trkpt lat="43.213566" lon="-2.566694"><ele>807.597902</ele></trkpt>
      <trkpt lat="43.213578" lon="-2.566734"><ele>807.638682</ele></trkpt>
      <trkpt lat="43.213592" lon="-2.566778"><ele>807.683944</ele></trkpt>
      <trkpt lat="43.213609" lon="-2.56682"><ele>807.729236</ele></trkpt>
      <trkpt lat="43.213632" lon="-2.56686"><ele>807.77727</ele></trkpt>
      <trkpt lat="43.213664" lon="-2.566893"><ele>807.829052</ele></trkpt>
      <trkpt lat="43.213685" lon="-2.566927"><ele>807.871068</ele></trkpt>
      <trkpt lat="43.213706" lon="-2.566966"><ele>807.916782</ele></trkpt>
      <trkpt lat="43.213727" lon="-2.567008"><ele>807.9648</ele></trkpt>
      <trkpt lat="43.213747" lon="-2.567052"><ele>808.013687</ele></trkpt>
      <trkpt lat="43.213771" lon="-2.567085"><ele>808.057638</ele></trkpt>
      <trkpt lat="43.213792" lon="-2.567116"><ele>808.097539</ele></trkpt>
      <trkpt lat="43.213805" lon="-2.567146"><ele>808.130443</ele></trkpt>
      <trkpt lat="43.213812" lon="-2.567173"><ele>808.15746</ele></trkpt>
      <trkpt lat="43.21382" lon="-2.5672"><ele>808.184937</ele></trkpt>
      <trkpt lat="43.213829" lon="-2.567229"><ele>808.214653</ele></trkpt>
      <trkpt lat="43.213834" lon="-2.567249"><ele>808.234586</ele></trkpt>
      <trkpt lat="43.213845" lon="-2.567263"><ele>808.253994</ele></trkpt>
      <trkpt lat="43.213857" lon="-2.56728"><ele>808.276306</ele></trkpt>
      <trkpt lat="43.213874" lon="-2.567302"><ele>808.306534</ele></trkpt>
      <trkpt lat="43.213885" lon="-2.567319"><ele>808.327966</ele></trkpt>
      <trkpt lat="43.213896" lon="-2.567343"><ele>808.354694</ele></trkpt>
      <trkpt lat="43.213912" lon="-2.56737"><ele>808.387501</ele></trkpt>
      <trkpt lat="43.213931" lon="-2.567399"><ele>808.424264</ele></trkpt>
      <trkpt lat="43.213946" lon="-2.567424"><ele>808.454793</ele></trkpt>
      <trkpt lat="43.21396" lon="-2.567447"><ele>808.483044</ele></trkpt>
      <trkpt lat="43.213975" lon="-2.567469"><ele>808.511445</ele></trkpt>
      <trkpt lat="43.213989" lon="-2.567494"><ele>808.541168</ele></trkpt>
      <trkpt lat="43.214003" lon="-2.567515"><ele>808.568</ele></trkpt>
      <trkpt lat="43.214019" lon="-2.567534"><ele>808.595371</ele></trkpt>
      <trkpt lat="43.21403" lon="-2.56755"><ele>808.616108</ele></trkpt>
      <trkpt lat="43.21404" lon="-2.56757"><ele>808.638973</ele></trkpt>
      <trkpt lat="43.214046" lon="-2.567592"><ele>808.661118</ele></trkpt>
      <trkpt lat="43.214056" lon="-2.567616"><ele>808.687181</ele></trkpt>
      <trkpt lat="43.214066" lon="-2.567636"><ele>808.710047</ele></trkpt>
      <trkpt lat="43.214076" lon="-2.567655"><ele>808.732141</ele></trkpt>
      <trkpt lat="43.214085" lon="-2.567674"><ele>808.753505</ele></trkpt>
      <trkpt lat="43.214097" lon="-2.567694"><ele>808.777927</ele></trkpt>
      <trkpt lat="43.21411" lon="-2.567719"><ele>808.80688</ele></trkpt>
      <trkpt lat="43.214121" lon="-2.567741"><ele>808.832032</ele></trkpt>
      <trkpt lat="43.214131" lon="-2.567759"><ele>808.85337</ele></trkpt>
      <trkpt lat="43.214149" lon="-2.567781"><ele>808.884552</ele></trkpt>
      <trkpt lat="43.214163" lon="-2.567802"><ele>808.939101</ele></trkpt>
      <trkpt lat="43.214175" lon="-2.567825"><ele>809.176366</ele></trkpt>
      <trkpt lat="43.214184" lon="-2.567841"><ele>809.345899</ele></trkpt>
      <trkpt lat="43.214186" lon="-2.567855"><ele>809.465566</ele></trkpt>
      <trkpt lat="43.21419" lon="-2.567877"><ele>809.655757</ele></trkpt>
      <trkpt lat="43.214198" lon="-2.5679"><ele>809.869527</ele></trkpt>
      <trkpt lat="43.214205" lon="-2.567926"><ele>810.10202</ele></trkpt>
      <trkpt lat="43.214211" lon="-2.567953"><ele>810.338789</ele></trkpt>
      <trkpt lat="43.214218" lon="-2.567979"><ele>810.571283</ele></trkpt>
      <trkpt lat="43.214225" lon="-2.568002"><ele>810.780353</ele></trkpt>
      <trkpt lat="43.214231" lon="-2.568027"><ele>811.00113</ele></trkpt>
      <trkpt lat="43.214237" lon="-2.568056"><ele>811.253994</ele></trkpt>
      <trkpt lat="43.214249" lon="-2.568079"><ele>811.491258</ele></trkpt>
      <trkpt lat="43.214262" lon="-2.568096"><ele>811.697947</ele></trkpt>
      <trkpt lat="43.214278" lon="-2.568117"><ele>811.952778</ele></trkpt>
      <trkpt lat="43.214293" lon="-2.568144"><ele>812.237551</ele></trkpt>
      <trkpt lat="43.214305" lon="-2.568166"><ele>812.468046</ele></trkpt>
      <trkpt lat="43.214313" lon="-2.568189"><ele>812.681815</ele></trkpt>
      <trkpt lat="43.214321" lon="-2.568218"><ele>812.941909</ele></trkpt>
      <trkpt lat="43.214326" lon="-2.568239"><ele>813.127219</ele></trkpt>
      <trkpt lat="43.21433" lon="-2.568264"><ele>813.341912</ele></trkpt>
      <trkpt lat="43.214332" lon="-2.568289"><ele>813.552871</ele></trkpt>
      <trkpt lat="43.214331" lon="-2.568318"><ele>813.796394</ele></trkpt>
      <trkpt lat="43.214329" lon="-2.568348"><ele>814.049084</ele></trkpt>
      <trkpt lat="43.214325" lon="-2.568368"><ele>814.223045</ele></trkpt>
      <trkpt lat="43.214318" lon="-2.568389"><ele>814.416743</ele></trkpt>
      <trkpt lat="43.214309" lon="-2.568415"><ele>814.65818</ele></trkpt>
      <trkpt lat="43.214305" lon="-2.568442"><ele>814.889287</ele></trkpt>
      <trkpt lat="43.214306" lon="-2.568467"><ele>815.099302</ele></trkpt>
      <trkpt lat="43.214304" lon="-2.568491"><ele>815.301925</ele></trkpt>
      <trkpt lat="43.21431" lon="-2.568522"><ele>815.570966</ele></trkpt>
      <trkpt lat="43.214328" lon="-2.568541"><ele>815.832342</ele></trkpt>
      <trkpt lat="43.214353" lon="-2.568538"><ele>816.121174</ele></trkpt>
      <trkpt lat="43.214367" lon="-2.568509"><ele>816.412951</ele></trkpt>
      <trkpt lat="43.214369" lon="-2.568476"><ele>816.69071</ele></trkpt>
      <trkpt lat="43.214363" lon="-2.568443"><ele>816.975997</ele></trkpt>
      <trkpt lat="43.214353" lon="-2.568414"><ele>817.245102</ele></trkpt>
      <trkpt lat="43.214338" lon="-2.56839"><ele>817.510301</ele></trkpt>
      <trkpt lat="43.214327" lon="-2.56838"><ele>817.66217</ele></trkpt>
      <trkpt lat="43.214326" lon="-2.568385"><ele>817.70566</ele></trkpt>
      <trkpt lat="43.214327" lon="-2.568387"><ele>817.726005</ele></trkpt>
      <trkpt lat="43.214327" lon="-2.568387"><ele>817.726005</ele></trkpt>
      <trkpt lat="43.214329" lon="-2.568392"><ele>817.773846</ele></trkpt>
      <trkpt lat="43.214327" lon="-2.568395"><ele>817.80795</ele></trkpt>
      <trkpt lat="43.214327" lon="-2.568395"><ele>817.80795</ele></trkpt>
      <trkpt lat="43.214315" lon="-2.568389"><ele>817.954946</ele></trkpt>
      <trkpt lat="43.214315" lon="-2.568386"><ele>817.98011</ele></trkpt>
      <trkpt lat="43.214315" lon="-2.568386"><ele>817.98011</ele></trkpt>
      <trkpt lat="43.214316" lon="-2.568386"><ele>817.991619</ele></trkpt>
      <trkpt lat="43.214315" lon="-2.568386"><ele>818.003129</ele></trkpt>
      <trkpt lat="43.214315" lon="-2.568386"><ele>818.003129</ele></trkpt>
      <trkpt lat="43.214315" lon="-2.568386"><ele>818.003129</ele></trkpt>
      <trkpt lat="43.214315" lon="-2.568386"><ele>818.003129</ele></trkpt>
      <trkpt lat="43.214315" lon="-2.568386"><ele>818.003129</ele></trkpt>
      <trkpt lat="43.214318" lon="-2.568385"><ele>818.038661</ele></trkpt>
      <trkpt lat="43.214315" lon="-2.568386"><ele>818.074193</ele></trkpt>
      <trkpt lat="43.214316" lon="-2.568392"><ele>818.12582</ele></trkpt>
      <trkpt lat="43.214311" lon="-2.568402"><ele>818.227542</ele></trkpt>
      <trkpt lat="43.214305" lon="-2.568408"><ele>818.312992</ele></trkpt>
      <trkpt lat="43.214303" lon="-2.568411"><ele>818.347096</ele></trkpt>
      <trkpt lat="43.214303" lon="-2.568411"><ele>818.347096</ele></trkpt>
      <trkpt lat="43.214303" lon="-2.568411"><ele>818.347096</ele></trkpt>
      <trkpt lat="43.214303" lon="-2.568411"><ele>818.347096</ele></trkpt>
      <trkpt lat="43.214303" lon="-2.568411"><ele>818.347096</ele></trkpt>
      <trkpt lat="43.214303" lon="-2.568411"><ele>818.347096</ele></trkpt>
      <trkpt lat="43.214303" lon="-2.568411"><ele>818.347096</ele></trkpt>
      <trkpt lat="43.214303" lon="-2.568411"><ele>818.347096</ele></trkpt>
      <trkpt lat="43.214303" lon="-2.568411"><ele>818.347096</ele></trkpt>
      <trkpt lat="43.214303" lon="-2.568411"><ele>818.347096</ele></trkpt>
      <trkpt lat="43.214303" lon="-2.568411"><ele>818.347096</ele></trkpt>
      <trkpt lat="43.214303" lon="-2.568411"><ele>818.347096</ele></trkpt>
      <trkpt lat="43.214303" lon="-2.568411"><ele>818.347096</ele></trkpt>
      <trkpt lat="43.214303" lon="-2.568411"><ele>818.347096</ele></trkpt>
      <trkpt lat="43.214303" lon="-2.568411"><ele>818.347096</ele></trkpt>
      <trkpt lat="43.214303" lon="-2.568411"><ele>818.347096</ele></trkpt>
      <trkpt lat="43.214303" lon="-2.568411"><ele>818.347096</ele></trkpt>
      <trkpt lat="43.214303" lon="-2.568411"><ele>818.347096</ele></trkpt>
      <trkpt lat="43.214303" lon="-2.568411"><ele>818.347096</ele></trkpt>
      <trkpt lat="43.214303" lon="-2.568411"><ele>818.347096</ele></trkpt>
      <trkpt lat="43.214303" lon="-2.568411"><ele>818.347096</ele></trkpt>
      <trkpt lat="43.214303" lon="-2.568411"><ele>818.347096</ele></trkpt>
      <trkpt lat="43.214303" lon="-2.568411"><ele>818.347096</ele></trkpt>
      <trkpt lat="43.214303" lon="-2.568411"><ele>818.347096</ele></trkpt>
      <trkpt lat="43.214299" lon="-2.56841"><ele>818.393891</ele></trkpt>
      <trkpt lat="43.214294" lon="-2.56841"><ele>818.451438</ele></trkpt>
      <trkpt lat="43.214303" lon="-2.568411"><ele>818.555361</ele></trkpt>
      <trkpt lat="43.214303" lon="-2.568411"><ele>818.555361</ele></trkpt>
      <trkpt lat="43.214303" lon="-2.568411"><ele>818.555361</ele></trkpt>
      <trkpt lat="43.214303" lon="-2.568411"><ele>818.555361</ele></trkpt>
      <trkpt lat="43.214303" lon="-2.568411"><ele>818.555361</ele></trkpt>
      <trkpt lat="43.214303" lon="-2.568411"><ele>818.555361</ele></trkpt>
      <trkpt lat="43.214303" lon="-2.568411"><ele>818.555361</ele></trkpt>
      <trkpt lat="43.214303" lon="-2.568411"><ele>818.555361</ele></trkpt>
      <trkpt lat="43.214303" lon="-2.568411"><ele>818.555361</ele></trkpt>
      <trkpt lat="43.21429" lon="-2.568402"><ele>818.722948</ele></trkpt>
      <trkpt lat="43.214291" lon="-2.568403"><ele>818.73719</ele></trkpt>
      <trkpt lat="43.214291" lon="-2.568403"><ele>818.73719</ele></trkpt>
      <trkpt lat="43.214291" lon="-2.568403"><ele>818.73719</ele></trkpt>
      <trkpt lat="43.214291" lon="-2.568403"><ele>818.73719</ele></trkpt>
      <trkpt lat="43.214291" lon="-2.568403"><ele>818.73719</ele></trkpt>
      <trkpt lat="43.214291" lon="-2.568403"><ele>818.73719</ele></trkpt>
      <trkpt lat="43.21429" lon="-2.568403"><ele>818.748699</ele></trkpt>
      <trkpt lat="43.214291" lon="-2.568399"><ele>818.78417</ele></trkpt>
      <trkpt lat="43.214291" lon="-2.568403"><ele>818.817722</ele></trkpt>
      <trkpt lat="43.214291" lon="-2.568403"><ele>818.817722</ele></trkpt>
      <trkpt lat="43.214291" lon="-2.568403"><ele>818.817722</ele></trkpt>
      <trkpt lat="43.214291" lon="-2.568403"><ele>818.817722</ele></trkpt>
      <trkpt lat="43.214297" lon="-2.568402"><ele>818.887286</ele></trkpt>
      <trkpt lat="43.214291" lon="-2.568403"><ele>818.956849</ele></trkpt>
      <trkpt lat="43.214299" lon="-2.568405"><ele>819.05044</ele></trkpt>
      <trkpt lat="43.214306" lon="-2.5684"><ele>819.141268</ele></trkpt>
      <trkpt lat="43.214306" lon="-2.5684"><ele>819.141268</ele></trkpt>
      <trkpt lat="43.214306" lon="-2.5684"><ele>819.141268</ele></trkpt>
      <trkpt lat="43.214306" lon="-2.5684"><ele>819.141268</ele></trkpt>
      <trkpt lat="43.214301" lon="-2.568406"><ele>819.217717</ele></trkpt>
      <trkpt lat="43.214306" lon="-2.5684"><ele>819.294166</ele></trkpt>
      <trkpt lat="43.214296" lon="-2.568407"><ele>819.423372</ele></trkpt>
      <trkpt lat="43.214289" lon="-2.568406"><ele>819.504373</ele></trkpt>
      <trkpt lat="43.214283" lon="-2.568413"><ele>819.595016</ele></trkpt>
      <trkpt lat="43.214279" lon="-2.568427"><ele>819.72115</ele></trkpt>
      <trkpt lat="43.21428" lon="-2.568453"><ele>819.939541</ele></trkpt>
      <trkpt lat="43.214285" lon="-2.56849"><ele>820.255186</ele></trkpt>
      <trkpt lat="43.214292" lon="-2.568523"><ele>820.543475</ele></trkpt>
      <trkpt lat="43.214286" lon="-2.568552"><ele>820.796339</ele></trkpt>
      <trkpt lat="43.214277" lon="-2.568572"><ele>820.993501</ele></trkpt>
      <trkpt lat="43.214268" lon="-2.568589"><ele>821.169748</ele></trkpt>
      <trkpt lat="43.214265" lon="-2.568609"><ele>821.341024</ele></trkpt>
      <trkpt lat="43.214263" lon="-2.568628"><ele>821.50205</ele></trkpt>
      <trkpt lat="43.214257" lon="-2.568652"><ele>821.714876</ele></trkpt>
      <trkpt lat="43.214254" lon="-2.568675"><ele>821.910865</ele></trkpt>
      <trkpt lat="43.214253" lon="-2.568696"><ele>822.087388</ele></trkpt>
      <trkpt lat="43.214251" lon="-2.568722"><ele>822.306687</ele></trkpt>
      <trkpt lat="43.214244" lon="-2.568749"><ele>822.547066</ele></trkpt>
      <trkpt lat="43.214238" lon="-2.568771"><ele>822.744099</ele></trkpt>
      <trkpt lat="43.214232" lon="-2.568801"><ele>823.005042</ele></trkpt>
      <trkpt lat="43.214232" lon="-2.568833"><ele>823.273458</ele></trkpt>
      <trkpt lat="43.214246" lon="-2.56886"><ele>823.551404</ele></trkpt>
      <trkpt lat="43.21426" lon="-2.568876"><ele>823.761106</ele></trkpt>
      <trkpt lat="43.214265" lon="-2.568895"><ele>823.930549</ele></trkpt>
      <trkpt lat="43.214267" lon="-2.568919"><ele>824.133172</ele></trkpt>
      <trkpt lat="43.214265" lon="-2.568942"><ele>824.327464</ele></trkpt>
      <trkpt lat="43.214259" lon="-2.568964"><ele>824.524497</ele></trkpt>
      <trkpt lat="43.214258" lon="-2.568988"><ele>824.726138</ele></trkpt>
      <trkpt lat="43.21426" lon="-2.569013"><ele>824.937097</ele></trkpt>
      <trkpt lat="43.214259" lon="-2.569035"><ele>825.121991</ele></trkpt>
      <trkpt lat="43.214248" lon="-2.569048"><ele>825.28908</ele></trkpt>
      <trkpt lat="43.214238" lon="-2.569063"><ele>825.4596</ele></trkpt>
      <trkpt lat="43.214227" lon="-2.569078"><ele>825.63809</ele></trkpt>
      <trkpt lat="43.214214" lon="-2.569096"><ele>825.850652</ele></trkpt>
      <trkpt lat="43.214199" lon="-2.569112"><ele>826.069322</ele></trkpt>
      <trkpt lat="43.214187" lon="-2.569131"><ele>826.280211</ele></trkpt>
      <trkpt lat="43.214173" lon="-2.569149"><ele>826.501026</ele></trkpt>
      <trkpt lat="43.214157" lon="-2.569171"><ele>826.761726</ele></trkpt>
      <trkpt lat="43.214142" lon="-2.569188"><ele>826.985641</ele></trkpt>
      <trkpt lat="43.214129" lon="-2.569201"><ele>827.170782</ele></trkpt>
      <trkpt lat="43.214119" lon="-2.569215"><ele>827.335211</ele></trkpt>
      <trkpt lat="43.214111" lon="-2.569231"><ele>827.497967</ele></trkpt>
      <trkpt lat="43.2141" lon="-2.569248"><ele>827.688655</ele></trkpt>
      <trkpt lat="43.214087" lon="-2.569261"><ele>827.873796</ele></trkpt>
      <trkpt lat="43.214075" lon="-2.569276"><ele>828.060626</ele></trkpt>
      <trkpt lat="43.214064" lon="-2.569295"><ele>828.264164</ele></trkpt>
      <trkpt lat="43.214054" lon="-2.569305"><ele>828.40658</ele></trkpt>
      <trkpt lat="43.214037" lon="-2.569322"><ele>828.648687</ele></trkpt>
      <trkpt lat="43.214024" lon="-2.569344"><ele>828.886259</ele></trkpt>
      <trkpt lat="43.214014" lon="-2.569362"><ele>829.076108</ele></trkpt>
      <trkpt lat="43.214001" lon="-2.569376"><ele>829.26631</ele></trkpt>
      <trkpt lat="43.213989" lon="-2.569393"><ele>829.464826</ele></trkpt>
      <trkpt lat="43.213977" lon="-2.569407"><ele>829.655679</ele></trkpt>
      <trkpt lat="43.213965" lon="-2.569421"><ele>829.883759</ele></trkpt>
      <trkpt lat="43.213957" lon="-2.569436"><ele>830.079913</ele></trkpt>
      <trkpt lat="43.213949" lon="-2.56945"><ele>830.267654</ele></trkpt>
      <trkpt lat="43.21394" lon="-2.56946"><ele>830.435344</ele></trkpt>
      <trkpt lat="43.213925" lon="-2.569482"><ele>830.75327</ele></trkpt>
      <trkpt lat="43.21391" lon="-2.569503"><ele>831.063573</ele></trkpt>
      <trkpt lat="43.213901" lon="-2.569526"><ele>831.339066</ele></trkpt>
      <trkpt lat="43.213889" lon="-2.569547"><ele>831.620678</ele></trkpt>
      <trkpt lat="43.213877" lon="-2.569556"><ele>831.818701</ele></trkpt>
      <trkpt lat="43.21386" lon="-2.569575"><ele>832.136188</ele></trkpt>
      <trkpt lat="43.213845" lon="-2.569594"><ele>832.431787</ele></trkpt>
      <trkpt lat="43.213835" lon="-2.569612"><ele>832.670639</ele></trkpt>
      <trkpt lat="43.213825" lon="-2.56963"><ele>832.90949</ele></trkpt>
      <trkpt lat="43.213814" lon="-2.569642"><ele>833.112976</ele></trkpt>
      <trkpt lat="43.213804" lon="-2.56966"><ele>833.351828</ele></trkpt>
      <trkpt lat="43.213791" lon="-2.569684"><ele>833.667393</ele></trkpt>
      <trkpt lat="43.213781" lon="-2.569709"><ele>833.968344</ele></trkpt>
      <trkpt lat="43.213773" lon="-2.569729"><ele>834.209105</ele></trkpt>
      <trkpt lat="43.213768" lon="-2.569746"><ele>834.402565</ele></trkpt>
      <trkpt lat="43.213758" lon="-2.569764"><ele>834.641416</ele></trkpt>
      <trkpt lat="43.213745" lon="-2.56978"><ele>834.894288</ele></trkpt>
      <trkpt lat="43.213734" lon="-2.569804"><ele>835.193483</ele></trkpt>
      <trkpt lat="43.213729" lon="-2.569829"><ele>835.467064</ele></trkpt>
      <trkpt lat="43.213729" lon="-2.569849"><ele>835.678125</ele></trkpt>
      <trkpt lat="43.213729" lon="-2.569867"><ele>835.86808</ele></trkpt>
      <trkpt lat="43.213719" lon="-2.569883"><ele>836.090515</ele></trkpt>
      <trkpt lat="43.213708" lon="-2.5699"><ele>836.330421</ele></trkpt>
      <trkpt lat="43.213697" lon="-2.569909"><ele>836.515869</ele></trkpt>
      <trkpt lat="43.213683" lon="-2.569927"><ele>836.793679</ele></trkpt>
      <trkpt lat="43.213674" lon="-2.569943"><ele>837.00697</ele></trkpt>
      <trkpt lat="43.213661" lon="-2.569962"><ele>837.281994</ele></trkpt>
      <trkpt lat="43.213648" lon="-2.569984"><ele>837.580885</ele></trkpt>
      <trkpt lat="43.213639" lon="-2.570001"><ele>837.802625</ele></trkpt>
      <trkpt lat="43.213627" lon="-2.570018"><ele>838.05238</ele></trkpt>
      <trkpt lat="43.213613" lon="-2.570034"><ele>838.316208</ele></trkpt>
      <trkpt lat="43.213599" lon="-2.570052"><ele>838.594018</ele></trkpt>
      <trkpt lat="43.213582" lon="-2.570061"><ele>838.857866</ele></trkpt>
      <trkpt lat="43.213564" lon="-2.570073"><ele>839.147641</ele></trkpt>
      <trkpt lat="43.213552" lon="-2.570092"><ele>839.412964</ele></trkpt>
      <trkpt lat="43.213541" lon="-2.570109"><ele>839.652871</ele></trkpt>
      <trkpt lat="43.213526" lon="-2.570127"><ele>839.941417</ele></trkpt>
      <trkpt lat="43.21351" lon="-2.570136"><ele>840.19181</ele></trkpt>
      <trkpt lat="43.213491" lon="-2.570147"><ele>840.490417</ele></trkpt>
      <trkpt lat="43.213473" lon="-2.57016"><ele>840.784958</ele></trkpt>
      <trkpt lat="43.213459" lon="-2.570171"><ele>841.018562</ele></trkpt>
      <trkpt lat="43.213442" lon="-2.570182"><ele>841.29072</ele></trkpt>
      <trkpt lat="43.213425" lon="-2.570193"><ele>841.562878</ele></trkpt>
      <trkpt lat="43.213403" lon="-2.570209"><ele>841.92342</ele></trkpt>
      <trkpt lat="43.213391" lon="-2.570229"><ele>842.196806</ele></trkpt>
      <trkpt lat="43.213375" lon="-2.57025"><ele>842.517413</ele></trkpt>
      <trkpt lat="43.213363" lon="-2.570267"><ele>842.767169</ele></trkpt>
      <trkpt lat="43.213357" lon="-2.570287"><ele>842.995413</ele></trkpt>
      <trkpt lat="43.21335" lon="-2.570312"><ele>843.278043</ele></trkpt>
      <trkpt lat="43.213347" lon="-2.570337"><ele>843.545423</ele></trkpt>
      <trkpt lat="43.213347" lon="-2.570356"><ele>843.745933</ele></trkpt>
      <trkpt lat="43.213345" lon="-2.570382"><ele>844.021839</ele></trkpt>
      <trkpt lat="43.213345" lon="-2.570404"><ele>844.254008</ele></trkpt>
      <trkpt lat="43.213342" lon="-2.57043"><ele>844.531807</ele></trkpt>
      <trkpt lat="43.213338" lon="-2.57044"><ele>844.652188</ele></trkpt>
      <trkpt lat="43.213332" lon="-2.570446"><ele>844.759693</ele></trkpt>
      <trkpt lat="43.21333" lon="-2.570442"><ele>844.810885</ele></trkpt>
      <trkpt lat="43.213329" lon="-2.570445"><ele>844.845698</ele></trkpt>
      <trkpt lat="43.213328" lon="-2.570445"><ele>844.860178</ele></trkpt>
      <trkpt lat="43.213328" lon="-2.570445"><ele>844.860178</ele></trkpt>
      <trkpt lat="43.213328" lon="-2.570468"><ele>845.1029</ele></trkpt>
      <trkpt lat="43.213329" lon="-2.570483"><ele>845.261858</ele></trkpt>
      <trkpt lat="43.21333" lon="-2.570499"><ele>845.431328</ele></trkpt>
      <trkpt lat="43.213329" lon="-2.570512"><ele>845.569281</ele></trkpt>
      <trkpt lat="43.213324" lon="-2.57052"><ele>845.680499</ele></trkpt>
      <trkpt lat="43.213319" lon="-2.57053"><ele>845.808478</ele></trkpt>
      <trkpt lat="43.213315" lon="-2.570534"><ele>845.880148</ele></trkpt>
      <trkpt lat="43.213312" lon="-2.57054"><ele>845.956935</ele></trkpt>
      <trkpt lat="43.213308" lon="-2.570543"><ele>846.022943</ele></trkpt>
      <trkpt lat="43.213306" lon="-2.570546"><ele>846.06585</ele></trkpt>
      <trkpt lat="43.213306" lon="-2.570544"><ele>846.086956</ele></trkpt>
      <trkpt lat="43.213301" lon="-2.57054"><ele>846.170764</ele></trkpt>
      <trkpt lat="43.213293" lon="-2.57054"><ele>846.286603</ele></trkpt>
      <trkpt lat="43.213289" lon="-2.57054"><ele>846.344523</ele></trkpt>
      <trkpt lat="43.21328" lon="-2.570539"><ele>846.47527</ele></trkpt>
      <trkpt lat="43.213268" lon="-2.570543"><ele>846.654083</ele></trkpt>
      <trkpt lat="43.213258" lon="-2.570549"><ele>846.812122</ele></trkpt>
      <trkpt lat="43.21325" lon="-2.570556"><ele>846.949512</ele></trkpt>
      <trkpt lat="43.213238" lon="-2.57056"><ele>847.128326</ele></trkpt>
      <trkpt lat="43.213231" lon="-2.570568"><ele>847.26024</ele></trkpt>
      <trkpt lat="43.21323" lon="-2.570572"><ele>847.304867</ele></trkpt>
      <trkpt lat="43.21323" lon="-2.570572"><ele>847.304867</ele></trkpt>
      <trkpt lat="43.21323" lon="-2.570572"><ele>847.304867</ele></trkpt>
      <trkpt lat="43.21323" lon="-2.570572"><ele>847.304867</ele></trkpt>
      <trkpt lat="43.21323" lon="-2.57058"><ele>847.389292</ele></trkpt>
      <trkpt lat="43.213228" lon="-2.570591"><ele>847.508935</ele></trkpt>
      <trkpt lat="43.213222" lon="-2.570608"><ele>847.708268</ele></trkpt>
      <trkpt lat="43.21321" lon="-2.570628"><ele>847.981655</ele></trkpt>
      <trkpt lat="43.213201" lon="-2.570646"><ele>848.212017</ele></trkpt>
      <trkpt lat="43.213189" lon="-2.570661"><ele>848.447071</ele></trkpt>
      <trkpt lat="43.213175" lon="-2.57068"><ele>848.732202</ele></trkpt>
      <trkpt lat="43.213161" lon="-2.570697"><ele>849.002907</ele></trkpt>
      <trkpt lat="43.213149" lon="-2.570719"><ele>849.292899</ele></trkpt>
      <trkpt lat="43.213137" lon="-2.570744"><ele>849.608807</ele></trkpt>
      <trkpt lat="43.213129" lon="-2.570768"><ele>849.887317</ele></trkpt>
      <trkpt lat="43.213122" lon="-2.570793"><ele>850.169947</ele></trkpt>
      <trkpt lat="43.213116" lon="-2.570823"><ele>850.498247</ele></trkpt>
      <trkpt lat="43.213108" lon="-2.57085"><ele>850.80583</ele></trkpt>
      <trkpt lat="43.2131" lon="-2.570875"><ele>851.09397</ele></trkpt>
      <trkpt lat="43.213093" lon="-2.570898"><ele>851.357007</ele></trkpt>
      <trkpt lat="43.213085" lon="-2.570921"><ele>851.625956</ele></trkpt>
      <trkpt lat="43.213076" lon="-2.570945"><ele>851.910793</ele></trkpt>
      <trkpt lat="43.21307" lon="-2.57097"><ele>852.188559</ele></trkpt>
      <trkpt lat="43.213067" lon="-2.570994"><ele>852.445534</ele></trkpt>
      <trkpt lat="43.213063" lon="-2.571018"><ele>852.705349</ele></trkpt>
      <trkpt lat="43.213058" lon="-2.571045"><ele>852.999339</ele></trkpt>
      <trkpt lat="43.213054" lon="-2.571076"><ele>853.331576</ele></trkpt>
      <trkpt lat="43.213038" lon="-2.571083"><ele>853.574747</ele></trkpt>
      <trkpt lat="43.21302" lon="-2.571085"><ele>853.83624</ele></trkpt>
      <trkpt lat="43.213002" lon="-2.571086"><ele>854.097093</ele></trkpt>
      <trkpt lat="43.212991" lon="-2.571097"><ele>854.294187</ele></trkpt>
      <trkpt lat="43.212974" lon="-2.571112"><ele>854.586852</ele></trkpt>
      <trkpt lat="43.212957" lon="-2.571124"><ele>854.863676</ele></trkpt>
      <trkpt lat="43.212938" lon="-2.571129"><ele>855.14381</ele></trkpt>
      <trkpt lat="43.212921" lon="-2.571127"><ele>855.390873</ele></trkpt>
      <trkpt lat="43.212902" lon="-2.571138"><ele>855.659346</ele></trkpt>
      <trkpt lat="43.212885" lon="-2.571151"><ele>855.706033</ele></trkpt>
      <trkpt lat="43.212865" lon="-2.571156"><ele>855.754801</ele></trkpt>
      <trkpt lat="43.212844" lon="-2.571158"><ele>855.8053</ele></trkpt>
      <trkpt lat="43.212824" lon="-2.57115"><ele>855.855275</ele></trkpt>
      <trkpt lat="43.212806" lon="-2.571148"><ele>855.898596</ele></trkpt>
      <trkpt lat="43.212787" lon="-2.571147"><ele>855.944209</ele></trkpt>
      <trkpt lat="43.212766" lon="-2.571154"><ele>855.996051</ele></trkpt>
      <trkpt lat="43.212743" lon="-2.57116"><ele>856.052214</ele></trkpt>
      <trkpt lat="43.212728" lon="-2.571166"><ele>856.089696</ele></trkpt>
      <trkpt lat="43.212716" lon="-2.571172"><ele>856.120334</ele></trkpt>
      <trkpt lat="43.2127" lon="-2.571178"><ele>856.160124</ele></trkpt>
      <trkpt lat="43.212687" lon="-2.571184"><ele>856.193027</ele></trkpt>
      <trkpt lat="43.212672" lon="-2.571196"><ele>856.23468</ele></trkpt>
      <trkpt lat="43.212658" lon="-2.571207"><ele>856.273382</ele></trkpt>
      <trkpt lat="43.212643" lon="-2.571217"><ele>856.313388</ele></trkpt>
      <trkpt lat="43.212627" lon="-2.571221"><ele>856.352402</ele></trkpt>
      <trkpt lat="43.212612" lon="-2.571224"><ele>856.388766</ele></trkpt>
      <trkpt lat="43.212592" lon="-2.571233"><ele>856.439258</ele></trkpt>
      <trkpt lat="43.212574" lon="-2.571244"><ele>856.486528</ele></trkpt>
      <trkpt lat="43.212553" lon="-2.571255"><ele>856.540451</ele></trkpt>
      <trkpt lat="43.21253" lon="-2.571262"><ele>856.596967</ele></trkpt>
      <trkpt lat="43.2125" lon="-2.571272"><ele>856.671027</ele></trkpt>
      <trkpt lat="43.212475" lon="-2.571282"><ele>856.733496</ele></trkpt>
      <trkpt lat="43.212446" lon="-2.571294"><ele>856.806159</ele></trkpt>
      <trkpt lat="43.212416" lon="-2.571304"><ele>856.88022</ele></trkpt>
      <trkpt lat="43.21238" lon="-2.571323"><ele>856.972749</ele></trkpt>
      <trkpt lat="43.212343" lon="-2.571345"><ele>857.069484</ele></trkpt>
      <trkpt lat="43.212299" lon="-2.571369"><ele>857.18307</ele></trkpt>
      <trkpt lat="43.212251" lon="-2.571397"><ele>857.308192</ele></trkpt>
      <trkpt lat="43.212198" lon="-2.571438"><ele>857.454149</ele></trkpt>
      <trkpt lat="43.212147" lon="-2.571494"><ele>857.610847</ele></trkpt>
      <trkpt lat="43.212095" lon="-2.571547"><ele>857.766241</ele></trkpt>
      <trkpt lat="43.212039" lon="-2.571587"><ele>857.917694</ele></trkpt>
      <trkpt lat="43.211974" lon="-2.571615"><ele>858.081126</ele></trkpt>
      <trkpt lat="43.211906" lon="-2.571652"><ele>858.25661</ele></trkpt>
      <trkpt lat="43.211849" lon="-2.571686"><ele>858.40571</ele></trkpt>
      <trkpt lat="43.211806" lon="-2.571733"><ele>858.537593</ele></trkpt>
      <trkpt lat="43.211781" lon="-2.571784"><ele>858.645053</ele></trkpt>
      <trkpt lat="43.21177" lon="-2.571823"><ele>858.718168</ele></trkpt>
      <trkpt lat="43.21176" lon="-2.571863"><ele>858.792103</ele></trkpt>
      <trkpt lat="43.211745" lon="-2.571905"><ele>858.873878</ele></trkpt>
      <trkpt lat="43.211734" lon="-2.571938"><ele>858.937323</ele></trkpt>
      <trkpt lat="43.211717" lon="-2.571968"><ele>859.003763</ele></trkpt>
      <trkpt lat="43.211704" lon="-2.571984"><ele>859.045657</ele></trkpt>
      <trkpt lat="43.211694" lon="-2.572007"><ele>859.092482</ele></trkpt>
      <trkpt lat="43.211687" lon="-2.572023"><ele>859.125109</ele></trkpt>
      <trkpt lat="43.211674" lon="-2.57204"><ele>859.16819</ele></trkpt>
      <trkpt lat="43.211659" lon="-2.572058"><ele>859.215994</ele></trkpt>
      <trkpt lat="43.211642" lon="-2.572073"><ele>859.26448</ele></trkpt>
      <trkpt lat="43.211623" lon="-2.572095"><ele>859.324121</ele></trkpt>
      <trkpt lat="43.211606" lon="-2.572112"><ele>859.374584</ele></trkpt>
      <trkpt lat="43.21159" lon="-2.572129"><ele>859.42313</ele></trkpt>
      <trkpt lat="43.211574" lon="-2.572146"><ele>859.471675</ele></trkpt>
      <trkpt lat="43.211559" lon="-2.572163"><ele>859.518347</ele></trkpt>
      <trkpt lat="43.211543" lon="-2.57218"><ele>859.566892</ele></trkpt>
      <trkpt lat="43.211527" lon="-2.572196"><ele>859.614387</ele></trkpt>
      <trkpt lat="43.211509" lon="-2.572211"><ele>859.664907</ele></trkpt>
      <trkpt lat="43.211495" lon="-2.572225"><ele>859.706466</ele></trkpt>
      <trkpt lat="43.211482" lon="-2.572244"><ele>859.75203</ele></trkpt>
      <trkpt lat="43.211467" lon="-2.572259"><ele>859.796556</ele></trkpt>
      <trkpt lat="43.21145" lon="-2.572271"><ele>859.842418</ele></trkpt>
      <trkpt lat="43.211432" lon="-2.572286"><ele>859.892939</ele></trkpt>
      <trkpt lat="43.211417" lon="-2.5723"><ele>859.936458</ele></trkpt>
      <trkpt lat="43.211401" lon="-2.572317"><ele>859.983744</ele></trkpt>
      <trkpt lat="43.211382" lon="-2.572335"><ele>860.034996</ele></trkpt>
      <trkpt lat="43.211367" lon="-2.572355"><ele>860.081425</ele></trkpt>
      <trkpt lat="43.211351" lon="-2.572372"><ele>860.126345</ele></trkpt>
      <trkpt lat="43.211335" lon="-2.572391"><ele>860.173316</ele></trkpt>
      <trkpt lat="43.211319" lon="-2.572403"><ele>860.213792</ele></trkpt>
      <trkpt lat="43.2113" lon="-2.572411"><ele>860.257909</ele></trkpt>
      <trkpt lat="43.211285" lon="-2.572423"><ele>860.296452</ele></trkpt>
      <trkpt lat="43.211267" lon="-2.572441"><ele>860.345894</ele></trkpt>
      <trkpt lat="43.211258" lon="-2.572468"><ele>860.393928</ele></trkpt>
      <trkpt lat="43.211242" lon="-2.572491"><ele>860.445367</ele></trkpt>
      <trkpt lat="43.211229" lon="-2.572512"><ele>860.489943</ele></trkpt>
      <trkpt lat="43.211215" lon="-2.572533"><ele>860.535987</ele></trkpt>
      <trkpt lat="43.211204" lon="-2.572548"><ele>860.570413</ele></trkpt>
      <trkpt lat="43.21119" lon="-2.572563"><ele>860.609842</ele></trkpt>
      <trkpt lat="43.211177" lon="-2.572578"><ele>860.647547</ele></trkpt>
      <trkpt lat="43.211163" lon="-2.572588"><ele>860.682583</ele></trkpt>
      <trkpt lat="43.211147" lon="-2.572605"><ele>860.727503</ele></trkpt>
      <trkpt lat="43.21113" lon="-2.572621"><ele>860.773264</ele></trkpt>
      <trkpt lat="43.211115" lon="-2.572636"><ele>860.814466</ele></trkpt>
      <trkpt lat="43.211103" lon="-2.572659"><ele>860.860228</ele></trkpt>
      <trkpt lat="43.211091" lon="-2.572677"><ele>860.899694</ele></trkpt>
      <trkpt lat="43.211078" lon="-2.572699"><ele>860.945515</ele></trkpt>
      <trkpt lat="43.211068" lon="-2.572721"><ele>860.987463</ele></trkpt>
      <trkpt lat="43.211063" lon="-2.572745"><ele>861.027846</ele></trkpt>
      <trkpt lat="43.211055" lon="-2.572776"><ele>861.08105</ele></trkpt>
      <trkpt lat="43.211049" lon="-2.572808"><ele>861.134507</ele></trkpt>
      <trkpt lat="43.211043" lon="-2.572846"><ele>861.197412</ele></trkpt>
      <trkpt lat="43.211039" lon="-2.57289"><ele>861.269149</ele></trkpt>
      <trkpt lat="43.211034" lon="-2.572944"><ele>861.357215</ele></trkpt>
      <trkpt lat="43.211033" lon="-2.572998"><ele>861.444607</ele></trkpt>
      <trkpt lat="43.211033" lon="-2.573064"><ele>861.551385</ele></trkpt>
      <trkpt lat="43.211028" lon="-2.573126"><ele>861.652304</ele></trkpt>
      <trkpt lat="43.211026" lon="-2.573192"><ele>861.759174</ele></trkpt>
      <trkpt lat="43.211022" lon="-2.573256"><ele>861.863096</ele></trkpt>
      <trkpt lat="43.21102" lon="-2.573314"><ele>861.957037</ele></trkpt>
      <trkpt lat="43.211019" lon="-2.57337"><ele>862.047663</ele></trkpt>
      <trkpt lat="43.211021" lon="-2.573433"><ele>862.149684</ele></trkpt>
      <trkpt lat="43.211024" lon="-2.573493"><ele>862.246984</ele></trkpt>
      <trkpt lat="43.211023" lon="-2.573549"><ele>862.33761</ele></trkpt>
      <trkpt lat="43.211021" lon="-2.573605"><ele>862.428319</ele></trkpt>
      <trkpt lat="43.211019" lon="-2.573662"><ele>862.520643</ele></trkpt>
      <trkpt lat="43.211018" lon="-2.573721"><ele>862.616122</ele></trkpt>
      <trkpt lat="43.211016" lon="-2.573778"><ele>862.708446</ele></trkpt>
      <trkpt lat="43.211014" lon="-2.573839"><ele>862.807235</ele></trkpt>
      <trkpt lat="43.211014" lon="-2.573902"><ele>862.909159</ele></trkpt>
      <trkpt lat="43.211017" lon="-2.573966"><ele>863.012915</ele></trkpt>
      <trkpt lat="43.211019" lon="-2.574025"><ele>863.108472</ele></trkpt>
      <trkpt lat="43.211019" lon="-2.574091"><ele>863.21525</ele></trkpt>
      <trkpt lat="43.211022" lon="-2.57416"><ele>863.32708</ele></trkpt>
      <trkpt lat="43.211031" lon="-2.57423"><ele>863.442078</ele></trkpt>
      <trkpt lat="43.211044" lon="-2.574297"><ele>863.554249</ele></trkpt>
      <trkpt lat="43.211058" lon="-2.574373"><ele>863.681072</ele></trkpt>
      <trkpt lat="43.211078" lon="-2.57445"><ele>863.813321</ele></trkpt>
      <trkpt lat="43.211105" lon="-2.574524"><ele>863.947205</ele></trkpt>
      <trkpt lat="43.211134" lon="-2.574591"><ele>863.754811</ele></trkpt>
      <trkpt lat="43.211168" lon="-2.574661"><ele>863.505901</ele></trkpt>
      <trkpt lat="43.211207" lon="-2.574738"><ele>863.228447</ele></trkpt>
      <trkpt lat="43.211245" lon="-2.574808"><ele>862.970178</ele></trkpt>
      <trkpt lat="43.211286" lon="-2.574881"><ele>862.697479</ele></trkpt>
      <trkpt lat="43.211328" lon="-2.574953"><ele>862.424599</ele></trkpt>
      <trkpt lat="43.211371" lon="-2.575023"><ele>862.153715</ele></trkpt>
      <trkpt lat="43.211416" lon="-2.575094"><ele>861.875303</ele></trkpt>
      <trkpt lat="43.211466" lon="-2.575166"><ele>861.581034</ele></trkpt>
      <trkpt lat="43.211508" lon="-2.57524"><ele>861.30351</ele></trkpt>
      <trkpt lat="43.21154" lon="-2.575329"><ele>861.009861</ele></trkpt>
      <trkpt lat="43.211562" lon="-2.575425"><ele>860.71209</ele></trkpt>
      <trkpt lat="43.211581" lon="-2.575527"><ele>860.400576</ele></trkpt>
      <trkpt lat="43.211596" lon="-2.575638"><ele>860.066535</ele></trkpt>
      <trkpt lat="43.211636" lon="-2.575746"><ele>859.708073</ele></trkpt>
      <trkpt lat="43.211676" lon="-2.575847"><ele>859.367947</ele></trkpt>
      <trkpt lat="43.21172" lon="-2.575949"><ele>859.017233</ele></trkpt>
      <trkpt lat="43.211771" lon="-2.576049"><ele>858.656089</ele></trkpt>
      <trkpt lat="43.211821" lon="-2.576147"><ele>858.302123</ele></trkpt>
      <trkpt lat="43.211873" lon="-2.576242"><ele>857.950576</ele></trkpt>
      <trkpt lat="43.211931" lon="-2.57634"><ele>857.577035</ele></trkpt>
      <trkpt lat="43.21199" lon="-2.576432"><ele>857.214433</ele></trkpt>
      <trkpt lat="43.21205" lon="-2.576511"><ele>856.876826</ele></trkpt>
      <trkpt lat="43.212109" lon="-2.576577"><ele>856.656367</ele></trkpt>
      <trkpt lat="43.212167" lon="-2.576628"><ele>856.649919</ele></trkpt>
      <trkpt lat="43.212215" lon="-2.576676"><ele>856.644359</ele></trkpt>
      <trkpt lat="43.212258" lon="-2.576728"><ele>856.638994</ele></trkpt>
      <trkpt lat="43.212297" lon="-2.576776"><ele>856.63409</ele></trkpt>
      <trkpt lat="43.212331" lon="-2.57683"><ele>856.629221</ele></trkpt>
      <trkpt lat="43.212367" lon="-2.576885"><ele>856.624178</ele></trkpt>
      <trkpt lat="43.212399" lon="-2.576938"><ele>856.619483</ele></trkpt>
      <trkpt lat="43.212435" lon="-2.576988"><ele>856.614688</ele></trkpt>
      <trkpt lat="43.212468" lon="-2.577039"><ele>856.610035</ele></trkpt>
      <trkpt lat="43.212502" lon="-2.577094"><ele>856.605115</ele></trkpt>
      <trkpt lat="43.212537" lon="-2.577151"><ele>856.600031</ele></trkpt>
      <trkpt lat="43.212572" lon="-2.577206"><ele>856.59505</ele></trkpt>
      <trkpt lat="43.212608" lon="-2.577255"><ele>856.590303</ele></trkpt>
      <trkpt lat="43.212645" lon="-2.57731"><ele>856.585197</ele></trkpt>
      <trkpt lat="43.212681" lon="-2.577359"><ele>856.58045</ele></trkpt>
      <trkpt lat="43.212717" lon="-2.577408"><ele>856.575704</ele></trkpt>
      <trkpt lat="43.212746" lon="-2.57745"><ele>856.571757</ele></trkpt>
      <trkpt lat="43.21278" lon="-2.577498"><ele>856.56719</ele></trkpt>
      <trkpt lat="43.212815" lon="-2.577546"><ele>856.562558</ele></trkpt>
      <trkpt lat="43.212849" lon="-2.577598"><ele>856.557792</ele></trkpt>
      <trkpt lat="43.212886" lon="-2.577645"><ele>856.553073</ele></trkpt>
      <trkpt lat="43.212927" lon="-2.577696"><ele>856.547893</ele></trkpt>
      <trkpt lat="43.212962" lon="-2.577746"><ele>856.543163</ele></trkpt>
      <trkpt lat="43.212996" lon="-2.577805"><ele>856.538032</ele></trkpt>
      <trkpt lat="43.213031" lon="-2.577863"><ele>856.532895</ele></trkpt>
      <trkpt lat="43.213068" lon="-2.577919"><ele>856.527738</ele></trkpt>
      <trkpt lat="43.2131" lon="-2.577967"><ele>856.5233</ele></trkpt>
      <trkpt lat="43.213136" lon="-2.578013"><ele>856.518696</ele></trkpt>
      <trkpt lat="43.213178" lon="-2.578052"><ele>856.513949</ele></trkpt>
      <trkpt lat="43.213226" lon="-2.578087"><ele>856.508861</ele></trkpt>
      <trkpt lat="43.213275" lon="-2.578124"><ele>856.503625</ele></trkpt>
      <trkpt lat="43.213329" lon="-2.57816"><ele>856.498006</ele></trkpt>
      <trkpt lat="43.213388" lon="-2.578189"><ele>856.492139</ele></trkpt>
      <trkpt lat="43.213449" lon="-2.578215"><ele>856.468285</ele></trkpt>
      <trkpt lat="43.213512" lon="-2.578243"><ele>856.433936</ele></trkpt>
      <trkpt lat="43.213573" lon="-2.578261"><ele>856.401573</ele></trkpt>
      <trkpt lat="43.213637" lon="-2.578272"><ele>856.368117</ele></trkpt>
      <trkpt lat="43.213702" lon="-2.578277"><ele>856.33435</ele></trkpt>
      <trkpt lat="43.213768" lon="-2.578275"><ele>856.300108</ele></trkpt>
      <trkpt lat="43.213833" lon="-2.578273"><ele>856.266385</ele></trkpt>
      <trkpt lat="43.213896" lon="-2.578275"><ele>856.233699</ele></trkpt>
      <trkpt lat="43.213964" lon="-2.578274"><ele>856.198426</ele></trkpt>
      <trkpt lat="43.214038" lon="-2.578272"><ele>856.160036</ele></trkpt>
      <trkpt lat="43.214111" lon="-2.578277"><ele>856.122125</ele></trkpt>
      <trkpt lat="43.214184" lon="-2.578303"><ele>856.083006</ele></trkpt>
      <trkpt lat="43.214252" lon="-2.578371"><ele>856.039362</ele></trkpt>
      <trkpt lat="43.214311" lon="-2.578438"><ele>855.999638</ele></trkpt>
      <trkpt lat="43.21438" lon="-2.578479"><ele>855.960637</ele></trkpt>
      <trkpt lat="43.214446" lon="-2.578495"><ele>855.925873</ele></trkpt>
      <trkpt lat="43.214497" lon="-2.578496"><ele>855.899418</ele></trkpt>
      <trkpt lat="43.214536" lon="-2.57848"><ele>855.878304</ele></trkpt>
      <trkpt lat="43.214568" lon="-2.578466"><ele>855.860883</ele></trkpt>
      <trkpt lat="43.214596" lon="-2.578463"><ele>855.846315</ele></trkpt>
      <trkpt lat="43.214621" lon="-2.578464"><ele>855.833343</ele></trkpt>
      <trkpt lat="43.214645" lon="-2.578463"><ele>855.820888</ele></trkpt>
      <trkpt lat="43.214667" lon="-2.578461"><ele>855.809452</ele></trkpt>
      <trkpt lat="43.21469" lon="-2.578454"><ele>855.797232</ele></trkpt>
      <trkpt lat="43.214718" lon="-2.578444"><ele>855.782225</ele></trkpt>
      <trkpt lat="43.214744" lon="-2.578433"><ele>855.768113</ele></trkpt>
      <trkpt lat="43.21477" lon="-2.578431"><ele>855.754606</ele></trkpt>
      <trkpt lat="43.214794" lon="-2.578427"><ele>855.742066</ele></trkpt>
      <trkpt lat="43.214815" lon="-2.578424"><ele>855.731115</ele></trkpt>
      <trkpt lat="43.21484" lon="-2.578425"><ele>855.718142</ele></trkpt>
      <trkpt lat="43.214864" lon="-2.578426"><ele>855.705688</ele></trkpt>
      <trkpt lat="43.21489" lon="-2.578431"><ele>855.69207</ele></trkpt>
      <trkpt lat="43.214921" lon="-2.578438"><ele>855.675775</ele></trkpt>
      <trkpt lat="43.214947" lon="-2.578447"><ele>855.661866</ele></trkpt>
      <trkpt lat="43.214969" lon="-2.578458"><ele>855.649721</ele></trkpt>
      <trkpt lat="43.214984" lon="-2.578477"><ele>855.639132</ele></trkpt>
      <trkpt lat="43.214997" lon="-2.578504"><ele>855.6269</ele></trkpt>
      <trkpt lat="43.215011" lon="-2.578532"><ele>855.614064</ele></trkpt>
      <trkpt lat="43.215022" lon="-2.578556"><ele>855.603347</ele></trkpt>
      <trkpt lat="43.215034" lon="-2.578586"><ele>855.59041</ele></trkpt>
      <trkpt lat="43.215047" lon="-2.578616"><ele>855.577217</ele></trkpt>
      <trkpt lat="43.215053" lon="-2.578644"><ele>855.566184</ele></trkpt>
      <trkpt lat="43.215055" lon="-2.578675"><ele>855.582022</ele></trkpt>
      <trkpt lat="43.215057" lon="-2.578705"><ele>855.685197</ele></trkpt>
      <trkpt lat="43.215064" lon="-2.578735"><ele>855.79308</ele></trkpt>
      <trkpt lat="43.215077" lon="-2.578761"><ele>855.901068</ele></trkpt>
      <trkpt lat="43.215091" lon="-2.578786"><ele>856.009048</ele></trkpt>
      <trkpt lat="43.215104" lon="-2.578816"><ele>856.128584</ele></trkpt>
      <trkpt lat="43.215114" lon="-2.57885"><ele>856.254154</ele></trkpt>
      <trkpt lat="43.215124" lon="-2.57888"><ele>856.367137</ele></trkpt>
      <trkpt lat="43.215136" lon="-2.578913"><ele>856.493444</ele></trkpt>
      <trkpt lat="43.215149" lon="-2.578942"><ele>856.61005</ele></trkpt>
      <trkpt lat="43.215169" lon="-2.578967"><ele>856.73719</ele></trkpt>
      <trkpt lat="43.215184" lon="-2.578993"><ele>856.85076</ele></trkpt>
      <trkpt lat="43.215199" lon="-2.57902"><ele>856.967035</ele></trkpt>
      <trkpt lat="43.215212" lon="-2.579051"><ele>857.089527</ele></trkpt>
      <trkpt lat="43.215228" lon="-2.579078"><ele>857.20871</ele></trkpt>
      <trkpt lat="43.215242" lon="-2.579109"><ele>857.333612</ele></trkpt>
      <trkpt lat="43.215258" lon="-2.579145"><ele>857.478025</ele></trkpt>
      <trkpt lat="43.215278" lon="-2.579177"><ele>857.622402</ele></trkpt>
      <trkpt lat="43.215295" lon="-2.579201"><ele>857.737026</ele></trkpt>
      <trkpt lat="43.215296" lon="-2.579237"><ele>857.86041</ele></trkpt>
      <trkpt lat="43.215307" lon="-2.579264"><ele>857.966348</ele></trkpt>
      <trkpt lat="43.215321" lon="-2.579285"><ele>858.063823</ele></trkpt>
      <trkpt lat="43.215342" lon="-2.57931"><ele>858.194475</ele></trkpt>
      <trkpt lat="43.215362" lon="-2.579331"><ele>858.312824</ele></trkpt>
      <trkpt lat="43.215385" lon="-2.579353"><ele>858.44458</ele></trkpt>
      <trkpt lat="43.215403" lon="-2.579377"><ele>858.562527</ele></trkpt>
      <trkpt lat="43.215419" lon="-2.579406"><ele>858.687098</ele></trkpt>
      <trkpt lat="43.215434" lon="-2.57943"><ele>858.795381</ele></trkpt>
      <trkpt lat="43.215451" lon="-2.579458"><ele>858.920194</ele></trkpt>
      <trkpt lat="43.215474" lon="-2.579488"><ele>859.069322</ele></trkpt>
      <trkpt lat="43.215494" lon="-2.579513"><ele>859.196462</ele></trkpt>
      <trkpt lat="43.215514" lon="-2.579541"><ele>859.330736</ele></trkpt>
      <trkpt lat="43.215532" lon="-2.579569"><ele>859.458608</ele></trkpt>
      <trkpt lat="43.215554" lon="-2.579592"><ele>859.588583</ele></trkpt>
      <trkpt lat="43.215578" lon="-2.579615"><ele>859.726153</ele></trkpt>
      <trkpt lat="43.215598" lon="-2.579639"><ele>859.851012</ele></trkpt>
      <trkpt lat="43.215619" lon="-2.579664"><ele>859.981664</ele></trkpt>
      <trkpt lat="43.215635" lon="-2.579689"><ele>860.095614</ele></trkpt>
      <trkpt lat="43.215658" lon="-2.57972"><ele>860.247121</ele></trkpt>
      <trkpt lat="43.215684" lon="-2.579749"><ele>860.40458</ele></trkpt>
      <trkpt lat="43.215706" lon="-2.579772"><ele>860.534556</ele></trkpt>
      <trkpt lat="43.215731" lon="-2.579798"><ele>860.681972</ele></trkpt>
      <trkpt lat="43.215759" lon="-2.579827"><ele>860.846831</ele></trkpt>
      <trkpt lat="43.215785" lon="-2.579851"><ele>860.994089</ele></trkpt>
      <trkpt lat="43.215816" lon="-2.579873"><ele>861.158101</ele></trkpt>
      <trkpt lat="43.215839" lon="-2.579895"><ele>861.289857</ele></trkpt>
      <trkpt lat="43.215861" lon="-2.57992"><ele>861.424094</ele></trkpt>
      <trkpt lat="43.215889" lon="-2.579944"><ele>861.579239</ele></trkpt>
      <trkpt lat="43.215918" lon="-2.579968"><ele>861.73839</ele></trkpt>
      <trkpt lat="43.215948" lon="-2.579992"><ele>861.901583</ele></trkpt>
      <trkpt lat="43.215977" lon="-2.580016"><ele>862.060733</ele></trkpt>
      <trkpt lat="43.216006" lon="-2.580039"><ele>862.218142</ele></trkpt>
      <trkpt lat="43.216035" lon="-2.58006"><ele>862.372238</ele></trkpt>
      <trkpt lat="43.216058" lon="-2.580079"><ele>862.4984</ele></trkpt>
      <trkpt lat="43.216082" lon="-2.580101"><ele>862.634037</ele></trkpt>
      <trkpt lat="43.216108" lon="-2.580124"><ele>862.779411</ele></trkpt>
      <trkpt lat="43.216136" lon="-2.580146"><ele>862.931039</ele></trkpt>
      <trkpt lat="43.216162" lon="-2.580165"><ele>863.06947</ele></trkpt>
      <trkpt lat="43.216188" lon="-2.580185"><ele>863.209543</ele></trkpt>
      <trkpt lat="43.216214" lon="-2.580204"><ele>863.347975</ele></trkpt>
      <trkpt lat="43.216242" lon="-2.580226"><ele>863.499602</ele></trkpt>
      <trkpt lat="43.216274" lon="-2.580244"><ele>863.662127</ele></trkpt>
      <trkpt lat="43.216307" lon="-2.580256"><ele>863.82256</ele></trkpt>
      <trkpt lat="43.216335" lon="-2.580263"><ele>863.956309</ele></trkpt>
      <trkpt lat="43.216365" lon="-2.580269"><ele>864.153594</ele></trkpt>
      <trkpt lat="43.216395" lon="-2.580276"><ele>864.384571</ele></trkpt>
      <trkpt lat="43.216428" lon="-2.580284"><ele>864.63893</ele></trkpt>
      <trkpt lat="43.216461" lon="-2.580295"><ele>864.896694</ele></trkpt>
      <trkpt lat="43.216489" lon="-2.58031"><ele>865.124845</ele></trkpt>
      <trkpt lat="43.216521" lon="-2.580318"><ele>865.371733</ele></trkpt>
      <trkpt lat="43.216552" lon="-2.580324"><ele>865.609361</ele></trkpt>
      <trkpt lat="43.21658" lon="-2.580328"><ele>865.823038</ele></trkpt>
      <trkpt lat="43.216613" lon="-2.58034"><ele>866.082164</ele></trkpt>
      <trkpt lat="43.216649" lon="-2.580348"><ele>866.358975</ele></trkpt>
      <trkpt lat="43.216684" lon="-2.580343"><ele>866.626071</ele></trkpt>
      <trkpt lat="43.216716" lon="-2.580341"><ele>866.869212</ele></trkpt>
      <trkpt lat="43.216744" lon="-2.580346"><ele>867.083532</ele></trkpt>
      <trkpt lat="43.216774" lon="-2.580351"><ele>867.312914</ele></trkpt>
      <trkpt lat="43.216806" lon="-2.580358"><ele>867.558871</ele></trkpt>
      <trkpt lat="43.216838" lon="-2.580369"><ele>867.809265</ele></trkpt>
      <trkpt lat="43.21687" lon="-2.580371"><ele>868.052407</ele></trkpt>
      <trkpt lat="43.216903" lon="-2.580382"><ele>868.310171</ele></trkpt>
      <trkpt lat="43.216933" lon="-2.58039"><ele>868.54214</ele></trkpt>
      <trkpt lat="43.216966" lon="-2.580404"><ele>868.804317</ele></trkpt>
      <trkpt lat="43.216999" lon="-2.580416"><ele>869.063443</ele></trkpt>
      <trkpt lat="43.217028" lon="-2.580423"><ele>869.286941</ele></trkpt>
      <trkpt lat="43.217061" lon="-2.580434"><ele>869.544706</ele></trkpt>
      <trkpt lat="43.217094" lon="-2.580442"><ele>869.799064</ele></trkpt>
      <trkpt lat="43.217126" lon="-2.580446"><ele>870.042959</ele></trkpt>
      <trkpt lat="43.217152" lon="-2.580451"><ele>870.242235</ele></trkpt>
      <trkpt lat="43.217181" lon="-2.580457"><ele>870.464842</ele></trkpt>
      <trkpt lat="43.217208" lon="-2.580464"><ele>870.673405</ele></trkpt>
      <trkpt lat="43.217235" lon="-2.580477"><ele>870.890593</ele></trkpt>
      <trkpt lat="43.217261" lon="-2.580491"><ele>871.102591</ele></trkpt>
      <trkpt lat="43.21729" lon="-2.58051"><ele>871.346513</ele></trkpt>
      <trkpt lat="43.217316" lon="-2.580519"><ele>871.550043</ele></trkpt>
      <trkpt lat="43.217344" lon="-2.580526"><ele>871.76607</ele></trkpt>
      <trkpt lat="43.217371" lon="-2.580544"><ele>871.993914</ele></trkpt>
      <trkpt lat="43.217391" lon="-2.580558"><ele>872.164332</ele></trkpt>
      <trkpt lat="43.217413" lon="-2.580571"><ele>872.346144</ele></trkpt>
      <trkpt lat="43.217438" lon="-2.580582"><ele>872.545418</ele></trkpt>
      <trkpt lat="43.217462" lon="-2.580594"><ele>872.739301</ele></trkpt>
      <trkpt lat="43.217488" lon="-2.580595"><ele>872.936726</ele></trkpt>
      <trkpt lat="43.217511" lon="-2.580591"><ele>873.112699</ele></trkpt>
      <trkpt lat="43.217536" lon="-2.58059"><ele>873.302537</ele></trkpt>
      <trkpt lat="43.217557" lon="-2.580586"><ele>873.463462</ele></trkpt>
      <trkpt lat="43.21758" lon="-2.580569"><ele>873.661754</ele></trkpt>
      <trkpt lat="43.217596" lon="-2.580543"><ele>873.849989</ele></trkpt>
      <trkpt lat="43.217602" lon="-2.580514"><ele>874.016742</ele></trkpt>
      <trkpt lat="43.217602" lon="-2.580483"><ele>874.188218</ele></trkpt>
      <trkpt lat="43.217601" lon="-2.580452"><ele>874.359862</ele></trkpt>
      <trkpt lat="43.217601" lon="-2.580432"><ele>874.470492</ele></trkpt>
      <trkpt lat="43.217599" lon="-2.580406"><ele>874.615109</ele></trkpt>
      <trkpt lat="43.217593" lon="-2.580385"><ele>874.739879</ele></trkpt>
      <trkpt lat="43.217585" lon="-2.580358"><ele>874.901101</ele></trkpt>
      <trkpt lat="43.21758" lon="-2.580336"><ele>875.028575</ele></trkpt>
      <trkpt lat="43.217572" lon="-2.580313"><ele>875.169547</ele></trkpt>
      <trkpt lat="43.217563" lon="-2.580289"><ele>875.318848</ele></trkpt>
      <trkpt lat="43.217555" lon="-2.580266"><ele>875.45982</ele></trkpt>
      <trkpt lat="43.217541" lon="-2.580247"><ele>875.609278</ele></trkpt>
      <trkpt lat="43.217529" lon="-2.580229"><ele>875.744222</ele></trkpt>
      <trkpt lat="43.21752" lon="-2.580217"><ele>875.839472</ele></trkpt>
      <trkpt lat="43.217504" lon="-2.580207"><ele>875.972921</ele></trkpt>
      <trkpt lat="43.217493" lon="-2.580191"><ele>876.094593</ele></trkpt>
      <trkpt lat="43.217494" lon="-2.580175"><ele>876.183422</ele></trkpt>
      <trkpt lat="43.217488" lon="-2.580153"><ele>876.313357</ele></trkpt>
      <trkpt lat="43.217476" lon="-2.580126"><ele>876.488291</ele></trkpt>
      <trkpt lat="43.21747" lon="-2.580107"><ele>876.602832</ele></trkpt>
      <trkpt lat="43.217463" lon="-2.580082"><ele>876.750976</ele></trkpt>
      <trkpt lat="43.217456" lon="-2.580056"><ele>876.904295</ele></trkpt>
      <trkpt lat="43.217448" lon="-2.580033"><ele>877.045268</ele></trkpt>
      <trkpt lat="43.217441" lon="-2.580009"><ele>877.188262</ele></trkpt>
      <trkpt lat="43.21743" lon="-2.579988"><ele>877.331316</ele></trkpt>
      <trkpt lat="43.217416" lon="-2.579971"><ele>877.473213</ele></trkpt>
      <trkpt lat="43.217404" lon="-2.579953"><ele>877.608157</ele></trkpt>
      <trkpt lat="43.217398" lon="-2.579935"><ele>877.708283</ele></trkpt>
      <trkpt lat="43.217391" lon="-2.57991"><ele>877.831547</ele></trkpt>
      <trkpt lat="43.217388" lon="-2.579888"><ele>877.93456</ele></trkpt>
      <trkpt lat="43.217384" lon="-2.57986"><ele>878.065883</ele></trkpt>
      <trkpt lat="43.217378" lon="-2.579834"><ele>878.191405</ele></trkpt>
      <trkpt lat="43.217371" lon="-2.579812"><ele>878.30189</ele></trkpt>
      <trkpt lat="43.217364" lon="-2.579792"><ele>878.404007</ele></trkpt>
      <trkpt lat="43.217356" lon="-2.57977"><ele>878.517168</ele></trkpt>
      <trkpt lat="43.217348" lon="-2.579745"><ele>878.642835</ele></trkpt>
      <trkpt lat="43.217338" lon="-2.579722"><ele>878.766101</ele></trkpt>
      <trkpt lat="43.217332" lon="-2.579698"><ele>878.88288</ele></trkpt>
      <trkpt lat="43.217321" lon="-2.57967"><ele>879.029283</ele></trkpt>
      <trkpt lat="43.217315" lon="-2.579652"><ele>879.120384</ele></trkpt>
      <trkpt lat="43.217304" lon="-2.579632"><ele>879.235707</ele></trkpt>
      <trkpt lat="43.217296" lon="-2.579611"><ele>879.344769</ele></trkpt>
      <trkpt lat="43.217288" lon="-2.579589"><ele>879.45793</ele></trkpt>
      <trkpt lat="43.217279" lon="-2.579568"><ele>879.570058</ele></trkpt>
      <trkpt lat="43.217274" lon="-2.579549"><ele>879.663033</ele></trkpt>
      <trkpt lat="43.21727" lon="-2.579529"><ele>879.758487</ele></trkpt>
      <trkpt lat="43.21726" lon="-2.579501"><ele>879.902001</ele></trkpt>
      <trkpt lat="43.217254" lon="-2.579481"><ele>880.001546</ele></trkpt>
      <trkpt lat="43.217249" lon="-2.579459"><ele>880.107612</ele></trkpt>
      <trkpt lat="43.21724" lon="-2.579437"><ele>880.22373</ele></trkpt>
      <trkpt lat="43.217234" lon="-2.579414"><ele>880.336166</ele></trkpt>
      <trkpt lat="43.21723" lon="-2.579395"><ele>880.42719</ele></trkpt>
      <trkpt lat="43.217224" lon="-2.57937"><ele>880.548332</ele></trkpt>
      <trkpt lat="43.217218" lon="-2.579343"><ele>880.67825</ele></trkpt>
      <trkpt lat="43.21721" lon="-2.579315"><ele>880.816671</ele></trkpt>
      <trkpt lat="43.217203" lon="-2.579289"><ele>880.944242</ele></trkpt>
      <trkpt lat="43.217197" lon="-2.57927"><ele>881.039547</ele></trkpt>
      <trkpt lat="43.217195" lon="-2.579251"><ele>881.127903</ele></trkpt>
      <trkpt lat="43.217195" lon="-2.579234"><ele>881.206146</ele></trkpt>
      <trkpt lat="43.217195" lon="-2.579209"><ele>881.321209</ele></trkpt>
      <trkpt lat="43.217192" lon="-2.579186"><ele>881.42875</ele></trkpt>
      <trkpt lat="43.21719" lon="-2.579159"><ele>881.553659</ele></trkpt>
      <trkpt lat="43.217193" lon="-2.579141"><ele>881.638643</ele></trkpt>
      <trkpt lat="43.217194" lon="-2.579116"><ele>881.75388</ele></trkpt>
      <trkpt lat="43.217192" lon="-2.579088"><ele>881.883368</ele></trkpt>
      <trkpt lat="43.217191" lon="-2.57906"><ele>882.012394</ele></trkpt>
      <trkpt lat="43.217194" lon="-2.579031"><ele>882.147206</ele></trkpt>
      <trkpt lat="43.217198" lon="-2.579008"><ele>882.256037</ele></trkpt>
      <trkpt lat="43.217198" lon="-2.57898"><ele>882.384908</ele></trkpt>
      <trkpt lat="43.217203" lon="-2.578949"><ele>882.531039</ele></trkpt>
      <trkpt lat="43.217212" lon="-2.578933"><ele>882.624064</ele></trkpt>
      <trkpt lat="43.217222" lon="-2.578913"><ele>882.735697</ele></trkpt>
      <trkpt lat="43.217234" lon="-2.578892"><ele>882.85852</ele></trkpt>
      <trkpt lat="43.217246" lon="-2.578873"><ele>882.974239</ele></trkpt>
      <trkpt lat="43.217263" lon="-2.578858"><ele>883.101884</ele></trkpt>
      <trkpt lat="43.217276" lon="-2.578848"><ele>883.196007</ele></trkpt>
      <trkpt lat="43.217296" lon="-2.57884"><ele>883.327575</ele></trkpt>
      <trkpt lat="43.217317" lon="-2.578849"><ele>883.466519</ele></trkpt>
      <trkpt lat="43.21734" lon="-2.578859"><ele>883.618894</ele></trkpt>
      <trkpt lat="43.217363" lon="-2.578872"><ele>883.775992</ele></trkpt>
      <trkpt lat="43.217381" lon="-2.578888"><ele>883.911439</ele></trkpt>
      <trkpt lat="43.217399" lon="-2.578907"><ele>884.054863</ele></trkpt>
      <trkpt lat="43.217422" lon="-2.578922"><ele>884.215692</ele></trkpt>
      <trkpt lat="43.217441" lon="-2.578934"><ele>884.347787</ele></trkpt>
      <trkpt lat="43.217453" lon="-2.578949"><ele>884.450305</ele></trkpt>
      <trkpt lat="43.217472" lon="-2.578975"><ele>884.61977</ele></trkpt>
      <trkpt lat="43.217492" lon="-2.578999"><ele>884.787568</ele></trkpt>
      <trkpt lat="43.217514" lon="-2.579022"><ele>884.962241</ele></trkpt>
      <trkpt lat="43.217534" lon="-2.579044"><ele>885.124127</ele></trkpt>
      <trkpt lat="43.217556" lon="-2.57907"><ele>885.307497</ele></trkpt>
      <trkpt lat="43.217586" lon="-2.579098"><ele>885.536637</ele></trkpt>
      <trkpt lat="43.217614" lon="-2.579118"><ele>885.735996</ele></trkpt>
      <trkpt lat="43.21764" lon="-2.579139"><ele>885.926534</ele></trkpt>
      <trkpt lat="43.217667" lon="-2.579162"><ele>886.127239</ele></trkpt>
      <trkpt lat="43.21769" lon="-2.579183"><ele>886.301714</ele></trkpt>
      <trkpt lat="43.217716" lon="-2.579198"><ele>886.479841</ele></trkpt>
      <trkpt lat="43.217743" lon="-2.579217"><ele>886.671476</ele></trkpt>
      <trkpt lat="43.217774" lon="-2.579236"><ele>886.8859</ele></trkpt>
      <trkpt lat="43.217802" lon="-2.579257"><ele>887.087425</ele></trkpt>
      <trkpt lat="43.21783" lon="-2.579279"><ele>887.291198</ele></trkpt>
      <trkpt lat="43.217857" lon="-2.579301"><ele>887.489514</ele></trkpt>
      <trkpt lat="43.217882" lon="-2.57932"><ele>887.670002</ele></trkpt>
      <trkpt lat="43.217906" lon="-2.579335"><ele>887.836557</ele></trkpt>
      <trkpt lat="43.217928" lon="-2.579352"><ele>887.996015</ele></trkpt>
      <trkpt lat="43.217951" lon="-2.579372"><ele>888.167982</ele></trkpt>
      <trkpt lat="43.217976" lon="-2.579393"><ele>888.353105</ele></trkpt>
      <trkpt lat="43.218" lon="-2.57941"><ele>888.523681</ele></trkpt>
      <trkpt lat="43.218021" lon="-2.579425"><ele>888.6732</ele></trkpt>
      <trkpt lat="43.218043" lon="-2.579437"><ele>888.822716</ele></trkpt>
      <trkpt lat="43.218063" lon="-2.579448"><ele>888.958796</ele></trkpt>
      <trkpt lat="43.218082" lon="-2.579463"><ele>889.118437</ele></trkpt>
      <trkpt lat="43.218101" lon="-2.579482"><ele>889.308382</ele></trkpt>
      <trkpt lat="43.21812" lon="-2.5795"><ele>889.49492</ele></trkpt>
      <trkpt lat="43.218138" lon="-2.579513"><ele>889.659261</ele></trkpt>
      <trkpt lat="43.218155" lon="-2.579523"><ele>889.808698</ele></trkpt>
      <trkpt lat="43.218174" lon="-2.579538"><ele>889.985798</ele></trkpt>
      <trkpt lat="43.21819" lon="-2.579554"><ele>890.145752</ele></trkpt>
      <trkpt lat="43.218206" lon="-2.579566"><ele>890.29307</ele></trkpt>
      <trkpt lat="43.218222" lon="-2.579581"><ele>890.449629</ele></trkpt>
      <trkpt lat="43.218241" lon="-2.5796"><ele>890.639574</ele></trkpt>
      <trkpt lat="43.218259" lon="-2.579614"><ele>890.806738</ele></trkpt>
      <trkpt lat="43.21828" lon="-2.579631"><ele>891.003729</ele></trkpt>
      <trkpt lat="43.218295" lon="-2.579648"><ele>891.160909</ele></trkpt>
      <trkpt lat="43.218308" lon="-2.579661"><ele>891.290872</ele></trkpt>
      <trkpt lat="43.218323" lon="-2.579679"><ele>891.451865</ele></trkpt>
      <trkpt lat="43.21834" lon="-2.579692"><ele>891.609102</ele></trkpt>
      <trkpt lat="43.218357" lon="-2.579705"><ele>891.766338</ele></trkpt>
      <trkpt lat="43.218372" lon="-2.579718"><ele>891.909676</ele></trkpt>
      <trkpt lat="43.218389" lon="-2.579737"><ele>892.086818</ele></trkpt>
      <trkpt lat="43.218406" lon="-2.579752"><ele>892.250111</ele></trkpt>
      <trkpt lat="43.21842" lon="-2.579764"><ele>892.383475</ele></trkpt>
      <trkpt lat="43.218437" lon="-2.579775"><ele>892.535328</ele></trkpt>
      <trkpt lat="43.218452" lon="-2.579788"><ele>892.678665</ele></trkpt>
      <trkpt lat="43.218467" lon="-2.579802"><ele>892.825231</ele></trkpt>
      <trkpt lat="43.218483" lon="-2.579816"><ele>892.978545</ele></trkpt>
      <trkpt lat="43.218497" lon="-2.579831"><ele>893.122051</ele></trkpt>
      <trkpt lat="43.218513" lon="-2.579845"><ele>893.275365</ele></trkpt>
      <trkpt lat="43.218534" lon="-2.579858"><ele>893.461498</ele></trkpt>
      <trkpt lat="43.218553" lon="-2.579871"><ele>893.633029</ele></trkpt>
      <trkpt lat="43.218568" lon="-2.579884"><ele>893.776367</ele></trkpt>
      <trkpt lat="43.218583" lon="-2.579899"><ele>893.926323</ele></trkpt>
      <trkpt lat="43.218603" lon="-2.579914"><ele>894.11047</ele></trkpt>
      <trkpt lat="43.21862" lon="-2.579928"><ele>894.270655</ele></trkpt>
      <trkpt lat="43.218635" lon="-2.57994"><ele>894.410937</ele></trkpt>
      <trkpt lat="43.218649" lon="-2.579954"><ele>894.550896</ele></trkpt>
      <trkpt lat="43.218666" lon="-2.579968"><ele>894.711081</ele></trkpt>
      <trkpt lat="43.218683" lon="-2.579982"><ele>894.871266</ele></trkpt>
      <trkpt lat="43.218701" lon="-2.579993"><ele>895.030464</ele></trkpt>
      <trkpt lat="43.218717" lon="-2.580005"><ele>895.177782</ele></trkpt>
      <trkpt lat="43.218734" lon="-2.580022"><ele>895.347732</ele></trkpt>
      <trkpt lat="43.218749" lon="-2.580036"><ele>895.494298</ele></trkpt>
      <trkpt lat="43.218761" lon="-2.580049"><ele>895.617822</ele></trkpt>
      <trkpt lat="43.218775" lon="-2.580062"><ele>895.754397</ele></trkpt>
      <trkpt lat="43.218789" lon="-2.580074"><ele>895.887761</ele></trkpt>
      <trkpt lat="43.218805" lon="-2.58009"><ele>896.047714</ele></trkpt>
      <trkpt lat="43.218819" lon="-2.580103"><ele>896.184289</ele></trkpt>
      <trkpt lat="43.218835" lon="-2.580117"><ele>896.337602</ele></trkpt>
      <trkpt lat="43.218851" lon="-2.580131"><ele>896.490916</ele></trkpt>
      <trkpt lat="43.218867" lon="-2.580141"><ele>896.632962</ele></trkpt>
      <trkpt lat="43.218881" lon="-2.580152"><ele>896.763303</ele></trkpt>
      <trkpt lat="43.218892" lon="-2.580166"><ele>896.884517</ele></trkpt>
      <trkpt lat="43.218906" lon="-2.580182"><ele>897.031719</ele></trkpt>
      <trkpt lat="43.218922" lon="-2.580195"><ele>897.181949</ele></trkpt>
      <trkpt lat="43.218931" lon="-2.580208"><ele>897.287523</ele></trkpt>
      <trkpt lat="43.218943" lon="-2.580229"><ele>897.444645</ele></trkpt>
      <trkpt lat="43.218956" lon="-2.580247"><ele>897.593854</ele></trkpt>
      <trkpt lat="43.218968" lon="-2.580265"><ele>897.73749</ele></trkpt>
      <trkpt lat="43.218981" lon="-2.580281"><ele>897.878579</ele></trkpt>
      <trkpt lat="43.218999" lon="-2.580297"><ele>898.051852</ele></trkpt>
      <trkpt lat="43.219012" lon="-2.580307"><ele>898.172261</ele></trkpt>
      <trkpt lat="43.219025" lon="-2.580321"><ele>898.305775</ele></trkpt>
      <trkpt lat="43.21904" lon="-2.580337"><ele>898.459272</ele></trkpt>
      <trkpt lat="43.219056" lon="-2.580344"><ele>898.594953</ele></trkpt>
      <trkpt lat="43.219066" lon="-2.580352"><ele>898.688474</ele></trkpt>
      <trkpt lat="43.219079" lon="-2.580366"><ele>898.821988</ele></trkpt>
      <trkpt lat="43.219095" lon="-2.580379"><ele>898.972218</ele></trkpt>
      <trkpt lat="43.219113" lon="-2.580385"><ele>899.121875</ele></trkpt>
      <trkpt lat="43.219128" lon="-2.580394"><ele>899.254144</ele></trkpt>
      <trkpt lat="43.219144" lon="-2.580405"><ele>899.39873</ele></trkpt>
      <trkpt lat="43.21916" lon="-2.580417"><ele>899.546047</ele></trkpt>
      <trkpt lat="43.219177" lon="-2.580427"><ele>899.695484</ele></trkpt>
      <trkpt lat="43.219187" lon="-2.580437"><ele>899.795454</ele></trkpt>
      <trkpt lat="43.219197" lon="-2.580451"><ele>899.910875</ele></trkpt>
      <trkpt lat="43.219204" lon="-2.580467"><ele>900.020752</ele></trkpt>
      <trkpt lat="43.219214" lon="-2.580492"><ele>900.188661</ele></trkpt>
      <trkpt lat="43.21923" lon="-2.580516"><ele>900.380176</ele></trkpt>
      <trkpt lat="43.219242" lon="-2.580531"><ele>900.511322</ele></trkpt>
      <trkpt lat="43.219256" lon="-2.580546"><ele>900.654827</ele></trkpt>
      <trkpt lat="43.21927" lon="-2.580568"><ele>900.826793</ele></trkpt>
      <trkpt lat="43.219281" lon="-2.58058"><ele>900.940328</ele></trkpt>
      <trkpt lat="43.219293" lon="-2.580596"><ele>901.075509</ele></trkpt>
      <trkpt lat="43.219302" lon="-2.580614"><ele>901.204035</ele></trkpt>
      <trkpt lat="43.21931" lon="-2.580629"><ele>901.313476</ele></trkpt>
      <trkpt lat="43.219321" lon="-2.580644"><ele>901.438768</ele></trkpt>
      <trkpt lat="43.219332" lon="-2.58066"><ele>901.568277</ele></trkpt>
      <trkpt lat="43.219341" lon="-2.580676"><ele>901.68728</ele></trkpt>
      <trkpt lat="43.21935" lon="-2.580693"><ele>901.810996</ele></trkpt>
      <trkpt lat="43.219361" lon="-2.58071"><ele>901.944849</ele></trkpt>
      <trkpt lat="43.219375" lon="-2.580726"><ele>902.09205</ele></trkpt>
      <trkpt lat="43.219387" lon="-2.580743"><ele>902.231399</ele></trkpt>
      <trkpt lat="43.2194" lon="-2.580762"><ele>902.384845</ele></trkpt>
      <trkpt lat="43.219409" lon="-2.580781"><ele>902.518267</ele></trkpt>
      <trkpt lat="43.219416" lon="-2.580802"><ele>902.65423</ele></trkpt>
      <trkpt lat="43.219425" lon="-2.580826"><ele>902.813146</ele></trkpt>
      <trkpt lat="43.21944" lon="-2.580845"><ele>902.978074</ele></trkpt>
      <trkpt lat="43.219448" lon="-2.580858"><ele>903.078254</ele></trkpt>
      <trkpt lat="43.219453" lon="-2.580874"><ele>903.180754</ele></trkpt>
      <trkpt lat="43.219458" lon="-2.580893"><ele>903.299691</ele></trkpt>
      <trkpt lat="43.219463" lon="-2.580916"><ele>903.441005</ele></trkpt>
      <trkpt lat="43.219472" lon="-2.580939"><ele>903.5832</ele></trkpt>
      <trkpt lat="43.219485" lon="-2.580959"><ele>903.697272</ele></trkpt>
      <trkpt lat="43.219496" lon="-2.580975"><ele>903.790899</ele></trkpt>
      <trkpt lat="43.219506" lon="-2.580989"><ele>903.874341</ele></trkpt>
      <trkpt lat="43.219518" lon="-2.581006"><ele>903.975081</ele></trkpt>
      <trkpt lat="43.219529" lon="-2.581022"><ele>904.068708</ele></trkpt>
      <trkpt lat="43.219542" lon="-2.58104"><ele>904.176576</ele></trkpt>
      <trkpt lat="43.219549" lon="-2.581052"><ele>904.242002</ele></trkpt>
      <trkpt lat="43.219557" lon="-2.581068"><ele>904.324593</ele></trkpt>
      <trkpt lat="43.219568" lon="-2.581088"><ele>904.431247</ele></trkpt>
      <trkpt lat="43.219581" lon="-2.581109"><ele>904.548529</ele></trkpt>
      <trkpt lat="43.219595" lon="-2.581123"><ele>904.649711</ele></trkpt>
      <trkpt lat="43.219606" lon="-2.581136"><ele>904.734503</ele></trkpt>
      <trkpt lat="43.219617" lon="-2.581153"><ele>904.83127</ele></trkpt>
      <trkpt lat="43.219626" lon="-2.581167"><ele>904.910733</ele></trkpt>
      <trkpt lat="43.219636" lon="-2.581183"><ele>905.000452</ele></trkpt>
      <trkpt lat="43.219647" lon="-2.581198"><ele>905.09103</ele></trkpt>
      <trkpt lat="43.219661" lon="-2.581218"><ele>905.209071</ele></trkpt>
      <trkpt lat="43.219675" lon="-2.581235"><ele>905.318261</ele></trkpt>
      <trkpt lat="43.219687" lon="-2.581248"><ele>905.407561</ele></trkpt>
      <trkpt lat="43.219702" lon="-2.58126"><ele>905.508975</ele></trkpt>
      <trkpt lat="43.219723" lon="-2.581271"><ele>905.640266</ele></trkpt>
      <trkpt lat="43.219738" lon="-2.581283"><ele>905.74168</ele></trkpt>
      <trkpt lat="43.219749" lon="-2.581293"><ele>905.81875</ele></trkpt>
      <trkpt lat="43.219766" lon="-2.581306"><ele>905.932421</ele></trkpt>
      <trkpt lat="43.219781" lon="-2.581316"><ele>906.029826</ele></trkpt>
      <trkpt lat="43.219794" lon="-2.581324"><ele>906.113043</ele></trkpt>
      <trkpt lat="43.21981" lon="-2.581329"><ele>906.208889</ele></trkpt>
      <trkpt lat="43.219821" lon="-2.581343"><ele>906.296519</ele></trkpt>
      <trkpt lat="43.219828" lon="-2.581367"><ele>906.406551</ele></trkpt>
      <trkpt lat="43.219836" lon="-2.581389"><ele>906.511203</ele></trkpt>
      <trkpt lat="43.219844" lon="-2.581409"><ele>906.608313</ele></trkpt>
      <trkpt lat="43.219855" lon="-2.581423"><ele>906.695942</ele></trkpt>
      <trkpt lat="43.219868" lon="-2.581441"><ele>906.80381</ele></trkpt>
      <trkpt lat="43.219879" lon="-2.58146"><ele>906.907097</ele></trkpt>
      <trkpt lat="43.219894" lon="-2.581477"><ele>907.020727</ele></trkpt>
      <trkpt lat="43.219908" lon="-2.581485"><ele>907.109306</ele></trkpt>
      <trkpt lat="43.219919" lon="-2.581491"><ele>907.178445</ele></trkpt>
      <trkpt lat="43.219932" lon="-2.581499"><ele>907.261662</ele></trkpt>
      <trkpt lat="43.219947" lon="-2.581515"><ele>907.37263</ele></trkpt>
      <trkpt lat="43.21996" lon="-2.581534"><ele>907.483561</ele></trkpt>
      <trkpt lat="43.21997" lon="-2.581548"><ele>907.567003</ele></trkpt>
      <trkpt lat="43.219983" lon="-2.581562"><ele>907.663525</ele></trkpt>
      <trkpt lat="43.220001" lon="-2.581573"><ele>907.778614</ele></trkpt>
      <trkpt lat="43.220013" lon="-2.58158"><ele>907.854775</ele></trkpt>
      <trkpt lat="43.220028" lon="-2.58159"><ele>907.95218</ele></trkpt>
      <trkpt lat="43.220038" lon="-2.581601"><ele>908.027038</ele></trkpt>
      <trkpt lat="43.22005" lon="-2.581613"><ele>908.113764</ele></trkpt>
      <trkpt lat="43.220064" lon="-2.581626"><ele>908.212498</ele></trkpt>
      <trkpt lat="43.220077" lon="-2.58164"><ele>908.30902</ele></trkpt>
      <trkpt lat="43.220094" lon="-2.581653"><ele>908.422691</ele></trkpt>
      <trkpt lat="43.220109" lon="-2.581668"><ele>908.531099</ele></trkpt>
      <trkpt lat="43.220124" lon="-2.581682"><ele>908.637057</ele></trkpt>
      <trkpt lat="43.220141" lon="-2.581694"><ele>908.748718</ele></trkpt>
      <trkpt lat="43.220159" lon="-2.581709"><ele>908.871721</ele></trkpt>
      <trkpt lat="43.220178" lon="-2.581724"><ele>908.999752</ele></trkpt>
      <trkpt lat="43.2202" lon="-2.58174"><ele>909.145182</ele></trkpt>
      <trkpt lat="43.220217" lon="-2.581759"><ele>909.273243</ele></trkpt>
      <trkpt lat="43.220233" lon="-2.58178"><ele>909.402561</ele></trkpt>
      <trkpt lat="43.22025" lon="-2.5818"><ele>909.533352</ele></trkpt>
      <trkpt lat="43.220269" lon="-2.581819"><ele>909.670669</ele></trkpt>
      <trkpt lat="43.220287" lon="-2.581844"><ele>909.820256</ele></trkpt>
      <trkpt lat="43.220302" lon="-2.581867"><ele>909.951633</ele></trkpt>
      <trkpt lat="43.22032" lon="-2.581892"><ele>910.10122</ele></trkpt>
      <trkpt lat="43.220338" lon="-2.581917"><ele>910.250808</ele></trkpt>
      <trkpt lat="43.220358" lon="-2.581946"><ele>910.420756</ele></trkpt>
      <trkpt lat="43.220375" lon="-2.581979"><ele>910.59277</ele></trkpt>
      <trkpt lat="43.220394" lon="-2.582009"><ele>910.761947</ele></trkpt>
      <trkpt lat="43.220408" lon="-2.582033"><ele>910.892797</ele></trkpt>
      <trkpt lat="43.22042" lon="-2.582061"><ele>911.031059</ele></trkpt>
      <trkpt lat="43.220438" lon="-2.58209"><ele>911.193199</ele></trkpt>
      <trkpt lat="43.220453" lon="-2.582115"><ele>911.331036</ele></trkpt>
      <trkpt lat="43.220462" lon="-2.582145"><ele>911.469125</ele></trkpt>
      <trkpt lat="43.220462" lon="-2.582169"><ele>911.571277</ele></trkpt>
      <trkpt lat="43.22046" lon="-2.582161"><ele>911.607277</ele></trkpt>
      <trkpt lat="43.220458" lon="-2.582149"><ele>911.659672</ele></trkpt>
      <trkpt lat="43.220458" lon="-2.582149"><ele>911.659672</ele></trkpt>
      <trkpt lat="43.220458" lon="-2.582149"><ele>911.659672</ele></trkpt>
      <trkpt lat="43.220458" lon="-2.582149"><ele>911.659672</ele></trkpt>
      <trkpt lat="43.22046" lon="-2.582149"><ele>911.671354</ele></trkpt>
      <trkpt lat="43.220458" lon="-2.582149"><ele>911.683035</ele></trkpt>
      <trkpt lat="43.220458" lon="-2.582149"><ele>911.683035</ele></trkpt>
      <trkpt lat="43.220458" lon="-2.582149"><ele>911.683035</ele></trkpt>
      <trkpt lat="43.220458" lon="-2.582149"><ele>911.683035</ele></trkpt>
      <trkpt lat="43.220458" lon="-2.582149"><ele>911.683035</ele></trkpt>
      <trkpt lat="43.220458" lon="-2.582149"><ele>911.683035</ele></trkpt>
      <trkpt lat="43.220458" lon="-2.582149"><ele>911.683035</ele></trkpt>
      <trkpt lat="43.220462" lon="-2.582152"><ele>911.70966</ele></trkpt>
      <trkpt lat="43.220471" lon="-2.582162"><ele>911.777299</ele></trkpt>
      <trkpt lat="43.220471" lon="-2.582162"><ele>911.777299</ele></trkpt>
      <trkpt lat="43.220471" lon="-2.582162"><ele>911.777299</ele></trkpt>
      <trkpt lat="43.220471" lon="-2.582162"><ele>911.777299</ele></trkpt>
      <trkpt lat="43.220471" lon="-2.582162"><ele>911.777299</ele></trkpt>
      <trkpt lat="43.220471" lon="-2.582162"><ele>911.777299</ele></trkpt>
      <trkpt lat="43.220471" lon="-2.582162"><ele>911.777299</ele></trkpt>
      <trkpt lat="43.220471" lon="-2.582162"><ele>911.777299</ele></trkpt>
      <trkpt lat="43.220471" lon="-2.582162"><ele>911.777299</ele></trkpt>
      <trkpt lat="43.220471" lon="-2.582162"><ele>911.777299</ele></trkpt>
      <trkpt lat="43.220471" lon="-2.582162"><ele>911.777299</ele></trkpt>
      <trkpt lat="43.220471" lon="-2.582162"><ele>911.777299</ele></trkpt>
      <trkpt lat="43.220471" lon="-2.582162"><ele>911.777299</ele></trkpt>
      <trkpt lat="43.220471" lon="-2.582162"><ele>911.777299</ele></trkpt>
      <trkpt lat="43.220471" lon="-2.582162"><ele>911.777299</ele></trkpt>
      <trkpt lat="43.220471" lon="-2.582162"><ele>911.777299</ele></trkpt>
      <trkpt lat="43.220471" lon="-2.582162"><ele>911.777299</ele></trkpt>
      <trkpt lat="43.220471" lon="-2.582162"><ele>911.777299</ele></trkpt>
      <trkpt lat="43.220471" lon="-2.582162"><ele>911.777299</ele></trkpt>
      <trkpt lat="43.220471" lon="-2.582162"><ele>911.777299</ele></trkpt>
      <trkpt lat="43.220471" lon="-2.582162"><ele>911.777299</ele></trkpt>
      <trkpt lat="43.220471" lon="-2.582162"><ele>911.777299</ele></trkpt>
      <trkpt lat="43.22047" lon="-2.582161"><ele>911.784527</ele></trkpt>
      <trkpt lat="43.220471" lon="-2.582162"><ele>911.791754</ele></trkpt>
      <trkpt lat="43.220471" lon="-2.582162"><ele>911.791754</ele></trkpt>
      <trkpt lat="43.220471" lon="-2.582162"><ele>911.791754</ele></trkpt>
      <trkpt lat="43.220471" lon="-2.582162"><ele>911.791754</ele></trkpt>
      <trkpt lat="43.220471" lon="-2.582162"><ele>911.791754</ele></trkpt>
      <trkpt lat="43.220471" lon="-2.582162"><ele>911.791754</ele></trkpt>
      <trkpt lat="43.220469" lon="-2.582161"><ele>911.804187</ele></trkpt>
      <trkpt lat="43.220474" lon="-2.58216"><ele>911.8337</ele></trkpt>
      <trkpt lat="43.220472" lon="-2.582159"><ele>911.846133</ele></trkpt>
      <trkpt lat="43.220471" lon="-2.582162"><ele>911.860174</ele></trkpt>
      <trkpt lat="43.22048" lon="-2.582169"><ele>911.920598</ele></trkpt>
      <trkpt lat="43.220471" lon="-2.582162"><ele>911.981023</ele></trkpt>
      <trkpt lat="43.220471" lon="-2.582162"><ele>911.981023</ele></trkpt>
      <trkpt lat="43.220481" lon="-2.582171"><ele>912.050873</ele></trkpt>
      <trkpt lat="43.220483" lon="-2.582182"><ele>912.099128</ele></trkpt>
      <trkpt lat="43.220488" lon="-2.582197"><ele>912.169336</ele></trkpt>
      <trkpt lat="43.220502" lon="-2.582218"><ele>912.290481</ele></trkpt>
      <trkpt lat="43.220517" lon="-2.58224"><ele>912.418717</ele></trkpt>
      <trkpt lat="43.220528" lon="-2.582264"><ele>912.539395</ele></trkpt>
      <trkpt lat="43.220536" lon="-2.582287"><ele>912.647871</ele></trkpt>
      <trkpt lat="43.220537" lon="-2.58231"><ele>912.745942</ele></trkpt>
      <trkpt lat="43.220533" lon="-2.582327"><ele>912.821979</ele></trkpt>
      <trkpt lat="43.220523" lon="-2.582353"><ele>912.947112</ele></trkpt>
      <trkpt lat="43.220511" lon="-2.582388"><ele>913.11175</ele></trkpt>
      <trkpt lat="43.220492" lon="-2.582417"><ele>913.277738</ele></trkpt>
      <trkpt lat="43.22046" lon="-2.582436"><ele>913.48139</ele></trkpt>
      <trkpt lat="43.220424" lon="-2.582437"><ele>913.691704</ele></trkpt>
      <trkpt lat="43.220379" lon="-2.582434"><ele>913.954853</ele></trkpt>
      <trkpt lat="43.220335" lon="-2.582434"><ele>913.568463</ele></trkpt>
      <trkpt lat="43.220295" lon="-2.582433"><ele>912.819934</ele></trkpt>
      <trkpt lat="43.220266" lon="-2.582428"><ele>912.273074</ele></trkpt>
      <trkpt lat="43.220234" lon="-2.582415"><ele>911.648664</ele></trkpt>
      <trkpt lat="43.220203" lon="-2.582406"><ele>911.055811</ele></trkpt>
      <trkpt lat="43.220173" lon="-2.582398"><ele>910.484007</ele></trkpt>
      <trkpt lat="43.220145" lon="-2.582402"><ele>909.957293</ele></trkpt>
      <trkpt lat="43.220117" lon="-2.58241"><ele>909.422174</ele></trkpt>
      <trkpt lat="43.220086" lon="-2.582414"><ele>908.839602</ele></trkpt>
      <trkpt lat="43.220057" lon="-2.582414"><ele>908.297008</ele></trkpt>
      <trkpt lat="43.220024" lon="-2.582407"><ele>907.67224</ele></trkpt>
      <trkpt lat="43.219988" lon="-2.582394"><ele>906.975744</ele></trkpt>
      <trkpt lat="43.219955" lon="-2.582396"><ele>906.357708</ele></trkpt>
      <trkpt lat="43.21992" lon="-2.582398"><ele>905.702286</ele></trkpt>
      <trkpt lat="43.219889" lon="-2.582401"><ele>905.120831</ele></trkpt>
      <trkpt lat="43.219854" lon="-2.582405"><ele>904.46371</ele></trkpt>
      <trkpt lat="43.219824" lon="-2.582403"><ele>903.901744</ele></trkpt>
      <trkpt lat="43.219793" lon="-2.582391"><ele>903.299094</ele></trkpt>
      <trkpt lat="43.219768" lon="-2.582377"><ele>902.793891</ele></trkpt>
      <trkpt lat="43.219741" lon="-2.582356"><ele>902.213215</ele></trkpt>
      <trkpt lat="43.219707" lon="-2.582332"><ele>901.497841</ele></trkpt>
      <trkpt lat="43.219671" lon="-2.582309"><ele>900.754851</ele></trkpt>
      <trkpt lat="43.219629" lon="-2.58228"><ele>899.875154</ele></trkpt>
      <trkpt lat="43.219584" lon="-2.582252"><ele>898.950687</ele></trkpt>
      <trkpt lat="43.219537" lon="-2.582245"><ele>898.066146</ele></trkpt>
      <trkpt lat="43.219494" lon="-2.582244"><ele>897.261495</ele></trkpt>
      <trkpt lat="43.219448" lon="-2.582234"><ele>896.390096</ele></trkpt>
      <trkpt lat="43.219397" lon="-2.582232"><ele>895.43549</ele></trkpt>
      <trkpt lat="43.219338" lon="-2.582233"><ele>894.331508</ele></trkpt>
      <trkpt lat="43.219294" lon="-2.582227"><ele>893.504208</ele></trkpt>
      <trkpt lat="43.219246" lon="-2.582221"><ele>892.602403</ele></trkpt>
      <trkpt lat="43.219185" lon="-2.582216"><ele>891.459051</ele></trkpt>
      <trkpt lat="43.219132" lon="-2.582203"><ele>890.451697</ele></trkpt>
      <trkpt lat="43.219087" lon="-2.582181"><ele>889.557902</ele></trkpt>
      <trkpt lat="43.219038" lon="-2.582156"><ele>888.579787</ele></trkpt>
      <trkpt lat="43.218995" lon="-2.582138"><ele>887.73865</ele></trkpt>
      <trkpt lat="43.21895" lon="-2.582131"><ele>886.891301</ele></trkpt>
      <trkpt lat="43.218901" lon="-2.582123"><ele>885.968039</ele></trkpt>
      <trkpt lat="43.218853" lon="-2.582118"><ele>885.067369</ele></trkpt>
      <trkpt lat="43.21881" lon="-2.582112"><ele>884.258684</ele></trkpt>
      <trkpt lat="43.218765" lon="-2.582098"><ele>883.395361</ele></trkpt>
      <trkpt lat="43.218708" lon="-2.582085"><ele>882.314253</ele></trkpt>
      <trkpt lat="43.218654" lon="-2.582064"><ele>881.264116</ele></trkpt>
      <trkpt lat="43.218596" lon="-2.582037"><ele>880.007066</ele></trkpt>
      <trkpt lat="43.218542" lon="-2.582001"><ele>878.450034</ele></trkpt>
      <trkpt lat="43.218493" lon="-2.581955"><ele>876.910274</ele></trkpt>
      <trkpt lat="43.218455" lon="-2.581922"><ele>875.743958</ele></trkpt>
      <trkpt lat="43.218421" lon="-2.581902"><ele>874.784557</ele></trkpt>
      <trkpt lat="43.218394" lon="-2.581902"><ele>874.084308</ele></trkpt>
      <trkpt lat="43.218361" lon="-2.581902"><ele>873.228447</ele></trkpt>
      <trkpt lat="43.218314" lon="-2.581905"><ele>872.008177</ele></trkpt>
      <trkpt lat="43.218255" lon="-2.581916"><ele>870.463943</ele></trkpt>
      <trkpt lat="43.218187" lon="-2.581929"><ele>868.683319</ele></trkpt>
      <trkpt lat="43.218118" lon="-2.581946"><ele>866.865176</ele></trkpt>
      <trkpt lat="43.218059" lon="-2.581965"><ele>865.293428</ele></trkpt>
      <trkpt lat="43.218007" lon="-2.581983"><ele>863.902551</ele></trkpt>
      <trkpt lat="43.217956" lon="-2.581996"><ele>862.55723</ele></trkpt>
      <trkpt lat="43.217915" lon="-2.582009"><ele>861.465871</ele></trkpt>
      <trkpt lat="43.217879" lon="-2.582019"><ele>860.513267</ele></trkpt>
      <trkpt lat="43.217842" lon="-2.582033"><ele>859.517852</ele></trkpt>
      <trkpt lat="43.217819" lon="-2.58205"><ele>858.840312</ele></trkpt>
      <trkpt lat="43.217794" lon="-2.582053"><ele>858.189458</ele></trkpt>
      <trkpt lat="43.217768" lon="-2.582049"><ele>857.510919</ele></trkpt>
      <trkpt lat="43.217734" lon="-2.58205"><ele>856.628921</ele></trkpt>
      <trkpt lat="43.217706" lon="-2.582053"><ele>855.900526</ele></trkpt>
      <trkpt lat="43.217675" lon="-2.582063"><ele>855.074619</ele></trkpt>
      <trkpt lat="43.217649" lon="-2.582087"><ele>854.261931</ele></trkpt>
      <trkpt lat="43.217627" lon="-2.582123"><ele>853.373944</ele></trkpt>
      <trkpt lat="43.217598" lon="-2.582141"><ele>852.548459</ele></trkpt>
      <trkpt lat="43.217563" lon="-2.582156"><ele>851.597485</ele></trkpt>
      <trkpt lat="43.217533" lon="-2.582157"><ele>850.8192</ele></trkpt>
      <trkpt lat="43.217497" lon="-2.58216"><ele>849.883814</ele></trkpt>
      <trkpt lat="43.217467" lon="-2.582185"><ele>848.973519</ele></trkpt>
      <trkpt lat="43.217441" lon="-2.582209"><ele>848.16083</ele></trkpt>
      <trkpt lat="43.217413" lon="-2.582229"><ele>847.342151</ele></trkpt>
      <trkpt lat="43.217384" lon="-2.582239"><ele>846.566646</ele></trkpt>
      <trkpt lat="43.217354" lon="-2.582255"><ele>845.731888</ele></trkpt>
      <trkpt lat="43.217328" lon="-2.582271"><ele>844.992868</ele></trkpt>
      <trkpt lat="43.217297" lon="-2.582282"><ele>844.162432</ele></trkpt>
      <trkpt lat="43.217274" lon="-2.582282"><ele>843.565923</ele></trkpt>
      <trkpt lat="43.217251" lon="-2.582266"><ele>842.897138</ele></trkpt>
      <trkpt lat="43.217227" lon="-2.582249"><ele>842.196655</ele></trkpt>
      <trkpt lat="43.217203" lon="-2.582237"><ele>841.534176</ele></trkpt>
      <trkpt lat="43.217182" lon="-2.582233"><ele>840.984315</ele></trkpt>
      <trkpt lat="43.217164" lon="-2.582226"><ele>840.499096</ele></trkpt>
      <trkpt lat="43.217153" lon="-2.582215"><ele>840.14609</ele></trkpt>
      <trkpt lat="43.217147" lon="-2.58219"><ele>839.648611</ele></trkpt>
      <trkpt lat="43.217136" lon="-2.582157"><ele>838.962743</ele></trkpt>
      <trkpt lat="43.217116" lon="-2.582115"><ele>838.014474</ele></trkpt>
      <trkpt lat="43.217077" lon="-2.582091"><ele>836.905944</ele></trkpt>
      <trkpt lat="43.217042" lon="-2.582105"><ele>835.960432</ele></trkpt>
      <trkpt lat="43.217015" lon="-2.582129"><ele>835.126096</ele></trkpt>
      <trkpt lat="43.216969" lon="-2.582149"><ele>833.874623</ele></trkpt>
      <trkpt lat="43.216916" lon="-2.582167"><ele>832.994705</ele></trkpt>
      <trkpt lat="43.216881" lon="-2.582189"><ele>832.408263</ele></trkpt>
      <trkpt lat="43.216853" lon="-2.58222"><ele>831.860206</ele></trkpt>
      <trkpt lat="43.216829" lon="-2.582262"><ele>831.267699</ele></trkpt>
      <trkpt lat="43.216818" lon="-2.582299"><ele>830.824079</ele></trkpt>
      <trkpt lat="43.216799" lon="-2.582336"><ele>830.321593</ele></trkpt>
      <trkpt lat="43.216774" lon="-2.582368"><ele>829.800791</ele></trkpt>
      <trkpt lat="43.216755" lon="-2.582399"><ele>829.351115</ele></trkpt>
      <trkpt lat="43.216742" lon="-2.58243"><ele>828.954058</ele></trkpt>
      <trkpt lat="43.216733" lon="-2.58247"><ele>828.489315</ele></trkpt>
      <trkpt lat="43.21671" lon="-2.582502"><ele>827.990358</ele></trkpt>
      <trkpt lat="43.216675" lon="-2.58253"><ele>827.373196</ele></trkpt>
      <trkpt lat="43.216635" lon="-2.582562"><ele>826.667869</ele></trkpt>
      <trkpt lat="43.216602" lon="-2.582599"><ele>826.018695</ele></trkpt>
      <trkpt lat="43.216572" lon="-2.582634"><ele>825.418843</ele></trkpt>
      <trkpt lat="43.216536" lon="-2.58266"><ele>824.799122</ele></trkpt>
      <trkpt lat="43.2165" lon="-2.582692"><ele>824.145714</ele></trkpt>
      <trkpt lat="43.216475" lon="-2.582724"><ele>823.624911</ele></trkpt>
      <trkpt lat="43.216454" lon="-2.582759"><ele>823.121611</ele></trkpt>
      <trkpt lat="43.21644" lon="-2.582797"><ele>822.648908</ele></trkpt>
      <trkpt lat="43.216429" lon="-2.58283"><ele>822.246052</ele></trkpt>
      <trkpt lat="43.216421" lon="-2.582847"><ele>822.021398</ele></trkpt>
      <trkpt lat="43.21641" lon="-2.582858"><ele>821.814056</ele></trkpt>
      <trkpt lat="43.216398" lon="-2.582859"><ele>821.63092</ele></trkpt>
      <trkpt lat="43.216389" lon="-2.582856"><ele>821.489833</ele></trkpt>
      <trkpt lat="43.216378" lon="-2.582854"><ele>821.320802</ele></trkpt>
      <trkpt lat="43.21637" lon="-2.582848"><ele>821.18192</ele></trkpt>
      <trkpt lat="43.216367" lon="-2.582839"><ele>821.07205</ele></trkpt>
      <trkpt lat="43.216369" lon="-2.582835"><ele>821.018197</ele></trkpt>
      <trkpt lat="43.216375" lon="-2.582831"><ele>820.916581</ele></trkpt>
      <trkpt lat="43.216376" lon="-2.58284"><ele>820.815512</ele></trkpt>
      <trkpt lat="43.216386" lon="-2.582854"><ele>820.597886</ele></trkpt>
      <trkpt lat="43.216408" lon="-2.582865"><ele>820.241198</ele></trkpt>
      <trkpt lat="43.216432" lon="-2.582879"><ele>819.843934</ele></trkpt>
      <trkpt lat="43.216464" lon="-2.5829"><ele>819.303589</ele></trkpt>
      <trkpt lat="43.216489" lon="-2.582928"><ele>818.812002</ele></trkpt>
      <trkpt lat="43.216518" lon="-2.582961"><ele>818.238095</ele></trkpt>
      <trkpt lat="43.216551" lon="-2.582995"><ele>817.609464</ele></trkpt>
      <trkpt lat="43.216585" lon="-2.583034"><ele>816.934402</ele></trkpt>
      <trkpt lat="43.216622" lon="-2.58307"><ele>816.243457</ele></trkpt>
      <trkpt lat="43.216653" lon="-2.583109"><ele>815.602788</ele></trkpt>
      <trkpt lat="43.216683" lon="-2.583145"><ele>814.995686</ele></trkpt>
      <trkpt lat="43.216706" lon="-2.58319"><ele>814.385502</ele></trkpt>
      <trkpt lat="43.216728" lon="-2.583237"><ele>813.765373</ele></trkpt>
      <trkpt lat="43.216754" lon="-2.583284"><ele>813.110305</ele></trkpt>
      <trkpt lat="43.216786" lon="-2.583339"><ele>812.329002</ele></trkpt>
      <trkpt lat="43.216819" lon="-2.583387"><ele>811.596432</ele></trkpt>
      <trkpt lat="43.21685" lon="-2.583438"><ele>810.859167</ele></trkpt>
      <trkpt lat="43.216881" lon="-2.583489"><ele>810.121902</ele></trkpt>
      <trkpt lat="43.216908" lon="-2.583544"><ele>809.385711</ele></trkpt>
      <trkpt lat="43.21694" lon="-2.583604"><ele>808.560303</ele></trkpt>
      <trkpt lat="43.216979" lon="-2.583664"><ele>807.667763</ele></trkpt>
      <trkpt lat="43.217008" lon="-2.583719"><ele>806.914128</ele></trkpt>
      <trkpt lat="43.217038" lon="-2.583779"><ele>806.289103</ele></trkpt>
      <trkpt lat="43.217066" lon="-2.583833"><ele>806.086405</ele></trkpt>
      <trkpt lat="43.217099" lon="-2.583886"><ele>805.873197</ele></trkpt>
      <trkpt lat="43.217134" lon="-2.583946"><ele>805.638138</ele></trkpt>
      <trkpt lat="43.217169" lon="-2.584007"><ele>805.400684</ele></trkpt>
      <trkpt lat="43.217206" lon="-2.584066"><ele>805.162618</ele></trkpt>
      <trkpt lat="43.217239" lon="-2.584126"><ele>804.932711</ele></trkpt>
      <trkpt lat="43.217272" lon="-2.584196"><ele>804.677726</ele></trkpt>
      <trkpt lat="43.217303" lon="-2.584259"><ele>804.44523</ele></trkpt>
      <trkpt lat="43.217338" lon="-2.584325"><ele>804.195582</ele></trkpt>
      <trkpt lat="43.217373" lon="-2.58439"><ele>803.9484</ele></trkpt>
      <trkpt lat="43.217409" lon="-2.58446"><ele>803.686363</ele></trkpt>
      <trkpt lat="43.217442" lon="-2.584528"><ele>803.436492</ele></trkpt>
      <trkpt lat="43.217479" lon="-2.584593"><ele>803.184232</ele></trkpt>
      <trkpt lat="43.217511" lon="-2.584657"><ele>802.946848</ele></trkpt>
      <trkpt lat="43.217543" lon="-2.584735"><ele>802.673082</ele></trkpt>
      <trkpt lat="43.217578" lon="-2.584808"><ele>802.405826</ele></trkpt>
      <trkpt lat="43.217613" lon="-2.584883"><ele>802.133439</ele></trkpt>
      <trkpt lat="43.217654" lon="-2.584948"><ele>801.870513</ele></trkpt>
      <trkpt lat="43.217698" lon="-2.585011"><ele>801.60363</ele></trkpt>
      <trkpt lat="43.217732" lon="-2.585076"><ele>801.35892</ele></trkpt>
      <trkpt lat="43.21776" lon="-2.58514"><ele>801.130613</ele></trkpt>
      <trkpt lat="43.21779" lon="-2.585205"><ele>800.895296</ele></trkpt>
      <trkpt lat="43.217833" lon="-2.585267"><ele>800.633524</ele></trkpt>
      <trkpt lat="43.217866" lon="-2.585318"><ele>800.42493</ele></trkpt>
      <trkpt lat="43.217899" lon="-2.585385"><ele>800.1776</ele></trkpt>
      <trkpt lat="43.217931" lon="-2.585457"><ele>799.919669</ele></trkpt>
      <trkpt lat="43.217955" lon="-2.585531"><ele>799.671941</ele></trkpt>
      <trkpt lat="43.217995" lon="-2.585606"><ele>799.38769</ele></trkpt>
      <trkpt lat="43.218026" lon="-2.585668"><ele>799.157725</ele></trkpt>
      <trkpt lat="43.218051" lon="-2.58573"><ele>798.941009</ele></trkpt>
      <trkpt lat="43.218083" lon="-2.585796"><ele>798.704727</ele></trkpt>
      <trkpt lat="43.218119" lon="-2.585859"><ele>798.47343</ele></trkpt>
      <trkpt lat="43.218151" lon="-2.585922"><ele>798.251567</ele></trkpt>
      <trkpt lat="43.218179" lon="-2.585991"><ele>798.023396</ele></trkpt>
      <trkpt lat="43.218213" lon="-2.586058"><ele>797.787518</ele></trkpt>
      <trkpt lat="43.218249" lon="-2.586125"><ele>797.547022</ele></trkpt>
      <trkpt lat="43.218286" lon="-2.586187"><ele>797.315501</ele></trkpt>
      <trkpt lat="43.218314" lon="-2.586252"><ele>797.097355</ele></trkpt>
      <trkpt lat="43.218342" lon="-2.586328"><ele>796.851318</ele></trkpt>
      <trkpt lat="43.218377" lon="-2.586396"><ele>796.6108</ele></trkpt>
      <trkpt lat="43.218412" lon="-2.586468"><ele>796.360753</ele></trkpt>
      <trkpt lat="43.218449" lon="-2.586538"><ele>796.11092</ele></trkpt>
      <trkpt lat="43.218487" lon="-2.58661"><ele>795.854083</ele></trkpt>
      <trkpt lat="43.218514" lon="-2.586687"><ele>795.60721</ele></trkpt>
      <trkpt lat="43.218545" lon="-2.586756"><ele>795.373024</ele></trkpt>
      <trkpt lat="43.218572" lon="-2.586823"><ele>795.15183</ele></trkpt>
      <trkpt lat="43.218605" lon="-2.586889"><ele>794.920585</ele></trkpt>
      <trkpt lat="43.218644" lon="-2.586956"><ele>794.672846</ele></trkpt>
      <trkpt lat="43.218679" lon="-2.587021"><ele>794.439354</ele></trkpt>
      <trkpt lat="43.21871" lon="-2.587096"><ele>794.190246</ele></trkpt>
      <trkpt lat="43.218746" lon="-2.587172"><ele>793.928368</ele></trkpt>
      <trkpt lat="43.218781" lon="-2.587242"><ele>793.683108</ele></trkpt>
      <trkpt lat="43.218821" lon="-2.587311"><ele>793.428381</ele></trkpt>
      <trkpt lat="43.218865" lon="-2.58737"><ele>793.184489</ele></trkpt>
      <trkpt lat="43.218901" lon="-2.587434"><ele>792.950914</ele></trkpt>
      <trkpt lat="43.218941" lon="-2.587501"><ele>792.700682</ele></trkpt>
      <trkpt lat="43.218979" lon="-2.587562"><ele>792.468835</ele></trkpt>
      <trkpt lat="43.219013" lon="-2.587631"><ele>792.228195</ele></trkpt>
      <trkpt lat="43.219044" lon="-2.587699"><ele>791.996464</ele></trkpt>
      <trkpt lat="43.219072" lon="-2.587777"><ele>791.74526</ele></trkpt>
      <trkpt lat="43.219101" lon="-2.587851"><ele>791.493934</ele></trkpt>
      <trkpt lat="43.219135" lon="-2.587924"><ele>791.231488</ele></trkpt>
      <trkpt lat="43.219169" lon="-2.587997"><ele>790.969043</ele></trkpt>
      <trkpt lat="43.219199" lon="-2.588065"><ele>790.728243</ele></trkpt>
      <trkpt lat="43.219227" lon="-2.58814"><ele>790.472967</ele></trkpt>
      <trkpt lat="43.219262" lon="-2.588218"><ele>790.195482</ele></trkpt>
      <trkpt lat="43.219294" lon="-2.588295"><ele>789.926963</ele></trkpt>
      <trkpt lat="43.219323" lon="-2.58837"><ele>789.669766</ele></trkpt>
      <trkpt lat="43.219348" lon="-2.588438"><ele>789.439044</ele></trkpt>
      <trkpt lat="43.219378" lon="-2.588506"><ele>789.198245</ele></trkpt>
      <trkpt lat="43.219404" lon="-2.588571"><ele>788.97363</ele></trkpt>
      <trkpt lat="43.219428" lon="-2.588644"><ele>788.731029</ele></trkpt>
      <trkpt lat="43.219454" lon="-2.588715"><ele>788.490322</ele></trkpt>
      <trkpt lat="43.219482" lon="-2.588783"><ele>788.253722</ele></trkpt>
      <trkpt lat="43.219511" lon="-2.588852"><ele>788.01243</ele></trkpt>
      <trkpt lat="43.219554" lon="-2.588919"><ele>787.74198</ele></trkpt>
      <trkpt lat="43.219594" lon="-2.588976"><ele>787.502267</ele></trkpt>
      <trkpt lat="43.219622" lon="-2.589034"><ele>787.291514</ele></trkpt>
      <trkpt lat="43.219639" lon="-2.589098"><ele>787.085163</ele></trkpt>
      <trkpt lat="43.21965" lon="-2.589153"><ele>786.912392</ele></trkpt>
      <trkpt lat="43.219665" lon="-2.589209"><ele>786.731656</ele></trkpt>
      <trkpt lat="43.219681" lon="-2.589269"><ele>786.538113</ele></trkpt>
      <trkpt lat="43.219705" lon="-2.589333"><ele>786.320077</ele></trkpt>
      <trkpt lat="43.219733" lon="-2.589397"><ele>786.093948</ele></trkpt>
      <trkpt lat="43.219756" lon="-2.589454"><ele>785.896578</ele></trkpt>
      <trkpt lat="43.219779" lon="-2.589516"><ele>785.685828</ele></trkpt>
      <trkpt lat="43.219807" lon="-2.589575"><ele>785.472543</ele></trkpt>
      <trkpt lat="43.219833" lon="-2.589633"><ele>785.266265</ele></trkpt>
      <trkpt lat="43.219851" lon="-2.589688"><ele>785.083626</ele></trkpt>
      <trkpt lat="43.21987" lon="-2.58975"><ele>784.87988</ele></trkpt>
      <trkpt lat="43.219891" lon="-2.589815"><ele>784.664495</ele></trkpt>
      <trkpt lat="43.219911" lon="-2.58988"><ele>784.450761</ele></trkpt>
      <trkpt lat="43.219935" lon="-2.589946"><ele>784.227321</ele></trkpt>
      <trkpt lat="43.219955" lon="-2.590007"><ele>783.940412</ele></trkpt>
      <trkpt lat="43.219986" lon="-2.590074"><ele>783.586079</ele></trkpt>
      <trkpt lat="43.220015" lon="-2.590139"><ele>783.245807</ele></trkpt>
      <trkpt lat="43.220038" lon="-2.590202"><ele>782.93121</ele></trkpt>
      <trkpt lat="43.220063" lon="-2.590263"><ele>782.61875</ele></trkpt>
      <trkpt lat="43.220084" lon="-2.590323"><ele>782.321576</ele></trkpt>
      <trkpt lat="43.220099" lon="-2.590387"><ele>782.021424</ele></trkpt>
      <trkpt lat="43.220121" lon="-2.590456"><ele>781.685167</ele></trkpt>
      <trkpt lat="43.220143" lon="-2.590525"><ele>781.34891</ele></trkpt>
      <trkpt lat="43.220165" lon="-2.590598"><ele>780.996219</ele></trkpt>
      <trkpt lat="43.22019" lon="-2.590671"><ele>780.636104</ele></trkpt>
      <trkpt lat="43.220209" lon="-2.590741"><ele>780.302604</ele></trkpt>
      <trkpt lat="43.220232" lon="-2.590811"><ele>779.95978</ele></trkpt>
      <trkpt lat="43.22025" lon="-2.59088"><ele>779.632576</ele></trkpt>
      <trkpt lat="43.220272" lon="-2.590946"><ele>779.308546</ele></trkpt>
      <trkpt lat="43.220297" lon="-2.591005"><ele>779.003839</ele></trkpt>
      <trkpt lat="43.220318" lon="-2.591063"><ele>778.714689</ele></trkpt>
      <trkpt lat="43.220332" lon="-2.59112"><ele>778.446139</ele></trkpt>
      <trkpt lat="43.220345" lon="-2.591174"><ele>778.192233</ele></trkpt>
      <trkpt lat="43.220368" lon="-2.591248"><ele>777.833055</ele></trkpt>
      <trkpt lat="43.220386" lon="-2.591315"><ele>777.514244</ele></trkpt>
      <trkpt lat="43.220402" lon="-2.591385"><ele>777.186707</ele></trkpt>
      <trkpt lat="43.220425" lon="-2.591454"><ele>776.847949</ele></trkpt>
      <trkpt lat="43.220448" lon="-2.591526"><ele>776.496967</ele></trkpt>
      <trkpt lat="43.220474" lon="-2.591592"><ele>776.162002</ele></trkpt>
      <trkpt lat="43.220492" lon="-2.591668"><ele>775.805219</ele></trkpt>
      <trkpt lat="43.220503" lon="-2.591741"><ele>775.472407</ele></trkpt>
      <trkpt lat="43.220514" lon="-2.591821"><ele>775.108935</ele></trkpt>
      <trkpt lat="43.220527" lon="-2.59192"><ele>774.659819</ele></trkpt>
      <trkpt lat="43.220542" lon="-2.59202"><ele>774.203997</ele></trkpt>
      <trkpt lat="43.220561" lon="-2.592126"><ele>773.716641</ele></trkpt>
      <trkpt lat="43.22058" lon="-2.592233"><ele>773.224949</ele></trkpt>
      <trkpt lat="43.220598" lon="-2.592345"><ele>772.415722</ele></trkpt>
      <trkpt lat="43.220615" lon="-2.59246"><ele>771.560618</ele></trkpt>
      <trkpt lat="43.220631" lon="-2.592571"><ele>770.736061</ele></trkpt>
      <trkpt lat="43.220658" lon="-2.592679"><ele>769.904012</ele></trkpt>
      <trkpt lat="43.220691" lon="-2.592786"><ele>769.057319</ele></trkpt>
      <trkpt lat="43.220718" lon="-2.592873"><ele>768.36823</ele></trkpt>
      <trkpt lat="43.220738" lon="-2.592935"><ele>767.874133</ele></trkpt>
      <trkpt lat="43.220753" lon="-2.59299"><ele>767.446185</ele></trkpt>
      <trkpt lat="43.220769" lon="-2.593046"><ele>767.007855</ele></trkpt>
      <trkpt lat="43.22079" lon="-2.5931"><ele>766.561816</ele></trkpt>
      <trkpt lat="43.220814" lon="-2.593164"><ele>766.037303</ele></trkpt>
      <trkpt lat="43.220836" lon="-2.593247"><ele>765.393695</ele></trkpt>
      <trkpt lat="43.220862" lon="-2.593325"><ele>764.768648</ele></trkpt>
      <trkpt lat="43.22089" lon="-2.593394"><ele>764.193125</ele></trkpt>
      <trkpt lat="43.220913" lon="-2.593478"><ele>763.539214</ele></trkpt>
      <trkpt lat="43.220942" lon="-2.593573"><ele>762.788641</ele></trkpt>
      <trkpt lat="43.220973" lon="-2.593648"><ele>762.160304</ele></trkpt>
      <trkpt lat="43.220996" lon="-2.593736"><ele>761.479031</ele></trkpt>
      <trkpt lat="43.221015" lon="-2.593831"><ele>760.761146</ele></trkpt>
      <trkpt lat="43.221039" lon="-2.593924"><ele>760.042194</ele></trkpt>
      <trkpt lat="43.221065" lon="-2.594012"><ele>759.350217</ele></trkpt>
      <trkpt lat="43.2211" lon="-2.594103"><ele>758.600385</ele></trkpt>
      <trkpt lat="43.221138" lon="-2.594193"><ele>757.842402</ele></trkpt>
      <trkpt lat="43.221178" lon="-2.594292"><ele>757.017499</ele></trkpt>
      <trkpt lat="43.221218" lon="-2.594394"><ele>756.173411</ele></trkpt>
      <trkpt lat="43.221247" lon="-2.594506"><ele>755.307256</ele></trkpt>
      <trkpt lat="43.221281" lon="-2.59463"><ele>754.893923</ele></trkpt>
      <trkpt lat="43.221329" lon="-2.594746"><ele>754.549839</ele></trkpt>
      <trkpt lat="43.221365" lon="-2.594854"><ele>754.243504</ele></trkpt>
      <trkpt lat="43.221398" lon="-2.594962"><ele>753.941431</ele></trkpt>
      <trkpt lat="43.221435" lon="-2.595057"><ele>753.663586</ele></trkpt>
      <trkpt lat="43.221456" lon="-2.595152"><ele>753.407518</ele></trkpt>
      <trkpt lat="43.221468" lon="-2.595251"><ele>753.14865</ele></trkpt>
      <trkpt lat="43.221486" lon="-2.595338"><ele>752.915373</ele></trkpt>
      <trkpt lat="43.221504" lon="-2.595423"><ele>752.687056</ele></trkpt>
      <trkpt lat="43.221519" lon="-2.595517"><ele>752.438848</ele></trkpt>
      <trkpt lat="43.221532" lon="-2.595615"><ele>752.181914</ele></trkpt>
      <trkpt lat="43.221545" lon="-2.595715"><ele>751.919903</ele></trkpt>
      <trkpt lat="43.221555" lon="-2.595803"><ele>751.690174</ele></trkpt>
      <trkpt lat="43.221569" lon="-2.595894"><ele>751.450276</ele></trkpt>
      <trkpt lat="43.221583" lon="-2.595981"><ele>751.220463</ele></trkpt>
      <trkpt lat="43.221592" lon="-2.596059"><ele>751.016765</ele></trkpt>
      <trkpt lat="43.221606" lon="-2.596126"><ele>750.836982</ele></trkpt>
      <trkpt lat="43.221624" lon="-2.596195"><ele>750.647944</ele></trkpt>
      <trkpt lat="43.221644" lon="-2.596262"><ele>750.461188</ele></trkpt>
      <trkpt lat="43.221652" lon="-2.596334"><ele>750.273326</ele></trkpt>
      <trkpt lat="43.221668" lon="-2.596409"><ele>750.071753</ele></trkpt>
      <trkpt lat="43.221679" lon="-2.596481"><ele>749.882</ele></trkpt>
      <trkpt lat="43.22169" lon="-2.59656"><ele>749.674542</ele></trkpt>
      <trkpt lat="43.221704" lon="-2.596635"><ele>749.474843</ele></trkpt>
      <trkpt lat="43.221729" lon="-2.596714"><ele>749.252687</ele></trkpt>
      <trkpt lat="43.221756" lon="-2.596795"><ele>749.022936</ele></trkpt>
      <trkpt lat="43.221776" lon="-2.596872"><ele>748.81149</ele></trkpt>
      <trkpt lat="43.221796" lon="-2.596951"><ele>748.58855</ele></trkpt>
      <trkpt lat="43.221819" lon="-2.597031"><ele>748.359295</ele></trkpt>
      <trkpt lat="43.221845" lon="-2.597114"><ele>748.118463</ele></trkpt>
      <trkpt lat="43.221868" lon="-2.5972"><ele>747.874258</ele></trkpt>
      <trkpt lat="43.221898" lon="-2.597293"><ele>747.603142</ele></trkpt>
      <trkpt lat="43.221931" lon="-2.597378"><ele>747.346403</ele></trkpt>
      <trkpt lat="43.221968" lon="-2.597447"><ele>747.118035</ele></trkpt>
      <trkpt lat="43.222005" lon="-2.597522"><ele>746.876599</ele></trkpt>
      <trkpt lat="43.222035" lon="-2.597601"><ele>746.639127</ele></trkpt>
      <trkpt lat="43.222069" lon="-2.597671"><ele>746.414874</ele></trkpt>
      <trkpt lat="43.222094" lon="-2.597751"><ele>746.182835</ele></trkpt>
      <trkpt lat="43.222118" lon="-2.597829"><ele>745.957133</ele></trkpt>
      <trkpt lat="43.222139" lon="-2.597913"><ele>745.720402</ele></trkpt>
      <trkpt lat="43.222157" lon="-2.597998"><ele>745.484443</ele></trkpt>
      <trkpt lat="43.222183" lon="-2.598075"><ele>745.258218</ele></trkpt>
      <trkpt lat="43.222207" lon="-2.598151"><ele>745.037418</ele></trkpt>
      <trkpt lat="43.222236" lon="-2.598243"><ele>744.770212</ele></trkpt>
      <trkpt lat="43.222261" lon="-2.598351"><ele>744.468139</ele></trkpt>
      <trkpt lat="43.222287" lon="-2.59846"><ele>744.162406</ele></trkpt>
      <trkpt lat="43.22231" lon="-2.598554"><ele>743.898081</ele></trkpt>
      <trkpt lat="43.222331" lon="-2.598638"><ele>743.661351</ele></trkpt>
      <trkpt lat="43.22235" lon="-2.59873"><ele>743.406447</ele></trkpt>
      <trkpt lat="43.222366" lon="-2.598821"><ele>743.156907</ele></trkpt>
      <trkpt lat="43.222381" lon="-2.598913"><ele>742.905598</ele></trkpt>
      <trkpt lat="43.222403" lon="-2.599006"><ele>742.644952</ele></trkpt>
      <trkpt lat="43.222428" lon="-2.599097"><ele>742.385707</ele></trkpt>
      <trkpt lat="43.222451" lon="-2.599197"><ele>741.928152</ele></trkpt>
      <trkpt lat="43.222475" lon="-2.599289"><ele>741.345579</ele></trkpt>
      <trkpt lat="43.222495" lon="-2.599383"><ele>740.76177</ele></trkpt>
      <trkpt lat="43.222519" lon="-2.599486"><ele>740.117075</ele></trkpt>
      <trkpt lat="43.222543" lon="-2.599589"><ele>739.472381</ele></trkpt>
      <trkpt lat="43.222566" lon="-2.599695"><ele>738.81301</ele></trkpt>
      <trkpt lat="43.222597" lon="-2.599801"><ele>738.132065</ele></trkpt>
      <trkpt lat="43.222621" lon="-2.599911"><ele>737.447504</ele></trkpt>
      <trkpt lat="43.222653" lon="-2.60003"><ele>736.691286</ele></trkpt>
      <trkpt lat="43.222689" lon="-2.600154"><ele>735.895513</ele></trkpt>
      <trkpt lat="43.222725" lon="-2.600275"><ele>735.116327</ele></trkpt>
      <trkpt lat="43.222766" lon="-2.6004"><ele>734.299091</ele></trkpt>
      <trkpt lat="43.222804" lon="-2.600522"><ele>733.508096</ele></trkpt>
      <trkpt lat="43.22284" lon="-2.600638"><ele>732.756424</ele></trkpt>
      <trkpt lat="43.222881" lon="-2.600746"><ele>732.030416</ele></trkpt>
      <trkpt lat="43.222919" lon="-2.600852"><ele>731.326135</ele></trkpt>
      <trkpt lat="43.222947" lon="-2.600949"><ele>730.704124</ele></trkpt>
      <trkpt lat="43.222964" lon="-2.601046"><ele>730.109343</ele></trkpt>
      <trkpt lat="43.22299" lon="-2.601136"><ele>729.532158</ele></trkpt>
      <trkpt lat="43.223007" lon="-2.601228"><ele>728.966317</ele></trkpt>
      <trkpt lat="43.223027" lon="-2.601324"><ele>728.371058</ele></trkpt>
      <trkpt lat="43.223045" lon="-2.601411"><ele>727.831885</ele></trkpt>
      <trkpt lat="43.223067" lon="-2.601502"><ele>727.321922</ele></trkpt>
      <trkpt lat="43.223092" lon="-2.601591"><ele>726.880995</ele></trkpt>
      <trkpt lat="43.223122" lon="-2.601679"><ele>726.431885</ele></trkpt>
      <trkpt lat="43.223155" lon="-2.601768"><ele>725.970269</ele></trkpt>
      <trkpt lat="43.223181" lon="-2.60185"><ele>725.556882</ele></trkpt>
      <trkpt lat="43.223205" lon="-2.601935"><ele>725.13549</ele></trkpt>
      <trkpt lat="43.223233" lon="-2.60202"><ele>724.704281</ele></trkpt>
      <trkpt lat="43.223256" lon="-2.602101"><ele>724.302423</ele></trkpt>
      <trkpt lat="43.223283" lon="-2.602178"><ele>723.907412</ele></trkpt>
      <trkpt lat="43.223307" lon="-2.602261"><ele>723.494629</ele></trkpt>
      <trkpt lat="43.223326" lon="-2.602347"><ele>723.079211</ele></trkpt>
      <trkpt lat="43.223352" lon="-2.602432"><ele>722.653072</ele></trkpt>
      <trkpt lat="43.223376" lon="-2.602519"><ele>722.223048</ele></trkpt>
      <trkpt lat="43.223406" lon="-2.602612"><ele>721.752902</ele></trkpt>
      <trkpt lat="43.223427" lon="-2.602694"><ele>721.351117</ele></trkpt>
      <trkpt lat="43.223447" lon="-2.60277"><ele>720.977589</ele></trkpt>
      <trkpt lat="43.22347" lon="-2.602845"><ele>720.60144</ele></trkpt>
      <trkpt lat="43.223495" lon="-2.60292"><ele>720.22019</ele></trkpt>
      <trkpt lat="43.223519" lon="-2.603003"><ele>719.807408</ele></trkpt>
      <trkpt lat="43.223539" lon="-2.60309"><ele>719.385701</ele></trkpt>
      <trkpt lat="43.223563" lon="-2.603179"><ele>718.947019</ele></trkpt>
      <trkpt lat="43.223591" lon="-2.603265"><ele>718.511596</ele></trkpt>
      <trkpt lat="43.223624" lon="-2.603348"><ele>718.074522</ele></trkpt>
      <trkpt lat="43.223662" lon="-2.603418"><ele>717.671015</ele></trkpt>
      <trkpt lat="43.223693" lon="-2.603493"><ele>717.272427</ele></trkpt>
      <trkpt lat="43.223721" lon="-2.603572"><ele>716.866334</ele></trkpt>
      <trkpt lat="43.223743" lon="-2.60365"><ele>716.479702</ele></trkpt>
      <trkpt lat="43.223761" lon="-2.603724"><ele>716.119924</ele></trkpt>
      <trkpt lat="43.223785" lon="-2.603797"><ele>715.807652</ele></trkpt>
      <trkpt lat="43.223808" lon="-2.603875"><ele>715.479556</ele></trkpt>
      <trkpt lat="43.223831" lon="-2.603954"><ele>715.147843</ele></trkpt>
      <trkpt lat="43.223861" lon="-2.604032"><ele>714.80394</ele></trkpt>
      <trkpt lat="43.223888" lon="-2.604109"><ele>714.470749</ele></trkpt>
      <trkpt lat="43.223911" lon="-2.604192"><ele>714.124504</ele></trkpt>
      <trkpt lat="43.223934" lon="-2.604281"><ele>713.756298</ele></trkpt>
      <trkpt lat="43.22396" lon="-2.604364"><ele>713.404028</ele></trkpt>
      <trkpt lat="43.22398" lon="-2.604442"><ele>713.081611</ele></trkpt>
      <trkpt lat="43.223998" lon="-2.604524"><ele>712.747685</ele></trkpt>
      <trkpt lat="43.224024" lon="-2.604604"><ele>712.406131</ele></trkpt>
      <trkpt lat="43.224048" lon="-2.604682"><ele>712.075992</ele></trkpt>
      <trkpt lat="43.224072" lon="-2.604757"><ele>711.756597</ele></trkpt>
      <trkpt lat="43.224101" lon="-2.604837"><ele>711.408195</ele></trkpt>
      <trkpt lat="43.224127" lon="-2.604919"><ele>711.059505</ele></trkpt>
      <trkpt lat="43.224155" lon="-2.605003"><ele>710.699331</ele></trkpt>
      <trkpt lat="43.224179" lon="-2.605086"><ele>710.35115</ele></trkpt>
      <trkpt lat="43.224202" lon="-2.60517"><ele>710.00126</ele></trkpt>
      <trkpt lat="43.224221" lon="-2.605263"><ele>709.624654</ele></trkpt>
      <trkpt lat="43.224239" lon="-2.605353"><ele>709.26075</ele></trkpt>
      <trkpt lat="43.224262" lon="-2.605443"><ele>708.888869</ele></trkpt>
      <trkpt lat="43.224279" lon="-2.605526"><ele>708.552696</ele></trkpt>
      <trkpt lat="43.224289" lon="-2.605618"><ele>708.190004</ele></trkpt>
      <trkpt lat="43.224299" lon="-2.605715"><ele>707.808018</ele></trkpt>
      <trkpt lat="43.224308" lon="-2.605817"><ele>707.407398</ele></trkpt>
      <trkpt lat="43.224316" lon="-2.605924"><ele>706.987997</ele></trkpt>
      <trkpt lat="43.224318" lon="-2.606024"><ele>706.597933</ele></trkpt>
      <trkpt lat="43.224314" lon="-2.606104"><ele>706.258644</ele></trkpt>
      <trkpt lat="43.224325" lon="-2.606182"><ele>705.910449</ele></trkpt>
      <trkpt lat="43.224338" lon="-2.606253"><ele>705.589603</ele></trkpt>
      <trkpt lat="43.224348" lon="-2.606321"><ele>705.28557</ele></trkpt>
      <trkpt lat="43.224353" lon="-2.606392"><ele>704.972947</ele></trkpt>
      <trkpt lat="43.224352" lon="-2.606463"><ele>704.661716</ele></trkpt>
      <trkpt lat="43.224357" lon="-2.606541"><ele>704.318545</ele></trkpt>
      <trkpt lat="43.224357" lon="-2.606624"><ele>703.954779</ele></trkpt>
      <trkpt lat="43.224372" lon="-2.606701"><ele>703.605459</ele></trkpt>
      <trkpt lat="43.224383" lon="-2.606765"><ele>703.317268</ele></trkpt>
      <trkpt lat="43.224403" lon="-2.606835"><ele>702.987738</ele></trkpt>
      <trkpt lat="43.224422" lon="-2.606903"><ele>702.668555</ele></trkpt>
      <trkpt lat="43.224445" lon="-2.606966"><ele>702.359729</ele></trkpt>
      <trkpt lat="43.224473" lon="-2.607027"><ele>702.043762</ele></trkpt>
      <trkpt lat="43.224488" lon="-2.607085"><ele>701.774029</ele></trkpt>
      <trkpt lat="43.224491" lon="-2.607149"><ele>701.492957</ele></trkpt>
      <trkpt lat="43.224492" lon="-2.607214"><ele>701.208018</ele></trkpt>
      <trkpt lat="43.224501" lon="-2.60728"><ele>700.913738</ele></trkpt>
      <trkpt lat="43.224522" lon="-2.607348"><ele>700.590053</ele></trkpt>
      <trkpt lat="43.224535" lon="-2.60741"><ele>700.3073</ele></trkpt>
      <trkpt lat="43.224553" lon="-2.607467"><ele>700.035036</ele></trkpt>
      <trkpt lat="43.22457" lon="-2.607523"><ele>699.769158</ele></trkpt>
      <trkpt lat="43.224587" lon="-2.607584"><ele>699.482927</ele></trkpt>
      <trkpt lat="43.224614" lon="-2.607644"><ele>699.173863</ele></trkpt>
      <trkpt lat="43.224642" lon="-2.607701"><ele>698.872585</ele></trkpt>
      <trkpt lat="43.224663" lon="-2.607768"><ele>698.552932</ele></trkpt>
      <trkpt lat="43.22467" lon="-2.607841"><ele>698.230237</ele></trkpt>
      <trkpt lat="43.224679" lon="-2.607917"><ele>697.892783</ele></trkpt>
      <trkpt lat="43.224698" lon="-2.607992"><ele>697.544782</ele></trkpt>
      <trkpt lat="43.224725" lon="-2.608061"><ele>697.201532</ele></trkpt>
      <trkpt lat="43.224752" lon="-2.608126"><ele>696.873621</ele></trkpt>
      <trkpt lat="43.224774" lon="-2.608196"><ele>696.539514</ele></trkpt>
      <trkpt lat="43.224802" lon="-2.60826"><ele>696.212348</ele></trkpt>
      <trkpt lat="43.224825" lon="-2.608331"><ele>695.871814</ele></trkpt>
      <trkpt lat="43.224842" lon="-2.608406"><ele>695.518788</ele></trkpt>
      <trkpt lat="43.224851" lon="-2.608487"><ele>695.139223</ele></trkpt>
      <trkpt lat="43.224852" lon="-2.608571"><ele>694.750047</ele></trkpt>
      <trkpt lat="43.224873" lon="-2.608647"><ele>694.373519</ele></trkpt>
      <trkpt lat="43.224902" lon="-2.608707"><ele>694.039986</ele></trkpt>
      <trkpt lat="43.22491" lon="-2.60878"><ele>693.698016</ele></trkpt>
      <trkpt lat="43.224904" lon="-2.608855"><ele>693.348496</ele></trkpt>
      <trkpt lat="43.224883" lon="-2.608904"><ele>693.085156</ele></trkpt>
      <trkpt lat="43.224849" lon="-2.608922"><ele>692.85348</ele></trkpt>
      <trkpt lat="43.224811" lon="-2.608923"><ele>692.611856</ele></trkpt>
      <trkpt lat="43.224771" lon="-2.608912"><ele>692.352505</ele></trkpt>
      <trkpt lat="43.224722" lon="-2.608883"><ele>692.013261</ele></trkpt>
      <trkpt lat="43.22467" lon="-2.608844"><ele>691.636531</ele></trkpt>
      <trkpt lat="43.224617" lon="-2.608794"><ele>691.227657</ele></trkpt>
      <trkpt lat="43.224553" lon="-2.608749"><ele>690.770492</ele></trkpt>
      <trkpt lat="43.224492" lon="-2.608705"><ele>690.332388</ele></trkpt>
      <trkpt lat="43.224426" lon="-2.608663"><ele>689.869887</ele></trkpt>
      <trkpt lat="43.22436" lon="-2.608631"><ele>689.424884</ele></trkpt>
      <trkpt lat="43.224291" lon="-2.608601"><ele>688.964737</ele></trkpt>
      <trkpt lat="43.224224" lon="-2.608566"><ele>688.508978</ele></trkpt>
      <trkpt lat="43.224163" lon="-2.608515"><ele>688.054879</ele></trkpt>
      <trkpt lat="43.224098" lon="-2.608456"><ele>687.559439</ele></trkpt>
      <trkpt lat="43.224024" lon="-2.608415"><ele>687.0521</ele></trkpt>
      <trkpt lat="43.22394" lon="-2.608408"><ele>686.517097</ele></trkpt>
      <trkpt lat="43.223861" lon="-2.608427"><ele>686.00721</ele></trkpt>
      <trkpt lat="43.22378" lon="-2.608455"><ele>685.476178</ele></trkpt>
      <trkpt lat="43.223699" lon="-2.608483"><ele>684.945146</ele></trkpt>
      <trkpt lat="43.223621" lon="-2.608506"><ele>684.437953</ele></trkpt>
      <trkpt lat="43.223552" lon="-2.60854"><ele>683.995619</ele></trkpt>
      <trkpt lat="43.223484" lon="-2.608587"><ele>683.553333</ele></trkpt>
      <trkpt lat="43.223416" lon="-2.608628"><ele>683.121874</ele></trkpt>
      <trkpt lat="43.223348" lon="-2.608658"><ele>682.70695</ele></trkpt>
      <trkpt lat="43.223273" lon="-2.60869"><ele>682.250701</ele></trkpt>
      <trkpt lat="43.223201" lon="-2.608726"><ele>681.805555</ele></trkpt>
      <trkpt lat="43.223134" lon="-2.608769"><ele>681.375891</ele></trkpt>
      <trkpt lat="43.223067" lon="-2.608816"><ele>680.938785</ele></trkpt>
      <trkpt lat="43.223" lon="-2.608863"><ele>680.501679</ele></trkpt>
      <trkpt lat="43.222929" lon="-2.608913"><ele>680.038102</ele></trkpt>
      <trkpt lat="43.222852" lon="-2.608958"><ele>679.551935</ele></trkpt>
      <trkpt lat="43.222773" lon="-2.609008"><ele>679.046567</ele></trkpt>
      <trkpt lat="43.222687" lon="-2.609061"><ele>678.498927</ele></trkpt>
      <trkpt lat="43.222596" lon="-2.609109"><ele>677.932601</ele></trkpt>
      <trkpt lat="43.222501" lon="-2.609152"><ele>677.3515</ele></trkpt>
      <trkpt lat="43.222406" lon="-2.60919"><ele>676.776677</ele></trkpt>
      <trkpt lat="43.222312" lon="-2.609228"><ele>676.207428</ele></trkpt>
      <trkpt lat="43.222223" lon="-2.60927"><ele>675.66071</ele></trkpt>
      <trkpt lat="43.222137" lon="-2.609312"><ele>675.130441</ele></trkpt>
      <trkpt lat="43.222047" lon="-2.609344"><ele>674.590365</ele></trkpt>
      <trkpt lat="43.221958" lon="-2.60938"><ele>674.05137</ele></trkpt>
      <trkpt lat="43.221872" lon="-2.609423"><ele>673.473423</ele></trkpt>
      <trkpt lat="43.22179" lon="-2.609464"><ele>672.882459</ele></trkpt>
      <trkpt lat="43.221708" lon="-2.609506"><ele>672.289788</ele></trkpt>
      <trkpt lat="43.221624" lon="-2.609549"><ele>671.682703</ele></trkpt>
      <trkpt lat="43.221542" lon="-2.60959"><ele>671.091739</ele></trkpt>
      <trkpt lat="43.22146" lon="-2.609626"><ele>670.508759</ele></trkpt>
      <trkpt lat="43.221375" lon="-2.609652"><ele>669.919064</ele></trkpt>
      <trkpt lat="43.221293" lon="-2.609685"><ele>669.340424</ele></trkpt>
      <trkpt lat="43.221211" lon="-2.609718"><ele>668.761783</ele></trkpt>
      <trkpt lat="43.221128" lon="-2.609742"><ele>668.187414</ele></trkpt>
      <trkpt lat="43.221041" lon="-2.609759"><ele>667.592359</ele></trkpt>
      <trkpt lat="43.220951" lon="-2.609778"><ele>666.975762</ele></trkpt>
      <trkpt lat="43.220855" lon="-2.609787"><ele>666.324191</ele></trkpt>
      <trkpt lat="43.220753" lon="-2.609796"><ele>665.63208</ele></trkpt>
      <trkpt lat="43.220653" lon="-2.609785"><ele>664.952767</ele></trkpt>
      <trkpt lat="43.220551" lon="-2.609759"><ele>664.250268</ele></trkpt>
      <trkpt lat="43.220463" lon="-2.609711"><ele>663.609036</ele></trkpt>
      <trkpt lat="43.220403" lon="-2.609635"><ele>663.056126</ele></trkpt>
      <trkpt lat="43.220376" lon="-2.609537"><ele>662.539138</ele></trkpt>
      <trkpt lat="43.220381" lon="-2.609431"><ele>662.014987</ele></trkpt>
      <trkpt lat="43.220408" lon="-2.609319"><ele>661.415045</ele></trkpt>
      <trkpt lat="43.220446" lon="-2.609198"><ele>660.702778</ele></trkpt>
      <trkpt lat="43.220486" lon="-2.609069"><ele>659.944915</ele></trkpt>
      <trkpt lat="43.220525" lon="-2.608938"><ele>659.179929</ele></trkpt>
      <trkpt lat="43.220572" lon="-2.608818"><ele>658.443466</ele></trkpt>
      <trkpt lat="43.220632" lon="-2.608721"><ele>657.755663</ele></trkpt>
      <trkpt lat="43.220703" lon="-2.608642"><ele>657.077584</ele></trkpt>
      <trkpt lat="43.220776" lon="-2.608574"><ele>656.423072</ele></trkpt>
      <trkpt lat="43.220845" lon="-2.608499"><ele>655.770093</ele></trkpt>
      <trkpt lat="43.220896" lon="-2.608404"><ele>655.132228</ele></trkpt>
      <trkpt lat="43.220912" lon="-2.608291"><ele>654.509945</ele></trkpt>
      <trkpt lat="43.220892" lon="-2.608176"><ele>653.870816</ele></trkpt>
      <trkpt lat="43.22084" lon="-2.608089"><ele>653.262546</ele></trkpt>
      <trkpt lat="43.220773" lon="-2.608035"><ele>652.686137</ele></trkpt>
      <trkpt lat="43.220699" lon="-2.607999"><ele>652.103711</ele></trkpt>
      <trkpt lat="43.22062" lon="-2.607968"><ele>651.494178</ele></trkpt>
      <trkpt lat="43.220542" lon="-2.60794"><ele>650.896083</ele></trkpt>
      <trkpt lat="43.220467" lon="-2.607898"><ele>650.29517</ele></trkpt>
      <trkpt lat="43.220392" lon="-2.60784"><ele>649.656534</ele></trkpt>
      <trkpt lat="43.220331" lon="-2.607768"><ele>649.059656</ele></trkpt>
      <trkpt lat="43.220288" lon="-2.607672"><ele>648.450496</ele></trkpt>
      <trkpt lat="43.220267" lon="-2.607565"><ele>647.949741</ele></trkpt>
      <trkpt lat="43.220271" lon="-2.607457"><ele>647.50029</ele></trkpt>
      <trkpt lat="43.220296" lon="-2.607345"><ele>647.013446</ele></trkpt>
      <trkpt lat="43.220326" lon="-2.607236"><ele>646.529184</ele></trkpt>
      <trkpt lat="43.220353" lon="-2.60712"><ele>646.023068</ele></trkpt>
      <trkpt lat="43.220369" lon="-2.607"><ele>645.516043</ele></trkpt>
      <trkpt lat="43.22037" lon="-2.606881"><ele>645.021422</ele></trkpt>
      <trkpt lat="43.220359" lon="-2.606763"><ele>644.526992</ele></trkpt>
      <trkpt lat="43.220333" lon="-2.606653"><ele>644.046362</ele></trkpt>
      <trkpt lat="43.220302" lon="-2.606549"><ele>643.579353</ele></trkpt>
      <trkpt lat="43.220278" lon="-2.606451"><ele>643.149659</ele></trkpt>
      <trkpt lat="43.220282" lon="-2.606351"><ele>642.733412</ele></trkpt>
      <trkpt lat="43.220312" lon="-2.606255"><ele>642.299276</ele></trkpt>
      <trkpt lat="43.220357" lon="-2.606177"><ele>641.885795</ele></trkpt>
      <trkpt lat="43.22041" lon="-2.606097"><ele>641.436432</ele></trkpt>
      <trkpt lat="43.220466" lon="-2.606017"><ele>640.975386</ele></trkpt>
      <trkpt lat="43.220524" lon="-2.605935"><ele>640.500436</ele></trkpt>
      <trkpt lat="43.22058" lon="-2.605855"><ele>640.03939</ele></trkpt>
      <trkpt lat="43.220637" lon="-2.605778"><ele>639.583207</ele></trkpt>
      <trkpt lat="43.220697" lon="-2.6057"><ele>639.111828</ele></trkpt>
      <trkpt lat="43.220762" lon="-2.605635"><ele>638.653117</ele></trkpt>
      <trkpt lat="43.220835" lon="-2.605583"><ele>638.184018</ele></trkpt>
      <trkpt lat="43.220905" lon="-2.605536"><ele>637.668052</ele></trkpt>
      <trkpt lat="43.220978" lon="-2.605477"><ele>637.06089</ele></trkpt>
      <trkpt lat="43.221049" lon="-2.605406"><ele>636.431286</ele></trkpt>
      <trkpt lat="43.221118" lon="-2.605329"><ele>635.793917</ele></trkpt>
      <trkpt lat="43.221187" lon="-2.605247"><ele>635.13976</ele></trkpt>
      <trkpt lat="43.22126" lon="-2.605169"><ele>634.476707</ele></trkpt>
      <trkpt lat="43.22133" lon="-2.605098"><ele>633.852882</ele></trkpt>
      <trkpt lat="43.221395" lon="-2.605029"><ele>633.26394</ele></trkpt>
      <trkpt lat="43.221442" lon="-2.604951"><ele>632.735365</ele></trkpt>
      <trkpt lat="43.221469" lon="-2.604859"><ele>632.2174</ele></trkpt>
      <trkpt lat="43.221463" lon="-2.604764"><ele>631.719408</ele></trkpt>
      <trkpt lat="43.221431" lon="-2.604685"><ele>631.24738</ele></trkpt>
      <trkpt lat="43.221376" lon="-2.604626"><ele>630.747073</ele></trkpt>
      <trkpt lat="43.221314" lon="-2.604569"><ele>630.212241</ele></trkpt>
      <trkpt lat="43.221249" lon="-2.604509"><ele>629.650825</ele></trkpt>
      <trkpt lat="43.221183" lon="-2.604443"><ele>629.06556</ele></trkpt>
      <trkpt lat="43.221116" lon="-2.604374"><ele>628.465217</ele></trkpt>
      <trkpt lat="43.221054" lon="-2.6043"><ele>627.876331</ele></trkpt>
      <trkpt lat="43.220995" lon="-2.604223"><ele>627.29281</ele></trkpt>
      <trkpt lat="43.220942" lon="-2.604139"><ele>626.712533</ele></trkpt>
      <trkpt lat="43.220883" lon="-2.604061"><ele>626.1254</ele></trkpt>
      <trkpt lat="43.220825" lon="-2.603986"><ele>625.554263</ele></trkpt>
      <trkpt lat="43.220762" lon="-2.603907"><ele>625.038536</ele></trkpt>
      <trkpt lat="43.220699" lon="-2.603826"><ele>624.739963</ele></trkpt>
      <trkpt lat="43.220637" lon="-2.60375"><ele>624.452448</ele></trkpt>
      <trkpt lat="43.220579" lon="-2.603676"><ele>624.178553</ele></trkpt>
      <trkpt lat="43.220522" lon="-2.603593"><ele>623.89112</ele></trkpt>
      <trkpt lat="43.220461" lon="-2.603506"><ele>623.586846</ele></trkpt>
      <trkpt lat="43.2204" lon="-2.603417"><ele>623.278919</ele></trkpt>
      <trkpt lat="43.220334" lon="-2.603327"><ele>622.957126</ele></trkpt>
      <trkpt lat="43.220273" lon="-2.603237"><ele>622.647359</ele></trkpt>
      <trkpt lat="43.220213" lon="-2.603149"><ele>622.343637</ele></trkpt>
      <trkpt lat="43.220155" lon="-2.603061"><ele>622.044597</ele></trkpt>
      <trkpt lat="43.2201" lon="-2.602977"><ele>621.759992</ele></trkpt>
      <trkpt lat="43.22005" lon="-2.602896"><ele>621.492454</ele></trkpt>
      <trkpt lat="43.219995" lon="-2.602821"><ele>621.224293</ele></trkpt>
      <trkpt lat="43.219927" lon="-2.60277"><ele>620.956285</ele></trkpt>
      <trkpt lat="43.219853" lon="-2.602744"><ele>620.692103</ele></trkpt>
      <trkpt lat="43.219781" lon="-2.602749"><ele>620.442776</ele></trkpt>
      <trkpt lat="43.219721" lon="-2.602775"><ele>620.225168</ele></trkpt>
      <trkpt lat="43.219673" lon="-2.602816"><ele>620.029629</ele></trkpt>
      <trkpt lat="43.219635" lon="-2.602866"><ele>619.847554</ele></trkpt>
      <trkpt lat="43.219601" lon="-2.602919"><ele>619.669595</ele></trkpt>
      <trkpt lat="43.219565" lon="-2.602974"><ele>619.483273</ele></trkpt>
      <trkpt lat="43.219523" lon="-2.603021"><ele>619.295842</ele></trkpt>
      <trkpt lat="43.219475" lon="-2.603051"><ele>619.113429</ele></trkpt>
      <trkpt lat="43.219424" lon="-2.603063"><ele>618.934473</ele></trkpt>
      <trkpt lat="43.219379" lon="-2.603072"><ele>619.007871</ele></trkpt>
      <trkpt lat="43.21933" lon="-2.603075"><ele>619.138686</ele></trkpt>
      <trkpt lat="43.21928" lon="-2.603083"><ele>619.272941</ele></trkpt>
      <trkpt lat="43.219235" lon="-2.603092"><ele>619.394225</ele></trkpt>
      <trkpt lat="43.21919" lon="-2.603106"><ele>619.517287</ele></trkpt>
      <trkpt lat="43.219145" lon="-2.603121"><ele>619.640794</ele></trkpt>
      <trkpt lat="43.219101" lon="-2.603139"><ele>619.763247</ele></trkpt>
      <trkpt lat="43.219061" lon="-2.603163"><ele>619.87968</ele></trkpt>
      <trkpt lat="43.219023" lon="-2.603192"><ele>619.995646</ele></trkpt>
      <trkpt lat="43.218984" lon="-2.603232"><ele>620.125504</ele></trkpt>
      <trkpt lat="43.218944" lon="-2.603265"><ele>620.249981</ele></trkpt>
      <trkpt lat="43.218904" lon="-2.603301"><ele>620.37756</ele></trkpt>
      <trkpt lat="43.218866" lon="-2.603338"><ele>620.501829</ele></trkpt>
      <trkpt lat="43.218825" lon="-2.603365"><ele>620.623117</ele></trkpt>
      <trkpt lat="43.218788" lon="-2.603389"><ele>620.732266</ele></trkpt>
      <trkpt lat="43.218748" lon="-2.603404"><ele>620.842859</ele></trkpt>
      <trkpt lat="43.218708" lon="-2.603409"><ele>620.949982</ele></trkpt>
      <trkpt lat="43.21867" lon="-2.603409"><ele>621.051329</ele></trkpt>
      <trkpt lat="43.218625" lon="-2.603415"><ele>621.171911</ele></trkpt>
      <trkpt lat="43.21858" lon="-2.603417"><ele>621.29199</ele></trkpt>
      <trkpt lat="43.218532" lon="-2.603433"><ele>621.423731</ele></trkpt>
      <trkpt lat="43.21849" lon="-2.60346"><ele>621.547429</ele></trkpt>
      <trkpt lat="43.218451" lon="-2.603491"><ele>621.667634</ele></trkpt>
      <trkpt lat="43.218419" lon="-2.603533"><ele>621.785733</ele></trkpt>
      <trkpt lat="43.218389" lon="-2.603579"><ele>621.905712</ele></trkpt>
      <trkpt lat="43.218364" lon="-2.603627"><ele>622.020382</ele></trkpt>
      <trkpt lat="43.218349" lon="-2.603681"><ele>622.132702</ele></trkpt>
      <trkpt lat="43.218331" lon="-2.603733"><ele>622.244591</ele></trkpt>
      <trkpt lat="43.218307" lon="-2.603787"><ele>622.367524</ele></trkpt>
      <trkpt lat="43.218273" lon="-2.603839"><ele>622.503308</ele></trkpt>
      <trkpt lat="43.21824" lon="-2.603879"><ele>622.62074</ele></trkpt>
      <trkpt lat="43.218199" lon="-2.603909"><ele>622.744663</ele></trkpt>
      <trkpt lat="43.218156" lon="-2.603927"><ele>622.864562</ele></trkpt>
      <trkpt lat="43.218114" lon="-2.603932"><ele>622.976999</ele></trkpt>
      <trkpt lat="43.218065" lon="-2.603931"><ele>623.107697</ele></trkpt>
      <trkpt lat="43.218018" lon="-2.603925"><ele>623.233589</ele></trkpt>
      <trkpt lat="43.217976" lon="-2.603914"><ele>623.347626</ele></trkpt>
      <trkpt lat="43.217935" lon="-2.6039"><ele>623.460309</ele></trkpt>
      <trkpt lat="43.217889" lon="-2.60388"><ele>623.589004</ele></trkpt>
      <trkpt lat="43.217847" lon="-2.60385"><ele>623.697366</ele></trkpt>
      <trkpt lat="43.21781" lon="-2.603815"><ele>623.618604</ele></trkpt>
      <trkpt lat="43.21778" lon="-2.603776"><ele>623.546176</ele></trkpt>
      <trkpt lat="43.217751" lon="-2.603732"><ele>623.470402</ele></trkpt>
      <trkpt lat="43.21772" lon="-2.603687"><ele>623.391312</ele></trkpt>
      <trkpt lat="43.217693" lon="-2.603639"><ele>623.313866</ele></trkpt>
      <trkpt lat="43.217666" lon="-2.603593"><ele>623.238426</ele></trkpt>
      <trkpt lat="43.217637" lon="-2.603551"><ele>623.164527</ele></trkpt>
      <trkpt lat="43.217605" lon="-2.603511"><ele>623.088662</ele></trkpt>
      <trkpt lat="43.217571" lon="-2.603469"><ele>623.008483</ele></trkpt>
      <trkpt lat="43.217536" lon="-2.603427"><ele>622.926994</ele></trkpt>
      <trkpt lat="43.217496" lon="-2.603381"><ele>622.835524</ele></trkpt>
      <trkpt lat="43.217449" lon="-2.603341"><ele>622.738593</ele></trkpt>
      <trkpt lat="43.2174" lon="-2.603301"><ele>622.638667</ele></trkpt>
      <trkpt lat="43.21735" lon="-2.603254"><ele>622.532446</ele></trkpt>
      <trkpt lat="43.217303" lon="-2.603205"><ele>622.428994</ele></trkpt>
      <trkpt lat="43.217256" lon="-2.603151"><ele>622.321558</ele></trkpt>
      <trkpt lat="43.217212" lon="-2.603092"><ele>622.213736</ele></trkpt>
      <trkpt lat="43.217169" lon="-2.60303"><ele>622.104417</ele></trkpt>
      <trkpt lat="43.217127" lon="-2.60296"><ele>621.988606</ele></trkpt>
      <trkpt lat="43.217088" lon="-2.602893"><ele>621.879083</ele></trkpt>
      <trkpt lat="43.21705" lon="-2.602818"><ele>621.762413</ele></trkpt>
      <trkpt lat="43.217016" lon="-2.602744"><ele>621.650679</ele></trkpt>
      <trkpt lat="43.216982" lon="-2.602674"><ele>621.543233</ele></trkpt>
      <trkpt lat="43.216948" lon="-2.602598"><ele>621.429331</ele></trkpt>
      <trkpt lat="43.216921" lon="-2.602525"><ele>621.32477</ele></trkpt>
      <trkpt lat="43.216897" lon="-2.602449"><ele>621.218977</ele></trkpt>
      <trkpt lat="43.216877" lon="-2.602368"><ele>621.109743</ele></trkpt>
      <trkpt lat="43.216862" lon="-2.602283"><ele>620.998038</ele></trkpt>
      <trkpt lat="43.216858" lon="-2.602202"><ele>620.894343</ele></trkpt>
      <trkpt lat="43.216863" lon="-2.602119"><ele>620.787969</ele></trkpt>
      <trkpt lat="43.216881" lon="-2.60203"><ele>620.669997</ele></trkpt>
      <trkpt lat="43.216901" lon="-2.601944"><ele>620.554696</ele></trkpt>
      <trkpt lat="43.216923" lon="-2.601865"><ele>620.37543</ele></trkpt>
      <trkpt lat="43.216944" lon="-2.601787"><ele>620.197462</ele></trkpt>
      <trkpt lat="43.216962" lon="-2.601694"><ele>619.991517</ele></trkpt>
      <trkpt lat="43.216974" lon="-2.6016"><ele>619.787269</ele></trkpt>
      <trkpt lat="43.216973" lon="-2.601503"><ele>619.579642</ele></trkpt>
      <trkpt lat="43.216963" lon="-2.601414"><ele>619.386908</ele></trkpt>
      <trkpt lat="43.216947" lon="-2.601327"><ele>619.194867</ele></trkpt>
      <trkpt lat="43.216931" lon="-2.60124"><ele>619.002827</ele></trkpt>
      <trkpt lat="43.216912" lon="-2.601152"><ele>618.806391</ele></trkpt>
      <trkpt lat="43.216874" lon="-2.601078"><ele>618.612643</ele></trkpt>
      <trkpt lat="43.216821" lon="-2.601031"><ele>618.427314</ele></trkpt>
      <trkpt lat="43.216758" lon="-2.601013"><ele>618.238326</ele></trkpt>
      <trkpt lat="43.216696" lon="-2.601022"><ele>618.055226</ele></trkpt>
      <trkpt lat="43.216643" lon="-2.601046"><ele>617.891317</ele></trkpt>
      <trkpt lat="43.216595" lon="-2.601088"><ele>617.724127</ele></trkpt>
      <trkpt lat="43.216552" lon="-2.60114"><ele>617.5558</ele></trkpt>
      <trkpt lat="43.216515" lon="-2.601199"><ele>617.389206</ele></trkpt>
      <trkpt lat="43.216479" lon="-2.601259"><ele>617.222867</ele></trkpt>
      <trkpt lat="43.216442" lon="-2.601314"><ele>617.062665</ele></trkpt>
      <trkpt lat="43.216409" lon="-2.601376"><ele>616.898344</ele></trkpt>
      <trkpt lat="43.216377" lon="-2.601439"><ele>616.733987</ele></trkpt>
      <trkpt lat="43.216346" lon="-2.601502"><ele>616.571292</ele></trkpt>
      <trkpt lat="43.216311" lon="-2.601569"><ele>616.394858</ele></trkpt>
      <trkpt lat="43.216275" lon="-2.601635"><ele>616.218415</ele></trkpt>
      <trkpt lat="43.216236" lon="-2.601697"><ele>616.043123</ele></trkpt>
      <trkpt lat="43.21619" lon="-2.601759"><ele>615.853757</ele></trkpt>
      <trkpt lat="43.21614" lon="-2.601821"><ele>615.65584</ele></trkpt>
      <trkpt lat="43.216088" lon="-2.601878"><ele>615.460378</ele></trkpt>
      <trkpt lat="43.216034" lon="-2.601933"><ele>615.25509</ele></trkpt>
      <trkpt lat="43.215978" lon="-2.601988"><ele>614.825628</ele></trkpt>
      <trkpt lat="43.215924" lon="-2.602045"><ele>614.400765</ele></trkpt>
      <trkpt lat="43.215873" lon="-2.602097"><ele>614.00453</ele></trkpt>
      <trkpt lat="43.215819" lon="-2.602146"><ele>613.600805</ele></trkpt>
      <trkpt lat="43.215763" lon="-2.602192"><ele>613.193789</ele></trkpt>
      <trkpt lat="43.215705" lon="-2.602236"><ele>612.780495</ele></trkpt>
      <trkpt lat="43.215644" lon="-2.602275"><ele>612.360824</ele></trkpt>
      <trkpt lat="43.215582" lon="-2.602307"><ele>611.947737</ele></trkpt>
      <trkpt lat="43.215521" lon="-2.602343"><ele>611.53364</ele></trkpt>
      <trkpt lat="43.215458" lon="-2.602378"><ele>611.109783</ele></trkpt>
      <trkpt lat="43.215394" lon="-2.602409"><ele>610.686534</ele></trkpt>
      <trkpt lat="43.215326" lon="-2.60244"><ele>610.239685</ele></trkpt>
      <trkpt lat="43.215257" lon="-2.602478"><ele>609.776027</ele></trkpt>
      <trkpt lat="43.215188" lon="-2.602509"><ele>609.323256</ele></trkpt>
      <trkpt lat="43.215119" lon="-2.602539"><ele>608.871878</ele></trkpt>
      <trkpt lat="43.215054" lon="-2.602579"><ele>608.42763</ele></trkpt>
      <trkpt lat="43.214994" lon="-2.602637"><ele>607.969933</ele></trkpt>
      <trkpt lat="43.214942" lon="-2.602712"><ele>607.499461</ele></trkpt>
      <trkpt lat="43.214916" lon="-2.6028"><ele>607.0679</ele></trkpt>
      <trkpt lat="43.214917" lon="-2.602893"><ele>606.645184</ele></trkpt>
      <trkpt lat="43.214941" lon="-2.602981"><ele>606.218152</ele></trkpt>
      <trkpt lat="43.214973" lon="-2.603066"><ele>605.783344</ele></trkpt>
      <trkpt lat="43.214992" lon="-2.603143"><ele>605.413877</ele></trkpt>
      <trkpt lat="43.214984" lon="-2.603201"><ele>605.145598</ele></trkpt>
      <trkpt lat="43.214949" lon="-2.603233"><ele>604.883318</ele></trkpt>
      <trkpt lat="43.214908" lon="-2.603234"><ele>604.627596</ele></trkpt>
      <trkpt lat="43.214866" lon="-2.603223"><ele>604.36095</ele></trkpt>
      <trkpt lat="43.214819" lon="-2.603206"><ele>604.05784</ele></trkpt>
      <trkpt lat="43.214768" lon="-2.603193"><ele>603.448895</ele></trkpt>
      <trkpt lat="43.214711" lon="-2.603183"><ele>602.769737</ele></trkpt>
      <trkpt lat="43.21465" lon="-2.603177"><ele>602.046938</ele></trkpt>
      <trkpt lat="43.214586" lon="-2.603178"><ele>601.290484</ele></trkpt>
      <trkpt lat="43.214515" lon="-2.603177"><ele>600.451303</ele></trkpt>
      <trkpt lat="43.214431" lon="-2.60316"><ele>599.44778</ele></trkpt>
      <trkpt lat="43.214342" lon="-2.603144"><ele>598.386914</ele></trkpt>
      <trkpt lat="43.214252" lon="-2.603107"><ele>597.276501</ele></trkpt>
      <trkpt lat="43.214162" lon="-2.603064"><ele>596.150165</ele></trkpt>
      <trkpt lat="43.214073" lon="-2.603014"><ele>595.013536</ele></trkpt>
      <trkpt lat="43.213987" lon="-2.602965"><ele>593.912968</ele></trkpt>
      <trkpt lat="43.213907" lon="-2.602898"><ele>592.80525</ele></trkpt>
      <trkpt lat="43.213832" lon="-2.602822"><ele>591.70331</ele></trkpt>
      <trkpt lat="43.213761" lon="-2.60274"><ele>590.606481</ele></trkpt>
      <trkpt lat="43.21369" lon="-2.602653"><ele>589.481435</ele></trkpt>
      <trkpt lat="43.213615" lon="-2.602558"><ele>588.275063</ele></trkpt>
      <trkpt lat="43.213531" lon="-2.602444"><ele>586.878692</ele></trkpt>
      <trkpt lat="43.213438" lon="-2.602325"><ele>585.375758</ele></trkpt>
      <trkpt lat="43.213338" lon="-2.602211"><ele>583.839174</ele></trkpt>
      <trkpt lat="43.213234" lon="-2.602105"><ele>582.255868</ele></trkpt>
      <trkpt lat="43.213128" lon="-2.602016"><ele>580.630016</ele></trkpt>
      <trkpt lat="43.213021" lon="-2.601931"><ele>579.012433</ele></trkpt>
      <trkpt lat="43.212919" lon="-2.601841"><ele>577.425845</ele></trkpt>
      <trkpt lat="43.212825" lon="-2.601733"><ele>575.821816</ele></trkpt>
      <trkpt lat="43.212733" lon="-2.601621"><ele>574.212702</ele></trkpt>
      <trkpt lat="43.21264" lon="-2.601527"><ele>572.701481</ele></trkpt>
      <trkpt lat="43.212546" lon="-2.601436"><ele>571.196377</ele></trkpt>
      <trkpt lat="43.212456" lon="-2.601337"><ele>569.687219</ele></trkpt>
      <trkpt lat="43.212369" lon="-2.60123"><ele>568.158655</ele></trkpt>
      <trkpt lat="43.212296" lon="-2.601128"><ele>566.795538</ele></trkpt>
      <trkpt lat="43.212225" lon="-2.601042"><ele>565.556465</ele></trkpt>
      <trkpt lat="43.212149" lon="-2.600989"><ele>564.441092</ele></trkpt>
      <trkpt lat="43.21207" lon="-2.600959"><ele>563.368673</ele></trkpt>
      <trkpt lat="43.212" lon="-2.600956"><ele>562.452411</ele></trkpt>
      <trkpt lat="43.211938" lon="-2.600969"><ele>561.631843</ele></trkpt>
      <trkpt lat="43.211884" lon="-2.600999"><ele>560.869641</ele></trkpt>
      <trkpt lat="43.21183" lon="-2.601037"><ele>560.075655</ele></trkpt>
      <trkpt lat="43.211765" lon="-2.601088"><ele>559.177768</ele></trkpt>
      <trkpt lat="43.211702" lon="-2.601139"><ele>558.687661</ele></trkpt>
      <trkpt lat="43.211637" lon="-2.601197"><ele>558.168149</ele></trkpt>
      <trkpt lat="43.211568" lon="-2.601257"><ele>557.620807</ele></trkpt>
      <trkpt lat="43.211491" lon="-2.601305"><ele>557.054138</ele></trkpt>
      <trkpt lat="43.211414" lon="-2.601343"><ele>556.505864</ele></trkpt>
      <trkpt lat="43.211342" lon="-2.601406"><ele>555.933699</ele></trkpt>
      <trkpt lat="43.211278" lon="-2.601478"><ele>555.379168</ele></trkpt>
      <trkpt lat="43.211217" lon="-2.601553"><ele>554.830364</ele></trkpt>
      <trkpt lat="43.211157" lon="-2.601632"><ele>554.273189</ele></trkpt>
      <trkpt lat="43.211102" lon="-2.601708"><ele>553.750176</ele></trkpt>
      <trkpt lat="43.211039" lon="-2.601782"><ele>553.194508</ele></trkpt>
      <trkpt lat="43.210959" lon="-2.601849"><ele>552.566523</ele></trkpt>
      <trkpt lat="43.21087" lon="-2.601904"><ele>551.912509</ele></trkpt>
      <trkpt lat="43.210793" lon="-2.601969"><ele>551.306766</ele></trkpt>
      <trkpt lat="43.210742" lon="-2.602051"><ele>550.780347</ele></trkpt>
      <trkpt lat="43.210708" lon="-2.602145"><ele>550.26789</ele></trkpt>
      <trkpt lat="43.210672" lon="-2.60222"><ele>549.829343</ele></trkpt>
      <trkpt lat="43.210625" lon="-2.602269"><ele>549.433836</ele></trkpt>
      <trkpt lat="43.210582" lon="-2.602304"><ele>549.098843</ele></trkpt>
      <trkpt lat="43.21055" lon="-2.602322"><ele>548.867117</ele></trkpt>
      <trkpt lat="43.210513" lon="-2.602339"><ele>548.605678</ele></trkpt>
      <trkpt lat="43.210473" lon="-2.602353"><ele>548.329087</ele></trkpt>
      <trkpt lat="43.210431" lon="-2.602364"><ele>548.042596</ele></trkpt>
      <trkpt lat="43.210394" lon="-2.602376"><ele>547.787857</ele></trkpt>
      <trkpt lat="43.210358" lon="-2.602394"><ele>547.531131</ele></trkpt>
      <trkpt lat="43.210323" lon="-2.602412"><ele>547.280691</ele></trkpt>
      <trkpt lat="43.210289" lon="-2.60243"><ele>547.020731</ele></trkpt>
      <trkpt lat="43.210255" lon="-2.602453"><ele>546.743933</ele></trkpt>
      <trkpt lat="43.21022" lon="-2.60248"><ele>546.450742</ele></trkpt>
      <trkpt lat="43.210187" lon="-2.602498"><ele>546.191438</ele></trkpt>
      <trkpt lat="43.210154" lon="-2.602521"><ele>545.92117</ele></trkpt>
      <trkpt lat="43.210121" lon="-2.602545"><ele>545.64845</ele></trkpt>
      <trkpt lat="43.21009" lon="-2.602561"><ele>545.406607</ele></trkpt>
      <trkpt lat="43.210057" lon="-2.602575"><ele>545.15439</ele></trkpt>
      <trkpt lat="43.210018" lon="-2.602598"><ele>544.844425</ele></trkpt>
      <trkpt lat="43.209974" lon="-2.602613"><ele>544.513375</ele></trkpt>
      <trkpt lat="43.209923" lon="-2.602641"><ele>544.112273</ele></trkpt>
      <trkpt lat="43.209867" lon="-2.602691"><ele>543.624411</ele></trkpt>
      <trkpt lat="43.209805" lon="-2.602749"><ele>543.076479</ele></trkpt>
      <trkpt lat="43.209736" lon="-2.60281"><ele>542.477119</ele></trkpt>
      <trkpt lat="43.20967" lon="-2.60286"><ele>541.926613</ele></trkpt>
      <trkpt lat="43.2096" lon="-2.602909"><ele>541.352804</ele></trkpt>
      <trkpt lat="43.209522" lon="-2.602957"><ele>540.728594</ele></trkpt>
      <trkpt lat="43.209438" lon="-2.60299"><ele>540.090591</ele></trkpt>
      <trkpt lat="43.209348" lon="-2.603009"><ele>539.425691</ele></trkpt>
      <trkpt lat="43.209261" lon="-2.603007"><ele>538.790342</ele></trkpt>
      <trkpt lat="43.20919" lon="-2.602973"><ele>538.24124</ele></trkpt>
      <trkpt lat="43.20911" lon="-2.602934"><ele>537.621313</ele></trkpt>
      <trkpt lat="43.209027" lon="-2.602905"><ele>536.995917</ele></trkpt>
      <trkpt lat="43.208948" lon="-2.602873"><ele>536.394457</ele></trkpt>
      <trkpt lat="43.208863" lon="-2.602838"><ele>535.746451</ele></trkpt>
      <trkpt lat="43.208776" lon="-2.6028"><ele>535.079776</ele></trkpt>
      <trkpt lat="43.208694" lon="-2.602769"><ele>534.45871</ele></trkpt>
      <trkpt lat="43.20861" lon="-2.602735"><ele>533.83819</ele></trkpt>
      <trkpt lat="43.208532" lon="-2.602699"><ele>533.281184</ele></trkpt>
      <trkpt lat="43.208456" lon="-2.602665"><ele>532.74013</ele></trkpt>
      <trkpt lat="43.208382" lon="-2.602637"><ele>532.22057</ele></trkpt>
      <trkpt lat="43.208315" lon="-2.60261"><ele>531.747931</ele></trkpt>
      <trkpt lat="43.208255" lon="-2.602588"><ele>531.327575</ele></trkpt>
      <trkpt lat="43.2082" lon="-2.602567"><ele>530.941166</ele></trkpt>
      <trkpt lat="43.20815" lon="-2.60255"><ele>530.59251</ele></trkpt>
      <trkpt lat="43.208104" lon="-2.602533"><ele>530.270066</ele></trkpt>
      <trkpt lat="43.208059" lon="-2.602513"><ele>529.949906</ele></trkpt>
      <trkpt lat="43.208009" lon="-2.60249"><ele>529.592971</ele></trkpt>
      <trkpt lat="43.207959" lon="-2.602461"><ele>529.225554</ele></trkpt>
      <trkpt lat="43.207903" lon="-2.602419"><ele>528.793587</ele></trkpt>
      <trkpt lat="43.207846" lon="-2.602366"><ele>528.327535</ele></trkpt>
      <trkpt lat="43.20778" lon="-2.602308"><ele>527.79704</ele></trkpt>
      <trkpt lat="43.207698" lon="-2.602259"><ele>527.191673</ele></trkpt>
      <trkpt lat="43.207618" lon="-2.602216"><ele>526.610131</ele></trkpt>
      <trkpt lat="43.207547" lon="-2.602168"><ele>526.074399</ele></trkpt>
      <trkpt lat="43.20748" lon="-2.602108"><ele>525.532862</ele></trkpt>
      <trkpt lat="43.207418" lon="-2.602038"><ele>524.989397</ele></trkpt>
      <trkpt lat="43.207359" lon="-2.601967"><ele>524.458214</ele></trkpt>
      <trkpt lat="43.207302" lon="-2.601889"><ele>523.913317</ele></trkpt>
      <trkpt lat="43.20726" lon="-2.601805"><ele>523.410783</ele></trkpt>
      <trkpt lat="43.207226" lon="-2.601717"><ele>522.919426</ele></trkpt>
      <trkpt lat="43.207194" lon="-2.601626"><ele>522.420975</ele></trkpt>
      <trkpt lat="43.207166" lon="-2.601535"><ele>521.933676</ele></trkpt>
      <trkpt lat="43.207147" lon="-2.601439"><ele>521.177661</ele></trkpt>
      <trkpt lat="43.207131" lon="-2.601339"><ele>520.382591</ele></trkpt>
      <trkpt lat="43.207117" lon="-2.601236"><ele>519.568925</ele></trkpt>
      <trkpt lat="43.207111" lon="-2.601134"><ele>518.774237</ele></trkpt>
      <trkpt lat="43.2071" lon="-2.601025"><ele>517.91969</ele></trkpt>
      <trkpt lat="43.207088" lon="-2.600913"><ele>517.040573</ele></trkpt>
      <trkpt lat="43.207082" lon="-2.600794"><ele>516.114234</ele></trkpt>
      <trkpt lat="43.207091" lon="-2.600691"><ele>515.308628</ele></trkpt>
      <trkpt lat="43.20709" lon="-2.600602"><ele>514.61739</ele></trkpt>
      <trkpt lat="43.207067" lon="-2.600531"><ele>514.014015</ele></trkpt>
      <trkpt lat="43.207026" lon="-2.600502"><ele>513.522549</ele></trkpt>
      <trkpt lat="43.20698" lon="-2.60052"><ele>513.012902</ele></trkpt>
      <trkpt lat="43.206951" lon="-2.600569"><ele>512.522733</ele></trkpt>
      <trkpt lat="43.206931" lon="-2.600641"><ele>511.924366</ele></trkpt>
      <trkpt lat="43.206904" lon="-2.600717"><ele>511.267789</ele></trkpt>
      <trkpt lat="43.206867" lon="-2.600795"><ele>510.545074</ele></trkpt>
      <trkpt lat="43.206833" lon="-2.600877"><ele>509.81245</ele></trkpt>
      <trkpt lat="43.206818" lon="-2.600965"><ele>509.110618</ele></trkpt>
      <trkpt lat="43.206806" lon="-2.601065"><ele>508.32358</ele></trkpt>
      <trkpt lat="43.206797" lon="-2.601171"><ele>507.494835</ele></trkpt>
      <trkpt lat="43.206787" lon="-2.601285"><ele>506.60314</ele></trkpt>
      <trkpt lat="43.206772" lon="-2.601397"><ele>505.718805</ele></trkpt>
      <trkpt lat="43.206769" lon="-2.601509"><ele>504.848443</ele></trkpt>
      <trkpt lat="43.206774" lon="-2.601616"><ele>504.015792</ele></trkpt>
      <trkpt lat="43.206792" lon="-2.601736"><ele>503.064361</ele></trkpt>
      <trkpt lat="43.206816" lon="-2.601847"><ele>501.983284</ele></trkpt>
      <trkpt lat="43.206848" lon="-2.601956"><ele>500.78262</ele></trkpt>
      <trkpt lat="43.206889" lon="-2.602048"><ele>499.680818</ele></trkpt>
      <trkpt lat="43.20693" lon="-2.602125"><ele>498.706492</ele></trkpt>
      <trkpt lat="43.206953" lon="-2.602203"><ele>497.846772</ele></trkpt>
      <trkpt lat="43.206949" lon="-2.602264"><ele>497.220982</ele></trkpt>
      <trkpt lat="43.206926" lon="-2.602283"><ele>496.84463</ele></trkpt>
      <trkpt lat="43.206898" lon="-2.602271"><ele>496.433418</ele></trkpt>
      <trkpt lat="43.206856" lon="-2.60224"><ele>495.764862</ele></trkpt>
      <trkpt lat="43.206804" lon="-2.602203"><ele>494.943718</ele></trkpt>
      <trkpt lat="43.206744" lon="-2.602167"><ele>494.025715</ele></trkpt>
      <trkpt lat="43.206677" lon="-2.602129"><ele>493.009411</ele></trkpt>
      <trkpt lat="43.206607" lon="-2.602084"><ele>491.925761</ele></trkpt>
      <trkpt lat="43.20653" lon="-2.602039"><ele>490.752517</ele></trkpt>
      <trkpt lat="43.206449" lon="-2.601981"><ele>489.471701</ele></trkpt>
      <trkpt lat="43.206377" lon="-2.601896"><ele>488.140164</ele></trkpt>
      <trkpt lat="43.206313" lon="-2.601797"><ele>486.78808</ele></trkpt>
      <trkpt lat="43.206254" lon="-2.601697"><ele>485.473524</ele></trkpt>
      <trkpt lat="43.206195" lon="-2.601592"><ele>484.118876</ele></trkpt>
      <trkpt lat="43.20614" lon="-2.601485"><ele>482.781067</ele></trkpt>
      <trkpt lat="43.206106" lon="-2.60137"><ele>481.513045</ele></trkpt>
      <trkpt lat="43.206087" lon="-2.601246"><ele>480.218353</ele></trkpt>
      <trkpt lat="43.206079" lon="-2.601118"><ele>478.905683</ele></trkpt>
      <trkpt lat="43.206086" lon="-2.600994"><ele>477.634889</ele></trkpt>
      <trkpt lat="43.206101" lon="-2.60086"><ele>476.515436</ele></trkpt>
      <trkpt lat="43.206102" lon="-2.60072"><ele>475.382318</ele></trkpt>
      <trkpt lat="43.206093" lon="-2.600583"><ele>474.26904</ele></trkpt>
      <trkpt lat="43.206076" lon="-2.600446"><ele>473.144304</ele></trkpt>
      <trkpt lat="43.206067" lon="-2.600308"><ele>472.022965</ele></trkpt>
      <trkpt lat="43.206075" lon="-2.600165"><ele>470.862217</ele></trkpt>
      <trkpt lat="43.206079" lon="-2.60004"><ele>469.849579</ele></trkpt>
      <trkpt lat="43.206076" lon="-2.59993"><ele>468.958691</ele></trkpt>
      <trkpt lat="43.206046" lon="-2.599854"><ele>468.259193</ele></trkpt>
      <trkpt lat="43.206007" lon="-2.599845"><ele>467.820072</ele></trkpt>
      <trkpt lat="43.205973" lon="-2.599853"><ele>467.437041</ele></trkpt>
      <trkpt lat="43.205952" lon="-2.59989"><ele>467.057512</ele></trkpt>
      <trkpt lat="43.205939" lon="-2.599944"><ele>466.597251</ele></trkpt>
      <trkpt lat="43.205909" lon="-2.600003"><ele>466.015038</ele></trkpt>
      <trkpt lat="43.205863" lon="-2.60007"><ele>465.270111</ele></trkpt>
      <trkpt lat="43.205799" lon="-2.600122"><ele>464.444214</ele></trkpt>
      <trkpt lat="43.205739" lon="-2.600188"><ele>463.590301</ele></trkpt>
      <trkpt lat="43.205701" lon="-2.600279"><ele>462.741506</ele></trkpt>
      <trkpt lat="43.205675" lon="-2.600381"><ele>461.866959</ele></trkpt>
      <trkpt lat="43.205663" lon="-2.600495"><ele>460.934744</ele></trkpt>
      <trkpt lat="43.205645" lon="-2.600619"><ele>459.911458</ele></trkpt>
      <trkpt lat="43.205624" lon="-2.600744"><ele>458.873263</ele></trkpt>
      <trkpt lat="43.205609" lon="-2.60087"><ele>457.839986</ele></trkpt>
      <trkpt lat="43.205581" lon="-2.600992"><ele>456.395106</ele></trkpt>
      <trkpt lat="43.205542" lon="-2.601109"><ele>454.786478</ele></trkpt>
      <trkpt lat="43.205501" lon="-2.601225"><ele>453.174541</ele></trkpt>
      <trkpt lat="43.205468" lon="-2.601337"><ele>451.664057</ele></trkpt>
      <trkpt lat="43.205445" lon="-2.601423"><ele>450.518655</ele></trkpt>
      <trkpt lat="43.205408" lon="-2.601484"><ele>449.526397</ele></trkpt>
      <trkpt lat="43.20535" lon="-2.601543"><ele>448.287809</ele></trkpt>
      <trkpt lat="43.205291" lon="-2.601622"><ele>446.873586</ele></trkpt>
      <trkpt lat="43.205237" lon="-2.601725"><ele>445.287185</ele></trkpt>
      <trkpt lat="43.205195" lon="-2.60185"><ele>443.566172</ele></trkpt>
      <trkpt lat="43.205162" lon="-2.601997"><ele>441.642943</ele></trkpt>
      <trkpt lat="43.205147" lon="-2.602154"><ele>439.663082</ele></trkpt>
      <trkpt lat="43.205134" lon="-2.60231"><ele>437.69981</ele></trkpt>
      <trkpt lat="43.205118" lon="-2.602452"><ele>435.903207</ele></trkpt>
      <trkpt lat="43.205107" lon="-2.602579"><ele>434.304074</ele></trkpt>
      <trkpt lat="43.205112" lon="-2.602695"><ele>432.851118</ele></trkpt>
      <trkpt lat="43.205123" lon="-2.602785"><ele>431.710081</ele></trkpt>
      <trkpt lat="43.20512" lon="-2.602864"><ele>430.720955</ele></trkpt>
      <trkpt lat="43.205096" lon="-2.602939"><ele>429.696792</ele></trkpt>
      <trkpt lat="43.205043" lon="-2.602996"><ele>428.541577</ele></trkpt>
      <trkpt lat="43.204963" lon="-2.603039"><ele>427.067697</ele></trkpt>
      <trkpt lat="43.204873" lon="-2.603088"><ele>425.649084</ele></trkpt>
      <trkpt lat="43.204767" lon="-2.60315"><ele>424.042031</ele></trkpt>
      <trkpt lat="43.204657" lon="-2.603218"><ele>422.359391</ele></trkpt>
      <trkpt lat="43.204546" lon="-2.6033"><ele>420.601189</ele></trkpt>
      <trkpt lat="43.204435" lon="-2.603391"><ele>418.79781</ele></trkpt>
      <trkpt lat="43.204318" lon="-2.603494"><ele>416.859039</ele></trkpt>
      <trkpt lat="43.204202" lon="-2.6036"><ele>414.915251</ele></trkpt>
      <trkpt lat="43.204088" lon="-2.6037"><ele>413.028158</ele></trkpt>
      <trkpt lat="43.203971" lon="-2.603795"><ele>411.13207</ele></trkpt>
      <trkpt lat="43.203855" lon="-2.603884"><ele>409.278493</ele></trkpt>
      <trkpt lat="43.203729" lon="-2.603976"><ele>407.287877</ele></trkpt>
      <trkpt lat="43.203612" lon="-2.604065"><ele>405.422114</ele></trkpt>
      <trkpt lat="43.203499" lon="-2.604156"><ele>403.594728</ele></trkpt>
      <trkpt lat="43.203386" lon="-2.604245"><ele>401.77755</ele></trkpt>
      <trkpt lat="43.203282" lon="-2.604326"><ele>400.504002</ele></trkpt>
      <trkpt lat="43.203189" lon="-2.60441"><ele>399.356954</ele></trkpt>
      <trkpt lat="43.203107" lon="-2.604489"><ele>398.324733</ele></trkpt>
      <trkpt lat="43.203044" lon="-2.604576"><ele>397.403866</ele></trkpt>
      <trkpt lat="43.202996" lon="-2.604673"><ele>396.523494</ele></trkpt>
      <trkpt lat="43.202953" lon="-2.604774"><ele>395.645184</ele></trkpt>
      <trkpt lat="43.202904" lon="-2.604868"><ele>394.777405</ele></trkpt>
      <trkpt lat="43.202854" lon="-2.604954"><ele>393.95136</ele></trkpt>
      <trkpt lat="43.202801" lon="-2.605039"><ele>393.11142</ele></trkpt>
      <trkpt lat="43.202741" lon="-2.605119"><ele>392.24949</ele></trkpt>
      <trkpt lat="43.202685" lon="-2.605207"><ele>391.372297</ele></trkpt>
      <trkpt lat="43.202641" lon="-2.605312"><ele>390.462829</ele></trkpt>
      <trkpt lat="43.202606" lon="-2.605426"><ele>389.533948</ele></trkpt>
      <trkpt lat="43.202573" lon="-2.605544"><ele>388.584887</ele></trkpt>
      <trkpt lat="43.202529" lon="-2.605668"><ele>387.549281</ele></trkpt>
      <trkpt lat="43.202477" lon="-2.605791"><ele>386.481548</ele></trkpt>
      <trkpt lat="43.202418" lon="-2.605907"><ele>385.419392</ele></trkpt>
      <trkpt lat="43.202364" lon="-2.606014"><ele>384.442128</ele></trkpt>
      <trkpt lat="43.202314" lon="-2.606131"><ele>383.423692</ele></trkpt>
      <trkpt lat="43.202273" lon="-2.606257"><ele>381.920608</ele></trkpt>
      <trkpt lat="43.202238" lon="-2.606381"><ele>380.25803</ele></trkpt>
      <trkpt lat="43.202195" lon="-2.606503"><ele>378.563674</ele></trkpt>
      <trkpt lat="43.20215" lon="-2.606623"><ele>376.876379</ele></trkpt>
      <trkpt lat="43.20211" lon="-2.606728"><ele>375.395061</ele></trkpt>
      <trkpt lat="43.202061" lon="-2.606822"><ele>373.950153</ele></trkpt>
      <trkpt lat="43.202001" lon="-2.606881"><ele>372.683915</ele></trkpt>
      <trkpt lat="43.201942" lon="-2.606915"><ele>371.586247</ele></trkpt>
      <trkpt lat="43.201893" lon="-2.606954"><ele>370.614553</ele></trkpt>
      <trkpt lat="43.201844" lon="-2.607017"><ele>369.462645</ele></trkpt>
      <trkpt lat="43.201797" lon="-2.607096"><ele>368.187657</ele></trkpt>
      <trkpt lat="43.201756" lon="-2.607177"><ele>366.954661</ele></trkpt>
      <trkpt lat="43.201713" lon="-2.607253"><ele>365.751753</ele></trkpt>
      <trkpt lat="43.201668" lon="-2.607302"><ele>364.766289</ele></trkpt>
      <trkpt lat="43.201601" lon="-2.607334"><ele>363.549405</ele></trkpt>
      <trkpt lat="43.201523" lon="-2.607358"><ele>362.17826</ele></trkpt>
      <trkpt lat="43.201439" lon="-2.607398"><ele>360.653103</ele></trkpt>
      <trkpt lat="43.201361" lon="-2.607469"><ele>359.047463</ele></trkpt>
      <trkpt lat="43.201282" lon="-2.607548"><ele>357.370598</ele></trkpt>
      <trkpt lat="43.201196" lon="-2.607595"><ele>355.782724</ele></trkpt>
      <trkpt lat="43.201109" lon="-2.607599"><ele>354.289608</ele></trkpt>
      <trkpt lat="43.201025" lon="-2.607569"><ele>352.80076</ele></trkpt>
      <trkpt lat="43.200944" lon="-2.607521"><ele>351.691543</ele></trkpt>
      <trkpt lat="43.200867" lon="-2.607473"><ele>350.857554</ele></trkpt>
      <trkpt lat="43.200783" lon="-2.607421"><ele>349.948827</ele></trkpt>
      <trkpt lat="43.200701" lon="-2.607381"><ele>349.090652</ele></trkpt>
      <trkpt lat="43.20062" lon="-2.607339"><ele>348.236786</ele></trkpt>
      <trkpt lat="43.200539" lon="-2.607303"><ele>347.397198</ele></trkpt>
      <trkpt lat="43.200461" lon="-2.607265"><ele>346.581003</ele></trkpt>
      <trkpt lat="43.200381" lon="-2.607227"><ele>345.746197</ele></trkpt>
      <trkpt lat="43.200306" lon="-2.607184"><ele>344.944654</ele></trkpt>
      <trkpt lat="43.200243" lon="-2.607143"><ele>344.257069</ele></trkpt>
      <trkpt lat="43.200183" lon="-2.607102"><ele>343.59609</ele></trkpt>
      <trkpt lat="43.200123" lon="-2.607061"><ele>342.93511</ele></trkpt>
      <trkpt lat="43.200066" lon="-2.607022"><ele>342.307019</ele></trkpt>
      <trkpt lat="43.200005" lon="-2.606986"><ele>341.652216</ele></trkpt>
      <trkpt lat="43.199943" lon="-2.606944"><ele>340.970374</ele></trkpt>
      <trkpt lat="43.199878" lon="-2.606891"><ele>340.224754</ele></trkpt>
      <trkpt lat="43.199811" lon="-2.606823"><ele>339.402928</ele></trkpt>
      <trkpt lat="43.199744" lon="-2.60675"><ele>338.55923</ele></trkpt>
      <trkpt lat="43.199672" lon="-2.606685"><ele>337.709313</ele></trkpt>
      <trkpt lat="43.199603" lon="-2.606631"><ele>336.925989</ele></trkpt>
      <trkpt lat="43.199537" lon="-2.606587"><ele>336.202401</ele></trkpt>
      <trkpt lat="43.199461" lon="-2.606544"><ele>335.39175</ele></trkpt>
      <trkpt lat="43.199379" lon="-2.606491"><ele>334.493522</ele></trkpt>
      <trkpt lat="43.199298" lon="-2.606435"><ele>332.708326</ele></trkpt>
      <trkpt lat="43.199215" lon="-2.606369"><ele>330.820178</ele></trkpt>
      <trkpt lat="43.199135" lon="-2.606317"><ele>329.077869</ele></trkpt>
      <trkpt lat="43.199061" lon="-2.606256"><ele>327.37873</ele></trkpt>
      <trkpt lat="43.198992" lon="-2.606186"><ele>325.689704</ele></trkpt>
      <trkpt lat="43.198929" lon="-2.606096"><ele>323.899529</ele></trkpt>
      <trkpt lat="43.198863" lon="-2.605999"><ele>321.995826</ele></trkpt>
      <trkpt lat="43.198809" lon="-2.605905"><ele>320.278749</ele></trkpt>
      <trkpt lat="43.198761" lon="-2.605813"><ele>318.655566</ele></trkpt>
      <trkpt lat="43.198732" lon="-2.605694"><ele>316.855363</ele></trkpt>
      <trkpt lat="43.198707" lon="-2.605556"><ele>314.815214</ele></trkpt>
      <trkpt lat="43.198686" lon="-2.605423"><ele>312.862775</ele></trkpt>
      <trkpt lat="43.198665" lon="-2.605305"><ele>311.120073</ele></trkpt>
      <trkpt lat="43.198641" lon="-2.605195"><ele>309.472698</ele></trkpt>
      <trkpt lat="43.198616" lon="-2.605094"><ele>307.942363</ele></trkpt>
      <trkpt lat="43.198588" lon="-2.604995"><ele>306.418822</ele></trkpt>
      <trkpt lat="43.198548" lon="-2.604904"><ele>304.894233</ele></trkpt>
      <trkpt lat="43.198502" lon="-2.604822"><ele>303.409731</ele></trkpt>
      <trkpt lat="43.198465" lon="-2.604731"><ele>301.914773</ele></trkpt>
      <trkpt lat="43.198443" lon="-2.604639"><ele>300.525613</ele></trkpt>
      <trkpt lat="43.198422" lon="-2.60456"><ele>299.319167</ele></trkpt>
      <trkpt lat="43.19838" lon="-2.604504"><ele>298.121504</ele></trkpt>
      <trkpt lat="43.198322" lon="-2.604486"><ele>296.895004</ele></trkpt>
      <trkpt lat="43.19825" lon="-2.604503"><ele>295.388145</ele></trkpt>
      <trkpt lat="43.198168" lon="-2.604552"><ele>293.543368</ele></trkpt>
      <trkpt lat="43.19807" lon="-2.60462"><ele>291.278214</ele></trkpt>
      <trkpt lat="43.197958" lon="-2.604682"><ele>288.787175</ele></trkpt>
      <trkpt lat="43.197838" lon="-2.604737"><ele>286.177641</ele></trkpt>
      <trkpt lat="43.197718" lon="-2.604812"><ele>283.457812</ele></trkpt>
      <trkpt lat="43.197595" lon="-2.604916"><ele>280.477688</ele></trkpt>
      <trkpt lat="43.197469" lon="-2.605024"><ele>277.413273</ele></trkpt>
      <trkpt lat="43.197336" lon="-2.605119"><ele>274.320493</ele></trkpt>
      <trkpt lat="43.1972" lon="-2.6052"><ele>271.262463</ele></trkpt>
      <trkpt lat="43.19706" lon="-2.605273"><ele>268.173342</ele></trkpt>
      <trkpt lat="43.196919" lon="-2.605337"><ele>265.110099</ele></trkpt>
      <trkpt lat="43.19678" lon="-2.605412"><ele>262.029367</ele></trkpt>
      <trkpt lat="43.196642" lon="-2.605497"><ele>260.005376</ele></trkpt>
      <trkpt lat="43.196517" lon="-2.605583"><ele>258.142231</ele></trkpt>
      <trkpt lat="43.1964" lon="-2.605648"><ele>256.460415</ele></trkpt>
      <trkpt lat="43.196291" lon="-2.605702"><ele>254.916368</ele></trkpt>
      <trkpt lat="43.1962" lon="-2.605749"><ele>253.620857</ele></trkpt>
      <trkpt lat="43.196129" lon="-2.605786"><ele>252.60894</ele></trkpt>
      <trkpt lat="43.196071" lon="-2.605815"><ele>251.786455</ele></trkpt>
      <trkpt lat="43.19601" lon="-2.605841"><ele>250.935405</ele></trkpt>
      <trkpt lat="43.195942" lon="-2.605868"><ele>249.992231</ele></trkpt>
      <trkpt lat="43.195869" lon="-2.605895"><ele>248.984898</ele></trkpt>
      <trkpt lat="43.195789" lon="-2.605909"><ele>247.910398</ele></trkpt>
      <trkpt lat="43.195712" lon="-2.605888"><ele>246.864426</ele></trkpt>
      <trkpt lat="43.195645" lon="-2.605828"><ele>245.798374</ele></trkpt>
      <trkpt lat="43.195573" lon="-2.605751"><ele>244.582003</ele></trkpt>
      <trkpt lat="43.19549" lon="-2.605675"><ele>243.252425</ele></trkpt>
      <trkpt lat="43.195404" lon="-2.605603"><ele>241.910067</ele></trkpt>
      <trkpt lat="43.195316" lon="-2.60554"><ele>240.58754</ele></trkpt>
      <trkpt lat="43.195226" lon="-2.605486"><ele>239.278752</ele></trkpt>
      <trkpt lat="43.195133" lon="-2.605438"><ele>237.992847</ele></trkpt>
      <trkpt lat="43.195037" lon="-2.605399"><ele>237.243786</ele></trkpt>
      <trkpt lat="43.194936" lon="-2.605379"><ele>236.480323</ele></trkpt>
      <trkpt lat="43.19484" lon="-2.60539"><ele>235.759598</ele></trkpt>
      <trkpt lat="43.194755" lon="-2.605431"><ele>235.085498</ele></trkpt>
      <trkpt lat="43.194664" lon="-2.605482"><ele>234.350049</ele></trkpt>
      <trkpt lat="43.194565" lon="-2.605527"><ele>233.569773</ele></trkpt>
      <trkpt lat="43.194473" lon="-2.60557"><ele>232.842615</ele></trkpt>
      <trkpt lat="43.194391" lon="-2.605596"><ele>232.212956</ele></trkpt>
      <trkpt lat="43.194306" lon="-2.605584"><ele>231.57367</ele></trkpt>
      <trkpt lat="43.194223" lon="-2.605551"><ele>230.927146</ele></trkpt>
      <trkpt lat="43.194152" lon="-2.605496"><ele>230.317105</ele></trkpt>
      <trkpt lat="43.194087" lon="-2.605431"><ele>229.715295</ele></trkpt>
      <trkpt lat="43.194021" lon="-2.605364"><ele>229.100997</ele></trkpt>
      <trkpt lat="43.193956" lon="-2.605302"><ele>228.508678</ele></trkpt>
      <trkpt lat="43.1939" lon="-2.605239"><ele>227.966823</ele></trkpt>
      <trkpt lat="43.193856" lon="-2.605171"><ele>227.470915</ele></trkpt>
      <trkpt lat="43.193827" lon="-2.60509"><ele>226.978715</ele></trkpt>
      <trkpt lat="43.193801" lon="-2.605007"><ele>226.485985</ele></trkpt>
      <trkpt lat="43.193759" lon="-2.604944"><ele>226.020354</ele></trkpt>
      <trkpt lat="43.193714" lon="-2.604877"><ele>225.523473</ele></trkpt>
      <trkpt lat="43.193664" lon="-2.604817"><ele>225.026451</ele></trkpt>
      <trkpt lat="43.193609" lon="-2.604765"><ele>224.553996</ele></trkpt>
      <trkpt lat="43.193547" lon="-2.604707"><ele>224.255726</ele></trkpt>
      <trkpt lat="43.193486" lon="-2.604645"><ele>223.953977</ele></trkpt>
      <trkpt lat="43.19342" lon="-2.604584"><ele>223.637669</ele></trkpt>
      <trkpt lat="43.193355" lon="-2.60451"><ele>223.301937</ele></trkpt>
      <trkpt lat="43.193289" lon="-2.604445"><ele>222.97901</ele></trkpt>
      <trkpt lat="43.193218" lon="-2.604393"><ele>222.659115</ele></trkpt>
      <trkpt lat="43.193133" lon="-2.604356"><ele>222.304681</ele></trkpt>
      <trkpt lat="43.19306" lon="-2.604317"><ele>221.993314</ele></trkpt>
      <trkpt lat="43.19299" lon="-2.60426"><ele>221.66977</ele></trkpt>
      <trkpt lat="43.192926" lon="-2.6042"><ele>221.361666</ele></trkpt>
      <trkpt lat="43.192864" lon="-2.604143"><ele>221.065017</ele></trkpt>
      <trkpt lat="43.192805" lon="-2.604085"><ele>220.776518</ele></trkpt>
      <trkpt lat="43.192748" lon="-2.604019"><ele>220.480045</ele></trkpt>
      <trkpt lat="43.192688" lon="-2.603947"><ele>220.163197</ele></trkpt>
      <trkpt lat="43.192635" lon="-2.603859"><ele>219.832453</ele></trkpt>
      <trkpt lat="43.192599" lon="-2.603759"><ele>219.50929</ele></trkpt>
      <trkpt lat="43.192567" lon="-2.603652"><ele>219.174173</ele></trkpt>
      <trkpt lat="43.192527" lon="-2.603561"><ele>218.866272</ele></trkpt>
      <trkpt lat="43.192483" lon="-2.603478"><ele>218.568912</ele></trkpt>
      <trkpt lat="43.192435" lon="-2.6034"><ele>218.273146</ele></trkpt>
      <trkpt lat="43.192387" lon="-2.603321"><ele>217.975159</ele></trkpt>
      <trkpt lat="43.192334" lon="-2.603235"><ele>217.648861</ele></trkpt>
      <trkpt lat="43.192285" lon="-2.603143"><ele>217.284677</ele></trkpt>
      <trkpt lat="43.192243" lon="-2.603045"><ele>216.859899</ele></trkpt>
      <trkpt lat="43.192207" lon="-2.602943"><ele>216.436447</ele></trkpt>
      <trkpt lat="43.192172" lon="-2.602834"><ele>215.991396</ele></trkpt>
      <trkpt lat="43.192132" lon="-2.60272"><ele>215.518648</ele></trkpt>
      <trkpt lat="43.192088" lon="-2.60261"><ele>215.049814</ele></trkpt>
      <trkpt lat="43.192036" lon="-2.602508"><ele>214.584734</ele></trkpt>
      <trkpt lat="43.191977" lon="-2.602417"><ele>214.129687</ele></trkpt>
      <trkpt lat="43.191913" lon="-2.602341"><ele>213.695813</ele></trkpt>
      <trkpt lat="43.19184" lon="-2.602287"><ele>213.270722</ele></trkpt>
      <trkpt lat="43.191768" lon="-2.60224"><ele>212.862039</ele></trkpt>
      <trkpt lat="43.191694" lon="-2.602203"><ele>212.458352</ele></trkpt>
      <trkpt lat="43.191616" lon="-2.60217"><ele>212.039991</ele></trkpt>
      <trkpt lat="43.191536" lon="-2.602153"><ele>211.625075</ele></trkpt>
      <trkpt lat="43.19145" lon="-2.602155"><ele>211.184234</ele></trkpt>
      <trkpt lat="43.191363" lon="-2.602174"><ele>210.732715</ele></trkpt>
      <trkpt lat="43.191281" lon="-2.602201"><ele>210.300499</ele></trkpt>
      <trkpt lat="43.191195" lon="-2.602221"><ele>209.853431</ele></trkpt>
      <trkpt lat="43.191106" lon="-2.602228"><ele>209.396529</ele></trkpt>
      <trkpt lat="43.191016" lon="-2.602227"><ele>208.935235</ele></trkpt>
      <trkpt lat="43.190922" lon="-2.602215"><ele>208.451374</ele></trkpt>
      <trkpt lat="43.190831" lon="-2.602211"><ele>208.030176</ele></trkpt>
      <trkpt lat="43.190736" lon="-2.602207"><ele>207.638077</ele></trkpt>
      <trkpt lat="43.190632" lon="-2.6022"><ele>207.208518</ele></trkpt>
      <trkpt lat="43.190532" lon="-2.602198"><ele>206.795933</ele></trkpt>
      <trkpt lat="43.190431" lon="-2.60219"><ele>206.378572</ele></trkpt>
      <trkpt lat="43.190336" lon="-2.60218"><ele>205.985505</ele></trkpt>
      <trkpt lat="43.190258" lon="-2.602172"><ele>205.662824</ele></trkpt>
      <trkpt lat="43.190191" lon="-2.602154"><ele>205.381169</ele></trkpt>
      <trkpt lat="43.19013" lon="-2.602144"><ele>205.127727</ele></trkpt>
      <trkpt lat="43.190066" lon="-2.602147"><ele>204.863547</ele></trkpt>
      <trkpt lat="43.190002" lon="-2.602168"><ele>204.59207</ele></trkpt>
      <trkpt lat="43.189943" lon="-2.602211"><ele>204.316442</ele></trkpt>
      <trkpt lat="43.189885" lon="-2.602256"><ele>204.041539</ele></trkpt>
      <trkpt lat="43.189818" lon="-2.602285"><ele>203.751699</ele></trkpt>
      <trkpt lat="43.189744" lon="-2.602292"><ele>203.445693</ele></trkpt>
      <trkpt lat="43.189674" lon="-2.60229"><ele>203.156852</ele></trkpt>
      <trkpt lat="43.189606" lon="-2.6023"><ele>202.874716</ele></trkpt>
      <trkpt lat="43.18954" lon="-2.602323"><ele>202.593787</ele></trkpt>
      <trkpt lat="43.18947" lon="-2.602353"><ele>202.291239</ele></trkpt>
      <trkpt lat="43.189401" lon="-2.602383"><ele>201.992625</ele></trkpt>
      <trkpt lat="43.189333" lon="-2.602406"><ele>201.703693</ele></trkpt>
      <trkpt lat="43.189263" lon="-2.602428"><ele>201.40743</ele></trkpt>
      <trkpt lat="43.189188" lon="-2.602445"><ele>201.093827</ele></trkpt>
      <trkpt lat="43.189112" lon="-2.60245"><ele>200.783772</ele></trkpt>
      <trkpt lat="43.189041" lon="-2.602448"><ele>200.554695</ele></trkpt>
      <trkpt lat="43.188972" lon="-2.602447"><ele>200.332105</ele></trkpt>
      <trkpt lat="43.188901" lon="-2.602444"><ele>200.102968</ele></trkpt>
      <trkpt lat="43.188831" lon="-2.602424"><ele>199.872318</ele></trkpt>
      <trkpt lat="43.188777" lon="-2.602373"><ele>199.660824</ele></trkpt>
      <trkpt lat="43.188753" lon="-2.602296"><ele>199.463873</ele></trkpt>
      <trkpt lat="43.188744" lon="-2.602204"><ele>199.245559</ele></trkpt>
      <trkpt lat="43.188733" lon="-2.602103"><ele>199.00538</ele></trkpt>
      <trkpt lat="43.188705" lon="-2.602008"><ele>198.764383</ele></trkpt>
      <trkpt lat="43.188654" lon="-2.601928"><ele>198.514451</ele></trkpt>
      <trkpt lat="43.188594" lon="-2.601867"><ele>198.273531</ele></trkpt>
      <trkpt lat="43.188532" lon="-2.601801"><ele>198.020363</ele></trkpt>
      <trkpt lat="43.188463" lon="-2.601741"><ele>197.756822</ele></trkpt>
      <trkpt lat="43.188385" lon="-2.601684"><ele>197.471727</ele></trkpt>
      <trkpt lat="43.1883" lon="-2.601651"><ele>197.186765</ele></trkpt>
      <trkpt lat="43.18822" lon="-2.601646"><ele>196.928437</ele></trkpt>
      <trkpt lat="43.188139" lon="-2.601657"><ele>196.665873</ele></trkpt>
      <trkpt lat="43.188058" lon="-2.601666"><ele>196.403731</ele></trkpt>
      <trkpt lat="43.187971" lon="-2.601673"><ele>196.122608</ele></trkpt>
      <trkpt lat="43.187882" lon="-2.601677"><ele>195.835362</ele></trkpt>
      <trkpt lat="43.187798" lon="-2.601677"><ele>195.564398</ele></trkpt>
      <trkpt lat="43.187715" lon="-2.601672"><ele>195.296402</ele></trkpt>
      <trkpt lat="43.187634" lon="-2.601665"><ele>195.034598</ele></trkpt>
      <trkpt lat="43.187554" lon="-2.601654"><ele>194.835118</ele></trkpt>
      <trkpt lat="43.187475" lon="-2.601645"><ele>194.648903</ele></trkpt>
      <trkpt lat="43.187398" lon="-2.601633"><ele>194.466862</ele></trkpt>
      <trkpt lat="43.187325" lon="-2.601619"><ele>194.293712</ele></trkpt>
      <trkpt lat="43.187253" lon="-2.601602"><ele>194.122092</ele></trkpt>
      <trkpt lat="43.187179" lon="-2.60159"><ele>193.947051</ele></trkpt>
      <trkpt lat="43.187104" lon="-2.601583"><ele>193.770464</ele></trkpt>
      <trkpt lat="43.187028" lon="-2.601577"><ele>193.59164</ele></trkpt>
      <trkpt lat="43.186957" lon="-2.601568"><ele>193.424146</ele></trkpt>
      <trkpt lat="43.186887" lon="-2.60156"><ele>193.259142</ele></trkpt>
      <trkpt lat="43.186823" lon="-2.601557"><ele>193.108715</ele></trkpt>
      <trkpt lat="43.18676" lon="-2.601553"><ele>192.960565</ele></trkpt>
      <trkpt lat="43.186701" lon="-2.601548"><ele>192.821707</ele></trkpt>
      <trkpt lat="43.186639" lon="-2.601541"><ele>192.675572</ele></trkpt>
      <trkpt lat="43.186578" lon="-2.60153"><ele>192.531046</ele></trkpt>
      <trkpt lat="43.186517" lon="-2.601511"><ele>192.384105</ele></trkpt>
      <trkpt lat="43.186458" lon="-2.601487"><ele>192.239543</ele></trkpt>
      <trkpt lat="43.186401" lon="-2.601463"><ele>192.099479</ele></trkpt>
      <trkpt lat="43.186345" lon="-2.601442"><ele>191.963103</ele></trkpt>
      <trkpt lat="43.186282" lon="-2.601415"><ele>191.808055</ele></trkpt>
      <trkpt lat="43.186222" lon="-2.601379"><ele>191.654214</ele></trkpt>
      <trkpt lat="43.186174" lon="-2.60133"><ele>191.513654</ele></trkpt>
      <trkpt lat="43.186119" lon="-2.601281"><ele>191.359589</ele></trkpt>
      <trkpt lat="43.186054" lon="-2.601243"><ele>191.193607</ele></trkpt>
      <trkpt lat="43.185984" lon="-2.601189"><ele>191.004946</ele></trkpt>
      <trkpt lat="43.185905" lon="-2.601134"><ele>190.79683</ele></trkpt>
      <trkpt lat="43.185819" lon="-2.601085"><ele>190.412432</ele></trkpt>
      <trkpt lat="43.18573" lon="-2.601038"><ele>189.995492</ele></trkpt>
      <trkpt lat="43.185644" lon="-2.600999"><ele>189.599494</ele></trkpt>
      <trkpt lat="43.185557" lon="-2.600965"><ele>189.204005</ele></trkpt>
      <trkpt lat="43.185467" lon="-2.60094"><ele>188.802551</ele></trkpt>
      <trkpt lat="43.18538" lon="-2.600925"><ele>188.419208</ele></trkpt>
      <trkpt lat="43.185298" lon="-2.600916"><ele>188.059572</ele></trkpt>
      <trkpt lat="43.185215" lon="-2.600901"><ele>187.693573</ele></trkpt>
      <trkpt lat="43.18514" lon="-2.600871"><ele>187.352025</ele></trkpt>
      <trkpt lat="43.185067" lon="-2.600835"><ele>187.012876</ele></trkpt>
      <trkpt lat="43.184991" lon="-2.600797"><ele>186.659225</ele></trkpt>
      <trkpt lat="43.184917" lon="-2.600766"><ele>186.320954</ele></trkpt>
      <trkpt lat="43.184846" lon="-2.600736"><ele>185.996156</ele></trkpt>
      <trkpt lat="43.184778" lon="-2.600689"><ele>185.663253</ele></trkpt>
      <trkpt lat="43.184708" lon="-2.600622"><ele>185.290066</ele></trkpt>
      <trkpt lat="43.184639" lon="-2.600547"><ele>184.905156</ele></trkpt>
      <trkpt lat="43.184565" lon="-2.600474"><ele>184.506642</ele></trkpt>
      <trkpt lat="43.184494" lon="-2.600399"><ele>184.114842</ele></trkpt>
      <trkpt lat="43.184426" lon="-2.600318"><ele>183.72108</ele></trkpt>
      <trkpt lat="43.18436" lon="-2.60023"><ele>183.318652</ele></trkpt>
      <trkpt lat="43.184293" lon="-2.600137"><ele>182.904574</ele></trkpt>
      <trkpt lat="43.184222" lon="-2.600049"><ele>182.702823</ele></trkpt>
      <trkpt lat="43.184148" lon="-2.599959"><ele>182.494309</ele></trkpt>
      <trkpt lat="43.184073" lon="-2.599875"><ele>182.290168</ele></trkpt>
      <trkpt lat="43.184" lon="-2.5998"><ele>182.097876</ele></trkpt>
      <trkpt lat="43.183927" lon="-2.599734"><ele>181.913545</ele></trkpt>
      <trkpt lat="43.183847" lon="-2.599666"><ele>181.715123</ele></trkpt>
      <trkpt lat="43.18377" lon="-2.599599"><ele>181.522877</ele></trkpt>
      <trkpt lat="43.183691" lon="-2.599533"><ele>181.327861</ele></trkpt>
      <trkpt lat="43.183617" lon="-2.599462"><ele>181.137467</ele></trkpt>
      <trkpt lat="43.183545" lon="-2.599394"><ele>180.953166</ele></trkpt>
      <trkpt lat="43.183472" lon="-2.599324"><ele>180.76538</ele></trkpt>
      <trkpt lat="43.183401" lon="-2.599254"><ele>180.581034</ele></trkpt>
      <trkpt lat="43.183328" lon="-2.599198"><ele>180.404696</ele></trkpt>
      <trkpt lat="43.183249" lon="-2.599159"><ele>180.227687</ele></trkpt>
      <trkpt lat="43.183171" lon="-2.599142"><ele>180.061185</ele></trkpt>
      <trkpt lat="43.183094" lon="-2.599145"><ele>179.898789</ele></trkpt>
      <trkpt lat="43.18302" lon="-2.599148"><ele>179.742715</ele></trkpt>
      <trkpt lat="43.182953" lon="-2.599146"><ele>179.601433</ele></trkpt>
      <trkpt lat="43.182893" lon="-2.59913"><ele>179.472572</ele></trkpt>
      <trkpt lat="43.182837" lon="-2.599111"><ele>179.350954</ele></trkpt>
      <trkpt lat="43.182773" lon="-2.599096"><ele>179.214074</ele></trkpt>
      <trkpt lat="43.182708" lon="-2.599076"><ele>179.249972</ele></trkpt>
      <trkpt lat="43.182652" lon="-2.599033"><ele>179.68885</ele></trkpt>
      <trkpt lat="43.182606" lon="-2.598977"><ele>180.109464</ele></trkpt>
      <trkpt lat="43.182567" lon="-2.598916"><ele>180.513985</ele></trkpt>
      <trkpt lat="43.182522" lon="-2.598848"><ele>180.971868</ele></trkpt>
      <trkpt lat="43.18248" lon="-2.598779"><ele>181.420041</ele></trkpt>
      <trkpt lat="43.182446" lon="-2.598708"><ele>181.843585</ele></trkpt>
      <trkpt lat="43.182428" lon="-2.598656"><ele>182.130604</ele></trkpt>
      <trkpt lat="43.182414" lon="-2.598612"><ele>182.369977</ele></trkpt>
      <trkpt lat="43.182409" lon="-2.598574"><ele>182.562516</ele></trkpt>
      <trkpt lat="43.182403" lon="-2.598534"><ele>182.766143</ele></trkpt>
      <trkpt lat="43.182393" lon="-2.5985"><ele>182.948948</ele></trkpt>
      <trkpt lat="43.182382" lon="-2.598466"><ele>183.134419</ele></trkpt>
      <trkpt lat="43.182375" lon="-2.598436"><ele>183.29148</ele></trkpt>
      <trkpt lat="43.182367" lon="-2.598405"><ele>183.455449</ele></trkpt>
      <trkpt lat="43.182361" lon="-2.598371"><ele>183.629877</ele></trkpt>
      <trkpt lat="43.182352" lon="-2.598339"><ele>183.800895</ele></trkpt>
      <trkpt lat="43.182345" lon="-2.598309"><ele>183.957956</ele></trkpt>
      <trkpt lat="43.182337" lon="-2.598282"><ele>184.103275</ele></trkpt>
      <trkpt lat="43.182329" lon="-2.598253"><ele>184.25788</ele></trkpt>
      <trkpt lat="43.182324" lon="-2.598227"><ele>184.391956</ele></trkpt>
      <trkpt lat="43.182322" lon="-2.5982"><ele>184.527278</ele></trkpt>
      <trkpt lat="43.182315" lon="-2.598177"><ele>184.651551</ele></trkpt>
      <trkpt lat="43.18231" lon="-2.59815"><ele>184.790455</ele></trkpt>
      <trkpt lat="43.182298" lon="-2.598121"><ele>184.956718</ele></trkpt>
      <trkpt lat="43.18229" lon="-2.598092"><ele>185.111322</ele></trkpt>
      <trkpt lat="43.182284" lon="-2.598063"><ele>185.261632</ele></trkpt>
      <trkpt lat="43.182276" lon="-2.598035"><ele>185.411583</ele></trkpt>
      <trkpt lat="43.18227" lon="-2.59801"><ele>185.542819</ele></trkpt>
      <trkpt lat="43.182263" lon="-2.597982"><ele>185.690413</ele></trkpt>
      <trkpt lat="43.182256" lon="-2.597957"><ele>185.823944</ele></trkpt>
      <trkpt lat="43.182246" lon="-2.597931"><ele>185.970517</ele></trkpt>
      <trkpt lat="43.182237" lon="-2.59791"><ele>186.091976</ele></trkpt>
      <trkpt lat="43.182234" lon="-2.597882"><ele>186.233091</ele></trkpt>
      <trkpt lat="43.182231" lon="-2.597848"><ele>186.403862</ele></trkpt>
      <trkpt lat="43.182223" lon="-2.597826"><ele>186.526444</ele></trkpt>
      <trkpt lat="43.182215" lon="-2.597801"><ele>186.662577</ele></trkpt>
      <trkpt lat="43.182204" lon="-2.597773"><ele>186.821166</ele></trkpt>
      <trkpt lat="43.182194" lon="-2.597745"><ele>186.97663</ele></trkpt>
      <trkpt lat="43.182185" lon="-2.597714"><ele>187.143006</ele></trkpt>
      <trkpt lat="43.18217" lon="-2.597686"><ele>187.316251</ele></trkpt>
      <trkpt lat="43.182157" lon="-2.59766"><ele>187.473446</ele></trkpt>
      <trkpt lat="43.182146" lon="-2.597632"><ele>187.632036</ele></trkpt>
      <trkpt lat="43.182134" lon="-2.597611"><ele>187.76507</ele></trkpt>
      <trkpt lat="43.18212" lon="-2.597589"><ele>187.910669</ele></trkpt>
      <trkpt lat="43.182107" lon="-2.59757"><ele>188.040585</ele></trkpt>
      <trkpt lat="43.18209" lon="-2.597543"><ele>188.218459</ele></trkpt>
      <trkpt lat="43.182072" lon="-2.597519"><ele>188.390132</ele></trkpt>
      <trkpt lat="43.182056" lon="-2.597497"><ele>188.545067</ele></trkpt>
      <trkpt lat="43.182047" lon="-2.59746"><ele>188.739554</ele></trkpt>
      <trkpt lat="43.182044" lon="-2.597413"><ele>188.974807</ele></trkpt>
      <trkpt lat="43.182031" lon="-2.597381"><ele>189.157461</ele></trkpt>
      <trkpt lat="43.182017" lon="-2.597355"><ele>189.318621</ele></trkpt>
      <trkpt lat="43.182001" lon="-2.597322"><ele>189.516224</ele></trkpt>
      <trkpt lat="43.181982" lon="-2.597281"><ele>189.758455</ele></trkpt>
      <trkpt lat="43.181961" lon="-2.597237"><ele>190.020671</ele></trkpt>
      <trkpt lat="43.181937" lon="-2.597184"><ele>190.331758</ele></trkpt>
      <trkpt lat="43.181906" lon="-2.597125"><ele>190.694369</ele></trkpt>
      <trkpt lat="43.181873" lon="-2.597065"><ele>191.06911</ele></trkpt>
      <trkpt lat="43.181843" lon="-2.597001"><ele>191.454412</ele></trkpt>
      <trkpt lat="43.181813" lon="-2.596928"><ele>191.945501</ele></trkpt>
      <trkpt lat="43.181784" lon="-2.596844"><ele>192.490178</ele></trkpt>
      <trkpt lat="43.181753" lon="-2.596747"><ele>193.110858</ele></trkpt>
      <trkpt lat="43.181723" lon="-2.596651"><ele>193.722964</ele></trkpt>
      <trkpt lat="43.181696" lon="-2.59655"><ele>194.353407</ele></trkpt>
      <trkpt lat="43.181672" lon="-2.596455"><ele>194.942632</ele></trkpt>
      <trkpt lat="43.181652" lon="-2.596367"><ele>195.482834</ele></trkpt>
      <trkpt lat="43.181631" lon="-2.596288"><ele>195.975626</ele></trkpt>
      <trkpt lat="43.181613" lon="-2.596215"><ele>196.427248</ele></trkpt>
      <trkpt lat="43.181596" lon="-2.59615"><ele>196.831949</ele></trkpt>
      <trkpt lat="43.18158" lon="-2.596099"><ele>197.157329</ele></trkpt>
      <trkpt lat="43.181562" lon="-2.596057"><ele>197.44284</ele></trkpt>
      <trkpt lat="43.181548" lon="-2.596023"><ele>197.671675</ele></trkpt>
      <trkpt lat="43.181537" lon="-2.595983"><ele>197.922216</ele></trkpt>
      <trkpt lat="43.181527" lon="-2.595943"><ele>198.170036</ele></trkpt>
      <trkpt lat="43.181522" lon="-2.595908"><ele>198.379056</ele></trkpt>
      <trkpt lat="43.181515" lon="-2.595875"><ele>198.580473</ele></trkpt>
      <trkpt lat="43.18151" lon="-2.59584"><ele>198.789494</ele></trkpt>
      <trkpt lat="43.181504" lon="-2.595804"><ele>199.005917</ele></trkpt>
      <trkpt lat="43.181498" lon="-2.595766"><ele>199.233781</ele></trkpt>
      <trkpt lat="43.181492" lon="-2.595723"><ele>199.49036</ele></trkpt>
      <trkpt lat="43.181486" lon="-2.59568"><ele>199.746939</ele></trkpt>
      <trkpt lat="43.181478" lon="-2.595641"><ele>199.984374</ele></trkpt>
      <trkpt lat="43.181467" lon="-2.595605"><ele>200.213131</ele></trkpt>
      <trkpt lat="43.181453" lon="-2.595581"><ele>200.393255</ele></trkpt>
      <trkpt lat="43.181446" lon="-2.595554"><ele>200.561195</ele></trkpt>
      <trkpt lat="43.18144" lon="-2.59553"><ele>200.709887</ele></trkpt>
      <trkpt lat="43.181426" lon="-2.595506"><ele>200.890011</ele></trkpt>
      <trkpt lat="43.181412" lon="-2.595484"><ele>201.061138</ele></trkpt>
      <trkpt lat="43.181402" lon="-2.595467"><ele>201.189146</ele></trkpt>
      <trkpt lat="43.18139" lon="-2.595454"><ele>201.312054</ele></trkpt>
      <trkpt lat="43.181379" lon="-2.59544"><ele>201.432669</ele></trkpt>
      <trkpt lat="43.181363" lon="-2.595425"><ele>201.58844</ele></trkpt>
      <trkpt lat="43.181347" lon="-2.595413"><ele>201.73501</ele></trkpt>
      <trkpt lat="43.18133" lon="-2.595401"><ele>201.888679</ele></trkpt>
      <trkpt lat="43.181315" lon="-2.595389"><ele>202.02825</ele></trkpt>
      <trkpt lat="43.181293" lon="-2.595377"><ele>202.21854</ele></trkpt>
      <trkpt lat="43.181269" lon="-2.595368"><ele>202.418513</ele></trkpt>
      <trkpt lat="43.181247" lon="-2.595362"><ele>202.598793</ele></trkpt>
      <trkpt lat="43.181229" lon="-2.595357"><ele>202.7464</ele></trkpt>
      <trkpt lat="43.181205" lon="-2.595348"><ele>202.946373</ele></trkpt>
      <trkpt lat="43.18118" lon="-2.595339"><ele>203.15411</ele></trkpt>
      <trkpt lat="43.181161" lon="-2.595333"><ele>203.310812</ele></trkpt>
      <trkpt lat="43.181145" lon="-2.595328"><ele>203.442703</ele></trkpt>
      <trkpt lat="43.181137" lon="-2.59532"><ele>203.52228</ele></trkpt>
      <trkpt lat="43.181128" lon="-2.595307"><ele>203.627336</ele></trkpt>
      <trkpt lat="43.181114" lon="-2.595289"><ele>203.781574</ele></trkpt>
      <trkpt lat="43.181102" lon="-2.595262"><ele>203.966887</ele></trkpt>
      <trkpt lat="43.181092" lon="-2.595232"><ele>204.160206</ele></trkpt>
      <trkpt lat="43.181084" lon="-2.5952"><ele>204.358463</ele></trkpt>
      <trkpt lat="43.181079" lon="-2.59517"><ele>204.538816</ele></trkpt>
      <trkpt lat="43.181072" lon="-2.595134"><ele>204.757172</ele></trkpt>
      <trkpt lat="43.181064" lon="-2.595098"><ele>204.977735</ele></trkpt>
      <trkpt lat="43.181054" lon="-2.59506"><ele>205.214499</ele></trkpt>
      <trkpt lat="43.181049" lon="-2.595016"><ele>205.47548</ele></trkpt>
      <trkpt lat="43.181051" lon="-2.594971"><ele>205.739699</ele></trkpt>
      <trkpt lat="43.181048" lon="-2.594913"><ele>205.96551</ele></trkpt>
      <trkpt lat="43.181048" lon="-2.594862"><ele>206.100635</ele></trkpt>
      <trkpt lat="43.181043" lon="-2.594806"><ele>206.250115</ele></trkpt>
      <trkpt lat="43.18104" lon="-2.594759"><ele>206.375118</ele></trkpt>
      <trkpt lat="43.181035" lon="-2.594711"><ele>206.503585</ele></trkpt>
      <trkpt lat="43.181026" lon="-2.59466"><ele>206.64261</ele></trkpt>
      <trkpt lat="43.181015" lon="-2.594607"><ele>206.788611</ele></trkpt>
      <trkpt lat="43.180999" lon="-2.594556"><ele>206.935711</ele></trkpt>
      <trkpt lat="43.18098" lon="-2.594503"><ele>207.092187</ele></trkpt>
      <trkpt lat="43.180961" lon="-2.594453"><ele>207.241571</ele></trkpt>
      <trkpt lat="43.180945" lon="-2.594402"><ele>207.388671</ele></trkpt>
      <trkpt lat="43.180939" lon="-2.594347"><ele>207.536016</ele></trkpt>
      <trkpt lat="43.180942" lon="-2.594285"><ele>207.700647</ele></trkpt>
      <trkpt lat="43.180957" lon="-2.594236"><ele>207.841448</ele></trkpt>
      <trkpt lat="43.180982" lon="-2.594196"><ele>207.98103</ele></trkpt>
      <trkpt lat="43.181014" lon="-2.594149"><ele>208.1514</ele></trkpt>
      <trkpt lat="43.181044" lon="-2.594098"><ele>208.32501</ele></trkpt>
      <trkpt lat="43.18107" lon="-2.594043"><ele>208.498675</ele></trkpt>
      <trkpt lat="43.181099" lon="-2.593977"><ele>208.702835</ele></trkpt>
      <trkpt lat="43.181122" lon="-2.593904"><ele>208.913531</ele></trkpt>
      <trkpt lat="43.181143" lon="-2.593834"><ele>209.114078</ele></trkpt>
      <trkpt lat="43.181164" lon="-2.593765"><ele>209.312178</ele></trkpt>
      <trkpt lat="43.181189" lon="-2.593699"><ele>209.509231</ele></trkpt>
      <trkpt lat="43.181213" lon="-2.593634"><ele>209.702267</ele></trkpt>
      <trkpt lat="43.181236" lon="-2.593567"><ele>209.898471</ele></trkpt>
      <trkpt lat="43.181257" lon="-2.593503"><ele>210.084415</ele></trkpt>
      <trkpt lat="43.181281" lon="-2.593439"><ele>210.275091</ele></trkpt>
      <trkpt lat="43.181308" lon="-2.593379"><ele>210.461895</ele></trkpt>
      <trkpt lat="43.181331" lon="-2.593324"><ele>210.629879</ele></trkpt>
      <trkpt lat="43.181359" lon="-2.593268"><ele>210.80978</ele></trkpt>
      <trkpt lat="43.181381" lon="-2.593205"><ele>210.994852</ele></trkpt>
      <trkpt lat="43.181408" lon="-2.593147"><ele>211.177167</ele></trkpt>
      <trkpt lat="43.181444" lon="-2.593092"><ele>211.372985</ele></trkpt>
      <trkpt lat="43.181483" lon="-2.593038"><ele>211.574355</ele></trkpt>
      <trkpt lat="43.181524" lon="-2.592987"><ele>211.775479</ele></trkpt>
      <trkpt lat="43.181568" lon="-2.592944"><ele>211.971792</ele></trkpt>
      <trkpt lat="43.181612" lon="-2.592901"><ele>212.168104</ele></trkpt>
      <trkpt lat="43.181653" lon="-2.592862"><ele>212.349404</ele></trkpt>
      <trkpt lat="43.181693" lon="-2.592813"><ele>212.557643</ele></trkpt>
      <trkpt lat="43.181734" lon="-2.592782"><ele>212.744186</ele></trkpt>
      <trkpt lat="43.181775" lon="-2.592754"><ele>212.926681</ele></trkpt>
      <trkpt lat="43.181815" lon="-2.592734"><ele>213.096319</ele></trkpt>
      <trkpt lat="43.181862" lon="-2.59271"><ele>213.296146</ele></trkpt>
      <trkpt lat="43.181901" lon="-2.592688"><ele>213.46417</ele></trkpt>
      <trkpt lat="43.181932" lon="-2.592661"><ele>213.610491</ele></trkpt>
      <trkpt lat="43.181959" lon="-2.592631"><ele>213.748948</ele></trkpt>
      <trkpt lat="43.181962" lon="-2.592601"><ele>213.836924</ele></trkpt>
      <trkpt lat="43.18198" lon="-2.592564"><ele>213.966151</ele></trkpt>
      <trkpt lat="43.181997" lon="-2.592529"><ele>214.088332</ele></trkpt>
      <trkpt lat="43.182018" lon="-2.592489"><ele>214.231534</ele></trkpt>
      <trkpt lat="43.182045" lon="-2.592439"><ele>214.412299</ele></trkpt>
      <trkpt lat="43.182065" lon="-2.592384"><ele>214.590861</ele></trkpt>
      <trkpt lat="43.182083" lon="-2.592333"><ele>214.755479</ele></trkpt>
      <trkpt lat="43.182102" lon="-2.592293"><ele>214.894175</ele></trkpt>
      <trkpt lat="43.182119" lon="-2.592261"><ele>215.009204</ele></trkpt>
      <trkpt lat="43.182138" lon="-2.592231"><ele>215.124651</ele></trkpt>
      <trkpt lat="43.182154" lon="-2.592201"><ele>215.232637</ele></trkpt>
      <trkpt lat="43.18217" lon="-2.592174"><ele>215.333719</ele></trkpt>
      <trkpt lat="43.182189" lon="-2.592156"><ele>215.42573</ele></trkpt>
      <trkpt lat="43.182207" lon="-2.592145"><ele>215.504247</ele></trkpt>
      <trkpt lat="43.18222" lon="-2.592133"><ele>215.566685</ele></trkpt>
      <trkpt lat="43.182239" lon="-2.592128"><ele>215.64377</ele></trkpt>
      <trkpt lat="43.182259" lon="-2.592125"><ele>215.723933</ele></trkpt>
      <trkpt lat="43.182279" lon="-2.592123"><ele>215.803832</ele></trkpt>
      <trkpt lat="43.182306" lon="-2.592123"><ele>215.911411</ele></trkpt>
      <trkpt lat="43.182333" lon="-2.592126"><ele>216.019342</ele></trkpt>
      <trkpt lat="43.182369" lon="-2.592128"><ele>216.162898</ele></trkpt>
      <trkpt lat="43.182405" lon="-2.592129"><ele>216.306366</ele></trkpt>
      <trkpt lat="43.182452" lon="-2.592135"><ele>216.494442</ele></trkpt>
      <trkpt lat="43.182503" lon="-2.59214"><ele>216.698165</ele></trkpt>
      <trkpt lat="43.182566" lon="-2.592137"><ele>216.949333</ele></trkpt>
      <trkpt lat="43.18262" lon="-2.592128"><ele>217.166073</ele></trkpt>
      <trkpt lat="43.182675" lon="-2.592109"><ele>217.392061</ele></trkpt>
      <trkpt lat="43.182724" lon="-2.592082"><ele>217.602466</ele></trkpt>
      <trkpt lat="43.182775" lon="-2.592055"><ele>217.820285</ele></trkpt>
      <trkpt lat="43.182825" lon="-2.59202"><ele>218.043956</ele></trkpt>
      <trkpt lat="43.182874" lon="-2.591978"><ele>218.274187</ele></trkpt>
      <trkpt lat="43.182916" lon="-2.591932"><ele>218.488349</ele></trkpt>
      <trkpt lat="43.182953" lon="-2.591876"><ele>218.707903</ele></trkpt>
      <trkpt lat="43.182986" lon="-2.591813"><ele>218.933269</ele></trkpt>
      <trkpt lat="43.183011" lon="-2.591746"><ele>219.151931</ele></trkpt>
      <trkpt lat="43.183035" lon="-2.591685"><ele>219.353307</ele></trkpt>
      <trkpt lat="43.183056" lon="-2.591621"><ele>219.557206</ele></trkpt>
      <trkpt lat="43.183067" lon="-2.591555"><ele>219.768904</ele></trkpt>
      <trkpt lat="43.183069" lon="-2.591491"><ele>219.970403</ele></trkpt>
      <trkpt lat="43.183062" lon="-2.591436"><ele>220.146023</ele></trkpt>
      <trkpt lat="43.183053" lon="-2.591378"><ele>220.33255</ele></trkpt>
      <trkpt lat="43.183044" lon="-2.591326"><ele>220.500662</ele></trkpt>
      <trkpt lat="43.183038" lon="-2.591276"><ele>220.660055</ele></trkpt>
      <trkpt lat="43.183033" lon="-2.591223"><ele>220.828158</ele></trkpt>
      <trkpt lat="43.183031" lon="-2.591178"><ele>220.96997</ele></trkpt>
      <trkpt lat="43.183023" lon="-2.591134"><ele>221.112612</ele></trkpt>
      <trkpt lat="43.183016" lon="-2.591093"><ele>221.245067</ele></trkpt>
      <trkpt lat="43.183008" lon="-2.591058"><ele>221.360443</ele></trkpt>
      <trkpt lat="43.183002" lon="-2.591027"><ele>221.461332</ele></trkpt>
      <trkpt lat="43.182993" lon="-2.591003"><ele>221.546223</ele></trkpt>
      <trkpt lat="43.182981" lon="-2.59098"><ele>221.635183</ele></trkpt>
      <trkpt lat="43.182976" lon="-2.590965"><ele>221.687063</ele></trkpt>
      <trkpt lat="43.182974" lon="-2.590943"><ele>221.756801</ele></trkpt>
      <trkpt lat="43.18297" lon="-2.590917"><ele>221.840385</ele></trkpt>
      <trkpt lat="43.182969" lon="-2.590888"><ele>221.931708</ele></trkpt>
      <trkpt lat="43.182966" lon="-2.590855"><ele>222.036314</ele></trkpt>
      <trkpt lat="43.182963" lon="-2.590818"><ele>222.153417</ele></trkpt>
      <trkpt lat="43.182964" lon="-2.590788"><ele>222.247882</ele></trkpt>
      <trkpt lat="43.182964" lon="-2.590758"><ele>222.342248</ele></trkpt>
      <trkpt lat="43.182965" lon="-2.590723"><ele>222.452427</ele></trkpt>
      <trkpt lat="43.182965" lon="-2.590692"><ele>222.549938</ele></trkpt>
      <trkpt lat="43.182967" lon="-2.590667"><ele>222.629049</ele></trkpt>
      <trkpt lat="43.182968" lon="-2.590649"><ele>222.685833</ele></trkpt>
      <trkpt lat="43.182969" lon="-2.590628"><ele>222.75203</ele></trkpt>
      <trkpt lat="43.182968" lon="-2.590606"><ele>222.821366</ele></trkpt>
      <trkpt lat="43.182968" lon="-2.590582"><ele>222.896859</ele></trkpt>
      <trkpt lat="43.182966" lon="-2.590552"><ele>222.991619</ele></trkpt>
      <trkpt lat="43.182966" lon="-2.590522"><ele>223.085986</ele></trkpt>
      <trkpt lat="43.182964" lon="-2.590493"><ele>223.177613</ele></trkpt>
      <trkpt lat="43.182959" lon="-2.590469"><ele>223.256127</ele></trkpt>
      <trkpt lat="43.182957" lon="-2.590454"><ele>223.304093</ele></trkpt>
      <trkpt lat="43.182955" lon="-2.59043"><ele>223.380077</ele></trkpt>
      <trkpt lat="43.182956" lon="-2.590409"><ele>223.446274</ele></trkpt>
      <trkpt lat="43.182958" lon="-2.590382"><ele>223.531641</ele></trkpt>
      <trkpt lat="43.18296" lon="-2.590357"><ele>223.610752</ele></trkpt>
      <trkpt lat="43.182958" lon="-2.590332"><ele>223.689862</ele></trkpt>
      <trkpt lat="43.182957" lon="-2.590308"><ele>223.765478</ele></trkpt>
      <trkpt lat="43.182952" lon="-2.590279"><ele>223.859215</ele></trkpt>
      <trkpt lat="43.182945" lon="-2.590239"><ele>223.988609</ele></trkpt>
      <trkpt lat="43.182936" lon="-2.590199"><ele>224.120285</ele></trkpt>
      <trkpt lat="43.182927" lon="-2.590158"><ele>224.25497</ele></trkpt>
      <trkpt lat="43.182919" lon="-2.590109"><ele>224.412918</ele></trkpt>
      <trkpt lat="43.182905" lon="-2.590056"><ele>224.590234</ele></trkpt>
      <trkpt lat="43.182881" lon="-2.59"><ele>224.794557</ele></trkpt>
      <trkpt lat="43.182849" lon="-2.58995"><ele>225.003823</ele></trkpt>
      <trkpt lat="43.182808" lon="-2.589902"><ele>225.236372</ele></trkpt>
      <trkpt lat="43.182763" lon="-2.58986"><ele>225.471187</ele></trkpt>
      <trkpt lat="43.182718" lon="-2.589824"><ele>225.695925</ele></trkpt>
      <trkpt lat="43.182662" lon="-2.58979"><ele>225.960116</ele></trkpt>
      <trkpt lat="43.182604" lon="-2.589754"><ele>226.234753</ele></trkpt>
      <trkpt lat="43.182542" lon="-2.589725"><ele>226.51734</ele></trkpt>
      <trkpt lat="43.182473" lon="-2.589717"><ele>226.816058</ele></trkpt>
      <trkpt lat="43.182404" lon="-2.589721"><ele>227.11398</ele></trkpt>
      <trkpt lat="43.182336" lon="-2.589746"><ele>227.036293</ele></trkpt>
      <trkpt lat="43.182267" lon="-2.589786"><ele>225.928481</ele></trkpt>
      <trkpt lat="43.182204" lon="-2.589823"><ele>224.914982</ele></trkpt>
      <trkpt lat="43.182133" lon="-2.589866"><ele>223.767187</ele></trkpt>
      <trkpt lat="43.18206" lon="-2.589892"><ele>222.65183</ele></trkpt>
      <trkpt lat="43.181981" lon="-2.589903"><ele>221.47755</ele></trkpt>
      <trkpt lat="43.181886" lon="-2.589918"><ele>220.063382</ele></trkpt>
      <trkpt lat="43.181781" lon="-2.589938"><ele>218.495708</ele></trkpt>
      <trkpt lat="43.181666" lon="-2.589962"><ele>216.775477</ele></trkpt>
      <trkpt lat="43.18155" lon="-2.589991"><ele>215.031766</ele></trkpt>
      <trkpt lat="43.181427" lon="-2.590021"><ele>213.184264</ele></trkpt>
      <trkpt lat="43.1813" lon="-2.590045"><ele>211.288405</ele></trkpt>
      <trkpt lat="43.181161" lon="-2.590058"><ele>209.22806</ele></trkpt>
      <trkpt lat="43.181014" lon="-2.590063"><ele>207.053515</ele></trkpt>
      <trkpt lat="43.180875" lon="-2.590062"><ele>204.997916</ele></trkpt>
      <trkpt lat="43.180742" lon="-2.590062"><ele>203.031076</ele></trkpt>
      <trkpt lat="43.180624" lon="-2.590066"><ele>201.285526</ele></trkpt>
      <trkpt lat="43.180525" lon="-2.590064"><ele>199.71678</ele></trkpt>
      <trkpt lat="43.180438" lon="-2.590028"><ele>198.218747</ele></trkpt>
      <trkpt lat="43.180362" lon="-2.589958"><ele>196.709565</ele></trkpt>
      <trkpt lat="43.180294" lon="-2.589865"><ele>195.126435</ele></trkpt>
      <trkpt lat="43.180232" lon="-2.589762"><ele>193.520958</ele></trkpt>
      <trkpt lat="43.180188" lon="-2.589661"><ele>192.106703</ele></trkpt>
      <trkpt lat="43.180154" lon="-2.589543"><ele>190.58154</ele></trkpt>
      <trkpt lat="43.180126" lon="-2.589405"><ele>188.859662</ele></trkpt>
      <trkpt lat="43.180102" lon="-2.589259"><ele>187.060595</ele></trkpt>
      <trkpt lat="43.180082" lon="-2.589111"><ele>185.251235</ele></trkpt>
      <trkpt lat="43.180065" lon="-2.588974"><ele>183.580721</ele></trkpt>
      <trkpt lat="43.180044" lon="-2.588845"><ele>181.991874</ele></trkpt>
      <trkpt lat="43.180003" lon="-2.588716"><ele>180.300307</ele></trkpt>
      <trkpt lat="43.179943" lon="-2.588593"><ele>178.521431</ele></trkpt>
      <trkpt lat="43.179863" lon="-2.588485"><ele>176.670863</ele></trkpt>
      <trkpt lat="43.179768" lon="-2.588397"><ele>174.781022</ele></trkpt>
      <trkpt lat="43.179666" lon="-2.588325"><ele>172.889907</ele></trkpt>
      <trkpt lat="43.179561" lon="-2.58827"><ele>171.093289</ele></trkpt>
      <trkpt lat="43.179455" lon="-2.588208"><ele>171.535683</ele></trkpt>
      <trkpt lat="43.179357" lon="-2.588138"><ele>171.959873</ele></trkpt>
      <trkpt lat="43.179258" lon="-2.588065"><ele>172.391385</ele></trkpt>
      <trkpt lat="43.179161" lon="-2.587997"><ele>172.809597</ele></trkpt>
      <trkpt lat="43.179066" lon="-2.587934"><ele>173.2147</ele></trkpt>
      <trkpt lat="43.178985" lon="-2.587871"><ele>173.572186</ele></trkpt>
      <trkpt lat="43.178915" lon="-2.587801"><ele>173.904771</ele></trkpt>
      <trkpt lat="43.178848" lon="-2.587728"><ele>174.23328</ele></trkpt>
      <trkpt lat="43.178787" lon="-2.587653"><ele>174.547796</ele></trkpt>
      <trkpt lat="43.178734" lon="-2.587575"><ele>174.846252</ele></trkpt>
      <trkpt lat="43.17869" lon="-2.5875"><ele>175.115722</ele></trkpt>
      <trkpt lat="43.178648" lon="-2.587425"><ele>175.380446</ele></trkpt>
      <trkpt lat="43.178613" lon="-2.587358"><ele>175.611168</ele></trkpt>
      <trkpt lat="43.178583" lon="-2.587301"><ele>175.807957</ele></trkpt>
      <trkpt lat="43.178559" lon="-2.587249"><ele>175.980234</ele></trkpt>
      <trkpt lat="43.178541" lon="-2.587199"><ele>176.136334</ele></trkpt>
      <trkpt lat="43.178521" lon="-2.587151"><ele>176.291095</ele></trkpt>
      <trkpt lat="43.178502" lon="-2.587104"><ele>176.441534</ele></trkpt>
      <trkpt lat="43.178485" lon="-2.587062"><ele>176.576009</ele></trkpt>
      <trkpt lat="43.178478" lon="-2.587033"><ele>176.661525</ele></trkpt>
      <trkpt lat="43.178473" lon="-2.586996"><ele>176.766867</ele></trkpt>
      <trkpt lat="43.178465" lon="-2.58696"><ele>176.872223</ele></trkpt>
      <trkpt lat="43.178449" lon="-2.586923"><ele>176.992645</ele></trkpt>
      <trkpt lat="43.178439" lon="-2.58689"><ele>177.092686</ele></trkpt>
      <trkpt lat="43.178428" lon="-2.586868"><ele>177.16736</ele></trkpt>
      <trkpt lat="43.178426" lon="-2.586842"><ele>177.24055</ele></trkpt>
      <trkpt lat="43.178423" lon="-2.586815"><ele>177.317007</ele></trkpt>
      <trkpt lat="43.178411" lon="-2.586786"><ele>177.410351</ele></trkpt>
      <trkpt lat="43.178397" lon="-2.586761"><ele>177.498592</ele></trkpt>
      <trkpt lat="43.178382" lon="-2.586739"><ele>177.582907</ele></trkpt>
      <trkpt lat="43.178371" lon="-2.586715"><ele>177.662263</ele></trkpt>
      <trkpt lat="43.178357" lon="-2.58668"><ele>177.774016</ele></trkpt>
      <trkpt lat="43.178344" lon="-2.586646"><ele>177.881487</ele></trkpt>
      <trkpt lat="43.178331" lon="-2.586619"><ele>177.972061</ele></trkpt>
      <trkpt lat="43.178318" lon="-2.586594"><ele>178.220173</ele></trkpt>
      <trkpt lat="43.178308" lon="-2.58657"><ele>178.475551</ele></trkpt>
      <trkpt lat="43.178296" lon="-2.586546"><ele>178.744402</ele></trkpt>
      <trkpt lat="43.178283" lon="-2.586514"><ele>179.082832</ele></trkpt>
      <trkpt lat="43.178268" lon="-2.58649"><ele>179.374864</ele></trkpt>
      <trkpt lat="43.178251" lon="-2.58647"><ele>179.658647</ele></trkpt>
      <trkpt lat="43.178227" lon="-2.58646"><ele>179.976441</ele></trkpt>
      <trkpt lat="43.178212" lon="-2.586444"><ele>180.217207</ele></trkpt>
      <trkpt lat="43.178207" lon="-2.586419"><ele>180.456711</ele></trkpt>
      <trkpt lat="43.178193" lon="-2.586392"><ele>180.762795</ele></trkpt>
      <trkpt lat="43.178176" lon="-2.586379"><ele>181.009402</ele></trkpt>
      <trkpt lat="43.17816" lon="-2.586366"><ele>181.245025</ele></trkpt>
      <trkpt lat="43.178142" lon="-2.586356"><ele>181.49108</ele></trkpt>
      <trkpt lat="43.178123" lon="-2.586338"><ele>181.78366</ele></trkpt>
      <trkpt lat="43.178113" lon="-2.586315"><ele>182.031059</ele></trkpt>
      <trkpt lat="43.178102" lon="-2.586291"><ele>182.292955</ele></trkpt>
      <trkpt lat="43.178086" lon="-2.586278"><ele>182.528577</ele></trkpt>
      <trkpt lat="43.178069" lon="-2.586274"><ele>182.747107</ele></trkpt>
      <trkpt lat="43.17805" lon="-2.586265"><ele>183.001784</ele></trkpt>
      <trkpt lat="43.178034" lon="-2.586247"><ele>183.263984</ele></trkpt>
      <trkpt lat="43.178019" lon="-2.586232"><ele>183.49919</ele></trkpt>
      <trkpt lat="43.178002" lon="-2.586215"><ele>183.765757</ele></trkpt>
      <trkpt lat="43.177986" lon="-2.5862"><ele>184.011314</ele></trkpt>
      <trkpt lat="43.177969" lon="-2.586176"><ele>184.320436</ele></trkpt>
      <trkpt lat="43.177951" lon="-2.58615"><ele>184.651661</ele></trkpt>
      <trkpt lat="43.177936" lon="-2.58612"><ele>184.987726</ele></trkpt>
      <trkpt lat="43.177924" lon="-2.586086"><ele>185.336711</ele></trkpt>
      <trkpt lat="43.177912" lon="-2.586051"><ele>185.694034</ele></trkpt>
      <trkpt lat="43.177899" lon="-2.586013"><ele>186.081831</ele></trkpt>
      <trkpt lat="43.17788" lon="-2.585975"><ele>186.507513</ele></trkpt>
      <trkpt lat="43.177858" lon="-2.585943"><ele>186.913836</ele></trkpt>
      <trkpt lat="43.177838" lon="-2.585912"><ele>187.296246</ele></trkpt>
      <trkpt lat="43.177818" lon="-2.585882"><ele>187.671787</ele></trkpt>
      <trkpt lat="43.177797" lon="-2.585849"><ele>188.07644</ele></trkpt>
      <trkpt lat="43.177778" lon="-2.585814"><ele>188.479569</ele></trkpt>
      <trkpt lat="43.177758" lon="-2.585777"><ele>188.905085</ele></trkpt>
      <trkpt lat="43.177739" lon="-2.585741"><ele>189.315662</ele></trkpt>
      <trkpt lat="43.177719" lon="-2.585708"><ele>189.712101</ele></trkpt>
      <trkpt lat="43.177701" lon="-2.58567"><ele>190.13075</ele></trkpt>
      <trkpt lat="43.177683" lon="-2.585631"><ele>190.557177</ele></trkpt>
      <trkpt lat="43.177664" lon="-2.585593"><ele>190.982861</ele></trkpt>
      <trkpt lat="43.177645" lon="-2.585559"><ele>191.378617</ele></trkpt>
      <trkpt lat="43.17763" lon="-2.585522"><ele>191.769737</ele></trkpt>
      <trkpt lat="43.177617" lon="-2.585485"><ele>192.149191</ele></trkpt>
      <trkpt lat="43.177606" lon="-2.585448"><ele>192.518353</ele></trkpt>
      <trkpt lat="43.177593" lon="-2.585404"><ele>192.956971</ele></trkpt>
      <trkpt lat="43.177577" lon="-2.585362"><ele>193.39477</ele></trkpt>
      <trkpt lat="43.177561" lon="-2.58532"><ele>193.832569</ele></trkpt>
      <trkpt lat="43.177546" lon="-2.585279"><ele>194.25637</ele></trkpt>
      <trkpt lat="43.17753" lon="-2.585233"><ele>194.727237</ele></trkpt>
      <trkpt lat="43.177516" lon="-2.585185"><ele>195.204868</ele></trkpt>
      <trkpt lat="43.177504" lon="-2.58514"><ele>195.647553</ele></trkpt>
      <trkpt lat="43.177488" lon="-2.585094"><ele>196.11842</ele></trkpt>
      <trkpt lat="43.177472" lon="-2.58505"><ele>196.572678</ele></trkpt>
      <trkpt lat="43.177454" lon="-2.585009"><ele>197.014831</ele></trkpt>
      <trkpt lat="43.177434" lon="-2.58496"><ele>197.533635</ele></trkpt>
      <trkpt lat="43.177423" lon="-2.584917"><ele>197.954652</ele></trkpt>
      <trkpt lat="43.177412" lon="-2.584876"><ele>198.358278</ele></trkpt>
      <trkpt lat="43.1774" lon="-2.584834"><ele>198.775041</ele></trkpt>
      <trkpt lat="43.177385" lon="-2.584789"><ele>199.232175</ele></trkpt>
      <trkpt lat="43.177376" lon="-2.584747"><ele>199.636624</ele></trkpt>
      <trkpt lat="43.177366" lon="-2.584708"><ele>200.018574</ele></trkpt>
      <trkpt lat="43.177354" lon="-2.584665"><ele>200.443953</ele></trkpt>
      <trkpt lat="43.177341" lon="-2.584626"><ele>200.828289</ele></trkpt>
      <trkpt lat="43.177329" lon="-2.584589"><ele>201.133878</ele></trkpt>
      <trkpt lat="43.177317" lon="-2.584548"><ele>201.467274</ele></trkpt>
      <trkpt lat="43.177301" lon="-2.584507"><ele>201.818198</ele></trkpt>
      <trkpt lat="43.177285" lon="-2.584465"><ele>202.175793</ele></trkpt>
      <trkpt lat="43.177266" lon="-2.584425"><ele>202.536041</ele></trkpt>
      <trkpt lat="43.177249" lon="-2.584387"><ele>202.87247</ele></trkpt>
      <trkpt lat="43.177238" lon="-2.584348"><ele>203.18803</ele></trkpt>
      <trkpt lat="43.17723" lon="-2.5843"><ele>203.559602</ele></trkpt>
      <trkpt lat="43.177226" lon="-2.584264"><ele>203.834412</ele></trkpt>
      <trkpt lat="43.177216" lon="-2.584222"><ele>204.167831</ele></trkpt>
      <trkpt lat="43.177206" lon="-2.584178"><ele>204.515629</ele></trkpt>
      <trkpt lat="43.177197" lon="-2.584132"><ele>204.875046</ele></trkpt>
      <trkpt lat="43.177188" lon="-2.584085"><ele>205.241756</ele></trkpt>
      <trkpt lat="43.17718" lon="-2.584037"><ele>205.613328</ele></trkpt>
      <trkpt lat="43.177175" lon="-2.583994"><ele>205.941927</ele></trkpt>
      <trkpt lat="43.177168" lon="-2.58395"><ele>206.281784</ele></trkpt>
      <trkpt lat="43.177159" lon="-2.58391"><ele>206.597685</ele></trkpt>
      <trkpt lat="43.177153" lon="-2.583873"><ele>206.883727</ele></trkpt>
      <trkpt lat="43.177149" lon="-2.583832"><ele>207.19589</ele></trkpt>
      <trkpt lat="43.177145" lon="-2.583789"><ele>207.52302</ele></trkpt>
      <trkpt lat="43.17714" lon="-2.583746"><ele>207.851619</ele></trkpt>
      <trkpt lat="43.177135" lon="-2.583703"><ele>208.180219</ele></trkpt>
      <trkpt lat="43.177129" lon="-2.583657"><ele>208.532867</ele></trkpt>
      <trkpt lat="43.177125" lon="-2.583614"><ele>208.859997</ele></trkpt>
      <trkpt lat="43.177127" lon="-2.583572"><ele>209.177626</ele></trkpt>
      <trkpt lat="43.177128" lon="-2.583524"><ele>209.540006</ele></trkpt>
      <trkpt lat="43.177127" lon="-2.583481"><ele>209.864671</ele></trkpt>
      <trkpt lat="43.177121" lon="-2.583444"><ele>210.150713</ele></trkpt>
      <trkpt lat="43.177115" lon="-2.583402"><ele>210.473691</ele></trkpt>
      <trkpt lat="43.177111" lon="-2.583359"><ele>210.80082</ele></trkpt>
      <trkpt lat="43.177102" lon="-2.583313"><ele>211.160237</ele></trkpt>
      <trkpt lat="43.177094" lon="-2.583267"><ele>211.517112</ele></trkpt>
      <trkpt lat="43.177084" lon="-2.583226"><ele>211.843367</ele></trkpt>
      <trkpt lat="43.177072" lon="-2.583179"><ele>212.219164</ele></trkpt>
      <trkpt lat="43.177062" lon="-2.583132"><ele>212.588638</ele></trkpt>
      <trkpt lat="43.177051" lon="-2.583089"><ele>212.932526</ele></trkpt>
      <trkpt lat="43.177041" lon="-2.583045"><ele>213.280325</ele></trkpt>
      <trkpt lat="43.17703" lon="-2.583004"><ele>213.610008</ele></trkpt>
      <trkpt lat="43.177019" lon="-2.582964"><ele>213.932619</ele></trkpt>
      <trkpt lat="43.177008" lon="-2.582923"><ele>214.262303</ele></trkpt>
      <trkpt lat="43.176997" lon="-2.582877"><ele>214.62763</ele></trkpt>
      <trkpt lat="43.176983" lon="-2.582833"><ele>214.989908</ele></trkpt>
      <trkpt lat="43.17697" lon="-2.582792"><ele>215.327297</ele></trkpt>
      <trkpt lat="43.176953" lon="-2.58275"><ele>215.689801</ele></trkpt>
      <trkpt lat="43.176941" lon="-2.582709"><ele>216.0232</ele></trkpt>
      <trkpt lat="43.17693" lon="-2.582677"><ele>216.290173</ele></trkpt>
      <trkpt lat="43.176915" lon="-2.582642"><ele>216.596538</ele></trkpt>
      <trkpt lat="43.176899" lon="-2.582605"><ele>216.921161</ele></trkpt>
      <trkpt lat="43.176882" lon="-2.582569"><ele>217.244822</ele></trkpt>
      <trkpt lat="43.176866" lon="-2.582532"><ele>217.569445</ele></trkpt>
      <trkpt lat="43.176846" lon="-2.582503"><ele>217.870662</ele></trkpt>
      <trkpt lat="43.17683" lon="-2.58247"><ele>218.169717</ele></trkpt>
      <trkpt lat="43.176819" lon="-2.582436"><ele>218.450418</ele></trkpt>
      <trkpt lat="43.176814" lon="-2.582396"><ele>218.756682</ele></trkpt>
      <trkpt lat="43.176811" lon="-2.582354"><ele>219.075154</ele></trkpt>
      <trkpt lat="43.176807" lon="-2.582318"><ele>219.349965</ele></trkpt>
      <trkpt lat="43.176806" lon="-2.582285"><ele>219.450231</ele></trkpt>
      <trkpt lat="43.176807" lon="-2.582247"><ele>219.534186</ele></trkpt>
      <trkpt lat="43.17681" lon="-2.582201"><ele>219.636156</ele></trkpt>
      <trkpt lat="43.176816" lon="-2.582149"><ele>219.752396</ele></trkpt>
      <trkpt lat="43.176824" lon="-2.582092"><ele>219.880556</ele></trkpt>
      <trkpt lat="43.176837" lon="-2.582034"><ele>220.014527</ele></trkpt>
      <trkpt lat="43.176853" lon="-2.581972"><ele>220.159737</ele></trkpt>
      <trkpt lat="43.176868" lon="-2.581906"><ele>220.312372</ele></trkpt>
      <trkpt lat="43.17688" lon="-2.581836"><ele>220.471138</ele></trkpt>
      <trkpt lat="43.176886" lon="-2.581763"><ele>220.633336</ele></trkpt>
      <trkpt lat="43.176883" lon="-2.581687"><ele>220.801383</ele></trkpt>
      <trkpt lat="43.17687" lon="-2.581607"><ele>220.982348</ele></trkpt>
      <trkpt lat="43.176837" lon="-2.581532"><ele>221.175749</ele></trkpt>
      <trkpt lat="43.176788" lon="-2.581467"><ele>221.38216</ele></trkpt>
      <trkpt lat="43.176736" lon="-2.581424"><ele>221.56601</ele></trkpt>
      <trkpt lat="43.176683" lon="-2.581402"><ele>221.733667</ele></trkpt>
      <trkpt lat="43.17663" lon="-2.581397"><ele>221.894513</ele></trkpt>
      <trkpt lat="43.176585" lon="-2.581426"><ele>222.045053</ele></trkpt>
      <trkpt lat="43.176533" lon="-2.581467"><ele>222.226662</ele></trkpt>
      <trkpt lat="43.176493" lon="-2.581526"><ele>222.404528</ele></trkpt>
      <trkpt lat="43.176466" lon="-2.581593"><ele>222.573544</ele></trkpt>
      <trkpt lat="43.17645" lon="-2.581657"><ele>222.722924</ele></trkpt>
      <trkpt lat="43.176432" lon="-2.581718"><ele>222.868216</ele></trkpt>
      <trkpt lat="43.176409" lon="-2.581775"><ele>223.012048</ele></trkpt>
      <trkpt lat="43.176374" lon="-2.581821"><ele>223.15883</ele></trkpt>
      <trkpt lat="43.176328" lon="-2.581847"><ele>223.309469</ele></trkpt>
      <trkpt lat="43.176278" lon="-2.581846"><ele>223.460869</ele></trkpt>
      <trkpt lat="43.176234" lon="-2.581821"><ele>223.605069</ele></trkpt>
      <trkpt lat="43.176196" lon="-2.581779"><ele>223.75284</ele></trkpt>
      <trkpt lat="43.176158" lon="-2.581742"><ele>223.893945</ele></trkpt>
      <trkpt lat="43.17612" lon="-2.581699"><ele>224.043112</ele></trkpt>
      <trkpt lat="43.176084" lon="-2.581658"><ele>224.184798</ele></trkpt>
      <trkpt lat="43.176046" lon="-2.581633"><ele>224.312406</ele></trkpt>
      <trkpt lat="43.176014" lon="-2.581616"><ele>224.416308</ele></trkpt>
      <trkpt lat="43.175984" lon="-2.58159"><ele>224.523758</ele></trkpt>
      <trkpt lat="43.175956" lon="-2.581563"><ele>224.627395</ele></trkpt>
      <trkpt lat="43.175924" lon="-2.581543"><ele>224.73387</ele></trkpt>
      <trkpt lat="43.175886" lon="-2.581532"><ele>224.85181</ele></trkpt>
      <trkpt lat="43.17585" lon="-2.581519"><ele>224.966846</ele></trkpt>
      <trkpt lat="43.175812" lon="-2.581504"><ele>225.089038</ele></trkpt>
      <trkpt lat="43.175776" lon="-2.581485"><ele>225.208237</ele></trkpt>
      <trkpt lat="43.175741" lon="-2.581466"><ele>225.324557</ele></trkpt>
      <trkpt lat="43.175709" lon="-2.58144"><ele>225.439495</ele></trkpt>
      <trkpt lat="43.175673" lon="-2.581414"><ele>225.565225</ele></trkpt>
      <trkpt lat="43.175641" lon="-2.581389"><ele>225.67903</ele></trkpt>
      <trkpt lat="43.17561" lon="-2.581364"><ele>225.790162</ele></trkpt>
      <trkpt lat="43.175579" lon="-2.581341"><ele>225.899077</ele></trkpt>
      <trkpt lat="43.175548" lon="-2.581313"><ele>226.013784</ele></trkpt>
      <trkpt lat="43.175517" lon="-2.581282"><ele>226.132344</ele></trkpt>
      <trkpt lat="43.175487" lon="-2.58125"><ele>226.249791</ele></trkpt>
      <trkpt lat="43.175454" lon="-2.581225"><ele>226.366292</ele></trkpt>
      <trkpt lat="43.175421" lon="-2.581204"><ele>226.478711</ele></trkpt>
      <trkpt lat="43.175391" lon="-2.581181"><ele>226.584919</ele></trkpt>
      <trkpt lat="43.17536" lon="-2.58116"><ele>226.691764</ele></trkpt>
      <trkpt lat="43.175325" lon="-2.581138"><ele>226.810739</ele></trkpt>
      <trkpt lat="43.175293" lon="-2.581116"><ele>226.921354</ele></trkpt>
      <trkpt lat="43.175262" lon="-2.581095"><ele>227.028199</ele></trkpt>
      <trkpt lat="43.175229" lon="-2.581076"><ele>227.138796</ele></trkpt>
      <trkpt lat="43.175194" lon="-2.581062"><ele>227.251457</ele></trkpt>
      <trkpt lat="43.175156" lon="-2.581052"><ele>227.371024</ele></trkpt>
      <trkpt lat="43.175116" lon="-2.581048"><ele>227.494956</ele></trkpt>
      <trkpt lat="43.175076" lon="-2.581052"><ele>227.618888</ele></trkpt>
      <trkpt lat="43.175041" lon="-2.581064"><ele>227.730371</ele></trkpt>
      <trkpt lat="43.175004" lon="-2.581082"><ele>227.851686</ele></trkpt>
      <trkpt lat="43.17497" lon="-2.581105"><ele>227.968839</ele></trkpt>
      <trkpt lat="43.174935" lon="-2.581132"><ele>228.092933</ele></trkpt>
      <trkpt lat="43.174902" lon="-2.58116"><ele>228.212849</ele></trkpt>
      <trkpt lat="43.174866" lon="-2.581185"><ele>228.337545</ele></trkpt>
      <trkpt lat="43.174832" lon="-2.581214"><ele>228.461275</ele></trkpt>
      <trkpt lat="43.174793" lon="-2.581241"><ele>228.596277</ele></trkpt>
      <trkpt lat="43.174758" lon="-2.581262"><ele>228.714331</ele></trkpt>
      <trkpt lat="43.17472" lon="-2.58128"><ele>228.838563</ele></trkpt>
      <trkpt lat="43.174681" lon="-2.581302"><ele>228.968876</ele></trkpt>
      <trkpt lat="43.174642" lon="-2.58132"><ele>229.096034</ele></trkpt>
      <trkpt lat="43.174605" lon="-2.581333"><ele>229.214061</ele></trkpt>
      <trkpt lat="43.174566" lon="-2.581338"><ele>229.3351</ele></trkpt>
      <trkpt lat="43.174537" lon="-2.581341"><ele>229.424968</ele></trkpt>
      <trkpt lat="43.174509" lon="-2.58134"><ele>229.51152</ele></trkpt>
      <trkpt lat="43.174485" lon="-2.581336"><ele>229.586228</ele></trkpt>
      <trkpt lat="43.174461" lon="-2.58132"><ele>229.668691</ele></trkpt>
      <trkpt lat="43.174436" lon="-2.581303"><ele>229.75492</ele></trkpt>
      <trkpt lat="43.174409" lon="-2.581283"><ele>229.849748</ele></trkpt>
      <trkpt lat="43.174374" lon="-2.581259"><ele>229.970671</ele></trkpt>
      <trkpt lat="43.174339" lon="-2.581261"><ele>230.078918</ele></trkpt>
      <trkpt lat="43.174306" lon="-2.581282"><ele>230.191338</ele></trkpt>
      <trkpt lat="43.174282" lon="-2.581315"><ele>230.296364</ele></trkpt>
      <trkpt lat="43.174258" lon="-2.581355"><ele>230.35059</ele></trkpt>
      <trkpt lat="43.174235" lon="-2.581406"><ele>230.079734</ele></trkpt>
      <trkpt lat="43.174213" lon="-2.581461"><ele>229.796382</ele></trkpt>
      <trkpt lat="43.174182" lon="-2.581499"><ele>229.538836</ele></trkpt>
      <trkpt lat="43.174144" lon="-2.581512"><ele>229.296256</ele></trkpt>
      <trkpt lat="43.174118" lon="-2.581492"><ele>229.111607</ele></trkpt>
      <trkpt lat="43.1741" lon="-2.581465"><ele>228.946368</ele></trkpt>
      <trkpt lat="43.174077" lon="-2.581441"><ele>228.767352</ele></trkpt>
      <trkpt lat="43.174053" lon="-2.581435"><ele>228.61625</ele></trkpt>
      <trkpt lat="43.174026" lon="-2.581441"><ele>228.446835</ele></trkpt>
      <trkpt lat="43.174005" lon="-2.581437"><ele>228.315516</ele></trkpt>
      <trkpt lat="43.173993" lon="-2.581421"><ele>228.211845</ele></trkpt>
      <trkpt lat="43.173992" lon="-2.581409"><ele>228.157288</ele></trkpt>
      <trkpt lat="43.173991" lon="-2.581414"><ele>228.133869</ele></trkpt>
      <trkpt lat="43.173989" lon="-2.581419"><ele>228.108109</ele></trkpt>
      <trkpt lat="43.173988" lon="-2.581423"><ele>228.089009</ele></trkpt>
      <trkpt lat="43.173988" lon="-2.581423"><ele>228.089009</ele></trkpt>
      <trkpt lat="43.173988" lon="-2.581423"><ele>228.089009</ele></trkpt>
      <trkpt lat="43.173988" lon="-2.581423"><ele>228.089009</ele></trkpt>
      <trkpt lat="43.173988" lon="-2.581423"><ele>228.089009</ele></trkpt>
      <trkpt lat="43.173988" lon="-2.581423"><ele>228.089009</ele></trkpt>
      <trkpt lat="43.173988" lon="-2.581423"><ele>228.089009</ele></trkpt>
      <trkpt lat="43.173988" lon="-2.581423"><ele>228.089009</ele></trkpt>
      <trkpt lat="43.173988" lon="-2.581423"><ele>228.089009</ele></trkpt>
      <trkpt lat="43.173986" lon="-2.581426"><ele>228.070649</ele></trkpt>
      <trkpt lat="43.173988" lon="-2.581423"><ele>228.052289</ele></trkpt>
      <trkpt lat="43.173988" lon="-2.581423"><ele>228.052289</ele></trkpt>
      <trkpt lat="43.173988" lon="-2.581423"><ele>228.052289</ele></trkpt>
      <trkpt lat="43.173988" lon="-2.581423"><ele>228.052289</ele></trkpt>
      <trkpt lat="43.173988" lon="-2.581423"><ele>228.052289</ele></trkpt>
      <trkpt lat="43.174365" lon="-2.58143"><ele>225.717002</ele></trkpt>
      <trkpt lat="43.174372" lon="-2.581413"><ele>225.628819</ele></trkpt>
      <trkpt lat="43.174381" lon="-2.581402"><ele>225.554144</ele></trkpt>
      <trkpt lat="43.174393" lon="-2.581387"><ele>225.453571</ele></trkpt>
      <trkpt lat="43.174409" lon="-2.581371"><ele>225.330915</ele></trkpt>
      <trkpt lat="43.17443" lon="-2.58135"><ele>225.16993</ele></trkpt>
      <trkpt lat="43.174455" lon="-2.581332"><ele>224.995037</ele></trkpt>
      <trkpt lat="43.17448" lon="-2.581318"><ele>224.827776</ele></trkpt>
      <trkpt lat="43.174508" lon="-2.581301"><ele>224.638109</ele></trkpt>
      <trkpt lat="43.174537" lon="-2.581284"><ele>224.442762</ele></trkpt>
      <trkpt lat="43.17456" lon="-2.581275"><ele>224.294617</ele></trkpt>
      <trkpt lat="43.174584" lon="-2.581263"><ele>224.136392</ele></trkpt>
      <trkpt lat="43.174606" lon="-2.581241"><ele>223.967741</ele></trkpt>
      <trkpt lat="43.174627" lon="-2.581206"><ele>223.763016</ele></trkpt>
      <trkpt lat="43.174646" lon="-2.581171"><ele>223.56593</ele></trkpt>
      <trkpt lat="43.174677" lon="-2.581134"><ele>223.311373</ele></trkpt>
      <trkpt lat="43.174714" lon="-2.581105"><ele>223.047406</ele></trkpt>
      <trkpt lat="43.174748" lon="-2.581085"><ele>222.818257</ele></trkpt>
      <trkpt lat="43.17478" lon="-2.581062"><ele>222.594477</ele></trkpt>
      <trkpt lat="43.174815" lon="-2.581041"><ele>222.357848</ele></trkpt>
      <trkpt lat="43.17485" lon="-2.581025"><ele>222.129335</ele></trkpt>
      <trkpt lat="43.174887" lon="-2.58101"><ele>221.890357</ele></trkpt>
      <trkpt lat="43.174922" lon="-2.580994"><ele>221.661844</ele></trkpt>
      <trkpt lat="43.174961" lon="-2.58099"><ele>221.41961</ele></trkpt>
      <trkpt lat="43.175" lon="-2.580986"><ele>221.177376</ele></trkpt>
      <trkpt lat="43.175026" lon="-2.580974"><ele>221.007459</ele></trkpt>
      <trkpt lat="43.175048" lon="-2.580968"><ele>220.868526</ele></trkpt>
      <trkpt lat="43.175073" lon="-2.580965"><ele>220.713088</ele></trkpt>
      <trkpt lat="43.175101" lon="-2.580971"><ele>220.537556</ele></trkpt>
      <trkpt lat="43.17513" lon="-2.580981"><ele>220.352343</ele></trkpt>
      <trkpt lat="43.175159" lon="-2.580999"><ele>220.155177</ele></trkpt>
      <trkpt lat="43.175196" lon="-2.581023"><ele>219.901659</ele></trkpt>
      <trkpt lat="43.175234" lon="-2.581024"><ele>219.66625</ele></trkpt>
      <trkpt lat="43.175249" lon="-2.580999"><ele>219.520019</ele></trkpt>
      <trkpt lat="43.175264" lon="-2.580971"><ele>219.363088</ele></trkpt>
      <trkpt lat="43.175285" lon="-2.580956"><ele>219.22524</ele></trkpt>
      <trkpt lat="43.175305" lon="-2.580937"><ele>219.112074</ele></trkpt>
      <trkpt lat="43.175325" lon="-2.58092"><ele>219.00263</ele></trkpt>
      <trkpt lat="43.17534" lon="-2.5809"><ele>218.90532</ele></trkpt>
      <trkpt lat="43.175363" lon="-2.580882"><ele>218.782148</ele></trkpt>
      <trkpt lat="43.175379" lon="-2.580862"><ele>218.681451</ele></trkpt>
      <trkpt lat="43.175397" lon="-2.580839"><ele>218.567017</ele></trkpt>
      <trkpt lat="43.175411" lon="-2.580823"><ele>218.482251</ele></trkpt>
      <trkpt lat="43.17543" lon="-2.580801"><ele>218.366589</ele></trkpt>
      <trkpt lat="43.175452" lon="-2.580782"><ele>218.245661</ele></trkpt>
      <trkpt lat="43.175474" lon="-2.580759"><ele>218.11699</ele></trkpt>
      <trkpt lat="43.175498" lon="-2.580735"><ele>217.978833</ele></trkpt>
      <trkpt lat="43.17552" lon="-2.580713"><ele>217.85219</ele></trkpt>
      <trkpt lat="43.17554" lon="-2.580694"><ele>217.739025</ele></trkpt>
      <trkpt lat="43.175566" lon="-2.580668"><ele>217.589355</ele></trkpt>
      <trkpt lat="43.175594" lon="-2.580642"><ele>217.432074</ele></trkpt>
      <trkpt lat="43.175611" lon="-2.580607"><ele>217.289438</ele></trkpt>
      <trkpt lat="43.175628" lon="-2.580583"><ele>217.175954</ele></trkpt>
      <trkpt lat="43.175644" lon="-2.580578"><ele>217.099628</ele></trkpt>
      <trkpt lat="43.17566" lon="-2.580564"><ele>217.011351</ele></trkpt>
      <trkpt lat="43.175682" lon="-2.580553"><ele>216.902436</ele></trkpt>
      <trkpt lat="43.175703" lon="-2.580557"><ele>216.803825</ele></trkpt>
      <trkpt lat="43.175728" lon="-2.58057"><ele>216.679468</ele></trkpt>
      <trkpt lat="43.175744" lon="-2.580587"><ele>216.585325</ele></trkpt>
      <trkpt lat="43.175769" lon="-2.580603"><ele>216.457007</ele></trkpt>
      <trkpt lat="43.175794" lon="-2.580597"><ele>216.338961</ele></trkpt>
      <trkpt lat="43.175801" lon="-2.5806"><ele>216.304851</ele></trkpt>
      <trkpt lat="43.175809" lon="-2.580617"><ele>216.236226</ele></trkpt>
      <trkpt lat="43.175814" lon="-2.580635"><ele>216.170893</ele></trkpt>
      <trkpt lat="43.175818" lon="-2.580659"><ele>216.08739</ele></trkpt>
      <trkpt lat="43.175824" lon="-2.580688"><ele>215.985144</ele></trkpt>
      <trkpt lat="43.17583" lon="-2.580719"><ele>215.876357</ele></trkpt>
      <trkpt lat="43.175839" lon="-2.580745"><ele>215.778738</ele></trkpt>
      <trkpt lat="43.175849" lon="-2.580767"><ele>215.690809</ele></trkpt>
      <trkpt lat="43.175861" lon="-2.58079"><ele>215.594887</ele></trkpt>
      <trkpt lat="43.175873" lon="-2.580812"><ele>215.501702</ele></trkpt>
      <trkpt lat="43.175881" lon="-2.580838"><ele>215.405986</ele></trkpt>
      <trkpt lat="43.175888" lon="-2.580854"><ele>215.342699</ele></trkpt>
      <trkpt lat="43.1759" lon="-2.580873"><ele>215.257445</ele></trkpt>
      <trkpt lat="43.175907" lon="-2.580894"><ele>215.179128</ele></trkpt>
      <trkpt lat="43.175913" lon="-2.58092"><ele>215.08663</ele></trkpt>
      <trkpt lat="43.175915" lon="-2.580945"><ele>215.001325</ele></trkpt>
      <trkpt lat="43.175916" lon="-2.580976"><ele>214.896075</ele></trkpt>
      <trkpt lat="43.175919" lon="-2.581007"><ele>214.790006</ele></trkpt>
      <trkpt lat="43.175928" lon="-2.581032"><ele>214.69544</ele></trkpt>
      <trkpt lat="43.175936" lon="-2.581053"><ele>214.615078</ele></trkpt>
      <trkpt lat="43.175947" lon="-2.581073"><ele>214.530111</ele></trkpt>
      <trkpt lat="43.175963" lon="-2.581098"><ele>214.417291</ele></trkpt>
      <trkpt lat="43.175976" lon="-2.581119"><ele>214.323859</ele></trkpt>
      <trkpt lat="43.17599" lon="-2.581141"><ele>214.224823</ele></trkpt>
      <trkpt lat="43.176003" lon="-2.581161"><ele>214.13395</ele></trkpt>
      <trkpt lat="43.176016" lon="-2.58118"><ele>214.045581</ele></trkpt>
      <trkpt lat="43.176027" lon="-2.581197"><ele>213.968494</ele></trkpt>
      <trkpt lat="43.176041" lon="-2.581215"><ele>213.879233</ele></trkpt>
      <trkpt lat="43.176061" lon="-2.581233"><ele>213.767965</ele></trkpt>
      <trkpt lat="43.176083" lon="-2.581248"><ele>213.65369</ele></trkpt>
      <trkpt lat="43.176106" lon="-2.581252"><ele>213.545858</ele></trkpt>
      <trkpt lat="43.176129" lon="-2.581257"><ele>213.437547</ele></trkpt>
      <trkpt lat="43.176147" lon="-2.581257"><ele>213.353827</ele></trkpt>
      <trkpt lat="43.176168" lon="-2.581256"><ele>213.256095</ele></trkpt>
      <trkpt lat="43.176191" lon="-2.58125"><ele>213.147201</ele></trkpt>
      <trkpt lat="43.176212" lon="-2.581232"><ele>213.032016</ele></trkpt>
      <trkpt lat="43.17623" lon="-2.581211"><ele>212.922095</ele></trkpt>
      <trkpt lat="43.176251" lon="-2.581187"><ele>212.794947</ele></trkpt>
      <trkpt lat="43.176277" lon="-2.581159"><ele>212.641184</ele></trkpt>
      <trkpt lat="43.176304" lon="-2.581125"><ele>212.470686</ele></trkpt>
      <trkpt lat="43.176332" lon="-2.581086"><ele>212.285056</ele></trkpt>
      <trkpt lat="43.176371" lon="-2.581059"><ele>212.081856</ele></trkpt>
      <trkpt lat="43.176415" lon="-2.581022"><ele>211.841792</ele></trkpt>
      <trkpt lat="43.176452" lon="-2.580964"><ele>211.580419</ele></trkpt>
      <trkpt lat="43.176477" lon="-2.580897"><ele>211.325147</ele></trkpt>
      <trkpt lat="43.176499" lon="-2.580811"><ele>211.016024</ele></trkpt>
      <trkpt lat="43.176508" lon="-2.580722"><ele>210.821195</ele></trkpt>
      <trkpt lat="43.176498" lon="-2.580641"><ele>210.717726</ele></trkpt>
      <trkpt lat="43.176482" lon="-2.580561"><ele>210.613247</ele></trkpt>
      <trkpt lat="43.176462" lon="-2.580473"><ele>210.497155</ele></trkpt>
      <trkpt lat="43.176448" lon="-2.580374"><ele>210.370144</ele></trkpt>
      <trkpt lat="43.176457" lon="-2.580281"><ele>210.251985</ele></trkpt>
      <trkpt lat="43.176447" lon="-2.580201"><ele>210.149758</ele></trkpt>
      <trkpt lat="43.176445" lon="-2.58012"><ele>210.047681</ele></trkpt>
      <trkpt lat="43.176444" lon="-2.580034"><ele>209.939352</ele></trkpt>
      <trkpt lat="43.176441" lon="-2.579947"><ele>209.829655</ele></trkpt>
      <trkpt lat="43.176435" lon="-2.579855"><ele>209.713321</ele></trkpt>
      <trkpt lat="43.176429" lon="-2.579768"><ele>209.603257</ele></trkpt>
      <trkpt lat="43.176423" lon="-2.579677"><ele>209.488177</ele></trkpt>
      <trkpt lat="43.176418" lon="-2.579586"><ele>209.373239</ele></trkpt>
      <trkpt lat="43.176409" lon="-2.579495"><ele>209.257577</ele></trkpt>
      <trkpt lat="43.176402" lon="-2.579407"><ele>209.146086</ele></trkpt>
      <trkpt lat="43.176396" lon="-2.579315"><ele>209.029751</ele></trkpt>
      <trkpt lat="43.176389" lon="-2.579228"><ele>208.919512</ele></trkpt>
      <trkpt lat="43.176381" lon="-2.579139"><ele>208.806569</ele></trkpt>
      <trkpt lat="43.176374" lon="-2.579044"><ele>208.68631</ele></trkpt>
      <trkpt lat="43.176367" lon="-2.578946"><ele>208.56229</ele></trkpt>
      <trkpt lat="43.17636" lon="-2.578848"><ele>208.43827</ele></trkpt>
      <trkpt lat="43.176352" lon="-2.578747"><ele>208.310314</ele></trkpt>
      <trkpt lat="43.176344" lon="-2.578645"><ele>208.181106</ele></trkpt>
      <trkpt lat="43.176332" lon="-2.578539"><ele>208.046002</ele></trkpt>
      <trkpt lat="43.176326" lon="-2.578431"><ele>207.909584</ele></trkpt>
      <trkpt lat="43.176317" lon="-2.578328"><ele>207.777443</ele></trkpt>
      <trkpt lat="43.176305" lon="-2.57822"><ele>207.378064</ele></trkpt>
      <trkpt lat="43.176292" lon="-2.578108"><ele>206.963464</ele></trkpt>
      <trkpt lat="43.176282" lon="-2.577995"><ele>206.547331</ele></trkpt>
      <trkpt lat="43.176269" lon="-2.57788"><ele>206.121897</ele></trkpt>
      <trkpt lat="43.176257" lon="-2.577766"><ele>205.70082</ele></trkpt>
      <trkpt lat="43.176237" lon="-2.577638"><ele>205.22226</ele></trkpt>
      <trkpt lat="43.17622" lon="-2.577506"><ele>204.732231</ele></trkpt>
      <trkpt lat="43.176196" lon="-2.577365"><ele>204.202912</ele></trkpt>
      <trkpt lat="43.176158" lon="-2.577219"><ele>203.636193</ele></trkpt>
      <trkpt lat="43.176122" lon="-2.577086"><ele>203.117562</ele></trkpt>
      <trkpt lat="43.176097" lon="-2.576973"><ele>202.685867</ele></trkpt>
      <trkpt lat="43.176087" lon="-2.576882"><ele>202.349435</ele></trkpt>
      <trkpt lat="43.176092" lon="-2.576794"><ele>202.026751</ele></trkpt>
      <trkpt lat="43.176107" lon="-2.576709"><ele>201.707041</ele></trkpt>
      <trkpt lat="43.176127" lon="-2.576622"><ele>201.37356</ele></trkpt>
      <trkpt lat="43.176156" lon="-2.576544"><ele>201.053488</ele></trkpt>
      <trkpt lat="43.176198" lon="-2.576484"><ele>200.749443</ele></trkpt>
      <trkpt lat="43.176247" lon="-2.576461"><ele>200.489812</ele></trkpt>
      <trkpt lat="43.176297" lon="-2.576466"><ele>200.238494</ele></trkpt>
      <trkpt lat="43.176345" lon="-2.576477"><ele>199.994531</ele></trkpt>
      <trkpt lat="43.176387" lon="-2.576484"><ele>199.782434</ele></trkpt>
      <trkpt lat="43.176425" lon="-2.576484"><ele>199.591938</ele></trkpt>
      <trkpt lat="43.176462" lon="-2.57648"><ele>199.40588</ele></trkpt>
      <trkpt lat="43.1765" lon="-2.576479"><ele>199.21535</ele></trkpt>
      <trkpt lat="43.176539" lon="-2.576479"><ele>199.019841</ele></trkpt>
      <trkpt lat="43.176579" lon="-2.576477"><ele>198.819186</ele></trkpt>
      <trkpt lat="43.176618" lon="-2.576477"><ele>198.896786</ele></trkpt>
      <trkpt lat="43.176656" lon="-2.576481"><ele>199.080147</ele></trkpt>
      <trkpt lat="43.176694" lon="-2.576479"><ele>199.263104</ele></trkpt>
      <trkpt lat="43.17673" lon="-2.576478"><ele>199.43634</ele></trkpt>
      <trkpt lat="43.176766" lon="-2.576481"><ele>199.60986</ele></trkpt>
      <trkpt lat="43.176802" lon="-2.576486"><ele>199.783947</ele></trkpt>
      <trkpt lat="43.176838" lon="-2.576488"><ele>199.95729</ele></trkpt>
      <trkpt lat="43.176871" lon="-2.57649"><ele>200.116212</ele></trkpt>
      <trkpt lat="43.176903" lon="-2.576489"><ele>200.270208</ele></trkpt>
      <trkpt lat="43.176939" lon="-2.576489"><ele>200.443409</ele></trkpt>
      <trkpt lat="43.176976" lon="-2.576499"><ele>200.624845</ele></trkpt>
      <trkpt lat="43.177011" lon="-2.576498"><ele>200.793271</ele></trkpt>
      <trkpt lat="43.177045" lon="-2.576498"><ele>200.95685</ele></trkpt>
      <trkpt lat="43.177082" lon="-2.576498"><ele>201.134862</ele></trkpt>
      <trkpt lat="43.177117" lon="-2.576497"><ele>201.303288</ele></trkpt>
      <trkpt lat="43.177154" lon="-2.576497"><ele>201.481299</ele></trkpt>
      <trkpt lat="43.177189" lon="-2.576499"><ele>201.649835</ele></trkpt>
      <trkpt lat="43.177225" lon="-2.576498"><ele>201.823071</ele></trkpt>
      <trkpt lat="43.177258" lon="-2.576497"><ele>201.981877</ele></trkpt>
      <trkpt lat="43.177294" lon="-2.576495"><ele>202.15522</ele></trkpt>
      <trkpt lat="43.177334" lon="-2.576495"><ele>202.347665</ele></trkpt>
      <trkpt lat="43.177371" lon="-2.576496"><ele>202.525711</ele></trkpt>
      <trkpt lat="43.177407" lon="-2.576496"><ele>202.698912</ele></trkpt>
      <trkpt lat="43.177444" lon="-2.576496"><ele>202.876924</ele></trkpt>
      <trkpt lat="43.177477" lon="-2.576497"><ele>203.03573</ele></trkpt>
      <trkpt lat="43.177512" lon="-2.576498"><ele>203.204156</ele></trkpt>
      <trkpt lat="43.177547" lon="-2.576499"><ele>203.372582</ele></trkpt>
      <trkpt lat="43.177581" lon="-2.576498"><ele>203.536198</ele></trkpt>
      <trkpt lat="43.177614" lon="-2.576495"><ele>203.695314</ele></trkpt>
      <trkpt lat="43.177649" lon="-2.576494"><ele>203.86374</ele></trkpt>
      <trkpt lat="43.177684" lon="-2.576496"><ele>204.032276</ele></trkpt>
      <trkpt lat="43.177721" lon="-2.576494"><ele>204.210426</ele></trkpt>
      <trkpt lat="43.177759" lon="-2.576492"><ele>204.393383</ele></trkpt>
      <trkpt lat="43.177796" lon="-2.576493"><ele>204.571429</ele></trkpt>
      <trkpt lat="43.177833" lon="-2.576496"><ele>204.749752</ele></trkpt>
      <trkpt lat="43.177871" lon="-2.576492"><ele>204.933113</ele></trkpt>
      <trkpt lat="43.177908" lon="-2.576486"><ele>205.112365</ele></trkpt>
      <trkpt lat="43.177947" lon="-2.576484"><ele>205.30013</ele></trkpt>
      <trkpt lat="43.177982" lon="-2.576491"><ele>205.470301</ele></trkpt>
      <trkpt lat="43.178014" lon="-2.576501"><ele>205.628204</ele></trkpt>
      <trkpt lat="43.178046" lon="-2.576504"><ele>205.78252</ele></trkpt>
      <trkpt lat="43.17808" lon="-2.576504"><ele>205.946098</ele></trkpt>
      <trkpt lat="43.178113" lon="-2.576502"><ele>206.10502</ele></trkpt>
      <trkpt lat="43.178146" lon="-2.576496"><ele>206.265177</ele></trkpt>
      <trkpt lat="43.17818" lon="-2.576488"><ele>206.431146</ele></trkpt>
      <trkpt lat="43.178215" lon="-2.576483"><ele>206.600447</ele></trkpt>
      <trkpt lat="43.17825" lon="-2.57648"><ele>206.769165</ele></trkpt>
      <trkpt lat="43.178285" lon="-2.576477"><ele>206.937883</ele></trkpt>
      <trkpt lat="43.178322" lon="-2.576471"><ele>207.117135</ele></trkpt>
      <trkpt lat="43.178361" lon="-2.57646"><ele>207.308697</ele></trkpt>
      <trkpt lat="43.178399" lon="-2.576441"><ele>207.548002</ele></trkpt>
      <trkpt lat="43.17844" lon="-2.576418"><ele>207.870964</ele></trkpt>
      <trkpt lat="43.178479" lon="-2.576396"><ele>208.178417</ele></trkpt>
      <trkpt lat="43.178509" lon="-2.576366"><ele>208.449115</ele></trkpt>
      <trkpt lat="43.178539" lon="-2.576345"><ele>208.694683</ele></trkpt>
      <trkpt lat="43.17857" lon="-2.576326"><ele>208.942241</ele></trkpt>
      <trkpt lat="43.178604" lon="-2.576296"><ele>209.237003</ele></trkpt>
      <trkpt lat="43.178635" lon="-2.576279"><ele>209.480415</ele></trkpt>
      <trkpt lat="43.178668" lon="-2.576253"><ele>209.75789</ele></trkpt>
      <trkpt lat="43.178697" lon="-2.576231"><ele>209.999515</ele></trkpt>
      <trkpt lat="43.178727" lon="-2.576211"><ele>210.242712</ele></trkpt>
      <trkpt lat="43.178756" lon="-2.576195"><ele>210.470612</ele></trkpt>
      <trkpt lat="43.178787" lon="-2.576175"><ele>210.720386</ele></trkpt>
      <trkpt lat="43.178817" lon="-2.576155"><ele>210.963582</ele></trkpt>
      <trkpt lat="43.178847" lon="-2.576135"><ele>211.206779</ele></trkpt>
      <trkpt lat="43.178879" lon="-2.576114"><ele>211.465418</ele></trkpt>
      <trkpt lat="43.178913" lon="-2.57609"><ele>211.744213</ele></trkpt>
      <trkpt lat="43.178945" lon="-2.576068"><ele>212.005192</ele></trkpt>
      <trkpt lat="43.178981" lon="-2.576047"><ele>212.290415</ele></trkpt>
      <trkpt lat="43.179014" lon="-2.576025"><ele>212.557932</ele></trkpt>
      <trkpt lat="43.179043" lon="-2.576005"><ele>212.794593</ele></trkpt>
      <trkpt lat="43.179074" lon="-2.575985"><ele>213.044366</ele></trkpt>
      <trkpt lat="43.179107" lon="-2.575965"><ele>213.307407</ele></trkpt>
      <trkpt lat="43.179144" lon="-2.575942"><ele>213.603583</ele></trkpt>
      <trkpt lat="43.179176" lon="-2.575919"><ele>213.866987</ele></trkpt>
      <trkpt lat="43.179209" lon="-2.575894"><ele>214.141851</ele></trkpt>
      <trkpt lat="43.179237" lon="-2.57587"><ele>214.382585</ele></trkpt>
      <trkpt lat="43.17927" lon="-2.575837"><ele>214.680352</ele></trkpt>
      <trkpt lat="43.17931" lon="-2.57582"><ele>214.985663</ele></trkpt>
      <trkpt lat="43.179335" lon="-2.5758"><ele>215.196677</ele></trkpt>
      <trkpt lat="43.17936" lon="-2.575781"><ele>215.405063</ele></trkpt>
      <trkpt lat="43.179386" lon="-2.575759"><ele>215.627801</ele></trkpt>
      <trkpt lat="43.179414" lon="-2.57574"><ele>215.855565</ele></trkpt>
      <trkpt lat="43.179445" lon="-2.575719"><ele>216.107647</ele></trkpt>
      <trkpt lat="43.179478" lon="-2.575701"><ele>216.366573</ele></trkpt>
      <trkpt lat="43.179509" lon="-2.575685"><ele>216.608061</ele></trkpt>
      <trkpt lat="43.179542" lon="-2.575674"><ele>216.855659</ele></trkpt>
      <trkpt lat="43.179575" lon="-2.575663"><ele>217.103256</ele></trkpt>
      <trkpt lat="43.179607" lon="-2.57566"><ele>217.337102</ele></trkpt>
      <trkpt lat="43.179637" lon="-2.575666"><ele>217.558136</ele></trkpt>
      <trkpt lat="43.17967" lon="-2.575677"><ele>217.805733</ele></trkpt>
      <trkpt lat="43.1797" lon="-2.575691"><ele>218.036771</ele></trkpt>
      <trkpt lat="43.179728" lon="-2.575709"><ele>218.262227</ele></trkpt>
      <trkpt lat="43.179755" lon="-2.575729"><ele>218.485956</ele></trkpt>
      <trkpt lat="43.17978" lon="-2.575757"><ele>218.721287</ele></trkpt>
      <trkpt lat="43.179802" lon="-2.575785"><ele>218.940115</ele></trkpt>
      <trkpt lat="43.179817" lon="-2.575821"><ele>219.160547</ele></trkpt>
      <trkpt lat="43.179839" lon="-2.575849"><ele>219.379375</ele></trkpt>
      <trkpt lat="43.17986" lon="-2.575876"><ele>219.589246</ele></trkpt>
      <trkpt lat="43.179881" lon="-2.575906"><ele>219.810331</ele></trkpt>
      <trkpt lat="43.179901" lon="-2.575937"><ele>220.030384</ele></trkpt>
      <trkpt lat="43.179928" lon="-2.575964"><ele>220.274011</ele></trkpt>
      <trkpt lat="43.179955" lon="-2.575983"><ele>220.495263</ele></trkpt>
      <trkpt lat="43.179983" lon="-2.576001"><ele>220.718422</ele></trkpt>
      <trkpt lat="43.180011" lon="-2.576023"><ele>220.950863</ele></trkpt>
      <trkpt lat="43.180035" lon="-2.576045"><ele>221.158798</ele></trkpt>
      <trkpt lat="43.180063" lon="-2.576066"><ele>221.388672</ele></trkpt>
      <trkpt lat="43.180091" lon="-2.576087"><ele>221.618547</ele></trkpt>
      <trkpt lat="43.180116" lon="-2.576105"><ele>221.821931</ele></trkpt>
      <trkpt lat="43.180147" lon="-2.576122"><ele>222.062414</ele></trkpt>
      <trkpt lat="43.180179" lon="-2.576135"><ele>222.30281</ele></trkpt>
      <trkpt lat="43.180209" lon="-2.576146"><ele>222.526489</ele></trkpt>
      <trkpt lat="43.180244" lon="-2.576149"><ele>222.779084</ele></trkpt>
      <trkpt lat="43.180276" lon="-2.57615"><ele>223.009638</ele></trkpt>
      <trkpt lat="43.180305" lon="-2.57615"><ele>223.218524</ele></trkpt>
      <trkpt lat="43.180338" lon="-2.576154"><ele>223.457148</ele></trkpt>
      <trkpt lat="43.180371" lon="-2.576156"><ele>223.695078</ele></trkpt>
      <trkpt lat="43.180406" lon="-2.576156"><ele>223.947181</ele></trkpt>
      <trkpt lat="43.180438" lon="-2.576156"><ele>224.177675</ele></trkpt>
      <trkpt lat="43.180469" lon="-2.576157"><ele>224.401029</ele></trkpt>
      <trkpt lat="43.1805" lon="-2.576158"><ele>224.624382</ele></trkpt>
      <trkpt lat="43.180534" lon="-2.576159"><ele>224.869338</ele></trkpt>
      <trkpt lat="43.18057" lon="-2.576158"><ele>225.128698</ele></trkpt>
      <trkpt lat="43.180609" lon="-2.576156"><ele>225.409809</ele></trkpt>
      <trkpt lat="43.180644" lon="-2.576155"><ele>225.661967</ele></trkpt>
      <trkpt lat="43.18068" lon="-2.576154"><ele>225.921327</ele></trkpt>
      <trkpt lat="43.180712" lon="-2.576155"><ele>226.151881</ele></trkpt>
      <trkpt lat="43.180741" lon="-2.576162"><ele>226.363978</ele></trkpt>
      <trkpt lat="43.180772" lon="-2.576164"><ele>226.587516</ele></trkpt>
      <trkpt lat="43.180798" lon="-2.576156"><ele>226.779449</ele></trkpt>
      <trkpt lat="43.180821" lon="-2.576135"><ele>226.978476</ele></trkpt>
      <trkpt lat="43.180843" lon="-2.576107"><ele>227.19467</ele></trkpt>
      <trkpt lat="43.180862" lon="-2.576072"><ele>227.423852</ele></trkpt>
      <trkpt lat="43.180884" lon="-2.576038"><ele>227.662603</ele></trkpt>
      <trkpt lat="43.180908" lon="-2.576"><ele>227.926649</ele></trkpt>
      <trkpt lat="43.180932" lon="-2.57597"><ele>228.160557</ele></trkpt>
      <trkpt lat="43.180954" lon="-2.575942"><ele>228.376751</ele></trkpt>
      <trkpt lat="43.180976" lon="-2.575916"><ele>228.58594</ele></trkpt>
      <trkpt lat="43.181001" lon="-2.575895"><ele>228.79711</ele></trkpt>
      <trkpt lat="43.181024" lon="-2.575866"><ele>229.022158</ele></trkpt>
      <trkpt lat="43.181045" lon="-2.575832"><ele>229.25619</ele></trkpt>
      <trkpt lat="43.181067" lon="-2.575792"><ele>229.519345</ele></trkpt>
      <trkpt lat="43.18109" lon="-2.575763"><ele>229.744394</ele></trkpt>
      <trkpt lat="43.181116" lon="-2.575735"><ele>229.982513</ele></trkpt>
      <trkpt lat="43.181135" lon="-2.575713"><ele>230.161627</ele></trkpt>
      <trkpt lat="43.181152" lon="-2.575679"><ele>230.378156</ele></trkpt>
      <trkpt lat="43.181173" lon="-2.575644"><ele>230.61622</ele></trkpt>
      <trkpt lat="43.181194" lon="-2.575615"><ele>230.830885</ele></trkpt>
      <trkpt lat="43.181216" lon="-2.575582"><ele>231.065733</ele></trkpt>
      <trkpt lat="43.181235" lon="-2.575548"><ele>231.290722</ele></trkpt>
      <trkpt lat="43.181254" lon="-2.575512"><ele>231.524137</ele></trkpt>
      <trkpt lat="43.181275" lon="-2.575477"><ele>231.762201</ele></trkpt>
      <trkpt lat="43.181295" lon="-2.575444"><ele>231.987579</ele></trkpt>
      <trkpt lat="43.181315" lon="-2.575408"><ele>232.225288</ele></trkpt>
      <trkpt lat="43.181337" lon="-2.575373"><ele>232.467992</ele></trkpt>
      <trkpt lat="43.181357" lon="-2.575345"><ele>232.673859</ele></trkpt>
      <trkpt lat="43.181378" lon="-2.575312"><ele>232.903908</ele></trkpt>
      <trkpt lat="43.181399" lon="-2.575279"><ele>233.133956</ele></trkpt>
      <trkpt lat="43.18142" lon="-2.575249"><ele>233.352379</ele></trkpt>
      <trkpt lat="43.181445" lon="-2.575218"><ele>233.55648</ele></trkpt>
      <trkpt lat="43.181467" lon="-2.575193"><ele>233.689771</ele></trkpt>
      <trkpt lat="43.181487" lon="-2.57516"><ele>233.835742</ele></trkpt>
      <trkpt lat="43.181506" lon="-2.575124"><ele>233.986919</ele></trkpt>
      <trkpt lat="43.181525" lon="-2.575087"><ele>234.140864</ele></trkpt>
      <trkpt lat="43.18154" lon="-2.575053"><ele>234.276046</ele></trkpt>
      <trkpt lat="43.181562" lon="-2.575018"><ele>234.43324</ele></trkpt>
      <trkpt lat="43.181587" lon="-2.574992"><ele>234.579613</ele></trkpt>
      <trkpt lat="43.181613" lon="-2.574969"><ele>234.723953</ele></trkpt>
      <trkpt lat="43.181637" lon="-2.574936"><ele>234.882503</ele></trkpt>
      <trkpt lat="43.18166" lon="-2.574901"><ele>235.042781</ele></trkpt>
      <trkpt lat="43.181682" lon="-2.574864"><ele>235.205188</ele></trkpt>
      <trkpt lat="43.181703" lon="-2.57483"><ele>235.356764</ele></trkpt>
      <trkpt lat="43.181727" lon="-2.574791"><ele>235.530364</ele></trkpt>
      <trkpt lat="43.181746" lon="-2.574758"><ele>235.673399</ele></trkpt>
      <trkpt lat="43.181766" lon="-2.574722"><ele>235.827356</ele></trkpt>
      <trkpt lat="43.181788" lon="-2.57469"><ele>235.976968</ele></trkpt>
      <trkpt lat="43.181812" lon="-2.574659"><ele>236.130775</ele></trkpt>
      <trkpt lat="43.181836" lon="-2.574632"><ele>236.275592</ele></trkpt>
      <trkpt lat="43.181859" lon="-2.574606"><ele>236.414646</ele></trkpt>
      <trkpt lat="43.181884" lon="-2.57458"><ele>236.561019</ele></trkpt>
      <trkpt lat="43.181909" lon="-2.574552"><ele>236.711601</ele></trkpt>
      <trkpt lat="43.181931" lon="-2.574524"><ele>236.851623</ele></trkpt>
      <trkpt lat="43.181954" lon="-2.574498"><ele>236.990676</ele></trkpt>
      <trkpt lat="43.181979" lon="-2.574474"><ele>237.133042</ele></trkpt>
      <trkpt lat="43.182005" lon="-2.574449"><ele>237.28118</ele></trkpt>
      <trkpt lat="43.182032" lon="-2.574418"><ele>237.445456</ele></trkpt>
      <trkpt lat="43.182057" lon="-2.574386"><ele>237.604993</ele></trkpt>
      <trkpt lat="43.182083" lon="-2.574361"><ele>237.753131</ele></trkpt>
      <trkpt lat="43.182105" lon="-2.574342"><ele>237.874421</ele></trkpt>
      <trkpt lat="43.182128" lon="-2.574319"><ele>238.007216</ele></trkpt>
      <trkpt lat="43.18215" lon="-2.574307"><ele>238.11767</ele></trkpt>
      <trkpt lat="43.182166" lon="-2.574291"><ele>238.210049</ele></trkpt>
      <trkpt lat="43.182175" lon="-2.574275"><ele>238.27879</ele></trkpt>
      <trkpt lat="43.182183" lon="-2.574259"><ele>238.344785</ele></trkpt>
      <trkpt lat="43.182191" lon="-2.574249"><ele>238.395283</ele></trkpt>
      <trkpt lat="43.182195" lon="-2.574251"><ele>238.415146</ele></trkpt>
      <trkpt lat="43.182195" lon="-2.574251"><ele>238.415146</ele></trkpt>
      <trkpt lat="43.182196" lon="-2.574251"><ele>238.419811</ele></trkpt>
      <trkpt lat="43.182196" lon="-2.574251"><ele>238.419811</ele></trkpt>
      <trkpt lat="43.182196" lon="-2.574251"><ele>238.419811</ele></trkpt>
      <trkpt lat="43.182196" lon="-2.574251"><ele>238.419811</ele></trkpt>
      <trkpt lat="43.182196" lon="-2.574251"><ele>238.419811</ele></trkpt>
      <trkpt lat="43.182196" lon="-2.574251"><ele>238.419811</ele></trkpt>
      <trkpt lat="43.182196" lon="-2.574251"><ele>238.419811</ele></trkpt>
      <trkpt lat="43.182196" lon="-2.574251"><ele>238.419811</ele></trkpt>
      <trkpt lat="43.182196" lon="-2.574251"><ele>238.419811</ele></trkpt>
      <trkpt lat="43.182196" lon="-2.574251"><ele>238.419811</ele></trkpt>
      <trkpt lat="43.182196" lon="-2.574251"><ele>238.419811</ele></trkpt>
      <trkpt lat="43.182196" lon="-2.574251"><ele>238.419811</ele></trkpt>
      <trkpt lat="43.182197" lon="-2.574249"><ele>238.42806</ele></trkpt>
      <trkpt lat="43.182196" lon="-2.574251"><ele>238.436309</ele></trkpt>
      <trkpt lat="43.182196" lon="-2.574251"><ele>238.436309</ele></trkpt>
      <trkpt lat="43.182196" lon="-2.574251"><ele>238.436309</ele></trkpt>
      <trkpt lat="43.182196" lon="-2.574251"><ele>238.436309</ele></trkpt>
      <trkpt lat="43.182196" lon="-2.574251"><ele>238.436309</ele></trkpt>
      <trkpt lat="43.182196" lon="-2.574251"><ele>238.436309</ele></trkpt>
      <trkpt lat="43.182196" lon="-2.574251"><ele>238.436309</ele></trkpt>
      <trkpt lat="43.182196" lon="-2.574251"><ele>238.436309</ele></trkpt>
      <trkpt lat="43.182197" lon="-2.574239"><ele>238.477396</ele></trkpt>
      <trkpt lat="43.182207" lon="-2.574225"><ele>238.544063</ele></trkpt>
      <trkpt lat="43.182229" lon="-2.574224"><ele>238.646753</ele></trkpt>
      <trkpt lat="43.182256" lon="-2.574236"><ele>238.779163</ele></trkpt>
      <trkpt lat="43.182285" lon="-2.574235"><ele>238.914496</ele></trkpt>
      <trkpt lat="43.182304" lon="-2.574213"><ele>239.030502</ele></trkpt>
      <trkpt lat="43.182323" lon="-2.574186"><ele>239.158145</ele></trkpt>
      <trkpt lat="43.182345" lon="-2.574169"><ele>239.27595</ele></trkpt>
      <trkpt lat="43.182363" lon="-2.574159"><ele>239.366552</ele></trkpt>
      <trkpt lat="43.182379" lon="-2.574149"><ele>239.44858</ele></trkpt>
      <trkpt lat="43.182392" lon="-2.574142"><ele>239.513735</ele></trkpt>
      <trkpt lat="43.182413" lon="-2.574135"><ele>239.614556</ele></trkpt>
      <trkpt lat="43.182436" lon="-2.574126"><ele>239.726137</ele></trkpt>
      <trkpt lat="43.182462" lon="-2.574118"><ele>239.850447</ele></trkpt>
      <trkpt lat="43.182491" lon="-2.574105"><ele>239.992782</ele></trkpt>
      <trkpt lat="43.182516" lon="-2.574093"><ele>240.116348</ele></trkpt>
      <trkpt lat="43.182544" lon="-2.574078"><ele>240.256586</ele></trkpt>
      <trkpt lat="43.182569" lon="-2.574055"><ele>240.397028</ele></trkpt>
      <trkpt lat="43.182597" lon="-2.574037"><ele>240.541292</ele></trkpt>
      <trkpt lat="43.182624" lon="-2.574025"><ele>240.673701</ele></trkpt>
      <trkpt lat="43.182649" lon="-2.574019"><ele>240.792103</ele></trkpt>
      <trkpt lat="43.182678" lon="-2.574008"><ele>240.932472</ele></trkpt>
      <trkpt lat="43.182704" lon="-2.574004"><ele>241.054527</ele></trkpt>
      <trkpt lat="43.182733" lon="-2.573996"><ele>241.192527</ele></trkpt>
      <trkpt lat="43.182761" lon="-2.573983"><ele>241.330435</ele></trkpt>
      <trkpt lat="43.182786" lon="-2.573971"><ele>241.454002</ele></trkpt>
      <trkpt lat="43.18281" lon="-2.573958"><ele>241.574383</ele></trkpt>
      <trkpt lat="43.182834" lon="-2.573948"><ele>241.6914</ele></trkpt>
      <trkpt lat="43.182859" lon="-2.573941"><ele>241.810436</ele></trkpt>
      <trkpt lat="43.18289" lon="-2.573931"><ele>242.003031</ele></trkpt>
      <trkpt lat="43.182916" lon="-2.573921"><ele>242.196134</ele></trkpt>
      <trkpt lat="43.182946" lon="-2.573909"><ele>242.419606</ele></trkpt>
      <trkpt lat="43.182971" lon="-2.573892"><ele>242.619154</ele></trkpt>
      <trkpt lat="43.182997" lon="-2.573876"><ele>242.822944</ele></trkpt>
      <trkpt lat="43.183021" lon="-2.573856"><ele>243.023771</ele></trkpt>
      <trkpt lat="43.183046" lon="-2.573843"><ele>243.214969</ele></trkpt>
      <trkpt lat="43.183075" lon="-2.573834"><ele>243.427595</ele></trkpt>
      <trkpt lat="43.1831" lon="-2.573824"><ele>243.613822</ele></trkpt>
      <trkpt lat="43.183123" lon="-2.573811"><ele>243.791719</ele></trkpt>
      <trkpt lat="43.183143" lon="-2.573798"><ele>243.949992</ele></trkpt>
      <trkpt lat="43.183165" lon="-2.573795"><ele>244.108092</ele></trkpt>
      <trkpt lat="43.183194" lon="-2.573783"><ele>244.324709</ele></trkpt>
      <trkpt lat="43.18322" lon="-2.573774"><ele>244.516469</ele></trkpt>
      <trkpt lat="43.183245" lon="-2.573767"><ele>244.698935</ele></trkpt>
      <trkpt lat="43.183274" lon="-2.573757"><ele>244.912772</ele></trkpt>
      <trkpt lat="43.183302" lon="-2.573752"><ele>245.114693</ele></trkpt>
      <trkpt lat="43.18333" lon="-2.573747"><ele>245.316615</ele></trkpt>
      <trkpt lat="43.183359" lon="-2.573742"><ele>245.52563</ele></trkpt>
      <trkpt lat="43.18338" lon="-2.573731"><ele>245.686384</ele></trkpt>
      <trkpt lat="43.183407" lon="-2.57373"><ele>245.879534</ele></trkpt>
      <trkpt lat="43.183439" lon="-2.573722"><ele>246.112141</ele></trkpt>
      <trkpt lat="43.183466" lon="-2.573714"><ele>246.309676</ele></trkpt>
      <trkpt lat="43.183494" lon="-2.573707"><ele>246.513207</ele></trkpt>
      <trkpt lat="43.183524" lon="-2.573707"><ele>246.72774</ele></trkpt>
      <trkpt lat="43.183551" lon="-2.573702"><ele>246.922573</ele></trkpt>
      <trkpt lat="43.18358" lon="-2.573691"><ele>247.137741</ele></trkpt>
      <trkpt lat="43.183613" lon="-2.573676"><ele>247.386351</ele></trkpt>
      <trkpt lat="43.183641" lon="-2.573672"><ele>247.587666</ele></trkpt>
      <trkpt lat="43.183669" lon="-2.573675"><ele>247.788507</ele></trkpt>
      <trkpt lat="43.183698" lon="-2.573668"><ele>247.999077</ele></trkpt>
      <trkpt lat="43.183727" lon="-2.573663"><ele>248.208092</ele></trkpt>
      <trkpt lat="43.183756" lon="-2.573656"><ele>248.418662</ele></trkpt>
      <trkpt lat="43.183783" lon="-2.573643"><ele>248.623295</ele></trkpt>
      <trkpt lat="43.183808" lon="-2.573623"><ele>248.830267</ele></trkpt>
      <trkpt lat="43.183834" lon="-2.573609"><ele>249.030013</ele></trkpt>
      <trkpt lat="43.183854" lon="-2.573598"><ele>249.184108</ele></trkpt>
      <trkpt lat="43.183878" lon="-2.573585"><ele>249.368636</ele></trkpt>
      <trkpt lat="43.183907" lon="-2.57357"><ele>249.590278</ele></trkpt>
      <trkpt lat="43.18393" lon="-2.573553"><ele>249.77712</ele></trkpt>
      <trkpt lat="43.183958" lon="-2.573536"><ele>249.996095</ele></trkpt>
      <trkpt lat="43.183985" lon="-2.57352"><ele>250.206429</ele></trkpt>
      <trkpt lat="43.184009" lon="-2.573501"><ele>250.404598</ele></trkpt>
      <trkpt lat="43.184028" lon="-2.573482"><ele>250.572753</ele></trkpt>
      <trkpt lat="43.184053" lon="-2.573461"><ele>250.7824</ele></trkpt>
      <trkpt lat="43.184077" lon="-2.573442"><ele>250.980569</ele></trkpt>
      <trkpt lat="43.1841" lon="-2.573424"><ele>251.16994</ele></trkpt>
      <trkpt lat="43.184121" lon="-2.573406"><ele>251.347031</ele></trkpt>
      <trkpt lat="43.184143" lon="-2.573385"><ele>251.538711</ele></trkpt>
      <trkpt lat="43.184163" lon="-2.573367"><ele>251.70978</ele></trkpt>
      <trkpt lat="43.184187" lon="-2.573347"><ele>251.910606</ele></trkpt>
      <trkpt lat="43.184211" lon="-2.573328"><ele>252.108775</ele></trkpt>
      <trkpt lat="43.184237" lon="-2.573308"><ele>252.321954</ele></trkpt>
      <trkpt lat="43.184262" lon="-2.57329"><ele>252.523871</ele></trkpt>
      <trkpt lat="43.18429" lon="-2.573266"><ele>252.759992</ele></trkpt>
      <trkpt lat="43.184316" lon="-2.573245"><ele>252.975769</ele></trkpt>
      <trkpt lat="43.184346" lon="-2.573225"><ele>253.214307</ele></trkpt>
      <trkpt lat="43.184376" lon="-2.573206"><ele>253.450611</ele></trkpt>
      <trkpt lat="43.184405" lon="-2.573185"><ele>253.685126</ele></trkpt>
      <trkpt lat="43.184433" lon="-2.573168"><ele>253.904101</ele></trkpt>
      <trkpt lat="43.184462" lon="-2.573151"><ele>254.129634</ele></trkpt>
      <trkpt lat="43.184491" lon="-2.573135"><ele>254.353168</ele></trkpt>
      <trkpt lat="43.184517" lon="-2.573119"><ele>254.556957</ele></trkpt>
      <trkpt lat="43.184543" lon="-2.573105"><ele>254.756927</ele></trkpt>
      <trkpt lat="43.184569" lon="-2.57309"><ele>254.961137</ele></trkpt>
      <trkpt lat="43.184595" lon="-2.573075"><ele>255.165347</ele></trkpt>
      <trkpt lat="43.184621" lon="-2.573059"><ele>255.371662</ele></trkpt>
      <trkpt lat="43.184646" lon="-2.573045"><ele>255.567163</ele></trkpt>
      <trkpt lat="43.184671" lon="-2.57303"><ele>255.76472</ele></trkpt>
      <trkpt lat="43.184697" lon="-2.573015"><ele>255.96893</ele></trkpt>
      <trkpt lat="43.184725" lon="-2.573001"><ele>256.184695</ele></trkpt>
      <trkpt lat="43.184748" lon="-2.572989"><ele>256.362851</ele></trkpt>
      <trkpt lat="43.184775" lon="-2.572979"><ele>256.565327</ele></trkpt>
      <trkpt lat="43.184803" lon="-2.572968"><ele>256.776193</ele></trkpt>
      <trkpt lat="43.184833" lon="-2.57295"><ele>257.013261</ele></trkpt>
      <trkpt lat="43.18485" lon="-2.572944"><ele>257.140347</ele></trkpt>
      <trkpt lat="43.184884" lon="-2.572926"><ele>257.404202</ele></trkpt>
      <trkpt lat="43.184912" lon="-2.572913"><ele>257.618216</ele></trkpt>
      <trkpt lat="43.184937" lon="-2.572901"><ele>257.809975</ele></trkpt>
      <trkpt lat="43.184963" lon="-2.572889"><ele>258.008581</ele></trkpt>
      <trkpt lat="43.184987" lon="-2.572875"><ele>258.1974</ele></trkpt>
      <trkpt lat="43.185012" lon="-2.572863"><ele>258.389158</ele></trkpt>
      <trkpt lat="43.185038" lon="-2.572851"><ele>258.587765</ele></trkpt>
      <trkpt lat="43.185067" lon="-2.572837"><ele>258.810345</ele></trkpt>
      <trkpt lat="43.185095" lon="-2.572822"><ele>259.027975</ele></trkpt>
      <trkpt lat="43.185122" lon="-2.572805"><ele>259.243063</ele></trkpt>
      <trkpt lat="43.18515" lon="-2.57279"><ele>259.460692</ele></trkpt>
      <trkpt lat="43.185177" lon="-2.572776"><ele>259.66967</ele></trkpt>
      <trkpt lat="43.185208" lon="-2.572766"><ele>259.900227</ele></trkpt>
      <trkpt lat="43.185238" lon="-2.572754"><ele>260.126468</ele></trkpt>
      <trkpt lat="43.185264" lon="-2.572741"><ele>260.326821</ele></trkpt>
      <trkpt lat="43.185293" lon="-2.572727"><ele>260.549401</ele></trkpt>
      <trkpt lat="43.18532" lon="-2.572718"><ele>260.750565</ele></trkpt>
      <trkpt lat="43.18535" lon="-2.572703"><ele>260.981741</ele></trkpt>
      <trkpt lat="43.185385" lon="-2.572694"><ele>261.239548</ele></trkpt>
      <trkpt lat="43.185415" lon="-2.572684"><ele>261.463064</ele></trkpt>
      <trkpt lat="43.185444" lon="-2.572666"><ele>261.693517</ele></trkpt>
      <trkpt lat="43.185472" lon="-2.572643"><ele>261.929808</ele></trkpt>
      <trkpt lat="43.185499" lon="-2.572622"><ele>262.154527</ele></trkpt>
      <trkpt lat="43.185527" lon="-2.5726"><ele>262.38815</ele></trkpt>
      <trkpt lat="43.185554" lon="-2.572581"><ele>262.607853</ele></trkpt>
      <trkpt lat="43.185584" lon="-2.572567"><ele>262.837275</ele></trkpt>
      <trkpt lat="43.185613" lon="-2.572556"><ele>263.055109</ele></trkpt>
      <trkpt lat="43.18564" lon="-2.572543"><ele>263.262279</ele></trkpt>
      <trkpt lat="43.185669" lon="-2.57253"><ele>263.483162</ele></trkpt>
      <trkpt lat="43.185697" lon="-2.57252"><ele>263.692635</ele></trkpt>
      <trkpt lat="43.185725" lon="-2.572508"><ele>263.905015</ele></trkpt>
      <trkpt lat="43.185753" lon="-2.572493"><ele>264.122644</ele></trkpt>
      <trkpt lat="43.185778" lon="-2.572482"><ele>264.312724</ele></trkpt>
      <trkpt lat="43.185805" lon="-2.572469"><ele>264.519894</ele></trkpt>
      <trkpt lat="43.185833" lon="-2.572457"><ele>264.732273</ele></trkpt>
      <trkpt lat="43.18586" lon="-2.572445"><ele>264.937754</ele></trkpt>
      <trkpt lat="43.185887" lon="-2.572433"><ele>265.143235</ele></trkpt>
      <trkpt lat="43.185915" lon="-2.572418"><ele>265.360864</ele></trkpt>
      <trkpt lat="43.185945" lon="-2.572399"><ele>265.600096</ele></trkpt>
      <trkpt lat="43.185973" lon="-2.572383"><ele>265.819701</ele></trkpt>
      <trkpt lat="43.186002" lon="-2.572369"><ele>266.042281</ele></trkpt>
      <trkpt lat="43.18603" lon="-2.572355"><ele>266.258045</ele></trkpt>
      <trkpt lat="43.186059" lon="-2.572339"><ele>266.484349</ele></trkpt>
      <trkpt lat="43.186087" lon="-2.572324"><ele>266.701978</ele></trkpt>
      <trkpt lat="43.186115" lon="-2.572305"><ele>266.928146</ele></trkpt>
      <trkpt lat="43.186141" lon="-2.572288"><ele>267.136676</ele></trkpt>
      <trkpt lat="43.186166" lon="-2.572277"><ele>267.326756</ele></trkpt>
      <trkpt lat="43.186193" lon="-2.572267"><ele>267.529232</ele></trkpt>
      <trkpt lat="43.186217" lon="-2.572255"><ele>267.714173</ele></trkpt>
      <trkpt lat="43.186244" lon="-2.572244"><ele>267.845692</ele></trkpt>
      <trkpt lat="43.18627" lon="-2.572237"><ele>267.949443</ele></trkpt>
      <trkpt lat="43.1863" lon="-2.572223"><ele>268.073529</ele></trkpt>
      <trkpt lat="43.18633" lon="-2.57221"><ele>268.196724</ele></trkpt>
      <trkpt lat="43.186355" lon="-2.5722"><ele>268.298695</ele></trkpt>
      <trkpt lat="43.186381" lon="-2.572193"><ele>268.402446</ele></trkpt>
      <trkpt lat="43.186407" lon="-2.572186"><ele>268.506198</ele></trkpt>
      <trkpt lat="43.186436" lon="-2.572177"><ele>268.622624</ele></trkpt>
      <trkpt lat="43.186461" lon="-2.572169"><ele>268.723146</ele></trkpt>
      <trkpt lat="43.186491" lon="-2.572165"><ele>268.841171</ele></trkpt>
      <trkpt lat="43.186522" lon="-2.572159"><ele>268.963761</ele></trkpt>
      <trkpt lat="43.186549" lon="-2.572145"><ele>269.076789</ele></trkpt>
      <trkpt lat="43.186573" lon="-2.572132"><ele>269.177829</ele></trkpt>
      <trkpt lat="43.186598" lon="-2.572112"><ele>269.291159</ele></trkpt>
      <trkpt lat="43.186621" lon="-2.57209"><ele>269.40096</ele></trkpt>
      <trkpt lat="43.186646" lon="-2.572069"><ele>269.515754</ele></trkpt>
      <trkpt lat="43.186669" lon="-2.572046"><ele>269.627213</ele></trkpt>
      <trkpt lat="43.186695" lon="-2.572019"><ele>269.754913</ele></trkpt>
      <trkpt lat="43.18672" lon="-2.571992"><ele>269.879513</ele></trkpt>
      <trkpt lat="43.18675" lon="-2.571967"><ele>270.016969</ele></trkpt>
      <trkpt lat="43.18678" lon="-2.571949"><ele>270.145189</ele></trkpt>
      <trkpt lat="43.186809" lon="-2.571932"><ele>270.268682</ele></trkpt>
      <trkpt lat="43.186838" lon="-2.57193"><ele>270.382381</ele></trkpt>
      <trkpt lat="43.186868" lon="-2.57193"><ele>270.499853</ele></trkpt>
      <trkpt lat="43.186899" lon="-2.571931"><ele>270.621273</ele></trkpt>
      <trkpt lat="43.186928" lon="-2.571931"><ele>270.734829</ele></trkpt>
      <trkpt lat="43.18696" lon="-2.571936"><ele>270.860942</ele></trkpt>
      <trkpt lat="43.186989" lon="-2.571944"><ele>270.976772</ele></trkpt>
      <trkpt lat="43.187019" lon="-2.571948"><ele>271.094797</ele></trkpt>
      <trkpt lat="43.187048" lon="-2.571947"><ele>271.208388</ele></trkpt>
      <trkpt lat="43.187081" lon="-2.571948"><ele>271.337638</ele></trkpt>
      <trkpt lat="43.187113" lon="-2.571945"><ele>271.463233</ele></trkpt>
      <trkpt lat="43.187146" lon="-2.571943"><ele>271.592577</ele></trkpt>
      <trkpt lat="43.187182" lon="-2.571949"><ele>271.73458</ele></trkpt>
      <trkpt lat="43.187224" lon="-2.571949"><ele>271.899039</ele></trkpt>
      <trkpt lat="43.187269" lon="-2.571947"><ele>272.075339</ele></trkpt>
      <trkpt lat="43.187315" lon="-2.571943"><ele>272.255823</ele></trkpt>
      <trkpt lat="43.187364" lon="-2.57194"><ele>272.447884</ele></trkpt>
      <trkpt lat="43.187409" lon="-2.571938"><ele>272.624183</ele></trkpt>
      <trkpt lat="43.187453" lon="-2.571936"><ele>272.796569</ele></trkpt>
      <trkpt lat="43.187503" lon="-2.571942"><ele>272.993102</ele></trkpt>
      <trkpt lat="43.187554" lon="-2.571949"><ele>273.193801</ele></trkpt>
      <trkpt lat="43.187608" lon="-2.571957"><ele>273.406479</ele></trkpt>
      <trkpt lat="43.187662" lon="-2.571963"><ele>273.61862</ele></trkpt>
      <trkpt lat="43.187716" lon="-2.571974"><ele>273.832387</ele></trkpt>
      <trkpt lat="43.187774" lon="-2.571987"><ele>274.062511</ele></trkpt>
      <trkpt lat="43.187835" lon="-2.571999"><ele>274.303814</ele></trkpt>
      <trkpt lat="43.187894" lon="-2.572011"><ele>274.537367</ele></trkpt>
      <trkpt lat="43.187954" lon="-2.572029"><ele>274.777864</ele></trkpt>
      <trkpt lat="43.188015" lon="-2.57205"><ele>275.058229</ele></trkpt>
      <trkpt lat="43.188077" lon="-2.572074"><ele>275.349449</ele></trkpt>
      <trkpt lat="43.188136" lon="-2.572098"><ele>275.627642</ele></trkpt>
      <trkpt lat="43.188194" lon="-2.572117"><ele>275.897205</ele></trkpt>
      <trkpt lat="43.188251" lon="-2.572133"><ele>276.160215</ele></trkpt>
      <trkpt lat="43.188301" lon="-2.572154"><ele>276.3966</ele></trkpt>
      <trkpt lat="43.18835" lon="-2.572175"><ele>276.628667</ele></trkpt>
      <trkpt lat="43.188392" lon="-2.572193"><ele>276.827581</ele></trkpt>
      <trkpt lat="43.188428" lon="-2.57221"><ele>276.999694</ele></trkpt>
      <trkpt lat="43.188464" lon="-2.572223"><ele>277.167978</ele></trkpt>
      <trkpt lat="43.188497" lon="-2.572233"><ele>277.320753</ele></trkpt>
      <trkpt lat="43.188528" lon="-2.572239"><ele>277.462276</ele></trkpt>
      <trkpt lat="43.188555" lon="-2.572249"><ele>277.588702</ele></trkpt>
      <trkpt lat="43.18858" lon="-2.57226"><ele>277.707387</ele></trkpt>
      <trkpt lat="43.188606" lon="-2.572278"><ele>277.839045</ele></trkpt>
      <trkpt lat="43.188636" lon="-2.572286"><ele>277.977199</ele></trkpt>
      <trkpt lat="43.188668" lon="-2.572296"><ele>278.125562</ele></trkpt>
      <trkpt lat="43.188701" lon="-2.572304"><ele>278.277051</ele></trkpt>
      <trkpt lat="43.188732" lon="-2.57231"><ele>278.418575</ele></trkpt>
      <trkpt lat="43.188761" lon="-2.572316"><ele>278.551153</ele></trkpt>
      <trkpt lat="43.188792" lon="-2.572326"><ele>278.695112</ele></trkpt>
      <trkpt lat="43.188819" lon="-2.572333"><ele>278.819327</ele></trkpt>
      <trkpt lat="43.188845" lon="-2.572343"><ele>278.941394</ele></trkpt>
      <trkpt lat="43.188868" lon="-2.572349"><ele>279.047229</ele></trkpt>
      <trkpt lat="43.188889" lon="-2.572357"><ele>279.145753</ele></trkpt>
      <trkpt lat="43.188913" lon="-2.57237"><ele>279.262399</ele></trkpt>
      <trkpt lat="43.188934" lon="-2.572384"><ele>279.36795</ele></trkpt>
      <trkpt lat="43.188956" lon="-2.572393"><ele>279.471731</ele></trkpt>
      <trkpt lat="43.188978" lon="-2.572401"><ele>279.574618</ele></trkpt>
      <trkpt lat="43.188998" lon="-2.572412"><ele>279.672026</ele></trkpt>
      <trkpt lat="43.189018" lon="-2.572421"><ele>279.767178</ele></trkpt>
      <trkpt lat="43.189041" lon="-2.572427"><ele>279.873013</ele></trkpt>
      <trkpt lat="43.189062" lon="-2.572435"><ele>279.971537</ele></trkpt>
      <trkpt lat="43.189084" lon="-2.572444"><ele>280.075318</ele></trkpt>
      <trkpt lat="43.189103" lon="-2.572454"><ele>280.167314</ele></trkpt>
      <trkpt lat="43.189125" lon="-2.572459"><ele>280.268121</ele></trkpt>
      <trkpt lat="43.189149" lon="-2.572467"><ele>280.379771</ele></trkpt>
      <trkpt lat="43.189171" lon="-2.572476"><ele>280.483552</ele></trkpt>
      <trkpt lat="43.189194" lon="-2.57248"><ele>280.588356</ele></trkpt>
      <trkpt lat="43.189218" lon="-2.572482"><ele>280.697048</ele></trkpt>
      <trkpt lat="43.18924" lon="-2.572495"><ele>280.805336</ele></trkpt>
      <trkpt lat="43.18926" lon="-2.572489"><ele>280.897883</ele></trkpt>
      <trkpt lat="43.189284" lon="-2.572493"><ele>281.007173</ele></trkpt>
      <trkpt lat="43.189311" lon="-2.572501"><ele>281.132042</ele></trkpt>
      <trkpt lat="43.189338" lon="-2.572505"><ele>281.254806</ele></trkpt>
      <trkpt lat="43.189362" lon="-2.572504"><ele>281.363348</ele></trkpt>
      <trkpt lat="43.189383" lon="-2.572509"><ele>281.459698</ele></trkpt>
      <trkpt lat="43.189402" lon="-2.572514"><ele>281.547154</ele></trkpt>
      <trkpt lat="43.189423" lon="-2.572511"><ele>281.642598</ele></trkpt>
      <trkpt lat="43.189446" lon="-2.572512"><ele>281.746622</ele></trkpt>
      <trkpt lat="43.18947" lon="-2.572507"><ele>281.856358</ele></trkpt>
      <trkpt lat="43.189493" lon="-2.572502"><ele>281.961628</ele></trkpt>
      <trkpt lat="43.189518" lon="-2.572497"><ele>282.075835</ele></trkpt>
      <trkpt lat="43.189542" lon="-2.572491"><ele>282.186115</ele></trkpt>
      <trkpt lat="43.189564" lon="-2.572488"><ele>282.286056</ele></trkpt>
      <trkpt lat="43.189589" lon="-2.57248"><ele>282.402104</ele></trkpt>
      <trkpt lat="43.189614" lon="-2.572471"><ele>282.518944</ele></trkpt>
      <trkpt lat="43.189636" lon="-2.572465"><ele>282.620342</ele></trkpt>
      <trkpt lat="43.189659" lon="-2.572458"><ele>282.726842</ele></trkpt>
      <trkpt lat="43.189685" lon="-2.572444"><ele>282.853108</ele></trkpt>
      <trkpt lat="43.18971" lon="-2.572429"><ele>283.015177</ele></trkpt>
      <trkpt lat="43.189736" lon="-2.57241"><ele>283.270165</ele></trkpt>
      <trkpt lat="43.18976" lon="-2.572391"><ele>283.510014</ele></trkpt>
      <trkpt lat="43.189784" lon="-2.572378"><ele>283.733355</ele></trkpt>
      <trkpt lat="43.189807" lon="-2.572368"><ele>283.942191</ele></trkpt>
      <trkpt lat="43.189829" lon="-2.572362"><ele>284.136337</ele></trkpt>
      <trkpt lat="43.189852" lon="-2.572358"><ele>284.337004</ele></trkpt>
      <trkpt lat="43.18988" lon="-2.572347"><ele>284.589099</ele></trkpt>
      <trkpt lat="43.189909" lon="-2.572331"><ele>284.859651</ele></trkpt>
      <trkpt lat="43.189933" lon="-2.572316"><ele>285.08793</ele></trkpt>
      <trkpt lat="43.189957" lon="-2.572304"><ele>285.309031</ele></trkpt>
      <trkpt lat="43.189982" lon="-2.572292"><ele>285.538284</ele></trkpt>
      <trkpt lat="43.190005" lon="-2.572282"><ele>285.747119</ele></trkpt>
      <trkpt lat="43.190035" lon="-2.572288"><ele>286.009526</ele></trkpt>
      <trkpt lat="43.19006" lon="-2.572278"><ele>286.234924</ele></trkpt>
      <trkpt lat="43.190083" lon="-2.572264"><ele>286.452721</ele></trkpt>
      <trkpt lat="43.190111" lon="-2.572253"><ele>286.704816</ele></trkpt>
      <trkpt lat="43.190127" lon="-2.572235"><ele>286.883928</ele></trkpt>
      <trkpt lat="43.190144" lon="-2.572221"><ele>287.055554</ele></trkpt>
      <trkpt lat="43.190172" lon="-2.572211"><ele>287.305985</ele></trkpt>
      <trkpt lat="43.190197" lon="-2.572201"><ele>287.531384</ele></trkpt>
      <trkpt lat="43.190231" lon="-2.572194"><ele>287.828963</ele></trkpt>
      <trkpt lat="43.190252" lon="-2.572176"><ele>288.043299</ele></trkpt>
      <trkpt lat="43.190274" lon="-2.572163"><ele>288.250637</ele></trkpt>
      <trkpt lat="43.190298" lon="-2.572152"><ele>288.469657</ele></trkpt>
      <trkpt lat="43.190323" lon="-2.572142"><ele>288.695055</ele></trkpt>
      <trkpt lat="43.190348" lon="-2.572133"><ele>288.918768</ele></trkpt>
      <trkpt lat="43.190372" lon="-2.572125"><ele>289.132543</ele></trkpt>
      <trkpt lat="43.190399" lon="-2.572117"><ele>289.371628</ele></trkpt>
      <trkpt lat="43.190428" lon="-2.572104"><ele>289.6357</ele></trkpt>
      <trkpt lat="43.19045" lon="-2.572094"><ele>289.836302</ele></trkpt>
      <trkpt lat="43.190473" lon="-2.572081"><ele>290.051616</ele></trkpt>
      <trkpt lat="43.190498" lon="-2.57207"><ele>290.278861</ele></trkpt>
      <trkpt lat="43.190523" lon="-2.572061"><ele>290.502575</ele></trkpt>
      <trkpt lat="43.190547" lon="-2.572056"><ele>290.712686</ele></trkpt>
      <trkpt lat="43.190571" lon="-2.572048"><ele>290.926461</ele></trkpt>
      <trkpt lat="43.190596" lon="-2.572032"><ele>291.165242</ele></trkpt>
      <trkpt lat="43.19062" lon="-2.572018"><ele>291.390977</ele></trkpt>
      <trkpt lat="43.190646" lon="-2.572012"><ele>291.619179</ele></trkpt>
      <trkpt lat="43.190673" lon="-2.572005"><ele>291.857012</ele></trkpt>
      <trkpt lat="43.190701" lon="-2.571995"><ele>292.107443</ele></trkpt>
      <trkpt lat="43.190727" lon="-2.571981"><ele>292.349203</ele></trkpt>
      <trkpt lat="43.190751" lon="-2.571965"><ele>292.58017</ele></trkpt>
      <trkpt lat="43.190777" lon="-2.571951"><ele>292.821929</ele></trkpt>
      <trkpt lat="43.1908" lon="-2.571939"><ele>293.034919</ele></trkpt>
      <trkpt lat="43.190827" lon="-2.571926"><ele>293.282594</ele></trkpt>
      <trkpt lat="43.190851" lon="-2.571916"><ele>293.499696</ele></trkpt>
      <trkpt lat="43.190875" lon="-2.571906"><ele>293.716798</ele></trkpt>
      <trkpt lat="43.190902" lon="-2.571891"><ele>293.968935</ele></trkpt>
      <trkpt lat="43.190927" lon="-2.571875"><ele>294.207716</ele></trkpt>
      <trkpt lat="43.190949" lon="-2.571864"><ele>294.410392</ele></trkpt>
      <trkpt lat="43.190973" lon="-2.571855"><ele>294.625744</ele></trkpt>
      <trkpt lat="43.190996" lon="-2.571846"><ele>294.832761</ele></trkpt>
      <trkpt lat="43.191017" lon="-2.571834"><ele>295.029666</ele></trkpt>
      <trkpt lat="43.191044" lon="-2.571826"><ele>295.268752</ele></trkpt>
      <trkpt lat="43.191067" lon="-2.571818"><ele>295.474126</ele></trkpt>
      <trkpt lat="43.191093" lon="-2.571809"><ele>295.706222</ele></trkpt>
      <trkpt lat="43.191119" lon="-2.571804"><ele>295.933462</ele></trkpt>
      <trkpt lat="43.191144" lon="-2.571803"><ele>296.149938</ele></trkpt>
      <trkpt lat="43.191171" lon="-2.571804"><ele>296.383718</ele></trkpt>
      <trkpt lat="43.191197" lon="-2.571803"><ele>296.608846</ele></trkpt>
      <trkpt lat="43.191223" lon="-2.571801"><ele>296.834239</ele></trkpt>
      <trkpt lat="43.19125" lon="-2.571802"><ele>297.068019</ele></trkpt>
      <trkpt lat="43.191277" lon="-2.571809"><ele>297.305852</ele></trkpt>
      <trkpt lat="43.191302" lon="-2.571815"><ele>297.525523</ele></trkpt>
      <trkpt lat="43.191332" lon="-2.57182"><ele>297.787094</ele></trkpt>
      <trkpt lat="43.191361" lon="-2.571823"><ele>298.038812</ele></trkpt>
      <trkpt lat="43.191383" lon="-2.571828"><ele>298.231827</ele></trkpt>
      <trkpt lat="43.191407" lon="-2.571836"><ele>298.445602</ele></trkpt>
      <trkpt lat="43.19143" lon="-2.571839"><ele>298.627737</ele></trkpt>
      <trkpt lat="43.191458" lon="-2.571845"><ele>298.842547</ele></trkpt>
      <trkpt lat="43.191482" lon="-2.571851"><ele>299.02746</ele></trkpt>
      <trkpt lat="43.191508" lon="-2.571856"><ele>299.226464</ele></trkpt>
      <trkpt lat="43.191532" lon="-2.571861"><ele>299.410467</ele></trkpt>
      <trkpt lat="43.191558" lon="-2.571862"><ele>299.60762</ele></trkpt>
      <trkpt lat="43.191586" lon="-2.571866"><ele>299.821003</ele></trkpt>
      <trkpt lat="43.191614" lon="-2.571868"><ele>300.033526</ele></trkpt>
      <trkpt lat="43.191644" lon="-2.571871"><ele>300.261525</ele></trkpt>
      <trkpt lat="43.19167" lon="-2.571872"><ele>300.458678</ele></trkpt>
      <trkpt lat="43.191692" lon="-2.571872"><ele>300.625435</ele></trkpt>
      <trkpt lat="43.19173" lon="-2.571863"><ele>300.917731</ele></trkpt>
      <trkpt lat="43.191757" lon="-2.57186"><ele>301.123057</ele></trkpt>
      <trkpt lat="43.191783" lon="-2.571847"><ele>301.332819</ele></trkpt>
      <trkpt lat="43.191807" lon="-2.571837"><ele>301.522944</ele></trkpt>
      <trkpt lat="43.191831" lon="-2.571826"><ele>301.714747</ele></trkpt>
      <trkpt lat="43.191857" lon="-2.571815"><ele>301.920985</ele></trkpt>
      <trkpt lat="43.19188" lon="-2.571803"><ele>302.107508</ele></trkpt>
      <trkpt lat="43.191905" lon="-2.571791"><ele>302.308273</ele></trkpt>
      <trkpt lat="43.19193" lon="-2.571781"><ele>302.505662</ele></trkpt>
      <trkpt lat="43.191949" lon="-2.571777"><ele>302.651365</ele></trkpt>
      <trkpt lat="43.191977" lon="-2.571764"><ele>302.87543</ele></trkpt>
      <trkpt lat="43.192003" lon="-2.571749"><ele>303.089229</ele></trkpt>
      <trkpt lat="43.192029" lon="-2.571736"><ele>303.298991</ele></trkpt>
      <trkpt lat="43.192056" lon="-2.571724"><ele>303.514122</ele></trkpt>
      <trkpt lat="43.19208" lon="-2.571708"><ele>303.716388</ele></trkpt>
      <trkpt lat="43.192101" lon="-2.57169"><ele>303.904089</ele></trkpt>
      <trkpt lat="43.192124" lon="-2.57167"><ele>304.110508</ele></trkpt>
      <trkpt lat="43.192147" lon="-2.571652"><ele>304.311226</ele></trkpt>
      <trkpt lat="43.192169" lon="-2.571634"><ele>304.505396</ele></trkpt>
      <trkpt lat="43.19219" lon="-2.571623"><ele>304.675785</ele></trkpt>
      <trkpt lat="43.192215" lon="-2.571611"><ele>304.876549</ele></trkpt>
      <trkpt lat="43.192241" lon="-2.571594"><ele>305.094871</ele></trkpt>
      <trkpt lat="43.192264" lon="-2.571571"><ele>305.310621</ele></trkpt>
      <trkpt lat="43.192286" lon="-2.571545"><ele>305.530739</ele></trkpt>
      <trkpt lat="43.192308" lon="-2.571518"><ele>305.754503</ele></trkpt>
      <trkpt lat="43.192331" lon="-2.571494"><ele>305.973553</ele></trkpt>
      <trkpt lat="43.192355" lon="-2.571475"><ele>306.183596</ele></trkpt>
      <trkpt lat="43.192379" lon="-2.57146"><ele>306.383508</ele></trkpt>
      <trkpt lat="43.192403" lon="-2.571443"><ele>306.588249</ele></trkpt>
      <trkpt lat="43.192426" lon="-2.571423"><ele>306.794667</ele></trkpt>
      <trkpt lat="43.192447" lon="-2.571405"><ele>306.982368</ele></trkpt>
      <trkpt lat="43.192475" lon="-2.571396"><ele>307.200353</ele></trkpt>
      <trkpt lat="43.192496" lon="-2.571381"><ele>307.37982</ele></trkpt>
      <trkpt lat="43.192519" lon="-2.571359"><ele>307.592361</ele></trkpt>
      <trkpt lat="43.192541" lon="-2.571341"><ele>307.786531</ele></trkpt>
      <trkpt lat="43.192565" lon="-2.571321"><ele>307.99939</ele></trkpt>
      <trkpt lat="43.192583" lon="-2.571298"><ele>308.185856</ele></trkpt>
      <trkpt lat="43.192603" lon="-2.571278"><ele>308.373465</ele></trkpt>
      <trkpt lat="43.192626" lon="-2.571258"><ele>308.579883</ele></trkpt>
      <trkpt lat="43.192651" lon="-2.57124"><ele>308.793899</ele></trkpt>
      <trkpt lat="43.192673" lon="-2.571221"><ele>308.990958</ele></trkpt>
      <trkpt lat="43.192697" lon="-2.571196"><ele>309.219386</ele></trkpt>
      <trkpt lat="43.192718" lon="-2.571173"><ele>309.423082</ele></trkpt>
      <trkpt lat="43.192738" lon="-2.57115"><ele>309.620911</ele></trkpt>
      <trkpt lat="43.192759" lon="-2.571127"><ele>309.824606</ele></trkpt>
      <trkpt lat="43.192781" lon="-2.571105"><ele>310.030975</ele></trkpt>
      <trkpt lat="43.192806" lon="-2.571084"><ele>310.253182</ele></trkpt>
      <trkpt lat="43.192829" lon="-2.571067"><ele>310.451219</ele></trkpt>
      <trkpt lat="43.192855" lon="-2.571052"><ele>310.665018</ele></trkpt>
      <trkpt lat="43.192879" lon="-2.571037"><ele>310.864929</ele></trkpt>
      <trkpt lat="43.192902" lon="-2.571018"><ele>311.068441</ele></trkpt>
      <trkpt lat="43.192923" lon="-2.570998"><ele>311.262226</ele></trkpt>
      <trkpt lat="43.192946" lon="-2.570976"><ele>311.474766</ele></trkpt>
      <trkpt lat="43.192969" lon="-2.570957"><ele>311.678278</ele></trkpt>
      <trkpt lat="43.192991" lon="-2.570939"><ele>311.872448</ele></trkpt>
      <trkpt lat="43.193014" lon="-2.570923"><ele>312.067924</ele></trkpt>
      <trkpt lat="43.193039" lon="-2.570907"><ele>312.243469</ele></trkpt>
      <trkpt lat="43.193065" lon="-2.57089"><ele>312.410028</ele></trkpt>
      <trkpt lat="43.193089" lon="-2.570874"><ele>312.564338</ele></trkpt>
      <trkpt lat="43.193111" lon="-2.570859"><ele>312.706409</ele></trkpt>
      <trkpt lat="43.193135" lon="-2.570843"><ele>312.860719</ele></trkpt>
      <trkpt lat="43.19316" lon="-2.570829"><ele>313.016872</ele></trkpt>
      <trkpt lat="43.193183" lon="-2.570812"><ele>313.167956</ele></trkpt>
      <trkpt lat="43.193205" lon="-2.570793"><ele>313.318294</ele></trkpt>
      <trkpt lat="43.193227" lon="-2.570772"><ele>313.473288</ele></trkpt>
      <trkpt lat="43.193247" lon="-2.570752"><ele>313.616416</ele></trkpt>
      <trkpt lat="43.193272" lon="-2.570737"><ele>313.77421</ele></trkpt>
      <trkpt lat="43.193297" lon="-2.570717"><ele>313.941571</ele></trkpt>
      <trkpt lat="43.193321" lon="-2.570698"><ele>314.101814</ele></trkpt>
      <trkpt lat="43.193347" lon="-2.570678"><ele>314.274194</ele></trkpt>
      <trkpt lat="43.193369" lon="-2.570657"><ele>314.429188</ele></trkpt>
      <trkpt lat="43.193395" lon="-2.570638"><ele>314.599546</ele></trkpt>
      <trkpt lat="43.193419" lon="-2.57061"><ele>314.781744</ele></trkpt>
      <trkpt lat="43.193438" lon="-2.570579"><ele>314.952485</ele></trkpt>
      <trkpt lat="43.19345" lon="-2.570545"><ele>315.111738</ele></trkpt>
      <trkpt lat="43.193458" lon="-2.570507"><ele>315.278488</ele></trkpt>
      <trkpt lat="43.193454" lon="-2.570463"><ele>315.465423</ele></trkpt>
      <trkpt lat="43.193447" lon="-2.570425"><ele>315.630662</ele></trkpt>
      <trkpt lat="43.193438" lon="-2.570384"><ele>315.811179</ele></trkpt>
      <trkpt lat="43.193425" lon="-2.570342"><ele>316.003543</ele></trkpt>
      <trkpt lat="43.193404" lon="-2.570299"><ele>316.221742</ele></trkpt>
      <trkpt lat="43.193377" lon="-2.570265"><ele>316.433695</ele></trkpt>
      <trkpt lat="43.193347" lon="-2.570243"><ele>316.630415</ele></trkpt>
      <trkpt lat="43.193315" lon="-2.570228"><ele>316.82597</ele></trkpt>
      <trkpt lat="43.193285" lon="-2.570215"><ele>317.007903</ele></trkpt>
      <trkpt lat="43.193256" lon="-2.570198"><ele>317.190276</ele></trkpt>
      <trkpt lat="43.193228" lon="-2.570181"><ele>317.367345</ele></trkpt>
      <trkpt lat="43.193199" lon="-2.570161"><ele>317.555049</ele></trkpt>
      <trkpt lat="43.193172" lon="-2.570145"><ele>317.725131</ele></trkpt>
      <trkpt lat="43.19314" lon="-2.570136"><ele>317.914028</ele></trkpt>
      <trkpt lat="43.193111" lon="-2.570126"><ele>318.086946</ele></trkpt>
      <trkpt lat="43.193082" lon="-2.570115"><ele>318.260939</ele></trkpt>
      <trkpt lat="43.193053" lon="-2.570108"><ele>318.431216</ele></trkpt>
      <trkpt lat="43.193028" lon="-2.5701"><ele>318.579666</ele></trkpt>
      <trkpt lat="43.193006" lon="-2.570085"><ele>318.721737</ele></trkpt>
      <trkpt lat="43.19298" lon="-2.570065"><ele>318.894118</ele></trkpt>
      <trkpt lat="43.192952" lon="-2.570047"><ele>319.072935</ele></trkpt>
      <trkpt lat="43.192923" lon="-2.570031"><ele>319.253693</ele></trkpt>
      <trkpt lat="43.192894" lon="-2.570015"><ele>319.43445</ele></trkpt>
      <trkpt lat="43.192863" lon="-2.57"><ele>319.624542</ele></trkpt>
      <trkpt lat="43.192829" lon="-2.569988"><ele>319.82756</ele></trkpt>
      <trkpt lat="43.192801" lon="-2.569988"><ele>319.989476</ele></trkpt>
      <trkpt lat="43.192771" lon="-2.56999"><ele>320.163163</ele></trkpt>
      <trkpt lat="43.19274" lon="-2.569997"><ele>320.344841</ele></trkpt>
      <trkpt lat="43.192714" lon="-2.570002"><ele>320.496663</ele></trkpt>
      <trkpt lat="43.192685" lon="-2.570005"><ele>320.664838</ele></trkpt>
      <trkpt lat="43.192655" lon="-2.570011"><ele>320.840155</ele></trkpt>
      <trkpt lat="43.192625" lon="-2.570016"><ele>321.014913</ele></trkpt>
      <trkpt lat="43.192593" lon="-2.570027"><ele>321.205683</ele></trkpt>
      <trkpt lat="43.19256" lon="-2.570037"><ele>321.401115</ele></trkpt>
      <trkpt lat="43.192528" lon="-2.570046"><ele>321.590013</ele></trkpt>
      <trkpt lat="43.192498" lon="-2.570057"><ele>321.769587</ele></trkpt>
      <trkpt lat="43.192468" lon="-2.570072"><ele>321.954236</ele></trkpt>
      <trkpt lat="43.192437" lon="-2.570088"><ele>322.145772</ele></trkpt>
      <trkpt lat="43.192407" lon="-2.570102"><ele>322.32902</ele></trkpt>
      <trkpt lat="43.192377" lon="-2.57011"><ele>322.50575</ele></trkpt>
      <trkpt lat="43.192345" lon="-2.570116"><ele>322.636474</ele></trkpt>
      <trkpt lat="43.192314" lon="-2.570124"><ele>322.75334</ele></trkpt>
      <trkpt lat="43.192281" lon="-2.570134"><ele>322.878548</ele></trkpt>
      <trkpt lat="43.192252" lon="-2.570145"><ele>322.990022</ele></trkpt>
      <trkpt lat="43.192221" lon="-2.570158"><ele>323.110121</ele></trkpt>
      <trkpt lat="43.192188" lon="-2.570165"><ele>323.233835</ele></trkpt>
      <trkpt lat="43.192156" lon="-2.57017"><ele>323.353157</ele></trkpt>
      <trkpt lat="43.192123" lon="-2.570172"><ele>323.475537</ele></trkpt>
      <trkpt lat="43.192092" lon="-2.570178"><ele>323.591526</ele></trkpt>
      <trkpt lat="43.192058" lon="-2.570187"><ele>323.719815</ele></trkpt>
      <trkpt lat="43.192028" lon="-2.5702"><ele>323.836376</ele></trkpt>
      <trkpt lat="43.191997" lon="-2.570213"><ele>323.956475</ele></trkpt>
      <trkpt lat="43.191969" lon="-2.570221"><ele>324.062438</ele></trkpt>
      <trkpt lat="43.19194" lon="-2.570224"><ele>324.170184</ele></trkpt>
      <trkpt lat="43.191915" lon="-2.570229"><ele>324.263785</ele></trkpt>
      <trkpt lat="43.191884" lon="-2.57023"><ele>324.378668</ele></trkpt>
      <trkpt lat="43.191855" lon="-2.570227"><ele>324.486414</ele></trkpt>
      <trkpt lat="43.191821" lon="-2.570221"><ele>324.613417</ele></trkpt>
      <trkpt lat="43.191792" lon="-2.570214"><ele>324.72251</ele></trkpt>
      <trkpt lat="43.191761" lon="-2.570206"><ele>324.839375</ele></trkpt>
      <trkpt lat="43.19173" lon="-2.570195"><ele>324.958007</ele></trkpt>
      <trkpt lat="43.191706" lon="-2.570183"><ele>325.052648</ele></trkpt>
      <trkpt lat="43.191679" lon="-2.570171"><ele>325.157799</ele></trkpt>
      <trkpt lat="43.191651" lon="-2.570156"><ele>325.269167</ele></trkpt>
      <trkpt lat="43.191624" lon="-2.570139"><ele>325.379234</ele></trkpt>
      <trkpt lat="43.191592" lon="-2.570126"><ele>325.502881</ele></trkpt>
      <trkpt lat="43.191563" lon="-2.570115"><ele>325.614355</ele></trkpt>
      <trkpt lat="43.191532" lon="-2.570104"><ele>325.732987</ele></trkpt>
      <trkpt lat="43.191501" lon="-2.570087"><ele>325.856677</ele></trkpt>
      <trkpt lat="43.191477" lon="-2.570066"><ele>325.962146</ele></trkpt>
      <trkpt lat="43.191449" lon="-2.570043"><ele>326.083062</ele></trkpt>
      <trkpt lat="43.191422" lon="-2.570017"><ele>326.205285</ele></trkpt>
      <trkpt lat="43.191395" lon="-2.569993"><ele>326.324485</ele></trkpt>
      <trkpt lat="43.191369" lon="-2.569975"><ele>326.432387</ele></trkpt>
      <trkpt lat="43.191345" lon="-2.569952"><ele>326.540857</ele></trkpt>
      <trkpt lat="43.191324" lon="-2.569924"><ele>326.649361</ele></trkpt>
      <trkpt lat="43.191301" lon="-2.569893"><ele>326.768829</ele></trkpt>
      <trkpt lat="43.191277" lon="-2.569861"><ele>326.892834</ele></trkpt>
      <trkpt lat="43.191253" lon="-2.569836"><ele>327.004487</ele></trkpt>
      <trkpt lat="43.191229" lon="-2.569812"><ele>327.114526</ele></trkpt>
      <trkpt lat="43.191203" lon="-2.569785"><ele>327.235347</ele></trkpt>
      <trkpt lat="43.191177" lon="-2.569767"><ele>327.343248</ele></trkpt>
      <trkpt lat="43.191152" lon="-2.569749"><ele>327.447855</ele></trkpt>
      <trkpt lat="43.191127" lon="-2.569748"><ele>327.540516</ele></trkpt>
      <trkpt lat="43.191117" lon="-2.569757"><ele>327.584829</ele></trkpt>
      <trkpt lat="43.191118" lon="-2.569756"><ele>327.589414</ele></trkpt>
      <trkpt lat="43.191118" lon="-2.569757"><ele>327.592115</ele></trkpt>
      <trkpt lat="43.191116" lon="-2.569761"><ele>327.605216</ele></trkpt>
      <trkpt lat="43.191118" lon="-2.569761"><ele>327.612626</ele></trkpt>
      <trkpt lat="43.191118" lon="-2.569761"><ele>327.612626</ele></trkpt>
      <trkpt lat="43.191118" lon="-2.569761"><ele>327.612626</ele></trkpt>
      <trkpt lat="43.191118" lon="-2.569761"><ele>327.612626</ele></trkpt>
      <trkpt lat="43.191118" lon="-2.569761"><ele>327.612626</ele></trkpt>
      <trkpt lat="43.191118" lon="-2.569761"><ele>327.612626</ele></trkpt>
      <trkpt lat="43.191118" lon="-2.569759"><ele>327.618028</ele></trkpt>
      <trkpt lat="43.191118" lon="-2.569761"><ele>327.62343</ele></trkpt>
      <trkpt lat="43.191118" lon="-2.569761"><ele>327.62343</ele></trkpt>
      <trkpt lat="43.191118" lon="-2.569761"><ele>327.62343</ele></trkpt>
      <trkpt lat="43.191118" lon="-2.569761"><ele>327.62343</ele></trkpt>
      <trkpt lat="43.191118" lon="-2.569761"><ele>327.62343</ele></trkpt>
      <trkpt lat="43.191118" lon="-2.569761"><ele>327.62343</ele></trkpt>
      <trkpt lat="43.191118" lon="-2.569761"><ele>327.62343</ele></trkpt>
      <trkpt lat="43.191118" lon="-2.569761"><ele>327.62343</ele></trkpt>
      <trkpt lat="43.191118" lon="-2.569761"><ele>327.62343</ele></trkpt>
      <trkpt lat="43.191118" lon="-2.569761"><ele>327.62343</ele></trkpt>
      <trkpt lat="43.191118" lon="-2.569761"><ele>327.62343</ele></trkpt>
      <trkpt lat="43.191118" lon="-2.569761"><ele>327.62343</ele></trkpt>
      <trkpt lat="43.191118" lon="-2.569761"><ele>327.62343</ele></trkpt>
      <trkpt lat="43.191118" lon="-2.569761"><ele>327.62343</ele></trkpt>
      <trkpt lat="43.191118" lon="-2.569761"><ele>327.62343</ele></trkpt>
      <trkpt lat="43.191118" lon="-2.569761"><ele>327.62343</ele></trkpt>
      <trkpt lat="43.191118" lon="-2.569761"><ele>327.62343</ele></trkpt>
      <trkpt lat="43.191118" lon="-2.569761"><ele>327.62343</ele></trkpt>
      <trkpt lat="43.191118" lon="-2.569761"><ele>327.62343</ele></trkpt>
      <trkpt lat="43.191118" lon="-2.569761"><ele>327.62343</ele></trkpt>
      <trkpt lat="43.191118" lon="-2.569761"><ele>327.62343</ele></trkpt>
      <trkpt lat="43.191118" lon="-2.569761"><ele>327.62343</ele></trkpt>
      <trkpt lat="43.191118" lon="-2.569761"><ele>327.62343</ele></trkpt>
      <trkpt lat="43.191118" lon="-2.569761"><ele>327.62343</ele></trkpt>
      <trkpt lat="43.191118" lon="-2.569761"><ele>327.62343</ele></trkpt>
      <trkpt lat="43.191118" lon="-2.569761"><ele>327.62343</ele></trkpt>
      <trkpt lat="43.191118" lon="-2.569761"><ele>327.62343</ele></trkpt>
      <trkpt lat="43.191118" lon="-2.569761"><ele>327.62343</ele></trkpt>
      <trkpt lat="43.191118" lon="-2.569761"><ele>327.62343</ele></trkpt>
      <trkpt lat="43.191118" lon="-2.569761"><ele>327.62343</ele></trkpt>
      <trkpt lat="43.191118" lon="-2.569761"><ele>327.62343</ele></trkpt>
      <trkpt lat="43.191118" lon="-2.569761"><ele>327.62343</ele></trkpt>
      <trkpt lat="43.191118" lon="-2.569761"><ele>327.62343</ele></trkpt>
      <trkpt lat="43.191118" lon="-2.569761"><ele>327.62343</ele></trkpt>
      <trkpt lat="43.191118" lon="-2.569761"><ele>327.62343</ele></trkpt>
      <trkpt lat="43.191118" lon="-2.569761"><ele>327.62343</ele></trkpt>
      <trkpt lat="43.191118" lon="-2.569761"><ele>327.62343</ele></trkpt>
      <trkpt lat="43.191118" lon="-2.569761"><ele>327.62343</ele></trkpt>
      <trkpt lat="43.191124" lon="-2.569749"><ele>327.662734</ele></trkpt>
      <trkpt lat="43.191127" lon="-2.569742"><ele>327.684666</ele></trkpt>
      <trkpt lat="43.191127" lon="-2.569742"><ele>327.684666</ele></trkpt>
      <trkpt lat="43.191127" lon="-2.569742"><ele>327.684666</ele></trkpt>
      <trkpt lat="43.191127" lon="-2.569742"><ele>327.684666</ele></trkpt>
      <trkpt lat="43.191127" lon="-2.569742"><ele>327.684666</ele></trkpt>
      <trkpt lat="43.191127" lon="-2.569742"><ele>327.684666</ele></trkpt>
      <trkpt lat="43.191128" lon="-2.56974"><ele>327.691217</ele></trkpt>
      <trkpt lat="43.19113" lon="-2.56974"><ele>327.698627</ele></trkpt>
      <trkpt lat="43.191127" lon="-2.569742"><ele>327.710985</ele></trkpt>
      <trkpt lat="43.191127" lon="-2.569742"><ele>327.710985</ele></trkpt>
      <trkpt lat="43.191127" lon="-2.569742"><ele>327.710985</ele></trkpt>
      <trkpt lat="43.191127" lon="-2.569742"><ele>327.710985</ele></trkpt>
      <trkpt lat="43.191129" lon="-2.569742"><ele>327.718394</ele></trkpt>
      <trkpt lat="43.191127" lon="-2.569742"><ele>327.725804</ele></trkpt>
      <trkpt lat="43.191127" lon="-2.569742"><ele>327.725804</ele></trkpt>
      <trkpt lat="43.191135" lon="-2.569742"><ele>327.755443</ele></trkpt>
      <trkpt lat="43.191141" lon="-2.569728"><ele>327.799308</ele></trkpt>
      <trkpt lat="43.191139" lon="-2.569735"><ele>327.819616</ele></trkpt>
      <trkpt lat="43.191131" lon="-2.569733"><ele>327.849744</ele></trkpt>
      <trkpt lat="43.191123" lon="-2.569723"><ele>327.889844</ele></trkpt>
      <trkpt lat="43.191112" lon="-2.569705"><ele>327.953285</ele></trkpt>
      <trkpt lat="43.191096" lon="-2.569673"><ele>328.058095</ele></trkpt>
      <trkpt lat="43.191074" lon="-2.569648"><ele>328.163941</ele></trkpt>
      <trkpt lat="43.191051" lon="-2.569635"><ele>328.256105</ele></trkpt>
      <trkpt lat="43.191021" lon="-2.569623"><ele>328.371881</ele></trkpt>
      <trkpt lat="43.190995" lon="-2.569607"><ele>328.477458</ele></trkpt>
      <trkpt lat="43.190974" lon="-2.569594"><ele>328.562817</ele></trkpt>
      <trkpt lat="43.19096" lon="-2.569577"><ele>328.632091</ele></trkpt>
      <trkpt lat="43.190947" lon="-2.569552"><ele>328.715036</ele></trkpt>
      <trkpt lat="43.190929" lon="-2.569524"><ele>328.815869</ele></trkpt>
      <trkpt lat="43.190907" lon="-2.569494"><ele>328.930803</ele></trkpt>
      <trkpt lat="43.190886" lon="-2.569467"><ele>329.037443</ele></trkpt>
      <trkpt lat="43.190864" lon="-2.569441"><ele>329.145033</ele></trkpt>
      <trkpt lat="43.190842" lon="-2.569418"><ele>329.296823</ele></trkpt>
      <trkpt lat="43.190821" lon="-2.569396"><ele>329.496899</ele></trkpt>
      <trkpt lat="43.190797" lon="-2.569372"><ele>329.721784</ele></trkpt>
      <trkpt lat="43.190773" lon="-2.569349"><ele>329.943462</ele></trkpt>
      <trkpt lat="43.190748" lon="-2.569326"><ele>330.171389</ele></trkpt>
      <trkpt lat="43.190731" lon="-2.569292"><ele>330.398973</ele></trkpt>
      <trkpt lat="43.190713" lon="-2.569265"><ele>330.600936</ele></trkpt>
      <trkpt lat="43.190689" lon="-2.569237"><ele>330.839498</ele></trkpt>
      <trkpt lat="43.190662" lon="-2.56921"><ele>331.092495</ele></trkpt>
      <trkpt lat="43.190633" lon="-2.569196"><ele>331.325273</ele></trkpt>
      <trkpt lat="43.190601" lon="-2.569178"><ele>331.587145</ele></trkpt>
      <trkpt lat="43.190573" lon="-2.569157"><ele>331.828773</ele></trkpt>
      <trkpt lat="43.190549" lon="-2.569139"><ele>332.035882</ele></trkpt>
      <trkpt lat="43.190523" lon="-2.569127"><ele>332.243589</ele></trkpt>
      <trkpt lat="43.190496" lon="-2.569111"><ele>332.466284</ele></trkpt>
      <trkpt lat="43.190467" lon="-2.569105"><ele>332.688343</ele></trkpt>
      <trkpt lat="43.190438" lon="-2.569089"><ele>332.925015</ele></trkpt>
      <trkpt lat="43.190408" lon="-2.56906"><ele>333.202906</ele></trkpt>
      <trkpt lat="43.190385" lon="-2.569038"><ele>333.415217</ele></trkpt>
      <trkpt lat="43.190354" lon="-2.569021"><ele>333.667999</ele></trkpt>
      <trkpt lat="43.190323" lon="-2.569011"><ele>333.909121</ele></trkpt>
      <trkpt lat="43.190293" lon="-2.569001"><ele>334.142879</ele></trkpt>
      <trkpt lat="43.190265" lon="-2.56899"><ele>334.363406</ele></trkpt>
      <trkpt lat="43.190235" lon="-2.568981"><ele>334.595922</ele></trkpt>
      <trkpt lat="43.190205" lon="-2.568975"><ele>334.82547</ele></trkpt>
      <trkpt lat="43.190175" lon="-2.568966"><ele>335.057986</ele></trkpt>
      <trkpt lat="43.190146" lon="-2.568956"><ele>335.284393</ele></trkpt>
      <trkpt lat="43.190117" lon="-2.568944"><ele>335.513742</ele></trkpt>
      <trkpt lat="43.190092" lon="-2.568924"><ele>335.732876</ele></trkpt>
      <trkpt lat="43.190075" lon="-2.56889"><ele>335.960462</ele></trkpt>
      <trkpt lat="43.190071" lon="-2.568852"><ele>336.172409</ele></trkpt>
      <trkpt lat="43.190081" lon="-2.568814"><ele>336.395427</ele></trkpt>
      <trkpt lat="43.190103" lon="-2.568783"><ele>336.63424</ele></trkpt>
      <trkpt lat="43.190129" lon="-2.568766"><ele>336.852324</ele></trkpt>
      <trkpt lat="43.190161" lon="-2.568765"><ele>337.094676</ele></trkpt>
      <trkpt lat="43.190192" lon="-2.568776"><ele>337.337121</ele></trkpt>
      <trkpt lat="43.190221" lon="-2.568796"><ele>337.58289</ele></trkpt>
      <trkpt lat="43.190242" lon="-2.568812"><ele>337.764777</ele></trkpt>
      <trkpt lat="43.190274" lon="-2.568826"><ele>338.019093</ele></trkpt>
      <trkpt lat="43.190301" lon="-2.568838"><ele>338.233989</ele></trkpt>
      <trkpt lat="43.190326" lon="-2.56886"><ele>338.458888</ele></trkpt>
      <trkpt lat="43.190352" lon="-2.568882"><ele>338.690195</ele></trkpt>
      <trkpt lat="43.190382" lon="-2.5689"><ele>338.938123</ele></trkpt>
      <trkpt lat="43.19041" lon="-2.568918"><ele>339.172257</ele></trkpt>
      <trkpt lat="43.190438" lon="-2.568934"><ele>339.401923</ele></trkpt>
      <trkpt lat="43.190466" lon="-2.568945"><ele>339.622451</ele></trkpt>
      <trkpt lat="43.190497" lon="-2.568955"><ele>339.863572</ele></trkpt>
      <trkpt lat="43.190526" lon="-2.568966"><ele>340.091388</ele></trkpt>
      <trkpt lat="43.190553" lon="-2.568983"><ele>340.31633</ele></trkpt>
      <trkpt lat="43.190579" lon="-2.569003"><ele>340.542036</ele></trkpt>
      <trkpt lat="43.190605" lon="-2.569024"><ele>340.770493</ele></trkpt>
      <trkpt lat="43.190631" lon="-2.569042"><ele>340.991008</ele></trkpt>
      <trkpt lat="43.190661" lon="-2.569058"><ele>341.234722</ele></trkpt>
      <trkpt lat="43.190692" lon="-2.569072"><ele>341.481835</ele></trkpt>
      <trkpt lat="43.190719" lon="-2.569086"><ele>341.700387</ele></trkpt>
      <trkpt lat="43.190746" lon="-2.569095"><ele>341.910769</ele></trkpt>
      <trkpt lat="43.190776" lon="-2.5691"><ele>342.139585</ele></trkpt>
      <trkpt lat="43.190807" lon="-2.569106"><ele>342.376628</ele></trkpt>
      <trkpt lat="43.190837" lon="-2.569114"><ele>342.608027</ele></trkpt>
      <trkpt lat="43.190868" lon="-2.569123"><ele>342.853864</ele></trkpt>
      <trkpt lat="43.190901" lon="-2.569129"><ele>343.157017</ele></trkpt>
      <trkpt lat="43.190933" lon="-2.569129"><ele>343.448435</ele></trkpt>
      <trkpt lat="43.190964" lon="-2.56913"><ele>343.730824</ele></trkpt>
      <trkpt lat="43.190992" lon="-2.569133"><ele>343.986592</ele></trkpt>
      <trkpt lat="43.191021" lon="-2.569135"><ele>344.251023</ele></trkpt>
      <trkpt lat="43.19105" lon="-2.569139"><ele>344.516452</ele></trkpt>
      <trkpt lat="43.19108" lon="-2.569143"><ele>344.790944</ele></trkpt>
      <trkpt lat="43.191111" lon="-2.569146"><ele>345.073957</ele></trkpt>
      <trkpt lat="43.191143" lon="-2.569148"><ele>345.365677</ele></trkpt>
      <trkpt lat="43.191174" lon="-2.569149"><ele>345.648066</ele></trkpt>
      <trkpt lat="43.191206" lon="-2.569144"><ele>345.941369</ele></trkpt>
      <trkpt lat="43.191233" lon="-2.569151"><ele>346.191606</ele></trkpt>
      <trkpt lat="43.19126" lon="-2.56916"><ele>346.444647</ele></trkpt>
      <trkpt lat="43.191291" lon="-2.569161"><ele>346.727036</ele></trkpt>
      <trkpt lat="43.191321" lon="-2.569157"><ele>347.001528</ele></trkpt>
      <trkpt lat="43.191353" lon="-2.569157"><ele>347.292946</ele></trkpt>
      <trkpt lat="43.19138" lon="-2.569172"><ele>347.558234</ele></trkpt>
      <trkpt lat="43.19141" lon="-2.569189"><ele>347.853836</ele></trkpt>
      <trkpt lat="43.191439" lon="-2.5692"><ele>348.127846</ele></trkpt>
      <trkpt lat="43.19147" lon="-2.569203"><ele>348.410858</ele></trkpt>
      <trkpt lat="43.191501" lon="-2.569205"><ele>348.693481</ele></trkpt>
      <trkpt lat="43.191531" lon="-2.569205"><ele>348.966686</ele></trkpt>
      <trkpt lat="43.191563" lon="-2.569204"><ele>349.258179</ele></trkpt>
      <trkpt lat="43.191593" lon="-2.569207"><ele>349.532108</ele></trkpt>
      <trkpt lat="43.191624" lon="-2.569212"><ele>349.816365</ele></trkpt>
      <trkpt lat="43.191655" lon="-2.569218"><ele>350.101472</ele></trkpt>
      <trkpt lat="43.191689" lon="-2.56922"><ele>350.411388</ele></trkpt>
      <trkpt lat="43.191719" lon="-2.569218"><ele>350.684915</ele></trkpt>
      <trkpt lat="43.191748" lon="-2.569225"><ele>350.953071</ele></trkpt>
      <trkpt lat="43.191777" lon="-2.569237"><ele>351.228925</ele></trkpt>
      <trkpt lat="43.191804" lon="-2.569248"><ele>351.485426</ele></trkpt>
      <trkpt lat="43.191832" lon="-2.569256"><ele>351.74589</ele></trkpt>
      <trkpt lat="43.191859" lon="-2.569262"><ele>351.99498</ele></trkpt>
      <trkpt lat="43.191888" lon="-2.569264"><ele>352.259411</ele></trkpt>
      <trkpt lat="43.19192" lon="-2.569267"><ele>352.551508</ele></trkpt>
      <trkpt lat="43.191954" lon="-2.569267"><ele>352.86114</ele></trkpt>
      <trkpt lat="43.191985" lon="-2.569264"><ele>353.144152</ele></trkpt>
      <trkpt lat="43.192017" lon="-2.569261"><ele>353.43625</ele></trkpt>
      <trkpt lat="43.192048" lon="-2.56926"><ele>353.718639</ele></trkpt>
      <trkpt lat="43.192077" lon="-2.569261"><ele>353.98282</ele></trkpt>
      <trkpt lat="43.192109" lon="-2.569261"><ele>354.274238</ele></trkpt>
      <trkpt lat="43.192137" lon="-2.56926"><ele>354.529315</ele></trkpt>
      <trkpt lat="43.192169" lon="-2.569256"><ele>354.82194</ele></trkpt>
      <trkpt lat="43.192197" lon="-2.56925"><ele>355.080024</ele></trkpt>
      <trkpt lat="43.19223" lon="-2.56925"><ele>355.380548</ele></trkpt>
      <trkpt lat="43.192262" lon="-2.569249"><ele>355.672042</ele></trkpt>
      <trkpt lat="43.192291" lon="-2.569244"><ele>355.938217</ele></trkpt>
      <trkpt lat="43.192319" lon="-2.569231"><ele>356.20742</ele></trkpt>
      <trkpt lat="43.192346" lon="-2.569224"><ele>356.457658</ele></trkpt>
      <trkpt lat="43.192375" lon="-2.569213"><ele>356.731667</ele></trkpt>
      <trkpt lat="43.192406" lon="-2.5692"><ele>357.026878</ele></trkpt>
      <trkpt lat="43.192436" lon="-2.569188"><ele>357.311462</ele></trkpt>
      <trkpt lat="43.192467" lon="-2.569179"><ele>357.600028</ele></trkpt>
      <trkpt lat="43.192501" lon="-2.569171"><ele>357.914182</ele></trkpt>
      <trkpt lat="43.192532" lon="-2.569161"><ele>358.204195</ele></trkpt>
      <trkpt lat="43.192558" lon="-2.569147"><ele>358.458564</ele></trkpt>
      <trkpt lat="43.192583" lon="-2.569131"><ele>358.709798</ele></trkpt>
      <trkpt lat="43.192609" lon="-2.569123"><ele>358.952459</ele></trkpt>
      <trkpt lat="43.192635" lon="-2.569118"><ele>359.191552</ele></trkpt>
      <trkpt lat="43.192665" lon="-2.569114"><ele>359.452935</ele></trkpt>
      <trkpt lat="43.192697" lon="-2.569112"><ele>359.730355</ele></trkpt>
      <trkpt lat="43.192728" lon="-2.569105"><ele>360.00244</ele></trkpt>
      <trkpt lat="43.192756" lon="-2.569092"><ele>360.258445</ele></trkpt>
      <trkpt lat="43.192783" lon="-2.569078"><ele>360.508425</ele></trkpt>
      <trkpt lat="43.19281" lon="-2.569068"><ele>360.75063</ele></trkpt>
      <trkpt lat="43.192843" lon="-2.569061"><ele>361.039819</ele></trkpt>
      <trkpt lat="43.192875" lon="-2.569057"><ele>361.318099</ele></trkpt>
      <trkpt lat="43.192904" lon="-2.569059"><ele>361.569567</ele></trkpt>
      <trkpt lat="43.192936" lon="-2.569058"><ele>361.846771</ele></trkpt>
      <trkpt lat="43.19297" lon="-2.569054"><ele>362.142305</ele></trkpt>
      <trkpt lat="43.193002" lon="-2.569051"><ele>362.420083</ele></trkpt>
      <trkpt lat="43.193034" lon="-2.569048"><ele>362.697861</ele></trkpt>
      <trkpt lat="43.193065" lon="-2.569045"><ele>362.967</ele></trkpt>
      <trkpt lat="43.193094" lon="-2.569039"><ele>363.220992</ele></trkpt>
      <trkpt lat="43.193123" lon="-2.569036"><ele>363.472856</ele></trkpt>
      <trkpt lat="43.193152" lon="-2.569035"><ele>363.724086</ele></trkpt>
      <trkpt lat="43.193183" lon="-2.569035"><ele>363.992557</ele></trkpt>
      <trkpt lat="43.193216" lon="-2.569036"><ele>364.278419</ele></trkpt>
      <trkpt lat="43.193248" lon="-2.569036"><ele>364.555551</ele></trkpt>
      <trkpt lat="43.193279" lon="-2.569034"><ele>364.824319</ele></trkpt>
      <trkpt lat="43.193307" lon="-2.569026"><ele>365.072014</ele></trkpt>
      <trkpt lat="43.193336" lon="-2.569021"><ele>365.325141</ele></trkpt>
      <trkpt lat="43.193364" lon="-2.569019"><ele>365.56796</ele></trkpt>
      <trkpt lat="43.193394" lon="-2.56902"><ele>365.827848</ele></trkpt>
      <trkpt lat="43.193425" lon="-2.569024"><ele>366.097505</ele></trkpt>
      <trkpt lat="43.193454" lon="-2.569027"><ele>366.349369</ele></trkpt>
      <trkpt lat="43.193487" lon="-2.569029"><ele>366.63544</ele></trkpt>
      <trkpt lat="43.193517" lon="-2.569028"><ele>366.895328</ele></trkpt>
      <trkpt lat="43.193548" lon="-2.569023"><ele>367.165649</ele></trkpt>
      <trkpt lat="43.193574" lon="-2.569018"><ele>367.393021</ele></trkpt>
      <trkpt lat="43.193603" lon="-2.569013"><ele>367.646148</ele></trkpt>
      <trkpt lat="43.193636" lon="-2.569014"><ele>367.932009</ele></trkpt>
      <trkpt lat="43.193667" lon="-2.569012"><ele>368.200778</ele></trkpt>
      <trkpt lat="43.193695" lon="-2.569009"><ele>368.444007</ele></trkpt>
      <trkpt lat="43.193725" lon="-2.569005"><ele>368.705042</ele></trkpt>
      <trkpt lat="43.193754" lon="-2.568996"><ele>368.962541</ele></trkpt>
      <trkpt lat="43.193783" lon="-2.568986"><ele>369.221506</ele></trkpt>
      <trkpt lat="43.193813" lon="-2.568972"><ele>369.495942</ele></trkpt>
      <trkpt lat="43.193842" lon="-2.568954"><ele>369.77161</ele></trkpt>
      <trkpt lat="43.193869" lon="-2.568934"><ele>370.037358</ele></trkpt>
      <trkpt lat="43.193895" lon="-2.568918"><ele>370.28415</ele></trkpt>
      <trkpt lat="43.193917" lon="-2.568902"><ele>370.499803</ele></trkpt>
      <trkpt lat="43.193939" lon="-2.568882"><ele>370.728377</ele></trkpt>
      <trkpt lat="43.193961" lon="-2.568855"><ele>370.984036</ele></trkpt>
      <trkpt lat="43.193981" lon="-2.568825"><ele>371.240704</ele></trkpt>
      <trkpt lat="43.193998" lon="-2.568791"><ele>371.501007</ele></trkpt>
      <trkpt lat="43.194014" lon="-2.568758"><ele>371.751231</ele></trkpt>
      <trkpt lat="43.194029" lon="-2.568724"><ele>372.002144</ele></trkpt>
      <trkpt lat="43.194037" lon="-2.568687"><ele>372.245811</ele></trkpt>
      <trkpt lat="43.194045" lon="-2.568652"><ele>372.477398</ele></trkpt>
      <trkpt lat="43.194058" lon="-2.568614"><ele>372.742423</ele></trkpt>
      <trkpt lat="43.194068" lon="-2.56858"><ele>372.973902</ele></trkpt>
      <trkpt lat="43.194082" lon="-2.568546"><ele>373.220443</ele></trkpt>
      <trkpt lat="43.194098" lon="-2.56851"><ele>373.486645</ele></trkpt>
      <trkpt lat="43.19411" lon="-2.568472"><ele>373.748108</ele></trkpt>
      <trkpt lat="43.194122" lon="-2.568432"><ele>374.021205</ele></trkpt>
      <trkpt lat="43.194133" lon="-2.568389"><ele>374.308924</ele></trkpt>
      <trkpt lat="43.194143" lon="-2.56835"><ele>374.569946</ele></trkpt>
      <trkpt lat="43.194158" lon="-2.56831"><ele>374.852824</ele></trkpt>
      <trkpt lat="43.194172" lon="-2.568273"><ele>375.112248</ele></trkpt>
      <trkpt lat="43.194184" lon="-2.568234"><ele>375.375684</ele></trkpt>
      <trkpt lat="43.194196" lon="-2.568191"><ele>375.662217</ele></trkpt>
      <trkpt lat="43.194211" lon="-2.568148"><ele>375.958871</ele></trkpt>
      <trkpt lat="43.194226" lon="-2.56811"><ele>376.227793</ele></trkpt>
      <trkpt lat="43.19424" lon="-2.568069"><ele>376.509544</ele></trkpt>
      <trkpt lat="43.194252" lon="-2.56803"><ele>376.77298</ele></trkpt>
      <trkpt lat="43.194262" lon="-2.567995"><ele>377.006922</ele></trkpt>
      <trkpt lat="43.194271" lon="-2.567959"><ele>377.243763</ele></trkpt>
      <trkpt lat="43.19428" lon="-2.567916"><ele>377.522171</ele></trkpt>
      <trkpt lat="43.194291" lon="-2.56787"><ele>377.823444</ele></trkpt>
      <trkpt lat="43.194297" lon="-2.567824"><ele>378.114257</ele></trkpt>
      <trkpt lat="43.194303" lon="-2.56778"><ele>378.392826</ele></trkpt>
      <trkpt lat="43.19431" lon="-2.567735"><ele>378.679174</ele></trkpt>
      <trkpt lat="43.194316" lon="-2.567697"><ele>378.921138</ele></trkpt>
      <trkpt lat="43.194324" lon="-2.567658"><ele>379.173267</ele></trkpt>
      <trkpt lat="43.194331" lon="-2.567623"><ele>379.399126</ele></trkpt>
      <trkpt lat="43.194336" lon="-2.567586"><ele>379.633307</ele></trkpt>
      <trkpt lat="43.194339" lon="-2.567548"><ele>379.871171</ele></trkpt>
      <trkpt lat="43.194342" lon="-2.567506"><ele>380.133796</ele></trkpt>
      <trkpt lat="43.194346" lon="-2.567464"><ele>380.397391</ele></trkpt>
      <trkpt lat="43.194344" lon="-2.567419"><ele>380.677955</ele></trkpt>
      <trkpt lat="43.194351" lon="-2.567376"><ele>380.952142</ele></trkpt>
      <trkpt lat="43.194362" lon="-2.567335"><ele>381.224022</ele></trkpt>
      <trkpt lat="43.194371" lon="-2.567295"><ele>381.484535</ele></trkpt>
      <trkpt lat="43.194378" lon="-2.567252"><ele>381.758723</ele></trkpt>
      <trkpt lat="43.194386" lon="-2.567211"><ele>382.022854</ele></trkpt>
      <trkpt lat="43.194392" lon="-2.567172"><ele>382.270903</ele></trkpt>
      <trkpt lat="43.194398" lon="-2.567131"><ele>382.531144</ele></trkpt>
      <trkpt lat="43.194407" lon="-2.56709"><ele>382.79761</ele></trkpt>
      <trkpt lat="43.194417" lon="-2.567051"><ele>383.054888</ele></trkpt>
      <trkpt lat="43.194425" lon="-2.567012"><ele>383.307016</ele></trkpt>
      <trkpt lat="43.19443" lon="-2.566971"><ele>383.565712</ele></trkpt>
      <trkpt lat="43.194437" lon="-2.56693"><ele>383.827766</ele></trkpt>
      <trkpt lat="43.194447" lon="-2.566889"><ele>384.096816</ele></trkpt>
      <trkpt lat="43.194451" lon="-2.566848"><ele>384.354241</ele></trkpt>
      <trkpt lat="43.19446" lon="-2.566806"><ele>384.626672</ele></trkpt>
      <trkpt lat="43.194471" lon="-2.566761"><ele>384.922038</ele></trkpt>
      <trkpt lat="43.194481" lon="-2.566716"><ele>385.214802</ele></trkpt>
      <trkpt lat="43.194486" lon="-2.566668"><ele>385.516548</ele></trkpt>
      <trkpt lat="43.194494" lon="-2.566627"><ele>385.780679</ele></trkpt>
      <trkpt lat="43.194507" lon="-2.566584"><ele>386.070372</ele></trkpt>
      <trkpt lat="43.194519" lon="-2.56654"><ele>386.362725</ele></trkpt>
      <trkpt lat="43.194529" lon="-2.566496"><ele>386.649542</ele></trkpt>
      <trkpt lat="43.194539" lon="-2.566456"><ele>386.912698</ele></trkpt>
      <trkpt lat="43.19455" lon="-2.566414"><ele>387.190426</ele></trkpt>
      <trkpt lat="43.194561" lon="-2.566375"><ele>387.45066</ele></trkpt>
      <trkpt lat="43.19457" lon="-2.566331"><ele>387.735053</ele></trkpt>
      <trkpt lat="43.194579" lon="-2.566289"><ele>388.007483</ele></trkpt>
      <trkpt lat="43.19459" lon="-2.566251"><ele>388.261923</ele></trkpt>
      <trkpt lat="43.194599" lon="-2.566211"><ele>388.522435</ele></trkpt>
      <trkpt lat="43.194609" lon="-2.566169"><ele>388.797394</ele></trkpt>
      <trkpt lat="43.19462" lon="-2.566127"><ele>389.075122</ele></trkpt>
      <trkpt lat="43.194635" lon="-2.566087"><ele>389.355049</ele></trkpt>
      <trkpt lat="43.194649" lon="-2.566051"><ele>389.608965</ele></trkpt>
      <trkpt lat="43.194654" lon="-2.56601"><ele>389.86766</ele></trkpt>
      <trkpt lat="43.194655" lon="-2.565972"><ele>390.104294</ele></trkpt>
      <trkpt lat="43.194664" lon="-2.565931"><ele>390.359482</ele></trkpt>
      <trkpt lat="43.194677" lon="-2.565895"><ele>390.597826</ele></trkpt>
      <trkpt lat="43.19469" lon="-2.565857"><ele>390.846859</ele></trkpt>
      <trkpt lat="43.194702" lon="-2.565816"><ele>391.108972</ele></trkpt>
      <trkpt lat="43.194709" lon="-2.565778"><ele>391.341502</ele></trkpt>
      <trkpt lat="43.194717" lon="-2.565736"><ele>391.599042</ele></trkpt>
      <trkpt lat="43.194728" lon="-2.565697"><ele>391.847131</ele></trkpt>
      <trkpt lat="43.194744" lon="-2.565654"><ele>392.133546</ele></trkpt>
      <trkpt lat="43.194755" lon="-2.56561"><ele>392.409509</ele></trkpt>
      <trkpt lat="43.194769" lon="-2.56557"><ele>392.67275</ele></trkpt>
      <trkpt lat="43.194779" lon="-2.565532"><ele>392.912432</ele></trkpt>
      <trkpt lat="43.194786" lon="-2.565493"><ele>393.150718</ele></trkpt>
      <trkpt lat="43.194795" lon="-2.565453"><ele>393.399073</ele></trkpt>
      <trkpt lat="43.194807" lon="-2.565412"><ele>393.661186</ele></trkpt>
      <trkpt lat="43.194825" lon="-2.565377"><ele>393.915299</ele></trkpt>
      <trkpt lat="43.194843" lon="-2.565342"><ele>394.169412</ele></trkpt>
      <trkpt lat="43.194862" lon="-2.565308"><ele>394.423568</ele></trkpt>
      <trkpt lat="43.194878" lon="-2.565274"><ele>394.663654</ele></trkpt>
      <trkpt lat="43.194892" lon="-2.565237"><ele>394.91097</ele></trkpt>
      <trkpt lat="43.194907" lon="-2.565198"><ele>395.172572</ele></trkpt>
      <trkpt lat="43.194919" lon="-2.565163"><ele>395.402034</ele></trkpt>
      <trkpt lat="43.194934" lon="-2.565128"><ele>395.642902</ele></trkpt>
      <trkpt lat="43.194951" lon="-2.565091"><ele>395.90237</ele></trkpt>
      <trkpt lat="43.194962" lon="-2.565051"><ele>396.156001</ele></trkpt>
      <trkpt lat="43.194971" lon="-2.565011"><ele>396.404355</ele></trkpt>
      <trkpt lat="43.194988" lon="-2.564974"><ele>396.663823</ele></trkpt>
      <trkpt lat="43.195005" lon="-2.564942"><ele>396.898729</ele></trkpt>
      <trkpt lat="43.195024" lon="-2.564904"><ele>397.1721</ele></trkpt>
      <trkpt lat="43.195043" lon="-2.56487"><ele>397.426255</ele></trkpt>
      <trkpt lat="43.19506" lon="-2.564833"><ele>397.685724</ele></trkpt>
      <trkpt lat="43.195075" lon="-2.564799"><ele>397.921495</ele></trkpt>
      <trkpt lat="43.19509" lon="-2.564762"><ele>398.172663</ele></trkpt>
      <trkpt lat="43.195105" lon="-2.564726"><ele>398.418663</ele></trkpt>
      <trkpt lat="43.19512" lon="-2.564691"><ele>398.65953</ele></trkpt>
      <trkpt lat="43.195138" lon="-2.564657"><ele>398.908818</ele></trkpt>
      <trkpt lat="43.195157" lon="-2.564624"><ele>399.15829</ele></trkpt>
      <trkpt lat="43.195176" lon="-2.56459"><ele>399.412445</ele></trkpt>
      <trkpt lat="43.195188" lon="-2.564549"><ele>399.674556</ele></trkpt>
      <trkpt lat="43.195198" lon="-2.564509"><ele>399.92543</ele></trkpt>
      <trkpt lat="43.19521" lon="-2.564472"><ele>400.165682</ele></trkpt>
      <trkpt lat="43.195218" lon="-2.564437"><ele>400.383293</ele></trkpt>
      <trkpt lat="43.195226" lon="-2.564398"><ele>400.623653</ele></trkpt>
      <trkpt lat="43.195238" lon="-2.564362"><ele>400.858496</ele></trkpt>
      <trkpt lat="43.195249" lon="-2.564321"><ele>401.117685</ele></trkpt>
      <trkpt lat="43.195256" lon="-2.564278"><ele>401.379074</ele></trkpt>
      <trkpt lat="43.195263" lon="-2.564235"><ele>401.640463</ele></trkpt>
      <trkpt lat="43.195271" lon="-2.564198"><ele>401.869423</ele></trkpt>
      <trkpt lat="43.195279" lon="-2.564163"><ele>402.087034</ele></trkpt>
      <trkpt lat="43.195286" lon="-2.564125"><ele>402.319562</ele></trkpt>
      <trkpt lat="43.195292" lon="-2.564086"><ele>402.556032</ele></trkpt>
      <trkpt lat="43.195299" lon="-2.564048"><ele>402.78856</ele></trkpt>
      <trkpt lat="43.195312" lon="-2.564012"><ele>403.026902</ele></trkpt>
      <trkpt lat="43.195328" lon="-2.563971"><ele>403.3028</ele></trkpt>
      <trkpt lat="43.195334" lon="-2.563926"><ele>403.574199</ele></trkpt>
      <trkpt lat="43.195338" lon="-2.563882"><ele>403.837259</ele></trkpt>
      <trkpt lat="43.19534" lon="-2.563839"><ele>404.092883</ele></trkpt>
      <trkpt lat="43.195341" lon="-2.563798"><ele>404.336259</ele></trkpt>
      <trkpt lat="43.195344" lon="-2.563756"><ele>404.586625</ele></trkpt>
      <trkpt lat="43.195349" lon="-2.563713"><ele>404.822452</ele></trkpt>
      <trkpt lat="43.195353" lon="-2.563674"><ele>404.989345</ele></trkpt>
      <trkpt lat="43.195362" lon="-2.563632"><ele>405.174852</ele></trkpt>
      <trkpt lat="43.195372" lon="-2.563592"><ele>405.354044</ele></trkpt>
      <trkpt lat="43.19538" lon="-2.563556"><ele>405.513526</ele></trkpt>
      <trkpt lat="43.195385" lon="-2.563516"><ele>405.685502</ele></trkpt>
      <trkpt lat="43.195389" lon="-2.563475"><ele>405.860791</ele></trkpt>
      <trkpt lat="43.195391" lon="-2.563432"><ele>406.043377</ele></trkpt>
      <trkpt lat="43.195392" lon="-2.563389"><ele>406.225685</ele></trkpt>
      <trkpt lat="43.195398" lon="-2.563345"><ele>406.415371</ele></trkpt>
      <trkpt lat="43.195406" lon="-2.563307"><ele>406.582978</ele></trkpt>
      <trkpt lat="43.195417" lon="-2.563275"><ele>406.732899</ele></trkpt>
      <trkpt lat="43.195434" lon="-2.563245"><ele>406.893913</ele></trkpt>
      <trkpt lat="43.195454" lon="-2.563217"><ele>407.060024</ele></trkpt>
      <trkpt lat="43.195474" lon="-2.563184"><ele>407.241876</ele></trkpt>
      <trkpt lat="43.195495" lon="-2.563149"><ele>407.433962</ele></trkpt>
      <trkpt lat="43.195513" lon="-2.563114"><ele>407.615467</ele></trkpt>
      <trkpt lat="43.195529" lon="-2.563077"><ele>407.797765</ele></trkpt>
      <trkpt lat="43.195548" lon="-2.563058"><ele>407.934438</ele></trkpt>
      <trkpt lat="43.19557" lon="-2.563051"><ele>408.065712</ele></trkpt>
      <trkpt lat="43.195589" lon="-2.563042"><ele>408.182552</ele></trkpt>
      <trkpt lat="43.195606" lon="-2.563036"><ele>408.284585</ele></trkpt>
      <trkpt lat="43.195623" lon="-2.563032"><ele>408.384844</ele></trkpt>
      <trkpt lat="43.195644" lon="-2.563023"><ele>408.512729</ele></trkpt>
      <trkpt lat="43.195666" lon="-2.563014"><ele>408.646173</ele></trkpt>
      <trkpt lat="43.195689" lon="-2.563"><ele>408.792436</ele></trkpt>
      <trkpt lat="43.1957" lon="-2.562986"><ele>408.879658</ele></trkpt>
      <trkpt lat="43.195713" lon="-2.562973"><ele>408.973171</ele></trkpt>
      <trkpt lat="43.195729" lon="-2.562964"><ele>409.07369</ele></trkpt>
      <trkpt lat="43.195748" lon="-2.562957"><ele>409.188044</ele></trkpt>
      <trkpt lat="43.195768" lon="-2.56295"><ele>409.308022</ele></trkpt>
      <trkpt lat="43.195788" lon="-2.562938"><ele>409.43491</ele></trkpt>
      <trkpt lat="43.195808" lon="-2.562929"><ele>409.557259</ele></trkpt>
      <trkpt lat="43.195838" lon="-2.562908"><ele>409.753032</ele></trkpt>
      <trkpt lat="43.195853" lon="-2.562892"><ele>409.863481</ele></trkpt>
      <trkpt lat="43.195869" lon="-2.56287"><ele>409.995164</ele></trkpt>
      <trkpt lat="43.195886" lon="-2.562854"><ele>410.115003</ele></trkpt>
      <trkpt lat="43.195908" lon="-2.562837"><ele>410.261776</ele></trkpt>
      <trkpt lat="43.195935" lon="-2.562823"><ele>410.429556</ele></trkpt>
      <trkpt lat="43.195962" lon="-2.562812"><ele>410.593274</ele></trkpt>
      <trkpt lat="43.195988" lon="-2.562802"><ele>410.750231</ele></trkpt>
      <trkpt lat="43.196014" lon="-2.56279"><ele>410.909686</ele></trkpt>
      <trkpt lat="43.196036" lon="-2.562776"><ele>411.050655</ele></trkpt>
      <trkpt lat="43.196062" lon="-2.562759"><ele>411.218075</ele></trkpt>
      <trkpt lat="43.196089" lon="-2.562739"><ele>411.396438</ele></trkpt>
      <trkpt lat="43.196121" lon="-2.562715"><ele>411.60843</ele></trkpt>
      <trkpt lat="43.196159" lon="-2.562694"><ele>411.846563</ele></trkpt>
      <trkpt lat="43.196199" lon="-2.562671"><ele>412.09867</ele></trkpt>
      <trkpt lat="43.196236" lon="-2.562629"><ele>412.377829</ele></trkpt>
      <trkpt lat="43.196258" lon="-2.562575"><ele>412.639962</ele></trkpt>
      <trkpt lat="43.19627" lon="-2.562513"><ele>412.911789</ele></trkpt>
      <trkpt lat="43.19628" lon="-2.562445"><ele>413.205744</ele></trkpt>
      <trkpt lat="43.196287" lon="-2.562369"><ele>413.530354</ele></trkpt>
      <trkpt lat="43.196299" lon="-2.562296"><ele>413.847458</ele></trkpt>
      <trkpt lat="43.196313" lon="-2.562227"><ele>414.150959</ele></trkpt>
      <trkpt lat="43.196323" lon="-2.562152"><ele>414.474043</ele></trkpt>
      <trkpt lat="43.196336" lon="-2.56208"><ele>414.788361</ele></trkpt>
      <trkpt lat="43.196352" lon="-2.562006"><ele>415.115437</ele></trkpt>
      <trkpt lat="43.196367" lon="-2.561931"><ele>415.126558</ele></trkpt>
      <trkpt lat="43.196383" lon="-2.561858"><ele>414.990181</ele></trkpt>
      <trkpt lat="43.196403" lon="-2.561788"><ele>414.855671</ele></trkpt>
      <trkpt lat="43.196423" lon="-2.56172"><ele>414.724486</ele></trkpt>
      <trkpt lat="43.196444" lon="-2.561646"><ele>414.582417</ele></trkpt>
      <trkpt lat="43.196466" lon="-2.561578"><ele>414.449318</ele></trkpt>
      <trkpt lat="43.196496" lon="-2.561511"><ele>414.308645</ele></trkpt>
      <trkpt lat="43.196525" lon="-2.561444"><ele>414.169242</ele></trkpt>
      <trkpt lat="43.196552" lon="-2.561379"><ele>414.0354</ele></trkpt>
      <trkpt lat="43.196581" lon="-2.561306"><ele>413.886665</ele></trkpt>
      <trkpt lat="43.196608" lon="-2.561237"><ele>413.74656</ele></trkpt>
      <trkpt lat="43.196636" lon="-2.561164"><ele>413.598984</ele></trkpt>
      <trkpt lat="43.19666" lon="-2.561095"><ele>413.462207</ele></trkpt>
      <trkpt lat="43.196689" lon="-2.561027"><ele>413.321263</ele></trkpt>
      <trkpt lat="43.196719" lon="-2.560963"><ele>413.185135</ele></trkpt>
      <trkpt lat="43.196749" lon="-2.560896"><ele>413.044463</ele></trkpt>
      <trkpt lat="43.19678" lon="-2.560831"><ele>412.905499</ele></trkpt>
      <trkpt lat="43.196807" lon="-2.560767"><ele>412.773209</ele></trkpt>
      <trkpt lat="43.196832" lon="-2.560696"><ele>412.632145</ele></trkpt>
      <trkpt lat="43.196861" lon="-2.560624"><ele>412.484979</ele></trkpt>
      <trkpt lat="43.196896" lon="-2.560552"><ele>412.330155</ele></trkpt>
      <trkpt lat="43.196933" lon="-2.560475"><ele>412.165164</ele></trkpt>
      <trkpt lat="43.196967" lon="-2.560394"><ele>411.997945</ele></trkpt>
      <trkpt lat="43.197002" lon="-2.560316"><ele>411.834082</ele></trkpt>
      <trkpt lat="43.197041" lon="-2.56024"><ele>411.667806</ele></trkpt>
      <trkpt lat="43.197082" lon="-2.560166"><ele>411.501519</ele></trkpt>
      <trkpt lat="43.197128" lon="-2.560092"><ele>411.327533</ele></trkpt>
      <trkpt lat="43.197177" lon="-2.560022"><ele>411.153913</ele></trkpt>
      <trkpt lat="43.19723" lon="-2.559961"><ele>410.984127</ele></trkpt>
      <trkpt lat="43.197288" lon="-2.559907"><ele>410.812099</ele></trkpt>
      <trkpt lat="43.197351" lon="-2.559857"><ele>410.822649</ele></trkpt>
      <trkpt lat="43.197416" lon="-2.559808"><ele>410.83904</ele></trkpt>
      <trkpt lat="43.197483" lon="-2.559754"><ele>410.856214</ele></trkpt>
      <trkpt lat="43.197549" lon="-2.559697"><ele>410.87345</ele></trkpt>
      <trkpt lat="43.197612" lon="-2.559631"><ele>410.890969</ele></trkpt>
      <trkpt lat="43.197667" lon="-2.559553"><ele>410.908452</ele></trkpt>
      <trkpt lat="43.197712" lon="-2.559465"><ele>410.92577</ele></trkpt>
      <trkpt lat="43.19774" lon="-2.559374"><ele>410.941684</ele></trkpt>
      <trkpt lat="43.197753" lon="-2.559284"><ele>410.956465</ele></trkpt>
      <trkpt lat="43.197755" lon="-2.559197"><ele>410.970489</ele></trkpt>
      <trkpt lat="43.197754" lon="-2.559113"><ele>410.984024</ele></trkpt>
      <trkpt lat="43.197752" lon="-2.559033"><ele>410.99692</ele></trkpt>
      <trkpt lat="43.197752" lon="-2.558958"><ele>411.009003</ele></trkpt>
      <trkpt lat="43.197758" lon="-2.558891"><ele>411.019879</ele></trkpt>
      <trkpt lat="43.197761" lon="-2.558829"><ele>411.02989</ele></trkpt>
      <trkpt lat="43.197754" lon="-2.558761"><ele>411.040954</ele></trkpt>
      <trkpt lat="43.197744" lon="-2.55869"><ele>411.052604</ele></trkpt>
      <trkpt lat="43.197727" lon="-2.558623"><ele>411.064034</ele></trkpt>
      <trkpt lat="43.197704" lon="-2.558561"><ele>411.075241</ele></trkpt>
      <trkpt lat="43.197675" lon="-2.558507"><ele>411.086047</ele></trkpt>
      <trkpt lat="43.19764" lon="-2.558461"><ele>411.096759</ele></trkpt>
      <trkpt lat="43.197607" lon="-2.558425"><ele>411.106078</ele></trkpt>
      <trkpt lat="43.197577" lon="-2.558379"><ele>411.116021</ele></trkpt>
      <trkpt lat="43.197546" lon="-2.558329"><ele>411.126596</ele></trkpt>
      <trkpt lat="43.197512" lon="-2.558275"><ele>411.138092</ele></trkpt>
      <trkpt lat="43.197482" lon="-2.558217"><ele>411.149549</ele></trkpt>
      <trkpt lat="43.197461" lon="-2.558157"><ele>411.160272</ele></trkpt>
      <trkpt lat="43.19745" lon="-2.558092"><ele>411.171023</ele></trkpt>
      <trkpt lat="43.197447" lon="-2.558024"><ele>411.181999</ele></trkpt>
      <trkpt lat="43.197448" lon="-2.557957"><ele>411.192795</ele></trkpt>
      <trkpt lat="43.197448" lon="-2.557896"><ele>411.202623</ele></trkpt>
      <trkpt lat="43.19745" lon="-2.557838"><ele>411.324809</ele></trkpt>
      <trkpt lat="43.19745" lon="-2.557782"><ele>411.4704</ele></trkpt>
      <trkpt lat="43.197451" lon="-2.557723"><ele>411.623832</ele></trkpt>
      <trkpt lat="43.19745" lon="-2.557659"><ele>411.79026</ele></trkpt>
      <trkpt lat="43.197449" lon="-2.557592"><ele>411.964485</ele></trkpt>
      <trkpt lat="43.197447" lon="-2.557525"><ele>412.13882</ele></trkpt>
      <trkpt lat="43.197446" lon="-2.557456"><ele>412.318245</ele></trkpt>
      <trkpt lat="43.197443" lon="-2.557389"><ele>412.492762</ele></trkpt>
      <trkpt lat="43.197439" lon="-2.557323"><ele>412.664943</ele></trkpt>
      <trkpt lat="43.197436" lon="-2.557255"><ele>412.842056</ele></trkpt>
      <trkpt lat="43.197435" lon="-2.557192"><ele>413.005884</ele></trkpt>
      <trkpt lat="43.19743" lon="-2.557126"><ele>413.178398</ele></trkpt>
      <trkpt lat="43.197426" lon="-2.557058"><ele>413.355761</ele></trkpt>
      <trkpt lat="43.197426" lon="-2.556994"><ele>413.522151</ele></trkpt>
      <trkpt lat="43.197425" lon="-2.55693"><ele>413.688579</ele></trkpt>
      <trkpt lat="43.197423" lon="-2.556862"><ele>413.865512</ele></trkpt>
      <trkpt lat="43.19742" lon="-2.556798"><ele>414.032245</ele></trkpt>
      <trkpt lat="43.197418" lon="-2.556731"><ele>414.20658</ele></trkpt>
      <trkpt lat="43.197418" lon="-2.556667"><ele>414.37297</ele></trkpt>
      <trkpt lat="43.197415" lon="-2.556602"><ele>414.542298</ele></trkpt>
      <trkpt lat="43.197412" lon="-2.55654"><ele>414.703842</ele></trkpt>
      <trkpt lat="43.197411" lon="-2.556474"><ele>414.875469</ele></trkpt>
      <trkpt lat="43.197408" lon="-2.556406"><ele>415.052581</ele></trkpt>
      <trkpt lat="43.197405" lon="-2.55634"><ele>415.224504</ele></trkpt>
      <trkpt lat="43.1974" lon="-2.556274"><ele>415.397017</ele></trkpt>
      <trkpt lat="43.197394" lon="-2.556209"><ele>415.567356</ele></trkpt>
      <trkpt lat="43.19739" lon="-2.556145"><ele>415.734357</ele></trkpt>
      <trkpt lat="43.197388" lon="-2.556077"><ele>415.911289</ele></trkpt>
      <trkpt lat="43.197387" lon="-2.556005"><ele>416.098512</ele></trkpt>
      <trkpt lat="43.197389" lon="-2.555935"><ele>416.28064</ele></trkpt>
      <trkpt lat="43.197388" lon="-2.555869"><ele>416.452267</ele></trkpt>
      <trkpt lat="43.197387" lon="-2.555801"><ele>416.629092</ele></trkpt>
      <trkpt lat="43.197385" lon="-2.555737"><ele>416.795635</ele></trkpt>
      <trkpt lat="43.197384" lon="-2.55567"><ele>416.96986</ele></trkpt>
      <trkpt lat="43.197386" lon="-2.555601"><ele>417.149391</ele></trkpt>
      <trkpt lat="43.197388" lon="-2.555532"><ele>417.328922</ele></trkpt>
      <trkpt lat="43.19739" lon="-2.555458"><ele>417.521442</ele></trkpt>
      <trkpt lat="43.197391" lon="-2.555383"><ele>417.685751</ele></trkpt>
      <trkpt lat="43.197394" lon="-2.555315"><ele>417.807028</ele></trkpt>
      <trkpt lat="43.197397" lon="-2.555246"><ele>417.930082</ele></trkpt>
      <trkpt lat="43.197406" lon="-2.55518"><ele>418.049615</ele></trkpt>
      <trkpt lat="43.197415" lon="-2.555114"><ele>418.169148</ele></trkpt>
      <trkpt lat="43.197424" lon="-2.555048"><ele>418.28868</ele></trkpt>
      <trkpt lat="43.197433" lon="-2.554978"><ele>418.415219</ele></trkpt>
      <trkpt lat="43.197444" lon="-2.55491"><ele>418.539219</ele></trkpt>
      <trkpt lat="43.197458" lon="-2.554848"><ele>418.654767</ele></trkpt>
      <trkpt lat="43.197473" lon="-2.554783"><ele>418.776141</ele></trkpt>
      <trkpt lat="43.197489" lon="-2.554722"><ele>418.89155</ele></trkpt>
      <trkpt lat="43.197507" lon="-2.554654"><ele>419.020338</ele></trkpt>
      <trkpt lat="43.197528" lon="-2.554587"><ele>419.150171</ele></trkpt>
      <trkpt lat="43.197549" lon="-2.554521"><ele>419.278369</ele></trkpt>
      <trkpt lat="43.197571" lon="-2.554457"><ele>419.404335</ele></trkpt>
      <trkpt lat="43.197595" lon="-2.554394"><ele>419.530879</ele></trkpt>
      <trkpt lat="43.197621" lon="-2.554329"><ele>419.662868</ele></trkpt>
      <trkpt lat="43.197651" lon="-2.554267"><ele>419.795342</ele></trkpt>
      <trkpt lat="43.19768" lon="-2.554209"><ele>419.920547</ele></trkpt>
      <trkpt lat="43.19771" lon="-2.55415"><ele>420.048606</ele></trkpt>
      <trkpt lat="43.197742" lon="-2.55409"><ele>420.180952</ele></trkpt>
      <trkpt lat="43.197773" lon="-2.554028"><ele>420.314792</ele></trkpt>
      <trkpt lat="43.197807" lon="-2.553971"><ele>420.445904</ele></trkpt>
      <trkpt lat="43.197844" lon="-2.553916"><ele>420.579135</ele></trkpt>
      <trkpt lat="43.19788" lon="-2.553861"><ele>420.710723</ele></trkpt>
      <trkpt lat="43.197913" lon="-2.553808"><ele>420.834805</ele></trkpt>
      <trkpt lat="43.197948" lon="-2.553761"><ele>420.954412</ele></trkpt>
      <trkpt lat="43.197984" lon="-2.553713"><ele>421.07701</ele></trkpt>
      <trkpt lat="43.198021" lon="-2.553665"><ele>421.201371</ele></trkpt>
      <trkpt lat="43.19806" lon="-2.553619"><ele>421.326975</ele></trkpt>
      <trkpt lat="43.1981" lon="-2.553577"><ele>421.449986</ele></trkpt>
      <trkpt lat="43.198143" lon="-2.553538"><ele>421.57587</ele></trkpt>
      <trkpt lat="43.198186" lon="-2.553496"><ele>421.704775</ele></trkpt>
      <trkpt lat="43.198229" lon="-2.553453"><ele>421.834722</ele></trkpt>
      <trkpt lat="43.198274" lon="-2.553417"><ele>421.961935</ele></trkpt>
      <trkpt lat="43.198319" lon="-2.553384"><ele>422.071305</ele></trkpt>
      <trkpt lat="43.198366" lon="-2.553352"><ele>422.173473</ele></trkpt>
      <trkpt lat="43.198412" lon="-2.553321"><ele>422.273266</ele></trkpt>
      <trkpt lat="43.19846" lon="-2.553293"><ele>422.374828</ele></trkpt>
      <trkpt lat="43.198509" lon="-2.553261"><ele>422.480497</ele></trkpt>
      <trkpt lat="43.198557" lon="-2.553234"><ele>422.581512</ele></trkpt>
      <trkpt lat="43.198606" lon="-2.55321"><ele>422.682821</ele></trkpt>
      <trkpt lat="43.198657" lon="-2.553185"><ele>422.788275</ele></trkpt>
      <trkpt lat="43.198709" lon="-2.55316"><ele>422.895564</ele></trkpt>
      <trkpt lat="43.198761" lon="-2.553135"><ele>423.002853</ele></trkpt>
      <trkpt lat="43.198812" lon="-2.553114"><ele>423.106534</ele></trkpt>
      <trkpt lat="43.198865" lon="-2.553101"><ele>423.211369</ele></trkpt>
      <trkpt lat="43.19892" lon="-2.553087"><ele>423.320289</ele></trkpt>
      <trkpt lat="43.198976" lon="-2.553074"><ele>423.430879</ele></trkpt>
      <trkpt lat="43.199028" lon="-2.553061"><ele>423.533797</ele></trkpt>
      <trkpt lat="43.199082" lon="-2.553049"><ele>423.640313</ele></trkpt>
      <trkpt lat="43.199136" lon="-2.553038"><ele>423.746611</ele></trkpt>
      <trkpt lat="43.199189" lon="-2.553028"><ele>423.850781</ele></trkpt>
      <trkpt lat="43.199244" lon="-2.55302"><ele>423.958473</ele></trkpt>
      <trkpt lat="43.199298" lon="-2.553012"><ele>424.06423</ele></trkpt>
      <trkpt lat="43.199356" lon="-2.553007"><ele>424.177386</ele></trkpt>
      <trkpt lat="43.199414" lon="-2.552999"><ele>424.290889</ele></trkpt>
      <trkpt lat="43.199474" lon="-2.552991"><ele>424.408267</ele></trkpt>
      <trkpt lat="43.199533" lon="-2.552983"><ele>424.523708</ele></trkpt>
      <trkpt lat="43.199592" lon="-2.552977"><ele>424.638904</ele></trkpt>
      <trkpt lat="43.199653" lon="-2.552969"><ele>424.758221</ele></trkpt>
      <trkpt lat="43.199712" lon="-2.552963"><ele>424.873417</ele></trkpt>
      <trkpt lat="43.199771" lon="-2.552956"><ele>424.988726</ele></trkpt>
      <trkpt lat="43.199831" lon="-2.552951"><ele>425.10577</ele></trkpt>
      <trkpt lat="43.199894" lon="-2.552943"><ele>425.228963</ele></trkpt>
      <trkpt lat="43.199956" lon="-2.552935"><ele>425.350218</ele></trkpt>
      <trkpt lat="43.200015" lon="-2.55293"><ele>425.465318</ele></trkpt>
      <trkpt lat="43.200073" lon="-2.552922"><ele>425.480017</ele></trkpt>
      <trkpt lat="43.200131" lon="-2.552913"><ele>425.421631</ele></trkpt>
      <trkpt lat="43.200191" lon="-2.552903"><ele>425.361174</ele></trkpt>
      <trkpt lat="43.200248" lon="-2.552896"><ele>425.30393</ele></trkpt>
      <trkpt lat="43.200306" lon="-2.552891"><ele>425.2458</ele></trkpt>
      <trkpt lat="43.200365" lon="-2.552887"><ele>425.186712</ele></trkpt>
      <trkpt lat="43.200426" lon="-2.552885"><ele>425.125678</ele></trkpt>
      <trkpt lat="43.200483" lon="-2.552888"><ele>425.068621</ele></trkpt>
      <trkpt lat="43.200543" lon="-2.55289"><ele>425.008587</ele></trkpt>
      <trkpt lat="43.200604" lon="-2.552893"><ele>424.947531</ele></trkpt>
      <trkpt lat="43.200663" lon="-2.552901"><ele>424.888227</ele></trkpt>
      <trkpt lat="43.200723" lon="-2.55291"><ele>424.827853</ele></trkpt>
      <trkpt lat="43.200782" lon="-2.552918"><ele>424.76855</ele></trkpt>
      <trkpt lat="43.200841" lon="-2.552932"><ele>424.708657</ele></trkpt>
      <trkpt lat="43.200902" lon="-2.552945"><ele>424.646909</ele></trkpt>
      <trkpt lat="43.200966" lon="-2.552961"><ele>424.581837</ele></trkpt>
      <trkpt lat="43.201029" lon="-2.552979"><ele>424.517468</ele></trkpt>
      <trkpt lat="43.201092" lon="-2.553002"><ele>424.452257</ele></trkpt>
      <trkpt lat="43.201157" lon="-2.553027"><ele>424.384733</ele></trkpt>
      <trkpt lat="43.201221" lon="-2.553053"><ele>424.317967</ele></trkpt>
      <trkpt lat="43.201286" lon="-2.553089"><ele>424.247851</ele></trkpt>
      <trkpt lat="43.201352" lon="-2.553127"><ele>424.176254</ele></trkpt>
      <trkpt lat="43.201418" lon="-2.55316"><ele>424.105988</ele></trkpt>
      <trkpt lat="43.201481" lon="-2.553198"><ele>424.037148</ele></trkpt>
      <trkpt lat="43.201546" lon="-2.553246"><ele>423.963309</ele></trkpt>
      <trkpt lat="43.201612" lon="-2.553298"><ele>423.887178</ele></trkpt>
      <trkpt lat="43.201679" lon="-2.553352"><ele>423.809449</ele></trkpt>
      <trkpt lat="43.201749" lon="-2.553408"><ele>423.728394</ele></trkpt>
      <trkpt lat="43.201818" lon="-2.553463"><ele>423.516862</ele></trkpt>
      <trkpt lat="43.201888" lon="-2.55352"><ele>423.27257</ele></trkpt>
      <trkpt lat="43.201961" lon="-2.553576"><ele>423.021569</ele></trkpt>
      <trkpt lat="43.202039" lon="-2.553629"><ele>422.760349</ele></trkpt>
      <trkpt lat="43.20212" lon="-2.553677"><ele>422.495556</ele></trkpt>
      <trkpt lat="43.202202" lon="-2.553721"><ele>422.231317</ele></trkpt>
      <trkpt lat="43.202287" lon="-2.553756"><ele>421.964986</ele></trkpt>
      <trkpt lat="43.202372" lon="-2.553784"><ele>421.702648</ele></trkpt>
      <trkpt lat="43.202462" lon="-2.553807"><ele>421.427908</ele></trkpt>
      <trkpt lat="43.202552" lon="-2.55382"><ele>421.156323</ele></trkpt>
      <trkpt lat="43.202646" lon="-2.553821"><ele>420.874217</ele></trkpt>
      <trkpt lat="43.202737" lon="-2.55381"><ele>420.600065</ele></trkpt>
      <trkpt lat="43.202828" lon="-2.553796"><ele>420.32526</ele></trkpt>
      <trkpt lat="43.202922" lon="-2.553773"><ele>420.038711</ele></trkpt>
      <trkpt lat="43.203011" lon="-2.55374"><ele>419.762036</ele></trkpt>
      <trkpt lat="43.203099" lon="-2.553696"><ele>419.480952</ele></trkpt>
      <trkpt lat="43.203185" lon="-2.55364"><ele>419.195265</ele></trkpt>
      <trkpt lat="43.203267" lon="-2.553579"><ele>418.91533</ele></trkpt>
      <trkpt lat="43.203343" lon="-2.553511"><ele>418.64303</ele></trkpt>
      <trkpt lat="43.203415" lon="-2.553436"><ele>418.371727</ele></trkpt>
      <trkpt lat="43.20348" lon="-2.553358"><ele>418.471885</ele></trkpt>
      <trkpt lat="43.203539" lon="-2.553274"><ele>418.666018</ele></trkpt>
      <trkpt lat="43.203591" lon="-2.553188"><ele>418.851972</ele></trkpt>
      <trkpt lat="43.203639" lon="-2.5531"><ele>419.034887</ele></trkpt>
      <trkpt lat="43.203678" lon="-2.553016"><ele>419.20063</ele></trkpt>
      <trkpt lat="43.203713" lon="-2.552935"><ele>419.357337</ele></trkpt>
      <trkpt lat="43.203744" lon="-2.552856"><ele>419.50665</ele></trkpt>
      <trkpt lat="43.203773" lon="-2.552778"><ele>419.652369</ele></trkpt>
      <trkpt lat="43.203797" lon="-2.552704"><ele>419.787161</ele></trkpt>
      <trkpt lat="43.203817" lon="-2.552634"><ele>419.912286</ele></trkpt>
      <trkpt lat="43.203835" lon="-2.552558"><ele>420.045275</ele></trkpt>
      <trkpt lat="43.203853" lon="-2.552483"><ele>420.176683</ele></trkpt>
      <trkpt lat="43.203868" lon="-2.552413"><ele>420.298107</ele></trkpt>
      <trkpt lat="43.203881" lon="-2.552347"><ele>420.411885</ele></trkpt>
      <trkpt lat="43.203896" lon="-2.552281"><ele>420.526938</ele></trkpt>
      <trkpt lat="43.203909" lon="-2.552215"><ele>420.640715</ele></trkpt>
      <trkpt lat="43.203924" lon="-2.552152"><ele>420.751012</ele></trkpt>
      <trkpt lat="43.203938" lon="-2.552087"><ele>420.863809</ele></trkpt>
      <trkpt lat="43.20395" lon="-2.552024"><ele>420.972175</ele></trkpt>
      <trkpt lat="43.203965" lon="-2.551959"><ele>421.08564</ele></trkpt>
      <trkpt lat="43.203979" lon="-2.551895"><ele>421.196843</ele></trkpt>
      <trkpt lat="43.203999" lon="-2.551838"><ele>421.30212</ele></trkpt>
      <trkpt lat="43.204016" lon="-2.551782"><ele>421.403075</ele></trkpt>
      <trkpt lat="43.204034" lon="-2.551735"><ele>421.491432</ele></trkpt>
      <trkpt lat="43.204051" lon="-2.551687"><ele>421.580244</ele></trkpt>
      <trkpt lat="43.204069" lon="-2.551638"><ele>421.67156</ele></trkpt>
      <trkpt lat="43.204091" lon="-2.551582"><ele>421.77743</ele></trkpt>
      <trkpt lat="43.204116" lon="-2.551532"><ele>421.878335</ele></trkpt>
      <trkpt lat="43.20414" lon="-2.551481"><ele>421.97936</ele></trkpt>
      <trkpt lat="43.204162" lon="-2.551435"><ele>422.070921</ele></trkpt>
      <trkpt lat="43.204187" lon="-2.551389"><ele>422.166411</ele></trkpt>
      <trkpt lat="43.204216" lon="-2.551339"><ele>422.272748</ele></trkpt>
      <trkpt lat="43.204247" lon="-2.551296"><ele>422.373398</ele></trkpt>
      <trkpt lat="43.204278" lon="-2.551257"><ele>422.438376</ele></trkpt>
      <trkpt lat="43.20431" lon="-2.551221"><ele>422.469473</ele></trkpt>
      <trkpt lat="43.204342" lon="-2.551186"><ele>422.500227</ele></trkpt>
      <trkpt lat="43.204376" lon="-2.551148"><ele>422.533181</ele></trkpt>
      <trkpt lat="43.204409" lon="-2.551114"><ele>422.564194</ele></trkpt>
      <trkpt lat="43.204446" lon="-2.551076"><ele>422.598925</ele></trkpt>
      <trkpt lat="43.204481" lon="-2.551041"><ele>422.631472</ele></trkpt>
      <trkpt lat="43.204516" lon="-2.55101"><ele>422.662777</ele></trkpt>
      <trkpt lat="43.204556" lon="-2.55098"><ele>422.697034</ele></trkpt>
      <trkpt lat="43.204598" lon="-2.55095"><ele>422.732617</ele></trkpt>
      <trkpt lat="43.204642" lon="-2.550923"><ele>422.768837</ele></trkpt>
      <trkpt lat="43.204683" lon="-2.550909"><ele>422.800587</ele></trkpt>
      <trkpt lat="43.204723" lon="-2.550891"><ele>422.832221</ele></trkpt>
      <trkpt lat="43.204762" lon="-2.550872"><ele>422.86332</ele></trkpt>
      <trkpt lat="43.204801" lon="-2.550855"><ele>422.894071</ele></trkpt>
      <trkpt lat="43.204844" lon="-2.550842"><ele>422.927158</ele></trkpt>
      <trkpt lat="43.204886" lon="-2.550831"><ele>422.959289</ele></trkpt>
      <trkpt lat="43.204931" lon="-2.55082"><ele>422.993637</ele></trkpt>
      <trkpt lat="43.204975" lon="-2.550812"><ele>423.02699</ele></trkpt>
      <trkpt lat="43.205022" lon="-2.550809"><ele>423.062347</ele></trkpt>
      <trkpt lat="43.205067" lon="-2.550806"><ele>423.096202</ele></trkpt>
      <trkpt lat="43.205112" lon="-2.550805"><ele>423.130022</ele></trkpt>
      <trkpt lat="43.205155" lon="-2.550805"><ele>423.162334</ele></trkpt>
      <trkpt lat="43.205204" lon="-2.550807"><ele>423.199172</ele></trkpt>
      <trkpt lat="43.205248" lon="-2.550812"><ele>423.232349</ele></trkpt>
      <trkpt lat="43.205293" lon="-2.550824"><ele>423.266797</ele></trkpt>
      <trkpt lat="43.205336" lon="-2.550842"><ele>423.30058</ele></trkpt>
      <trkpt lat="43.205379" lon="-2.550856"><ele>423.33379</ele></trkpt>
      <trkpt lat="43.20542" lon="-2.550875"><ele>423.36631</ele></trkpt>
      <trkpt lat="43.205462" lon="-2.550895"><ele>423.399718</ele></trkpt>
      <trkpt lat="43.205505" lon="-2.550919"><ele>423.434602</ele></trkpt>
      <trkpt lat="43.205549" lon="-2.550945"><ele>423.470603</ele></trkpt>
      <trkpt lat="43.205594" lon="-2.550973"><ele>423.507734</ele></trkpt>
      <trkpt lat="43.205637" lon="-2.551003"><ele>423.543984</ele></trkpt>
      <trkpt lat="43.205681" lon="-2.551036"><ele>423.581666</ele></trkpt>
      <trkpt lat="43.205727" lon="-2.55107"><ele>423.620931</ele></trkpt>
      <trkpt lat="43.205772" lon="-2.551103"><ele>423.659274</ele></trkpt>
      <trkpt lat="43.205819" lon="-2.551143"><ele>423.700836</ele></trkpt>
      <trkpt lat="43.205869" lon="-2.551185"><ele>423.744892</ele></trkpt>
      <trkpt lat="43.205913" lon="-2.551226"><ele>423.722878</ele></trkpt>
      <trkpt lat="43.205957" lon="-2.551269"><ele>423.514949</ele></trkpt>
      <trkpt lat="43.206002" lon="-2.551311"><ele>423.305465</ele></trkpt>
      <trkpt lat="43.206049" lon="-2.551349"><ele>423.095486</ele></trkpt>
      <trkpt lat="43.206094" lon="-2.551388"><ele>422.890618</ele></trkpt>
      <trkpt lat="43.206142" lon="-2.551429"><ele>422.672986</ele></trkpt>
      <trkpt lat="43.206188" lon="-2.551476"><ele>422.452227</ele></trkpt>
      <trkpt lat="43.206236" lon="-2.551527"><ele>422.21855</ele></trkpt>
      <trkpt lat="43.206286" lon="-2.551576"><ele>421.982046</ele></trkpt>
      <trkpt lat="43.206336" lon="-2.551624"><ele>421.747162</ele></trkpt>
      <trkpt lat="43.206383" lon="-2.551672"><ele>421.521641</ele></trkpt>
      <trkpt lat="43.206431" lon="-2.551721"><ele>421.291357</ele></trkpt>
      <trkpt lat="43.206477" lon="-2.551764"><ele>421.077113</ele></trkpt>
      <trkpt lat="43.206528" lon="-2.551827"><ele>420.812969</ele></trkpt>
      <trkpt lat="43.206575" lon="-2.551885"><ele>420.569654</ele></trkpt>
      <trkpt lat="43.206625" lon="-2.551935"><ele>420.331508</ele></trkpt>
      <trkpt lat="43.206673" lon="-2.551976"><ele>420.113877</ele></trkpt>
      <trkpt lat="43.206722" lon="-2.552023"><ele>419.883755</ele></trkpt>
      <trkpt lat="43.206769" lon="-2.552078"><ele>419.645985</ele></trkpt>
      <trkpt lat="43.206823" lon="-2.552131"><ele>419.390431</ele></trkpt>
      <trkpt lat="43.206872" lon="-2.552161"><ele>419.183904</ele></trkpt>
      <trkpt lat="43.206919" lon="-2.55219"><ele>418.985549</ele></trkpt>
      <trkpt lat="43.206949" lon="-2.552226"><ele>418.832143</ele></trkpt>
      <trkpt lat="43.206963" lon="-2.552275"><ele>418.684491</ele></trkpt>
      <trkpt lat="43.206967" lon="-2.552337"><ele>418.509873</ele></trkpt>
      <trkpt lat="43.206969" lon="-2.55239"><ele>418.360984</ele></trkpt>
      <trkpt lat="43.206989" lon="-2.552452"><ele>418.170773</ele></trkpt>
      <trkpt lat="43.207023" lon="-2.552506"><ele>417.970582</ele></trkpt>
      <trkpt lat="43.207068" lon="-2.552558"><ele>417.744127</ele></trkpt>
      <trkpt lat="43.207119" lon="-2.552605"><ele>417.507656</ele></trkpt>
      <trkpt lat="43.207174" lon="-2.552643"><ele>417.270634</ele></trkpt>
      <trkpt lat="43.207237" lon="-2.552677"><ele>417.010063</ele></trkpt>
      <trkpt lat="43.207299" lon="-2.552702"><ele>416.851806</ele></trkpt>
      <trkpt lat="43.207369" lon="-2.552731"><ele>416.851806</ele></trkpt>
      <trkpt lat="43.207435" lon="-2.552768"><ele>416.851806</ele></trkpt>
      <trkpt lat="43.207504" lon="-2.552815"><ele>416.851806</ele></trkpt>
      <trkpt lat="43.20757" lon="-2.55287"><ele>416.851806</ele></trkpt>
      <trkpt lat="43.207631" lon="-2.552928"><ele>416.851806</ele></trkpt>
      <trkpt lat="43.207693" lon="-2.552986"><ele>416.851806</ele></trkpt>
      <trkpt lat="43.207758" lon="-2.553045"><ele>416.851806</ele></trkpt>
      <trkpt lat="43.207829" lon="-2.553096"><ele>416.851806</ele></trkpt>
      <trkpt lat="43.207906" lon="-2.55314"><ele>416.851806</ele></trkpt>
      <trkpt lat="43.207988" lon="-2.553147"><ele>416.851806</ele></trkpt>
      <trkpt lat="43.208066" lon="-2.553103"><ele>416.851806</ele></trkpt>
      <trkpt lat="43.208123" lon="-2.553022"><ele>416.851806</ele></trkpt>
      <trkpt lat="43.208146" lon="-2.552914"><ele>416.851806</ele></trkpt>
      <trkpt lat="43.208158" lon="-2.552799"><ele>416.851806</ele></trkpt>
      <trkpt lat="43.208168" lon="-2.552678"><ele>416.851806</ele></trkpt>
      <trkpt lat="43.208173" lon="-2.552566"><ele>416.851806</ele></trkpt>
      <trkpt lat="43.208178" lon="-2.552456"><ele>416.851806</ele></trkpt>
      <trkpt lat="43.208179" lon="-2.552367"><ele>416.851806</ele></trkpt>
      <trkpt lat="43.208186" lon="-2.552301"><ele>416.851806</ele></trkpt>
      <trkpt lat="43.208174" lon="-2.552253"><ele>416.851806</ele></trkpt>
      <trkpt lat="43.208177" lon="-2.552247"><ele>416.851806</ele></trkpt>
      <trkpt lat="43.208185" lon="-2.552236"><ele>416.851806</ele></trkpt>
      <trkpt lat="43.208178" lon="-2.552228"><ele>416.851806</ele></trkpt>
      <trkpt lat="43.208292" lon="-2.552394"><ele>405.669</ele></trkpt>
      <trkpt lat="43.208357" lon="-2.552331"><ele>405.269</ele></trkpt>
      <trkpt lat="43.208418" lon="-2.552261"><ele>404.685</ele></trkpt>
      <trkpt lat="43.208477" lon="-2.552183"><ele>403.891</ele></trkpt>
      <trkpt lat="43.208532" lon="-2.552103"><ele>403.481</ele></trkpt>
      <trkpt lat="43.208583" lon="-2.552019"><ele>403.219</ele></trkpt>
      <trkpt lat="43.208627" lon="-2.551933"><ele>403.009</ele></trkpt>
      <trkpt lat="43.208666" lon="-2.551844"><ele>403.011</ele></trkpt>
      <trkpt lat="43.208701" lon="-2.55175"><ele>403.445</ele></trkpt>
      <trkpt lat="43.208731" lon="-2.551656"><ele>403.671</ele></trkpt>
      <trkpt lat="43.208758" lon="-2.551556"><ele>403.634</ele></trkpt>
      <trkpt lat="43.208782" lon="-2.551457"><ele>403.67</ele></trkpt>
      <trkpt lat="43.208804" lon="-2.551362"><ele>403.296</ele></trkpt>
      <trkpt lat="43.208824" lon="-2.551261"><ele>403.057</ele></trkpt>
      <trkpt lat="43.208843" lon="-2.551159"><ele>402.637</ele></trkpt>
      <trkpt lat="43.208861" lon="-2.551056"><ele>402.083</ele></trkpt>
      <trkpt lat="43.208882" lon="-2.550955"><ele>401.831</ele></trkpt>
      <trkpt lat="43.208905" lon="-2.550857"><ele>401.661</ele></trkpt>
      <trkpt lat="43.208931" lon="-2.550758"><ele>401.407</ele></trkpt>
      <trkpt lat="43.208955" lon="-2.550657"><ele>401.209</ele></trkpt>
      <trkpt lat="43.208984" lon="-2.550559"><ele>401.275</ele></trkpt>
      <trkpt lat="43.209017" lon="-2.550464"><ele>401.019</ele></trkpt>
      <trkpt lat="43.209055" lon="-2.550366"><ele>400.635</ele></trkpt>
      <trkpt lat="43.209098" lon="-2.55027"><ele>399.848</ele></trkpt>
      <trkpt lat="43.209144" lon="-2.550175"><ele>399.444</ele></trkpt>
      <trkpt lat="43.209193" lon="-2.550075"><ele>398.86</ele></trkpt>
      <trkpt lat="43.209243" lon="-2.549973"><ele>397.881</ele></trkpt>
      <trkpt lat="43.209291" lon="-2.549869"><ele>397.071</ele></trkpt>
      <trkpt lat="43.209335" lon="-2.54976"><ele>396.867</ele></trkpt>
      <trkpt lat="43.209375" lon="-2.54965"><ele>396.673</ele></trkpt>
      <trkpt lat="43.209412" lon="-2.549534"><ele>396.085</ele></trkpt>
      <trkpt lat="43.209442" lon="-2.549416"><ele>396.013</ele></trkpt>
      <trkpt lat="43.209467" lon="-2.549297"><ele>395.809</ele></trkpt>
      <trkpt lat="43.209484" lon="-2.549176"><ele>395.829</ele></trkpt>
      <trkpt lat="43.209495" lon="-2.54906"><ele>395.893</ele></trkpt>
      <trkpt lat="43.209496" lon="-2.548948"><ele>395.819</ele></trkpt>
      <trkpt lat="43.209488" lon="-2.548836"><ele>395.842</ele></trkpt>
      <trkpt lat="43.209476" lon="-2.548727"><ele>396.068</ele></trkpt>
      <trkpt lat="43.209462" lon="-2.548624"><ele>396.034</ele></trkpt>
      <trkpt lat="43.209446" lon="-2.548522"><ele>396.075</ele></trkpt>
      <trkpt lat="43.209432" lon="-2.548431"><ele>396.445</ele></trkpt>
      <trkpt lat="43.209415" lon="-2.548344"><ele>396.851</ele></trkpt>
      <trkpt lat="43.209397" lon="-2.548266"><ele>397.064</ele></trkpt>
      <trkpt lat="43.209382" lon="-2.548193"><ele>397.406</ele></trkpt>
      <trkpt lat="43.209367" lon="-2.54812"><ele>397.816</ele></trkpt>
      <trkpt lat="43.209353" lon="-2.548047"><ele>398.209</ele></trkpt>
      <trkpt lat="43.20934" lon="-2.547975"><ele>398.498</ele></trkpt>
      <trkpt lat="43.209327" lon="-2.547903"><ele>398.682</ele></trkpt>
      <trkpt lat="43.209317" lon="-2.547833"><ele>398.848</ele></trkpt>
      <trkpt lat="43.209309" lon="-2.547765"><ele>398.421</ele></trkpt>
      <trkpt lat="43.2093" lon="-2.547698"><ele>398.417</ele></trkpt>
      <trkpt lat="43.209291" lon="-2.54763"><ele>398.683</ele></trkpt>
      <trkpt lat="43.209279" lon="-2.547571"><ele>398.844</ele></trkpt>
      <trkpt lat="43.209272" lon="-2.547514"><ele>399.054</ele></trkpt>
      <trkpt lat="43.209265" lon="-2.547456"><ele>399.45</ele></trkpt>
      <trkpt lat="43.209263" lon="-2.5474"><ele>399.674</ele></trkpt>
      <trkpt lat="43.209238" lon="-2.547357"><ele>399.256</ele></trkpt>
      <trkpt lat="43.209209" lon="-2.547334"><ele>399.021</ele></trkpt>
      <trkpt lat="43.209202" lon="-2.547298"><ele>399.209</ele></trkpt>
      <trkpt lat="43.209215" lon="-2.547264"><ele>399.279</ele></trkpt>
      <trkpt lat="43.209231" lon="-2.547224"><ele>399.423</ele></trkpt>
      <trkpt lat="43.209243" lon="-2.547179"><ele>400.029</ele></trkpt>
      <trkpt lat="43.209252" lon="-2.547132"><ele>400.222</ele></trkpt>
      <trkpt lat="43.209258" lon="-2.54708"><ele>400.458</ele></trkpt>
      <trkpt lat="43.209253" lon="-2.54704"><ele>400.664</ele></trkpt>
      <trkpt lat="43.209239" lon="-2.546997"><ele>400.815</ele></trkpt>
      <trkpt lat="43.209227" lon="-2.546974"><ele>400.665</ele></trkpt>
      <trkpt lat="43.209221" lon="-2.546971"><ele>400.691</ele></trkpt>
      <trkpt lat="43.209222" lon="-2.546971"><ele>400.659</ele></trkpt>
    </trkseg>
  </trk>
</gpx>
