<?xml version="1.0" encoding="UTF-8"?>
<kml xmlns="http://www.opengis.net/kml/2.2">
<Document>
<name>Trabakua, Urko, Kalamua, Barinaga, Iturreta y Mendibil</name>
<Style id="track">
<LineStyle><color>ff2fe0f5</color><width>4</width></LineStyle>
</Style>
<Placemark>
<name>Trabakua, Urko, Kalamua, Barinaga, Iturreta y Mendibil</name>
<styleUrl>#track</styleUrl>
<LineString>
<tessellate>1</tessellate>
<altitudeMode>clampToGround</altitudeMode>
<coordinates>-2.551416,43.208572,405.036 -2.551401,43.208576,405.017 -2.551384,43.208583,405.018 -2.551363,43.208587,405.009 -2.551341,43.208591,405.084 -2.551327,43.208599,405.096 -2.551295,43.208607,405.095 -2.551263,43.208600,405.087 -2.551241,43.208602,405.264 -2.551221,43.208604,405.238 -2.551202,43.208608,405.272 -2.551187,43.208611,405.293 -2.551174,43.208616,405.232 -2.551159,43.208622,405.265 -2.551138,43.208627,405.268 -2.551106,43.208633,405.414 -2.551085,43.208640,405.409 -2.551054,43.208647,405.427 -2.551022,43.208655,405.459 -2.550989,43.208662,405.458 -2.550958,43.208672,405.440 -2.550928,43.208680,405.477 -2.550895,43.208691,405.651 -2.550862,43.208705,405.695 -2.550836,43.208717,405.686 -2.550814,43.208730,405.645 -2.550787,43.208743,405.846 -2.550765,43.208757,406.088 -2.550747,43.208775,406.216 -2.550724,43.208796,406.209 -2.550706,43.208812,406.435 -2.550684,43.208826,406.487 -2.550660,43.208840,406.496 -2.550638,43.208855,406.698 -2.550614,43.208871,406.855 -2.550595,43.208885,406.879 -2.550568,43.208903,407.043 -2.550546,43.208919,407.054 -2.550522,43.208935,407.083 -2.550497,43.208951,407.033 -2.550476,43.208966,407.023 -2.550455,43.208981,407.215 -2.550431,43.208998,407.209 -2.550406,43.209013,407.264 -2.550380,43.209028,407.476 -2.550364,43.209057,407.425 -2.550341,43.209075,407.617 -2.550320,43.209093,407.624 -2.550302,43.209107,407.898 -2.550276,43.209125,407.862 -2.550251,43.209137,407.853 -2.550224,43.209151,407.872 -2.550199,43.209165,407.828 -2.550182,43.209178,407.689 -2.550159,43.209191,407.617 -2.550132,43.209204,407.409 -2.550102,43.209215,407.453 -2.550071,43.209227,407.475 -2.550037,43.209238,407.464 -2.550010,43.209256,407.456 -2.549984,43.209273,407.273 -2.549961,43.209286,407.047 -2.549943,43.209297,407.081 -2.549938,43.209297,407.072 -2.549942,43.209313,407.051 -2.549945,43.209336,406.872 -2.549930,43.209357,407.013 -2.549914,43.209378,407.014 -2.549885,43.209399,407.009 -2.549854,43.209418,407.018 -2.549818,43.209438,407.070 -2.549787,43.209455,407.039 -2.549747,43.209473,407.211 -2.549718,43.209488,407.288 -2.549681,43.209504,407.252 -2.549654,43.209518,407.296 -2.549618,43.209532,407.237 -2.549585,43.209544,407.246 -2.549547,43.209553,407.256 -2.549516,43.209558,407.259 -2.549472,43.209565,407.014 -2.549436,43.209573,407.009 -2.549402,43.209579,407.046 -2.549356,43.209587,407.058 -2.549318,43.209593,406.817 -2.549279,43.209599,406.859 -2.549244,43.209605,406.866 -2.549202,43.209609,406.820 -2.549163,43.209613,406.814 -2.549122,43.209613,406.855 -2.549081,43.209614,406.894 -2.549044,43.209613,406.671 -2.549007,43.209615,406.641 -2.548968,43.209615,406.615 -2.548928,43.209614,406.609 -2.548893,43.209611,406.848 -2.548852,43.209607,406.880 -2.548821,43.209608,406.829 -2.548781,43.209605,406.891 -2.548741,43.209605,406.818 -2.548704,43.209601,406.832 -2.548665,43.209600,406.896 -2.548630,43.209594,406.877 -2.548597,43.209589,406.886 -2.548564,43.209585,406.856 -2.548530,43.209578,406.859 -2.548498,43.209574,406.814 -2.548463,43.209567,406.809 -2.548426,43.209560,407.016 -2.548396,43.209553,407.238 -2.548361,43.209545,407.457 -2.548328,43.209537,407.429 -2.548292,43.209528,407.446 -2.548256,43.209520,407.430 -2.548222,43.209511,407.474 -2.548188,43.209504,407.425 -2.548152,43.209497,407.474 -2.548118,43.209489,407.454 -2.548082,43.209482,407.456 -2.548046,43.209474,407.411 -2.548012,43.209468,407.409 -2.547977,43.209463,407.686 -2.547947,43.209460,407.618 -2.547911,43.209457,407.657 -2.547876,43.209455,407.629 -2.547837,43.209452,407.646 -2.547799,43.209450,407.870 -2.547761,43.209448,407.814 -2.547726,43.209445,407.845 -2.547687,43.209443,408.014 -2.547651,43.209439,408.093 -2.547617,43.209436,408.065 -2.547579,43.209433,408.021 -2.547547,43.209430,408.009 -2.547512,43.209427,408.090 -2.547478,43.209427,408.092 -2.547435,43.209428,408.011 -2.547401,43.209430,408.243 -2.547365,43.209432,408.230 -2.547330,43.209441,408.214 -2.547292,43.209445,408.248 -2.547259,43.209449,408.439 -2.547219,43.209451,408.448 -2.547182,43.209454,408.455 -2.547142,43.209458,408.607 -2.547111,43.209463,408.817 -2.547076,43.209468,408.809 -2.547042,43.209476,408.826 -2.547008,43.209482,408.878 -2.546975,43.209487,409.027 -2.546946,43.209504,409.059 -2.546911,43.209512,409.076 -2.546884,43.209520,409.020 -2.546852,43.209528,409.064 -2.546819,43.209543,409.245 -2.546783,43.209555,409.284 -2.546748,43.209565,409.279 -2.546719,43.209579,409.205 -2.546693,43.209593,409.225 -2.546656,43.209601,409.209 -2.546627,43.209614,409.248 -2.546602,43.209627,409.250 -2.546581,43.209640,409.289 -2.546566,43.209650,409.291 -2.546560,43.209659,409.258 -2.546557,43.209667,409.432 -2.546547,43.209683,409.436 -2.546540,43.209695,409.617 -2.546525,43.209714,409.626 -2.546511,43.209732,409.632 -2.546499,43.209751,410.092 -2.546491,43.209767,410.211 -2.546484,43.209784,410.609 -2.546479,43.209800,410.834 -2.546472,43.209817,411.256 -2.546467,43.209834,411.645 -2.546467,43.209850,412.067 -2.546476,43.209865,412.274 -2.546473,43.209882,412.688 -2.546486,43.209906,413.042 -2.546510,43.209922,413.253 -2.546533,43.209935,413.682 -2.546562,43.209943,413.899 -2.546589,43.209956,414.007 -2.546607,43.209977,414.027 -2.546621,43.209998,414.009 -2.546629,43.210023,414.260 -2.546642,43.210044,414.012 -2.546637,43.210066,414.071 -2.546638,43.210089,414.073 -2.546629,43.210118,413.870 -2.546622,43.210144,413.684 -2.546606,43.210177,413.648 -2.546589,43.210207,413.499 -2.546561,43.210241,413.438 -2.546536,43.210272,413.033 -2.546497,43.210309,412.823 -2.546460,43.210335,412.815 -2.546422,43.210360,412.609 -2.546386,43.210378,412.624 -2.546351,43.210391,412.616 -2.546309,43.210394,412.625 -2.546265,43.210400,412.657 -2.546224,43.210403,412.684 -2.546185,43.210407,412.678 -2.546142,43.210412,412.652 -2.546105,43.210417,412.693 -2.546067,43.210424,412.662 -2.546031,43.210431,412.665 -2.545989,43.210442,412.668 -2.545953,43.210454,412.614 -2.545914,43.210469,412.609 -2.545882,43.210483,412.627 -2.545851,43.210502,412.479 -2.545824,43.210520,412.498 -2.545793,43.210544,412.490 -2.545764,43.210569,412.257 -2.545728,43.210594,412.011 -2.545695,43.210620,411.835 -2.545661,43.210646,411.286 -2.545628,43.210675,411.075 -2.545596,43.210701,411.049 -2.545569,43.210727,410.802 -2.545539,43.210754,410.622 -2.545516,43.210781,410.409 -2.545489,43.210811,410.225 -2.545465,43.210843,410.047 -2.545437,43.210873,409.866 -2.545415,43.210903,409.658 -2.545386,43.210933,409.655 -2.545364,43.210964,409.289 -2.545335,43.210995,409.023 -2.545313,43.211024,409.054 -2.545282,43.211053,408.683 -2.545259,43.211080,408.416 -2.545234,43.211110,408.276 -2.545209,43.211137,407.613 -2.545180,43.211163,407.409 -2.545149,43.211188,407.412 -2.545117,43.211213,407.454 -2.545080,43.211240,407.443 -2.545074,43.211290,407.215 -2.545063,43.211325,407.212 -2.545055,43.211357,407.036 -2.545041,43.211390,407.030 -2.545023,43.211422,406.671 -2.545002,43.211451,406.660 -2.544981,43.211478,406.269 -2.544954,43.211504,405.804 -2.544929,43.211528,405.824 -2.544902,43.211553,405.609 -2.544878,43.211580,405.627 -2.544851,43.211609,405.449 -2.544829,43.211634,405.288 -2.544800,43.211660,405.240 -2.544777,43.211684,405.017 -2.544756,43.211713,404.891 -2.544731,43.211740,404.655 -2.544701,43.211767,404.496 -2.544668,43.211795,404.275 -2.544649,43.211829,404.049 -2.544623,43.211857,403.602 -2.544598,43.211882,403.422 -2.544574,43.211909,403.209 -2.544550,43.211935,402.845 -2.544525,43.211964,402.687 -2.544498,43.211992,402.676 -2.544465,43.212023,402.418 -2.544439,43.212052,402.215 -2.544420,43.212080,402.299 -2.544400,43.212107,402.293 -2.544377,43.212134,402.254 -2.544358,43.212157,402.263 -2.544335,43.212182,402.221 -2.544321,43.212209,402.241 -2.544299,43.212237,402.205 -2.544276,43.212262,402.009 -2.544249,43.212286,402.043 -2.544222,43.212311,402.035 -2.544193,43.212335,401.884 -2.544167,43.212360,401.896 -2.544139,43.212382,401.673 -2.544120,43.212410,401.687 -2.544093,43.212435,401.481 -2.544073,43.212461,401.482 -2.544049,43.212481,401.241 -2.544025,43.212507,401.228 -2.543999,43.212528,401.089 -2.543969,43.212552,401.017 -2.543944,43.212578,401.009 -2.543919,43.212601,401.093 -2.543895,43.212624,400.835 -2.543866,43.212649,401.044 -2.543838,43.212667,400.876 -2.543796,43.212684,400.813 -2.543758,43.212699,400.877 -2.543715,43.212716,400.841 -2.543683,43.212733,400.662 -2.543647,43.212754,400.641 -2.543619,43.212774,400.483 -2.543587,43.212796,400.225 -2.543563,43.212818,400.217 -2.543534,43.212842,399.809 -2.543511,43.212867,399.689 -2.543483,43.212892,399.491 -2.543459,43.212918,399.240 -2.543433,43.212946,399.052 -2.543411,43.212972,398.649 -2.543393,43.212997,398.283 -2.543367,43.213023,398.037 -2.543334,43.213039,397.858 -2.543300,43.213060,397.617 -2.543273,43.213077,397.434 -2.543248,43.213095,397.455 -2.543219,43.213116,397.210 -2.543191,43.213136,397.009 -2.543153,43.213157,396.444 -2.543124,43.213177,395.826 -2.543085,43.213198,395.265 -2.543052,43.213216,395.267 -2.543012,43.213232,394.864 -2.542977,43.213247,394.648 -2.542939,43.213262,394.232 -2.542900,43.213275,393.823 -2.542867,43.213285,393.642 -2.542828,43.213297,393.255 -2.542794,43.213308,393.007 -2.542751,43.213318,392.217 -2.542712,43.213328,392.209 -2.542674,43.213338,391.826 -2.542633,43.213342,391.418 -2.542594,43.213347,391.287 -2.542550,43.213353,390.829 -2.542511,43.213360,390.256 -2.542465,43.213366,389.630 -2.542428,43.213374,389.214 -2.542382,43.213380,388.625 -2.542339,43.213387,388.264 -2.542295,43.213393,388.014 -2.542254,43.213402,387.454 -2.542216,43.213410,387.209 -2.542180,43.213420,386.809 -2.542150,43.213430,386.472 -2.542114,43.213442,386.024 -2.542082,43.213455,385.423 -2.542046,43.213467,385.075 -2.542008,43.213482,384.682 -2.541975,43.213496,384.476 -2.541938,43.213517,384.060 -2.541906,43.213533,383.491 -2.541871,43.213552,383.060 -2.541841,43.213570,382.869 -2.541813,43.213584,382.604 -2.541779,43.213602,382.424 -2.541750,43.213617,382.009 -2.541714,43.213635,381.837 -2.541680,43.213655,381.459 -2.541648,43.213675,381.088 -2.541622,43.213695,380.480 -2.541592,43.213717,379.817 -2.541562,43.213737,379.691 -2.541526,43.213762,379.645 -2.541492,43.213785,379.456 -2.541458,43.213809,379.265 -2.541426,43.213829,379.068 -2.541395,43.213849,378.842 -2.541360,43.213872,378.626 -2.541332,43.213893,378.209 -2.541298,43.213918,378.067 -2.541270,43.213941,377.879 -2.541241,43.213965,377.878 -2.541214,43.213990,377.630 -2.541184,43.214014,377.457 -2.541154,43.214037,377.091 -2.541125,43.214063,377.055 -2.541097,43.214088,376.886 -2.541066,43.214112,376.465 -2.541034,43.214136,376.431 -2.541003,43.214160,376.261 -2.540976,43.214183,376.007 -2.540946,43.214202,376.009 -2.540914,43.214220,375.854 -2.540882,43.214236,375.686 -2.540849,43.214253,375.475 -2.540815,43.214270,375.287 -2.540779,43.214288,375.274 -2.540745,43.214305,375.268 -2.540711,43.214317,375.042 -2.540674,43.214333,375.073 -2.540633,43.214348,374.892 -2.540603,43.214361,374.683 -2.540566,43.214372,374.625 -2.540532,43.214383,374.417 -2.540497,43.214391,374.409 -2.540460,43.214399,374.479 -2.540423,43.214405,374.421 -2.540384,43.214408,374.430 -2.540346,43.214413,374.212 -2.540306,43.214418,374.229 -2.540270,43.214423,374.013 -2.540227,43.214428,374.027 -2.540190,43.214431,373.888 -2.540154,43.214428,373.817 -2.540110,43.214424,373.875 -2.540067,43.214418,373.828 -2.540026,43.214410,373.820 -2.539986,43.214400,374.009 -2.539943,43.214390,374.088 -2.539904,43.214378,374.050 -2.539867,43.214364,374.089 -2.539832,43.214351,374.011 -2.539797,43.214339,374.028 -2.539765,43.214327,374.222 -2.539731,43.214310,374.256 -2.539699,43.214297,374.277 -2.539666,43.214280,374.246 -2.539637,43.214267,374.289 -2.539605,43.214250,374.206 -2.539577,43.214234,374.226 -2.539546,43.214216,374.409 -2.539518,43.214198,374.459 -2.539488,43.214179,374.471 -2.539459,43.214160,374.640 -2.539434,43.214140,374.632 -2.539407,43.214118,374.679 -2.539380,43.214097,374.693 -2.539358,43.214078,374.857 -2.539336,43.214060,375.038 -2.539317,43.214034,375.027 -2.539293,43.214017,375.278 -2.539269,43.213998,375.433 -2.539244,43.213977,375.626 -2.539220,43.213959,375.609 -2.539199,43.213942,375.638 -2.539177,43.213924,375.850 -2.539152,43.213904,375.849 -2.539126,43.213886,375.881 -2.539101,43.213867,375.818 -2.539076,43.213846,376.012 -2.539050,43.213823,376.046 -2.539026,43.213807,376.027 -2.538999,43.213789,376.286 -2.538968,43.213782,376.238 -2.538937,43.213769,376.470 -2.538907,43.213757,376.417 -2.538874,43.213740,376.409 -2.538840,43.213729,376.464 -2.538805,43.213718,376.456 -2.538776,43.213711,376.425 -2.538746,43.213702,376.657 -2.538711,43.213690,376.654 -2.538679,43.213678,376.818 -2.538648,43.213669,376.822 -2.538618,43.213662,376.843 -2.538583,43.213655,376.842 -2.538553,43.213651,376.821 -2.538519,43.213648,376.841 -2.538489,43.213648,376.605 -2.538453,43.213649,376.609 -2.538418,43.213650,376.483 -2.538387,43.213652,376.235 -2.538356,43.213653,376.264 -2.538324,43.213654,376.286 -2.538288,43.213654,376.283 -2.538255,43.213655,376.077 -2.538221,43.213656,376.261 -2.538193,43.213660,376.232 -2.538165,43.213668,376.291 -2.538137,43.213665,376.267 -2.538103,43.213661,376.281 -2.538076,43.213668,376.619 -2.538042,43.213670,376.609 -2.538012,43.213671,377.087 -2.537983,43.213674,377.299 -2.537960,43.213677,377.488 -2.537937,43.213681,377.660 -2.537915,43.213683,378.027 -2.537899,43.213683,378.491 -2.537877,43.213680,378.845 -2.537860,43.213675,379.236 -2.537843,43.213672,379.655 -2.537820,43.213676,380.238 -2.537801,43.213683,380.670 -2.537778,43.213695,380.617 -2.537759,43.213708,380.809 -2.537737,43.213720,381.094 -2.537727,43.213736,381.296 -2.537718,43.213761,381.865 -2.537704,43.213778,382.057 -2.537690,43.213796,382.264 -2.537677,43.213817,382.458 -2.537666,43.213836,382.452 -2.537660,43.213853,382.873 -2.537651,43.213868,383.082 -2.537642,43.213884,383.048 -2.537633,43.213901,383.061 -2.537626,43.213916,383.217 -2.537618,43.213931,383.209 -2.537605,43.213947,383.245 -2.537591,43.213962,383.437 -2.537575,43.213978,383.896 -2.537564,43.213994,384.088 -2.537550,43.214010,384.235 -2.537532,43.214030,384.469 -2.537519,43.214047,384.413 -2.537505,43.214065,384.434 -2.537492,43.214080,385.053 -2.537479,43.214097,385.294 -2.537468,43.214111,385.257 -2.537452,43.214123,385.422 -2.537439,43.214138,385.409 -2.537428,43.214154,385.660 -2.537413,43.214169,385.842 -2.537400,43.214184,385.851 -2.537379,43.214200,386.073 -2.537366,43.214214,386.270 -2.537345,43.214228,386.294 -2.537330,43.214241,386.438 -2.537307,43.214255,386.699 -2.537294,43.214273,386.868 -2.537275,43.214288,386.814 -2.537258,43.214303,386.854 -2.537243,43.214320,386.809 -2.537226,43.214338,387.009 -2.537216,43.214352,387.232 -2.537192,43.214361,387.414 -2.537179,43.214375,387.463 -2.537162,43.214392,387.685 -2.537148,43.214407,388.032 -2.537127,43.214418,388.056 -2.537108,43.214433,388.230 -2.537089,43.214448,388.441 -2.537069,43.214461,388.650 -2.537046,43.214477,388.821 -2.537020,43.214492,389.041 -2.537000,43.214504,389.005 -2.536977,43.214519,389.209 -2.536958,43.214533,389.673 -2.536936,43.214547,389.625 -2.536923,43.214561,389.844 -2.536905,43.214576,389.856 -2.536887,43.214592,390.043 -2.536870,43.214606,390.077 -2.536849,43.214618,390.271 -2.536836,43.214630,390.272 -2.536818,43.214643,390.481 -2.536801,43.214655,390.629 -2.536782,43.214668,390.800 -2.536768,43.214681,391.020 -2.536749,43.214696,391.209 -2.536728,43.214711,391.453 -2.536712,43.214727,391.625 -2.536691,43.214743,391.814 -2.536677,43.214755,391.816 -2.536655,43.214772,392.063 -2.536639,43.214785,392.287 -2.536619,43.214798,392.461 -2.536602,43.214812,392.672 -2.536583,43.214827,392.651 -2.536563,43.214837,392.814 -2.536539,43.214848,393.054 -2.536516,43.214860,393.209 -2.536490,43.214873,393.409 -2.536469,43.214885,393.822 -2.536445,43.214899,394.044 -2.536424,43.214913,394.263 -2.536405,43.214927,394.265 -2.536388,43.214939,394.252 -2.536371,43.214951,394.276 -2.536350,43.214965,394.450 -2.536330,43.214979,394.471 -2.536311,43.214994,394.650 -2.536291,43.215006,394.894 -2.536276,43.215018,395.257 -2.536254,43.215032,395.422 -2.536237,43.215045,395.409 -2.536221,43.215057,395.660 -2.536203,43.215071,395.662 -2.536189,43.215087,395.831 -2.536169,43.215102,396.053 -2.536150,43.215114,396.030 -2.536128,43.215124,396.064 -2.536114,43.215141,396.238 -2.536097,43.215157,396.619 -2.536080,43.215171,396.868 -2.536070,43.215183,396.843 -2.536053,43.215200,397.064 -2.536045,43.215215,397.210 -2.536035,43.215231,397.409 -2.536030,43.215244,397.665 -2.536023,43.215262,397.867 -2.536019,43.215278,398.056 -2.536020,43.215286,398.248 -2.536010,43.215305,398.435 -2.536007,43.215324,398.639 -2.536004,43.215337,398.863 -2.536002,43.215350,399.034 -2.535997,43.215370,399.093 -2.535993,43.215385,399.221 -2.535990,43.215401,399.241 -2.535984,43.215417,399.405 -2.535979,43.215432,399.609 -2.535972,43.215449,399.853 -2.535965,43.215467,400.055 -2.535956,43.215485,400.274 -2.535944,43.215507,400.646 -2.535933,43.215525,400.853 -2.535918,43.215544,401.037 -2.535913,43.215562,401.221 -2.535890,43.215567,401.622 -2.535875,43.215574,401.611 -2.535862,43.215585,402.046 -2.535842,43.215599,402.288 -2.535829,43.215618,402.416 -2.535807,43.215635,402.609 -2.535789,43.215644,403.025 -2.535773,43.215652,403.277 -2.535757,43.215658,403.656 -2.535741,43.215662,403.818 -2.535718,43.215666,404.025 -2.535694,43.215670,404.239 -2.535675,43.215675,404.633 -2.535660,43.215678,404.814 -2.535636,43.215682,405.093 -2.535611,43.215686,405.237 -2.535592,43.215689,405.649 -2.535571,43.215689,405.613 -2.535554,43.215690,405.809 -2.535537,43.215691,406.034 -2.535515,43.215691,406.076 -2.535495,43.215694,406.435 -2.535473,43.215695,406.427 -2.535452,43.215696,406.694 -2.535438,43.215699,406.888 -2.535419,43.215700,407.022 -2.535402,43.215702,407.293 -2.535382,43.215702,407.482 -2.535358,43.215701,407.468 -2.535330,43.215697,407.642 -2.535309,43.215696,407.826 -2.535293,43.215695,408.009 -2.535272,43.215694,408.237 -2.535253,43.215694,408.459 -2.535228,43.215693,408.638 -2.535206,43.215690,408.630 -2.535191,43.215688,409.017 -2.535164,43.215691,409.011 -2.535142,43.215694,409.235 -2.535121,43.215692,409.436 -2.535103,43.215690,409.495 -2.535079,43.215689,409.894 -2.535053,43.215688,409.857 -2.535034,43.215700,410.022 -2.535014,43.215704,410.209 -2.534994,43.215709,410.250 -2.534978,43.215713,410.482 -2.534956,43.215713,410.631 -2.534937,43.215719,410.863 -2.534917,43.215725,411.040 -2.534898,43.215730,411.084 -2.534877,43.215735,411.248 -2.534856,43.215739,411.499 -2.534836,43.215747,411.618 -2.534817,43.215753,411.862 -2.534793,43.215753,411.883 -2.534776,43.215756,412.011 -2.534757,43.215761,412.409 -2.534740,43.215768,412.667 -2.534721,43.215769,412.889 -2.534702,43.215771,413.078 -2.534682,43.215776,413.260 -2.534662,43.215779,413.457 -2.534641,43.215781,413.861 -2.534626,43.215785,414.085 -2.534610,43.215789,414.436 -2.534593,43.215792,414.665 -2.534576,43.215796,414.837 -2.534563,43.215799,415.049 -2.534550,43.215802,415.213 -2.534535,43.215806,415.609 -2.534521,43.215809,415.894 -2.534507,43.215813,416.026 -2.534491,43.215815,416.415 -2.534477,43.215814,416.497 -2.534461,43.215813,416.674 -2.534440,43.215811,417.018 -2.534422,43.215811,417.292 -2.534403,43.215811,417.683 -2.534389,43.215806,417.862 -2.534372,43.215815,418.232 -2.534358,43.215821,418.692 -2.534345,43.215825,419.011 -2.534331,43.215828,419.409 -2.534316,43.215831,419.634 -2.534302,43.215833,419.856 -2.534287,43.215835,420.095 -2.534266,43.215840,420.217 -2.534250,43.215844,420.414 -2.534232,43.215844,420.848 -2.534216,43.215846,421.212 -2.534207,43.215847,421.433 -2.534199,43.215848,421.812 -2.534185,43.215851,422.033 -2.534171,43.215854,422.423 -2.534155,43.215858,422.615 -2.534140,43.215861,422.809 -2.534129,43.215865,423.034 -2.534116,43.215871,423.436 -2.534106,43.215876,423.875 -2.534093,43.215880,424.027 -2.534076,43.215885,424.444 -2.534050,43.215888,424.658 -2.534036,43.215889,425.022 -2.534020,43.215890,425.233 -2.534001,43.215893,425.652 -2.533984,43.215896,425.882 -2.533973,43.215900,426.243 -2.533957,43.215902,426.417 -2.533945,43.215906,426.809 -2.533930,43.215908,427.279 -2.533915,43.215912,427.451 -2.533900,43.215915,427.850 -2.533874,43.215919,428.062 -2.533855,43.215920,428.239 -2.533842,43.215921,428.663 -2.533822,43.215924,429.027 -2.533811,43.215927,429.288 -2.533791,43.215929,429.677 -2.533779,43.215931,429.825 -2.533764,43.215935,430.226 -2.533742,43.215939,430.608 -2.533718,43.215944,430.809 -2.533707,43.215945,431.033 -2.533696,43.215946,431.475 -2.533675,43.215950,431.864 -2.533659,43.215951,432.276 -2.533644,43.215952,432.423 -2.533628,43.215955,432.667 -2.533615,43.215960,432.811 -2.533605,43.215964,433.032 -2.533592,43.215967,433.491 -2.533576,43.215970,433.632 -2.533555,43.215976,433.892 -2.533545,43.215977,434.211 -2.533527,43.215981,434.609 -2.533514,43.215984,435.064 -2.533505,43.215990,435.246 -2.533493,43.215991,435.415 -2.533485,43.215993,435.897 -2.533468,43.216001,436.014 -2.533457,43.216005,436.268 -2.533442,43.216009,436.672 -2.533428,43.216012,437.043 -2.533411,43.216016,437.232 -2.533397,43.216021,437.671 -2.533385,43.216027,438.041 -2.533374,43.216033,438.215 -2.533360,43.216040,438.409 -2.533354,43.216049,438.838 -2.533342,43.216055,439.070 -2.533329,43.216063,439.469 -2.533318,43.216070,439.671 -2.533299,43.216076,440.028 -2.533286,43.216082,440.222 -2.533277,43.216090,440.636 -2.533263,43.216096,440.837 -2.533252,43.216108,441.296 -2.533244,43.216112,441.628 -2.533231,43.216120,441.889 -2.533217,43.216128,442.217 -2.533205,43.216135,442.409 -2.533189,43.216138,442.623 -2.533173,43.216143,443.085 -2.533159,43.216141,443.244 -2.533143,43.216140,443.686 -2.533135,43.216139,443.893 -2.533122,43.216137,444.037 -2.533128,43.216148,444.471 -2.533130,43.216159,444.842 -2.533118,43.216161,445.091 -2.533113,43.216162,445.069 -2.533103,43.216165,445.204 -2.533091,43.216166,445.224 -2.533074,43.216167,445.409 -2.533054,43.216168,445.467 -2.533024,43.216171,445.669 -2.533010,43.216178,445.878 -2.532996,43.216182,446.040 -2.532984,43.216188,446.227 -2.532969,43.216193,446.811 -2.532954,43.216195,447.075 -2.532939,43.216201,447.476 -2.532923,43.216206,447.625 -2.532904,43.216211,448.072 -2.532880,43.216213,448.213 -2.532867,43.216211,448.414 -2.532854,43.216215,448.609 -2.532834,43.216221,449.078 -2.532812,43.216229,449.070 -2.532790,43.216239,449.269 -2.532765,43.216249,449.471 -2.532748,43.216259,449.628 -2.532730,43.216265,449.882 -2.532710,43.216272,450.226 -2.532694,43.216281,450.267 -2.532672,43.216276,450.436 -2.532652,43.216279,450.632 -2.532636,43.216284,451.092 -2.532618,43.216289,451.211 -2.532596,43.216296,451.409 -2.532579,43.216297,451.814 -2.532558,43.216300,452.076 -2.532536,43.216303,452.275 -2.532515,43.216307,452.627 -2.532497,43.216309,452.874 -2.532485,43.216315,453.028 -2.532470,43.216315,453.282 -2.532450,43.216318,453.613 -2.532429,43.216322,453.812 -2.532412,43.216327,454.078 -2.532392,43.216332,454.633 -2.532382,43.216332,454.826 -2.532372,43.216333,455.209 -2.532355,43.216334,455.418 -2.532335,43.216339,455.620 -2.532316,43.216343,456.039 -2.532299,43.216356,456.471 -2.532285,43.216362,456.668 -2.532265,43.216366,456.812 -2.532251,43.216371,457.066 -2.532232,43.216379,457.217 -2.532216,43.216387,457.466 -2.532202,43.216394,457.871 -2.532189,43.216400,458.241 -2.532179,43.216405,458.615 -2.532166,43.216411,458.809 -2.532146,43.216416,459.048 -2.532134,43.216419,459.260 -2.532120,43.216422,459.699 -2.532099,43.216426,459.861 -2.532086,43.216430,460.098 -2.532068,43.216435,460.462 -2.532050,43.216438,460.676 -2.532035,43.216437,461.027 -2.532017,43.216439,461.286 -2.532005,43.216441,461.493 -2.531995,43.216446,461.865 -2.531973,43.216448,462.021 -2.531960,43.216449,462.409 -2.531944,43.216450,462.620 -2.531919,43.216456,463.052 -2.531906,43.216454,463.411 -2.531891,43.216455,463.673 -2.531872,43.216457,463.860 -2.531856,43.216459,464.074 -2.531847,43.216460,464.288 -2.531830,43.216460,464.289 -2.531818,43.216460,464.678 -2.531799,43.216461,465.062 -2.531777,43.216461,465.283 -2.531765,43.216463,465.611 -2.531746,43.216465,465.809 -2.531732,43.216468,466.297 -2.531710,43.216470,466.259 -2.531690,43.216469,466.668 -2.531673,43.216469,466.880 -2.531656,43.216473,467.017 -2.531633,43.216475,467.211 -2.531614,43.216475,467.415 -2.531598,43.216477,467.686 -2.531579,43.216479,467.645 -2.531562,43.216480,467.887 -2.531539,43.216481,468.042 -2.531517,43.216482,468.226 -2.531496,43.216485,468.409 -2.531470,43.216485,468.699 -2.531453,43.216486,468.871 -2.531422,43.216486,468.860 -2.531397,43.216486,469.012 -2.531372,43.216488,469.419 -2.531350,43.216488,469.633 -2.531338,43.216488,469.817 -2.531315,43.216485,470.288 -2.531303,43.216478,470.467 -2.531283,43.216476,470.636 -2.531260,43.216473,470.817 -2.531239,43.216471,471.018 -2.531206,43.216467,471.209 -2.531186,43.216467,471.264 -2.531161,43.216467,471.296 -2.531134,43.216465,471.235 -2.531110,43.216467,471.487 -2.531085,43.216465,471.484 -2.531058,43.216464,471.658 -2.531027,43.216465,471.652 -2.531001,43.216469,471.833 -2.530986,43.216471,472.282 -2.530960,43.216473,472.484 -2.530940,43.216475,472.607 -2.530923,43.216477,472.817 -2.530906,43.216477,473.009 -2.530894,43.216479,473.479 -2.530876,43.216479,473.651 -2.530857,43.216479,473.830 -2.530846,43.216482,474.092 -2.530821,43.216483,474.269 -2.530805,43.216482,474.423 -2.530782,43.216483,474.877 -2.530760,43.216484,475.058 -2.530745,43.216484,475.227 -2.530721,43.216484,475.438 -2.530703,43.216485,475.870 -2.530690,43.216485,476.017 -2.530668,43.216485,476.409 -2.530651,43.216488,476.624 -2.530638,43.216489,476.856 -2.530623,43.216485,477.265 -2.530606,43.216483,477.447 -2.530588,43.216481,477.874 -2.530566,43.216479,478.248 -2.530550,43.216477,478.222 -2.530534,43.216478,478.633 -2.530502,43.216477,479.042 -2.530479,43.216476,479.272 -2.530457,43.216479,479.413 -2.530434,43.216483,479.414 -2.530416,43.216488,479.609 -2.530391,43.216493,479.848 -2.530375,43.216495,480.230 -2.530358,43.216499,480.489 -2.530339,43.216502,480.431 -2.530320,43.216507,480.858 -2.530300,43.216509,481.232 -2.530281,43.216507,481.436 -2.530248,43.216505,481.617 -2.530218,43.216502,481.616 -2.530182,43.216498,481.895 -2.530158,43.216496,481.849 -2.530134,43.216493,482.023 -2.530109,43.216486,482.009 -2.530091,43.216480,482.220 -2.530065,43.216472,482.482 -2.530039,43.216463,482.671 -2.530012,43.216458,482.863 -2.529987,43.216452,483.080 -2.529967,43.216449,483.274 -2.529947,43.216443,483.438 -2.529926,43.216439,483.689 -2.529899,43.216435,483.838 -2.529872,43.216437,484.027 -2.529845,43.216436,484.068 -2.529816,43.216434,484.214 -2.529796,43.216433,484.209 -2.529766,43.216428,484.823 -2.529741,43.216427,485.075 -2.529719,43.216424,485.014 -2.529697,43.216419,485.086 -2.529683,43.216417,485.493 -2.529651,43.216408,485.697 -2.529629,43.216403,485.881 -2.529600,43.216392,486.072 -2.529576,43.216387,486.241 -2.529545,43.216377,486.215 -2.529520,43.216368,486.465 -2.529496,43.216360,486.411 -2.529470,43.216351,486.609 -2.529446,43.216343,486.662 -2.529420,43.216332,486.864 -2.529398,43.216323,486.873 -2.529374,43.216314,487.055 -2.529358,43.216308,487.272 -2.529336,43.216294,487.496 -2.529318,43.216282,487.420 -2.529298,43.216273,487.651 -2.529277,43.216261,487.880 -2.529255,43.216251,488.085 -2.529236,43.216243,488.089 -2.529214,43.216235,488.217 -2.529194,43.216226,488.409 -2.529171,43.216217,488.619 -2.529151,43.216212,488.621 -2.529121,43.216206,488.830 -2.529100,43.216202,489.062 -2.529076,43.216200,489.029 -2.529054,43.216197,489.273 -2.529035,43.216197,489.467 -2.529016,43.216194,489.668 -2.528998,43.216190,489.677 -2.528978,43.216189,490.053 -2.528950,43.216188,490.204 -2.528931,43.216190,490.414 -2.528905,43.216190,491.009 -2.528888,43.216191,491.256 -2.528864,43.216192,491.468 -2.528842,43.216190,491.697 -2.528817,43.216188,491.819 -2.528796,43.216185,492.216 -2.528778,43.216185,492.440 -2.528760,43.216185,492.694 -2.528740,43.216184,492.835 -2.528720,43.216181,493.094 -2.528697,43.216178,493.449 -2.528679,43.216175,493.602 -2.528657,43.216169,493.822 -2.528639,43.216165,494.009 -2.528623,43.216162,494.295 -2.528595,43.216152,494.467 -2.528577,43.216146,494.656 -2.528560,43.216138,494.868 -2.528541,43.216130,495.045 -2.528527,43.216128,495.099 -2.528506,43.216121,495.473 -2.528490,43.216117,495.654 -2.528469,43.216115,495.863 -2.528448,43.216111,496.091 -2.528427,43.216107,496.281 -2.528412,43.216102,496.619 -2.528395,43.216097,496.809 -2.528378,43.216093,497.030 -2.528358,43.216087,497.442 -2.528342,43.216082,497.661 -2.528320,43.216076,497.863 -2.528303,43.216073,498.090 -2.528285,43.216070,498.484 -2.528266,43.216067,498.868 -2.528256,43.216064,499.089 -2.528237,43.216064,499.248 -2.528221,43.216063,499.433 -2.528200,43.216061,499.623 -2.528191,43.216061,499.815 -2.528166,43.216060,500.009 -2.528147,43.216060,500.214 -2.528127,43.216057,500.446 -2.528106,43.216055,500.655 -2.528095,43.216058,500.817 -2.528068,43.216049,501.024 -2.528055,43.216046,501.218 -2.528032,43.216037,501.412 -2.528019,43.216034,501.473 -2.527997,43.216030,501.812 -2.527973,43.216027,501.864 -2.527955,43.216026,502.006 -2.527936,43.216026,502.416 -2.527919,43.216026,502.809 -2.527901,43.216030,503.257 -2.527880,43.216034,503.459 -2.527869,43.216044,503.628 -2.527850,43.216052,503.860 -2.527834,43.216063,504.077 -2.527831,43.216073,504.241 -2.527808,43.216085,504.695 -2.527802,43.216093,504.896 -2.527790,43.216106,505.045 -2.527782,43.216117,505.217 -2.527776,43.216130,505.487 -2.527770,43.216145,505.615 -2.527773,43.216155,505.609 -2.527768,43.216174,505.822 -2.527768,43.216189,506.214 -2.527766,43.216207,506.493 -2.527765,43.216225,506.645 -2.527763,43.216242,506.642 -2.527760,43.216257,506.816 -2.527761,43.216272,507.070 -2.527757,43.216291,507.271 -2.527745,43.216305,507.620 -2.527740,43.216321,507.842 -2.527734,43.216338,507.822 -2.527736,43.216352,508.014 -2.527730,43.216373,508.209 -2.527728,43.216392,508.495 -2.527718,43.216414,508.617 -2.527699,43.216423,508.646 -2.527682,43.216443,508.848 -2.527670,43.216454,509.015 -2.527650,43.216470,509.299 -2.527628,43.216484,509.453 -2.527602,43.216499,509.634 -2.527574,43.216514,509.813 -2.527539,43.216535,510.039 -2.527503,43.216549,510.001 -2.527469,43.216559,510.221 -2.527436,43.216564,510.409 -2.527400,43.216566,510.874 -2.527366,43.216567,510.896 -2.527328,43.216568,511.095 -2.527291,43.216569,511.017 -2.527255,43.216572,511.044 -2.527221,43.216579,511.248 -2.527189,43.216585,511.242 -2.527155,43.216586,511.033 -2.527122,43.216586,511.052 -2.527081,43.216584,511.063 -2.527043,43.216585,511.044 -2.527003,43.216587,510.818 -2.526965,43.216593,510.809 -2.526931,43.216603,510.657 -2.526908,43.216615,510.679 -2.526874,43.216628,510.418 -2.526847,43.216642,510.210 -2.526823,43.216660,510.297 -2.526798,43.216679,510.071 -2.526776,43.216700,509.825 -2.526755,43.216720,509.686 -2.526726,43.216746,508.885 -2.526696,43.216767,508.466 -2.526664,43.216792,508.029 -2.526633,43.216811,507.621 -2.526600,43.216829,507.209 -2.526562,43.216842,507.097 -2.526525,43.216851,506.849 -2.526484,43.216853,506.498 -2.526447,43.216853,506.270 -2.526407,43.216849,506.087 -2.526368,43.216842,506.081 -2.526325,43.216833,505.855 -2.526283,43.216824,505.636 -2.526243,43.216815,505.235 -2.526206,43.216805,505.011 -2.526166,43.216795,504.821 -2.526123,43.216784,504.603 -2.526086,43.216779,504.409 -2.526046,43.216773,504.242 -2.526007,43.216768,504.094 -2.525969,43.216761,503.843 -2.525937,43.216755,503.645 -2.525897,43.216745,503.262 -2.525861,43.216738,502.816 -2.525821,43.216731,502.650 -2.525780,43.216722,502.221 -2.525742,43.216710,501.810 -2.525707,43.216698,501.496 -2.525672,43.216684,501.231 -2.525642,43.216668,501.024 -2.525605,43.216650,500.609 -2.525565,43.216629,500.050 -2.525529,43.216611,499.892 -2.525492,43.216593,499.671 -2.525459,43.216577,499.293 -2.525423,43.216559,499.260 -2.525389,43.216542,499.084 -2.525352,43.216526,498.898 -2.525314,43.216512,498.489 -2.525271,43.216495,498.268 -2.525237,43.216481,498.098 -2.525201,43.216465,497.615 -2.525168,43.216455,497.626 -2.525134,43.216444,497.409 -2.525103,43.216442,497.440 -2.525071,43.216443,497.062 -2.525035,43.216446,496.821 -2.525001,43.216452,496.423 -2.524971,43.216462,496.210 -2.524945,43.216471,496.034 -2.524913,43.216485,495.818 -2.524872,43.216504,495.629 -2.524840,43.216521,495.248 -2.524806,43.216528,494.859 -2.524773,43.216532,494.203 -2.524742,43.216534,493.623 -2.524697,43.216540,493.009 -2.524661,43.216541,492.686 -2.524625,43.216539,492.278 -2.524588,43.216539,492.027 -2.524553,43.216537,491.699 -2.524499,43.216536,491.266 -2.524465,43.216533,491.050 -2.524422,43.216526,490.674 -2.524385,43.216520,490.055 -2.524358,43.216509,489.884 -2.524322,43.216495,489.451 -2.524288,43.216482,488.801 -2.524251,43.216464,488.211 -2.524220,43.216447,487.809 -2.524188,43.216427,487.416 -2.524162,43.216405,487.438 -2.524139,43.216381,487.077 -2.524123,43.216356,487.069 -2.524110,43.216329,486.846 -2.524098,43.216306,486.820 -2.524087,43.216280,486.644 -2.524075,43.216252,486.655 -2.524057,43.216225,486.254 -2.524039,43.216198,486.264 -2.524019,43.216167,486.006 -2.523997,43.216137,485.816 -2.523975,43.216109,485.809 -2.523951,43.216082,485.657 -2.523928,43.216059,485.419 -2.523906,43.216038,485.218 -2.523882,43.216016,485.250 -2.523855,43.215995,485.087 -2.523828,43.215975,485.011 -2.523802,43.215951,485.015 -2.523777,43.215932,484.896 -2.523749,43.215909,484.825 -2.523723,43.215888,484.881 -2.523695,43.215865,484.661 -2.523666,43.215845,484.417 -2.523636,43.215822,484.409 -2.523608,43.215804,484.299 -2.523578,43.215781,484.051 -2.523551,43.215762,483.890 -2.523526,43.215742,483.692 -2.523498,43.215716,483.499 -2.523468,43.215695,483.053 -2.523439,43.215675,482.677 -2.523411,43.215658,482.498 -2.523378,43.215639,482.097 -2.523342,43.215623,482.074 -2.523306,43.215609,481.656 -2.523273,43.215594,481.621 -2.523240,43.215583,481.409 -2.523209,43.215574,481.458 -2.523176,43.215564,481.450 -2.523142,43.215558,481.469 -2.523106,43.215548,481.651 -2.523073,43.215542,481.628 -2.523034,43.215534,481.652 -2.523003,43.215529,481.836 -2.522969,43.215524,481.817 -2.522939,43.215521,481.836 -2.522902,43.215515,481.823 -2.522872,43.215512,481.883 -2.522837,43.215506,482.011 -2.522808,43.215500,482.009 -2.522778,43.215491,482.273 -2.522745,43.215483,482.445 -2.522712,43.215474,482.434 -2.522680,43.215466,482.476 -2.522648,43.215460,482.683 -2.522617,43.215452,482.617 -2.522590,43.215447,482.691 -2.522561,43.215437,483.032 -2.522537,43.215428,483.011 -2.522506,43.215418,483.271 -2.522480,43.215412,483.841 -2.522452,43.215402,484.015 -2.522421,43.215392,484.209 -2.522395,43.215378,484.418 -2.522372,43.215368,484.670 -2.522352,43.215356,484.649 -2.522333,43.215345,484.621 -2.522313,43.215335,484.848 -2.522295,43.215325,485.072 -2.522275,43.215314,485.296 -2.522251,43.215302,485.467 -2.522228,43.215288,485.646 -2.522210,43.215277,485.831 -2.522192,43.215265,486.061 -2.522175,43.215250,486.407 -2.522159,43.215242,486.409 -2.522138,43.215226,486.644 -2.522117,43.215216,487.066 -2.522100,43.215205,487.235 -2.522086,43.215178,487.267 -2.522072,43.215165,487.444 -2.522059,43.215150,487.498 -2.522045,43.215136,487.642 -2.522028,43.215122,488.253 -2.522014,43.215109,488.862 -2.521999,43.215093,489.035 -2.521986,43.215075,489.286 -2.521970,43.215062,489.414 -2.521947,43.215053,489.409 -2.521925,43.215039,489.834 -2.521908,43.215028,489.856 -2.521889,43.215018,490.275 -2.521865,43.215010,490.277 -2.521841,43.215007,490.464 -2.521815,43.215002,490.418 -2.521795,43.215001,490.452 -2.521778,43.215002,490.853 -2.521747,43.215012,491.262 -2.521735,43.215024,491.224 -2.521714,43.215031,491.204 -2.521694,43.215039,491.214 -2.521671,43.215049,491.409 -2.521647,43.215055,491.663 -2.521622,43.215060,492.065 -2.521597,43.215063,492.634 -2.521573,43.215066,493.026 -2.521546,43.215072,493.613 -2.521530,43.215088,493.647 -2.521509,43.215098,493.611 -2.521486,43.215108,493.872 -2.521461,43.215116,494.071 -2.521438,43.215123,494.263 -2.521411,43.215127,494.444 -2.521389,43.215133,494.418 -2.521364,43.215140,494.409 -2.521335,43.215148,494.687 -2.521308,43.215155,494.889 -2.521280,43.215161,494.888 -2.521251,43.215169,494.860 -2.521223,43.215178,494.867 -2.521200,43.215186,495.041 -2.521169,43.215193,495.035 -2.521148,43.215201,495.056 -2.521117,43.215207,495.275 -2.521091,43.215213,495.263 -2.521057,43.215218,495.644 -2.521030,43.215222,495.618 -2.520998,43.215226,495.609 -2.520969,43.215229,495.697 -2.520941,43.215233,495.659 -2.520912,43.215236,495.828 -2.520888,43.215243,495.830 -2.520856,43.215247,495.887 -2.520828,43.215253,496.091 -2.520798,43.215257,496.075 -2.520768,43.215262,496.086 -2.520741,43.215263,496.495 -2.520717,43.215265,496.659 -2.520683,43.215266,496.803 -2.520660,43.215268,496.823 -2.520628,43.215273,496.809 -2.520605,43.215276,497.036 -2.520584,43.215276,497.268 -2.520560,43.215276,497.447 -2.520539,43.215275,497.869 -2.520519,43.215277,498.046 -2.520497,43.215279,498.270 -2.520475,43.215283,498.674 -2.520455,43.215286,498.855 -2.520428,43.215291,499.254 -2.520405,43.215295,499.423 -2.520385,43.215303,499.683 -2.520357,43.215310,499.811 -2.520335,43.215317,500.009 -2.520307,43.215324,500.233 -2.520293,43.215329,500.665 -2.520275,43.215335,500.654 -2.520255,43.215339,500.876 -2.520237,43.215344,501.233 -2.520212,43.215348,501.497 -2.520194,43.215355,501.681 -2.520173,43.215361,501.892 -2.520158,43.215365,502.041 -2.520138,43.215372,502.229 -2.520124,43.215378,502.400 -2.520104,43.215384,502.620 -2.520081,43.215385,503.009 -2.520067,43.215388,503.273 -2.520043,43.215393,503.655 -2.520032,43.215399,503.824 -2.520008,43.215406,504.236 -2.519992,43.215409,504.423 -2.519970,43.215414,504.617 -2.519947,43.215420,504.861 -2.519932,43.215428,505.062 -2.519912,43.215431,505.231 -2.519896,43.215438,505.439 -2.519874,43.215445,505.601 -2.519854,43.215450,506.221 -2.519838,43.215456,506.409 -2.519815,43.215465,506.814 -2.519800,43.215471,507.226 -2.519784,43.215475,507.295 -2.519771,43.215479,507.647 -2.519758,43.215484,508.024 -2.519737,43.215493,508.248 -2.519723,43.215499,508.492 -2.519705,43.215505,508.683 -2.519688,43.215511,508.882 -2.519667,43.215518,509.291 -2.519647,43.215524,509.281 -2.519635,43.215531,509.419 -2.519618,43.215539,509.609 -2.519602,43.215546,509.830 -2.519590,43.215550,510.022 -2.519574,43.215554,510.251 -2.519565,43.215559,510.463 -2.519554,43.215566,510.830 -2.519540,43.215574,511.224 -2.519520,43.215581,511.458 -2.519505,43.215588,511.679 -2.519494,43.215592,511.678 -2.519482,43.215598,511.632 -2.519456,43.215604,512.092 -2.519435,43.215611,512.011 -2.519406,43.215618,512.209 -2.519380,43.215625,512.244 -2.519356,43.215630,512.666 -2.519343,43.215636,512.895 -2.519324,43.215641,513.097 -2.519303,43.215643,513.264 -2.519284,43.215649,513.698 -2.519257,43.215653,513.642 -2.519233,43.215658,513.813 -2.519201,43.215661,514.232 -2.519177,43.215663,514.473 -2.519154,43.215666,514.485 -2.519128,43.215669,514.613 -2.519108,43.215673,514.809 -2.519082,43.215676,514.858 -2.519058,43.215682,515.020 -2.519037,43.215687,515.459 -2.519016,43.215692,515.691 -2.518986,43.215698,515.838 -2.518968,43.215702,516.052 -2.518947,43.215707,516.426 -2.518920,43.215711,516.677 -2.518900,43.215720,516.896 -2.518873,43.215727,517.033 -2.518857,43.215734,517.023 -2.518835,43.215747,517.415 -2.518816,43.215756,517.609 -2.518796,43.215766,517.614 -2.518775,43.215775,517.886 -2.518758,43.215783,517.835 -2.518735,43.215791,518.267 -2.518720,43.215799,518.414 -2.518693,43.215814,518.648 -2.518680,43.215827,518.672 -2.518660,43.215836,519.033 -2.518641,43.215846,519.272 -2.518628,43.215856,519.635 -2.518611,43.215867,519.886 -2.518591,43.215876,520.014 -2.518574,43.215885,520.409 -2.518554,43.215895,520.894 -2.518535,43.215904,521.096 -2.518510,43.215912,521.235 -2.518488,43.215920,521.217 -2.518463,43.215929,521.434 -2.518441,43.215938,521.628 -2.518416,43.215947,521.872 -2.518390,43.215956,521.863 -2.518366,43.215962,522.072 -2.518341,43.215961,522.222 -2.518315,43.215964,522.262 -2.518285,43.215969,522.408 -2.518259,43.215979,522.409 -2.518229,43.215985,522.623 -2.518201,43.215991,522.855 -2.518171,43.215996,522.864 -2.518147,43.216001,523.086 -2.518118,43.216007,523.013 -2.518091,43.216013,523.297 -2.518067,43.216022,523.271 -2.518040,43.216029,523.432 -2.518015,43.216038,523.471 -2.517982,43.216047,523.442 -2.517952,43.216056,523.422 -2.517923,43.216064,523.614 -2.517899,43.216074,523.809 -2.517874,43.216078,523.835 -2.517848,43.216084,524.077 -2.517816,43.216089,524.216 -2.517788,43.216096,524.438 -2.517756,43.216101,524.445 -2.517733,43.216099,524.449 -2.517698,43.216101,524.873 -2.517670,43.216102,524.894 -2.517641,43.216102,525.043 -2.517610,43.216101,525.038 -2.517578,43.216099,525.070 -2.517549,43.216095,525.217 -2.517519,43.216094,525.209 -2.517485,43.216092,525.464 -2.517453,43.216089,525.486 -2.517426,43.216084,525.695 -2.517397,43.216082,525.667 -2.517363,43.216071,525.864 -2.517333,43.216065,526.018 -2.517301,43.216057,526.062 -2.517274,43.216051,526.023 -2.517244,43.216042,526.252 -2.517220,43.216035,526.418 -2.517189,43.216024,526.498 -2.517162,43.216014,526.617 -2.517134,43.216004,526.609 -2.517106,43.215994,526.672 -2.517080,43.215983,526.854 -2.517061,43.215969,526.833 -2.517038,43.215963,527.085 -2.517015,43.215953,527.252 -2.516987,43.215942,527.266 -2.516960,43.215933,527.430 -2.516932,43.215925,527.671 -2.516900,43.215918,527.850 -2.516870,43.215909,527.869 -2.516837,43.215899,528.004 -2.516807,43.215892,528.224 -2.516775,43.215885,528.209 -2.516752,43.215887,528.427 -2.516724,43.215884,528.649 -2.516701,43.215882,528.848 -2.516673,43.215872,529.030 -2.516648,43.215865,529.477 -2.516626,43.215851,529.431 -2.516601,43.215839,529.655 -2.516577,43.215828,529.626 -2.516556,43.215820,530.025 -2.516530,43.215809,530.442 -2.516504,43.215800,530.622 -2.516478,43.215787,530.814 -2.516454,43.215776,530.809 -2.516429,43.215763,531.055 -2.516407,43.215748,531.067 -2.516378,43.215733,531.036 -2.516349,43.215720,531.058 -2.516316,43.215707,531.215 -2.516288,43.215694,531.089 -2.516264,43.215684,531.013 -2.516233,43.215671,531.044 -2.516208,43.215661,531.013 -2.516176,43.215647,530.812 -2.516144,43.215633,530.832 -2.516114,43.215619,530.605 -2.516081,43.215603,530.409 -2.516046,43.215593,530.222 -2.516010,43.215580,530.024 -2.515976,43.215567,530.073 -2.515941,43.215553,529.825 -2.515910,43.215542,529.462 -2.515876,43.215528,529.476 -2.515846,43.215515,529.210 -2.515813,43.215500,529.021 -2.515783,43.215481,528.420 -2.515756,43.215466,528.091 -2.515731,43.215447,527.481 -2.515704,43.215436,527.219 -2.515676,43.215418,526.809 -2.515650,43.215402,526.620 -2.515620,43.215383,526.252 -2.515591,43.215365,526.061 -2.515560,43.215346,525.693 -2.515531,43.215330,525.010 -2.515502,43.215318,524.854 -2.515464,43.215304,524.458 -2.515429,43.215293,524.459 -2.515395,43.215280,524.218 -2.515364,43.215271,524.069 -2.515334,43.215266,524.004 -2.515299,43.215262,524.024 -2.515265,43.215256,523.809 -2.515232,43.215249,523.827 -2.515193,43.215242,523.649 -2.515156,43.215234,523.448 -2.515124,43.215219,523.240 -2.515090,43.215203,523.067 -2.515059,43.215182,523.021 -2.515030,43.215163,522.865 -2.515006,43.215143,522.416 -2.514982,43.215118,522.095 -2.514958,43.215093,521.463 -2.514935,43.215071,521.244 -2.514911,43.215043,521.018 -2.514901,43.215017,521.009 -2.514886,43.214986,520.827 -2.514877,43.214960,520.469 -2.514869,43.214930,520.298 -2.514865,43.214900,520.050 -2.514862,43.214877,519.887 -2.514856,43.214847,519.461 -2.514846,43.214814,519.245 -2.514836,43.214780,519.036 -2.514827,43.214749,518.895 -2.514822,43.214718,518.456 -2.514820,43.214687,518.259 -2.514821,43.214653,518.014 -2.514822,43.214622,518.009 -2.514826,43.214591,517.866 -2.514826,43.214561,517.648 -2.514830,43.214531,517.487 -2.514834,43.214505,517.039 -2.514840,43.214476,516.846 -2.514847,43.214444,516.660 -2.514855,43.214414,516.664 -2.514864,43.214386,516.445 -2.514878,43.214361,516.294 -2.514892,43.214336,516.231 -2.514909,43.214311,516.061 -2.514927,43.214283,516.007 -2.514946,43.214256,515.809 -2.514960,43.214230,515.874 -2.514978,43.214202,515.816 -2.514994,43.214175,515.675 -2.515014,43.214147,515.657 -2.515032,43.214120,515.224 -2.515051,43.214091,515.038 -2.515069,43.214066,514.882 -2.515091,43.214038,514.643 -2.515107,43.214014,514.412 -2.515124,43.213995,514.271 -2.515142,43.213967,514.241 -2.515157,43.213945,514.215 -2.515165,43.213922,514.009 -2.515172,43.213892,513.818 -2.515170,43.213863,513.830 -2.515162,43.213831,513.629 -2.515147,43.213804,513.441 -2.515126,43.213777,513.288 -2.515099,43.213758,512.882 -2.515063,43.213743,512.656 -2.515029,43.213737,512.697 -2.514991,43.213742,512.226 -2.514956,43.213743,512.052 -2.514913,43.213746,512.053 -2.514879,43.213753,511.808 -2.514836,43.213759,511.609 -2.514807,43.213771,511.496 -2.514769,43.213785,511.288 -2.514740,43.213800,511.287 -2.514697,43.213816,511.099 -2.514661,43.213832,510.886 -2.514624,43.213848,510.680 -2.514588,43.213860,510.494 -2.514550,43.213874,510.285 -2.514517,43.213887,509.884 -2.514483,43.213903,509.675 -2.514449,43.213917,509.228 -2.514415,43.213932,509.020 -2.514382,43.213947,508.809 -2.514351,43.213963,508.648 -2.514320,43.213979,508.440 -2.514284,43.213999,508.479 -2.514248,43.214017,508.461 -2.514218,43.214035,508.238 -2.514180,43.214052,508.272 -2.514148,43.214071,508.036 -2.514113,43.214091,507.887 -2.514086,43.214108,507.686 -2.514055,43.214125,507.477 -2.514030,43.214141,507.261 -2.513996,43.214160,507.027 -2.513965,43.214177,506.409 -2.513926,43.214200,506.428 -2.513895,43.214221,506.260 -2.513862,43.214241,505.849 -2.513833,43.214265,505.861 -2.513801,43.214287,505.428 -2.513772,43.214309,505.222 -2.513741,43.214329,504.886 -2.513708,43.214349,504.687 -2.513680,43.214370,504.476 -2.513647,43.214387,504.011 -2.513620,43.214403,503.821 -2.513587,43.214421,503.603 -2.513557,43.214443,503.409 -2.513522,43.214466,503.262 -2.513492,43.214488,502.834 -2.513458,43.214510,502.413 -2.513432,43.214530,502.435 -2.513401,43.214552,502.062 -2.513377,43.214573,501.846 -2.513344,43.214595,501.450 -2.513316,43.214616,501.221 -2.513285,43.214637,501.070 -2.513256,43.214657,501.094 -2.513222,43.214679,500.857 -2.513196,43.214699,500.622 -2.513164,43.214718,500.609 -2.513136,43.214738,500.450 -2.513099,43.214756,500.432 -2.513069,43.214775,500.251 -2.513037,43.214794,500.023 -2.513008,43.214811,500.030 -2.512975,43.214826,500.044 -2.512950,43.214841,500.068 -2.512921,43.214854,500.089 -2.512893,43.214870,500.068 -2.512858,43.214887,500.012 -2.512827,43.214903,500.032 -2.512792,43.214920,500.205 -2.512763,43.214935,500.209 -2.512728,43.214949,500.492 -2.512700,43.214964,500.624 -2.512669,43.214980,500.663 -2.512643,43.214995,500.675 -2.512617,43.215011,500.892 -2.512599,43.215027,500.826 -2.512574,43.215045,501.090 -2.512551,43.215067,501.021 -2.512526,43.215090,501.290 -2.512505,43.215113,501.473 -2.512482,43.215138,501.485 -2.512461,43.215161,501.413 -2.512434,43.215183,501.409 -2.512414,43.215206,501.428 -2.512390,43.215227,501.460 -2.512371,43.215247,501.429 -2.512348,43.215266,501.281 -2.512328,43.215286,501.238 -2.512305,43.215307,501.072 -2.512285,43.215325,501.056 -2.512258,43.215347,500.857 -2.512233,43.215366,500.876 -2.512208,43.215385,500.652 -2.512189,43.215405,500.653 -2.512158,43.215430,500.608 -2.512135,43.215450,500.609 -2.512103,43.215475,500.666 -2.512078,43.215501,500.638 -2.512050,43.215525,500.657 -2.512032,43.215548,500.439 -2.512008,43.215569,500.246 -2.511987,43.215591,500.290 -2.511966,43.215614,500.044 -2.511942,43.215636,500.095 -2.511918,43.215656,499.894 -2.511892,43.215675,499.676 -2.511871,43.215693,499.690 -2.511844,43.215712,499.419 -2.511819,43.215731,498.609 -2.511790,43.215749,498.468 -2.511763,43.215770,498.420 -2.511731,43.215793,498.099 -2.511702,43.215818,497.491 -2.511670,43.215841,496.888 -2.511636,43.215864,496.432 -2.511607,43.215881,495.226 -2.511580,43.215901,494.217 -2.511546,43.215922,493.856 -2.511516,43.215945,493.489 -2.511488,43.215964,492.806 -2.511462,43.215986,492.426 -2.511427,43.216007,492.209 -2.511393,43.216027,492.229 -2.511360,43.216042,492.051 -2.511326,43.216060,491.690 -2.511291,43.216075,491.232 -2.511258,43.216089,490.849 -2.511218,43.216104,490.433 -2.511183,43.216120,490.227 -2.511142,43.216133,490.228 -2.511107,43.216146,490.047 -2.511068,43.216159,490.029 -2.511031,43.216174,489.800 -2.510992,43.216185,489.620 -2.510958,43.216195,489.409 -2.510916,43.216205,489.283 -2.510876,43.216214,489.245 -2.510843,43.216219,489.014 -2.510805,43.216227,489.076 -2.510772,43.216234,489.023 -2.510741,43.216243,488.887 -2.510701,43.216251,488.821 -2.510660,43.216262,488.822 -2.510620,43.216269,488.811 -2.510582,43.216276,488.896 -2.510552,43.216284,488.831 -2.510520,43.216296,489.024 -2.510492,43.216305,489.009 -2.510463,43.216316,489.040 -2.510426,43.216325,489.012 -2.510391,43.216335,489.071 -2.510356,43.216346,489.063 -2.510323,43.216361,489.040 -2.510287,43.216373,489.074 -2.510252,43.216387,488.868 -2.510216,43.216396,488.669 -2.510180,43.216410,488.658 -2.510144,43.216422,488.452 -2.510108,43.216436,488.253 -2.510070,43.216447,488.008 -2.510035,43.216459,487.809 -2.510000,43.216466,487.836 -2.509965,43.216476,487.638 -2.509922,43.216482,487.677 -2.509884,43.216494,487.469 -2.509848,43.216503,487.236 -2.509806,43.216513,487.020 -2.509765,43.216521,486.834 -2.509732,43.216530,486.845 -2.509695,43.216537,486.684 -2.509662,43.216547,486.492 -2.509622,43.216554,486.273 -2.509586,43.216563,485.820 -2.509541,43.216573,485.609 -2.509498,43.216582,485.280 -2.509456,43.216590,485.062 -2.509415,43.216599,484.811 -2.509378,43.216610,484.623 -2.509339,43.216621,484.280 -2.509306,43.216633,484.024 -2.509269,43.216643,483.848 -2.509234,43.216656,483.419 -2.509192,43.216669,483.018 -2.509157,43.216684,482.468 -2.509112,43.216695,482.242 -2.509078,43.216707,481.826 -2.509038,43.216721,481.009 -2.509001,43.216732,481.087 -2.508966,43.216745,480.499 -2.508932,43.216759,480.068 -2.508891,43.216771,479.870 -2.508854,43.216787,479.477 -2.508816,43.216799,479.091 -2.508773,43.216804,478.655 -2.508736,43.216806,478.456 -2.508700,43.216800,478.095 -2.508658,43.216791,477.851 -2.508616,43.216778,477.601 -2.508577,43.216767,477.411 -2.508537,43.216754,477.209 -2.508502,43.216743,477.066 -2.508476,43.216729,476.878 -2.508440,43.216710,476.847 -2.508414,43.216687,476.839 -2.508392,43.216663,476.656 -2.508374,43.216639,476.690 -2.508361,43.216614,476.684 -2.508345,43.216585,476.675 -2.508327,43.216552,476.654 -2.508330,43.216518,476.837 -2.508323,43.216488,476.849 -2.508321,43.216459,476.813 -2.508316,43.216434,477.009 -2.508310,43.216407,477.024 -2.508304,43.216377,477.026 -2.508301,43.216348,477.025 -2.508298,43.216324,477.217 -2.508300,43.216296,477.224 -2.508299,43.216269,477.248 -2.508305,43.216239,477.282 -2.508307,43.216210,477.283 -2.508308,43.216182,477.022 -2.508308,43.216157,477.058 -2.508308,43.216132,476.852 -2.508303,43.216106,476.617 -2.508299,43.216081,476.409 -2.508296,43.216053,476.256 -2.508295,43.216024,476.058 -2.508287,43.215996,476.057 -2.508285,43.215964,475.879 -2.508277,43.215934,475.826 -2.508275,43.215906,475.850 -2.508269,43.215882,475.894 -2.508270,43.215857,475.875 -2.508270,43.215833,475.884 -2.508271,43.215807,475.838 -2.508271,43.215785,475.870 -2.508271,43.215765,475.817 -2.508268,43.215743,476.009 -2.508262,43.215715,476.014 -2.508256,43.215693,476.276 -2.508241,43.215668,476.275 -2.508231,43.215647,476.467 -2.508222,43.215625,476.424 -2.508209,43.215608,476.628 -2.508194,43.215589,476.852 -2.508179,43.215567,477.093 -2.508161,43.215548,477.092 -2.508143,43.215529,477.238 -2.508126,43.215517,477.270 -2.508112,43.215505,477.417 -2.508099,43.215498,477.609 -2.508080,43.215483,477.844 -2.508063,43.215469,478.266 -2.508048,43.215455,478.665 -2.508031,43.215440,478.867 -2.508014,43.215429,479.014 -2.507999,43.215417,479.268 -2.507978,43.215404,479.672 -2.507961,43.215391,479.613 -2.507950,43.215383,480.232 -2.507928,43.215368,480.276 -2.507913,43.215356,480.690 -2.507895,43.215345,480.819 -2.507877,43.215332,481.009 -2.507857,43.215317,481.238 -2.507844,43.215305,481.470 -2.507835,43.215294,481.619 -2.507821,43.215280,481.891 -2.507804,43.215266,482.018 -2.507789,43.215251,482.212 -2.507776,43.215236,482.426 -2.507755,43.215220,482.697 -2.507740,43.215203,482.846 -2.507721,43.215188,482.836 -2.507702,43.215172,483.017 -2.507681,43.215160,483.218 -2.507657,43.215143,483.409 -2.507638,43.215129,483.614 -2.507621,43.215113,483.886 -2.507602,43.215098,484.055 -2.507585,43.215078,484.067 -2.507561,43.215062,484.494 -2.507533,43.215050,484.428 -2.507506,43.215039,484.482 -2.507483,43.215025,484.483 -2.507456,43.215011,484.452 -2.507433,43.215000,484.446 -2.507408,43.214988,484.288 -2.507376,43.214974,483.816 -2.507340,43.214961,483.609 -2.507309,43.214950,483.425 -2.507278,43.214938,483.037 -2.507249,43.214928,482.236 -2.507218,43.214916,481.628 -2.507188,43.214901,481.215 -2.507152,43.214886,480.659 -2.507119,43.214872,480.273 -2.507086,43.214856,479.884 -2.507060,43.214839,479.473 -2.507039,43.214820,479.095 -2.507028,43.214798,478.649 -2.507019,43.214773,478.223 -2.507015,43.214740,477.809 -2.507006,43.214706,477.280 -2.507017,43.214671,476.852 -2.507023,43.214639,476.271 -2.507024,43.214610,475.633 -2.507021,43.214583,475.290 -2.507012,43.214557,474.624 -2.506995,43.214535,474.688 -2.506971,43.214512,474.419 -2.506946,43.214494,474.268 -2.506924,43.214479,474.213 -2.506901,43.214468,474.443 -2.506874,43.214458,474.407 -2.506848,43.214449,474.609 -2.506821,43.214440,475.082 -2.506795,43.214430,475.274 -2.506768,43.214420,475.453 -2.506747,43.214412,475.645 -2.506723,43.214403,475.882 -2.506703,43.214394,476.016 -2.506679,43.214385,476.290 -2.506651,43.214373,476.421 -2.506627,43.214365,476.670 -2.506609,43.214357,476.849 -2.506592,43.214351,477.202 -2.506561,43.214338,477.422 -2.506534,43.214328,477.809 -2.506512,43.214319,478.015 -2.506491,43.214311,478.257 -2.506468,43.214301,478.436 -2.506446,43.214289,478.618 -2.506419,43.214277,478.825 -2.506396,43.214268,479.089 -2.506377,43.214259,479.213 -2.506358,43.214250,479.454 -2.506343,43.214243,479.613 -2.506317,43.214231,479.849 -2.506295,43.214222,480.202 -2.506269,43.214210,480.422 -2.506247,43.214199,480.609 -2.506221,43.214187,481.095 -2.506201,43.214176,481.277 -2.506180,43.214165,481.466 -2.506153,43.214150,481.468 -2.506129,43.214138,481.475 -2.506101,43.214119,481.419 -2.506075,43.214104,481.273 -2.506049,43.214086,481.264 -2.506029,43.214070,481.243 -2.506015,43.214057,481.235 -2.506002,43.214045,481.286 -2.505983,43.214030,481.214 -2.505963,43.214015,481.609 -2.505944,43.214001,481.894 -2.505917,43.213981,482.046 -2.505900,43.213967,482.245 -2.505886,43.213947,482.227 -2.505873,43.213931,482.464 -2.505855,43.213909,482.898 -2.505839,43.213890,482.832 -2.505824,43.213871,483.083 -2.505809,43.213853,483.072 -2.505794,43.213837,483.084 -2.505783,43.213815,483.207 -2.505771,43.213799,483.217 -2.505759,43.213781,483.209 -2.505750,43.213763,483.469 -2.505742,43.213744,483.451 -2.505736,43.213724,483.650 -2.505728,43.213705,483.812 -2.505720,43.213686,483.889 -2.505709,43.213667,483.853 -2.505702,43.213645,483.897 -2.505695,43.213630,484.078 -2.505684,43.213613,484.227 -2.505671,43.213601,484.692 -2.505655,43.213587,484.873 -2.505643,43.213577,485.020 -2.505626,43.213571,485.409 -2.505606,43.213560,485.620 -2.505591,43.213551,486.082 -2.505572,43.213546,486.211 -2.505559,43.213535,486.683 -2.505546,43.213525,487.230 -2.505532,43.213514,487.634 -2.505522,43.213504,488.028 -2.505514,43.213497,488.019 -2.505502,43.213484,488.298 -2.505488,43.213473,488.695 -2.505480,43.213465,488.849 -2.505468,43.213455,489.223 -2.505456,43.213450,489.409 -2.505439,43.213436,489.850 -2.505427,43.213425,490.062 -2.505409,43.213408,490.261 -2.505393,43.213392,490.283 -2.505382,43.213380,490.680 -2.505372,43.213362,491.054 -2.505363,43.213347,491.028 -2.505358,43.213335,491.229 -2.505347,43.213318,491.438 -2.505339,43.213304,491.854 -2.505345,43.213284,491.856 -2.505344,43.213269,492.011 -2.505340,43.213252,492.009 -2.505338,43.213236,492.296 -2.505334,43.213224,492.468 -2.505336,43.213209,492.667 -2.505337,43.213197,492.869 -2.505339,43.213182,493.026 -2.505336,43.213169,493.280 -2.505330,43.213159,493.494 -2.505330,43.213145,493.665 -2.505330,43.213130,494.014 -2.505331,43.213110,494.444 -2.505328,43.213092,494.605 -2.505320,43.213076,494.815 -2.505320,43.213058,495.009 -2.505315,43.213043,495.435 -2.505307,43.213023,495.477 -2.505298,43.213004,495.656 -2.505292,43.212988,495.648 -2.505287,43.212973,495.865 -2.505280,43.212955,496.029 -2.505269,43.212933,496.053 -2.505253,43.212919,496.074 -2.505231,43.212898,496.223 -2.505220,43.212881,496.298 -2.505210,43.212854,496.015 -2.505200,43.212830,496.026 -2.505198,43.212804,496.009 -2.505193,43.212783,495.810 -2.505174,43.212769,495.882 -2.505156,43.212757,495.861 -2.505137,43.212741,495.883 -2.505116,43.212727,495.670 -2.505093,43.212707,495.664 -2.505072,43.212689,495.688 -2.505051,43.212666,495.469 -2.505034,43.212647,495.438 -2.505019,43.212630,495.413 -2.505007,43.212611,495.443 -2.504993,43.212590,495.407 -2.504980,43.212567,495.209 -2.504964,43.212547,495.252 -2.504953,43.212522,495.254 -2.504938,43.212503,495.233 -2.504928,43.212475,495.225 -2.504916,43.212452,495.292 -2.504906,43.212430,495.276 -2.504894,43.212412,495.290 -2.504881,43.212395,495.211 -2.504868,43.212372,495.260 -2.504851,43.212352,495.093 -2.504830,43.212330,494.865 -2.504806,43.212314,494.421 -2.504777,43.212296,494.209 -2.504753,43.212278,494.270 -2.504727,43.212258,494.032 -2.504706,43.212240,493.871 -2.504689,43.212225,493.893 -2.504677,43.212206,493.850 -2.504662,43.212192,493.854 -2.504641,43.212176,494.258 -2.504620,43.212167,494.219 -2.504594,43.212154,494.418 -2.504572,43.212146,494.891 -2.504549,43.212137,495.081 -2.504533,43.212122,495.019 -2.504515,43.212111,495.209 -2.504508,43.212093,495.450 -2.504498,43.212082,495.612 -2.504488,43.212073,496.011 -2.504480,43.212062,496.253 -2.504477,43.212052,496.650 -2.504471,43.212039,496.894 -2.504463,43.212027,497.228 -2.504449,43.212019,497.829 -2.504436,43.212004,498.048 -2.504427,43.211996,498.483 -2.504425,43.211991,498.825 -2.504423,43.211982,499.017 -2.504417,43.211971,499.409 -2.504413,43.211958,499.669 -2.504407,43.211947,499.841 -2.504401,43.211935,500.060 -2.504396,43.211922,500.432 -2.504386,43.211910,500.689 -2.504376,43.211900,500.853 -2.504368,43.211883,500.897 -2.504360,43.211874,501.078 -2.504362,43.211865,501.297 -2.504364,43.211855,501.447 -2.504362,43.211845,501.629 -2.504360,43.211834,501.821 -2.504359,43.211824,502.209 -2.504360,43.211811,502.445 -2.504357,43.211799,502.617 -2.504369,43.211789,503.066 -2.504371,43.211776,503.448 -2.504374,43.211769,503.645 -2.504376,43.211759,504.049 -2.504372,43.211748,504.243 -2.504373,43.211742,504.484 -2.504380,43.211731,504.643 -2.504382,43.211720,504.851 -2.504382,43.211707,505.201 -2.504385,43.211692,505.211 -2.504384,43.211680,505.409 -2.504382,43.211668,505.826 -2.504383,43.211653,506.218 -2.504383,43.211643,506.237 -2.504384,43.211629,506.479 -2.504383,43.211616,506.656 -2.504384,43.211605,506.830 -2.504387,43.211599,507.254 -2.504397,43.211590,507.445 -2.504389,43.211576,507.844 -2.504387,43.211570,507.849 -2.504386,43.211561,508.002 -2.504386,43.211543,508.222 -2.504385,43.211524,508.409 -2.504382,43.211505,508.625 -2.504378,43.211489,508.877 -2.504377,43.211476,508.896 -2.504370,43.211463,509.098 -2.504376,43.211458,509.215 -2.504374,43.211452,509.289 -2.504378,43.211442,509.243 -2.504384,43.211435,509.844 -2.504387,43.211422,510.093 -2.504386,43.211409,510.292 -2.504387,43.211398,510.473 -2.504387,43.211387,510.620 -2.504388,43.211374,510.609 -2.504385,43.211362,510.660 -2.504383,43.211354,510.892 -2.504382,43.211343,510.891 -2.504378,43.211327,511.013 -2.504375,43.211318,511.210 -2.504373,43.211304,511.654 -2.504375,43.211296,511.618 -2.504377,43.211283,511.879 -2.504375,43.211275,511.868 -2.504372,43.211263,512.022 -2.504373,43.211252,512.062 -2.504372,43.211231,512.208 -2.504373,43.211222,512.209 -2.504373,43.211206,512.893 -2.504372,43.211195,513.045 -2.504376,43.211176,513.274 -2.504373,43.211164,513.476 -2.504370,43.211146,513.443 -2.504366,43.211131,513.487 -2.504367,43.211120,513.491 -2.504368,43.211110,513.462 -2.504370,43.211092,513.651 -2.504369,43.211085,514.029 -2.504366,43.211068,514.200 -2.504367,43.211059,514.420 -2.504370,43.211047,514.609 -2.504372,43.211035,515.093 -2.504372,43.211025,515.245 -2.504390,43.211026,515.464 -2.504369,43.211000,515.626 -2.504366,43.210990,516.033 -2.504365,43.210979,516.087 -2.504363,43.210963,516.271 -2.504362,43.210948,516.252 -2.504361,43.210940,516.291 -2.504359,43.210925,516.419 -2.504363,43.210920,517.009 -2.504365,43.210905,517.219 -2.504371,43.210896,517.409 -2.504374,43.210882,517.892 -2.504374,43.210870,518.084 -2.504373,43.210857,518.263 -2.504370,43.210846,518.675 -2.504367,43.210836,518.892 -2.504367,43.210816,519.286 -2.504374,43.210807,519.430 -2.504374,43.210791,519.441 -2.504375,43.210780,519.670 -2.504371,43.210767,519.836 -2.504367,43.210752,520.017 -2.504362,43.210739,520.418 -2.504357,43.210720,520.609 -2.504350,43.210710,520.844 -2.504346,43.210697,521.016 -2.504339,43.210685,521.475 -2.504334,43.210669,521.427 -2.504332,43.210664,521.854 -2.504327,43.210646,522.058 -2.504333,43.210629,522.432 -2.504332,43.210617,522.683 -2.504335,43.210605,522.812 -2.504333,43.210594,523.036 -2.504333,43.210580,523.217 -2.504330,43.210566,523.818 -2.504327,43.210551,524.009 -2.504325,43.210542,524.294 -2.504319,43.210524,524.426 -2.504317,43.210515,524.865 -2.504313,43.210499,525.017 -2.504312,43.210492,525.474 -2.504308,43.210477,526.098 -2.504313,43.210465,526.412 -2.504313,43.210444,526.653 -2.504309,43.210428,526.812 -2.504302,43.210417,527.055 -2.504293,43.210403,527.007 -2.504287,43.210391,527.417 -2.504276,43.210377,527.809 -2.504263,43.210363,528.046 -2.504252,43.210351,528.298 -2.504239,43.210329,528.497 -2.504226,43.210311,528.439 -2.504218,43.210289,528.486 -2.504215,43.210269,528.450 -2.504214,43.210249,528.294 -2.504216,43.210229,528.235 -2.504217,43.210210,528.244 -2.504220,43.210190,528.298 -2.504223,43.210172,528.415 -2.504223,43.210157,528.426 -2.504229,43.210141,528.609 -2.504236,43.210129,528.810 -2.504246,43.210114,529.052 -2.504259,43.210100,529.221 -2.504268,43.210090,529.663 -2.504282,43.210075,529.870 -2.504295,43.210063,530.014 -2.504305,43.210053,530.218 -2.504321,43.210037,530.649 -2.504331,43.210024,530.838 -2.504341,43.210014,531.227 -2.504356,43.210000,531.468 -2.504365,43.209989,531.614 -2.504375,43.209977,531.809 -2.504384,43.209961,532.023 -2.504388,43.209951,532.485 -2.504392,43.209941,532.844 -2.504396,43.209931,533.266 -2.504401,43.209918,533.413 -2.504403,43.209907,533.887 -2.504405,43.209892,534.021 -2.504402,43.209879,534.252 -2.504400,43.209866,534.691 -2.504403,43.209861,534.846 -2.504402,43.209838,535.088 -2.504399,43.209822,535.416 -2.504411,43.209812,535.609 -2.504416,43.209795,535.815 -2.504418,43.209779,536.067 -2.504425,43.209762,536.226 -2.504427,43.209745,536.218 -2.504428,43.209731,536.425 -2.504418,43.209721,536.439 -2.504399,43.209716,536.663 -2.504375,43.209713,536.644 -2.504366,43.209719,536.883 -2.504354,43.209728,537.084 -2.504337,43.209742,537.207 -2.504329,43.209746,537.617 -2.504323,43.209760,538.009 -2.504304,43.209769,538.259 -2.504295,43.209778,538.611 -2.504289,43.209787,539.010 -2.504290,43.209795,539.262 -2.504274,43.209805,539.469 -2.504262,43.209814,539.873 -2.504249,43.209820,540.097 -2.504231,43.209824,540.418 -2.504216,43.209836,540.657 -2.504209,43.209844,540.891 -2.504198,43.209856,540.881 -2.504177,43.209863,541.219 -2.504172,43.209865,541.609 -2.504159,43.209872,542.070 -2.504149,43.209876,542.472 -2.504131,43.209884,542.661 -2.504119,43.209892,543.023 -2.504102,43.209899,543.280 -2.504085,43.209907,543.444 -2.504073,43.209917,543.828 -2.504058,43.209926,543.849 -2.504048,43.209936,544.298 -2.504037,43.209945,544.424 -2.504026,43.209958,544.604 -2.504012,43.209964,544.814 -2.503999,43.209972,545.009 -2.503982,43.209984,545.243 -2.503965,43.209997,545.645 -2.503951,43.210008,545.644 -2.503939,43.210018,545.626 -2.503930,43.210033,545.813 -2.503925,43.210047,546.097 -2.503919,43.210063,546.471 -2.503911,43.210078,546.892 -2.503899,43.210089,546.891 -2.503887,43.210101,547.019 -2.503866,43.210107,547.209 -2.503854,43.210118,547.619 -2.503844,43.210129,547.609 -2.503837,43.210139,547.872 -2.503822,43.210154,548.074 -2.503805,43.210164,548.243 -2.503793,43.210172,548.445 -2.503778,43.210181,548.432 -2.503770,43.210194,548.656 -2.503760,43.210207,548.850 -2.503747,43.210220,549.081 -2.503739,43.210235,549.250 -2.503730,43.210252,549.483 -2.503720,43.210266,549.625 -2.503711,43.210276,549.817 -2.503690,43.210280,550.209 -2.503675,43.210288,550.239 -2.503661,43.210296,550.441 -2.503644,43.210307,550.670 -2.503635,43.210320,550.892 -2.503618,43.210336,551.249 -2.503604,43.210348,551.413 -2.503587,43.210355,551.477 -2.503569,43.210361,551.828 -2.503556,43.210371,551.857 -2.503540,43.210382,552.054 -2.503522,43.210393,552.456 -2.503509,43.210403,552.811 -2.503488,43.210415,553.009 -2.503472,43.210421,553.286 -2.503460,43.210428,553.498 -2.503444,43.210436,553.677 -2.503427,43.210445,554.019 -2.503414,43.210452,554.026 -2.503397,43.210461,554.210 -2.503382,43.210469,554.834 -2.503367,43.210475,555.015 -2.503351,43.210481,555.274 -2.503337,43.210488,555.439 -2.503323,43.210495,555.601 -2.503308,43.210497,555.821 -2.503298,43.210501,556.009 -2.503275,43.210508,556.074 -2.503259,43.210509,556.226 -2.503242,43.210515,556.465 -2.503227,43.210525,556.897 -2.503211,43.210533,557.074 -2.503198,43.210540,557.238 -2.503180,43.210543,557.412 -2.503164,43.210544,557.433 -2.503147,43.210547,557.882 -2.503136,43.210555,558.095 -2.503115,43.210559,558.249 -2.503100,43.210566,558.623 -2.503084,43.210569,558.609 -2.503067,43.210573,559.050 -2.503048,43.210577,559.232 -2.503040,43.210582,559.411 -2.503021,43.210588,559.433 -2.503005,43.210593,559.890 -2.502994,43.210597,560.094 -2.502969,43.210602,560.278 -2.502954,43.210607,560.429 -2.502946,43.210610,560.628 -2.502923,43.210615,560.832 -2.502906,43.210618,561.292 -2.502895,43.210618,561.211 -2.502872,43.210621,561.609 -2.502853,43.210624,561.824 -2.502848,43.210624,562.046 -2.502826,43.210626,562.615 -2.502808,43.210632,562.857 -2.502791,43.210632,563.064 -2.502769,43.210636,563.448 -2.502748,43.210638,563.852 -2.502719,43.210641,564.283 -2.502704,43.210646,564.442 -2.502681,43.210649,564.892 -2.502659,43.210651,565.073 -2.502638,43.210653,565.220 -2.502614,43.210656,565.409 -2.502589,43.210659,566.040 -2.502567,43.210654,566.292 -2.502544,43.210653,566.451 -2.502516,43.210653,566.653 -2.502490,43.210652,566.870 -2.502460,43.210650,567.044 -2.502428,43.210646,567.068 -2.502405,43.210647,567.069 -2.502379,43.210647,567.088 -2.502354,43.210650,567.032 -2.502326,43.210653,567.092 -2.502302,43.210655,567.011 -2.502282,43.210659,567.209 -2.502250,43.210662,567.254 -2.502227,43.210666,567.226 -2.502205,43.210671,567.475 -2.502181,43.210674,567.467 -2.502166,43.210679,567.674 -2.502139,43.210681,567.848 -2.502118,43.210685,568.072 -2.502103,43.210690,568.293 -2.502086,43.210694,568.692 -2.502068,43.210704,568.836 -2.502053,43.210713,569.017 -2.502040,43.210721,569.218 -2.502022,43.210730,569.409 -2.502011,43.210738,569.444 -2.502004,43.210753,569.876 -2.501997,43.210761,570.085 -2.501983,43.210772,570.287 -2.501975,43.210786,570.474 -2.501968,43.210795,570.888 -2.501963,43.210805,571.252 -2.501959,43.210820,571.473 -2.501951,43.210824,571.642 -2.501944,43.210837,571.847 -2.501943,43.210845,572.029 -2.501935,43.210856,572.221 -2.501927,43.210861,572.409 -2.501920,43.210867,572.655 -2.501916,43.210878,572.837 -2.501908,43.210887,573.046 -2.501899,43.210899,573.498 -2.501892,43.210909,573.835 -2.501883,43.210919,574.089 -2.501875,43.210929,574.483 -2.501864,43.210939,574.814 -2.501852,43.210948,574.893 -2.501837,43.210958,575.292 -2.501833,43.210975,575.473 -2.501824,43.210981,575.420 -2.501811,43.210989,575.809 -2.501802,43.210993,576.020 -2.501784,43.211005,576.412 -2.501775,43.211011,576.861 -2.501761,43.211024,576.873 -2.501754,43.211033,577.280 -2.501730,43.211043,577.274 -2.501718,43.211043,577.688 -2.501700,43.211059,577.889 -2.501690,43.211066,578.268 -2.501678,43.211076,578.467 -2.501664,43.211082,578.681 -2.501648,43.211090,579.019 -2.501633,43.211097,579.209 -2.501619,43.211105,579.457 -2.501608,43.211113,579.679 -2.501596,43.211126,579.828 -2.501582,43.211127,580.210 -2.501566,43.211134,580.477 -2.501550,43.211142,580.651 -2.501539,43.211148,581.095 -2.501524,43.211155,581.286 -2.501507,43.211158,581.435 -2.501493,43.211161,581.615 -2.501477,43.211165,581.865 -2.501468,43.211170,582.211 -2.501459,43.211177,582.209 -2.501457,43.211186,582.642 -2.501442,43.211198,582.824 -2.501421,43.211207,583.033 -2.501407,43.211215,583.435 -2.501397,43.211222,583.822 -2.501383,43.211230,583.816 -2.501368,43.211238,584.260 -2.501352,43.211244,584.631 -2.501344,43.211250,584.890 -2.501332,43.211261,585.247 -2.501316,43.211269,585.429 -2.501294,43.211277,585.621 -2.501280,43.211284,585.809 -2.501259,43.211295,585.855 -2.501247,43.211301,586.287 -2.501229,43.211311,586.416 -2.501212,43.211317,586.688 -2.501191,43.211326,586.865 -2.501184,43.211335,587.279 -2.501176,43.211343,587.223 -2.501167,43.211355,587.454 -2.501154,43.211369,587.683 -2.501139,43.211383,587.649 -2.501131,43.211390,587.602 -2.501130,43.211401,587.822 -2.501129,43.211408,588.009 -2.501125,43.211421,588.495 -2.501114,43.211419,588.837 -2.501098,43.211427,589.026 -2.501090,43.211434,589.248 -2.501081,43.211446,589.685 -2.501075,43.211457,589.819 -2.501074,43.211462,590.273 -2.501067,43.211471,590.414 -2.501065,43.211477,590.853 -2.501059,43.211487,591.085 -2.501051,43.211494,591.289 -2.501041,43.211505,591.617 -2.501039,43.211513,592.009 -2.501034,43.211524,592.269 -2.501033,43.211534,592.431 -2.501028,43.211546,592.610 -2.501020,43.211551,593.012 -2.501010,43.211562,593.249 -2.501000,43.211568,593.613 -2.500993,43.211579,593.667 -2.500984,43.211590,594.248 -2.500976,43.211597,594.467 -2.500967,43.211604,594.448 -2.500957,43.211616,594.861 -2.500953,43.211621,595.017 -2.500944,43.211632,595.209 -2.500932,43.211647,595.655 -2.500922,43.211650,595.857 -2.500912,43.211656,596.236 -2.500904,43.211663,596.628 -2.500897,43.211672,597.085 -2.500890,43.211680,597.229 -2.500878,43.211692,597.493 -2.500875,43.211698,597.884 -2.500866,43.211713,598.053 -2.500860,43.211726,598.277 -2.500851,43.211741,598.661 -2.500848,43.211751,598.827 -2.500842,43.211762,599.009 -2.500838,43.211776,599.438 -2.500826,43.211783,599.830 -2.500818,43.211794,600.269 -2.500814,43.211800,600.481 -2.500805,43.211812,600.648 -2.500799,43.211818,600.822 -2.500785,43.211831,600.856 -2.500777,43.211840,601.257 -2.500762,43.211853,601.236 -2.500753,43.211863,601.612 -2.500744,43.211868,601.832 -2.500733,43.211873,602.005 -2.500719,43.211882,602.209 -2.500714,43.211893,602.612 -2.500705,43.211902,602.844 -2.500693,43.211912,603.053 -2.500685,43.211916,603.455 -2.500669,43.211931,603.642 -2.500660,43.211931,603.886 -2.500648,43.211936,604.220 -2.500643,43.211939,604.231 -2.500629,43.211950,604.690 -2.500623,43.211956,605.039 -2.500607,43.211965,605.001 -2.500599,43.211974,605.421 -2.500588,43.211982,605.609 -2.500576,43.211993,605.814 -2.500570,43.211998,606.046 -2.500554,43.212014,606.615 -2.500546,43.212016,606.657 -2.500536,43.212022,607.094 -2.500521,43.212032,607.238 -2.500511,43.212042,607.682 -2.500498,43.212048,608.013 -2.500487,43.212059,608.232 -2.500474,43.212068,608.432 -2.500462,43.212078,608.892 -2.500451,43.212086,609.011 -2.500448,43.212095,609.209 -2.500438,43.212103,609.464 -2.500431,43.212108,609.846 -2.500416,43.212118,610.075 -2.500403,43.212125,610.217 -2.500389,43.212134,610.224 -2.500372,43.212141,610.688 -2.500363,43.212146,610.862 -2.500349,43.212153,611.213 -2.500339,43.212159,611.422 -2.500325,43.212168,611.891 -2.500312,43.212173,612.081 -2.500301,43.212177,612.219 -2.500289,43.212190,612.409 -2.500276,43.212195,612.610 -2.500259,43.212203,613.042 -2.500246,43.212208,613.221 -2.500235,43.212213,613.443 -2.500224,43.212218,613.880 -2.500217,43.212221,614.034 -2.500204,43.212226,614.498 -2.500194,43.212235,614.699 -2.500175,43.212238,614.878 -2.500161,43.212245,615.014 -2.500149,43.212252,615.454 -2.500136,43.212261,615.609 -2.500127,43.212268,615.809 -2.500113,43.212278,616.092 -2.500096,43.212283,616.264 -2.500084,43.212288,616.453 -2.500077,43.212294,616.635 -2.500066,43.212302,617.012 -2.500058,43.212307,617.466 -2.500038,43.212309,617.650 -2.500025,43.212310,618.011 -2.500009,43.212313,618.250 -2.499998,43.212313,618.699 -2.499981,43.212314,618.807 -2.499972,43.212313,619.227 -2.499959,43.212313,619.409 -2.499955,43.212313,619.610 -2.499944,43.212336,619.812 -2.499938,43.212346,620.261 -2.499916,43.212343,620.443 -2.499901,43.212345,620.670 -2.499886,43.212347,621.014 -2.499872,43.212349,621.238 -2.499864,43.212351,621.469 -2.499848,43.212351,621.838 -2.499834,43.212355,622.075 -2.499815,43.212360,622.428 -2.499800,43.212363,622.620 -2.499784,43.212365,622.609 -2.499770,43.212368,623.038 -2.499760,43.212375,623.260 -2.499745,43.212379,623.659 -2.499744,43.212387,623.891 -2.499732,43.212393,624.018 -2.499716,43.212396,624.442 -2.499690,43.212393,624.666 -2.499670,43.212392,625.037 -2.499653,43.212391,625.046 -2.499632,43.212390,625.443 -2.499614,43.212392,625.664 -2.499586,43.212395,626.010 -2.499572,43.212397,626.009 -2.499563,43.212398,626.495 -2.499549,43.212404,626.657 -2.499523,43.212409,627.046 -2.499508,43.212414,627.258 -2.499487,43.212421,627.435 -2.499474,43.212425,627.689 -2.499456,43.212428,627.883 -2.499439,43.212432,628.214 -2.499424,43.212438,628.263 -2.499406,43.212445,628.445 -2.499383,43.212452,628.647 -2.499364,43.212455,628.811 -2.499339,43.212456,629.009 -2.499324,43.212461,629.235 -2.499300,43.212454,629.277 -2.499297,43.212443,629.486 -2.499279,43.212428,629.418 -2.499265,43.212415,629.645 -2.499252,43.212401,629.899 -2.499251,43.212388,630.073 -2.499249,43.212378,630.264 -2.499243,43.212371,630.653 -2.499235,43.212360,630.875 -2.499230,43.212348,631.228 -2.499224,43.212337,631.420 -2.499219,43.212326,631.609 -2.499215,43.212316,632.098 -2.499216,43.212303,632.240 -2.499214,43.212292,632.659 -2.499216,43.212279,632.811 -2.499212,43.212269,633.218 -2.499211,43.212255,633.422 -2.499199,43.212243,633.826 -2.499195,43.212231,634.067 -2.499192,43.212219,634.436 -2.499192,43.212212,634.877 -2.499189,43.212203,635.061 -2.499185,43.212191,635.427 -2.499180,43.212180,635.609 -2.499176,43.212158,636.048 -2.499174,43.212151,636.220 -2.499171,43.212134,636.679 -2.499170,43.212125,636.861 -2.499166,43.212107,637.298 -2.499161,43.212100,637.652 -2.499155,43.212089,637.826 -2.499154,43.212082,638.087 -2.499150,43.212069,638.416 -2.499148,43.212056,638.814 -2.499145,43.212043,639.054 -2.499148,43.212028,639.209 -2.499146,43.212014,639.409 -2.499144,43.211999,639.662 -2.499140,43.211985,639.864 -2.499138,43.211980,640.013 -2.499135,43.211966,640.215 -2.499137,43.211957,640.432 -2.499137,43.211943,640.696 -2.499139,43.211927,640.860 -2.499137,43.211915,641.051 -2.499132,43.211904,641.210 -2.499131,43.211891,641.632 -2.499133,43.211881,641.892 -2.499135,43.211868,641.811 -2.499137,43.211854,642.209 -2.499136,43.211840,642.494 -2.499135,43.211830,642.616 -2.499135,43.211820,642.845 -2.499138,43.211806,643.257 -2.499138,43.211794,643.654 -2.499143,43.211779,643.888 -2.499141,43.211769,644.092 -2.499140,43.211757,644.253 -2.499134,43.211741,644.412 -2.499131,43.211726,644.659 -2.499129,43.211715,645.003 -2.499128,43.211697,645.223 -2.499130,43.211688,645.609 -2.499131,43.211673,645.626 -2.499131,43.211658,646.048 -2.499133,43.211644,646.277 -2.499133,43.211634,646.629 -2.499138,43.211621,646.896 -2.499134,43.211609,647.230 -2.499128,43.211599,647.234 -2.499126,43.211588,647.635 -2.499127,43.211569,647.854 -2.499127,43.211557,648.023 -2.499130,43.211541,648.283 -2.499137,43.211529,648.611 -2.499144,43.211515,648.809 -2.499149,43.211502,649.273 -2.499151,43.211491,649.265 -2.499157,43.211477,649.444 -2.499161,43.211467,649.686 -2.499165,43.211452,649.813 -2.499165,43.211440,650.287 -2.499162,43.211418,650.451 -2.499162,43.211407,650.612 -2.499167,43.211389,650.611 -2.499171,43.211379,651.019 -2.499174,43.211364,651.209 -2.499172,43.211351,651.619 -2.499172,43.211337,651.809 -2.499176,43.211328,652.062 -2.499175,43.211316,652.214 -2.499177,43.211302,652.653 -2.499180,43.211289,652.815 -2.499182,43.211273,653.082 -2.499183,43.211263,653.256 -2.499185,43.211246,653.220 -2.499187,43.211236,653.421 -2.499190,43.211220,653.820 -2.499194,43.211203,654.039 -2.499194,43.211189,654.201 -2.499196,43.211169,654.621 -2.499196,43.211155,654.809 -2.499197,43.211139,655.034 -2.499199,43.211127,655.256 -2.499206,43.211109,655.455 -2.499206,43.211098,655.677 -2.499210,43.211083,655.674 -2.499216,43.211070,656.028 -2.499221,43.211054,656.232 -2.499228,43.211036,656.483 -2.499234,43.211021,656.682 -2.499239,43.211006,656.844 -2.499242,43.210994,657.005 -2.499239,43.210981,657.215 -2.499240,43.210968,657.609 -2.499241,43.210952,657.625 -2.499240,43.210941,657.837 -2.499247,43.210921,658.096 -2.499251,43.210908,658.238 -2.499256,43.210890,658.245 -2.499259,43.210871,658.679 -2.499255,43.210853,658.893 -2.499255,43.210831,659.024 -2.499253,43.210812,659.273 -2.499259,43.210790,659.236 -2.499263,43.210774,659.417 -2.499270,43.210754,659.818 -2.499277,43.210735,659.809 -2.499288,43.210718,659.844 -2.499297,43.210702,660.066 -2.499309,43.210690,660.275 -2.499325,43.210674,660.257 -2.499336,43.210659,660.464 -2.499349,43.210646,660.428 -2.499365,43.210635,660.612 -2.499383,43.210619,660.833 -2.499398,43.210603,661.082 -2.499412,43.210587,661.265 -2.499426,43.210580,661.468 -2.499440,43.210569,661.414 -2.499460,43.210558,661.609 -2.499475,43.210547,661.837 -2.499488,43.210536,662.059 -2.499504,43.210527,662.498 -2.499519,43.210515,662.450 -2.499524,43.210510,663.017 -2.499532,43.210499,663.261 -2.499542,43.210488,663.475 -2.499549,43.210476,663.486 -2.499557,43.210464,663.895 -2.499568,43.210458,664.031 -2.499575,43.210449,664.261 -2.499582,43.210439,664.407 -2.499591,43.210427,664.809 -2.499598,43.210419,665.214 -2.499609,43.210407,665.456 -2.499618,43.210398,665.615 -2.499625,43.210385,666.057 -2.499627,43.210381,666.454 -2.499631,43.210371,666.648 -2.499634,43.210365,667.062 -2.499640,43.210354,667.263 -2.499645,43.210345,667.442 -2.499651,43.210331,667.881 -2.499652,43.210330,668.261 -2.499661,43.210318,668.417 -2.499665,43.210314,668.809 -2.499665,43.210306,669.039 -2.499664,43.210302,669.431 -2.499666,43.210293,669.670 -2.499670,43.210284,670.292 -2.499678,43.210274,670.269 -2.499682,43.210268,670.673 -2.499689,43.210260,671.077 -2.499698,43.210251,671.448 -2.499704,43.210241,671.877 -2.499698,43.210236,672.281 -2.499695,43.210223,672.461 -2.499692,43.210213,672.817 -2.499686,43.210204,673.009 -2.499682,43.210194,673.279 -2.499678,43.210182,673.481 -2.499670,43.210169,673.670 -2.499658,43.210157,673.862 -2.499652,43.210145,674.269 -2.499646,43.210132,674.663 -2.499639,43.210122,674.637 -2.499636,43.210105,674.878 -2.499624,43.210095,675.227 -2.499619,43.210084,675.658 -2.499615,43.210071,675.852 -2.499612,43.210052,676.217 -2.499608,43.210040,676.409 -2.499603,43.210031,676.636 -2.499590,43.210028,676.888 -2.499590,43.210022,677.427 -2.499580,43.210011,677.639 -2.499568,43.210007,678.076 -2.499552,43.210001,678.280 -2.499543,43.210003,678.474 -2.499529,43.210010,678.825 -2.499509,43.210017,679.024 -2.499486,43.210015,679.272 -2.499472,43.210014,679.613 -2.499468,43.210007,679.614 -2.499468,43.209994,679.809 -2.499472,43.209975,680.048 -2.499473,43.209962,680.210 -2.499478,43.209951,680.699 -2.499480,43.209938,680.871 -2.499483,43.209927,681.018 -2.499492,43.209911,681.442 -2.499500,43.209903,681.666 -2.499506,43.209890,682.047 -2.499518,43.209878,682.266 -2.499526,43.209865,682.613 -2.499528,43.209851,682.843 -2.499525,43.209858,683.007 -2.499538,43.209845,683.409 -2.499542,43.209824,683.852 -2.499546,43.209808,684.054 -2.499555,43.209797,684.223 -2.499559,43.209785,684.495 -2.499563,43.209771,684.682 -2.499567,43.209763,684.856 -2.499568,43.209750,685.490 -2.499578,43.209746,685.621 -2.499584,43.209737,685.670 -2.499590,43.209725,686.094 -2.499589,43.209714,686.257 -2.499588,43.209700,686.422 -2.499586,43.209684,686.609 -2.499576,43.209673,686.850 -2.499564,43.209665,687.072 -2.499556,43.209653,687.271 -2.499545,43.209639,687.243 -2.499532,43.209630,687.630 -2.499529,43.209613,687.694 -2.499527,43.209593,687.828 -2.499521,43.209585,688.079 -2.499515,43.209572,688.428 -2.499511,43.209560,688.689 -2.499504,43.209543,689.006 -2.499492,43.209527,689.226 -2.499479,43.209516,689.209 -2.499464,43.209500,689.439 -2.499447,43.209483,689.631 -2.499435,43.209469,689.670 -2.499420,43.209456,690.062 -2.499406,43.209446,690.099 -2.499391,43.209439,690.083 -2.499374,43.209438,690.077 -2.499355,43.209436,690.018 -2.499341,43.209434,690.057 -2.499328,43.209424,690.094 -2.499322,43.209412,690.457 -2.499305,43.209391,690.622 -2.499288,43.209373,690.609 -2.499264,43.209358,690.630 -2.499239,43.209347,690.672 -2.499213,43.209338,690.211 -2.499185,43.209328,690.283 -2.499161,43.209318,690.030 -2.499134,43.209306,690.074 -2.499109,43.209295,690.048 -2.499080,43.209280,690.099 -2.499055,43.209267,690.078 -2.499034,43.209254,690.097 -2.499013,43.209239,689.823 -2.498992,43.209225,689.625 -2.498966,43.209209,689.609 -2.498943,43.209198,689.430 -2.498919,43.209182,689.222 -2.498899,43.209170,689.051 -2.498879,43.209157,689.033 -2.498855,43.209146,688.850 -2.498831,43.209131,688.894 -2.498810,43.209114,688.888 -2.498788,43.209100,688.639 -2.498768,43.209083,688.658 -2.498746,43.209070,688.476 -2.498721,43.209053,688.490 -2.498695,43.209040,688.419 -2.498666,43.209023,688.409 -2.498643,43.209011,688.698 -2.498621,43.209000,688.830 -2.498598,43.208987,689.229 -2.498577,43.208975,689.251 -2.498556,43.208966,689.458 -2.498536,43.208961,689.622 -2.498514,43.208955,689.886 -2.498491,43.208952,690.047 -2.498467,43.208950,690.246 -2.498438,43.208946,690.456 -2.498416,43.208943,690.659 -2.498392,43.208937,691.014 -2.498366,43.208929,691.209 -2.498336,43.208917,691.636 -2.498315,43.208912,691.878 -2.498291,43.208905,691.817 -2.498265,43.208898,692.259 -2.498242,43.208889,692.436 -2.498223,43.208873,692.620 -2.498213,43.208860,692.694 -2.498215,43.208835,692.635 -2.498195,43.208826,692.694 -2.498176,43.208810,692.645 -2.498152,43.208799,692.647 -2.498119,43.208792,692.611 -2.498093,43.208780,692.809 -2.498064,43.208766,692.815 -2.498035,43.208751,693.037 -2.498011,43.208736,693.296 -2.497990,43.208720,693.278 -2.497968,43.208700,693.215 -2.497955,43.208680,693.289 -2.497951,43.208651,693.033 -2.497943,43.208628,693.084 -2.497941,43.208594,693.083 -2.497931,43.208571,692.812 -2.497927,43.208538,692.432 -2.497924,43.208511,692.205 -2.497920,43.208483,691.809 -2.497917,43.208457,691.692 -2.497913,43.208430,690.634 -2.497904,43.208406,690.433 -2.497893,43.208385,690.285 -2.497880,43.208361,690.062 -2.497864,43.208335,690.096 -2.497849,43.208311,689.890 -2.497833,43.208287,689.261 -2.497814,43.208264,689.070 -2.497802,43.208238,688.899 -2.497789,43.208213,688.807 -2.497773,43.208190,688.627 -2.497753,43.208166,688.409 -2.497730,43.208148,688.050 -2.497713,43.208137,688.092 -2.497696,43.208121,688.061 -2.497678,43.208105,688.033 -2.497661,43.208081,688.420 -2.497643,43.208062,688.624 -2.497618,43.208040,688.838 -2.497596,43.208014,688.899 -2.497591,43.207987,688.868 -2.497577,43.207962,688.833 -2.497557,43.207940,688.623 -2.497538,43.207914,688.415 -2.497524,43.207890,687.809 -2.497505,43.207869,687.494 -2.497487,43.207848,687.276 -2.497465,43.207820,687.275 -2.497449,43.207794,687.027 -2.497426,43.207770,687.074 -2.497406,43.207744,687.048 -2.497388,43.207717,686.852 -2.497376,43.207688,686.633 -2.497363,43.207661,686.412 -2.497354,43.207638,686.053 -2.497348,43.207612,685.804 -2.497337,43.207582,685.414 -2.497319,43.207565,685.209 -2.497305,43.207536,685.076 -2.497294,43.207509,684.638 -2.497270,43.207486,684.477 -2.497252,43.207468,684.249 -2.497231,43.207443,684.246 -2.497211,43.207423,684.080 -2.497194,43.207399,683.884 -2.497178,43.207378,683.835 -2.497158,43.207350,683.864 -2.497142,43.207326,683.892 -2.497125,43.207299,683.673 -2.497111,43.207273,683.620 -2.497099,43.207244,683.609 -2.497082,43.207220,683.450 -2.497066,43.207195,683.212 -2.497053,43.207168,683.211 -2.497047,43.207142,683.093 -2.497046,43.207117,682.830 -2.497045,43.207096,682.834 -2.497039,43.207072,682.698 -2.497021,43.207047,682.699 -2.497008,43.207026,682.428 -2.496990,43.207002,682.256 -2.496971,43.206980,682.059 -2.496957,43.206953,681.614 -2.496946,43.206928,681.409 -2.496940,43.206903,681.246 -2.496923,43.206879,681.088 -2.496906,43.206857,680.647 -2.496886,43.206832,680.419 -2.496875,43.206809,680.416 -2.496864,43.206781,680.290 -2.496853,43.206756,679.894 -2.496844,43.206725,679.695 -2.496823,43.206699,679.664 -2.496812,43.206672,679.415 -2.496804,43.206646,679.265 -2.496775,43.206626,679.011 -2.496764,43.206601,678.809 -2.496758,43.206576,678.692 -2.496742,43.206554,678.484 -2.496726,43.206526,678.233 -2.496719,43.206499,678.295 -2.496716,43.206470,678.082 -2.496735,43.206443,678.036 -2.496742,43.206416,677.880 -2.496754,43.206390,677.681 -2.496769,43.206366,677.470 -2.496791,43.206344,677.273 -2.496814,43.206326,677.285 -2.496843,43.206311,677.213 -2.496871,43.206297,677.209 -2.496905,43.206284,677.238 -2.496932,43.206269,677.470 -2.496947,43.206254,677.819 -2.496941,43.206236,677.881 -2.496940,43.206216,677.888 -2.496930,43.206192,677.662 -2.496917,43.206172,677.446 -2.496903,43.206155,677.287 -2.496883,43.206140,677.226 -2.496859,43.206123,677.087 -2.496830,43.206104,677.042 -2.496804,43.206084,677.026 -2.496774,43.206063,677.009 -2.496750,43.206043,677.039 -2.496729,43.206019,677.031 -2.496711,43.205996,677.260 -2.496692,43.205975,677.232 -2.496674,43.205952,677.449 -2.496663,43.205931,677.413 -2.496657,43.205912,677.617 -2.496649,43.205893,677.818 -2.496640,43.205877,678.297 -2.496630,43.205856,678.651 -2.496622,43.205840,678.801 -2.496619,43.205820,679.211 -2.496596,43.205805,679.209 -2.496579,43.205788,679.696 -2.496564,43.205768,679.818 -2.496555,43.205752,680.027 -2.496547,43.205736,680.049 -2.496534,43.205717,680.226 -2.496519,43.205694,680.230 -2.496507,43.205674,680.274 -2.496493,43.205648,680.415 -2.496474,43.205631,680.454 -2.496459,43.205609,680.412 -2.496447,43.205592,680.432 -2.496435,43.205564,680.405 -2.496426,43.205540,680.409 -2.496417,43.205516,680.462 -2.496408,43.205491,680.424 -2.496394,43.205469,680.433 -2.496379,43.205447,680.265 -2.496361,43.205427,680.232 -2.496347,43.205404,680.076 -2.496331,43.205385,680.060 -2.496312,43.205361,679.811 -2.496293,43.205340,679.640 -2.496273,43.205321,679.487 -2.496250,43.205300,679.242 -2.496219,43.205280,679.226 -2.496192,43.205264,679.009 -2.496162,43.205248,679.089 -2.496137,43.205234,678.851 -2.496110,43.205220,678.850 -2.496085,43.205206,678.812 -2.496063,43.205193,679.239 -2.496038,43.205179,679.423 -2.496018,43.205167,679.667 -2.495990,43.205151,679.628 -2.495958,43.205136,679.667 -2.495927,43.205121,679.669 -2.495902,43.205109,679.604 -2.495868,43.205096,679.624 -2.495840,43.205088,679.609 -2.495812,43.205076,679.677 -2.495783,43.205065,679.689 -2.495756,43.205056,679.858 -2.495731,43.205049,680.020 -2.495702,43.205040,680.037 -2.495676,43.205032,680.231 -2.495645,43.205023,680.445 -2.495617,43.205014,680.436 -2.495592,43.205006,680.675 -2.495565,43.204994,680.815 -2.495540,43.204982,680.665 -2.495516,43.204968,680.611 -2.495488,43.204951,680.609 -2.495460,43.204933,680.242 -2.495430,43.204916,679.884 -2.495401,43.204900,679.633 -2.495371,43.204883,679.665 -2.495342,43.204866,679.432 -2.495311,43.204849,679.496 -2.495285,43.204827,679.070 -2.495256,43.204814,678.661 -2.495226,43.204802,678.670 -2.495198,43.204790,678.229 -2.495176,43.204775,678.000 -2.495150,43.204764,678.020 -2.495126,43.204747,677.809 -2.495104,43.204730,677.853 -2.495077,43.204712,677.815 -2.495051,43.204692,677.614 -2.495026,43.204674,677.086 -2.495004,43.204656,676.863 -2.494983,43.204639,676.667 -2.494959,43.204620,676.481 -2.494933,43.204603,676.452 -2.494906,43.204586,676.221 -2.494883,43.204571,676.247 -2.494860,43.204553,676.229 -2.494835,43.204534,676.221 -2.494805,43.204518,676.209 -2.494781,43.204505,676.465 -2.494756,43.204494,676.487 -2.494727,43.204483,676.486 -2.494692,43.204471,676.438 -2.494661,43.204456,676.445 -2.494634,43.204444,676.419 -2.494601,43.204429,676.443 -2.494570,43.204417,676.414 -2.494542,43.204405,676.423 -2.494517,43.204391,676.239 -2.494485,43.204378,675.801 -2.494452,43.204365,675.421 -2.494421,43.204356,675.209 -2.494389,43.204346,675.084 -2.494359,43.204335,674.836 -2.494333,43.204318,674.615 -2.494322,43.204296,674.237 -2.494308,43.204279,674.084 -2.494280,43.204262,673.618 -2.494250,43.204247,672.842 -2.494213,43.204236,672.413 -2.494183,43.204224,671.842 -2.494152,43.204214,671.421 -2.494124,43.204202,670.841 -2.494097,43.204188,670.205 -2.494070,43.204175,669.809 -2.494052,43.204168,669.293 -2.494077,43.204179,668.845 -2.494070,43.204176,668.464 -2.494041,43.204172,668.226 -2.494007,43.204162,668.253 -2.493976,43.204150,668.277 -2.493942,43.204134,668.051 -2.493912,43.204113,667.672 -2.493882,43.204094,667.271 -2.493855,43.204077,666.846 -2.493827,43.204060,666.488 -2.493800,43.204039,666.016 -2.493777,43.204021,665.609 -2.493751,43.203999,665.265 -2.493723,43.203981,665.217 -2.493693,43.203960,665.076 -2.493666,43.203942,664.878 -2.493637,43.203922,664.635 -2.493601,43.203911,664.219 -2.493563,43.203897,664.013 -2.493532,43.203886,663.494 -2.493494,43.203874,663.423 -2.493462,43.203864,663.244 -2.493425,43.203849,663.205 -2.493395,43.203836,663.215 -2.493364,43.203818,663.209 -2.493336,43.203799,663.215 -2.493303,43.203780,663.037 -2.493275,43.203763,663.036 -2.493243,43.203745,662.878 -2.493214,43.203728,662.835 -2.493188,43.203711,662.699 -2.493164,43.203695,662.663 -2.493134,43.203679,662.674 -2.493112,43.203665,662.673 -2.493091,43.203651,662.668 -2.493064,43.203640,662.842 -2.493036,43.203631,663.026 -2.493013,43.203629,663.009 -2.492995,43.203626,663.247 -2.492972,43.203614,663.459 -2.492954,43.203607,663.658 -2.492938,43.203598,663.810 -2.492922,43.203590,664.217 -2.492904,43.203584,664.241 -2.492887,43.203575,664.615 -2.492873,43.203569,664.636 -2.492854,43.203559,664.865 -2.492833,43.203551,665.045 -2.492821,43.203543,665.447 -2.492808,43.203536,665.411 -2.492798,43.203528,665.809 -2.492785,43.203519,666.065 -2.492768,43.203509,666.667 -2.492755,43.203498,666.816 -2.492745,43.203490,667.238 -2.492735,43.203482,667.445 -2.492726,43.203475,667.639 -2.492711,43.203465,667.853 -2.492697,43.203453,668.274 -2.492679,43.203449,668.453 -2.492663,43.203441,668.696 -2.492661,43.203439,668.831 -2.492643,43.203430,669.024 -2.492635,43.203424,669.409 -2.492623,43.203420,669.490 -2.492618,43.203417,669.882 -2.492607,43.203411,669.881 -2.492591,43.203403,670.273 -2.492582,43.203396,670.280 -2.492571,43.203388,670.464 -2.492555,43.203380,670.848 -2.492541,43.203373,671.099 -2.492533,43.203371,671.438 -2.492521,43.203366,671.646 -2.492513,43.203365,671.888 -2.492503,43.203361,672.016 -2.492492,43.203361,672.409 -2.492479,43.203358,672.445 -2.492462,43.203354,672.677 -2.492453,43.203350,672.896 -2.492437,43.203345,673.088 -2.492435,43.203343,673.255 -2.492423,43.203338,673.479 -2.492415,43.203334,673.883 -2.492408,43.203325,674.014 -2.492396,43.203312,674.473 -2.492388,43.203305,674.475 -2.492371,43.203291,674.628 -2.492360,43.203282,675.020 -2.492346,43.203274,675.209 -2.492339,43.203269,675.618 -2.492327,43.203260,675.880 -2.492323,43.203256,676.099 -2.492311,43.203251,676.241 -2.492304,43.203248,676.458 -2.492295,43.203244,676.682 -2.492280,43.203241,677.066 -2.492270,43.203230,677.237 -2.492260,43.203222,677.646 -2.492247,43.203213,677.838 -2.492237,43.203206,678.070 -2.492231,43.203201,678.217 -2.492218,43.203199,678.409 -2.492200,43.203196,678.844 -2.492194,43.203191,679.076 -2.492194,43.203180,679.425 -2.492179,43.203170,679.647 -2.492169,43.203164,679.884 -2.492159,43.203160,680.058 -2.492151,43.203155,680.442 -2.492139,43.203149,680.443 -2.492125,43.203140,680.862 -2.492118,43.203136,681.088 -2.492112,43.203126,681.224 -2.492110,43.203118,681.226 -2.492107,43.203109,681.609 -2.492099,43.203104,682.039 -2.492090,43.203088,682.251 -2.492078,43.203076,682.470 -2.492070,43.203064,682.682 -2.492058,43.203055,682.839 -2.492044,43.203044,683.073 -2.492032,43.203037,683.297 -2.492023,43.203025,683.228 -2.492014,43.203017,683.467 -2.492007,43.203011,683.668 -2.491997,43.203004,684.042 -2.491985,43.202994,684.226 -2.491979,43.202989,684.409 -2.491974,43.202981,684.657 -2.491979,43.202971,684.849 -2.491971,43.202955,685.028 -2.491967,43.202949,685.270 -2.491955,43.202948,685.427 -2.491945,43.202944,685.621 -2.491929,43.202933,685.835 -2.491923,43.202924,686.036 -2.491911,43.202918,686.235 -2.491903,43.202914,686.491 -2.491891,43.202904,686.681 -2.491879,43.202896,687.019 -2.491874,43.202893,687.209 -2.491861,43.202883,687.410 -2.491858,43.202878,687.642 -2.491846,43.202868,688.051 -2.491841,43.202863,688.293 -2.491830,43.202856,688.460 -2.491822,43.202851,688.874 -2.491810,43.202844,689.068 -2.491808,43.202832,689.259 -2.491796,43.202823,689.438 -2.491787,43.202819,689.689 -2.491773,43.202810,689.806 -2.491762,43.202802,690.226 -2.491749,43.202791,690.409 -2.491738,43.202787,690.649 -2.491725,43.202786,690.841 -2.491719,43.202785,691.030 -2.491704,43.202780,691.452 -2.491693,43.202773,691.419 -2.491686,43.202761,691.633 -2.491682,43.202749,692.087 -2.491676,43.202740,692.238 -2.491670,43.202730,692.447 -2.491668,43.202728,692.827 -2.491667,43.202716,693.068 -2.491659,43.202707,693.214 -2.491652,43.202698,693.409 -2.491642,43.202695,693.893 -2.491633,43.202688,694.055 -2.491625,43.202680,694.434 -2.491621,43.202675,694.856 -2.491611,43.202667,695.083 -2.491604,43.202660,695.217 -2.491600,43.202654,695.441 -2.491592,43.202640,695.842 -2.491588,43.202631,696.031 -2.491584,43.202623,696.486 -2.491581,43.202610,696.660 -2.491579,43.202604,696.826 -2.491586,43.202584,697.209 -2.491582,43.202573,697.249 -2.491571,43.202560,697.461 -2.491564,43.202552,697.670 -2.491559,43.202542,697.882 -2.491553,43.202536,698.249 -2.491548,43.202527,698.413 -2.491537,43.202519,698.687 -2.491528,43.202512,698.858 -2.491521,43.202505,699.017 -2.491517,43.202493,699.293 -2.491507,43.202478,699.465 -2.491501,43.202478,699.621 -2.491489,43.202471,700.009 -2.491487,43.202465,700.230 -2.491482,43.202453,700.482 -2.491482,43.202441,700.871 -2.491477,43.202430,701.083 -2.491478,43.202417,701.260 -2.491485,43.202406,701.454 -2.491493,43.202396,701.898 -2.491497,43.202384,702.299 -2.491502,43.202373,702.278 -2.491505,43.202356,702.623 -2.491513,43.202339,703.083 -2.491517,43.202325,703.211 -2.491515,43.202332,703.409 -2.491511,43.202317,703.473 -2.491506,43.202296,703.865 -2.491503,43.202272,704.214 -2.491503,43.202259,704.626 -2.491515,43.202252,704.863 -2.491518,43.202252,705.227 -2.491525,43.202246,705.461 -2.491529,43.202241,705.842 -2.491537,43.202240,705.861 -2.491540,43.202234,706.282 -2.491551,43.202229,706.443 -2.491550,43.202229,706.617 -2.491548,43.202227,707.009 -2.491549,43.202224,707.279 -2.491553,43.202223,707.661 -2.491564,43.202227,707.820 -2.491574,43.202217,708.482 -2.491579,43.202210,708.649 -2.491582,43.202201,708.883 -2.491580,43.202195,709.277 -2.491579,43.202191,709.228 -2.491577,43.202191,709.447 -2.491574,43.202202,709.672 -2.491562,43.202205,709.813 -2.491554,43.202210,710.214 -2.491546,43.202212,710.609 -2.491548,43.202201,710.898 -2.491538,43.202197,711.020 -2.491533,43.202198,711.419 -2.491523,43.202189,711.851 -2.491517,43.202185,712.488 -2.491514,43.202185,712.612 -2.491505,43.202179,712.856 -2.491519,43.202195,713.237 -2.491513,43.202183,713.456 -2.491512,43.202164,713.886 -2.491511,43.202156,714.260 -2.491524,43.202164,714.426 -2.491534,43.202156,715.009 -2.491528,43.202151,715.279 -2.491523,43.202144,715.671 -2.491521,43.202132,715.820 -2.491521,43.202126,715.862 -2.491518,43.202117,716.069 -2.491507,43.202121,716.473 -2.491494,43.202119,716.427 -2.491488,43.202114,716.818 -2.491478,43.202115,717.017 -2.491477,43.202121,717.269 -2.491473,43.202126,717.604 -2.491464,43.202136,717.824 -2.491459,43.202140,718.009 -2.491450,43.202146,718.227 -2.491442,43.202143,718.499 -2.491441,43.202140,718.818 -2.491443,43.202141,719.250 -2.491434,43.202141,719.427 -2.491419,43.202144,719.821 -2.491408,43.202144,720.065 -2.491398,43.202145,720.436 -2.491379,43.202151,720.825 -2.491374,43.202150,721.018 -2.491363,43.202150,721.698 -2.491356,43.202145,722.017 -2.491353,43.202140,722.209 -2.491341,43.202132,722.692 -2.491340,43.202127,722.874 -2.491341,43.202116,723.283 -2.491337,43.202104,723.675 -2.491338,43.202096,723.832 -2.491335,43.202088,724.066 -2.491332,43.202086,724.660 -2.491315,43.202090,724.621 -2.491309,43.202088,725.080 -2.491304,43.202086,725.014 -2.491300,43.202079,725.454 -2.491302,43.202073,725.809 -2.491300,43.202067,726.009 -2.491295,43.202062,726.272 -2.491289,43.202056,726.654 -2.491284,43.202051,726.863 -2.491285,43.202048,727.075 -2.491283,43.202047,727.252 -2.491281,43.202044,727.466 -2.491282,43.202037,727.660 -2.491266,43.202030,727.861 -2.491257,43.202026,728.020 -2.491247,43.202017,728.487 -2.491243,43.202011,728.642 -2.491242,43.202003,728.626 -2.491240,43.201996,729.009 -2.491236,43.201993,729.249 -2.491232,43.201987,729.451 -2.491225,43.201985,729.640 -2.491217,43.201985,729.862 -2.491203,43.201976,730.099 -2.491191,43.201971,730.243 -2.491186,43.201968,730.427 -2.491165,43.201952,730.618 -2.491157,43.201946,730.857 -2.491148,43.201941,731.282 -2.491141,43.201939,731.443 -2.491133,43.201937,731.817 -2.491124,43.201933,732.209 -2.491116,43.201931,732.479 -2.491106,43.201927,732.491 -2.491090,43.201934,733.060 -2.491085,43.201927,733.262 -2.491080,43.201928,733.849 -2.491074,43.201924,734.083 -2.491068,43.201921,734.277 -2.491055,43.201915,734.268 -2.491047,43.201913,734.637 -2.491033,43.201908,734.843 -2.491018,43.201904,735.064 -2.491013,43.201902,735.410 -2.491003,43.201897,735.609 -2.491003,43.201887,736.025 -2.490995,43.201882,736.287 -2.490987,43.201880,736.616 -2.490975,43.201879,736.668 -2.490956,43.201883,737.065 -2.490946,43.201886,737.269 -2.490926,43.201889,737.473 -2.490916,43.201891,737.634 -2.490906,43.201893,737.873 -2.490898,43.201890,738.098 -2.490886,43.201887,738.215 -2.490867,43.201885,738.626 -2.490863,43.201883,738.809 -2.490847,43.201878,739.060 -2.490830,43.201874,739.272 -2.490817,43.201871,739.611 -2.490798,43.201867,740.033 -2.490781,43.201862,740.290 -2.490764,43.201856,740.464 -2.490749,43.201852,740.648 -2.490728,43.201848,740.679 -2.490708,43.201844,740.878 -2.490691,43.201843,740.852 -2.490674,43.201844,741.053 -2.490653,43.201848,741.008 -2.490643,43.201848,741.209 -2.490629,43.201844,741.446 -2.490616,43.201840,741.428 -2.490601,43.201836,742.257 -2.490585,43.201831,742.479 -2.490567,43.201827,742.856 -2.490554,43.201826,743.280 -2.490537,43.201822,743.264 -2.490523,43.201825,743.285 -2.490511,43.201823,743.474 -2.490496,43.201823,743.449 -2.490479,43.201825,743.602 -2.490471,43.201826,743.822 -2.490448,43.201827,744.209 -2.490438,43.201829,744.635 -2.490415,43.201833,744.877 -2.490408,43.201832,745.426 -2.490389,43.201829,745.668 -2.490379,43.201828,745.815 -2.490351,43.201825,746.079 -2.490339,43.201822,746.423 -2.490317,43.201818,746.684 -2.490301,43.201812,747.053 -2.490285,43.201807,747.293 -2.490267,43.201802,747.465 -2.490242,43.201801,747.621 -2.490225,43.201799,748.209 -2.490207,43.201795,748.430 -2.490188,43.201787,748.642 -2.490180,43.201788,749.041 -2.490164,43.201783,749.893 -2.490150,43.201779,749.870 -2.490141,43.201777,750.244 -2.490130,43.201776,750.278 -2.490114,43.201779,750.689 -2.490092,43.201778,750.828 -2.490071,43.201778,751.099 -2.490043,43.201775,751.207 -2.490022,43.201766,751.427 -2.490005,43.201749,751.609 -2.489982,43.201743,751.820 -2.489954,43.201732,752.222 -2.489940,43.201725,752.291 -2.489928,43.201720,752.293 -2.489910,43.201707,752.650 -2.489898,43.201694,752.894 -2.489881,43.201679,753.248 -2.489857,43.201664,753.249 -2.489835,43.201653,753.268 -2.489805,43.201639,753.275 -2.489785,43.201623,753.028 -2.489763,43.201607,753.020 -2.489744,43.201593,753.009 -2.489728,43.201581,752.828 -2.489704,43.201569,752.830 -2.489677,43.201559,752.689 -2.489655,43.201551,752.491 -2.489631,43.201540,752.298 -2.489614,43.201525,751.842 -2.489594,43.201513,751.866 -2.489567,43.201506,751.857 -2.489543,43.201500,751.646 -2.489518,43.201496,751.641 -2.489498,43.201498,751.881 -2.489480,43.201493,751.809 -2.489461,43.201493,752.009 -2.489443,43.201494,752.625 -2.489421,43.201492,752.857 -2.489402,43.201481,753.016 -2.489382,43.201477,753.278 -2.489360,43.201472,754.055 -2.489346,43.201466,754.299 -2.489331,43.201461,754.423 -2.489313,43.201452,754.694 -2.489297,43.201446,754.813 -2.489278,43.201437,755.098 -2.489258,43.201434,755.415 -2.489244,43.201432,755.626 -2.489222,43.201425,756.009 -2.489210,43.201416,756.480 -2.489199,43.201412,756.692 -2.489181,43.201412,756.861 -2.489171,43.201412,757.043 -2.489151,43.201411,757.260 -2.489130,43.201407,757.234 -2.489113,43.201408,757.428 -2.489093,43.201409,757.849 -2.489070,43.201404,758.018 -2.489059,43.201404,758.255 -2.489044,43.201406,758.807 -2.489036,43.201405,759.217 -2.489018,43.201400,759.409 -2.488999,43.201402,759.696 -2.488982,43.201400,760.038 -2.488959,43.201393,760.457 -2.488936,43.201387,760.699 -2.488923,43.201386,760.836 -2.488905,43.201383,761.050 -2.488889,43.201378,761.074 -2.488881,43.201380,761.285 -2.488864,43.201380,761.464 -2.488848,43.201382,761.644 -2.488830,43.201382,762.005 -2.488814,43.201382,762.215 -2.488795,43.201384,762.209 -2.488780,43.201386,762.495 -2.488757,43.201389,762.827 -2.488744,43.201387,762.846 -2.488719,43.201387,763.068 -2.488695,43.201385,763.025 -2.488675,43.201386,763.049 -2.488664,43.201387,763.233 -2.488646,43.201390,763.484 -2.488624,43.201390,763.643 -2.488611,43.201389,763.665 -2.488591,43.201390,764.068 -2.488571,43.201392,764.214 -2.488556,43.201393,764.409 -2.488536,43.201395,764.617 -2.488527,43.201399,765.099 -2.488499,43.201397,765.268 -2.488488,43.201398,765.460 -2.488458,43.201393,765.447 -2.488442,43.201395,765.871 -2.488435,43.201397,765.865 -2.488420,43.201400,766.046 -2.488414,43.201399,766.415 -2.488388,43.201394,766.618 -2.488373,43.201390,766.898 -2.488353,43.201388,767.017 -2.488336,43.201389,767.209 -2.488324,43.201386,767.692 -2.488311,43.201390,767.894 -2.488293,43.201396,768.233 -2.488284,43.201398,768.485 -2.488269,43.201405,768.652 -2.488253,43.201410,768.836 -2.488234,43.201413,769.280 -2.488217,43.201419,769.411 -2.488196,43.201416,769.640 -2.488178,43.201417,770.098 -2.488162,43.201419,770.215 -2.488148,43.201413,770.626 -2.488133,43.201407,770.809 -2.488117,43.201415,770.880 -2.488103,43.201416,771.252 -2.488090,43.201415,771.441 -2.488079,43.201415,771.613 -2.488070,43.201418,772.070 -2.488051,43.201419,772.264 -2.488041,43.201427,772.688 -2.488016,43.201430,772.839 -2.488000,43.201433,773.218 -2.487984,43.201435,773.453 -2.487975,43.201437,773.604 -2.487961,43.201434,773.814 -2.487949,43.201435,774.009 -2.487932,43.201434,774.256 -2.487921,43.201434,774.438 -2.487904,43.201436,774.647 -2.487887,43.201441,774.889 -2.487874,43.201443,775.456 -2.487858,43.201448,775.620 -2.487844,43.201454,775.874 -2.487836,43.201457,776.025 -2.487821,43.201460,776.274 -2.487815,43.201462,776.435 -2.487796,43.201464,776.686 -2.487786,43.201464,777.014 -2.487767,43.201463,777.409 -2.487754,43.201463,777.684 -2.487739,43.201459,777.826 -2.487725,43.201456,778.295 -2.487708,43.201454,778.477 -2.487692,43.201456,778.614 -2.487674,43.201457,778.838 -2.487666,43.201457,779.232 -2.487647,43.201466,779.453 -2.487634,43.201475,779.422 -2.487618,43.201477,779.694 -2.487603,43.201472,780.057 -2.487591,43.201468,780.022 -2.487566,43.201466,780.409 -2.487549,43.201465,780.610 -2.487533,43.201466,780.852 -2.487523,43.201468,781.021 -2.487503,43.201469,781.073 -2.487492,43.201468,781.480 -2.487486,43.201464,781.644 -2.487473,43.201456,781.878 -2.487462,43.201452,782.229 -2.487449,43.201447,782.498 -2.487433,43.201451,782.874 -2.487412,43.201451,783.256 -2.487394,43.201445,783.421 -2.487376,43.201440,783.409 -2.487362,43.201436,783.688 -2.487347,43.201432,783.620 -2.487333,43.201432,784.079 -2.487324,43.201431,784.211 -2.487301,43.201432,784.488 -2.487282,43.201434,784.652 -2.487257,43.201435,784.816 -2.487239,43.201438,784.877 -2.487221,43.201437,784.896 -2.487210,43.201442,784.889 -2.487193,43.201446,785.006 -2.487186,43.201448,785.226 -2.487183,43.201438,785.609 -2.487176,43.201440,785.829 -2.487171,43.201445,786.221 -2.487169,43.201453,786.660 -2.487158,43.201461,786.872 -2.487147,43.201467,787.289 -2.487125,43.201462,787.633 -2.487109,43.201463,788.037 -2.487082,43.201464,788.428 -2.487071,43.201468,788.687 -2.487059,43.201471,788.669 -2.487023,43.201474,789.004 -2.487012,43.201468,789.024 -2.487003,43.201459,789.009 -2.486990,43.201453,789.287 -2.486974,43.201455,789.679 -2.486961,43.201457,789.648 -2.486959,43.201463,789.860 -2.486959,43.201463,789.877 -2.486965,43.201467,790.011 -2.486963,43.201472,790.095 -2.486959,43.201463,790.276 -2.486959,43.201463,790.255 -2.486959,43.201463,790.452 -2.486959,43.201463,790.453 -2.486960,43.201466,790.408 -2.486962,43.201466,790.409 -2.486956,43.201465,790.426 -2.486957,43.201465,790.488 -2.486955,43.201466,790.487 -2.486951,43.201466,790.619 -2.486950,43.201466,790.656 -2.486950,43.201466,790.690 -2.486953,43.201466,790.674 -2.486962,43.201470,790.655 -2.486965,43.201469,790.664 -2.486964,43.201469,790.646 -2.486965,43.201469,790.688 -2.486965,43.201469,790.616 -2.486964,43.201470,790.609 -2.486965,43.201479,790.695 -2.486954,43.201488,790.637 -2.486939,43.201499,790.626 -2.486940,43.201507,790.688 -2.486949,43.201502,790.655 -2.486954,43.201520,790.429 -2.486971,43.201537,790.293 -2.486967,43.201538,790.084 -2.486977,43.201557,789.833 -2.486991,43.201556,789.831 -2.487019,43.201555,789.261 -2.487047,43.201557,788.607 -2.487080,43.201558,788.409 -2.487111,43.201557,788.074 -2.487141,43.201562,787.446 -2.487183,43.201569,786.825 -2.487165,43.201574,786.257 -2.487149,43.201579,786.044 -2.487127,43.201590,785.498 -2.487099,43.201607,784.642 -2.487072,43.201621,784.013 -2.487047,43.201631,783.412 -2.487032,43.201632,783.051 -2.487029,43.201638,782.401 -2.487021,43.201642,782.411 -2.487014,43.201655,782.009 -2.487006,43.201671,782.036 -2.486992,43.201689,781.898 -2.486984,43.201708,781.477 -2.486970,43.201728,781.039 -2.486949,43.201740,780.456 -2.486922,43.201757,779.680 -2.486900,43.201771,779.084 -2.486884,43.201782,778.425 -2.486860,43.201797,778.054 -2.486834,43.201809,777.236 -2.486818,43.201824,776.817 -2.486794,43.201839,775.818 -2.486773,43.201857,775.009 -2.486769,43.201870,774.894 -2.486759,43.201883,774.436 -2.486747,43.201899,773.625 -2.486734,43.201915,773.087 -2.486722,43.201933,772.694 -2.486718,43.201954,772.458 -2.486711,43.201974,771.852 -2.486703,43.201995,771.213 -2.486683,43.202017,771.052 -2.486667,43.202036,770.653 -2.486631,43.202044,770.204 -2.486598,43.202058,769.414 -2.486572,43.202078,768.609 -2.486551,43.202106,768.086 -2.486540,43.202131,767.638 -2.486530,43.202159,767.647 -2.486521,43.202185,766.899 -2.486505,43.202212,766.836 -2.486487,43.202232,766.650 -2.486458,43.202244,766.644 -2.486432,43.202261,766.455 -2.486403,43.202280,766.434 -2.486385,43.202292,766.015 -2.486374,43.202309,765.865 -2.486360,43.202323,765.811 -2.486348,43.202337,765.609 -2.486328,43.202351,765.222 -2.486299,43.202359,764.634 -2.486276,43.202366,764.023 -2.486249,43.202377,763.835 -2.486232,43.202393,763.292 -2.486211,43.202408,762.876 -2.486202,43.202417,762.660 -2.486181,43.202420,762.451 -2.486164,43.202422,762.240 -2.486147,43.202426,762.233 -2.486135,43.202431,761.623 -2.486124,43.202440,761.215 -2.486106,43.202454,760.809 -2.486095,43.202467,760.244 -2.486090,43.202477,759.666 -2.486085,43.202485,759.095 -2.486074,43.202495,758.217 -2.486060,43.202509,757.454 -2.486044,43.202518,756.858 -2.486036,43.202528,756.292 -2.486038,43.202550,755.483 -2.486037,43.202570,754.862 -2.486038,43.202588,754.438 -2.486043,43.202604,753.670 -2.486025,43.202612,753.017 -2.486012,43.202633,752.009 -2.486000,43.202651,751.014 -2.486005,43.202667,750.476 -2.486004,43.202689,749.845 -2.486002,43.202705,748.897 -2.486000,43.202721,748.084 -2.486002,43.202734,747.428 -2.486007,43.202746,747.062 -2.486006,43.202764,746.443 -2.486001,43.202780,746.012 -2.485992,43.202794,745.443 -2.485971,43.202817,745.064 -2.485950,43.202828,744.410 -2.485931,43.202844,743.609 -2.485911,43.202862,743.065 -2.485893,43.202881,742.077 -2.485889,43.202901,741.466 -2.485871,43.202925,741.248 -2.485860,43.202948,740.615 -2.485856,43.202967,739.899 -2.485856,43.202986,739.093 -2.485856,43.203003,738.684 -2.485846,43.203022,738.243 -2.485836,43.203036,737.891 -2.485826,43.203052,737.481 -2.485812,43.203070,736.619 -2.485803,43.203088,736.209 -2.485798,43.203109,735.860 -2.485801,43.203127,735.452 -2.485803,43.203146,735.011 -2.485800,43.203168,734.423 -2.485793,43.203187,733.840 -2.485777,43.203208,733.424 -2.485758,43.203227,733.098 -2.485741,43.203239,732.429 -2.485719,43.203254,732.028 -2.485705,43.203264,731.899 -2.485690,43.203275,731.607 -2.485679,43.203283,731.227 -2.485662,43.203292,730.809 -2.485642,43.203301,730.490 -2.485616,43.203311,729.892 -2.485593,43.203324,729.031 -2.485571,43.203338,728.263 -2.485549,43.203352,727.410 -2.485516,43.203369,726.844 -2.485493,43.203387,726.438 -2.485473,43.203407,725.659 -2.485460,43.203427,725.628 -2.485456,43.203448,725.431 -2.485449,43.203468,725.261 -2.485439,43.203487,725.207 -2.485427,43.203508,725.209 -2.485417,43.203525,724.834 -2.485400,43.203548,724.496 -2.485382,43.203566,724.075 -2.485362,43.203581,723.867 -2.485351,43.203584,723.424 -2.485331,43.203596,722.898 -2.485319,43.203604,722.682 -2.485305,43.203607,722.623 -2.485297,43.203610,722.472 -2.485285,43.203616,722.218 -2.485282,43.203619,722.098 -2.485280,43.203626,721.817 -2.485274,43.203626,721.409 -2.485257,43.203633,720.892 -2.485234,43.203643,720.614 -2.485216,43.203651,720.223 -2.485202,43.203657,719.855 -2.485180,43.203667,719.642 -2.485155,43.203679,719.436 -2.485129,43.203690,719.270 -2.485111,43.203701,719.061 -2.485089,43.203714,718.630 -2.485069,43.203724,718.459 -2.485048,43.203736,718.003 -2.485031,43.203743,717.623 -2.485023,43.203750,717.009 -2.485011,43.203758,716.816 -2.484999,43.203765,716.688 -2.484986,43.203771,716.477 -2.484969,43.203777,716.089 -2.484941,43.203790,715.676 -2.484912,43.203804,715.260 -2.484896,43.203815,715.054 -2.484872,43.203831,714.685 -2.484854,43.203846,714.044 -2.484833,43.203863,713.493 -2.484811,43.203873,712.665 -2.484790,43.203883,712.021 -2.484764,43.203896,711.609 -2.484743,43.203906,711.040 -2.484718,43.203919,710.412 -2.484694,43.203932,710.221 -2.484673,43.203943,709.453 -2.484646,43.203955,708.880 -2.484627,43.203964,708.424 -2.484604,43.203974,707.818 -2.484588,43.203978,707.299 -2.484570,43.203988,706.848 -2.484558,43.203996,706.252 -2.484546,43.204007,705.853 -2.484531,43.204021,705.208 -2.484508,43.204035,704.409 -2.484487,43.204048,704.036 -2.484467,43.204059,703.228 -2.484453,43.204067,702.697 -2.484446,43.204072,702.059 -2.484428,43.204078,701.686 -2.484411,43.204082,701.260 -2.484394,43.204088,700.414 -2.484389,43.204099,700.065 -2.484379,43.204110,699.474 -2.484354,43.204124,699.019 -2.484337,43.204130,698.209 -2.484324,43.204132,697.619 -2.484311,43.204136,697.009 -2.484294,43.204141,696.242 -2.484262,43.204148,695.474 -2.484231,43.204151,694.873 -2.484204,43.204151,694.445 -2.484180,43.204149,693.612 -2.484164,43.204146,693.096 -2.484162,43.204145,692.650 -2.484154,43.204146,692.061 -2.484143,43.204149,691.670 -2.484139,43.204153,691.451 -2.484130,43.204157,691.201 -2.484115,43.204160,691.011 -2.484114,43.204163,690.609 -2.484114,43.204168,690.026 -2.484111,43.204172,689.698 -2.484101,43.204177,689.027 -2.484093,43.204181,688.649 -2.484080,43.204188,688.416 -2.484062,43.204193,688.070 -2.484050,43.204191,687.474 -2.484033,43.204189,686.675 -2.484022,43.204195,686.254 -2.484009,43.204199,685.688 -2.483995,43.204207,685.224 -2.483981,43.204215,684.626 -2.483966,43.204218,684.209 -2.483943,43.204219,683.659 -2.483926,43.204217,683.041 -2.483913,43.204216,682.410 -2.483905,43.204220,682.022 -2.483895,43.204227,681.879 -2.483882,43.204234,681.263 -2.483869,43.204240,681.067 -2.483854,43.204246,680.658 -2.483835,43.204249,680.277 -2.483821,43.204236,679.831 -2.483826,43.204243,679.461 -2.483810,43.204248,678.607 -2.483791,43.204251,678.409 -2.483772,43.204250,678.274 -2.483765,43.204250,677.836 -2.483755,43.204251,677.245 -2.483738,43.204256,677.047 -2.483734,43.204257,676.214 -2.483718,43.204254,675.828 -2.483694,43.204260,675.422 -2.483668,43.204263,674.843 -2.483639,43.204266,674.282 -2.483618,43.204265,673.866 -2.483597,43.204269,673.029 -2.483582,43.204272,672.221 -2.483558,43.204278,671.609 -2.483536,43.204281,671.237 -2.483518,43.204284,670.899 -2.483487,43.204281,670.468 -2.483474,43.204278,670.050 -2.483450,43.204279,669.237 -2.483425,43.204282,668.631 -2.483404,43.204289,668.085 -2.483373,43.204295,667.216 -2.483346,43.204299,666.625 -2.483319,43.204303,666.233 -2.483295,43.204307,665.623 -2.483266,43.204308,665.015 -2.483241,43.204311,664.609 -2.483225,43.204322,664.254 -2.483203,43.204330,663.866 -2.483184,43.204338,663.285 -2.483157,43.204347,662.887 -2.483130,43.204354,662.424 -2.483100,43.204362,661.688 -2.483068,43.204366,661.272 -2.483035,43.204364,660.433 -2.483011,43.204373,660.082 -2.482985,43.204381,659.681 -2.482963,43.204389,659.061 -2.482940,43.204395,658.217 -2.482907,43.204403,658.009 -2.482877,43.204411,657.669 -2.482848,43.204416,657.261 -2.482820,43.204420,656.690 -2.482786,43.204426,656.072 -2.482768,43.204434,655.279 -2.482748,43.204444,654.853 -2.482723,43.204452,654.627 -2.482695,43.204460,654.228 -2.482674,43.204469,653.847 -2.482654,43.204475,653.266 -2.482638,43.204478,652.629 -2.482614,43.204477,651.821 -2.482598,43.204478,651.409 -2.482588,43.204481,650.897 -2.482578,43.204486,650.429 -2.482563,43.204494,650.068 -2.482541,43.204503,649.210 -2.482521,43.204511,649.047 -2.482496,43.204521,648.821 -2.482476,43.204527,648.445 -2.482448,43.204534,647.486 -2.482421,43.204540,647.085 -2.482392,43.204547,646.489 -2.482361,43.204550,645.806 -2.482329,43.204551,645.426 -2.482306,43.204553,645.209 -2.482282,43.204556,644.639 -2.482261,43.204560,644.071 -2.482245,43.204566,643.620 -2.482228,43.204574,643.222 -2.482219,43.204586,642.879 -2.482211,43.204596,642.263 -2.482195,43.204605,641.477 -2.482183,43.204613,640.888 -2.482165,43.204625,640.477 -2.482146,43.204636,639.825 -2.482128,43.204644,639.226 -2.482116,43.204653,638.608 -2.482104,43.204661,638.009 -2.482105,43.204670,637.443 -2.482102,43.204681,637.045 -2.482090,43.204691,636.674 -2.482076,43.204703,636.056 -2.482063,43.204714,635.623 -2.482049,43.204726,635.047 -2.482038,43.204738,634.671 -2.482038,43.204738,634.052 -2.482014,43.204756,633.241 -2.481996,43.204766,632.618 -2.481973,43.204771,632.098 -2.481948,43.204782,631.217 -2.481921,43.204795,630.409 -2.481901,43.204804,630.062 -2.481882,43.204814,629.454 -2.481861,43.204822,628.883 -2.481861,43.204822,628.225 -2.481861,43.204822,627.642 -2.481767,43.204834,626.296 -2.481747,43.204845,625.870 -2.481732,43.204857,625.291 -2.481715,43.204874,624.810 -2.481699,43.204896,623.829 -2.481688,43.204914,622.800 -2.481672,43.204930,622.220 -2.481656,43.204946,621.809 -2.481634,43.204964,621.453 -2.481619,43.204976,620.865 -2.481597,43.204988,620.094 -2.481570,43.205000,619.416 -2.481537,43.205009,618.673 -2.481510,43.205016,617.827 -2.481482,43.205023,617.041 -2.481459,43.205030,616.892 -2.481439,43.205036,616.491 -2.481418,43.205045,615.815 -2.481394,43.205054,615.265 -2.481366,43.205063,614.611 -2.481338,43.205071,613.809 -2.481312,43.205078,613.452 -2.481290,43.205087,612.814 -2.481267,43.205101,612.083 -2.481239,43.205116,611.235 -2.481215,43.205131,610.622 -2.481192,43.205146,609.666 -2.481170,43.205161,609.040 -2.481151,43.205179,608.281 -2.481130,43.205198,607.420 -2.481109,43.205217,606.881 -2.481091,43.205235,606.261 -2.481074,43.205251,605.617 -2.481054,43.205268,604.809 -2.481034,43.205286,604.439 -2.481013,43.205302,603.641 -2.480985,43.205322,602.830 -2.480960,43.205339,602.652 -2.480942,43.205357,602.079 -2.480916,43.205376,601.063 -2.480890,43.205392,600.417 -2.480864,43.205408,599.898 -2.480840,43.205423,599.247 -2.480809,43.205441,598.229 -2.480780,43.205460,597.800 -2.480753,43.205475,597.420 -2.480730,43.205492,597.009 -2.480707,43.205508,596.423 -2.480692,43.205524,595.665 -2.480675,43.205545,595.224 -2.480663,43.205564,594.896 -2.480646,43.205582,594.673 -2.480630,43.205600,594.237 -2.480609,43.205613,593.691 -2.480589,43.205626,593.242 -2.480569,43.205643,593.031 -2.480544,43.205658,592.633 -2.480519,43.205671,592.423 -2.480498,43.205682,592.015 -2.480478,43.205691,591.409 -2.480456,43.205701,591.244 -2.480429,43.205712,590.696 -2.480398,43.205726,590.225 -2.480375,43.205741,590.267 -2.480349,43.205756,589.844 -2.480323,43.205772,589.488 -2.480296,43.205787,589.262 -2.480273,43.205802,588.613 -2.480248,43.205823,588.222 -2.480230,43.205842,587.823 -2.480212,43.205861,587.883 -2.480199,43.205877,587.611 -2.480185,43.205892,587.209 -2.480165,43.205905,586.883 -2.480147,43.205920,586.885 -2.480129,43.205931,586.814 -2.480108,43.205945,586.666 -2.480082,43.205960,586.013 -2.480057,43.205975,585.477 -2.480032,43.205992,584.891 -2.480005,43.206011,584.422 -2.479975,43.206028,584.451 -2.479954,43.206044,584.062 -2.479933,43.206059,583.683 -2.479911,43.206076,583.411 -2.479888,43.206094,583.409 -2.479867,43.206111,583.017 -2.479843,43.206129,582.899 -2.479822,43.206147,582.458 -2.479800,43.206163,582.210 -2.479780,43.206180,582.017 -2.479760,43.206194,581.671 -2.479739,43.206209,581.455 -2.479717,43.206230,581.466 -2.479692,43.206248,581.235 -2.479664,43.206263,580.655 -2.479640,43.206276,580.007 -2.479612,43.206291,579.617 -2.479590,43.206306,579.009 -2.479566,43.206322,578.626 -2.479544,43.206337,578.068 -2.479521,43.206351,577.617 -2.479501,43.206364,577.499 -2.479476,43.206378,577.456 -2.479455,43.206396,577.040 -2.479435,43.206412,576.694 -2.479413,43.206426,576.075 -2.479392,43.206438,575.854 -2.479367,43.206452,575.264 -2.479342,43.206467,574.806 -2.479314,43.206481,574.016 -2.479284,43.206496,573.609 -2.479259,43.206507,573.217 -2.479237,43.206517,572.459 -2.479215,43.206529,571.878 -2.479193,43.206541,571.290 -2.479167,43.206550,570.637 -2.479148,43.206560,570.091 -2.479140,43.206570,569.495 -2.479139,43.206583,568.896 -2.479132,43.206601,568.495 -2.479126,43.206616,568.028 -2.479116,43.206630,567.889 -2.479110,43.206640,567.217 -2.479090,43.206647,566.809 -2.479060,43.206652,566.423 -2.479033,43.206643,565.825 -2.479004,43.206639,565.494 -2.478987,43.206630,564.856 -2.478969,43.206628,564.433 -2.478950,43.206635,564.497 -2.478930,43.206644,564.221 -2.478919,43.206654,563.852 -2.478905,43.206665,563.461 -2.478890,43.206676,563.095 -2.478878,43.206692,562.449 -2.478873,43.206709,562.023 -2.478860,43.206721,561.209 -2.478835,43.206732,560.850 -2.478799,43.206740,560.462 -2.478765,43.206744,560.051 -2.478738,43.206738,559.423 -2.478716,43.206732,558.830 -2.478695,43.206729,558.854 -2.478672,43.206730,558.428 -2.478650,43.206737,558.249 -2.478628,43.206749,558.038 -2.478602,43.206761,557.462 -2.478566,43.206769,557.083 -2.478534,43.206776,556.411 -2.478503,43.206780,556.009 -2.478475,43.206784,555.427 -2.478447,43.206787,555.069 -2.478421,43.206792,554.688 -2.478393,43.206800,554.280 -2.478365,43.206806,554.067 -2.478337,43.206816,553.091 -2.478314,43.206827,552.855 -2.478287,43.206839,552.426 -2.478251,43.206852,551.655 -2.478211,43.206866,551.259 -2.478176,43.206882,550.603 -2.478135,43.206896,549.623 -2.478093,43.206903,549.209 -2.478049,43.206905,549.056 -2.478004,43.206903,549.048 -2.477956,43.206897,549.057 -2.477913,43.206890,549.069 -2.477868,43.206883,548.866 -2.477830,43.206876,548.890 -2.477793,43.206872,548.864 -2.477758,43.206871,548.495 -2.477729,43.206876,548.274 -2.477702,43.206888,548.073 -2.477674,43.206903,547.685 -2.477646,43.206922,547.013 -2.477619,43.206943,546.809 -2.477611,43.206970,546.878 -2.477603,43.206992,546.870 -2.477588,43.207012,546.819 -2.477569,43.207032,547.031 -2.477548,43.207049,547.258 -2.477531,43.207067,547.412 -2.477513,43.207084,547.676 -2.477502,43.207099,548.097 -2.477494,43.207116,548.476 -2.477485,43.207134,548.874 -2.477470,43.207154,549.256 -2.477453,43.207176,549.621 -2.477432,43.207199,550.009 -2.477412,43.207222,550.428 -2.477389,43.207238,550.630 -2.477377,43.207255,551.019 -2.477355,43.207274,551.281 -2.477334,43.207292,551.628 -2.477304,43.207300,551.892 -2.477281,43.207309,552.086 -2.477254,43.207317,552.267 -2.477227,43.207326,552.646 -2.477202,43.207327,552.814 -2.477181,43.207331,553.054 -2.477156,43.207337,553.409 -2.477130,43.207346,553.609 -2.477101,43.207359,553.872 -2.477075,43.207366,553.814 -2.477049,43.207373,554.093 -2.477022,43.207377,554.085 -2.477000,43.207383,554.262 -2.476973,43.207385,554.276 -2.476946,43.207387,554.410 -2.476916,43.207392,554.611 -2.476889,43.207395,554.620 -2.476861,43.207398,554.849 -2.476836,43.207403,554.802 -2.476816,43.207405,555.022 -2.476793,43.207411,555.009 -2.476764,43.207418,555.285 -2.476737,43.207426,555.217 -2.476709,43.207427,555.416 -2.476686,43.207431,555.458 -2.476659,43.207435,555.655 -2.476639,43.207439,555.639 -2.476612,43.207443,555.683 -2.476582,43.207447,555.874 -2.476553,43.207453,556.013 -2.476528,43.207457,556.293 -2.476504,43.207462,556.265 -2.476480,43.207467,556.221 -2.476458,43.207472,556.409 -2.476433,43.207478,556.490 -2.476411,43.207483,556.422 -2.476386,43.207487,556.691 -2.476360,43.207490,556.623 -2.476334,43.207494,557.020 -2.476309,43.207498,557.014 -2.476288,43.207503,557.238 -2.476265,43.207506,557.419 -2.476246,43.207512,557.678 -2.476220,43.207516,557.643 -2.476201,43.207521,557.864 -2.476175,43.207524,558.210 -2.476155,43.207529,558.409 -2.476134,43.207534,558.635 -2.476112,43.207537,558.627 -2.476095,43.207540,559.046 -2.476071,43.207542,559.258 -2.476050,43.207547,559.415 -2.476023,43.207552,559.629 -2.476006,43.207558,559.813 -2.475986,43.207565,560.274 -2.475969,43.207568,560.443 -2.475946,43.207574,560.826 -2.475926,43.207580,561.047 -2.475906,43.207587,561.211 -2.475885,43.207593,561.409 -2.475871,43.207602,561.433 -2.475845,43.207606,561.835 -2.475828,43.207612,561.874 -2.475803,43.207615,562.016 -2.475783,43.207619,562.233 -2.475763,43.207622,562.447 -2.475745,43.207626,562.851 -2.475723,43.207633,563.062 -2.475698,43.207640,563.241 -2.475673,43.207648,563.419 -2.475653,43.207653,563.609 -2.475636,43.207661,563.619 -2.475620,43.207667,563.809 -2.475604,43.207674,564.022 -2.475582,43.207679,564.494 -2.475566,43.207683,564.643 -2.475546,43.207691,564.825 -2.475524,43.207699,565.032 -2.475502,43.207709,565.266 -2.475483,43.207715,565.460 -2.475470,43.207723,565.661 -2.475446,43.207730,565.810 -2.475434,43.207737,566.053 -2.475416,43.207746,566.004 -2.475397,43.207753,566.214 -2.475378,43.207758,566.209 -2.475358,43.207767,566.456 -2.475341,43.207775,566.828 -2.475317,43.207783,567.027 -2.475298,43.207793,567.229 -2.475276,43.207801,567.416 -2.475257,43.207809,567.610 -2.475239,43.207818,567.644 -2.475220,43.207827,568.065 -2.475206,43.207835,568.274 -2.475188,43.207840,568.244 -2.475170,43.207848,568.405 -2.475150,43.207858,568.415 -2.475134,43.207867,568.609 -2.475119,43.207877,569.055 -2.475100,43.207884,569.297 -2.475086,43.207892,569.416 -2.475065,43.207900,569.638 -2.475051,43.207910,569.825 -2.475035,43.207919,570.049 -2.475022,43.207926,570.023 -2.475006,43.207934,570.454 -2.474992,43.207943,570.693 -2.474981,43.207953,571.028 -2.474964,43.207962,571.289 -2.474953,43.207972,571.217 -2.474940,43.207980,571.409 -2.474926,43.207990,571.613 -2.474914,43.208001,571.855 -2.474896,43.208011,571.844 -2.474886,43.208022,572.046 -2.474872,43.208035,572.263 -2.474861,43.208050,572.417 -2.474851,43.208062,572.631 -2.474838,43.208073,572.892 -2.474829,43.208086,573.051 -2.474818,43.208100,573.284 -2.474814,43.208112,573.407 -2.474805,43.208130,573.617 -2.474798,43.208146,573.809 -2.474784,43.208166,574.099 -2.474776,43.208183,574.251 -2.474761,43.208203,574.680 -2.474752,43.208216,574.672 -2.474741,43.208234,575.099 -2.474737,43.208249,575.023 -2.474724,43.208269,575.047 -2.474717,43.208284,575.248 -2.474711,43.208299,575.247 -2.474699,43.208315,575.499 -2.474701,43.208336,575.607 -2.474692,43.208353,575.827 -2.474687,43.208370,576.009 -2.474675,43.208388,576.230 -2.474668,43.208402,576.292 -2.474662,43.208421,576.411 -2.474656,43.208439,576.493 -2.474645,43.208456,576.620 -2.474635,43.208475,576.824 -2.474631,43.208494,577.048 -2.474627,43.208512,577.279 -2.474622,43.208531,577.488 -2.474616,43.208548,577.676 -2.474610,43.208567,577.890 -2.474605,43.208587,577.819 -2.474605,43.208606,578.209 -2.474601,43.208623,578.698 -2.474598,43.208643,578.640 -2.474591,43.208662,578.649 -2.474585,43.208681,578.821 -2.474575,43.208701,578.878 -2.474567,43.208718,579.012 -2.474555,43.208736,579.236 -2.474546,43.208752,579.487 -2.474533,43.208768,579.636 -2.474521,43.208785,579.896 -2.474507,43.208802,579.831 -2.474495,43.208817,580.024 -2.474481,43.208832,580.209 -2.474470,43.208845,580.410 -2.474457,43.208861,580.612 -2.474445,43.208875,580.811 -2.474431,43.208891,580.823 -2.474419,43.208906,581.230 -2.474409,43.208922,581.474 -2.474398,43.208940,581.488 -2.474388,43.208959,581.469 -2.474376,43.208980,581.668 -2.474367,43.208997,581.642 -2.474355,43.209016,582.022 -2.474347,43.209035,582.214 -2.474338,43.209054,582.409 -2.474333,43.209070,582.675 -2.474321,43.209088,582.627 -2.474314,43.209107,582.836 -2.474303,43.209128,583.058 -2.474295,43.209145,583.065 -2.474284,43.209165,583.239 -2.474274,43.209183,583.253 -2.474264,43.209204,583.264 -2.474256,43.209223,583.443 -2.474244,43.209245,583.466 -2.474231,43.209264,583.629 -2.474213,43.209286,583.621 -2.474195,43.209306,583.609 -2.474175,43.209325,583.697 -2.474152,43.209343,583.879 -2.474130,43.209358,583.688 -2.474089,43.209367,583.690 -2.474058,43.209380,583.647 -2.474021,43.209392,583.671 -2.473988,43.209402,583.625 -2.473948,43.209408,583.656 -2.473915,43.209413,583.465 -2.473880,43.209417,583.238 -2.473847,43.209420,583.270 -2.473810,43.209418,583.217 -2.473778,43.209423,583.209 -2.473747,43.209424,583.274 -2.473714,43.209427,583.246 -2.473682,43.209431,583.235 -2.473651,43.209436,583.057 -2.473624,43.209439,583.014 -2.473594,43.209442,583.018 -2.473563,43.209443,583.052 -2.473532,43.209445,583.013 -2.473503,43.209446,583.072 -2.473475,43.209446,583.069 -2.473447,43.209447,583.004 -2.473417,43.209447,583.024 -2.473387,43.209448,583.209 -2.473356,43.209443,583.257 -2.473328,43.209442,583.699 -2.473298,43.209440,583.698 -2.473272,43.209437,583.830 -2.473240,43.209433,583.867 -2.473212,43.209434,583.821 -2.473185,43.209434,583.815 -2.473156,43.209436,583.686 -2.473124,43.209440,583.635 -2.473094,43.209445,583.686 -2.473060,43.209451,583.660 -2.473033,43.209457,583.626 -2.473004,43.209461,583.809 -2.472967,43.209469,583.619 -2.472934,43.209472,583.641 -2.472895,43.209476,583.620 -2.472857,43.209480,583.632 -2.472820,43.209483,583.449 -2.472787,43.209489,583.493 -2.472758,43.209494,583.477 -2.472726,43.209500,583.278 -2.472697,43.209508,583.297 -2.472674,43.209516,583.215 -2.472649,43.209527,583.265 -2.472622,43.209539,583.211 -2.472597,43.209556,583.009 -2.472564,43.209570,583.062 -2.472534,43.209583,583.064 -2.472499,43.209596,582.813 -2.472465,43.209610,582.635 -2.472437,43.209622,582.652 -2.472412,43.209635,582.656 -2.472386,43.209647,582.430 -2.472351,43.209661,582.421 -2.472319,43.209673,582.410 -2.472292,43.209683,582.463 -2.472265,43.209696,582.444 -2.472236,43.209708,582.418 -2.472209,43.209726,582.209 -2.472186,43.209746,582.297 -2.472159,43.209768,582.019 -2.472134,43.209795,582.038 -2.472117,43.209801,582.050 -2.472085,43.209812,582.037 -2.472055,43.209819,582.031 -2.472025,43.209824,582.025 -2.471991,43.209832,582.086 -2.471951,43.209842,582.225 -2.471916,43.209852,582.253 -2.471878,43.209860,582.204 -2.471847,43.209870,582.414 -2.471815,43.209878,582.409 -2.471786,43.209888,582.656 -2.471756,43.209895,582.668 -2.471731,43.209911,582.817 -2.471697,43.209926,582.859 -2.471669,43.209938,583.026 -2.471642,43.209947,583.010 -2.471621,43.209958,583.274 -2.471595,43.209972,583.625 -2.471579,43.209985,583.844 -2.471558,43.210005,584.038 -2.471550,43.210021,584.270 -2.471540,43.210040,584.617 -2.471535,43.210061,584.809 -2.471525,43.210082,585.094 -2.471523,43.210101,585.266 -2.471512,43.210122,585.255 -2.471510,43.210140,585.697 -2.471506,43.210162,585.854 -2.471507,43.210182,585.848 -2.471505,43.210206,586.022 -2.471508,43.210226,586.273 -2.471509,43.210250,586.232 -2.471508,43.210271,586.277 -2.471509,43.210293,586.461 -2.471507,43.210316,586.427 -2.471508,43.210339,586.409 -2.471506,43.210363,586.468 -2.471508,43.210387,586.460 -2.471506,43.210410,586.629 -2.471507,43.210434,586.661 -2.471502,43.210457,586.698 -2.471499,43.210481,586.892 -2.471498,43.210506,586.826 -2.471504,43.210529,586.817 -2.471509,43.210553,586.866 -2.471517,43.210571,587.069 -2.471521,43.210586,587.004 -2.471513,43.210599,587.024 -2.471512,43.210618,587.009 -2.471512,43.210633,587.067 -2.471515,43.210651,587.019 -2.471520,43.210670,587.088 -2.471526,43.210693,587.010 -2.471536,43.210716,587.097 -2.471544,43.210741,587.031 -2.471555,43.210766,587.295 -2.471562,43.210787,587.226 -2.471571,43.210809,587.275 -2.471578,43.210830,587.424 -2.471587,43.210852,587.404 -2.471596,43.210875,587.414 -2.471605,43.210896,587.609 -2.471611,43.210919,587.633 -2.471616,43.210939,587.895 -2.471618,43.210961,588.064 -2.471623,43.210983,588.036 -2.471626,43.211005,588.453 -2.471625,43.211025,588.647 -2.471620,43.211050,588.611 -2.471622,43.211075,588.862 -2.471623,43.211096,589.071 -2.471629,43.211120,589.212 -2.471633,43.211141,589.232 -2.471638,43.211161,589.205 -2.471641,43.211180,589.409 -2.471641,43.211200,589.612 -2.471647,43.211222,589.874 -2.471650,43.211241,589.883 -2.471658,43.211260,590.075 -2.471663,43.211282,590.022 -2.471671,43.211301,590.096 -2.471674,43.211323,590.030 -2.471682,43.211343,590.251 -2.471686,43.211364,590.450 -2.471690,43.211384,590.432 -2.471693,43.211403,590.692 -2.471695,43.211419,590.811 -2.471704,43.211437,591.009 -2.471714,43.211458,591.224 -2.471723,43.211480,591.486 -2.471734,43.211500,591.475 -2.471747,43.211521,591.647 -2.471756,43.211539,591.674 -2.471764,43.211556,591.668 -2.471772,43.211575,591.812 -2.471779,43.211593,591.843 -2.471785,43.211614,592.052 -2.471794,43.211632,592.041 -2.471805,43.211655,592.481 -2.471816,43.211673,592.409 -2.471825,43.211694,592.609 -2.471836,43.211713,592.845 -2.471844,43.211736,593.097 -2.471852,43.211756,593.076 -2.471860,43.211776,593.058 -2.471867,43.211793,593.045 -2.471876,43.211813,593.279 -2.471883,43.211833,593.273 -2.471890,43.211853,593.464 -2.471896,43.211874,593.623 -2.471904,43.211891,593.657 -2.471912,43.211912,593.800 -2.471918,43.211929,593.820 -2.471923,43.211949,593.809 -2.471928,43.211967,594.066 -2.471933,43.211987,594.018 -2.471941,43.212003,594.257 -2.471949,43.212022,594.649 -2.471954,43.212038,594.686 -2.471960,43.212054,594.680 -2.471970,43.212071,594.844 -2.471980,43.212089,594.865 -2.471989,43.212106,594.814 -2.472002,43.212123,595.087 -2.472014,43.212143,595.242 -2.472023,43.212162,595.426 -2.472030,43.212184,595.609 -2.472036,43.212202,595.649 -2.472039,43.212221,595.881 -2.472040,43.212241,596.290 -2.472040,43.212262,596.262 -2.472037,43.212281,596.499 -2.472037,43.212299,596.633 -2.472037,43.212319,596.637 -2.472043,43.212339,596.628 -2.472048,43.212358,597.097 -2.472059,43.212375,597.438 -2.472069,43.212393,597.670 -2.472079,43.212411,597.617 -2.472087,43.212431,598.009 -2.472092,43.212450,598.214 -2.472100,43.212469,598.476 -2.472103,43.212488,598.865 -2.472103,43.212506,599.237 -2.472106,43.212518,599.244 -2.472109,43.212530,599.478 -2.472108,43.212546,599.892 -2.472112,43.212558,600.243 -2.472119,43.212568,600.442 -2.472124,43.212581,600.477 -2.472133,43.212594,600.661 -2.472140,43.212611,600.827 -2.472148,43.212626,601.009 -2.472160,43.212651,601.038 -2.472171,43.212667,601.220 -2.472186,43.212688,601.229 -2.472196,43.212704,601.411 -2.472208,43.212723,601.448 -2.472219,43.212747,601.412 -2.472234,43.212766,601.696 -2.472247,43.212786,601.687 -2.472258,43.212805,601.656 -2.472274,43.212824,601.866 -2.472284,43.212840,601.829 -2.472296,43.212855,601.821 -2.472309,43.212871,602.009 -2.472322,43.212890,602.057 -2.472334,43.212909,602.019 -2.472346,43.212928,602.268 -2.472357,43.212945,602.290 -2.472373,43.212959,602.467 -2.472386,43.212978,602.641 -2.472398,43.212996,602.815 -2.472407,43.213016,602.876 -2.472415,43.213030,603.055 -2.472423,43.213050,603.065 -2.472432,43.213066,603.068 -2.472440,43.213085,603.214 -2.472450,43.213103,603.209 -2.472461,43.213125,603.417 -2.472469,43.213144,603.459 -2.472478,43.213165,603.658 -2.472485,43.213185,603.680 -2.472495,43.213205,603.667 -2.472503,43.213227,603.871 -2.472509,43.213246,603.835 -2.472513,43.213269,603.886 -2.472518,43.213289,604.095 -2.472521,43.213314,604.253 -2.472524,43.213337,604.404 -2.472527,43.213364,604.414 -2.472528,43.213387,604.609 -2.472530,43.213409,604.856 -2.472534,43.213428,604.898 -2.472539,43.213444,605.047 -2.472545,43.213465,605.289 -2.472553,43.213488,605.456 -2.472557,43.213510,605.680 -2.472558,43.213531,605.674 -2.472558,43.213550,605.875 -2.472560,43.213566,605.844 -2.472560,43.213585,606.027 -2.472559,43.213600,606.268 -2.472558,43.213619,606.214 -2.472559,43.213637,606.209 -2.472559,43.213658,606.483 -2.472561,43.213680,606.435 -2.472564,43.213701,606.664 -2.472562,43.213723,606.836 -2.472565,43.213746,606.893 -2.472565,43.213769,607.097 -2.472565,43.213792,607.041 -2.472562,43.213820,607.012 -2.472562,43.213844,607.221 -2.472561,43.213868,607.215 -2.472559,43.213889,607.265 -2.472556,43.213908,607.411 -2.472556,43.213928,607.409 -2.472555,43.213950,607.642 -2.472553,43.213974,607.874 -2.472550,43.213994,607.853 -2.472542,43.214017,608.075 -2.472536,43.214038,608.072 -2.472530,43.214060,608.266 -2.472532,43.214080,608.480 -2.472529,43.214100,608.421 -2.472529,43.214119,608.450 -2.472533,43.214140,608.669 -2.472532,43.214158,608.604 -2.472536,43.214177,608.824 -2.472532,43.214196,608.809 -2.472530,43.214214,609.047 -2.472528,43.214234,609.269 -2.472531,43.214251,609.458 -2.472530,43.214275,609.430 -2.472531,43.214294,609.657 -2.472530,43.214320,609.631 -2.472532,43.214344,609.815 -2.472535,43.214369,610.036 -2.472538,43.214391,610.245 -2.472541,43.214413,610.266 -2.472542,43.214432,610.429 -2.472540,43.214451,610.621 -2.472538,43.214466,610.809 -2.472545,43.214482,611.017 -2.472549,43.214503,611.269 -2.472559,43.214519,611.488 -2.472566,43.214543,611.690 -2.472572,43.214562,611.867 -2.472577,43.214581,611.881 -2.472582,43.214599,611.825 -2.472584,43.214623,612.076 -2.472590,43.214642,612.455 -2.472593,43.214662,612.412 -2.472597,43.214678,612.432 -2.472599,43.214697,612.805 -2.472601,43.214716,613.209 -2.472605,43.214736,613.462 -2.472609,43.214755,613.824 -2.472617,43.214771,614.023 -2.472615,43.214789,614.445 -2.472623,43.214805,614.832 -2.472628,43.214823,615.266 -2.472632,43.214841,615.230 -2.472640,43.214859,615.491 -2.472640,43.214878,615.470 -2.472646,43.214899,615.485 -2.472646,43.214921,615.489 -2.472650,43.214939,615.417 -2.472651,43.214961,615.409 -2.472653,43.214984,615.499 -2.472654,43.215007,615.481 -2.472655,43.215027,615.410 -2.472651,43.215046,615.692 -2.472649,43.215067,615.669 -2.472647,43.215086,615.613 -2.472644,43.215103,615.897 -2.472645,43.215124,615.848 -2.472644,43.215146,616.017 -2.472647,43.215167,616.222 -2.472647,43.215190,616.462 -2.472651,43.215209,616.608 -2.472654,43.215229,616.809 -2.472656,43.215248,616.883 -2.472657,43.215266,617.035 -2.472654,43.215286,617.264 -2.472659,43.215304,617.446 -2.472660,43.215322,617.683 -2.472665,43.215338,617.827 -2.472661,43.215358,617.821 -2.472665,43.215376,618.072 -2.472665,43.215392,618.241 -2.472664,43.215409,618.468 -2.472663,43.215427,618.642 -2.472662,43.215446,619.026 -2.472676,43.215461,619.209 -2.472682,43.215481,619.487 -2.472685,43.215498,619.639 -2.472686,43.215516,619.698 -2.472690,43.215533,620.040 -2.472695,43.215552,620.027 -2.472700,43.215572,620.231 -2.472713,43.215590,620.245 -2.472726,43.215608,620.236 -2.472739,43.215623,620.295 -2.472746,43.215643,620.238 -2.472757,43.215663,620.270 -2.472769,43.215684,620.417 -2.472777,43.215703,620.409 -2.472784,43.215720,620.454 -2.472787,43.215738,620.456 -2.472797,43.215752,620.615 -2.472806,43.215773,620.667 -2.472815,43.215786,621.044 -2.472824,43.215806,621.048 -2.472836,43.215820,621.282 -2.472849,43.215836,621.443 -2.472862,43.215854,621.492 -2.472873,43.215874,621.621 -2.472881,43.215895,621.841 -2.472890,43.215910,621.805 -2.472898,43.215929,621.809 -2.472906,43.215947,622.243 -2.472910,43.215969,622.435 -2.472914,43.215986,622.484 -2.472917,43.216006,622.626 -2.472925,43.216021,622.823 -2.472933,43.216038,623.097 -2.472936,43.216057,623.281 -2.472944,43.216073,623.292 -2.472950,43.216094,623.411 -2.472958,43.216112,623.475 -2.472964,43.216135,623.628 -2.472967,43.216154,623.620 -2.472975,43.216174,623.809 -2.472977,43.216196,623.858 -2.472987,43.216217,623.890 -2.472990,43.216239,623.849 -2.472994,43.216261,623.861 -2.473001,43.216282,624.018 -2.473010,43.216301,624.262 -2.473022,43.216321,624.266 -2.473027,43.216340,624.417 -2.473033,43.216361,624.486 -2.473043,43.216378,624.811 -2.473049,43.216399,624.821 -2.473049,43.216420,624.803 -2.473055,43.216446,624.809 -2.473061,43.216467,624.872 -2.473069,43.216488,624.874 -2.473073,43.216510,624.883 -2.473080,43.216530,625.015 -2.473084,43.216551,625.072 -2.473091,43.216571,625.296 -2.473092,43.216594,625.410 -2.473100,43.216614,625.811 -2.473101,43.216637,626.210 -2.473106,43.216660,626.299 -2.473112,43.216684,626.607 -2.473114,43.216707,626.627 -2.473109,43.216731,626.609 -2.473109,43.216757,626.620 -2.473105,43.216782,626.622 -2.473100,43.216802,626.691 -2.473096,43.216827,626.653 -2.473091,43.216850,626.420 -2.473086,43.216878,626.484 -2.473078,43.216901,626.468 -2.473061,43.216921,626.499 -2.473042,43.216942,626.488 -2.473030,43.216961,626.236 -2.473014,43.216979,626.217 -2.473003,43.217004,626.218 -2.472987,43.217028,626.209 -2.472969,43.217051,626.264 -2.472952,43.217073,626.286 -2.472936,43.217095,626.225 -2.472920,43.217120,626.217 -2.472900,43.217138,626.264 -2.472880,43.217161,626.448 -2.472858,43.217179,626.472 -2.472839,43.217200,626.443 -2.472817,43.217220,626.472 -2.472797,43.217239,626.411 -2.472776,43.217256,626.421 -2.472760,43.217274,626.403 -2.472737,43.217294,626.409 -2.472717,43.217313,626.412 -2.472686,43.217328,626.444 -2.472666,43.217346,626.463 -2.472640,43.217361,626.475 -2.472614,43.217376,626.462 -2.472582,43.217388,626.646 -2.472559,43.217401,626.690 -2.472530,43.217413,626.851 -2.472502,43.217423,626.840 -2.472468,43.217432,626.822 -2.472444,43.217439,627.062 -2.472417,43.217447,627.008 -2.472391,43.217455,627.009 -2.472362,43.217459,627.293 -2.472334,43.217462,627.415 -2.472298,43.217462,627.614 -2.472270,43.217461,627.826 -2.472234,43.217455,627.863 -2.472203,43.217447,628.017 -2.472171,43.217437,628.071 -2.472139,43.217422,628.082 -2.472107,43.217407,627.851 -2.472075,43.217390,627.887 -2.472045,43.217375,627.442 -2.472018,43.217357,627.226 -2.471995,43.217344,627.009 -2.471972,43.217328,627.099 -2.471949,43.217316,626.861 -2.471921,43.217301,626.810 -2.471897,43.217288,626.652 -2.471867,43.217274,626.489 -2.471838,43.217261,626.453 -2.471804,43.217246,626.227 -2.471780,43.217232,626.218 -2.471752,43.217219,626.247 -2.471718,43.217203,626.092 -2.471685,43.217190,626.073 -2.471654,43.217178,625.820 -2.471620,43.217166,625.609 -2.471582,43.217153,625.230 -2.471548,43.217142,624.852 -2.471509,43.217132,624.421 -2.471469,43.217121,624.273 -2.471429,43.217111,624.060 -2.471391,43.217103,623.684 -2.471360,43.217098,623.468 -2.471329,43.217094,623.219 -2.471295,43.217088,623.258 -2.471264,43.217082,623.018 -2.471232,43.217073,622.898 -2.471200,43.217064,622.817 -2.471162,43.217057,622.809 -2.471133,43.217048,622.822 -2.471120,43.217044,622.834 -2.471109,43.217040,622.843 -2.471099,43.217038,622.835 -2.471086,43.217038,622.692 -2.471078,43.217040,622.666 -2.471071,43.217037,622.630 -2.471071,43.217034,622.681 -2.471078,43.217040,622.620 -2.471078,43.217040,622.696 -2.471078,43.217040,622.631 -2.471056,43.217027,622.624 -2.471046,43.217025,622.609 -2.471046,43.217025,622.440 -2.471046,43.217025,622.412 -2.471046,43.217025,622.231 -2.471022,43.217023,622.263 -2.471018,43.217026,622.080 -2.471014,43.217021,622.034 -2.471013,43.217018,622.018 -2.471013,43.217019,622.099 -2.471014,43.217007,621.818 -2.471017,43.217003,621.854 -2.471018,43.217003,621.856 -2.471019,43.217003,621.611 -2.471019,43.217004,621.609 -2.471019,43.217004,621.416 -2.471019,43.217004,621.448 -2.471019,43.217005,621.427 -2.471019,43.217005,621.469 -2.471019,43.217006,621.296 -2.471010,43.217020,621.260 -2.471011,43.217029,621.254 -2.471014,43.217032,621.245 -2.471014,43.217031,621.234 -2.471017,43.217035,621.043 -2.471027,43.217030,621.064 -2.471033,43.217027,621.010 -2.471036,43.217026,620.809 -2.471041,43.217023,620.815 -2.471044,43.217020,620.837 -2.471049,43.217016,620.896 -2.471055,43.217012,620.868 -2.471062,43.217008,620.825 -2.471069,43.217004,620.859 -2.471073,43.217000,620.873 -2.471078,43.216997,620.844 -2.471084,43.216994,620.833 -2.471087,43.216993,620.838 -2.471093,43.216988,620.870 -2.471102,43.216984,620.817 -2.471104,43.216984,620.609 -2.471104,43.216984,620.644 -2.471100,43.216985,620.656 -2.471097,43.216984,620.625 -2.471090,43.216986,620.637 -2.471078,43.216993,620.684 -2.471071,43.216991,620.458 -2.471064,43.216993,620.442 -2.471057,43.216996,620.423 -2.471052,43.216998,620.452 -2.471052,43.216998,620.299 -2.471043,43.216997,620.207 -2.471032,43.216991,620.227 -2.471028,43.216989,620.209 -2.471025,43.216985,620.210 -2.471024,43.216982,620.272 -2.471023,43.216977,620.261 -2.471024,43.216975,620.213 -2.471025,43.216976,620.280 -2.471026,43.216974,620.284 -2.471024,43.216972,620.258 -2.471024,43.216964,620.229 -2.471025,43.216961,620.288 -2.471026,43.216964,620.289 -2.471027,43.216965,620.206 -2.471029,43.216962,620.226 -2.471033,43.216957,620.209 -2.471036,43.216954,620.079 -2.471038,43.216952,620.021 -2.471040,43.216956,620.050 -2.471043,43.216958,620.062 -2.471044,43.216958,620.039 -2.471045,43.216954,620.073 -2.471042,43.216956,620.037 -2.471041,43.216960,620.018 -2.471039,43.216967,620.097 -2.471036,43.216981,620.097 -2.471031,43.216988,620.023 -2.471029,43.216998,620.025 -2.471028,43.217009,619.809 -2.471026,43.217017,619.850 -2.471028,43.217026,619.832 -2.471030,43.217031,619.821 -2.471031,43.217033,619.843 -2.471034,43.217032,619.820 -2.471033,43.217031,619.844 -2.471033,43.217029,619.868 -2.471031,43.217030,619.859 -2.471032,43.217029,619.898 -2.471029,43.217034,619.854 -2.471025,43.217044,619.656 -2.471019,43.217052,619.611 -2.471012,43.217057,619.609 -2.471011,43.217055,619.686 -2.471015,43.217047,619.688 -2.471023,43.217038,619.627 -2.471032,43.217036,619.629 -2.471040,43.217036,619.616 -2.471048,43.217032,619.680 -2.471050,43.217027,619.684 -2.471053,43.217031,619.695 -2.471055,43.217038,619.644 -2.471036,43.217038,619.675 -2.471022,43.217042,619.828 -2.471006,43.217040,619.820 -2.470988,43.217046,619.809 -2.470970,43.217045,619.828 -2.470946,43.217046,619.850 -2.470921,43.217048,619.889 -2.470897,43.217049,619.611 -2.470872,43.217055,619.648 -2.470854,43.217069,619.632 -2.470825,43.217066,619.696 -2.470801,43.217064,619.447 -2.470767,43.217065,619.426 -2.470738,43.217062,619.488 -2.470709,43.217061,619.424 -2.470686,43.217061,619.626 -2.470658,43.217065,619.809 -2.470635,43.217070,619.899 -2.470624,43.217082,620.091 -2.470613,43.217099,620.010 -2.470604,43.217119,620.042 -2.470598,43.217141,620.019 -2.470602,43.217163,620.073 -2.470605,43.217201,620.297 -2.470591,43.217218,620.288 -2.470577,43.217231,620.457 -2.470566,43.217246,620.691 -2.470561,43.217258,620.881 -2.470558,43.217271,621.019 -2.470554,43.217284,621.009 -2.470548,43.217299,621.250 -2.470539,43.217317,621.482 -2.470527,43.217337,621.661 -2.470518,43.217354,622.053 -2.470510,43.217372,622.430 -2.470499,43.217392,622.864 -2.470484,43.217411,623.098 -2.470470,43.217431,623.469 -2.470455,43.217448,623.698 -2.470446,43.217464,624.019 -2.470433,43.217476,624.409 -2.470422,43.217491,624.619 -2.470409,43.217504,625.009 -2.470399,43.217519,625.832 -2.470385,43.217536,626.074 -2.470370,43.217556,626.213 -2.470357,43.217569,626.635 -2.470341,43.217581,626.892 -2.470327,43.217595,627.036 -2.470314,43.217608,627.410 -2.470300,43.217620,627.621 -2.470283,43.217630,628.060 -2.470266,43.217636,628.248 -2.470249,43.217646,628.661 -2.470233,43.217655,628.817 -2.470218,43.217664,629.209 -2.470199,43.217672,629.295 -2.470179,43.217681,629.467 -2.470162,43.217689,629.666 -2.470156,43.217692,629.828 -2.470145,43.217695,630.075 -2.470129,43.217700,630.419 -2.470111,43.217707,630.613 -2.470091,43.217713,630.684 -2.470070,43.217720,630.693 -2.470048,43.217727,630.637 -2.470027,43.217732,630.849 -2.469999,43.217737,631.013 -2.469967,43.217743,631.209 -2.469939,43.217748,631.474 -2.469913,43.217750,631.616 -2.469891,43.217751,631.695 -2.469867,43.217753,631.617 -2.469845,43.217753,631.884 -2.469823,43.217753,632.088 -2.469806,43.217751,632.272 -2.469783,43.217752,632.643 -2.469756,43.217751,632.612 -2.469737,43.217751,632.868 -2.469711,43.217751,633.442 -2.469692,43.217750,633.426 -2.469675,43.217751,633.609 -2.469661,43.217754,633.857 -2.469644,43.217750,634.059 -2.469622,43.217748,634.218 -2.469603,43.217747,634.410 -2.469578,43.217744,634.647 -2.469554,43.217740,634.851 -2.469527,43.217738,635.085 -2.469500,43.217737,635.266 -2.469481,43.217737,635.435 -2.469464,43.217738,635.614 -2.469447,43.217737,635.854 -2.469428,43.217739,636.009 -2.469417,43.217740,636.209 -2.469404,43.217738,636.452 -2.469391,43.217737,636.864 -2.469376,43.217734,637.093 -2.469355,43.217731,637.245 -2.469333,43.217729,637.472 -2.469313,43.217726,637.866 -2.469292,43.217724,637.810 -2.469266,43.217720,638.211 -2.469249,43.217718,638.490 -2.469228,43.217716,638.632 -2.469209,43.217714,638.892 -2.469195,43.217714,639.011 -2.469174,43.217712,639.209 -2.469160,43.217708,639.464 -2.469156,43.217704,639.696 -2.469138,43.217700,640.025 -2.469124,43.217696,640.477 -2.469110,43.217694,640.664 -2.469093,43.217691,640.638 -2.469072,43.217691,640.872 -2.469047,43.217689,641.213 -2.469023,43.217691,641.492 -2.468999,43.217693,641.422 -2.468983,43.217697,641.462 -2.468966,43.217710,641.608 -2.468960,43.217695,641.809 -2.468947,43.217688,642.043 -2.468924,43.217680,642.485 -2.468901,43.217674,642.494 -2.468878,43.217675,642.696 -2.468854,43.217673,642.843 -2.468825,43.217674,642.897 -2.468799,43.217676,642.841 -2.468777,43.217678,642.822 -2.468745,43.217683,642.661 -2.468721,43.217691,642.452 -2.468696,43.217704,642.253 -2.468681,43.217725,642.208 -2.468665,43.217759,642.209 -2.468642,43.217768,642.266 -2.468624,43.217778,642.028 -2.468604,43.217794,642.057 -2.468583,43.217814,641.829 -2.468567,43.217835,641.866 -2.468551,43.217862,641.650 -2.468535,43.217889,641.034 -2.468520,43.217912,640.815 -2.468505,43.217932,640.424 -2.468486,43.217953,640.476 -2.468470,43.217977,640.490 -2.468455,43.217998,640.219 -2.468438,43.218021,640.009 -2.468420,43.218041,640.068 -2.468408,43.218060,640.020 -2.468390,43.218082,640.019 -2.468373,43.218103,640.041 -2.468352,43.218122,640.488 -2.468332,43.218139,640.632 -2.468306,43.218155,640.636 -2.468281,43.218171,640.687 -2.468254,43.218185,640.676 -2.468217,43.218203,640.421 -2.468178,43.218217,640.041 -2.468133,43.218232,639.805 -2.468088,43.218247,639.609 -2.468048,43.218259,639.043 -2.468008,43.218271,638.835 -2.467970,43.218276,638.494 -2.467929,43.218282,638.066 -2.467885,43.218285,637.873 -2.467845,43.218290,637.847 -2.467807,43.218289,637.611 -2.467767,43.218292,637.432 -2.467723,43.218291,637.291 -2.467681,43.218293,637.087 -2.467638,43.218292,636.642 -2.467593,43.218292,636.426 -2.467556,43.218292,636.409 -2.467516,43.218292,636.239 -2.467485,43.218301,635.811 -2.467447,43.218317,635.640 -2.467413,43.218313,635.492 -2.467378,43.218311,635.439 -2.467344,43.218309,635.463 -2.467309,43.218306,635.457 -2.467274,43.218304,635.288 -2.467231,43.218299,635.447 -2.467188,43.218295,635.422 -2.467146,43.218294,635.462 -2.467106,43.218294,635.208 -2.467067,43.218298,635.209 -2.467040,43.218305,635.253 -2.467017,43.218319,635.285 -2.467018,43.218338,635.274 -2.467034,43.218356,635.256 -2.467045,43.218370,635.233 -2.467052,43.218383,635.497 -2.467062,43.218402,635.451 -2.467068,43.218419,635.412 -2.467076,43.218440,635.461 -2.467083,43.218460,635.426 -2.467091,43.218483,635.447 -2.467098,43.218505,635.411 -2.467110,43.218528,635.409 -2.467126,43.218554,635.293 -2.467144,43.218579,635.085 -2.467164,43.218606,634.824 -2.467184,43.218630,634.496 -2.467205,43.218655,634.053 -2.467225,43.218680,633.647 -2.467245,43.218712,633.651 -2.467261,43.218741,633.462 -2.467278,43.218771,633.461 -2.467298,43.218802,633.234 -2.467315,43.218833,633.055 -2.467328,43.218863,633.010 -2.467351,43.218891,632.609 -2.467371,43.218917,632.484 -2.467393,43.218942,632.456 -2.467413,43.218966,632.445 -2.467424,43.218988,632.417 -2.467435,43.219010,632.484 -2.467450,43.219037,632.428 -2.467465,43.219063,632.252 -2.467483,43.219091,632.283 -2.467499,43.219116,632.292 -2.467515,43.219141,632.055 -2.467531,43.219168,631.807 -2.467545,43.219194,631.617 -2.467558,43.219220,631.609 -2.467571,43.219245,631.696 -2.467580,43.219270,631.678 -2.467596,43.219300,631.837 -2.467611,43.219329,631.889 -2.467624,43.219357,631.816 -2.467633,43.219382,631.850 -2.467643,43.219413,631.864 -2.467653,43.219436,631.655 -2.467662,43.219463,631.654 -2.467667,43.219491,631.423 -2.467673,43.219523,631.483 -2.467679,43.219550,631.411 -2.467687,43.219576,631.209 -2.467695,43.219596,631.213 -2.467702,43.219622,631.425 -2.467711,43.219649,631.234 -2.467724,43.219676,631.296 -2.467735,43.219699,631.253 -2.467736,43.219725,631.417 -2.467742,43.219749,631.471 -2.467751,43.219773,631.682 -2.467755,43.219798,631.651 -2.467764,43.219823,631.682 -2.467765,43.219848,631.843 -2.467768,43.219873,631.817 -2.467773,43.219898,632.009 -2.467778,43.219923,632.419 -2.467781,43.219946,632.461 -2.467785,43.219968,632.470 -2.467786,43.219995,632.622 -2.467791,43.220021,632.669 -2.467796,43.220044,632.883 -2.467802,43.220066,632.867 -2.467807,43.220087,632.868 -2.467816,43.220112,632.647 -2.467815,43.220138,632.658 -2.467823,43.220163,632.452 -2.467822,43.220191,632.417 -2.467825,43.220215,632.409 -2.467824,43.220244,632.476 -2.467823,43.220269,632.418 -2.467816,43.220298,632.447 -2.467813,43.220324,632.429 -2.467804,43.220350,632.236 -2.467797,43.220373,632.220 -2.467792,43.220396,632.284 -2.467791,43.220418,632.275 -2.467789,43.220443,632.294 -2.467789,43.220466,632.256 -2.467788,43.220490,632.459 -2.467788,43.220514,632.614 -2.467788,43.220540,632.609 -2.467785,43.220565,632.826 -2.467781,43.220590,632.878 -2.467775,43.220616,632.627 -2.467772,43.220643,632.699 -2.467764,43.220672,632.676 -2.467760,43.220700,632.430 -2.467750,43.220727,632.274 -2.467741,43.220754,632.025 -2.467724,43.220780,631.644 -2.467705,43.220807,631.461 -2.467680,43.220831,631.221 -2.467655,43.220853,631.013 -2.467627,43.220872,630.409 -2.467600,43.220887,630.067 -2.467568,43.220905,629.679 -2.467534,43.220920,629.218 -2.467498,43.220936,628.840 -2.467457,43.220951,628.497 -2.467423,43.220964,628.211 -2.467385,43.220975,627.895 -2.467347,43.220986,627.816 -2.467303,43.220990,627.645 -2.467262,43.221001,627.438 -2.467225,43.221009,627.470 -2.467192,43.221017,627.217 -2.467156,43.221023,627.009 -2.467116,43.221029,626.434 -2.467077,43.221032,626.036 -2.467035,43.221030,625.815 -2.467001,43.221030,625.477 -2.466967,43.221026,625.244 -2.466941,43.221026,625.278 -2.466913,43.221024,625.282 -2.466894,43.221027,625.283 -2.466878,43.221028,625.652 -2.466854,43.221027,625.864 -2.466830,43.221032,626.206 -2.466803,43.221035,626.416 -2.466784,43.221043,626.609 -2.466756,43.221051,626.867 -2.466733,43.221058,627.039 -2.466711,43.221065,627.418 -2.466698,43.221073,627.410 -2.466674,43.221086,627.637 -2.466653,43.221097,628.091 -2.466636,43.221107,628.275 -2.466614,43.221120,628.446 -2.466595,43.221131,628.615 -2.466578,43.221142,628.887 -2.466565,43.221152,629.042 -2.466542,43.221162,629.226 -2.466528,43.221172,629.409 -2.466504,43.221177,629.869 -2.466486,43.221181,630.021 -2.466461,43.221190,630.460 -2.466440,43.221196,630.662 -2.466418,43.221201,630.829 -2.466394,43.221207,631.053 -2.466377,43.221212,631.087 -2.466355,43.221217,631.268 -2.466339,43.221223,631.687 -2.466319,43.221229,631.837 -2.466295,43.221237,632.049 -2.466276,43.221244,632.213 -2.466250,43.221250,632.409 -2.466233,43.221256,632.844 -2.466209,43.221258,632.826 -2.466185,43.221260,633.285 -2.466160,43.221257,633.687 -2.466136,43.221253,633.674 -2.466120,43.221254,633.878 -2.466096,43.221254,634.212 -2.466076,43.221260,634.613 -2.466054,43.221262,634.662 -2.466032,43.221262,634.888 -2.466011,43.221264,634.824 -2.465985,43.221265,634.826 -2.465966,43.221271,634.809 -2.465947,43.221277,635.019 -2.465931,43.221278,635.421 -2.465908,43.221277,635.680 -2.465888,43.221275,635.832 -2.465870,43.221276,636.069 -2.465848,43.221272,636.423 -2.465831,43.221272,636.687 -2.465811,43.221269,636.878 -2.465795,43.221263,637.227 -2.465781,43.221258,637.466 -2.465762,43.221253,637.829 -2.465747,43.221251,638.021 -2.465724,43.221251,638.409 -2.465703,43.221248,638.627 -2.465680,43.221241,638.879 -2.465661,43.221232,639.078 -2.465645,43.221225,639.240 -2.465628,43.221217,639.647 -2.465607,43.221211,640.061 -2.465592,43.221209,640.285 -2.465579,43.221214,640.466 -2.465561,43.221217,640.685 -2.465552,43.221224,640.898 -2.465545,43.221239,641.015 -2.465534,43.221255,641.026 -2.465518,43.221272,641.209 -2.465510,43.221288,641.230 -2.465503,43.221302,641.232 -2.465493,43.221317,641.491 -2.465482,43.221331,641.853 -2.465462,43.221342,642.040 -2.465445,43.221358,642.224 -2.465429,43.221367,642.498 -2.465411,43.221381,642.659 -2.465394,43.221397,642.688 -2.465373,43.221411,642.641 -2.465355,43.221424,642.681 -2.465334,43.221430,642.809 -2.465314,43.221437,643.009 -2.465293,43.221448,643.265 -2.465271,43.221455,643.667 -2.465254,43.221464,643.886 -2.465232,43.221468,644.078 -2.465214,43.221473,644.295 -2.465194,43.221479,644.439 -2.465171,43.221484,644.643 -2.465154,43.221489,644.824 -2.465135,43.221492,645.043 -2.465119,43.221495,645.221 -2.465103,43.221497,645.641 -2.465082,43.221495,645.805 -2.465072,43.221499,646.009 -2.465058,43.221505,646.293 -2.465042,43.221508,646.685 -2.465028,43.221513,646.884 -2.465009,43.221515,647.026 -2.464991,43.221518,647.233 -2.464974,43.221526,647.497 -2.464952,43.221530,647.651 -2.464940,43.221536,647.842 -2.464920,43.221539,648.261 -2.464904,43.221543,648.477 -2.464886,43.221552,648.661 -2.464864,43.221557,648.627 -2.464847,43.221565,648.809 -2.464826,43.221572,649.098 -2.464809,43.221578,649.230 -2.464794,43.221584,649.499 -2.464773,43.221590,649.621 -2.464756,43.221598,649.888 -2.464736,43.221603,650.052 -2.464719,43.221611,650.216 -2.464704,43.221618,650.247 -2.464680,43.221625,650.456 -2.464664,43.221630,650.617 -2.464649,43.221636,651.087 -2.464632,43.221638,651.215 -2.464617,43.221645,651.409 -2.464597,43.221652,651.412 -2.464584,43.221662,651.644 -2.464569,43.221671,651.843 -2.464549,43.221675,652.075 -2.464535,43.221681,652.222 -2.464513,43.221686,652.236 -2.464496,43.221692,652.610 -2.464477,43.221697,652.841 -2.464456,43.221700,653.060 -2.464437,43.221703,653.225 -2.464417,43.221708,653.226 -2.464402,43.221715,653.408 -2.464389,43.221722,653.609 -2.464371,43.221725,654.093 -2.464358,43.221730,654.685 -2.464338,43.221735,654.834 -2.464325,43.221740,655.046 -2.464313,43.221747,655.043 -2.464292,43.221750,655.057 -2.464271,43.221749,655.661 -2.464258,43.221752,655.812 -2.464244,43.221757,656.071 -2.464234,43.221765,656.226 -2.464222,43.221773,656.647 -2.464201,43.221778,656.811 -2.464185,43.221786,657.009 -2.464162,43.221795,657.073 -2.464143,43.221796,657.245 -2.464128,43.221804,657.464 -2.464104,43.221808,657.626 -2.464088,43.221813,657.813 -2.464067,43.221818,658.067 -2.464046,43.221823,658.411 -2.464031,43.221828,658.642 -2.464012,43.221829,659.011 -2.463994,43.221835,659.423 -2.463971,43.221844,659.483 -2.463953,43.221848,659.611 -2.463937,43.221857,660.009 -2.463913,43.221865,660.063 -2.463897,43.221872,660.465 -2.463879,43.221875,660.414 -2.463854,43.221876,660.826 -2.463835,43.221878,660.883 -2.463814,43.221878,661.047 -2.463796,43.221884,661.281 -2.463779,43.221892,661.452 -2.463757,43.221897,661.841 -2.463739,43.221901,661.859 -2.463714,43.221901,662.003 -2.463695,43.221902,662.223 -2.463678,43.221908,662.609 -2.463656,43.221913,663.076 -2.463643,43.221918,663.028 -2.463618,43.221923,663.247 -2.463604,43.221928,663.279 -2.463590,43.221940,663.426 -2.463570,43.221951,663.680 -2.463556,43.221959,663.864 -2.463533,43.221966,663.895 -2.463513,43.221973,664.074 -2.463496,43.221981,664.268 -2.463474,43.221988,664.442 -2.463462,43.221994,664.626 -2.463445,43.222004,664.809 -2.463433,43.222019,665.027 -2.463423,43.222035,665.259 -2.463406,43.222048,665.478 -2.463396,43.222061,665.640 -2.463379,43.222077,665.687 -2.463363,43.222090,665.851 -2.463349,43.222101,666.075 -2.463332,43.222112,666.256 -2.463315,43.222124,666.285 -2.463293,43.222132,666.275 -2.463273,43.222140,666.428 -2.463258,43.222151,666.620 -2.463242,43.222164,666.609 -2.463231,43.222180,667.068 -2.463214,43.222198,667.250 -2.463206,43.222214,667.249 -2.463194,43.222233,667.481 -2.463185,43.222247,667.478 -2.463176,43.222261,667.452 -2.463166,43.222275,667.666 -2.463156,43.222287,667.647 -2.463135,43.222297,667.846 -2.463124,43.222312,668.052 -2.463114,43.222326,668.053 -2.463105,43.222339,668.008 -2.463094,43.222353,668.009 -2.463083,43.222363,668.266 -2.463073,43.222370,668.428 -2.463061,43.222378,668.487 -2.463048,43.222390,668.659 -2.463048,43.222393,668.856 -2.463043,43.222403,669.090 -2.463035,43.222417,669.294 -2.463025,43.222431,669.275 -2.463013,43.222445,669.474 -2.463001,43.222458,669.643 -2.462989,43.222475,669.664 -2.462985,43.222491,669.610 -2.462980,43.222503,669.809 -2.462975,43.222519,670.085 -2.462976,43.222526,670.477 -2.462968,43.222543,670.446 -2.462963,43.222554,670.648 -2.462957,43.222565,670.835 -2.462951,43.222577,670.859 -2.462947,43.222588,671.243 -2.462938,43.222599,671.254 -2.462930,43.222613,671.443 -2.462928,43.222630,671.637 -2.462919,43.222644,671.649 -2.462914,43.222657,671.813 -2.462913,43.222670,672.009 -2.462908,43.222682,672.484 -2.462907,43.222691,672.676 -2.462904,43.222705,672.845 -2.462898,43.222717,673.027 -2.462893,43.222731,673.284 -2.462889,43.222741,673.428 -2.462885,43.222752,673.632 -2.462876,43.222763,673.873 -2.462875,43.222777,674.272 -2.462872,43.222790,674.454 -2.462866,43.222801,674.656 -2.462859,43.222809,674.811 -2.462851,43.222822,675.009 -2.462848,43.222833,675.226 -2.462844,43.222843,675.458 -2.462841,43.222857,675.697 -2.462833,43.222871,675.899 -2.462826,43.222888,675.876 -2.462819,43.222900,676.070 -2.462813,43.222911,676.494 -2.462815,43.222921,676.695 -2.462815,43.222934,676.894 -2.462811,43.222943,677.212 -2.462810,43.222954,677.432 -2.462801,43.222968,677.405 -2.462791,43.222976,677.809 -2.462776,43.222993,678.082 -2.462766,43.223002,678.284 -2.462760,43.223013,678.453 -2.462756,43.223027,678.675 -2.462761,43.223041,678.652 -2.462762,43.223050,678.876 -2.462759,43.223061,679.070 -2.462758,43.223072,679.281 -2.462757,43.223081,679.410 -2.462752,43.223091,679.638 -2.462749,43.223102,679.870 -2.462753,43.223111,680.017 -2.462757,43.223124,680.209 -2.462761,43.223137,680.414 -2.462760,43.223148,680.816 -2.462746,43.223161,681.065 -2.462738,43.223167,681.477 -2.462728,43.223174,681.634 -2.462721,43.223177,681.898 -2.462715,43.223185,682.022 -2.462710,43.223198,682.413 -2.462710,43.223210,682.622 -2.462709,43.223222,683.032 -2.462712,43.223238,683.292 -2.462715,43.223250,683.611 -2.462720,43.223268,683.809 -2.462726,43.223281,684.024 -2.462731,43.223287,684.256 -2.462744,43.223303,684.485 -2.462751,43.223311,684.647 -2.462755,43.223328,684.874 -2.462746,43.223332,685.288 -2.462743,43.223350,685.412 -2.462741,43.223358,685.853 -2.462738,43.223371,686.222 -2.462733,43.223381,686.444 -2.462727,43.223398,686.805 -2.462728,43.223411,687.215 -2.462722,43.223417,687.209 -2.462719,43.223425,687.465 -2.462712,43.223439,687.697 -2.462705,43.223452,687.836 -2.462698,43.223469,688.088 -2.462692,43.223479,688.215 -2.462685,43.223492,688.429 -2.462674,43.223498,688.673 -2.462666,43.223509,688.854 -2.462652,43.223522,689.013 -2.462647,43.223532,689.493 -2.462631,43.223551,689.665 -2.462626,43.223560,690.021 -2.462614,43.223565,690.209 -2.462608,43.223576,690.610 -2.462598,43.223591,690.872 -2.462591,43.223597,691.291 -2.462577,43.223612,691.243 -2.462568,43.223623,691.410 -2.462564,43.223635,692.034 -2.462558,43.223647,692.078 -2.462552,43.223651,692.219 -2.462550,43.223657,692.428 -2.462535,43.223663,692.612 -2.462529,43.223675,692.832 -2.462523,43.223688,693.005 -2.462518,43.223703,693.209 -2.462512,43.223713,693.672 -2.462506,43.223719,694.014 -2.462496,43.223729,694.453 -2.462489,43.223738,694.625 -2.462479,43.223751,695.032 -2.462475,43.223758,695.496 -2.462465,43.223770,695.680 -2.462459,43.223778,695.661 -2.462456,43.223784,695.860 -2.462455,43.223794,696.096 -2.462444,43.223801,696.231 -2.462433,43.223809,696.424 -2.462422,43.223817,696.809 -2.462410,43.223826,696.840 -2.462407,43.223828,697.292 -2.462401,43.223835,697.441 -2.462399,43.223836,697.613 -2.462386,43.223846,698.050 -2.462380,43.223847,698.664 -2.462368,43.223857,698.828 -2.462360,43.223864,699.229 -2.462351,43.223871,699.448 -2.462345,43.223874,699.661 -2.462334,43.223878,699.621 -2.462336,43.223891,700.013 -2.462338,43.223898,700.409 -2.462333,43.223904,700.667 -2.462329,43.223915,701.019 -2.462319,43.223921,701.268 -2.462311,43.223930,701.670 -2.462303,43.223933,701.647 -2.462300,43.223940,702.031 -2.462292,43.223953,702.275 -2.462291,43.223962,702.616 -2.462287,43.223978,703.085 -2.462284,43.223988,703.493 -2.462276,43.223998,703.865 -2.462271,43.224003,704.221 -2.462261,43.224015,704.409 -2.462255,43.224020,704.840 -2.462245,43.224033,705.022 -2.462242,43.224039,705.241 -2.462239,43.224049,705.883 -2.462229,43.224059,706.280 -2.462217,43.224066,706.444 -2.462204,43.224074,706.698 -2.462197,43.224082,707.039 -2.462186,43.224092,707.228 -2.462181,43.224098,707.688 -2.462172,43.224104,707.824 -2.462165,43.224111,708.226 -2.462159,43.224116,708.409 -2.462161,43.224118,708.669 -2.462161,43.224124,709.031 -2.462158,43.224136,709.410 -2.462156,43.224137,709.682 -2.462152,43.224147,709.849 -2.462152,43.224150,710.013 -2.462149,43.224160,710.277 -2.462143,43.224174,710.648 -2.462140,43.224184,710.857 -2.462136,43.224192,711.252 -2.462134,43.224198,711.453 -2.462128,43.224210,711.808 -2.462124,43.224218,712.009 -2.462120,43.224230,712.256 -2.462119,43.224236,712.678 -2.462126,43.224241,713.017 -2.462135,43.224254,713.219 -2.462141,43.224258,713.426 -2.462144,43.224271,713.870 -2.462136,43.224284,714.264 -2.462122,43.224293,714.435 -2.462113,43.224301,714.614 -2.462092,43.224315,714.833 -2.462084,43.224321,715.223 -2.462066,43.224335,715.415 -2.462054,43.224342,715.809 -2.462038,43.224353,716.014 -2.462024,43.224361,716.476 -2.462009,43.224373,716.695 -2.461995,43.224382,716.877 -2.461979,43.224392,717.024 -2.461969,43.224402,717.268 -2.461950,43.224414,717.462 -2.461941,43.224422,718.043 -2.461923,43.224436,718.012 -2.461909,43.224441,718.475 -2.461895,43.224449,718.628 -2.461873,43.224457,719.020 -2.461861,43.224464,719.409 -2.461844,43.224471,719.498 -2.461831,43.224478,720.040 -2.461810,43.224487,720.019 -2.461805,43.224493,720.651 -2.461785,43.224507,720.618 -2.461774,43.224515,721.262 -2.461756,43.224530,721.226 -2.461746,43.224536,721.617 -2.461737,43.224544,721.896 -2.461723,43.224553,722.447 -2.461716,43.224561,722.429 -2.461704,43.224574,722.821 -2.461704,43.224589,723.009 -2.461698,43.224600,723.235 -2.461694,43.224608,723.637 -2.461680,43.224613,723.896 -2.461668,43.224631,724.098 -2.461655,43.224645,724.285 -2.461640,43.224661,724.429 -2.461621,43.224673,724.653 -2.461608,43.224686,724.874 -2.461590,43.224699,725.043 -2.461573,43.224713,725.265 -2.461562,43.224726,725.268 -2.461548,43.224739,725.614 -2.461533,43.224754,725.809 -2.461516,43.224768,726.057 -2.461500,43.224781,726.089 -2.461482,43.224796,726.068 -2.461472,43.224812,726.420 -2.461457,43.224828,726.697 -2.461445,43.224840,727.041 -2.461429,43.224856,727.215 -2.461410,43.224868,727.246 -2.461393,43.224883,727.435 -2.461377,43.224896,727.827 -2.461360,43.224909,727.868 -2.461345,43.224922,728.014 -2.461330,43.224934,728.209 -2.461320,43.224943,728.233 -2.461303,43.224952,728.425 -2.461288,43.224961,728.654 -2.461273,43.224975,728.896 -2.461258,43.224987,729.293 -2.461251,43.224996,729.287 -2.461240,43.225011,729.251 -2.461229,43.225019,729.492 -2.461218,43.225029,729.611 -2.461205,43.225038,729.853 -2.461195,43.225046,729.804 -2.461185,43.225057,730.014 -2.461172,43.225068,730.009 -2.461159,43.225077,730.296 -2.461140,43.225089,730.478 -2.461136,43.225100,730.887 -2.461126,43.225115,731.259 -2.461122,43.225129,731.486 -2.461113,43.225142,731.690 -2.461105,43.225149,732.054 -2.461090,43.225158,732.265 -2.461076,43.225169,732.674 -2.461065,43.225178,732.853 -2.461045,43.225190,733.004 -2.461035,43.225195,733.214 -2.461022,43.225203,733.409 -2.460999,43.225214,733.846 -2.460991,43.225217,734.258 -2.460983,43.225225,734.437 -2.460974,43.225237,734.829 -2.460972,43.225244,735.256 -2.460964,43.225257,735.880 -2.460957,43.225271,736.054 -2.460955,43.225281,736.225 -2.460948,43.225296,736.634 -2.460946,43.225302,737.019 -2.460926,43.225305,737.209 -2.460906,43.225312,737.619 -2.460891,43.225314,737.809 -2.460874,43.225317,738.222 -2.460862,43.225326,738.474 -2.460845,43.225336,738.633 -2.460839,43.225343,738.865 -2.460839,43.225357,739.272 -2.460839,43.225369,739.416 -2.460837,43.225380,739.610 -2.460831,43.225392,740.211 -2.460821,43.225401,740.470 -2.460813,43.225411,740.863 -2.460804,43.225420,741.044 -2.460787,43.225428,741.018 -2.460785,43.225434,741.409 -2.460782,43.225442,741.857 -2.460778,43.225451,742.219 -2.460765,43.225463,742.488 -2.460753,43.225467,742.850 -2.460729,43.225472,743.037 -2.460725,43.225470,743.421 -2.460709,43.225477,743.645 -2.460695,43.225485,743.816 -2.460680,43.225496,744.255 -2.460662,43.225504,744.831 -2.460650,43.225511,745.061 -2.460631,43.225522,745.407 -2.460613,43.225532,745.609 -2.460598,43.225536,745.824 -2.460581,43.225540,746.066 -2.460565,43.225545,746.065 -2.460552,43.225549,746.297 -2.460534,43.225557,746.454 -2.460524,43.225562,746.628 -2.460507,43.225570,747.252 -2.460491,43.225578,747.423 -2.460482,43.225583,747.632 -2.460466,43.225590,748.045 -2.460459,43.225597,748.247 -2.460445,43.225610,748.411 -2.460432,43.225619,748.609 -2.460421,43.225631,749.045 -2.460411,43.225642,749.487 -2.460395,43.225656,749.846 -2.460384,43.225663,749.888 -2.460365,43.225673,750.025 -2.460354,43.225685,750.289 -2.460336,43.225700,750.483 -2.460322,43.225709,750.664 -2.460308,43.225720,751.063 -2.460288,43.225732,751.234 -2.460273,43.225743,751.255 -2.460254,43.225757,751.410 -2.460238,43.225769,751.609 -2.460220,43.225779,751.634 -2.460204,43.225790,751.866 -2.460187,43.225801,752.255 -2.460164,43.225812,752.677 -2.460152,43.225828,752.884 -2.460136,43.225840,753.078 -2.460119,43.225851,753.432 -2.460109,43.225860,753.693 -2.460096,43.225870,753.812 -2.460079,43.225884,754.064 -2.460066,43.225896,754.406 -2.460053,43.225906,754.616 -2.460040,43.225913,754.809 -2.460023,43.225920,755.087 -2.460005,43.225926,755.469 -2.459994,43.225935,755.628 -2.459983,43.225947,755.830 -2.459986,43.225955,756.277 -2.459976,43.225964,756.421 -2.459965,43.225967,756.875 -2.459947,43.225974,757.066 -2.459938,43.225979,757.475 -2.459931,43.225985,757.875 -2.459918,43.225995,758.228 -2.459912,43.226011,758.420 -2.459897,43.226022,758.809 -2.459903,43.226023,759.268 -2.459901,43.226042,759.650 -2.459882,43.226044,760.239 -2.459868,43.226054,760.441 -2.459850,43.226064,760.888 -2.459833,43.226073,761.092 -2.459828,43.226077,761.426 -2.459813,43.226088,761.897 -2.459805,43.226099,762.096 -2.459798,43.226114,762.016 -2.459796,43.226126,762.276 -2.459797,43.226144,762.413 -2.459800,43.226154,762.609 -2.459800,43.226171,762.832 -2.459808,43.226190,763.094 -2.459805,43.226200,763.263 -2.459805,43.226200,763.445 -2.459802,43.226223,763.812 -2.459796,43.226236,764.226 -2.459780,43.226243,764.860 -2.459763,43.226247,765.051 -2.459751,43.226249,765.450 -2.459751,43.226249,765.841 -2.459751,43.226249,766.081 -2.459751,43.226249,766.009 -2.459772,43.226253,766.009 -2.459785,43.226258,766.025 -2.459789,43.226259,766.037 -2.459789,43.226259,766.046 -2.459789,43.226259,765.868 -2.459788,43.226260,765.885 -2.459788,43.226261,765.869 -2.459788,43.226261,765.823 -2.459788,43.226261,765.814 -2.459786,43.226260,765.633 -2.459786,43.226260,765.638 -2.459785,43.226260,765.670 -2.459785,43.226260,765.617 -2.459785,43.226260,765.609 -2.459785,43.226260,765.664 -2.459785,43.226262,765.686 -2.459778,43.226259,765.665 -2.459779,43.226259,765.647 -2.459779,43.226259,765.684 -2.459781,43.226257,765.888 -2.459786,43.226254,765.832 -2.459801,43.226253,765.873 -2.459820,43.226249,765.842 -2.459845,43.226244,765.846 -2.459875,43.226244,765.888 -2.459901,43.226244,765.616 -2.459931,43.226243,765.409 -2.459962,43.226245,764.475 -2.459986,43.226241,763.697 -2.460014,43.226237,763.036 -2.460051,43.226237,762.468 -2.460076,43.226258,762.045 -2.460108,43.226282,761.679 -2.460137,43.226306,760.483 -2.460164,43.226331,760.054 -2.460187,43.226356,759.893 -2.460205,43.226380,759.211 -2.460227,43.226394,758.821 -2.460258,43.226413,758.603 -2.460282,43.226427,758.409 -2.460308,43.226441,758.292 -2.460340,43.226458,757.894 -2.460364,43.226470,757.413 -2.460394,43.226481,756.655 -2.460429,43.226491,756.282 -2.460456,43.226489,755.876 -2.460484,43.226490,755.080 -2.460518,43.226494,753.881 -2.460549,43.226500,753.610 -2.460578,43.226505,752.832 -2.460602,43.226518,752.292 -2.460629,43.226524,751.211 -2.460653,43.226534,750.809 -2.460686,43.226537,749.654 -2.460716,43.226540,748.886 -2.460744,43.226544,748.085 -2.460774,43.226554,747.257 -2.460801,43.226561,746.684 -2.460825,43.226567,746.468 -2.460844,43.226573,745.842 -2.460864,43.226592,745.453 -2.460883,43.226603,745.012 -2.460905,43.226616,744.659 -2.460931,43.226629,743.803 -2.460959,43.226642,743.023 -2.460985,43.226658,742.009 -2.461001,43.226682,741.076 -2.461020,43.226703,740.278 -2.461046,43.226719,739.867 -2.461074,43.226735,739.269 -2.461101,43.226746,739.036 -2.461127,43.226759,738.420 -2.461155,43.226767,737.444 -2.461179,43.226778,737.015 -2.461204,43.226786,736.014 -2.461230,43.226797,735.884 -2.461258,43.226814,735.207 -2.461287,43.226834,734.417 -2.461322,43.226849,733.409 -2.461352,43.226863,733.069 -2.461389,43.226880,732.081 -2.461419,43.226900,731.230 -2.461448,43.226917,730.282 -2.461475,43.226931,729.849 -2.461503,43.226949,729.413 -2.461539,43.226968,729.297 -2.461571,43.226987,729.098 -2.461599,43.227004,728.697 -2.461631,43.227023,728.258 -2.461658,43.227038,727.052 -2.461678,43.227055,726.817 -2.461692,43.227081,726.009 -2.461700,43.227104,725.246 -2.461722,43.227127,724.828 -2.461741,43.227146,723.617 -2.461764,43.227166,723.079 -2.461791,43.227180,722.626 -2.461819,43.227194,721.870 -2.461853,43.227206,721.064 -2.461883,43.227214,720.215 -2.461919,43.227223,719.664 -2.461955,43.227232,718.885 -2.461998,43.227244,718.289 -2.462035,43.227263,717.417 -2.462071,43.227280,716.609 -2.462108,43.227304,716.099 -2.462137,43.227327,715.251 -2.462169,43.227358,714.850 -2.462198,43.227382,714.492 -2.462228,43.227413,713.639 -2.462258,43.227438,713.253 -2.462287,43.227467,712.637 -2.462318,43.227495,711.888 -2.462352,43.227523,711.437 -2.462385,43.227538,711.092 -2.462415,43.227552,710.873 -2.462452,43.227571,709.820 -2.462489,43.227591,709.609 -2.462527,43.227611,709.410 -2.462564,43.227632,709.282 -2.462590,43.227661,709.081 -2.462616,43.227691,708.873 -2.462639,43.227717,708.640 -2.462669,43.227745,708.264 -2.462696,43.227766,708.058 -2.462726,43.227790,707.449 -2.462753,43.227815,706.838 -2.462789,43.227841,706.246 -2.462819,43.227859,705.888 -2.462855,43.227884,705.216 -2.462880,43.227908,704.809 -2.462903,43.227933,704.465 -2.462931,43.227951,703.887 -2.462962,43.227973,703.646 -2.462994,43.227994,703.418 -2.463013,43.228023,703.055 -2.463041,43.228047,702.449 -2.463061,43.228064,701.423 -2.463068,43.228071,700.854 -2.463050,43.228057,700.263 -2.463037,43.228041,698.832 -2.463035,43.228037,698.892 -2.463042,43.228036,698.811 -2.463050,43.228049,698.609 -2.463066,43.228064,698.674 -2.463093,43.228079,698.616 -2.463123,43.228095,698.685 -2.463146,43.228115,698.497 -2.463165,43.228134,697.854 -2.463184,43.228151,697.488 -2.463207,43.228170,697.212 -2.463236,43.228191,697.013 -2.463260,43.228206,696.632 -2.463289,43.228230,696.019 -2.463319,43.228248,695.409 -2.463348,43.228273,695.019 -2.463374,43.228288,694.209 -2.463404,43.228308,693.432 -2.463434,43.228327,693.014 -2.463455,43.228347,692.833 -2.463487,43.228366,692.415 -2.463516,43.228384,692.442 -2.463546,43.228407,692.036 -2.463579,43.228435,692.040 -2.463609,43.228457,691.861 -2.463642,43.228485,691.420 -2.463675,43.228507,691.052 -2.463708,43.228533,690.653 -2.463743,43.228552,690.008 -2.463776,43.228574,689.809 -2.463812,43.228595,689.656 -2.463845,43.228612,689.458 -2.463885,43.228627,689.087 -2.463919,43.228645,688.679 -2.463957,43.228660,688.466 -2.463978,43.228689,688.450 -2.464008,43.228712,688.214 -2.464033,43.228735,688.225 -2.464058,43.228759,688.014 -2.464081,43.228784,688.032 -2.464104,43.228805,687.892 -2.464134,43.228829,687.211 -2.464160,43.228851,686.809 -2.464186,43.228874,685.864 -2.464206,43.228902,685.296 -2.464233,43.228933,685.045 -2.464255,43.228958,684.887 -2.464281,43.228987,684.874 -2.464303,43.229012,684.878 -2.464321,43.229041,684.862 -2.464336,43.229065,684.873 -2.464360,43.229086,684.882 -2.464394,43.229104,684.834 -2.464427,43.229120,684.855 -2.464461,43.229134,684.610 -2.464495,43.229151,684.209 -2.464529,43.229168,684.214 -2.464558,43.229189,684.086 -2.464590,43.229210,683.815 -2.464616,43.229228,683.217 -2.464639,43.229245,683.294 -2.464664,43.229272,683.088 -2.464687,43.229292,682.852 -2.464713,43.229316,682.433 -2.464736,43.229334,682.072 -2.464754,43.229350,681.276 -2.464750,43.229352,680.690 -2.464754,43.229353,680.019 -2.464772,43.229364,679.809 -2.464793,43.229379,679.658 -2.464824,43.229396,679.660 -2.464855,43.229417,679.469 -2.464876,43.229439,679.241 -2.464897,43.229464,678.638 -2.464922,43.229484,678.442 -2.464947,43.229506,678.476 -2.464973,43.229525,678.247 -2.465000,43.229548,678.046 -2.465026,43.229567,677.637 -2.465053,43.229588,677.249 -2.465084,43.229609,677.013 -2.465111,43.229631,676.209 -2.465136,43.229650,676.094 -2.465164,43.229675,675.646 -2.465192,43.229691,674.845 -2.465222,43.229706,674.637 -2.465251,43.229722,674.074 -2.465281,43.229741,673.878 -2.465308,43.229756,673.622 -2.465335,43.229769,673.453 -2.465361,43.229781,673.052 -2.465389,43.229790,672.687 -2.465423,43.229802,672.042 -2.465457,43.229818,671.226 -2.465489,43.229830,670.809 -2.465526,43.229847,670.259 -2.465566,43.229864,669.861 -2.465603,43.229879,669.420 -2.465634,43.229891,669.092 -2.465658,43.229901,668.839 -2.465685,43.229914,668.663 -2.465711,43.229931,668.077 -2.465737,43.229950,667.688 -2.465762,43.229969,666.887 -2.465778,43.229985,666.016 -2.465797,43.230003,665.676 -2.465813,43.230018,664.813 -2.465832,43.230036,664.009 -2.465849,43.230056,663.462 -2.465866,43.230076,662.654 -2.465879,43.230099,661.633 -2.465896,43.230109,661.085 -2.465915,43.230126,660.092 -2.465933,43.230141,659.066 -2.465951,43.230159,658.290 -2.465970,43.230177,657.851 -2.465981,43.230196,657.030 -2.465998,43.230217,656.453 -2.466017,43.230242,655.204 -2.466027,43.230264,654.414 -2.466043,43.230282,653.409 -2.466061,43.230307,652.676 -2.466083,43.230319,651.698 -2.466107,43.230340,650.897 -2.466132,43.230362,650.219 -2.466152,43.230383,649.436 -2.466174,43.230405,648.830 -2.466194,43.230423,648.244 -2.466216,43.230448,647.295 -2.466237,43.230470,646.224 -2.466262,43.230492,645.473 -2.466293,43.230516,644.685 -2.466322,43.230533,644.013 -2.466356,43.230555,643.409 -2.466387,43.230570,642.848 -2.466425,43.230585,642.030 -2.466461,43.230593,641.249 -2.466504,43.230601,640.841 -2.466546,43.230602,640.048 -2.466589,43.230602,639.212 -2.466631,43.230600,638.676 -2.466667,43.230596,637.827 -2.466709,43.230594,637.076 -2.466743,43.230591,636.497 -2.466783,43.230591,635.623 -2.466826,43.230590,634.825 -2.466858,43.230589,634.009 -2.466895,43.230592,633.210 -2.466929,43.230595,632.222 -2.466963,43.230600,631.641 -2.466998,43.230604,631.013 -2.467037,43.230609,630.490 -2.467078,43.230618,629.454 -2.467111,43.230622,628.648 -2.467153,43.230628,627.869 -2.467188,43.230629,627.248 -2.467226,43.230630,626.242 -2.467267,43.230630,625.622 -2.467305,43.230633,625.014 -2.467345,43.230637,624.409 -2.467384,43.230643,623.675 -2.467425,43.230654,623.087 -2.467463,43.230663,621.666 -2.467506,43.230675,621.078 -2.467546,43.230691,620.655 -2.467591,43.230711,620.239 -2.467634,43.230728,619.853 -2.467680,43.230745,619.684 -2.467719,43.230760,619.463 -2.467758,43.230775,619.094 -2.467794,43.230788,618.457 -2.467834,43.230801,618.022 -2.467878,43.230810,617.609 -2.467915,43.230821,617.440 -2.467959,43.230833,617.442 -2.467994,43.230843,617.241 -2.468030,43.230853,617.263 -2.468065,43.230862,617.070 -2.468101,43.230874,617.044 -2.468138,43.230885,617.058 -2.468173,43.230897,617.099 -2.468212,43.230908,617.228 -2.468248,43.230917,617.221 -2.468284,43.230926,617.041 -2.468319,43.230934,617.005 -2.468356,43.230938,617.009 -2.468388,43.230938,617.033 -2.468433,43.230934,616.895 -2.468465,43.230932,616.494 -2.468503,43.230937,615.816 -2.468533,43.230942,614.853 -2.468568,43.230949,614.257 -2.468608,43.230954,613.631 -2.468653,43.230962,612.642 -2.468696,43.230968,612.081 -2.468739,43.230977,611.676 -2.468785,43.230984,610.690 -2.468826,43.230991,610.419 -2.468863,43.230996,610.209 -2.468896,43.231000,610.298 -2.468927,43.231003,610.280 -2.468958,43.231003,610.239 -2.468988,43.231004,610.221 -2.469011,43.231003,610.258 -2.469040,43.231004,610.652 -2.469063,43.231001,611.096 -2.469092,43.231001,611.297 -2.469117,43.230999,611.636 -2.469148,43.230999,612.076 -2.469178,43.230996,612.290 -2.469203,43.230995,612.619 -2.469232,43.230993,613.009 -2.469262,43.230993,613.068 -2.469289,43.230992,613.250 -2.469318,43.230994,613.289 -2.469336,43.230996,613.251 -2.469351,43.230989,613.418 -2.469353,43.230986,613.422 -2.469350,43.230994,613.456 -2.469347,43.231003,613.457 -2.469344,43.231002,613.486 -2.469351,43.230994,613.278 -2.469373,43.230982,613.233 -2.469406,43.230970,613.026 -2.469446,43.230959,613.009 -2.469488,43.230947,613.038 -2.469527,43.230942,612.650 -2.469568,43.230936,612.459 -2.469609,43.230933,611.811 -2.469649,43.230930,611.668 -2.469688,43.230929,611.452 -2.469726,43.230925,611.266 -2.469765,43.230923,610.817 -2.469807,43.230922,610.636 -2.469841,43.230919,610.427 -2.469877,43.230917,610.268 -2.469915,43.230911,610.214 -2.469959,43.230902,610.209 -2.469998,43.230894,610.043 -2.470045,43.230887,610.085 -2.470082,43.230879,609.454 -2.470128,43.230873,609.426 -2.470166,43.230866,609.223 -2.470210,43.230865,608.877 -2.470251,43.230861,608.681 -2.470293,43.230860,608.262 -2.470332,43.230856,608.091 -2.470377,43.230857,607.868 -2.470418,43.230861,607.442 -2.470465,43.230873,607.026 -2.470507,43.230884,607.009 -2.470543,43.230901,606.837 -2.470574,43.230916,606.649 -2.470600,43.230953,606.258 -2.470626,43.230976,606.070 -2.470647,43.231015,605.897 -2.470667,43.231043,605.661 -2.470688,43.231072,604.665 -2.470705,43.231094,604.026 -2.470733,43.231119,603.465 -2.470758,43.231141,602.881 -2.470792,43.231163,602.461 -2.470826,43.231175,602.017 -2.470866,43.231189,601.409 -2.470898,43.231193,601.049 -2.470941,43.231201,600.841 -2.470975,43.231210,600.670 -2.471013,43.231220,599.862 -2.471053,43.231229,599.479 -2.471094,43.231239,599.253 -2.471127,43.231247,598.857 -2.471168,43.231257,598.698 -2.471199,43.231263,598.417 -2.471243,43.231271,597.029 -2.471282,43.231276,596.600 -2.471325,43.231284,595.820 -2.471369,43.231286,595.409 -2.471417,43.231292,595.033 -2.471454,43.231299,594.415 -2.471496,43.231309,594.284 -2.471532,43.231316,593.866 -2.471571,43.231326,593.663 -2.471607,43.231334,592.877 -2.471646,43.231343,592.261 -2.471682,43.231347,591.692 -2.471722,43.231356,591.071 -2.471755,43.231361,590.827 -2.471795,43.231367,590.068 -2.471832,43.231371,589.614 -2.471866,43.231378,589.009 -2.471891,43.231385,588.493 -2.471923,43.231391,588.065 -2.471958,43.231399,587.434 -2.471985,43.231404,586.816 -2.472018,43.231410,586.243 -2.472050,43.231412,585.457 -2.472079,43.231417,584.831 -2.472113,43.231424,584.222 -2.472142,43.231429,583.281 -2.472174,43.231431,583.039 -2.472206,43.231435,582.201 -2.472237,43.231440,581.421 -2.472264,43.231452,580.409 -2.472294,43.231462,579.814 -2.472321,43.231460,579.476 -2.472349,43.231467,578.415 -2.472381,43.231478,577.637 -2.472410,43.231486,577.054 -2.472439,43.231493,576.248 -2.472467,43.231505,575.282 -2.472495,43.231521,574.223 -2.472528,43.231533,573.412 -2.472562,43.231544,572.688 -2.472598,43.231556,572.224 -2.472628,43.231565,571.826 -2.472663,43.231576,571.209 -2.472697,43.231586,570.019 -2.472730,43.231600,569.421 -2.472762,43.231615,568.870 -2.472790,43.231629,567.872 -2.472819,43.231644,567.269 -2.472847,43.231656,566.633 -2.472878,43.231670,565.697 -2.472905,43.231679,564.898 -2.472938,43.231691,564.257 -2.472971,43.231699,563.434 -2.473009,43.231703,562.855 -2.473044,43.231704,561.810 -2.473086,43.231698,561.209 -2.473123,43.231697,560.824 -2.473159,43.231696,559.816 -2.473194,43.231690,559.445 -2.473229,43.231684,558.617 -2.473274,43.231689,557.894 -2.473314,43.231686,557.498 -2.473350,43.231678,556.812 -2.473386,43.231675,556.223 -2.473422,43.231671,555.672 -2.473455,43.231665,555.096 -2.473499,43.231660,554.231 -2.473533,43.231654,553.424 -2.473577,43.231657,553.009 -2.473611,43.231660,552.030 -2.473652,43.231667,551.492 -2.473687,43.231679,550.881 -2.473715,43.231693,550.293 -2.473747,43.231709,549.410 -2.473774,43.231725,548.474 -2.473798,43.231751,547.678 -2.473818,43.231776,547.079 -2.473829,43.231805,545.868 -2.473838,43.231831,545.296 -2.473846,43.231861,545.031 -2.473858,43.231892,544.424 -2.473871,43.231924,544.009 -2.473886,43.231953,543.690 -2.473899,43.231978,542.862 -2.473914,43.232002,542.061 -2.473935,43.232020,541.453 -2.473956,43.232043,541.010 -2.473973,43.232066,540.454 -2.473990,43.232093,540.258 -2.474002,43.232113,539.679 -2.474018,43.232138,539.258 -2.474031,43.232162,538.452 -2.474045,43.232189,537.653 -2.474058,43.232215,537.008 -2.474070,43.232243,536.409 -2.474085,43.232272,535.656 -2.474099,43.232298,534.628 -2.474115,43.232324,534.277 -2.474133,43.232348,533.849 -2.474150,43.232371,533.276 -2.474165,43.232393,532.860 -2.474183,43.232412,532.014 -2.474201,43.232431,531.425 -2.474222,43.232453,531.014 -2.474240,43.232472,530.477 -2.474263,43.232495,529.861 -2.474288,43.232516,528.427 -2.474312,43.232538,527.809 -2.474336,43.232560,527.478 -2.474362,43.232582,526.640 -2.474389,43.232602,526.439 -2.474414,43.232623,526.061 -2.474439,43.232640,525.868 -2.474466,43.232659,525.292 -2.474490,43.232676,524.886 -2.474516,43.232696,524.297 -2.474551,43.232718,523.696 -2.474587,43.232738,523.226 -2.474618,43.232757,522.447 -2.474652,43.232777,521.811 -2.474685,43.232800,521.209 -2.474712,43.232821,520.463 -2.474741,43.232840,520.095 -2.474770,43.232858,519.484 -2.474801,43.232877,519.046 -2.474834,43.232898,518.223 -2.474866,43.232916,518.067 -2.474898,43.232931,517.421 -2.474932,43.232945,517.072 -2.474960,43.232956,517.081 -2.474993,43.232969,516.621 -2.475026,43.232983,515.841 -2.475057,43.232996,515.205 -2.475085,43.233010,514.809 -2.475120,43.233024,514.273 -2.475155,43.233039,514.085 -2.475185,43.233051,513.864 -2.475216,43.233063,513.236 -2.475252,43.233073,512.653 -2.475290,43.233087,512.417 -2.475329,43.233101,512.011 -2.475374,43.233115,510.852 -2.475415,43.233128,510.431 -2.475461,43.233141,509.639 -2.475503,43.233151,508.801 -2.475540,43.233158,508.221 -2.475584,43.233164,507.609 -2.475619,43.233167,507.234 -2.475658,43.233166,507.036 -2.475703,43.233164,506.665 -2.475743,43.233165,506.467 -2.475784,43.233161,506.234 -2.475822,43.233161,505.698 -2.475865,43.233158,505.012 -2.475902,43.233157,504.883 -2.475939,43.233154,504.682 -2.475980,43.233152,504.065 -2.476020,43.233148,503.868 -2.476060,43.233138,503.414 -2.476101,43.233130,502.809 -2.476140,43.233124,502.617 -2.476185,43.233114,502.239 -2.476223,43.233101,501.838 -2.476268,43.233090,501.490 -2.476304,43.233081,501.287 -2.476341,43.233073,500.841 -2.476377,43.233064,500.695 -2.476419,43.233056,500.436 -2.476463,43.233046,500.265 -2.476503,43.233039,499.818 -2.476541,43.233030,499.498 -2.476577,43.233023,498.217 -2.476612,43.233014,497.809 -2.476647,43.233007,497.442 -2.476687,43.232997,497.034 -2.476728,43.232991,496.633 -2.476764,43.232985,496.235 -2.476802,43.232983,495.612 -2.476842,43.232982,495.096 -2.476884,43.232985,494.430 -2.476928,43.232988,494.041 -2.476967,43.232992,493.230 -2.477013,43.232999,492.881 -2.477052,43.233001,492.261 -2.477094,43.233010,491.617 -2.477129,43.233014,490.809 -2.477170,43.233026,490.219 -2.477202,43.233034,489.621 -2.477240,43.233042,488.870 -2.477276,43.233049,488.022 -2.477312,43.233055,487.279 -2.477353,43.233060,486.663 -2.477388,43.233061,485.897 -2.477428,43.233057,484.818 -2.477466,43.233052,484.027 -2.477508,43.233045,483.428 -2.477545,43.233024,482.889 -2.477582,43.233009,482.017 -2.477622,43.232994,481.209 -2.477657,43.232981,480.663 -2.477696,43.232964,480.095 -2.477729,43.232950,479.484 -2.477768,43.232934,479.096 -2.477801,43.232921,478.833 -2.477833,43.232909,478.887 -2.477864,43.232900,478.681 -2.477902,43.232890,478.452 -2.477944,43.232880,478.251 -2.477981,43.232874,478.283 -2.478020,43.232869,478.025 -2.478064,43.232865,477.417 -2.478110,43.232859,476.809 -2.478154,43.232861,476.619 -2.478200,43.232860,476.221 -2.478238,43.232857,475.860 -2.478277,43.232865,475.692 -2.478314,43.232865,475.219 -2.478362,43.232868,475.273 -2.478406,43.232879,475.087 -2.478451,43.232891,474.688 -2.478490,43.232901,474.497 -2.478530,43.232919,474.216 -2.478566,43.232929,474.076 -2.478602,43.232940,473.813 -2.478639,43.232951,473.209 -2.478674,43.232964,472.692 -2.478710,43.232975,472.684 -2.478742,43.232989,472.423 -2.478779,43.233003,472.425 -2.478817,43.233016,472.272 -2.478855,43.233030,472.226 -2.478887,43.233043,472.040 -2.478922,43.233054,471.841 -2.478958,43.233069,471.050 -2.478993,43.233083,470.893 -2.479023,43.233097,470.665 -2.479058,43.233111,470.221 -2.479089,43.233109,469.609 -2.479129,43.233112,469.430 -2.479162,43.233124,469.242 -2.479193,43.233136,468.881 -2.479214,43.233160,468.233 -2.479242,43.233179,467.810 -2.479271,43.233198,466.294 -2.479296,43.233215,465.288 -2.479325,43.233239,464.859 -2.479347,43.233261,464.298 -2.479370,43.233284,463.826 -2.479398,43.233312,462.447 -2.479421,43.233336,462.011 -2.479450,43.233362,461.609 -2.479484,43.233377,461.273 -2.479520,43.233369,460.415 -2.479549,43.233352,459.434 -2.479575,43.233328,458.826 -2.479581,43.233304,458.473 -2.479585,43.233278,458.247 -2.479583,43.233246,457.811 -2.479587,43.233215,457.212 -2.479587,43.233181,456.891 -2.479587,43.233151,456.047 -2.479585,43.233117,455.429 -2.479580,43.233086,454.821 -2.479581,43.233053,454.409 -2.479574,43.233024,453.445 -2.479570,43.232994,453.277 -2.479566,43.232964,452.856 -2.479566,43.232931,452.688 -2.479564,43.232900,452.495 -2.479560,43.232867,452.219 -2.479551,43.232834,452.033 -2.479538,43.232803,451.884 -2.479523,43.232771,451.823 -2.479506,43.232743,451.647 -2.479486,43.232715,451.629 -2.479463,43.232688,451.421 -2.479447,43.232660,451.409 -2.479425,43.232632,451.225 -2.479406,43.232603,451.227 -2.479388,43.232577,451.296 -2.479372,43.232554,451.068 -2.479353,43.232524,451.055 -2.479334,43.232499,451.029 -2.479313,43.232465,450.673 -2.479291,43.232436,450.424 -2.479272,43.232407,450.263 -2.479260,43.232376,449.876 -2.479248,43.232342,449.490 -2.479231,43.232314,449.219 -2.479216,43.232283,449.209 -2.479198,43.232254,449.088 -2.479184,43.232222,448.670 -2.479165,43.232192,448.479 -2.479149,43.232161,448.281 -2.479133,43.232132,448.078 -2.479116,43.232104,447.622 -2.479099,43.232078,447.426 -2.479086,43.232050,447.037 -2.479071,43.232020,446.856 -2.479056,43.231995,446.227 -2.479044,43.231970,445.868 -2.479032,43.231944,445.414 -2.479017,43.231916,445.009 -2.479001,43.231892,444.673 -2.478986,43.231867,444.225 -2.478967,43.231842,443.864 -2.478942,43.231814,443.236 -2.478915,43.231794,442.683 -2.478883,43.231773,441.817 -2.478855,43.231751,441.231 -2.478827,43.231728,440.442 -2.478787,43.231712,440.091 -2.478747,43.231699,439.026 -2.478704,43.231691,438.247 -2.478659,43.231691,437.611 -2.478615,43.231690,436.609 -2.478567,43.231684,435.893 -2.478523,43.231680,435.475 -2.478475,43.231671,434.694 -2.478436,43.231663,434.246 -2.478401,43.231648,433.893 -2.478376,43.231635,433.467 -2.478361,43.231611,433.211 -2.478352,43.231589,433.052 -2.478356,43.231560,432.421 -2.478355,43.231534,432.229 -2.478360,43.231505,432.000 -2.478365,43.231476,431.820 -2.478369,43.231448,431.809 -2.478372,43.231421,431.683 -2.478370,43.231395,431.615 -2.478368,43.231366,431.494 -2.478367,43.231336,431.296 -2.478376,43.231307,431.243 -2.478364,43.231276,431.017 -2.478360,43.231245,431.031 -2.478352,43.231214,430.892 -2.478345,43.231185,430.871 -2.478340,43.231153,430.619 -2.478335,43.231123,430.609 -2.478334,43.231092,430.619 -2.478331,43.231062,430.609 -2.478338,43.231030,430.682 -2.478348,43.231002,430.624 -2.478371,43.230974,430.683 -2.478398,43.230950,430.685 -2.478434,43.230934,430.632 -2.478466,43.230918,430.646 -2.478497,43.230903,430.680 -2.478531,43.230880,430.661 -2.478555,43.230859,430.460 -2.478583,43.230839,430.412 -2.478605,43.230827,430.432 -2.478627,43.230807,430.405 -2.478654,43.230782,430.409 -2.478679,43.230761,430.482 -2.478710,43.230737,430.454 -2.478741,43.230715,430.223 -2.478773,43.230692,429.895 -2.478801,43.230665,429.482 -2.478826,43.230641,429.296 -2.478844,43.230616,429.030 -2.478857,43.230593,428.481 -2.478868,43.230569,428.220 -2.478873,43.230546,427.616 -2.478862,43.230521,427.076 -2.478855,43.230498,426.413 -2.478848,43.230471,425.809 -2.478833,43.230448,425.272 -2.478813,43.230419,424.874 -2.478791,43.230393,424.073 -2.478773,43.230367,423.425 -2.478753,43.230341,422.652 -2.478733,43.230317,422.086 -2.478707,43.230295,421.470 -2.478688,43.230273,421.041 -2.478670,43.230249,420.620 -2.478657,43.230226,420.061 -2.478642,43.230203,419.421 -2.478629,43.230182,418.813 -2.478612,43.230158,418.209 -2.478596,43.230137,417.487 -2.478577,43.230111,416.829 -2.478563,43.230085,416.098 -2.478550,43.230059,415.420 -2.478529,43.230042,414.857 -2.478508,43.230020,414.261 -2.478488,43.229996,413.625 -2.478466,43.229971,413.086 -2.478450,43.229948,412.495 -2.478437,43.229924,411.832 -2.478420,43.229898,411.092 -2.478406,43.229870,410.611 -2.478395,43.229839,410.009 -2.478399,43.229807,409.614 -2.478425,43.229784,408.846 -2.478459,43.229780,408.675 -2.478493,43.229787,408.067 -2.478553,43.229789,407.494 -2.478599,43.229807,406.628 -2.478628,43.229827,406.432 -2.478666,43.229847,406.043 -2.478701,43.229859,405.282 -2.478734,43.229873,404.876 -2.478770,43.229885,404.290 -2.478805,43.229900,403.819 -2.478843,43.229913,403.609 -2.478880,43.229928,403.258 -2.478921,43.229942,403.020 -2.478964,43.229957,402.879 -2.479006,43.229974,402.411 -2.479046,43.229984,402.248 -2.479086,43.229997,402.082 -2.479124,43.230006,401.626 -2.479172,43.230017,401.487 -2.479208,43.230017,401.216 -2.479252,43.230020,400.818 -2.479293,43.230019,400.898 -2.479336,43.230019,400.417 -2.479376,43.230020,400.009 -2.479421,43.230025,399.422 -2.479462,43.230023,399.014 -2.479507,43.230026,398.493 -2.479548,43.230029,398.065 -2.479591,43.230032,397.622 -2.479632,43.230037,397.456 -2.479670,43.230041,397.260 -2.479710,43.230045,397.031 -2.479753,43.230059,396.680 -2.479790,43.230067,396.044 -2.479831,43.230079,395.805 -2.479868,43.230085,395.615 -2.479908,43.230093,395.209 -2.479944,43.230098,395.075 -2.479987,43.230102,394.687 -2.480025,43.230106,394.446 -2.480061,43.230109,394.048 -2.480102,43.230116,393.645 -2.480139,43.230124,392.839 -2.480180,43.230136,392.263 -2.480221,43.230145,391.454 -2.480263,43.230151,391.233 -2.480301,43.230161,390.829 -2.480343,43.230165,390.200 -2.480377,43.230170,389.620 -2.480420,43.230178,389.009 -2.480465,43.230184,388.053 -2.480507,43.230196,387.655 -2.480541,43.230210,386.854 -2.480571,43.230230,386.056 -2.480609,43.230243,385.433 -2.480637,43.230267,385.287 -2.480645,43.230290,385.061 -2.480653,43.230312,385.082 -2.480674,43.230341,384.831 -2.480688,43.230364,384.879 -2.480704,43.230395,384.605 -2.480714,43.230422,384.625 -2.480720,43.230450,384.209 -2.480726,43.230474,383.838 -2.480729,43.230500,383.410 -2.480734,43.230528,383.059 -2.480739,43.230558,382.211 -2.480744,43.230585,381.688 -2.480744,43.230613,381.072 -2.480736,43.230644,380.236 -2.480730,43.230672,379.687 -2.480730,43.230706,378.866 -2.480711,43.230734,378.217 -2.480682,43.230758,377.687 -2.480653,43.230786,377.015 -2.480628,43.230809,376.009 -2.480602,43.230833,375.682 -2.480580,43.230854,375.264 -2.480555,43.230874,374.833 -2.480534,43.230892,374.295 -2.480510,43.230912,373.652 -2.480494,43.230933,373.076 -2.480477,43.230960,372.420 -2.480469,43.230988,371.621 -2.480470,43.231017,371.040 -2.480479,43.231041,370.233 -2.480506,43.231064,369.423 -2.480531,43.231087,369.215 -2.480556,43.231102,368.609 -2.480588,43.231117,368.084 -2.480621,43.231128,367.686 -2.480657,43.231136,366.895 -2.480689,43.231144,366.427 -2.480727,43.231153,365.684 -2.480759,43.231158,364.838 -2.480796,43.231160,364.222 -2.480831,43.231162,363.673 -2.480877,43.231162,362.832 -2.480916,43.231162,362.226 -2.480958,43.231161,362.047 -2.480999,43.231160,361.211 -2.481043,43.231158,360.409 -2.481088,43.231157,359.823 -2.481133,43.231156,359.415 -2.481176,43.231154,359.244 -2.481216,43.231151,358.876 -2.481252,43.231149,358.483 -2.481293,43.231146,358.077 -2.481335,43.231142,357.831 -2.481379,43.231140,357.432 -2.481425,43.231137,356.881 -2.481467,43.231128,356.623 -2.481515,43.231123,355.883 -2.481556,43.231117,355.611 -2.481606,43.231106,354.809 -2.481647,43.231094,354.273 -2.481692,43.231081,353.845 -2.481729,43.231070,353.284 -2.481772,43.231056,352.636 -2.481806,43.231043,352.223 -2.481846,43.231031,351.887 -2.481883,43.231019,351.221 -2.481931,43.231015,350.642 -2.481970,43.231007,350.461 -2.482015,43.231001,350.271 -2.482050,43.230992,350.041 -2.482097,43.230985,349.815 -2.482143,43.230977,349.209 -2.482187,43.230971,349.078 -2.482231,43.230965,348.610 -2.482274,43.230960,348.229 -2.482316,43.230956,348.231 -2.482358,43.230957,348.088 -2.482397,43.230953,347.612 -2.482436,43.230949,347.416 -2.482473,43.230947,347.467 -2.482510,43.230941,347.286 -2.482555,43.230933,347.295 -2.482591,43.230921,347.049 -2.482633,43.230908,346.623 -2.482665,43.230900,346.409 -2.482706,43.230887,346.220 -2.482741,43.230876,345.852 -2.482779,43.230864,345.831 -2.482811,43.230856,345.453 -2.482850,43.230850,345.020 -2.482888,43.230845,344.854 -2.482930,43.230843,344.468 -2.482968,43.230842,344.079 -2.483013,43.230844,343.468 -2.483051,43.230841,342.672 -2.483093,43.230845,342.213 -2.483134,43.230845,341.614 -2.483176,43.230846,341.009 -2.483211,43.230848,340.248 -2.483245,43.230853,339.660 -2.483272,43.230857,339.269 -2.483306,43.230860,338.271 -2.483345,43.230861,337.498 -2.483388,43.230867,336.892 -2.483435,43.230861,336.296 -2.483477,43.230857,335.437 -2.483522,43.230847,334.816 -2.483563,43.230834,334.494 -2.483602,43.230824,333.857 -2.483638,43.230813,333.422 -2.483680,43.230806,333.009 -2.483715,43.230800,332.690 -2.483753,43.230795,332.422 -2.483789,43.230788,332.291 -2.483838,43.230782,332.033 -2.483881,43.230776,331.470 -2.483931,43.230775,331.044 -2.483975,43.230775,330.678 -2.484020,43.230778,330.059 -2.484062,43.230783,329.218 -2.484101,43.230793,328.682 -2.484135,43.230803,328.043 -2.484173,43.230818,327.817 -2.484207,43.230832,327.209 -2.484245,43.230848,327.029 -2.484276,43.230861,326.891 -2.484311,43.230875,326.470 -2.484347,43.230886,326.282 -2.484384,43.230895,326.049 -2.484429,43.230903,325.873 -2.484471,43.230911,325.877 -2.484509,43.230929,325.828 -2.484540,43.230949,325.427 -2.484572,43.230977,325.211 -2.484598,43.230999,324.821 -2.484620,43.231027,324.403 -2.484644,43.231054,323.809 -2.484670,43.231083,323.412 -2.484694,43.231111,323.024 -2.484717,43.231139,322.613 -2.484742,43.231163,322.285 -2.484758,43.231192,321.672 -2.484776,43.231221,320.886 -2.484792,43.231250,320.420 -2.484809,43.231280,319.881 -2.484822,43.231309,318.860 -2.484836,43.231338,318.098 -2.484844,43.231373,317.815 -2.484862,43.231405,317.626 -2.484871,43.231431,317.009 -2.484880,43.231463,316.890 -2.484889,43.231490,316.642 -2.484898,43.231515,316.661 -2.484902,43.231544,316.463 -2.484908,43.231572,316.410 -2.484914,43.231603,315.624 -2.484919,43.231634,315.478 -2.484921,43.231660,314.489 -2.484926,43.231689,314.018 -2.484930,43.231717,313.691 -2.484936,43.231751,313.281 -2.484930,43.231778,312.819 -2.484920,43.231805,312.809 -2.484913,43.231838,312.670 -2.484901,43.231867,312.442 -2.484881,43.231898,312.251 -2.484856,43.231928,311.863 -2.484832,43.231951,311.860 -2.484800,43.231975,311.624 -2.484770,43.232001,311.028 -2.484736,43.232022,310.639 -2.484702,43.232039,310.458 -2.484666,43.232060,310.017 -2.484634,43.232079,309.887 -2.484602,43.232104,309.615 -2.484586,43.232125,309.209 -2.484584,43.232154,308.832 -2.484595,43.232169,308.614 -2.484610,43.232194,308.073 -2.484625,43.232220,307.645 -2.484645,43.232245,307.282 -2.484671,43.232272,306.876 -2.484696,43.232294,306.260 -2.484725,43.232317,305.861 -2.484751,43.232338,305.820 -2.484779,43.232362,305.646 -2.484805,43.232386,305.488 -2.484833,43.232412,305.016 -2.484854,43.232434,304.609 -2.484878,43.232459,304.055 -2.484900,43.232484,303.857 -2.484935,43.232510,303.686 -2.484952,43.232541,303.218 -2.484950,43.232573,302.835 -2.484944,43.232599,302.469 -2.484936,43.232633,302.283 -2.484932,43.232660,301.854 -2.484923,43.232692,301.413 -2.484915,43.232719,301.034 -2.484907,43.232746,300.855 -2.484905,43.232771,300.210 -2.484903,43.232795,299.809 -2.484910,43.232818,299.474 -2.484921,43.232844,299.046 -2.484937,43.232863,298.685 -2.484960,43.232873,298.257 -2.484986,43.232870,297.854 -2.485014,43.232862,297.488 -2.485035,43.232852,297.012 -2.485036,43.232831,296.483 -2.485028,43.232799,295.872 -2.485024,43.232764,295.278 -2.485023,43.232734,294.833 -2.485023,43.232704,294.626 -2.485028,43.232673,294.409 -2.485035,43.232646,294.078 -2.485047,43.232615,293.860 -2.485061,43.232581,293.889 -2.485093,43.232545,293.681 -2.485110,43.232514,293.628 -2.485117,43.232484,293.672 -2.485118,43.232455,293.416 -2.485108,43.232425,293.297 -2.485096,43.232397,293.246 -2.485080,43.232367,293.092 -2.485065,43.232338,292.873 -2.485050,43.232308,292.620 -2.485035,43.232282,292.609 -2.485029,43.232253,291.830 -2.485034,43.232227,291.632 -2.485049,43.232199,291.071 -2.485068,43.232173,290.693 -2.485109,43.232156,290.090 -2.485148,43.232135,290.024 -2.485176,43.232119,289.668 -2.485209,43.232100,289.029 -2.485240,43.232086,288.818 -2.485272,43.232069,288.239 -2.485304,43.232051,287.801 -2.485347,43.232034,287.821 -2.485368,43.232012,287.609 -2.485391,43.231988,287.244 -2.485413,43.231964,287.096 -2.485433,43.231940,286.835 -2.485451,43.231916,286.457 -2.485473,43.231890,285.814 -2.485489,43.231862,285.438 -2.485512,43.231834,284.892 -2.485538,43.231808,284.293 -2.485571,43.231785,283.892 -2.485607,43.231765,283.228 -2.485648,43.231749,282.689 -2.485691,43.231736,282.017 -2.485736,43.231726,281.609 -2.485780,43.231717,281.433 -2.485828,43.231712,281.095 -2.485873,43.231707,280.434 -2.485915,43.231705,279.826 -2.485953,43.231705,279.613 -2.485996,43.231710,279.057 -2.486038,43.231714,278.811 -2.486079,43.231722,278.052 -2.486118,43.231731,277.831 -2.486159,43.231742,277.693 -2.486197,43.231751,277.065 -2.486232,43.231760,276.821 -2.486270,43.231768,276.409 -2.486304,43.231770,276.460 -2.486346,43.231769,276.462 -2.486388,43.231766,276.271 -2.486425,43.231764,276.023 -2.486465,43.231762,275.460 -2.486499,43.231759,275.064 -2.486545,43.231755,274.638 -2.486589,43.231750,274.499 -2.486629,43.231745,274.228 -2.486672,43.231738,273.659 -2.486705,43.231728,272.803 -2.486739,43.231718,272.223 -2.486774,43.231704,271.609 -2.486809,43.231689,270.686 -2.486843,43.231669,270.038 -2.486868,43.231652,269.427 -2.486900,43.231631,269.039 -2.486929,43.231616,268.276 -2.486963,43.231600,267.610 -2.486997,43.231587,267.064 -2.487038,43.231577,266.285 -2.487077,43.231564,265.434 -2.487121,43.231553,265.062 -2.487160,43.231543,264.483 -2.487210,43.231528,264.211 -2.487241,43.231518,263.609 -2.487274,43.231505,262.867 -2.487309,43.231509,262.479 -2.487336,43.231498,261.238 -2.487360,43.231482,260.820 -2.487386,43.231462,260.257 -2.487410,43.231443,259.241 -2.487436,43.231420,259.075 -2.487460,43.231398,258.046 -2.487482,43.231377,257.275 -2.487514,43.231362,256.623 -2.487548,43.231358,256.283 -2.487583,43.231369,255.411 -2.487632,43.231381,254.809 -2.487664,43.231403,254.233 -2.487695,43.231432,253.665 -2.487726,43.231457,252.654 -2.487750,43.231493,252.266 -2.487769,43.231529,251.833 -2.487795,43.231560,251.647 -2.487815,43.231586,251.271 -2.487837,43.231615,250.862 -2.487855,43.231644,250.431 -2.487867,43.231674,250.021 -2.487875,43.231698,250.041 -2.487880,43.231725,249.805 -2.487890,43.231752,249.809 -2.487897,43.231786,249.473 -2.487909,43.231817,249.475 -2.487906,43.231852,248.814 -2.487909,43.231881,248.416 -2.487902,43.231910,248.243 -2.487889,43.231939,248.097 -2.487872,43.231965,247.651 -2.487853,43.231993,247.222 -2.487823,43.232017,247.021 -2.487785,43.232042,246.293 -2.487743,43.232061,246.065 -2.487703,43.232074,245.821 -2.487660,43.232086,244.809 -2.487617,43.232097,244.240 -2.487577,43.232107,243.692 -2.487540,43.232112,243.051 -2.487504,43.232116,242.863 -2.487464,43.232117,242.460 -2.487425,43.232119,242.244 -2.487380,43.232122,241.848 -2.487340,43.232126,241.269 -2.487294,43.232128,240.898 -2.487253,43.232133,240.284 -2.487207,43.232135,239.807 -2.487164,43.232143,239.417 -2.487113,43.232150,239.209 -2.487065,43.232161,239.019 -2.487013,43.232175,238.661 -2.486971,43.232190,238.470 -2.486929,43.232207,238.232 -2.486897,43.232232,238.049 -2.486863,43.232255,237.843 -2.486837,43.232280,237.857 -2.486812,43.232306,237.838 -2.486787,43.232331,237.847 -2.486765,43.232356,237.689 -2.486744,43.232382,237.406 -2.486751,43.232421,237.226 -2.486753,43.232452,237.009 -2.486767,43.232478,236.669 -2.486783,43.232510,236.271 -2.486804,43.232536,236.080 -2.486829,43.232562,235.832 -2.486854,43.232583,235.849 -2.486881,43.232607,235.693 -2.486909,43.232630,235.457 -2.486937,43.232656,235.028 -2.486968,43.232678,234.867 -2.487000,43.232702,234.689 -2.487033,43.232720,234.606 -2.487064,43.232737,233.826 -2.487096,43.232755,233.609 -2.487132,43.232771,233.639 -2.487166,43.232791,233.641 -2.487194,43.232808,233.410 -2.487227,43.232828,233.042 -2.487259,43.232847,232.639 -2.487285,43.232871,232.223 -2.487308,43.232892,231.667 -2.487331,43.232917,231.418 -2.487349,43.232937,231.287 -2.487374,43.232962,231.226 -2.487402,43.232985,231.047 -2.487429,43.233013,230.811 -2.487452,43.233035,230.409 -2.487472,43.233058,229.883 -2.487497,43.233080,229.845 -2.487527,43.233105,229.494 -2.487565,43.233132,229.216 -2.487599,43.233157,229.093 -2.487636,43.233179,228.627 -2.487667,43.233197,228.461 -2.487701,43.233211,228.232 -2.487734,43.233226,228.091 -2.487770,43.233242,227.861 -2.487810,43.233256,227.821 -2.487848,43.233269,227.613 -2.487891,43.233284,227.409 -2.487931,43.233300,227.237 -2.487968,43.233313,227.019 -2.488002,43.233326,227.058 -2.488035,43.233335,226.840 -2.488074,43.233349,226.837 -2.488110,43.233362,226.631 -2.488145,43.233376,226.695 -2.488184,43.233393,226.636 -2.488219,43.233408,226.615 -2.488257,43.233424,226.649 -2.488290,43.233441,226.402 -2.488325,43.233461,226.222 -2.488354,43.233479,226.209 -2.488384,43.233501,226.055 -2.488413,43.233522,225.887 -2.488439,43.233549,225.896 -2.488465,43.233576,225.838 -2.488487,43.233600,225.835 -2.488513,43.233621,225.859 -2.488535,43.233642,225.683 -2.488558,43.233668,225.634 -2.488576,43.233691,225.843 -2.488590,43.233719,225.885 -2.488602,43.233747,225.889 -2.488615,43.233776,225.817 -2.488627,43.233801,225.609 -2.488640,43.233828,225.659 -2.488656,43.233853,225.421 -2.488668,43.233885,225.220 -2.488681,43.233912,225.052 -2.488686,43.233943,224.889 -2.488691,43.233969,224.423 -2.488689,43.233995,224.017 -2.488690,43.234017,223.838 -2.488694,43.234044,223.437 -2.488703,43.234071,223.014 -2.488720,43.234100,222.654 -2.488743,43.234124,222.009 -2.488778,43.234145,221.809 -2.488813,43.234157,221.242 -2.488859,43.234158,220.684 -2.488893,43.234153,220.213 -2.488931,43.234142,219.665 -2.488962,43.234135,218.852 -2.488975,43.234093,218.486 -2.488990,43.234067,217.850 -2.489005,43.234039,217.271 -2.489018,43.234011,217.030 -2.489029,43.233980,216.426 -2.489032,43.233954,216.047 -2.489037,43.233924,215.611 -2.489029,43.233900,215.209 -2.489021,43.233868,214.473 -2.489011,43.233837,214.055 -2.489005,43.233805,213.694 -2.488993,43.233778,213.226 -2.488984,43.233753,213.053 -2.488973,43.233731,212.467 -2.488962,43.233702,212.081 -2.488956,43.233673,211.892 -2.488949,43.233646,211.421 -2.488944,43.233615,211.076 -2.488939,43.233584,210.690 -2.488933,43.233553,210.219 -2.488929,43.233523,209.809 -2.488928,43.233494,209.478 -2.488929,43.233466,209.070 -2.488931,43.233439,208.649 -2.488936,43.233411,208.051 -2.488942,43.233382,207.638 -2.488947,43.233354,207.262 -2.488953,43.233326,206.696 -2.488957,43.233300,206.237 -2.488958,43.233272,205.896 -2.488956,43.233247,205.436 -2.488951,43.233219,205.217 -2.488941,43.233190,204.818 -2.488928,43.233157,204.609 -2.488906,43.233127,204.424 -2.488879,43.233102,204.036 -2.488851,43.233080,203.815 -2.488826,43.233061,203.687 -2.488799,43.233044,203.454 -2.488774,43.233028,203.088 -2.488748,43.233009,202.892 -2.488723,43.232988,202.473 -2.488698,43.232968,202.012 -2.488681,43.232950,201.637 -2.488663,43.232927,201.049 -2.488645,43.232902,200.613 -2.488624,43.232872,199.809 -2.488615,43.232844,199.254 -2.488607,43.232817,198.826 -2.488600,43.232789,198.475 -2.488598,43.232760,198.267 -2.488603,43.232733,197.844 -2.488615,43.232704,197.668 -2.488636,43.232681,197.472 -2.488662,43.232662,197.413 -2.488691,43.232644,197.022 -2.488726,43.232632,196.849 -2.488762,43.232620,196.202 -2.488803,43.232611,195.422 -2.488845,43.232603,195.009 -2.488888,43.232600,194.615 -2.488932,43.232595,194.057 -2.488978,43.232596,193.826 -2.489019,43.232595,192.828 -2.489064,43.232596,192.635 -2.489105,43.232598,192.229 -2.489149,43.232605,192.093 -2.489187,43.232610,191.424 -2.489227,43.232618,191.063 -2.489268,43.232628,190.257 -2.489305,43.232643,189.800 -2.489342,43.232660,189.020 -2.489380,43.232680,188.609 -2.489415,43.232701,188.036 -2.489447,43.232728,187.478 -2.489475,43.232753,186.667 -2.489499,43.232777,186.259 -2.489523,43.232799,185.486 -2.489545,43.232820,185.040 -2.489564,43.232839,184.434 -2.489584,43.232858,183.895 -2.489610,43.232879,183.634 -2.489641,43.232902,183.268 -2.489676,43.232926,182.842 -2.489709,43.232949,181.626 -2.489743,43.232973,181.009 -2.489778,43.232999,181.027 -2.489813,43.233025,180.639 -2.489838,43.233047,180.418 -2.489865,43.233071,180.430 -2.489891,43.233094,180.287 -2.489917,43.233120,179.851 -2.489941,43.233143,179.235 -2.489964,43.233168,178.826 -2.489984,43.233190,178.415 -2.490007,43.233217,177.687 -2.490026,43.233240,177.442 -2.490047,43.233268,177.026 -2.490064,43.233292,176.609 -2.490083,43.233319,176.089 -2.490101,43.233343,176.021 -2.490119,43.233372,175.450 -2.490136,43.233395,175.032 -2.490153,43.233421,174.439 -2.490180,43.233442,173.893 -2.490196,43.233469,173.697 -2.490212,43.233495,173.428 -2.490230,43.233525,173.097 -2.490246,43.233551,172.837 -2.490265,43.233582,172.249 -2.490285,43.233608,171.813 -2.490304,43.233640,171.209 -2.490324,43.233668,170.884 -2.490341,43.233696,170.846 -2.490363,43.233723,170.695 -2.490383,43.233751,170.497 -2.490405,43.233778,170.454 -2.490427,43.233806,170.058 -2.490452,43.233831,169.652 -2.490478,43.233859,169.673 -2.490511,43.233887,169.442 -2.490536,43.233911,169.299 -2.490560,43.233937,169.007 -2.490580,43.233964,168.627 -2.490597,43.233990,168.009 -2.490614,43.234015,167.860 -2.490626,43.234042,167.692 -2.490635,43.234072,167.211 -2.490649,43.234101,166.823 -2.490658,43.234133,166.290 -2.490667,43.234165,166.234 -2.490672,43.234201,165.618 -2.490677,43.234234,165.469 -2.490678,43.234269,165.068 -2.490681,43.234303,164.695 -2.490686,43.234331,163.849 -2.490689,43.234364,163.823 -2.490690,43.234394,163.409 -2.490690,43.234426,163.070 -2.490690,43.234454,162.812 -2.490685,43.234488,162.061 -2.490686,43.234515,161.873 -2.490684,43.234550,161.860 -2.490687,43.234582,161.444 -2.490684,43.234618,160.678 -2.490688,43.234650,160.029 -2.490688,43.234684,159.438 -2.490694,43.234716,159.094 -2.490695,43.234748,158.857 -2.490697,43.234781,158.822 -2.490700,43.234813,158.809 -2.490705,43.234846,159.010 -2.490712,43.234880,159.072 -2.490719,43.234909,159.021 -2.490726,43.234942,158.853 -2.490733,43.234973,158.230 -2.490742,43.235004,157.074 -2.490745,43.235036,156.218 -2.490748,43.235065,155.429 -2.490746,43.235104,155.088 -2.490734,43.235136,154.687 -2.490724,43.235176,154.642 -2.490715,43.235210,154.426 -2.490705,43.235243,154.009 -2.490706,43.235274,152.439 -2.490704,43.235308,152.251 -2.490705,43.235342,151.870 -2.490708,43.235377,151.642 -2.490713,43.235411,150.699 -2.490728,43.235444,149.623 -2.490760,43.235465,149.277 -2.490795,43.235491,148.688 -2.490833,43.235508,148.487 -2.490875,43.235519,148.274 -2.490919,43.235527,148.056 -2.490959,43.235535,147.621 -2.491003,43.235545,147.209 -2.491051,43.235538,147.018 -2.491099,43.235539,147.050 -2.491140,43.235543,147.099 -2.491175,43.235550,147.061 -2.491198,43.235556,147.098 -2.491217,43.235561,147.042 -2.491226,43.235571,147.046 -2.491233,43.235564,147.067 -2.491256,43.235562,147.096 -2.491274,43.235562,147.059 -2.491294,43.235566,147.003 -2.491327,43.235575,147.023 -2.491366,43.235585,147.009 -2.491414,43.235597,147.026 -2.491460,43.235599,147.048 -2.491513,43.235604,146.887 -2.491560,43.235605,146.889 -2.491611,43.235612,146.886 -2.491659,43.235621,146.870 -2.491705,43.235628,146.414 -2.491755,43.235637,146.435 -2.491798,43.235642,146.234 -2.491845,43.235648,145.835 -2.491887,43.235650,145.686 -2.491929,43.235654,145.414 -2.491973,43.235657,145.209 -2.492018,43.235662,144.484 -2.492059,43.235669,144.256 -2.492099,43.235676,144.035 -2.492138,43.235687,144.027 -2.492175,43.235701,143.864 -2.492213,43.235721,143.838 -2.492243,43.235740,143.612 -2.492271,43.235765,143.443 -2.492302,43.235792,143.262 -2.492329,43.235819,142.873 -2.492351,43.235845,142.885 -2.492370,43.235872,142.813 -2.492390,43.235902,142.609 -2.492408,43.235935,142.688 -2.492425,43.235968,142.440 -2.492438,43.235999,142.279 -2.492451,43.236035,142.081 -2.492463,43.236069,141.498 -2.492474,43.236103,141.292 -2.492485,43.236138,141.246 -2.492493,43.236171,140.857 -2.492500,43.236204,140.696 -2.492503,43.236235,140.474 -2.492504,43.236269,140.256 -2.492501,43.236300,140.221 -2.492495,43.236333,140.009 -2.492491,43.236365,139.828 -2.492485,43.236398,139.850 -2.492480,43.236428,139.489 -2.492471,43.236461,139.261 -2.492466,43.236494,139.088 -2.492458,43.236527,138.812 -2.492451,43.236557,138.836 -2.492442,43.236591,138.657 -2.492432,43.236626,138.426 -2.492414,43.236665,138.277 -2.492401,43.236704,138.061 -2.492389,43.236742,138.027 -2.492375,43.236777,137.809 -2.492363,43.236808,137.888 -2.492354,43.236840,137.670 -2.492335,43.236870,137.489 -2.492328,43.236910,137.291 -2.492326,43.236946,137.068 -2.492325,43.236980,136.822 -2.492328,43.237007,136.876 -2.492335,43.237035,136.687 -2.492344,43.237061,136.276 -2.492368,43.237090,136.057 -2.492402,43.237113,136.000 -2.492441,43.237130,136.020 -2.492491,43.237136,136.009 -2.492536,43.237130,136.096 -2.492578,43.237122,136.278 -2.492598,43.237112,136.257 -2.492618,43.237107,136.499 -2.492629,43.237100,136.466 -2.492650,43.237084,136.470 -2.492662,43.237066,136.454 -2.492680,43.237037,136.455 -2.492685,43.237002,136.494 -2.492697,43.236972,136.443 -2.492714,43.236939,136.664 -2.492732,43.236907,137.010 -2.492756,43.236873,137.209 -2.492774,43.236843,137.285 -2.492799,43.236812,137.437 -2.492820,43.236785,137.466 -2.492846,43.236757,137.678 -2.492861,43.236729,137.655 -2.492878,43.236707,137.649 -2.492903,43.236681,137.843 -2.492922,43.236663,137.814 -2.492951,43.236635,138.093 -2.492971,43.236614,138.081 -2.492994,43.236591,138.261 -2.493012,43.236570,138.217 -2.493031,43.236549,138.409 -2.493052,43.236525,138.489 -2.493074,43.236500,138.671 -2.493096,43.236476,138.610 -2.493115,43.236454,138.632 -2.493134,43.236431,138.829 -2.493146,43.236407,138.883 -2.493160,43.236380,138.847 -2.493167,43.236356,138.818 -2.493174,43.236326,138.887 -2.493179,43.236300,138.889 -2.493178,43.236271,139.006 -2.493174,43.236245,139.026 -2.493172,43.236219,139.209 -2.493171,43.236194,139.299 -2.493169,43.236170,139.231 -2.493165,43.236145,139.250 -2.493164,43.236117,139.472 -2.493162,43.236087,139.829 -2.493161,43.236056,139.883 -2.493160,43.236024,139.837 -2.493159,43.235997,140.018 -2.493163,43.235971,140.037 -2.493169,43.235946,140.091 -2.493183,43.235921,140.481 -2.493195,43.235895,140.419 -2.493212,43.235870,140.609 -2.493229,43.235845,140.650 -2.493249,43.235821,140.612 -2.493274,43.235798,140.811 -2.493300,43.235778,141.073 -2.493322,43.235757,141.060 -2.493339,43.235739,141.274 -2.493352,43.235724,141.498 -2.493359,43.235710,141.469 -2.493362,43.235695,141.648 -2.493371,43.235693,142.082 -2.493389,43.235701,142.243 -2.493396,43.235708,142.217 -2.493407,43.235708,142.209 -2.493420,43.235707,142.229 -2.493428,43.235709,142.291 -2.493434,43.235706,142.280 -2.493438,43.235703,142.292 -2.493443,43.235699,142.069 -2.493455,43.235693,142.023 -2.493478,43.235679,142.067 -2.493499,43.235667,142.088 -2.493536,43.235651,142.067 -2.493575,43.235638,142.088 -2.493613,43.235629,142.224 -2.493653,43.235620,142.226 -2.493687,43.235611,142.409 -2.493727,43.235602,142.679 -2.493760,43.235595,142.661 -2.493792,43.235591,142.880 -2.493835,43.235582,143.052 -2.493869,43.235576,143.269 -2.493910,43.235570,143.483 -2.493945,43.235564,143.637 -2.493988,43.235556,143.898 -2.494023,43.235552,143.897 -2.494056,43.235546,144.045 -2.494085,43.235539,144.247 -2.494119,43.235532,144.211 -2.494153,43.235528,144.609 -2.494183,43.235524,145.075 -2.494214,43.235518,145.077 -2.494244,43.235511,145.286 -2.494281,43.235502,145.218 -2.494309,43.235496,145.475 -2.494345,43.235487,145.699 -2.494372,43.235479,145.833 -2.494407,43.235470,146.254 -2.494427,43.235455,146.463 -2.494457,43.235442,146.413 -2.494486,43.235429,146.643 -2.494511,43.235419,146.807 -2.494534,43.235409,147.009 -2.494563,43.235397,147.232 -2.494593,43.235386,147.474 -2.494620,43.235375,147.643 -2.494645,43.235365,147.645 -2.494670,43.235352,147.822 -2.494703,43.235338,148.446 -2.494727,43.235327,148.690 -2.494759,43.235313,148.671 -2.494780,43.235303,148.840 -2.494808,43.235287,148.825 -2.494831,43.235274,149.026 -2.494860,43.235258,149.008 -2.494883,43.235243,149.209 -2.494907,43.235224,149.423 -2.494920,43.235201,149.645 -2.494938,43.235185,149.644 -2.494955,43.235167,149.856 -2.494968,43.235147,149.823 -2.494970,43.235128,150.237 -2.494974,43.235108,150.461 -2.494977,43.235087,150.472 -2.494977,43.235065,150.471 -2.494980,43.235040,150.621 -2.494982,43.235015,150.641 -2.494978,43.234993,150.805 -2.494977,43.234973,150.809 -2.494976,43.234952,150.833 -2.494971,43.234933,151.015 -2.494967,43.234908,151.074 -2.494961,43.234887,151.286 -2.494960,43.234861,151.273 -2.494960,43.234837,151.427 -2.494964,43.234812,151.441 -2.494967,43.234789,151.672 -2.494970,43.234763,151.681 -2.494975,43.234741,151.819 -2.494982,43.234717,151.809 -2.494986,43.234691,152.019 -2.494990,43.234665,152.009 -2.494997,43.234637,152.062 -2.495004,43.234613,152.034 -2.495019,43.234589,152.013 -2.495030,43.234563,152.045 -2.495039,43.234540,152.052 -2.495048,43.234517,152.056 -2.495057,43.234492,152.080 -2.495070,43.234463,152.091 -2.495083,43.234433,152.090 -2.495098,43.234408,152.023 -2.495115,43.234382,152.083 -2.495134,43.234359,152.011 -2.495155,43.234339,152.009 -2.495180,43.234317,152.013 -2.495208,43.234297,152.025 -2.495235,43.234280,152.034 -2.495263,43.234260,152.036 -2.495294,43.234241,152.083 -2.495327,43.234222,152.077 -2.495357,43.234203,152.081 -2.495392,43.234185,152.032 -2.495424,43.234167,151.831 -2.495460,43.234148,151.862 -2.495487,43.234132,151.883 -2.495522,43.234116,151.811 -2.495551,43.234110,151.809 -2.495591,43.234093,151.847 -2.495623,43.234076,151.879 -2.495661,43.234061,151.878 -2.495697,43.234046,151.640 -2.495733,43.234036,151.667 -2.495767,43.234026,151.431 -2.495802,43.234021,151.445 -2.495836,43.234018,151.416 -2.495875,43.234019,151.275 -2.495909,43.234021,151.261 -2.495947,43.234025,151.221 -2.495981,43.234029,151.213 -2.496017,43.234031,151.209 -2.496049,43.234033,151.217 -2.496087,43.234035,151.239 -2.496127,43.234037,151.288 -2.496163,43.234040,151.260 -2.496195,43.234043,151.257 -2.496226,43.234048,151.231 -2.496264,43.234054,151.495 -2.496301,43.234057,151.496 -2.496337,43.234061,151.445 -2.496373,43.234063,151.412 -2.496411,43.234065,151.632 -2.496448,43.234068,151.405 -2.496488,43.234070,151.409 -2.496525,43.234074,151.422 -2.496559,43.234075,151.474 -2.496600,43.234076,151.483 -2.496636,43.234076,151.435 -2.496671,43.234077,151.252 -2.496714,43.234072,151.286 -2.496751,43.234067,151.250 -2.496791,43.234057,151.071 -2.496826,43.234049,151.060 -2.496858,43.234039,150.817 -2.496894,43.234027,150.687 -2.496928,43.234014,150.615 -2.496965,43.234005,150.409 -2.497000,43.233987,150.462 -2.497034,43.233971,150.474 -2.497066,43.233953,150.283 -2.497094,43.233933,150.235 -2.497121,43.233910,149.812 -2.497150,43.233889,149.696 -2.497179,43.233869,149.460 -2.497207,43.233853,149.411 -2.497233,43.233839,149.060 -2.497257,43.233829,149.068 -2.497289,43.233814,149.042 -2.497319,43.233802,149.026 -2.497355,43.233792,149.009 -2.497388,43.233788,149.047 -2.497424,43.233785,149.099 -2.497458,43.233785,149.068 -2.497492,43.233784,149.070 -2.497524,43.233784,149.057 -2.497556,43.233785,149.271 -2.497590,43.233786,149.285 -2.497622,43.233787,149.246 -2.497656,43.233790,149.415 -2.497689,43.233794,149.658 -2.497719,43.233796,149.652 -2.497749,43.233797,149.817 -2.497776,43.233800,150.209 -2.497805,43.233804,150.676 -2.497829,43.233808,150.838 -2.497861,43.233817,151.037 -2.497876,43.233824,151.029 -2.497901,43.233834,151.236 -2.497920,43.233843,151.450 -2.497946,43.233857,151.844 -2.497966,43.233867,152.025 -2.497980,43.233873,152.234 -2.497999,43.233881,152.663 -2.498024,43.233893,152.844 -2.498046,43.233902,153.018 -2.498073,43.233912,153.209 -2.498092,43.233922,153.447 -2.498114,43.233932,153.829 -2.498143,43.233943,154.258 -2.498169,43.233952,154.440 -2.498198,43.233964,154.617 -2.498229,43.233977,154.871 -2.498256,43.233988,155.275 -2.498284,43.233998,155.486 -2.498312,43.234010,155.455 -2.498338,43.234020,155.645 -2.498365,43.234031,155.847 -2.498390,43.234039,155.811 -2.498417,43.234050,156.009 -2.498441,43.234069,156.095 -2.498466,43.234067,156.237 -2.498490,43.234064,156.456 -2.498518,43.234065,156.628 -2.498538,43.234066,156.835 -2.498571,43.234070,157.099 -2.498599,43.234072,157.483 -2.498629,43.234076,157.614 -2.498657,43.234079,157.853 -2.498683,43.234083,158.049 -2.498703,43.234085,158.002 -2.498721,43.234087,158.222 -2.498749,43.234088,158.609 -2.498772,43.234088,158.845 -2.498796,43.234086,158.857 -2.498824,43.234084,159.056 -2.498850,43.234080,159.258 -2.498884,43.234075,159.225 -2.498909,43.234066,159.469 -2.498944,43.234055,159.623 -2.498972,43.234042,159.814 -2.498999,43.234029,159.893 -2.499021,43.234017,160.057 -2.499045,43.234005,160.200 -2.499071,43.233994,160.420 -2.499096,43.233983,160.409 -2.499131,43.233968,160.636 -2.499155,43.233961,160.638 -2.499178,43.233954,160.817 -2.499208,43.233947,161.059 -2.499234,43.233942,161.056 -2.499255,43.233940,161.210 -2.499279,43.233938,161.414 -2.499312,43.233935,161.695 -2.499340,43.233934,161.824 -2.499381,43.233935,162.065 -2.499414,43.233939,162.268 -2.499448,43.233944,162.214 -2.499478,43.233949,162.409 -2.499513,43.233954,162.427 -2.499545,43.233958,162.629 -2.499577,43.233962,162.698 -2.499607,43.233970,162.680 -2.499636,43.233979,162.657 -2.499665,43.233988,162.891 -2.499694,43.233997,163.075 -2.499723,43.234005,163.066 -2.499755,43.234015,163.015 -2.499781,43.234024,163.678 -2.499809,43.234036,163.633 -2.499836,43.234042,163.826 -2.499861,43.234050,163.809 -2.499886,43.234057,164.038 -2.499911,43.234066,164.240 -2.499934,43.234073,164.279 -2.499959,43.234083,164.261 -2.499986,43.234091,164.218 -2.500016,43.234099,164.432 -2.500045,43.234106,164.616 -2.500073,43.234113,164.617 -2.500106,43.234122,164.616 -2.500137,43.234126,164.849 -2.500166,43.234131,164.802 -2.500198,43.234132,164.822 -2.500233,43.234135,164.809 -2.500273,43.234137,164.865 -2.500311,43.234139,164.637 -2.500348,43.234142,164.656 -2.500377,43.234147,164.238 -2.500407,43.234152,164.225 -2.500438,43.234160,164.049 -2.500464,43.234172,164.053 -2.500492,43.234184,164.064 -2.500522,43.234196,164.033 -2.500553,43.234202,164.056 -2.500587,43.234206,164.059 -2.500624,43.234212,164.014 -2.500664,43.234218,164.009 -2.500704,43.234223,163.836 -2.500746,43.234225,163.668 -2.500787,43.234229,163.687 -2.500826,43.234231,163.669 -2.500863,43.234235,163.436 -2.500899,43.234237,163.020 -2.500934,43.234240,162.884 -2.500971,43.234245,162.615 -2.501009,43.234251,162.644 -2.501042,43.234259,162.458 -2.501074,43.234268,162.452 -2.501106,43.234274,162.217 -2.501141,43.234283,161.809 -2.501174,43.234291,161.656 -2.501212,43.234296,161.698 -2.501245,43.234303,161.687 -2.501280,43.234310,161.429 -2.501314,43.234316,161.296 -2.501345,43.234322,161.250 -2.501376,43.234326,161.254 -2.501407,43.234334,161.295 -2.501440,43.234343,161.034 -2.501468,43.234353,161.096 -2.501494,43.234363,161.031 -2.501519,43.234375,160.824 -2.501543,43.234386,160.809 -2.501571,43.234397,160.890 -2.501597,43.234407,161.072 -2.501620,43.234416,161.291 -2.501647,43.234431,161.263 -2.501672,43.234445,161.290 -2.501699,43.234458,161.464 -2.501722,43.234471,161.458 -2.501746,43.234483,161.619 -2.501769,43.234494,161.648 -2.501791,43.234505,161.891 -2.501812,43.234519,161.881 -2.501834,43.234532,161.819 -2.501855,43.234546,161.809 -2.501873,43.234561,162.030 -2.501890,43.234577,162.262 -2.501910,43.234595,162.431 -2.501928,43.234612,162.653 -2.501949,43.234629,162.670 -2.501967,43.234647,162.814 -2.501988,43.234666,162.898 -2.502009,43.234684,163.079 -2.502032,43.234698,163.418 -2.502056,43.234710,163.845 -2.502077,43.234719,163.847 -2.502100,43.234728,164.211 -2.502120,43.234734,164.409 -2.502142,43.234740,164.665 -2.502162,43.234745,164.857 -2.502183,43.234748,165.266 -2.502206,43.234748,165.488 -2.502228,43.234751,165.645 -2.502260,43.234752,165.839 -2.502286,43.234756,166.083 -2.502312,43.234762,166.234 -2.502337,43.234763,166.243 -2.502364,43.234763,166.422 -2.502395,43.234758,166.662 -2.502425,43.234751,166.808 -2.502446,43.234746,167.209 -2.502474,43.234730,167.263 -2.502499,43.234726,167.495 -2.502522,43.234724,167.684 -2.502550,43.234720,167.896 -2.502578,43.234718,168.093 -2.502602,43.234703,168.477 -2.502625,43.234696,168.841 -2.502651,43.234693,168.872 -2.502669,43.234689,169.011 -2.502699,43.234685,169.235 -2.502720,43.234686,169.686 -2.502750,43.234686,169.814 -2.502771,43.234685,170.009 -2.502798,43.234689,170.224 -2.502821,43.234691,170.446 -2.502846,43.234693,170.625 -2.502867,43.234697,170.867 -2.502895,43.234702,171.034 -2.502922,43.234707,171.218 -2.502949,43.234712,171.492 -2.502975,43.234717,171.423 -2.503000,43.234719,171.612 -2.503029,43.234725,171.667 -2.503053,43.234729,171.881 -2.503084,43.234735,171.819 -2.503112,43.234738,172.009 -2.503144,43.234741,172.067 -2.503169,43.234743,172.059 -2.503196,43.234752,172.098 -2.503223,43.234756,172.260 -2.503256,43.234755,172.277 -2.503281,43.234755,172.451 -2.503311,43.234758,172.615 -2.503335,43.234761,173.046 -2.503364,43.234765,173.065 -2.503386,43.234768,173.256 -2.503411,43.234772,173.459 -2.503437,43.234776,173.614 -2.503460,43.234779,173.809 -2.503483,43.234787,173.816 -2.503506,43.234792,174.088 -2.503534,43.234800,174.067 -2.503568,43.234807,174.289 -2.503591,43.234814,174.446 -2.503617,43.234821,174.450 -2.503642,43.234830,174.624 -2.503666,43.234837,174.845 -2.503697,43.234846,175.084 -2.503722,43.234851,175.253 -2.503751,43.234856,175.204 -2.503773,43.234855,175.214 -2.503800,43.234857,175.409 -2.503824,43.234856,175.636 -2.503849,43.234857,175.848 -2.503874,43.234857,176.097 -2.503900,43.234856,176.439 -2.503924,43.234858,176.456 -2.503947,43.234858,176.670 -2.503973,43.234859,176.824 -2.503993,43.234855,177.055 -2.504019,43.234851,177.034 -2.504041,43.234848,177.277 -2.504067,43.234846,177.661 -2.504090,43.234843,177.627 -2.504118,43.234843,177.809 -2.504140,43.234839,178.058 -2.504162,43.234838,178.210 -2.504187,43.234836,178.449 -2.504212,43.234832,178.661 -2.504237,43.234831,178.638 -2.504263,43.234826,178.882 -2.504291,43.234828,179.026 -2.504312,43.234824,179.287 -2.504338,43.234822,179.246 -2.504358,43.234822,179.635 -2.504380,43.234822,179.686 -2.504406,43.234821,179.814 -2.504431,43.234823,180.009 -2.504456,43.234826,180.414 -2.504483,43.234833,180.416 -2.504508,43.234838,180.645 -2.504537,43.234839,180.627 -2.504565,43.234842,180.814 -2.504594,43.234846,180.838 -2.504618,43.234849,180.862 -2.504644,43.234850,181.013 -2.504673,43.234854,181.282 -2.504702,43.234852,181.495 -2.504729,43.234852,181.449 -2.504750,43.234847,181.623 -2.504774,43.234846,181.609 -2.504794,43.234842,181.870 -2.504822,43.234840,182.072 -2.504845,43.234837,182.231 -2.504872,43.234837,182.463 -2.504893,43.234828,182.680 -2.504919,43.234824,183.044 -2.504939,43.234820,183.228 -2.504958,43.234817,183.429 -2.504979,43.234817,183.618 -2.504996,43.234817,183.853 -2.505022,43.234816,183.804 -2.505047,43.234815,184.014 -2.505076,43.234818,184.409 -2.505099,43.234818,184.686 -2.505125,43.234815,184.888 -2.505151,43.234814,184.867 -2.505177,43.234814,185.029 -2.505201,43.234817,185.256 -2.505222,43.234818,185.290 -2.505246,43.234820,185.484 -2.505273,43.234820,185.645 -2.505301,43.234825,185.644 -2.505327,43.234828,185.863 -2.505355,43.234832,185.844 -2.505383,43.234831,186.018 -2.505413,43.234835,186.209 -2.505435,43.234835,186.257 -2.505453,43.234839,186.489 -2.505472,43.234839,186.678 -2.505501,43.234842,186.650 -2.505524,43.234844,186.817 -2.505552,43.234843,187.021 -2.505574,43.234846,187.225 -2.505600,43.234848,187.246 -2.505624,43.234852,187.435 -2.505650,43.234851,187.696 -2.505675,43.234852,187.831 -2.505696,43.234852,188.024 -2.505719,43.234856,188.209 -2.505746,43.234865,188.420 -2.505766,43.234870,188.682 -2.505788,43.234875,188.621 -2.505807,43.234877,188.853 -2.505830,43.234879,189.420 -2.505849,43.234875,189.694 -2.505873,43.234873,189.828 -2.505899,43.234874,189.829 -2.505924,43.234873,190.098 -2.505952,43.234871,190.011 -2.505976,43.234873,190.421 -2.505999,43.234873,190.603 -2.506026,43.234876,190.609 -2.506051,43.234876,190.822 -2.506083,43.234878,191.074 -2.506107,43.234877,191.243 -2.506133,43.234879,191.635 -2.506153,43.234879,191.622 -2.506185,43.234883,191.856 -2.506208,43.234881,191.840 -2.506235,43.234891,192.081 -2.506256,43.234895,192.040 -2.506279,43.234900,192.294 -2.506299,43.234905,192.457 -2.506325,43.234911,192.622 -2.506348,43.234917,192.609 -2.506374,43.234921,192.830 -2.506398,43.234930,193.062 -2.506425,43.234933,193.241 -2.506450,43.234941,193.423 -2.506475,43.234944,193.680 -2.506504,43.234947,193.884 -2.506528,43.234952,193.888 -2.506553,43.234959,194.019 -2.506577,43.234963,194.298 -2.506602,43.234972,194.489 -2.506622,43.234978,194.406 -2.506644,43.234989,194.826 -2.506665,43.234995,194.809 -2.506690,43.235006,195.069 -2.506711,43.235015,195.451 -2.506735,43.235028,195.640 -2.506754,43.235038,195.622 -2.506778,43.235051,195.829 -2.506797,43.235067,196.083 -2.506815,43.235079,196.267 -2.506834,43.235092,196.258 -2.506849,43.235105,196.417 -2.506862,43.235122,196.437 -2.506876,43.235137,196.649 -2.506892,43.235154,196.813 -2.506912,43.235172,197.009 -2.506922,43.235189,197.214 -2.506948,43.235195,197.486 -2.506974,43.235207,197.625 -2.506998,43.235215,197.677 -2.507025,43.235221,197.814 -2.507048,43.235222,197.878 -2.507077,43.235224,198.062 -2.507105,43.235225,198.013 -2.507131,43.235226,198.282 -2.507157,43.235228,198.475 -2.507180,43.235223,198.628 -2.507202,43.235222,199.020 -2.507231,43.235217,199.009 -2.507260,43.235215,199.288 -2.507281,43.235209,199.410 -2.507306,43.235207,199.489 -2.507331,43.235204,199.471 -2.507359,43.235206,199.698 -2.507385,43.235207,199.882 -2.507412,43.235214,200.036 -2.507436,43.235219,200.097 -2.507466,43.235228,200.226 -2.507488,43.235235,200.473 -2.507513,43.235245,200.685 -2.507535,43.235252,200.813 -2.507562,43.235263,200.809 -2.507586,43.235273,201.018 -2.507609,43.235284,201.080 -2.507632,43.235296,201.279 -2.507657,43.235306,201.451 -2.507679,43.235319,201.658 -2.507699,43.235328,201.682 -2.507722,43.235341,202.066 -2.507744,43.235347,202.227 -2.507764,43.235359,202.266 -2.507785,43.235369,202.494 -2.507805,43.235380,202.457 -2.507823,43.235388,202.422 -2.507841,43.235401,202.809 -2.507858,43.235410,203.250 -2.507889,43.235421,203.292 -2.507909,43.235432,203.271 -2.507931,43.235445,203.483 -2.507952,43.235457,203.630 -2.507976,43.235472,203.814 -2.507994,43.235484,204.088 -2.508013,43.235497,204.249 -2.508031,43.235510,204.288 -2.508050,43.235524,204.458 -2.508072,43.235535,204.652 -2.508092,43.235547,204.617 -2.508113,43.235557,204.809 -2.508136,43.235568,204.836 -2.508159,43.235579,205.028 -2.508179,43.235588,205.457 -2.508202,43.235601,205.669 -2.508226,43.235606,205.836 -2.508256,43.235615,206.240 -2.508277,43.235620,206.264 -2.508300,43.235626,206.495 -2.508323,43.235634,206.694 -2.508346,43.235643,206.813 -2.508364,43.235653,207.043 -2.508387,43.235659,207.207 -2.508407,43.235670,207.409 -2.508427,43.235678,207.632 -2.508450,43.235692,207.854 -2.508472,43.235696,207.893 -2.508496,43.235706,207.875 -2.508517,43.235710,208.212 -2.508540,43.235724,208.456 -2.508559,43.235735,208.480 -2.508581,43.235746,208.611 -2.508604,43.235757,208.820 -2.508628,43.235768,209.072 -2.508649,43.235781,209.213 -2.508670,43.235789,209.214 -2.508692,43.235802,209.409 -2.508714,43.235811,209.458 -2.508736,43.235825,209.610 -2.508758,43.235835,209.889 -2.508778,43.235849,210.081 -2.508792,43.235859,210.228 -2.508805,43.235871,210.442 -2.508823,43.235874,210.446 -2.508842,43.235887,210.647 -2.508859,43.235897,210.866 -2.508883,43.235912,210.876 -2.508904,43.235923,210.890 -2.508921,43.235932,211.019 -2.508945,43.235944,211.209 -2.508957,43.235956,211.458 -2.508972,43.235974,211.690 -2.508975,43.235992,211.819 -2.508983,43.236011,212.011 -2.508992,43.236025,212.218 -2.509006,43.236044,212.242 -2.509015,43.236059,212.446 -2.509022,43.236076,212.697 -2.509025,43.236096,212.866 -2.509029,43.236118,212.842 -2.509031,43.236138,213.022 -2.509033,43.236157,213.014 -2.509041,43.236175,213.009 -2.509049,43.236187,213.235 -2.509049,43.236207,213.237 -2.509049,43.236228,213.466 -2.509066,43.236247,213.638 -2.509087,43.236256,213.865 -2.509116,43.236267,214.069 -2.509140,43.236272,214.033 -2.509163,43.236274,214.054 -2.509187,43.236270,214.273 -2.509207,43.236264,214.453 -2.509229,43.236261,214.604 -2.509250,43.236256,215.014 -2.509281,43.236251,215.409 -2.509302,43.236244,215.446 -2.509329,43.236239,215.698 -2.509356,43.236241,215.687 -2.509379,43.236247,215.639 -2.509401,43.236260,215.696 -2.509418,43.236272,215.890 -2.509435,43.236286,216.044 -2.509442,43.236302,216.235 -2.509436,43.236321,216.474 -2.509427,43.236338,216.853 -2.509412,43.236353,217.004 -2.509371,43.236355,217.214 -2.509335,43.236366,217.409 -2.509306,43.236372,217.866 -2.509271,43.236377,217.818 -2.509242,43.236380,217.857 -2.509208,43.236384,217.839 -2.509177,43.236387,218.046 -2.509145,43.236389,218.050 -2.509112,43.236390,218.094 -2.509085,43.236387,218.025 -2.509050,43.236382,218.064 -2.509019,43.236379,218.072 -2.508991,43.236367,218.213 -2.508964,43.236352,218.214 -2.508938,43.236331,218.209 -2.508921,43.236310,218.268 -2.508904,43.236286,218.290 -2.508892,43.236264,218.069 -2.508882,43.236243,218.071 -2.508873,43.236224,218.098 -2.508863,43.236207,218.092 -2.508851,43.236188,218.226 -2.508839,43.236170,218.677 -2.508828,43.236154,218.836 -2.508818,43.236140,219.223 -2.508807,43.236127,219.483 -2.508791,43.236113,219.811 -2.508773,43.236099,220.009 -2.508754,43.236086,220.243 -2.508736,43.236074,220.475 -2.508716,43.236063,220.634 -2.508691,43.236052,221.036 -2.508668,43.236046,221.013 -2.508641,43.236039,221.247 -2.508619,43.236035,221.481 -2.508590,43.236025,221.492 -2.508565,43.236017,221.641 -2.508537,43.236010,221.821 -2.508515,43.236003,222.041 -2.508489,43.235998,222.005 -2.508465,43.235992,222.209 -2.508438,43.235986,222.413 -2.508414,43.235980,222.695 -2.508386,43.235973,222.644 -2.508359,43.235971,222.886 -2.508332,43.235968,223.063 -2.508306,43.235963,223.087 -2.508280,43.235960,223.491 -2.508253,43.235957,223.662 -2.508228,43.235957,223.881 -2.508196,43.235953,224.026 -2.508172,43.235953,224.247 -2.508142,43.235952,224.211 -2.508118,43.235953,224.409 -2.508087,43.235952,224.483 -2.508059,43.235950,224.495 -2.508029,43.235948,224.444 -2.508001,43.235944,224.436 -2.507977,43.235940,224.453 -2.507948,43.235934,224.487 -2.507916,43.235927,224.431 -2.507883,43.235919,224.412 -2.507854,43.235911,224.451 -2.507826,43.235904,224.688 -2.507795,43.235896,224.624 -2.507767,43.235886,224.826 -2.507740,43.235876,225.009 -2.507714,43.235865,225.249 -2.507688,43.235856,225.231 -2.507663,43.235845,225.410 -2.507638,43.235835,225.622 -2.507612,43.235824,225.699 -2.507585,43.235814,225.873 -2.507554,43.235803,226.097 -2.507527,43.235794,226.248 -2.507499,43.235786,226.257 -2.507474,43.235781,226.426 -2.507445,43.235773,226.447 -2.507423,43.235771,226.411 -2.507391,43.235766,226.809 -2.507368,43.235765,227.073 -2.507338,43.235766,227.045 -2.507308,43.235768,227.214 -2.507279,43.235770,227.216 -2.507251,43.235777,227.443 -2.507222,43.235789,227.487 -2.507197,43.235803,227.461 -2.507163,43.235820,227.412 -2.507137,43.235833,227.411 -2.507106,43.235848,227.434 -2.507073,43.235861,227.255 -2.507037,43.235876,227.010 -2.507003,43.235888,227.009 -2.506968,43.235901,226.684 -2.506932,43.235911,226.426 -2.506893,43.235919,226.475 -2.506856,43.235922,226.227 -2.506821,43.235926,225.814 -2.506786,43.235921,225.898 -2.506754,43.235914,225.872 -2.506719,43.235905,225.873 -2.506688,43.235895,225.882 -2.506658,43.235884,225.862 -2.506633,43.235874,225.883 -2.506608,43.235865,226.011 -2.506583,43.235856,226.209 -2.506561,43.235848,226.287 -2.506539,43.235839,226.699 -2.506515,43.235828,226.828 -2.506494,43.235818,227.260 -2.506471,43.235805,227.487 -2.506450,43.235796,227.691 -2.506431,43.235788,227.895 -2.506411,43.235783,228.266 -2.506391,43.235779,228.285 -2.506368,43.235774,228.642 -2.506345,43.235769,228.822 -2.506327,43.235764,229.214 -2.506311,43.235765,229.409 -2.506288,43.235765,229.855 -2.506268,43.235766,230.297 -2.506242,43.235764,230.256 -2.506220,43.235763,230.648 -2.506197,43.235762,230.885 -2.506172,43.235760,231.019 -2.506152,43.235761,231.293 -2.506126,43.235761,231.684 -2.506106,43.235762,231.883 -2.506087,43.235765,232.072 -2.506076,43.235769,232.413 -2.506061,43.235772,232.614 -2.506039,43.235775,232.809 -2.506013,43.235778,233.018 -2.505990,43.235780,233.230 -2.505958,43.235785,233.679 -2.505921,43.235789,233.611 -2.505894,43.235793,233.818 -2.505865,43.235796,233.812 -2.505842,43.235800,234.066 -2.505812,43.235803,234.017 -2.505784,43.235806,234.046 -2.505751,43.235810,234.078 -2.505725,43.235813,234.233 -2.505699,43.235815,234.226 -2.505673,43.235818,234.409 -2.505652,43.235821,234.688 -2.505628,43.235825,234.870 -2.505606,43.235829,235.029 -2.505582,43.235837,235.081 -2.505559,43.235843,235.298 -2.505533,43.235851,235.462 -2.505512,43.235858,235.626 -2.505484,43.235873,235.827 -2.505454,43.235884,236.096 -2.505435,43.235897,236.285 -2.505418,43.235911,236.489 -2.505398,43.235922,236.617 -2.505381,43.235936,236.609 -2.505371,43.235948,236.819 -2.505355,43.235963,236.891 -2.505349,43.235976,236.870 -2.505347,43.235991,237.082 -2.505349,43.236006,237.219 -2.505355,43.236024,237.433 -2.505366,43.236038,237.897 -2.505385,43.236056,238.058 -2.505402,43.236075,238.077 -2.505412,43.236087,238.284 -2.505435,43.236095,238.407 -2.505454,43.236102,238.617 -2.505475,43.236108,238.809 -2.505497,43.236114,239.019 -2.505518,43.236113,239.251 -2.505542,43.236117,239.670 -2.505561,43.236113,239.812 -2.505584,43.236108,240.069 -2.505608,43.236108,240.483 -2.505627,43.236110,240.697 -2.505647,43.236110,240.888 -2.505666,43.236111,241.087 -2.505689,43.236112,241.088 -2.505709,43.236111,241.024 -2.505734,43.236112,241.226 -2.505754,43.236113,241.209 -2.505775,43.236116,241.279 -2.505790,43.236116,241.491 -2.505806,43.236120,241.470 -2.505821,43.236127,241.642 -2.505837,43.236126,241.699 -2.505852,43.236137,241.873 -2.505867,43.236147,241.897 -2.505881,43.236157,242.248 -2.505905,43.236175,242.487 -2.505902,43.236177,242.647 -2.505908,43.236191,242.829 -2.505916,43.236204,243.021 -2.505919,43.236219,243.009 -2.505920,43.236233,243.295 -2.505918,43.236243,243.477 -2.505912,43.236253,243.886 -2.505906,43.236269,244.018 -2.505897,43.236285,244.095 -2.505884,43.236296,244.299 -2.505873,43.236308,244.633 -2.505863,43.236319,244.834 -2.505854,43.236331,245.023 -2.505845,43.236343,245.272 -2.505836,43.236354,245.413 -2.505827,43.236364,245.414 -2.505816,43.236373,245.809 -2.505806,43.236381,246.028 -2.505797,43.236389,246.430 -2.505789,43.236393,246.479 -2.505775,43.236402,246.641 -2.505762,43.236411,246.878 -2.505751,43.236419,247.082 -2.505737,43.236428,247.256 -2.505725,43.236438,247.497 -2.505708,43.236448,247.826 -2.505697,43.236458,247.869 -2.505690,43.236469,248.004 -2.505679,43.236483,248.224 -2.505665,43.236495,248.409 -2.505650,43.236506,248.687 -2.505634,43.236515,248.849 -2.505616,43.236523,248.898 -2.505596,43.236533,249.070 -2.505585,43.236541,249.227 -2.505572,43.236547,249.441 -2.505557,43.236555,249.655 -2.505542,43.236564,249.876 -2.505522,43.236573,250.045 -2.505504,43.236580,250.278 -2.505491,43.236585,250.433 -2.505476,43.236592,250.626 -2.505456,43.236599,250.609 -2.505438,43.236605,250.878 -2.505420,43.236611,251.080 -2.505406,43.236617,251.299 -2.505390,43.236624,251.431 -2.505376,43.236632,251.688 -2.505356,43.236642,251.882 -2.505341,43.236649,252.046 -2.505324,43.236657,252.287 -2.505303,43.236665,252.416 -2.505283,43.236671,252.869 -2.505265,43.236674,253.004 -2.505244,43.236677,253.224 -2.505224,43.236679,253.209 -2.505204,43.236679,253.427 -2.505178,43.236678,253.659 -2.505164,43.236677,253.828 -2.505147,43.236676,253.820 -2.505126,43.236678,254.047 -2.505103,43.236679,254.261 -2.505086,43.236679,254.415 -2.505066,43.236680,254.446 -2.505051,43.236681,254.655 -2.505033,43.236684,254.812 -2.505013,43.236685,255.032 -2.504989,43.236687,255.205 -2.504967,43.236690,255.409 -2.504950,43.236693,255.832 -2.504932,43.236696,256.054 -2.504917,43.236699,256.223 -2.504899,43.236702,256.645 -2.504880,43.236707,256.862 -2.504860,43.236713,257.046 -2.504842,43.236727,257.030 -2.504826,43.236738,257.291 -2.504807,43.236745,257.620 -2.504789,43.236754,257.874 -2.504773,43.236762,258.056 -2.504761,43.236769,258.221 -2.504750,43.236776,258.409 -2.504736,43.236788,258.698 -2.504723,43.236799,258.870 -2.504708,43.236811,259.019 -2.504699,43.236824,259.211 -2.504690,43.236836,259.458 -2.504682,43.236849,259.652 -2.504677,43.236862,259.876 -2.504666,43.236871,260.057 -2.504660,43.236882,260.046 -2.504653,43.236894,260.451 -2.504645,43.236910,260.601 -2.504640,43.236927,260.811 -2.504633,43.236940,261.009 -2.504629,43.236951,261.256 -2.504625,43.236963,261.438 -2.504621,43.236973,261.847 -2.504619,43.236985,262.079 -2.504615,43.236997,262.486 -2.504613,43.237009,262.670 -2.504609,43.237024,263.044 -2.504604,43.237037,263.245 -2.504597,43.237050,263.434 -2.504591,43.237063,263.639 -2.504587,43.237076,263.801 -2.504579,43.237087,264.021 -2.504575,43.237100,264.409 -2.504571,43.237115,264.484 -2.504568,43.237131,264.836 -2.504568,43.237145,265.285 -2.504569,43.237161,265.647 -2.504571,43.237177,265.844 -2.504576,43.237193,266.048 -2.504581,43.237211,266.242 -2.504585,43.237225,266.433 -2.504592,43.237235,266.472 -2.504596,43.237245,266.687 -2.504598,43.237254,266.842 -2.504598,43.237264,267.226 -2.504602,43.237280,267.409 -2.504604,43.237294,267.469 -2.504604,43.237308,267.691 -2.504605,43.237320,268.030 -2.504609,43.237334,268.242 -2.504611,43.237345,268.619 -2.504614,43.237361,268.823 -2.504616,43.237376,269.267 -2.504620,43.237392,269.458 -2.504622,43.237404,269.427 -2.504625,43.237415,269.644 -2.504628,43.237426,269.605 -2.504631,43.237438,269.615 -2.504633,43.237450,269.609 -2.504635,43.237462,269.815 -2.504638,43.237474,269.817 -2.504642,43.237487,269.836 -2.504645,43.237502,270.418 -2.504649,43.237519,271.055 -2.504656,43.237535,271.219 -2.504663,43.237545,271.493 -2.504669,43.237554,271.494 -2.504673,43.237564,271.893 -2.504680,43.237572,272.067 -2.504685,43.237581,272.081 -2.504692,43.237591,272.219 -2.504700,43.237602,272.409 -2.504708,43.237611,272.897 -2.504716,43.237622,273.269 -2.504724,43.237634,273.668 -2.504730,43.237644,273.830 -2.504730,43.237656,274.027 -2.504730,43.237673,274.411 -2.504738,43.237701,274.635 -2.504742,43.237722,274.886 -2.504749,43.237738,275.475 -2.504756,43.237755,276.275 -2.504765,43.237772,276.228 -2.504773,43.237787,276.420 -2.504780,43.237803,276.609 -2.504788,43.237820,276.888 -2.504795,43.237835,276.830 -2.504802,43.237851,277.089 -2.504808,43.237864,277.021 -2.504812,43.237877,277.448 -2.504821,43.237892,277.662 -2.504826,43.237907,277.636 -2.504836,43.237920,278.077 -2.504843,43.237930,278.256 -2.504849,43.237948,278.471 -2.504854,43.237958,278.441 -2.504865,43.237971,278.415 -2.504878,43.237979,279.009 -2.504888,43.237990,279.038 -2.504902,43.238003,279.210 -2.504908,43.238016,279.469 -2.504918,43.238030,279.631 -2.504928,43.238042,279.628 -2.504939,43.238060,279.832 -2.504953,43.238074,280.276 -2.504967,43.238089,280.297 -2.504978,43.238104,280.446 -2.504991,43.238116,280.672 -2.505006,43.238130,280.813 -2.505014,43.238141,280.814 -2.505030,43.238155,281.009 -2.505043,43.238166,281.098 -2.505053,43.238177,281.240 -2.505066,43.238187,281.419 -2.505078,43.238200,281.441 -2.505092,43.238212,281.638 -2.505106,43.238225,281.682 -2.505122,43.238238,281.826 -2.505136,43.238251,281.837 -2.505150,43.238262,281.816 -2.505161,43.238273,282.084 -2.505169,43.238284,282.207 -2.505179,43.238295,282.217 -2.505191,43.238306,282.409 -2.505203,43.238319,282.419 -2.505215,43.238331,282.661 -2.505226,43.238346,282.870 -2.505236,43.238363,283.032 -2.505245,43.238373,283.069 -2.505248,43.238389,283.283 -2.505255,43.238399,283.497 -2.505261,43.238409,283.648 -2.505270,43.238421,283.897 -2.505278,43.238433,283.818 -2.505287,43.238445,284.098 -2.505291,43.238457,284.417 -2.505299,43.238470,284.409 -2.505309,43.238483,284.622 -2.505319,43.238494,284.894 -2.505331,43.238504,285.043 -2.505339,43.238517,285.225 -2.505345,43.238530,285.682 -2.505351,43.238542,285.826 -2.505357,43.238554,286.040 -2.505363,43.238565,286.411 -2.505369,43.238577,286.650 -2.505377,43.238590,287.057 -2.505382,43.238604,287.200 -2.505389,43.238617,287.420 -2.505402,43.238628,287.609 -2.505413,43.238640,287.896 -2.505421,43.238652,288.238 -2.505429,43.238665,288.487 -2.505432,43.238677,288.629 -2.505434,43.238688,289.036 -2.505441,43.238705,289.290 -2.505448,43.238715,289.464 -2.505456,43.238729,289.625 -2.505461,43.238738,289.884 -2.505469,43.238752,290.079 -2.505477,43.238763,290.005 -2.505486,43.238775,290.225 -2.505493,43.238785,290.609 -2.505502,43.238795,291.068 -2.505510,43.238806,291.270 -2.505518,43.238816,291.479 -2.505529,43.238826,291.631 -2.505540,43.238837,291.898 -2.505552,43.238846,292.062 -2.505565,43.238852,292.256 -2.505580,43.238865,292.287 -2.505593,43.238877,292.616 -2.505603,43.238888,292.815 -2.505613,43.238902,293.065 -2.505625,43.238915,293.411 -2.505639,43.238927,293.609 -2.505652,43.238940,293.812 -2.505665,43.238951,293.834 -2.505676,43.238963,294.043 -2.505687,43.238974,294.215 -2.505698,43.238986,294.442 -2.505710,43.238997,294.626 -2.505720,43.239008,294.650 -2.505733,43.239021,294.871 -2.505746,43.239033,295.020 -2.505757,43.239043,295.222 -2.505765,43.239054,295.462 -2.505773,43.239064,295.608 -2.505784,43.239074,295.809 -2.505797,43.239085,296.043 -2.505810,43.239095,296.215 -2.505824,43.239105,296.454 -2.505836,43.239115,296.466 -2.505853,43.239124,296.843 -2.505866,43.239130,296.817 -2.505880,43.239136,297.071 -2.505895,43.239143,297.262 -2.505909,43.239150,297.411 -2.505920,43.239155,297.811 -2.505934,43.239161,298.221 -2.505947,43.239166,298.403 -2.505959,43.239171,298.609 -2.505973,43.239177,298.842 -2.505987,43.239181,299.034 -2.506004,43.239188,299.453 -2.506021,43.239196,299.635 -2.506034,43.239203,300.012 -2.506050,43.239211,300.416 -2.506064,43.239223,300.690 -2.506081,43.239235,300.621 -2.506095,43.239245,300.860 -2.506110,43.239251,301.243 -2.506126,43.239253,301.464 -2.506141,43.239257,301.610 -2.506154,43.239262,302.009 -2.506171,43.239269,302.065 -2.506184,43.239282,302.487 -2.506197,43.239290,302.666 -2.506208,43.239295,302.818 -2.506220,43.239300,303.035 -2.506242,43.239312,303.439 -2.506259,43.239323,303.683 -2.506278,43.239334,303.854 -2.506299,43.239341,304.043 -2.506314,43.239347,304.217 -2.506329,43.239353,304.287 -2.506341,43.239358,304.615 -2.506357,43.239364,304.809 -2.506374,43.239373,305.062 -2.506390,43.239381,305.424 -2.506409,43.239390,305.643 -2.506426,43.239399,305.895 -2.506443,43.239408,306.032 -2.506460,43.239416,306.226 -2.506476,43.239424,306.660 -2.506493,43.239430,306.841 -2.506505,43.239434,307.240 -2.506518,43.239439,307.217 -2.506530,43.239445,307.487 -2.506551,43.239454,307.615 -2.506576,43.239462,307.809 -2.506590,43.239468,308.012 -2.506608,43.239474,308.084 -2.506619,43.239477,308.213 -2.506633,43.239482,308.485 -2.506648,43.239489,308.482 -2.506666,43.239496,309.046 -2.506683,43.239502,309.290 -2.506699,43.239509,309.491 -2.506716,43.239517,309.690 -2.506733,43.239526,310.029 -2.506746,43.239534,310.200 -2.506761,43.239544,310.220 -2.506774,43.239552,310.409 -2.506789,43.239562,310.433 -2.506802,43.239571,310.435 -2.506813,43.239577,310.644 -2.506822,43.239581,311.076 -2.506835,43.239588,311.263 -2.506851,43.239593,311.887 -2.506874,43.239602,312.241 -2.506891,43.239613,312.422 -2.506910,43.239624,312.611 -2.506930,43.239635,312.822 -2.506949,43.239646,313.062 -2.506962,43.239654,313.208 -2.506978,43.239665,313.409 -2.506994,43.239671,313.683 -2.507010,43.239679,313.895 -2.507028,43.239689,314.294 -2.507047,43.239699,314.256 -2.507068,43.239708,314.433 -2.507091,43.239718,314.657 -2.507111,43.239727,314.641 -2.507132,43.239740,314.832 -2.507149,43.239751,315.091 -2.507173,43.239762,315.447 -2.507194,43.239773,315.429 -2.507213,43.239787,315.621 -2.507227,43.239803,315.809 -2.507245,43.239817,316.055 -2.507260,43.239833,316.297 -2.507280,43.239848,316.466 -2.507294,43.239866,316.648 -2.507309,43.239878,317.095 -2.507327,43.239894,317.279 -2.507335,43.239905,317.273 -2.507353,43.239922,317.694 -2.507367,43.239935,317.823 -2.507382,43.239949,318.023 -2.507395,43.239961,318.283 -2.507417,43.239972,318.411 -2.507429,43.239985,318.409 -2.507446,43.239996,318.623 -2.507461,43.240009,318.675 -2.507476,43.240018,318.854 -2.507495,43.240034,319.026 -2.507515,43.240044,319.243 -2.507534,43.240060,319.467 -2.507550,43.240074,319.631 -2.507574,43.240089,319.812 -2.507592,43.240101,320.081 -2.507620,43.240112,320.255 -2.507645,43.240121,320.407 -2.507667,43.240126,320.617 -2.507694,43.240131,320.809 -2.507716,43.240131,320.896 -2.507739,43.240133,321.068 -2.507763,43.240133,321.297 -2.507791,43.240136,321.489 -2.507815,43.240135,321.656 -2.507846,43.240139,321.870 -2.507872,43.240139,321.844 -2.507900,43.240142,322.055 -2.507924,43.240144,322.254 -2.507952,43.240146,322.425 -2.507975,43.240144,322.626 -2.508000,43.240143,323.008 -2.508025,43.240144,323.209 -2.508053,43.240142,323.423 -2.508079,43.240145,323.695 -2.508105,43.240143,323.614 -2.508133,43.240146,323.636 -2.508161,43.240143,323.813 -2.508191,43.240143,324.097 -2.508216,43.240140,324.071 -2.508247,43.240140,324.232 -2.508271,43.240138,324.461 -2.508300,43.240135,324.462 -2.508321,43.240132,324.483 -2.508349,43.240129,324.611 -2.508371,43.240127,324.609 -2.508387,43.240124,324.877 -2.508409,43.240121,325.229 -2.508428,43.240122,325.478 -2.508448,43.240122,325.430 -2.508476,43.240120,325.617 -2.508495,43.240118,325.651 -2.508509,43.240119,325.865 -2.508527,43.240117,326.066 -2.508546,43.240113,326.245 -2.508567,43.240114,326.248 -2.508587,43.240111,326.461 -2.508605,43.240107,326.617 -2.508613,43.240103,326.809 -2.508628,43.240102,327.075 -2.508645,43.240101,327.297 -2.508667,43.240099,327.486 -2.508682,43.240098,327.828 -2.508695,43.240099,327.825 -2.508711,43.240090,328.019 -2.508727,43.240081,328.223 -2.508742,43.240075,328.424 -2.508755,43.240069,328.663 -2.508770,43.240065,328.818 -2.508786,43.240060,329.098 -2.508801,43.240054,329.417 -2.508814,43.240049,329.609 -2.508827,43.240042,329.832 -2.508844,43.240037,330.014 -2.508860,43.240030,330.263 -2.508873,43.240023,330.625 -2.508889,43.240016,330.812 -2.508904,43.240010,331.066 -2.508921,43.240005,331.240 -2.508936,43.239999,331.651 -2.508952,43.239993,331.830 -2.508969,43.239988,332.264 -2.508986,43.239982,332.406 -2.509002,43.239976,332.616 -2.509018,43.239974,332.809 -2.509034,43.239971,333.037 -2.509050,43.239968,333.289 -2.509067,43.239963,333.248 -2.509079,43.239955,333.630 -2.509093,43.239948,333.687 -2.509103,43.239942,333.831 -2.509117,43.239935,334.085 -2.509133,43.239927,334.446 -2.509150,43.239921,334.625 -2.509165,43.239913,334.827 -2.509179,43.239905,335.068 -2.509193,43.239897,335.214 -2.509208,43.239888,335.409 -2.509219,43.239879,335.623 -2.509231,43.239870,335.885 -2.509243,43.239864,336.284 -2.509250,43.239859,336.436 -2.509265,43.239853,336.883 -2.509279,43.239848,336.867 -2.509298,43.239844,337.211 -2.509314,43.239835,337.482 -2.509327,43.239826,337.631 -2.509341,43.239822,337.887 -2.509354,43.239817,338.042 -2.509369,43.239810,338.426 -2.509383,43.239802,338.609 -2.509397,43.239797,339.069 -2.509413,43.239791,339.231 -2.509434,43.239785,339.210 -2.509453,43.239778,339.492 -2.509471,43.239772,339.899 -2.509487,43.239767,339.823 -2.509504,43.239760,340.017 -2.509520,43.239754,340.278 -2.509542,43.239749,340.637 -2.509561,43.239744,340.811 -2.509578,43.239740,341.021 -2.509595,43.239741,341.203 -2.509610,43.239740,341.409 -2.509628,43.239737,341.482 -2.509646,43.239728,341.854 -2.509663,43.239721,342.263 -2.509684,43.239716,342.245 -2.509703,43.239713,342.422 -2.509720,43.239711,342.626 -2.509739,43.239709,342.820 -2.509752,43.239709,343.071 -2.509772,43.239707,343.030 -2.509787,43.239705,343.425 -2.509806,43.239703,343.626 -2.509825,43.239702,343.808 -2.509841,43.239696,344.009 -2.509862,43.239694,344.263 -2.509880,43.239697,344.465 -2.509901,43.239699,344.694 -2.509918,43.239695,344.816 -2.509940,43.239693,345.073 -2.509961,43.239691,345.257 -2.509982,43.239691,345.431 -2.510001,43.239692,345.692 -2.510018,43.239693,345.811 -2.510039,43.239693,346.062 -2.510057,43.239695,346.083 -2.510075,43.239696,346.411 -2.510096,43.239695,346.609 -2.510116,43.239696,346.827 -2.510133,43.239698,347.069 -2.510149,43.239701,347.498 -2.510166,43.239703,347.620 -2.510183,43.239704,347.867 -2.510197,43.239704,348.091 -2.510215,43.239707,348.255 -2.510236,43.239709,348.456 -2.510255,43.239715,348.655 -2.510275,43.239718,348.876 -2.510294,43.239721,349.090 -2.510310,43.239721,349.219 -2.510330,43.239724,349.409 -2.510348,43.239726,349.668 -2.510363,43.239728,349.850 -2.510380,43.239731,350.069 -2.510396,43.239734,350.241 -2.510412,43.239737,350.438 -2.510427,43.239740,350.632 -2.510443,43.239746,350.676 -2.510462,43.239751,350.837 -2.510477,43.239754,351.036 -2.510500,43.239757,351.476 -2.510522,43.239766,351.490 -2.510545,43.239775,351.619 -2.510570,43.239783,351.809 -2.510594,43.239792,353.058 -2.510619,43.239800,353.270 -2.510643,43.239810,353.279 -2.510664,43.239817,353.471 -2.510684,43.239825,353.478 -2.510703,43.239828,353.492 -2.510723,43.239836,353.456 -2.510742,43.239844,353.677 -2.510760,43.239851,353.856 -2.510779,43.239858,354.033 -2.510805,43.239869,354.223 -2.510826,43.239877,354.615 -2.510848,43.239888,354.809 -2.510868,43.239901,355.034 -2.510892,43.239912,355.096 -2.510915,43.239925,355.285 -2.510940,43.239935,355.497 -2.510962,43.239950,355.614 -2.510984,43.239960,355.678 -2.511002,43.239972,355.872 -2.511022,43.239982,356.063 -2.511043,43.239997,356.082 -2.511063,43.240009,356.471 -2.511079,43.240023,356.441 -2.511094,43.240032,356.615 -2.511113,43.240045,356.809 -2.511131,43.240054,357.278 -2.511148,43.240065,357.280 -2.511159,43.240075,357.489 -2.511178,43.240091,357.821 -2.511190,43.240104,358.288 -2.511204,43.240116,358.432 -2.511215,43.240132,358.666 -2.511230,43.240148,359.047 -2.511249,43.240163,359.226 -2.511261,43.240175,359.447 -2.511277,43.240190,359.629 -2.511287,43.240201,359.821 -2.511302,43.240214,360.209 -2.511314,43.240226,360.445 -2.511332,43.240239,360.457 -2.511348,43.240255,360.896 -2.511363,43.240267,361.058 -2.511377,43.240282,361.265 -2.511389,43.240291,361.419 -2.511405,43.240304,361.693 -2.511417,43.240316,362.044 -2.511432,43.240326,362.243 -2.511443,43.240338,362.458 -2.511455,43.240345,362.652 -2.511465,43.240359,362.817 -2.511474,43.240369,363.009 -2.511487,43.240382,363.226 -2.511493,43.240394,363.698 -2.511499,43.240403,363.857 -2.511502,43.240416,364.289 -2.511508,43.240427,364.456 -2.511511,43.240441,364.840 -2.511518,43.240456,365.224 -2.511523,43.240469,365.425 -2.511525,43.240485,365.694 -2.511525,43.240500,365.648 -2.511529,43.240516,366.061 -2.511538,43.240531,366.217 -2.511567,43.240536,366.609 -2.511593,43.240552,366.855 -2.511619,43.240561,366.867 -2.511644,43.240572,366.866 -2.511676,43.240585,366.838 -2.511709,43.240601,366.865 -2.511737,43.240612,366.859 -2.511767,43.240625,366.883 -2.511796,43.240640,366.614 -2.511824,43.240654,366.473 -2.511850,43.240671,366.491 -2.511877,43.240685,366.081 -2.511905,43.240705,365.819 -2.511933,43.240719,365.609 -2.511962,43.240737,365.620 -2.511987,43.240749,365.432 -2.512013,43.240767,365.231 -2.512036,43.240783,365.243 -2.512064,43.240805,365.040 -2.512087,43.240819,364.894 -2.512115,43.240838,364.638 -2.512141,43.240855,364.489 -2.512168,43.240875,364.228 -2.512196,43.240890,364.229 -2.512230,43.240911,364.000 -2.512259,43.240925,363.820 -2.512287,43.240943,363.609 -2.512313,43.240957,363.623 -2.512342,43.240975,363.455 -2.512370,43.240990,363.094 -2.512398,43.241006,362.816 -2.512421,43.241024,362.673 -2.512444,43.241040,362.487 -2.512465,43.241055,362.291 -2.512492,43.241070,361.882 -2.512524,43.241089,361.481 -2.512544,43.241103,361.468 -2.512573,43.241120,361.242 -2.512615,43.241149,361.026 -2.512640,43.241167,360.809 -2.512664,43.241187,360.657 -2.512689,43.241209,360.259 -2.512719,43.241233,360.068 -2.512748,43.241256,359.830 -2.512781,43.241277,359.847 -2.512813,43.241295,359.611 -2.512846,43.241310,359.425 -2.512880,43.241317,359.226 -2.512922,43.241323,358.865 -2.512960,43.241322,358.839 -2.513001,43.241315,358.601 -2.513041,43.241312,358.421 -2.513083,43.241308,358.209 -2.513115,43.241292,358.084 -2.513152,43.241280,357.816 -2.513185,43.241264,357.625 -2.513222,43.241245,357.647 -2.513250,43.241224,357.494 -2.513276,43.241203,357.298 -2.513302,43.241186,357.242 -2.513331,43.241168,357.083 -2.513354,43.241154,357.042 -2.513378,43.241140,356.851 -2.513399,43.241126,356.801 -2.513419,43.241114,356.811 -2.513444,43.241097,356.809 -2.513465,43.241080,356.866 -2.513485,43.241062,357.058 -2.513506,43.241044,357.047 -2.513524,43.241027,357.029 -2.513546,43.241012,357.256 -2.513566,43.240994,357.230 -2.513590,43.240975,357.484 -2.513619,43.240957,357.435 -2.513649,43.240939,357.684 -2.513670,43.240925,357.624 -2.513700,43.240910,357.804 -2.513725,43.240899,357.814 -2.513756,43.240890,358.009 -2.513780,43.240879,358.233 -2.513811,43.240870,358.485 -2.513834,43.240860,358.694 -2.513861,43.240853,358.646 -2.513882,43.240842,358.613 -2.513911,43.240834,358.857 -2.513937,43.240826,358.871 -2.513971,43.240819,358.842 -2.514002,43.240812,358.841 -2.514035,43.240800,358.859 -2.514071,43.240792,358.803 -2.514107,43.240780,358.823 -2.514146,43.240776,358.609 -2.514185,43.240770,358.446 -2.514220,43.240765,358.058 -2.514254,43.240759,357.657 -2.514286,43.240755,357.469 -2.514322,43.240753,357.216 -2.514357,43.240751,356.890 -2.514399,43.240744,356.674 -2.514435,43.240738,356.435 -2.514475,43.240729,356.254 -2.514507,43.240718,356.236 -2.514544,43.240702,356.017 -2.514572,43.240688,356.018 -2.514604,43.240669,355.809 -2.514630,43.240652,355.864 -2.514661,43.240632,355.636 -2.514688,43.240612,355.695 -2.514715,43.240591,355.427 -2.514738,43.240573,355.464 -2.514767,43.240551,355.488 -2.514788,43.240531,355.482 -2.514807,43.240509,355.273 -2.514828,43.240485,355.272 -2.514847,43.240458,355.286 -2.514858,43.240440,355.260 -2.514882,43.240415,355.226 -2.514902,43.240394,355.209 -2.514929,43.240374,355.289 -2.514950,43.240357,355.291 -2.514975,43.240334,355.410 -2.514998,43.240316,355.452 -2.515027,43.240297,355.479 -2.515047,43.240282,355.283 -2.515075,43.240265,355.287 -2.515100,43.240249,355.278 -2.515126,43.240234,355.287 -2.515154,43.240216,355.096 -2.515187,43.240192,355.031 -2.515208,43.240169,354.824 -2.515231,43.240143,354.809 -2.515249,43.240120,354.890 -2.515271,43.240092,354.652 -2.515281,43.240070,354.641 -2.515292,43.240041,354.653 -2.515296,43.240017,354.460 -2.515306,43.239990,354.474 -2.515312,43.239965,354.458 -2.515311,43.239937,354.459 -2.515307,43.239919,354.448 -2.515303,43.239893,354.673 -2.515298,43.239873,354.885 -2.515298,43.239850,354.813 -2.515299,43.239827,354.809 -2.515305,43.239804,355.068 -2.515305,43.239786,355.290 -2.515307,43.239762,355.429 -2.515304,43.239748,355.851 -2.515310,43.239727,356.268 -2.515317,43.239708,356.432 -2.515329,43.239687,356.626 -2.515337,43.239665,357.067 -2.515353,43.239645,357.296 -2.515367,43.239629,357.666 -2.515389,43.239610,357.829 -2.515409,43.239591,358.021 -2.515431,43.239573,358.209 -2.515452,43.239556,358.267 -2.515472,43.239538,358.219 -2.515492,43.239524,358.428 -2.515514,43.239512,358.410 -2.515543,43.239502,358.447 -2.515565,43.239491,358.471 -2.515593,43.239483,358.625 -2.515616,43.239472,358.876 -2.515642,43.239463,358.865 -2.515668,43.239450,359.084 -2.515700,43.239439,359.007 -2.515728,43.239427,359.217 -2.515763,43.239413,359.209 -2.515783,43.239403,359.489 -2.515816,43.239390,359.491 -2.515839,43.239381,359.420 -2.515873,43.239370,359.692 -2.515896,43.239359,359.629 -2.515925,43.239348,359.633 -2.515953,43.239337,359.657 -2.515983,43.239324,359.698 -2.516010,43.239316,359.677 -2.516035,43.239306,359.829 -2.516066,43.239296,359.800 -2.516096,43.239283,359.820 -2.516129,43.239272,359.809 -2.516153,43.239260,359.873 -2.516184,43.239249,359.825 -2.516214,43.239238,359.874 -2.516248,43.239228,359.816 -2.516271,43.239219,359.873 -2.516307,43.239210,359.697 -2.516331,43.239202,359.641 -2.516370,43.239194,359.462 -2.516405,43.239186,359.461 -2.516438,43.239180,359.423 -2.516470,43.239174,359.483 -2.516509,43.239171,359.211 -2.516547,43.239163,359.009 -2.516581,43.239153,359.063 -2.516610,43.239142,358.855 -2.516638,43.239130,358.674 -2.516668,43.239119,358.486 -2.516702,43.239105,358.283 -2.516735,43.239094,358.067 -2.516765,43.239083,358.031 -2.516793,43.239071,357.882 -2.516825,43.239051,357.891 -2.516853,43.239032,357.826 -2.516881,43.239005,357.247 -2.516903,43.238981,356.811 -2.516919,43.238953,356.609 -2.516935,43.238927,356.453 -2.516948,43.238900,356.085 -2.516968,43.238875,355.854 -2.516987,43.238851,355.876 -2.517013,43.238829,355.813 -2.517040,43.238810,355.667 -2.517067,43.238796,355.671 -2.517097,43.238779,355.662 -2.517130,43.238763,355.831 -2.517164,43.238751,355.854 -2.517197,43.238740,355.856 -2.517233,43.238729,355.811 -2.517266,43.238718,355.809 -2.517303,43.238708,355.816 -2.517335,43.238697,355.688 -2.517369,43.238687,355.687 -2.517400,43.238676,355.639 -2.517436,43.238663,355.816 -2.517463,43.238650,355.630 -2.517502,43.238633,355.624 -2.517534,43.238617,355.625 -2.517570,43.238598,355.684 -2.517603,43.238580,355.693 -2.517636,43.238561,355.465 -2.517662,43.238546,355.421 -2.517701,43.238533,355.209 -2.517731,43.238521,355.280 -2.517771,43.238510,355.022 -2.517803,43.238501,354.851 -2.517839,43.238492,354.613 -2.517873,43.238484,354.430 -2.517906,43.238476,354.434 -2.517939,43.238466,354.468 -2.517971,43.238461,354.299 -2.517999,43.238452,354.268 -2.518035,43.238445,354.247 -2.518072,43.238437,354.029 -2.518115,43.238429,354.021 -2.518150,43.238421,354.009 -2.518191,43.238414,354.075 -2.518229,43.238402,354.067 -2.518267,43.238392,354.096 -2.518301,43.238381,354.088 -2.518339,43.238371,354.045 -2.518375,43.238359,354.079 -2.518412,43.238348,354.013 -2.518446,43.238337,354.214 -2.518478,43.238328,354.293 -2.518505,43.238317,354.229 -2.518531,43.238305,354.200 -2.518559,43.238290,354.220 -2.518588,43.238271,354.209 -2.518612,43.238251,354.233 -2.518642,43.238231,354.275 -2.518670,43.238206,354.294 -2.518698,43.238185,354.276 -2.518712,43.238159,354.223 -2.518738,43.238135,354.097 -2.518754,43.238112,354.051 -2.518774,43.238087,354.092 -2.518789,43.238064,354.071 -2.518807,43.238046,354.035 -2.518825,43.238021,354.086 -2.518850,43.237997,354.014 -2.518863,43.237977,354.009 -2.518885,43.237953,353.894 -2.518898,43.237931,353.836 -2.518917,43.237905,353.655 -2.518933,43.237883,353.627 -2.518951,43.237857,353.694 -2.518966,43.237833,353.688 -2.518981,43.237808,353.622 -2.518993,43.237782,353.453 -2.519004,43.237759,353.412 -2.519017,43.237737,353.441 -2.519028,43.237712,353.481 -2.519039,43.237688,353.209 -2.519049,43.237660,353.209 -2.519058,43.237633,353.285 -2.519064,43.237608,353.087 -2.519073,43.237585,353.076 -2.519079,43.237558,352.828 -2.519089,43.237533,352.815 -2.519099,43.237510,353.099 -2.519112,43.237491,353.273 -2.519122,43.237465,353.294 -2.519133,43.237438,353.473 -2.519142,43.237414,353.625 -2.519162,43.237392,353.626 -2.519172,43.237367,353.608 -2.519186,43.237342,353.609 -2.519195,43.237317,353.663 -2.519206,43.237293,353.475 -2.519213,43.237272,353.474 -2.519229,43.237252,353.416 -2.519236,43.237233,353.463 -2.519236,43.237210,353.437 -2.519223,43.237190,353.461 -2.519215,43.237167,353.492 -2.519212,43.237144,353.461 -2.519208,43.237122,353.437 -2.519212,43.237100,353.649 -2.519210,43.237080,353.613 -2.519213,43.237056,353.809 -2.519208,43.237036,354.084 -2.519207,43.237014,354.256 -2.519205,43.236998,354.245 -2.519202,43.236980,354.487 -2.519200,43.236959,354.644 -2.519195,43.236941,354.838 -2.519193,43.236926,355.092 -2.519199,43.236933,355.253 -2.519204,43.236943,355.442 -2.519212,43.236967,355.684 -2.519213,43.236997,355.807 -2.519220,43.237023,355.817 -2.519227,43.237054,355.809 -2.519239,43.237080,355.869 -2.519248,43.237110,355.641 -2.519259,43.237134,355.610 -2.519272,43.237166,355.412 -2.519281,43.237187,355.419 -2.519275,43.237215,355.213 -2.519265,43.237240,355.297 -2.519252,43.237265,355.098 -2.519240,43.237286,355.027 -2.519230,43.237312,355.096 -2.519220,43.237334,355.031 -2.519209,43.237355,355.024 -2.519200,43.237376,355.009 -2.519188,43.237399,355.090 -2.519174,43.237422,354.672 -2.519136,43.237430,354.471 -2.519112,43.237441,354.433 -2.519092,43.237437,354.490 -2.519063,43.237415,354.654 -2.519039,43.237400,354.648 -2.519016,43.237379,354.879 -2.518996,43.237357,354.848 -2.518981,43.237332,354.828 -2.518966,43.237310,354.889 -2.518952,43.237286,354.817 -2.518935,43.237265,354.809 -2.518921,43.237242,354.833 -2.518905,43.237221,354.855 -2.518890,43.237199,354.824 -2.518874,43.237176,354.896 -2.518855,43.237154,355.033 -2.518839,43.237131,355.047 -2.518823,43.237111,355.281 -2.518809,43.237089,355.252 -2.518795,43.237071,355.421 -2.518784,43.237048,355.463 -2.518767,43.237030,355.444 -2.518752,43.237008,355.618 -2.518736,43.236992,355.809 -2.518722,43.236973,356.067 -2.518705,43.236961,356.019 -2.518690,43.236940,356.228 -2.518668,43.236923,356.290 -2.518655,43.236905,356.697 -2.518641,43.236890,356.881 -2.518626,43.236868,356.885 -2.518608,43.236851,357.036 -2.518594,43.236830,357.415 -2.518580,43.236816,357.429 -2.518562,43.236799,357.400 -2.518543,43.236785,357.620 -2.518525,43.236765,357.609 -2.518514,43.236750,357.843 -2.518496,43.236734,358.295 -2.518480,43.236719,358.424 -2.518463,43.236702,358.676 -2.518445,43.236686,358.833 -2.518423,43.236673,359.697 -2.518409,43.236659,359.811 -2.518390,43.236642,360.092 -2.518373,43.236627,360.021 -2.518352,43.236616,360.235 -2.518336,43.236598,360.486 -2.518318,43.236585,360.814 -2.518304,43.236566,361.009 -2.518285,43.236550,361.244 -2.518269,43.236534,361.686 -2.518252,43.236517,361.615 -2.518236,43.236498,361.817 -2.518222,43.236481,361.864 -2.518206,43.236465,362.028 -2.518194,43.236446,362.242 -2.518180,43.236431,362.473 -2.518168,43.236414,362.682 -2.518158,43.236396,362.821 -2.518147,43.236375,363.041 -2.518137,43.236354,363.205 -2.518132,43.236330,363.209 -2.518115,43.236307,363.433 -2.518108,43.236279,363.425 -2.518098,43.236256,363.494 -2.518093,43.236229,363.476 -2.518088,43.236203,363.653 -2.518085,43.236179,363.687 -2.518085,43.236156,363.431 -2.518086,43.236131,363.472 -2.518091,43.236108,363.451 -2.518098,43.236084,363.294 -2.518104,43.236062,363.257 -2.518110,43.236039,363.222 -2.518116,43.236018,363.209 -2.518127,43.235997,363.280 -2.518134,43.235978,363.272 -2.518142,43.235955,363.261 -2.518147,43.235930,363.293 -2.518154,43.235907,363.270 -2.518160,43.235886,363.224 -2.518169,43.235866,363.298 -2.518176,43.235843,363.029 -2.518184,43.235820,362.878 -2.518193,43.235799,362.866 -2.518202,43.235777,362.829 -2.518218,43.235748,362.621 -2.518226,43.235718,362.609 -2.518234,43.235687,362.657 -2.518247,43.235657,362.419 -2.518253,43.235631,362.228 -2.518258,43.235604,362.230 -2.518261,43.235577,362.047 -2.518263,43.235551,362.041 -2.518263,43.235525,362.065 -2.518266,43.235499,362.096 -2.518263,43.235475,362.095 -2.518262,43.235446,361.896 -2.518258,43.235418,361.631 -2.518250,43.235388,361.624 -2.518243,43.235363,361.409 -2.518231,43.235335,361.230 -2.518215,43.235317,361.292 -2.518200,43.235293,361.051 -2.518186,43.235272,361.083 -2.518170,43.235249,361.050 -2.518151,43.235228,360.864 -2.518132,43.235208,360.818 -2.518111,43.235191,360.869 -2.518094,43.235172,361.048 -2.518075,43.235151,361.078 -2.518056,43.235132,361.033 -2.518033,43.235111,361.226 -2.518015,43.235089,361.209 -2.517994,43.235069,361.268 -2.517971,43.235044,361.290 -2.517946,43.235022,361.069 -2.517926,43.234996,360.631 -2.517903,43.234975,360.248 -2.517882,43.234948,360.222 -2.517860,43.234927,360.066 -2.517835,43.234904,360.037 -2.517805,43.234882,359.816 -2.517785,43.234856,359.825 -2.517764,43.234833,359.626 -2.517746,43.234805,359.608 -2.517722,43.234787,359.409 -2.517696,43.234762,359.283 -2.517669,43.234744,359.035 -2.517642,43.234722,358.884 -2.517616,43.234704,358.636 -2.517587,43.234683,358.443 -2.517561,43.234671,358.257 -2.517530,43.234653,358.011 -2.517501,43.234636,358.082 -2.517468,43.234620,358.011 -2.517434,43.234608,357.833 -2.517396,43.234595,357.823 -2.517364,43.234587,357.815 -2.517331,43.234579,357.809 -2.517302,43.234573,357.834 -2.517268,43.234563,357.846 -2.517241,43.234555,357.825 -2.517205,43.234545,357.897 -2.517171,43.234539,358.024 -2.517134,43.234528,358.298 -2.517101,43.234520,358.292 -2.517065,43.234512,358.233 -2.517033,43.234505,358.422 -2.516999,43.234495,358.482 -2.516967,43.234489,358.443 -2.516929,43.234477,358.417 -2.516900,43.234464,358.409 -2.516862,43.234455,358.229 -2.516827,43.234444,358.011 -2.516793,43.234433,357.820 -2.516757,43.234420,357.822 -2.516723,43.234407,357.699 -2.516691,43.234393,357.433 -2.516659,43.234378,357.057 -2.516629,43.234361,356.848 -2.516601,43.234342,356.847 -2.516574,43.234324,356.696 -2.516547,43.234305,356.231 -2.516519,43.234284,355.824 -2.516493,43.234259,355.609 -2.516466,43.234235,355.460 -2.516440,43.234207,355.212 -2.516415,43.234176,355.291 -2.516394,43.234149,355.033 -2.516378,43.234120,355.040 -2.516362,43.234093,354.814 -2.516347,43.234064,354.498 -2.516336,43.234037,354.429 -2.516326,43.234007,354.458 -2.516321,43.233977,354.443 -2.516315,43.233947,354.464 -2.516312,43.233919,354.410 -2.516300,43.233892,354.209 -2.516299,43.233859,354.255 -2.516295,43.233828,354.057 -2.516288,43.233797,354.076 -2.516287,43.233770,354.028 -2.516276,43.233747,353.865 -2.516266,43.233725,353.839 -2.516258,43.233700,353.873 -2.516246,43.233680,353.814 -2.516237,43.233656,353.893 -2.516224,43.233641,353.876 -2.516211,43.233619,353.890 -2.516195,43.233600,353.819 -2.516182,43.233575,354.009 -2.516168,43.233557,354.298 -2.516158,43.233537,354.410 -2.516150,43.233518,354.649 -2.516147,43.233502,354.851 -2.516138,43.233483,355.088 -2.516134,43.233459,355.692 -2.516131,43.233439,355.676 -2.516131,43.233419,355.817 -2.516130,43.233396,356.056 -2.516136,43.233372,356.221 -2.516140,43.233348,356.441 -2.516149,43.233319,356.405 -2.516153,43.233295,356.609 -2.516159,43.233270,356.613 -2.516166,43.233252,356.645 -2.516176,43.233236,356.814 -2.516181,43.233221,357.086 -2.516186,43.233206,357.283 -2.516194,43.233188,357.457 -2.516200,43.233174,357.611 -2.516212,43.233156,357.612 -2.516219,43.233142,358.051 -2.516234,43.233127,358.298 -2.516243,43.233113,358.215 -2.516255,43.233098,358.626 -2.516266,43.233086,358.609 -2.516279,43.233072,358.810 -2.516293,43.233058,359.052 -2.516304,43.233046,359.231 -2.516318,43.233031,359.483 -2.516329,43.233015,359.650 -2.516344,43.232997,359.894 -2.516356,43.232978,360.098 -2.516367,43.232959,360.039 -2.516377,43.232942,360.258 -2.516385,43.232925,360.422 -2.516393,43.232910,360.662 -2.516395,43.232896,360.808 -2.516402,43.232882,361.009 -2.516405,43.232868,361.283 -2.516412,43.232853,361.625 -2.516416,43.232838,361.624 -2.516423,43.232819,361.896 -2.516426,43.232801,362.023 -2.516435,43.232783,362.217 -2.516439,43.232768,362.491 -2.516436,43.232750,362.862 -2.516439,43.232731,363.081 -2.516435,43.232715,363.093 -2.516431,43.232698,363.465 -2.516436,43.232684,363.621 -2.516451,43.232669,364.009 -2.516462,43.232659,364.210 -2.516480,43.232643,364.422 -2.516490,43.232633,364.681 -2.516503,43.232619,364.863 -2.516512,43.232608,365.070 -2.516521,43.232593,365.214 -2.516534,43.232575,365.638 -2.516539,43.232560,365.639 -2.516549,43.232540,365.888 -2.516552,43.232523,365.852 -2.516554,43.232498,366.053 -2.516536,43.232484,366.008 -2.516513,43.232467,366.209 -2.516515,43.232448,366.476 -2.516505,43.232431,366.698 -2.516494,43.232418,366.897 -2.516480,43.232409,366.899 -2.516462,43.232402,367.026 -2.516438,43.232389,367.040 -2.516421,43.232378,367.284 -2.516399,43.232370,367.445 -2.516375,43.232355,367.654 -2.516352,43.232347,367.855 -2.516324,43.232334,368.007 -2.516301,43.232325,368.217 -2.516278,43.232315,368.409 -2.516261,43.232308,368.696 -2.516242,43.232299,368.868 -2.516224,43.232289,369.017 -2.516203,43.232282,369.289 -2.516182,43.232270,369.416 -2.516161,43.232261,369.680 -2.516140,43.232251,369.824 -2.516119,43.232241,369.845 -2.516099,43.232230,370.034 -2.516081,43.232223,370.065 -2.516063,43.232214,370.068 -2.516042,43.232204,370.414 -2.516020,43.232192,370.609 -2.515997,43.232182,370.817 -2.515971,43.232171,371.059 -2.515949,43.232162,371.438 -2.515929,43.232152,371.690 -2.515899,43.232142,371.897 -2.515877,43.232131,371.841 -2.515852,43.232120,372.055 -2.515830,43.232108,372.226 -2.515807,43.232099,372.245 -2.515791,43.232089,372.412 -2.515773,43.232079,372.432 -2.515756,43.232074,372.405 -2.515733,43.232065,372.409 -2.515710,43.232056,372.492 -2.515684,43.232048,372.464 -2.515659,43.232038,372.463 -2.515638,43.232030,372.645 -2.515615,43.232021,372.652 -2.515595,43.232012,372.666 -2.515573,43.232003,372.650 -2.515549,43.231993,372.651 -2.515526,43.231984,372.660 -2.515500,43.231975,372.637 -2.515468,43.231963,372.649 -2.515438,43.231958,372.613 -2.515402,43.231946,372.609 -2.515375,43.231940,372.614 -2.515356,43.231933,372.816 -2.515339,43.231928,372.825 -2.515318,43.231923,373.047 -2.515298,43.231916,373.264 -2.515277,43.231906,373.288 -2.515260,43.231896,373.242 -2.515244,43.231886,373.263 -2.515231,43.231873,373.252 -2.515218,43.231862,373.276 -2.515207,43.231852,373.090 -2.515198,43.231834,373.019 -2.515190,43.231819,372.809 -2.515197,43.231802,372.868 -2.515204,43.231789,372.830 -2.515220,43.231780,372.819 -2.515234,43.231769,372.831 -2.515244,43.231758,372.688 -2.515252,43.231748,372.612 -2.515270,43.231738,372.696 -2.515288,43.231732,372.657 -2.515305,43.231729,372.696 -2.515318,43.231724,372.825 -2.515331,43.231721,372.826 -2.515338,43.231719,373.208 -2.515352,43.231715,373.409 -2.515365,43.231712,373.613 -2.515373,43.231709,374.095 -2.515383,43.231708,374.284 -2.515395,43.231701,374.266 -2.515411,43.231695,374.483 -2.515427,43.231689,374.677 -2.515442,43.231685,375.031 -2.515458,43.231679,375.282 -2.515469,43.231672,375.241 -2.515480,43.231666,375.693 -2.515490,43.231661,375.865 -2.515499,43.231657,376.021 -2.515507,43.231654,376.209 -2.515519,43.231647,376.460 -2.515531,43.231643,376.652 -2.515542,43.231642,376.841 -2.515554,43.231639,377.033 -2.515565,43.231629,377.030 -2.515577,43.231621,377.494 -2.515592,43.231615,377.648 -2.515597,43.231613,377.849 -2.515614,43.231608,378.098 -2.515630,43.231605,378.229 -2.515648,43.231599,378.400 -2.515664,43.231592,378.620 -2.515677,43.231587,379.009 -2.515692,43.231580,379.453 -2.515705,43.231572,379.885 -2.515717,43.231566,379.814 -2.515730,43.231558,380.456 -2.515745,43.231554,380.433 -2.515761,43.231544,380.827 -2.515770,43.231546,381.061 -2.515787,43.231542,381.472 -2.515804,43.231535,381.661 -2.515813,43.231532,381.887 -2.515823,43.231529,382.242 -2.515843,43.231522,382.426 -2.515855,43.231516,382.609 -2.515871,43.231501,383.049 -2.515885,43.231494,383.411 -2.515895,43.231487,383.690 -2.515901,43.231484,383.882 -2.515918,43.231477,384.019 -2.515929,43.231471,384.213 -2.515939,43.231463,384.617 -2.515952,43.231459,384.848 -2.515960,43.231459,385.027 -2.515978,43.231453,385.478 -2.515992,43.231450,385.633 -2.516011,43.231446,386.026 -2.516022,43.231446,386.209 -2.516044,43.231440,386.428 -2.516055,43.231434,386.630 -2.516071,43.231427,386.819 -2.516079,43.231425,387.071 -2.516088,43.231420,387.298 -2.516101,43.231417,387.642 -2.516117,43.231410,387.886 -2.516130,43.231403,388.097 -2.516149,43.231394,388.246 -2.516161,43.231391,388.421 -2.516179,43.231386,388.841 -2.516193,43.231379,388.805 -2.516212,43.231370,389.209 -2.516225,43.231364,389.453 -2.516243,43.231359,389.635 -2.516253,43.231355,389.874 -2.516265,43.231350,390.066 -2.516279,43.231346,390.253 -2.516288,43.231344,390.687 -2.516304,43.231340,390.841 -2.516313,43.231335,391.252 -2.516326,43.231326,391.411 -2.516342,43.231323,391.691 -2.516351,43.231319,392.081 -2.516372,43.231311,392.219 -2.516379,43.231303,392.609 -2.516396,43.231297,392.870 -2.516412,43.231292,393.222 -2.516430,43.231292,393.281 -2.516442,43.231291,393.443 -2.516460,43.231286,393.680 -2.516472,43.231280,393.854 -2.516485,43.231274,394.098 -2.516485,43.231272,394.489 -2.516502,43.231272,394.658 -2.516511,43.231266,395.063 -2.516518,43.231264,395.244 -2.516530,43.231264,395.418 -2.516538,43.231263,395.609 -2.516559,43.231260,395.847 -2.516570,43.231259,396.289 -2.516591,43.231252,396.428 -2.516594,43.231250,396.460 -2.516613,43.231247,396.847 -2.516629,43.231239,397.091 -2.516638,43.231238,397.245 -2.516648,43.231233,397.486 -2.516651,43.231235,397.615 -2.516666,43.231232,397.872 -2.516682,43.231227,398.213 -2.516694,43.231220,398.214 -2.516707,43.231217,398.409 -2.516718,43.231216,398.668 -2.516734,43.231217,399.080 -2.516748,43.231215,399.239 -2.516767,43.231211,399.461 -2.516773,43.231207,399.638 -2.516788,43.231202,399.842 -2.516801,43.231197,400.046 -2.516818,43.231192,400.427 -2.516829,43.231194,400.646 -2.516845,43.231190,400.871 -2.516857,43.231187,401.041 -2.516870,43.231188,401.415 -2.516886,43.231189,401.609 -2.516908,43.231190,401.878 -2.516910,43.231192,402.020 -2.516924,43.231191,402.259 -2.516934,43.231190,402.451 -2.516954,43.231189,402.888 -2.516964,43.231181,403.032 -2.516984,43.231176,403.426 -2.516992,43.231177,403.447 -2.517008,43.231174,403.856 -2.517019,43.231172,403.881 -2.517036,43.231171,404.261 -2.517047,43.231168,404.417 -2.517065,43.231170,404.609 -2.517088,43.231167,405.019 -2.517096,43.231167,405.261 -2.517107,43.231168,405.450 -2.517120,43.231167,405.672 -2.517137,43.231169,406.029 -2.517123,43.231155,406.283 -2.517115,43.231144,406.437 -2.517141,43.231154,406.428 -2.517155,43.231157,406.887 -2.517173,43.231158,407.046 -2.517182,43.231157,407.488 -2.517197,43.231154,407.816 -2.517209,43.231151,408.009 -2.517225,43.231145,408.415 -2.517241,43.231141,408.637 -2.517254,43.231137,408.826 -2.517270,43.231133,409.058 -2.517278,43.231122,409.255 -2.517283,43.231116,409.619 -2.517292,43.231109,409.843 -2.517305,43.231102,410.244 -2.517326,43.231091,410.493 -2.517329,43.231086,410.667 -2.517329,43.231081,410.881 -2.517329,43.231086,411.019 -2.517340,43.231082,411.409 -2.517351,43.231080,411.657 -2.517364,43.231076,412.099 -2.517372,43.231071,412.238 -2.517379,43.231063,412.420 -2.517391,43.231054,412.887 -2.517411,43.231035,413.071 -2.517422,43.231021,413.215 -2.517426,43.231013,413.456 -2.517436,43.230998,413.685 -2.517437,43.230988,413.627 -2.517445,43.230979,414.068 -2.517457,43.230967,414.214 -2.517459,43.230966,414.409 -2.517468,43.230962,414.893 -2.517475,43.230954,415.215 -2.517481,43.230947,415.454 -2.517482,43.230935,415.616 -2.517485,43.230926,415.853 -2.517486,43.230923,416.297 -2.517493,43.230912,416.411 -2.517496,43.230911,416.612 -2.517505,43.230901,417.031 -2.517502,43.230891,417.419 -2.517504,43.230877,417.609 -2.517518,43.230864,418.019 -2.517525,43.230853,418.209 -2.517533,43.230837,418.442 -2.517535,43.230828,418.674 -2.517537,43.230810,418.833 -2.517541,43.230799,419.055 -2.517547,43.230790,419.442 -2.517553,43.230775,419.446 -2.517557,43.230765,419.850 -2.517566,43.230751,420.051 -2.517570,43.230745,420.470 -2.517580,43.230733,420.612 -2.517590,43.230729,420.832 -2.517602,43.230717,420.805 -2.517614,43.230706,421.009 -2.517626,43.230690,421.242 -2.517634,43.230682,421.424 -2.517649,43.230667,421.813 -2.517662,43.230661,421.875 -2.517676,43.230646,422.072 -2.517687,43.230635,422.436 -2.517699,43.230624,422.640 -2.517715,43.230616,422.861 -2.517734,43.230606,423.030 -2.517750,43.230597,423.233 -2.517765,43.230589,423.223 -2.517782,43.230577,423.415 -2.517795,43.230569,423.609 -2.517808,43.230560,423.894 -2.517817,43.230551,424.066 -2.517841,43.230545,424.455 -2.517851,43.230542,424.637 -2.517869,43.230535,425.094 -2.517885,43.230532,425.298 -2.517901,43.230530,425.692 -2.517909,43.230527,425.863 -2.517926,43.230522,426.472 -2.517935,43.230518,426.434 -2.517945,43.230513,426.655 -2.517962,43.230506,426.610 -2.517977,43.230497,427.209 -2.517992,43.230487,427.494 -2.518007,43.230477,427.686 -2.518019,43.230470,427.885 -2.518036,43.230462,428.017 -2.518048,43.230457,428.454 -2.518065,43.230451,428.898 -2.518089,43.230441,428.852 -2.518105,43.230433,429.293 -2.518127,43.230423,429.492 -2.518143,43.230414,429.669 -2.518161,43.230403,429.604 -2.518175,43.230391,429.824 -2.518184,43.230379,430.209 -2.518199,43.230360,430.457 -2.518202,43.230343,430.629 -2.518204,43.230327,430.618 -2.518206,43.230306,430.660 -2.518204,43.230288,430.887 -2.518200,43.230275,430.851 -2.518198,43.230255,431.215 -2.518198,43.230239,431.446 -2.518197,43.230219,431.685 -2.518196,43.230206,431.852 -2.518198,43.230190,432.053 -2.518203,43.230182,432.208 -2.518206,43.230172,432.409 -2.518210,43.230156,432.636 -2.518213,43.230143,433.048 -2.518215,43.230133,433.287 -2.518221,43.230116,433.259 -2.518223,43.230101,433.466 -2.518224,43.230088,433.690 -2.518229,43.230072,433.874 -2.518229,43.230061,434.025 -2.518232,43.230048,434.254 -2.518231,43.230039,434.443 -2.518235,43.230020,434.864 -2.518235,43.230003,435.010 -2.518235,43.229993,435.209 -2.518236,43.229978,435.495 -2.518234,43.229960,435.677 -2.518232,43.229941,435.896 -2.518231,43.229923,436.088 -2.518228,43.229906,436.265 -2.518230,43.229884,436.469 -2.518229,43.229875,436.643 -2.518228,43.229860,436.814 -2.518226,43.229851,437.223 -2.518220,43.229838,437.447 -2.518219,43.229829,437.429 -2.518214,43.229812,437.821 -2.518207,43.229807,437.809 -2.518198,43.229794,438.015 -2.518197,43.229793,438.277 -2.518181,43.229779,438.476 -2.518188,43.229773,438.678 -2.518192,43.229762,439.015 -2.518188,43.229750,439.219 -2.518186,43.229732,439.453 -2.518178,43.229720,439.814 -2.518173,43.229703,440.073 -2.518168,43.229690,440.267 -2.518166,43.229678,440.681 -2.518163,43.229663,440.819 -2.518157,43.229648,441.009 -2.518154,43.229634,441.247 -2.518151,43.229621,441.679 -2.518148,43.229609,441.658 -2.518153,43.229607,442.260 -2.518154,43.229590,442.657 -2.518155,43.229583,442.841 -2.518161,43.229562,443.065 -2.518169,43.229551,443.446 -2.518186,43.229535,443.645 -2.518203,43.229525,443.829 -2.518226,43.229521,444.200 -2.518241,43.229518,444.620 -2.518255,43.229519,444.809 -2.518277,43.229521,444.833 -2.518300,43.229517,445.235 -2.518320,43.229512,445.434 -2.518342,43.229510,445.636 -2.518359,43.229508,445.873 -2.518380,43.229506,446.097 -2.518396,43.229503,446.211 -2.518421,43.229500,446.442 -2.518442,43.229496,446.681 -2.518458,43.229494,446.835 -2.518480,43.229494,447.086 -2.518491,43.229492,447.014 -2.518512,43.229489,447.209 -2.518539,43.229487,447.644 -2.518557,43.229485,447.636 -2.518573,43.229483,447.845 -2.518591,43.229475,448.017 -2.518606,43.229471,448.254 -2.518621,43.229468,448.488 -2.518632,43.229466,448.642 -2.518651,43.229464,448.843 -2.518671,43.229462,449.242 -2.518687,43.229458,449.253 -2.518703,43.229455,449.604 -2.518714,43.229453,449.814 -2.518728,43.229453,450.009 -2.518745,43.229454,450.226 -2.518766,43.229452,450.468 -2.518785,43.229446,450.667 -2.518803,43.229444,450.869 -2.518823,43.229438,451.046 -2.518839,43.229433,451.230 -2.518859,43.229429,451.634 -2.518875,43.229427,451.835 -2.518890,43.229424,452.024 -2.518911,43.229420,452.248 -2.518916,43.229418,452.661 -2.518937,43.229416,452.817 -2.518951,43.229415,453.009 -2.518971,43.229413,453.475 -2.518989,43.229409,453.637 -2.519008,43.229405,454.016 -2.519021,43.229403,454.058 -2.519043,43.229401,454.445 -2.519058,43.229404,454.629 -2.519073,43.229402,454.833 -2.519095,43.229403,455.074 -2.519109,43.229403,455.443 -2.519129,43.229403,455.682 -2.519146,43.229401,455.843 -2.519167,43.229401,456.217 -2.519174,43.229399,456.409 -2.519201,43.229400,456.839 -2.519210,43.229400,457.051 -2.519227,43.229402,457.430 -2.519239,43.229402,457.662 -2.519261,43.229404,458.069 -2.519270,43.229403,458.293 -2.519291,43.229405,458.487 -2.519300,43.229406,458.658 -2.519317,43.229408,459.087 -2.519336,43.229412,459.234 -2.519353,43.229412,459.655 -2.519379,43.229402,459.810 -2.519399,43.229401,460.209 -2.519428,43.229399,460.284 -2.519441,43.229400,460.416 -2.519462,43.229399,460.615 -2.519484,43.229398,460.867 -2.519495,43.229397,461.294 -2.519514,43.229395,461.488 -2.519522,43.229393,461.482 -2.519544,43.229388,461.693 -2.519558,43.229383,461.892 -2.519575,43.229380,462.261 -2.519587,43.229378,462.421 -2.519607,43.229374,462.813 -2.519621,43.229371,463.009 -2.519641,43.229368,463.227 -2.519654,43.229365,463.459 -2.519676,43.229360,463.678 -2.519694,43.229355,463.880 -2.519714,43.229350,464.287 -2.519721,43.229339,464.631 -2.519730,43.229332,464.885 -2.519743,43.229324,465.046 -2.519761,43.229316,465.455 -2.519774,43.229309,465.631 -2.519789,43.229302,465.861 -2.519801,43.229294,466.007 -2.519817,43.229283,466.209 -2.519827,43.229276,466.454 -2.519845,43.229267,466.656 -2.519865,43.229261,466.855 -2.519884,43.229251,467.057 -2.519897,43.229246,467.264 -2.519912,43.229242,467.498 -2.519932,43.229237,467.622 -2.519945,43.229236,467.863 -2.519964,43.229234,468.082 -2.519973,43.229232,468.286 -2.519990,43.229226,468.660 -2.520010,43.229220,468.826 -2.520019,43.229216,469.009 -2.520038,43.229211,469.489 -2.520047,43.229207,469.661 -2.520070,43.229199,470.010 -2.520087,43.229197,470.222 -2.520104,43.229194,470.639 -2.520128,43.229191,470.693 -2.520140,43.229189,471.067 -2.520161,43.229191,471.248 -2.520183,43.229184,471.457 -2.520196,43.229186,471.819 -2.520211,43.229183,472.009 -2.520227,43.229184,472.219 -2.520244,43.229184,472.409 -2.520259,43.229183,472.832 -2.520278,43.229180,472.814 -2.520295,43.229178,473.283 -2.520308,43.229176,473.445 -2.520324,43.229175,473.642 -2.520337,43.229172,474.046 -2.520352,43.229171,474.230 -2.520367,43.229170,474.241 -2.520383,43.229170,474.490 -2.520397,43.229167,474.695 -2.520409,43.229165,474.849 -2.520420,43.229162,475.023 -2.520431,43.229159,475.209 -2.520446,43.229155,475.430 -2.520458,43.229154,475.432 -2.520472,43.229150,475.641 -2.520485,43.229146,476.033 -2.520499,43.229141,476.250 -2.520516,43.229138,476.434 -2.520533,43.229135,476.688 -2.520550,43.229132,476.889 -2.520566,43.229129,477.098 -2.520577,43.229121,477.418 -2.520595,43.229114,477.498 -2.520609,43.229112,477.817 -2.520626,43.229107,478.009 -2.520643,43.229102,478.222 -2.520661,43.229099,478.414 -2.520679,43.229095,478.613 -2.520693,43.229092,478.875 -2.520711,43.229090,478.842 -2.520731,43.229088,479.076 -2.520749,43.229082,479.280 -2.520767,43.229078,479.461 -2.520782,43.229075,479.480 -2.520799,43.229070,479.446 -2.520815,43.229064,479.688 -2.520830,43.229061,479.616 -2.520847,43.229057,479.809 -2.520867,43.229051,479.835 -2.520885,43.229048,480.017 -2.520900,43.229043,480.276 -2.520915,43.229039,480.468 -2.520927,43.229034,480.465 -2.520942,43.229031,480.659 -2.520957,43.229025,480.653 -2.520970,43.229020,480.644 -2.520986,43.229016,481.013 -2.521003,43.229010,481.661 -2.521019,43.229005,481.821 -2.521034,43.229003,482.013 -2.521048,43.228998,482.209 -2.521066,43.228994,482.647 -2.521083,43.228991,482.849 -2.521097,43.228990,483.038 -2.521111,43.228989,483.070 -2.521126,43.228982,483.857 -2.521143,43.228977,484.061 -2.521160,43.228973,484.445 -2.521175,43.228969,484.626 -2.521188,43.228961,485.065 -2.521202,43.228954,485.226 -2.521216,43.228949,485.247 -2.521232,43.228946,485.411 -2.521251,43.228941,485.809 -2.521266,43.228937,486.453 -2.521281,43.228932,487.225 -2.521296,43.228926,487.894 -2.521315,43.228918,488.496 -2.521334,43.228913,488.873 -2.521351,43.228909,489.237 -2.521368,43.228906,489.231 -2.521381,43.228903,489.412 -2.521399,43.228899,489.661 -2.521410,43.228890,490.099 -2.521425,43.228882,490.007 -2.521442,43.228874,490.227 -2.521460,43.228867,490.209 -2.521480,43.228859,490.280 -2.521491,43.228853,490.222 -2.521507,43.228844,490.691 -2.521525,43.228834,490.663 -2.521536,43.228827,491.090 -2.521555,43.228819,491.014 -2.521570,43.228814,491.298 -2.521593,43.228805,491.299 -2.521615,43.228798,491.288 -2.521635,43.228785,491.242 -2.521659,43.228774,491.222 -2.521684,43.228759,491.214 -2.521710,43.228747,491.209 -2.521726,43.228737,491.455 -2.521753,43.228724,491.447 -2.521774,43.228711,491.476 -2.521799,43.228697,491.678 -2.521817,43.228684,491.695 -2.521836,43.228667,491.869 -2.521855,43.228653,492.013 -2.521871,43.228639,492.074 -2.521893,43.228623,492.273 -2.521908,43.228608,492.452 -2.521928,43.228589,492.453 -2.521944,43.228568,492.408 -2.521962,43.228549,492.409 -2.521977,43.228530,492.646 -2.521993,43.228508,492.618 -2.522007,43.228489,492.627 -2.522024,43.228465,492.819 -2.522035,43.228448,492.816 -2.522040,43.228432,492.890 -2.522049,43.228414,493.014 -2.522053,43.228392,493.065 -2.522065,43.228363,493.094 -2.522068,43.228338,493.055 -2.522075,43.228309,493.007 -2.522078,43.228284,493.017 -2.522090,43.228257,493.009 -2.522095,43.228236,492.866 -2.522102,43.228209,492.858 -2.522116,43.228191,492.887 -2.522125,43.228170,492.679 -2.522135,43.228146,492.656 -2.522143,43.228121,492.670 -2.522161,43.228099,492.694 -2.522174,43.228074,492.645 -2.522195,43.228050,492.624 -2.522209,43.228027,492.416 -2.522231,43.228004,492.476 -2.522251,43.227984,492.413 -2.522270,43.227966,492.209 -2.522288,43.227952,492.222 -2.522308,43.227936,492.294 -2.522329,43.227918,492.223 -2.522347,43.227898,492.235 -2.522367,43.227879,492.212 -2.522383,43.227858,492.296 -2.522408,43.227840,492.210 -2.522430,43.227822,492.221 -2.522450,43.227802,492.250 -2.522471,43.227781,492.263 -2.522502,43.227764,492.244 -2.522520,43.227749,492.018 -2.522549,43.227730,492.009 -2.522572,43.227711,492.037 -2.522601,43.227693,492.019 -2.522625,43.227677,491.858 -2.522655,43.227660,491.820 -2.522680,43.227645,491.667 -2.522705,43.227628,491.651 -2.522729,43.227613,491.495 -2.522751,43.227597,491.246 -2.522773,43.227579,491.265 -2.522793,43.227562,491.015 -2.522819,43.227544,491.065 -2.522838,43.227515,491.011 -2.522848,43.227495,490.809 -2.522854,43.227474,490.632 -2.522863,43.227449,490.474 -2.522872,43.227425,490.253 -2.522885,43.227398,490.285 -2.522889,43.227372,490.292 -2.522898,43.227346,490.286 -2.522905,43.227320,490.050 -2.522919,43.227293,489.821 -2.522927,43.227269,489.820 -2.522940,43.227244,489.641 -2.522952,43.227218,489.681 -2.522958,43.227194,489.409 -2.522966,43.227169,489.009 -2.522974,43.227142,488.865 -2.522979,43.227117,488.677 -2.522977,43.227091,488.666 -2.522986,43.227068,488.668 -2.522989,43.227050,488.665 -2.522996,43.227029,488.839 -2.523003,43.227010,488.853 -2.523009,43.226988,488.884 -2.523011,43.226966,488.813 -2.523021,43.226946,489.041 -2.523026,43.226931,489.081 -2.523035,43.226909,489.409 -2.523044,43.226889,489.609 -2.523057,43.226867,489.855 -2.523070,43.226848,490.047 -2.523084,43.226825,490.216 -2.523094,43.226806,490.258 -2.523106,43.226789,490.455 -2.523123,43.226769,490.679 -2.523138,43.226750,490.693 -2.523152,43.226728,490.644 -2.523156,43.226712,490.683 -2.523170,43.226692,490.695 -2.523190,43.226678,490.649 -2.523211,43.226658,490.823 -2.523227,43.226634,490.809 -2.523235,43.226611,490.870 -2.523239,43.226590,490.832 -2.523244,43.226573,490.881 -2.523255,43.226555,490.843 -2.523261,43.226539,490.840 -2.523267,43.226519,491.014 -2.523270,43.226501,491.458 -2.523278,43.226481,491.639 -2.523283,43.226466,492.068 -2.523289,43.226446,492.066 -2.523294,43.226432,492.229 -2.523297,43.226414,492.421 -2.523304,43.226400,492.609 -2.523305,43.226382,492.857 -2.523312,43.226361,493.219 -2.523314,43.226345,493.468 -2.523321,43.226327,493.650 -2.523327,43.226314,493.677 -2.523333,43.226296,493.881 -2.523337,43.226283,494.055 -2.523341,43.226267,494.276 -2.523352,43.226251,494.455 -2.523358,43.226237,494.677 -2.523369,43.226220,494.861 -2.523374,43.226206,495.027 -2.523383,43.226197,495.409 -2.523397,43.226184,495.628 -2.523405,43.226169,495.840 -2.523410,43.226159,496.059 -2.523420,43.226146,496.441 -2.523431,43.226131,496.668 -2.523439,43.226132,497.052 -2.523449,43.226122,497.496 -2.523455,43.226118,497.647 -2.523465,43.226104,498.086 -2.523475,43.226092,498.244 -2.523479,43.226090,498.605 -2.523492,43.226073,498.815 -2.523499,43.226065,499.209 -2.523506,43.226056,499.485 -2.523518,43.226042,499.637 -2.523522,43.226033,500.036 -2.523530,43.226018,500.448 -2.523537,43.226005,500.625 -2.523543,43.225998,501.079 -2.523553,43.225991,501.263 -2.523559,43.225982,501.624 -2.523565,43.225972,501.813 -2.523569,43.225963,502.041 -2.523580,43.225951,502.481 -2.523587,43.225944,502.609 -2.523597,43.225934,502.809 -2.523602,43.225927,503.285 -2.523614,43.225914,503.447 -2.523626,43.225904,503.636 -2.523637,43.225896,504.068 -2.523644,43.225884,504.255 -2.523655,43.225879,504.679 -2.523666,43.225871,504.843 -2.523678,43.225860,505.054 -2.523690,43.225849,505.493 -2.523698,43.225840,505.632 -2.523715,43.225830,505.892 -2.523732,43.225823,506.011 -2.523748,43.225818,506.409 -2.523767,43.225812,506.684 -2.523784,43.225804,506.826 -2.523800,43.225794,507.035 -2.523811,43.225783,507.237 -2.523817,43.225770,507.294 -2.523826,43.225757,507.478 -2.523829,43.225743,507.442 -2.523834,43.225726,507.693 -2.523843,43.225704,507.662 -2.523849,43.225682,507.616 -2.523856,43.225656,507.676 -2.523858,43.225633,507.613 -2.523863,43.225608,507.609 -2.523868,43.225586,507.692 -2.523865,43.225560,507.694 -2.523857,43.225533,507.483 -2.523845,43.225517,507.615 -2.523833,43.225492,507.672 -2.523822,43.225472,507.676 -2.523818,43.225448,507.650 -2.523810,43.225431,507.661 -2.523811,43.225405,507.670 -2.523808,43.225383,507.691 -2.523804,43.225362,507.681 -2.523796,43.225341,507.619 -2.523792,43.225317,507.609 -2.523783,43.225299,507.840 -2.523779,43.225274,507.822 -2.523771,43.225254,508.071 -2.523770,43.225228,508.253 -2.523769,43.225208,508.280 -2.523775,43.225186,508.274 -2.523778,43.225165,508.478 -2.523784,43.225144,508.469 -2.523782,43.225121,508.658 -2.523782,43.225103,508.642 -2.523779,43.225084,508.822 -2.523782,43.225067,508.814 -2.523785,43.225052,509.009 -2.523782,43.225034,509.085 -2.523782,43.225014,509.277 -2.523787,43.224996,509.246 -2.523787,43.224976,509.418 -2.523791,43.224960,509.435 -2.523787,43.224945,509.689 -2.523787,43.224928,509.843 -2.523785,43.224912,509.834 -2.523783,43.224896,509.883 -2.523779,43.224877,510.054 -2.523769,43.224859,510.256 -2.523761,43.224841,510.211 -2.523756,43.224827,510.409 -2.523757,43.224812,510.636 -2.523755,43.224795,510.848 -2.523758,43.224776,510.867 -2.523755,43.224756,511.069 -2.523751,43.224738,511.016 -2.523746,43.224724,511.280 -2.523737,43.224709,511.424 -2.523733,43.224692,511.685 -2.523730,43.224676,511.894 -2.523725,43.224662,512.087 -2.523716,43.224647,512.242 -2.523710,43.224633,512.226 -2.523702,43.224617,512.609 -2.523696,43.224599,512.689 -2.523691,43.224584,512.861 -2.523685,43.224568,513.290 -2.523681,43.224552,513.442 -2.523676,43.224536,513.439 -2.523674,43.224519,513.633 -2.523668,43.224503,513.637 -2.523665,43.224485,513.858 -2.523659,43.224470,514.087 -2.523655,43.224456,514.266 -2.523655,43.224437,514.629 -2.523651,43.224425,514.821 -2.523646,43.224407,515.009 -2.523642,43.224399,515.417 -2.523639,43.224384,516.079 -2.523634,43.224371,516.688 -2.523629,43.224358,516.890 -2.523623,43.224340,517.297 -2.523616,43.224330,517.481 -2.523608,43.224316,517.685 -2.523600,43.224303,517.626 -2.523595,43.224293,518.045 -2.523593,43.224278,518.027 -2.523588,43.224271,518.268 -2.523586,43.224259,518.414 -2.523581,43.224243,518.609 -2.523575,43.224236,518.843 -2.523570,43.224224,519.075 -2.523565,43.224211,519.254 -2.523557,43.224204,519.426 -2.523547,43.224192,519.623 -2.523538,43.224180,519.827 -2.523532,43.224169,520.091 -2.523526,43.224154,520.262 -2.523518,43.224142,520.441 -2.523519,43.224129,520.888 -2.523518,43.224118,520.824 -2.523517,43.224112,521.026 -2.523518,43.224100,521.009 -2.523512,43.224090,521.029 -2.523508,43.224074,521.231 -2.523506,43.224063,521.650 -2.523504,43.224053,522.032 -2.523501,43.224040,522.289 -2.523498,43.224025,522.443 -2.523495,43.224016,522.437 -2.523488,43.224006,522.868 -2.523483,43.224000,522.887 -2.523477,43.223990,523.084 -2.523473,43.223977,523.007 -2.523469,43.223972,523.417 -2.523462,43.223961,523.809 -2.523460,43.223957,524.279 -2.523451,43.223945,524.471 -2.523447,43.223935,524.880 -2.523441,43.223921,525.252 -2.523432,43.223906,525.229 -2.523428,43.223892,525.683 -2.523420,43.223871,525.837 -2.523415,43.223858,526.258 -2.523411,43.223847,526.627 -2.523405,43.223838,526.836 -2.523402,43.223830,527.217 -2.523396,43.223818,527.618 -2.523392,43.223806,527.809 -2.523390,43.223796,528.014 -2.523391,43.223780,528.286 -2.523387,43.223769,528.635 -2.523384,43.223760,528.897 -2.523377,43.223747,529.294 -2.523374,43.223740,529.628 -2.523369,43.223726,529.892 -2.523367,43.223720,530.083 -2.523360,43.223708,530.472 -2.523354,43.223701,530.461 -2.523345,43.223689,530.821 -2.523339,43.223684,530.813 -2.523326,43.223661,531.009 -2.523323,43.223654,531.237 -2.523312,43.223635,531.689 -2.523306,43.223622,531.628 -2.523297,43.223607,532.070 -2.523297,43.223599,532.227 -2.523294,43.223583,532.681 -2.523293,43.223572,532.815 -2.523290,43.223555,532.846 -2.523293,43.223542,533.065 -2.523293,43.223526,533.296 -2.523289,43.223516,533.431 -2.523286,43.223511,533.824 -2.523282,43.223509,534.009 -2.523278,43.223510,534.210 -2.523273,43.223512,534.472 -2.523268,43.223514,534.491 -2.523239,43.223510,534.633 -2.523224,43.223500,534.630 -2.523208,43.223491,534.664 -2.523192,43.223484,534.858 -2.523175,43.223475,534.859 -2.523168,43.223469,535.288 -2.523149,43.223461,535.682 -2.523127,43.223455,535.643 -2.523112,43.223452,536.017 -2.523088,43.223442,536.209 -2.523067,43.223433,536.469 -2.523048,43.223421,536.631 -2.523029,43.223407,537.040 -2.523020,43.223403,537.262 -2.523005,43.223396,537.419 -2.522993,43.223387,537.433 -2.522983,43.223379,537.657 -2.522967,43.223372,538.078 -2.522951,43.223364,538.647 -2.522932,43.223358,538.638 -2.522918,43.223352,538.870 -2.522899,43.223345,539.417 -2.522879,43.223337,539.409 -2.522864,43.223329,540.074 -2.522848,43.223328,540.236 -2.522836,43.223321,540.425 -2.522821,43.223318,540.687 -2.522802,43.223317,540.814 -2.522781,43.223310,541.068 -2.522774,43.223310,541.292 -2.522745,43.223307,541.283 -2.522727,43.223298,541.272 -2.522713,43.223295,541.449 -2.522694,43.223288,541.402 -2.522678,43.223289,541.622 -2.522652,43.223281,541.809 -2.522637,43.223271,541.875 -2.522615,43.223263,542.077 -2.522597,43.223257,542.266 -2.522578,43.223248,542.278 -2.522571,43.223245,542.425 -2.522554,43.223233,543.089 -2.522541,43.223233,543.213 -2.522528,43.223229,543.244 -2.522513,43.223223,543.483 -2.522498,43.223216,543.621 -2.522480,43.223210,543.841 -2.522467,43.223200,543.805 -2.522454,43.223193,543.809 -2.522439,43.223185,544.073 -2.522426,43.223179,544.435 -2.522409,43.223174,544.864 -2.522397,43.223166,545.036 -2.522381,43.223160,545.293 -2.522363,43.223152,545.497 -2.522349,43.223142,545.441 -2.522333,43.223134,545.662 -2.522318,43.223129,545.831 -2.522304,43.223120,546.291 -2.522295,43.223115,546.481 -2.522277,43.223102,547.219 -2.522260,43.223088,547.209 -2.522250,43.223082,547.470 -2.522233,43.223069,547.462 -2.522218,43.223057,547.831 -2.522211,43.223054,548.213 -2.522198,43.223042,548.480 -2.522184,43.223031,548.894 -2.522175,43.223020,548.878 -2.522159,43.223007,549.019 -2.522145,43.222996,549.278 -2.522137,43.222995,549.499 -2.522130,43.222985,549.607 -2.522125,43.222983,549.627 -2.522110,43.222974,550.009 -2.522099,43.222965,550.430 -2.522084,43.222955,550.642 -2.522066,43.222952,550.641 -2.522054,43.222951,550.883 -2.522053,43.222951,551.080 -2.522057,43.222953,551.254 -2.522058,43.222953,551.468 -2.522057,43.222952,551.639 -2.522040,43.222936,551.678 -2.522044,43.222922,551.619 -2.522038,43.222908,551.609 -2.522025,43.222899,551.419 -2.522016,43.222887,551.409 -2.522009,43.222882,551.432 -2.522006,43.222866,551.474 -2.522017,43.222860,551.483 -2.522025,43.222852,551.425 -2.522033,43.222858,551.662 -2.522051,43.222857,551.866 -2.522065,43.222855,552.030 -2.522074,43.222853,552.271 -2.522079,43.222849,552.410 -2.522075,43.222840,552.817 -2.522065,43.222834,553.087 -2.522060,43.222826,553.415 -2.522061,43.222815,553.409 -2.522069,43.222811,553.652 -2.522078,43.222810,553.864 -2.522088,43.222809,554.033 -2.522098,43.222804,554.455 -2.522104,43.222799,554.812 -2.522109,43.222793,555.026 -2.522111,43.222788,555.290 -2.522119,43.222784,555.671 -2.522120,43.222777,555.670 -2.522122,43.222772,555.828 -2.522119,43.222765,556.089 -2.522116,43.222760,556.217 -2.522113,43.222748,556.409 -2.522114,43.222741,556.683 -2.522116,43.222733,556.855 -2.522119,43.222728,556.814 -2.522126,43.222722,557.036 -2.522134,43.222719,557.263 -2.522142,43.222721,557.497 -2.522156,43.222719,557.641 -2.522164,43.222717,557.872 -2.522169,43.222709,558.071 -2.522163,43.222699,558.477 -2.522162,43.222694,558.661 -2.522149,43.222681,558.827 -2.522147,43.222677,559.209 -2.522147,43.222661,559.418 -2.522148,43.222658,559.450 -2.522157,43.222661,559.689 -2.522177,43.222657,559.861 -2.522182,43.222658,560.028 -2.522196,43.222657,560.472 -2.522207,43.222656,560.696 -2.522214,43.222656,560.897 -2.522227,43.222659,561.286 -2.522233,43.222659,561.462 -2.522241,43.222659,561.683 -2.522257,43.222655,562.011 -2.522257,43.222653,562.209 -2.522255,43.222655,562.297 -2.522252,43.222639,562.449 -2.522243,43.222625,562.668 -2.522243,43.222616,562.640 -2.522238,43.222602,562.897 -2.522226,43.222594,563.051 -2.522221,43.222584,563.055 -2.522216,43.222571,563.496 -2.522210,43.222566,563.685 -2.522207,43.222560,563.635 -2.522204,43.222555,564.086 -2.522200,43.222546,564.214 -2.522198,43.222542,564.209 -2.522191,43.222536,564.454 -2.522192,43.222536,564.686 -2.522187,43.222525,564.695 -2.522183,43.222521,565.037 -2.522193,43.222517,565.244 -2.522205,43.222512,565.858 -2.522216,43.222511,566.022 -2.522227,43.222508,566.613 -2.522235,43.222503,567.082 -2.522244,43.222505,567.294 -2.522246,43.222508,567.657 -2.522258,43.222506,567.822 -2.522270,43.222501,568.009 -2.522276,43.222502,568.490 -2.522277,43.222501,568.682 -2.522282,43.222499,568.881 -2.522292,43.222495,569.033 -2.522297,43.222490,569.220 -2.522300,43.222488,569.244 -2.522296,43.222483,569.658 -2.522290,43.222481,569.669 -2.522284,43.222471,570.078 -2.522283,43.222466,570.255 -2.522282,43.222457,570.207 -2.522272,43.222450,570.217 -2.522262,43.222445,570.409 -2.522255,43.222436,570.486 -2.522248,43.222428,570.698 -2.522250,43.222425,570.837 -2.522244,43.222414,571.059 -2.522234,43.222412,571.236 -2.522234,43.222407,571.440 -2.522224,43.222396,571.884 -2.522219,43.222390,572.225 -2.522219,43.222380,572.494 -2.522216,43.222377,572.815 -2.522216,43.222377,572.865 -2.522215,43.222368,573.211 -2.522217,43.222363,573.609 -2.522229,43.222364,573.872 -2.522241,43.222367,574.264 -2.522255,43.222368,574.473 -2.522265,43.222372,574.895 -2.522277,43.222373,575.072 -2.522290,43.222371,575.266 -2.522298,43.222370,575.410 -2.522307,43.222366,575.611 -2.522318,43.222362,575.810 -2.522327,43.222358,576.051 -2.522333,43.222354,576.201 -2.522343,43.222356,576.411 -2.522360,43.222356,576.609 -2.522369,43.222354,576.836 -2.522371,43.222354,577.048 -2.522385,43.222355,577.267 -2.522399,43.222355,577.499 -2.522408,43.222362,577.666 -2.522424,43.222358,577.840 -2.522428,43.222355,578.054 -2.522432,43.222357,578.225 -2.522434,43.222352,578.624 -2.522430,43.222347,578.637 -2.522420,43.222343,578.849 -2.522418,43.222335,579.013 -2.522413,43.222332,579.209 -2.522412,43.222328,579.484 -2.522409,43.222318,579.416 -2.522406,43.222311,579.415 -2.522410,43.222311,579.697 -2.522401,43.222300,579.824 -2.522395,43.222295,580.228 -2.522380,43.222283,580.412 -2.522384,43.222280,580.823 -2.522392,43.222264,580.842 -2.522402,43.222263,581.037 -2.522411,43.222267,581.449 -2.522421,43.222267,582.013 -2.522423,43.222269,582.609 -2.522420,43.222262,583.044 -2.522409,43.222256,583.286 -2.522408,43.222253,583.245 -2.522411,43.222242,583.477 -2.522417,43.222240,583.854 -2.522432,43.222242,583.888 -2.522441,43.222237,584.282 -2.522455,43.222236,584.633 -2.522453,43.222237,585.012 -2.522453,43.222237,585.241 -2.522453,43.222227,585.481 -2.522450,43.222224,585.609 -2.522438,43.222216,585.609 -2.522424,43.222212,585.635 -2.522418,43.222207,585.897 -2.522403,43.222200,586.076 -2.522397,43.222197,586.498 -2.522385,43.222184,586.635 -2.522381,43.222177,586.879 -2.522378,43.222175,586.813 -2.522379,43.222173,587.084 -2.522374,43.222164,587.613 -2.522373,43.222162,587.899 -2.522371,43.222152,588.207 -2.522368,43.222148,588.827 -2.522362,43.222140,588.809 -2.522366,43.222134,589.270 -2.522369,43.222127,589.822 -2.522369,43.222122,590.071 -2.522360,43.222110,590.233 -2.522356,43.222105,590.620 -2.522359,43.222091,590.854 -2.522372,43.222094,591.238 -2.522383,43.222092,591.479 -2.522390,43.222094,591.878 -2.522409,43.222093,592.224 -2.522417,43.222094,592.604 -2.522435,43.222095,592.814 -2.522439,43.222093,593.009 -2.522455,43.222091,593.233 -2.522461,43.222088,593.415 -2.522475,43.222089,593.614 -2.522493,43.222088,593.896 -2.522498,43.222084,594.043 -2.522498,43.222079,594.467 -2.522496,43.222075,594.671 -2.522485,43.222067,594.842 -2.522474,43.222065,595.051 -2.522463,43.222050,595.087 -2.522457,43.222037,595.042 -2.522450,43.222026,595.026 -2.522440,43.222016,595.209 -2.522436,43.222014,595.419 -2.522426,43.222002,595.661 -2.522419,43.221994,595.890 -2.522410,43.221983,595.882 -2.522403,43.221972,595.849 -2.522399,43.221965,595.813 -2.522399,43.221955,595.827 -2.522389,43.221951,596.028 -2.522390,43.221950,596.267 -2.522388,43.221936,596.617 -2.522377,43.221928,596.887 -2.522375,43.221922,597.015 -2.522364,43.221908,597.409 -2.522359,43.221902,597.692 -2.522349,43.221891,597.614 -2.522344,43.221883,597.813 -2.522342,43.221879,598.025 -2.522339,43.221868,598.452 -2.522337,43.221859,598.656 -2.522343,43.221850,599.080 -2.522357,43.221850,599.481 -2.522367,43.221850,599.660 -2.522380,43.221849,599.855 -2.522393,43.221851,600.207 -2.522407,43.221853,600.417 -2.522419,43.221854,601.009 -2.522433,43.221855,601.446 -2.522441,43.221855,601.698 -2.522450,43.221854,601.837 -2.522460,43.221853,602.029 -2.522473,43.221849,602.056 -2.522482,43.221844,602.230 -2.522483,43.221837,602.474 -2.522491,43.221832,602.625 -2.522513,43.221825,602.854 -2.522517,43.221829,602.876 -2.522532,43.221832,602.890 -2.522553,43.221831,603.219 -2.522563,43.221829,603.609 -2.522566,43.221822,603.878 -2.522562,43.221821,604.070 -2.522553,43.221810,604.469 -2.522547,43.221802,604.461 -2.522538,43.221791,604.438 -2.522524,43.221786,604.652 -2.522511,43.221774,604.686 -2.522505,43.221764,604.897 -2.522492,43.221750,605.036 -2.522480,43.221742,605.638 -2.522471,43.221731,605.670 -2.522463,43.221716,605.817 -2.522458,43.221707,606.009 -2.522456,43.221696,606.224 -2.522450,43.221685,606.686 -2.522447,43.221678,606.695 -2.522441,43.221666,607.067 -2.522440,43.221660,607.494 -2.522426,43.221644,607.638 -2.522429,43.221635,608.052 -2.522441,43.221626,608.033 -2.522457,43.221629,608.612 -2.522476,43.221629,608.646 -2.522500,43.221631,609.088 -2.522505,43.221633,609.216 -2.522530,43.221634,609.609 -2.522541,43.221633,609.875 -2.522563,43.221629,610.037 -2.522567,43.221619,610.476 -2.522579,43.221606,610.468 -2.522580,43.221598,610.665 -2.522575,43.221588,610.819 -2.522570,43.221583,611.043 -2.522557,43.221572,611.094 -2.522544,43.221568,611.293 -2.522544,43.221568,611.253 -2.522515,43.221558,611.404 -2.522506,43.221546,611.414 -2.522496,43.221536,611.609 -2.522487,43.221526,611.876 -2.522476,43.221516,611.818 -2.522467,43.221504,612.027 -2.522460,43.221493,612.249 -2.522451,43.221483,612.486 -2.522445,43.221473,612.640 -2.522444,43.221467,613.064 -2.522443,43.221464,613.045 -2.522442,43.221461,613.494 -2.522441,43.221461,613.843 -2.522442,43.221462,613.864 -2.522443,43.221460,613.810 -2.522445,43.221455,613.809 -2.522448,43.221446,613.645 -2.522454,43.221432,613.687 -2.522463,43.221419,613.696 -2.522465,43.221407,613.658 -2.522463,43.221391,613.625 -2.522464,43.221374,613.429 -2.522460,43.221356,613.233 -2.522463,43.221333,613.074 -2.522458,43.221310,612.823 -2.522457,43.221289,612.244 -2.522456,43.221267,612.005 -2.522456,43.221244,611.815 -2.522467,43.221220,611.809 -2.522474,43.221200,611.455 -2.522483,43.221173,611.037 -2.522488,43.221149,610.416 -2.522498,43.221127,610.038 -2.522513,43.221114,609.265 -2.522529,43.221091,608.849 -2.522541,43.221070,608.613 -2.522554,43.221054,608.084 -2.522569,43.221036,607.283 -2.522583,43.221019,606.463 -2.522586,43.220992,606.044 -2.522599,43.220973,605.418 -2.522611,43.220954,605.009 -2.522625,43.220930,603.887 -2.522651,43.220919,603.289 -2.522672,43.220909,602.448 -2.522688,43.220899,601.610 -2.522697,43.220886,600.827 -2.522687,43.220868,600.241 -2.522673,43.220853,599.425 -2.522652,43.220840,598.856 -2.522628,43.220827,598.295 -2.522611,43.220818,597.826 -2.522591,43.220810,597.247 -2.522575,43.220801,596.611 -2.522552,43.220790,596.409 -2.522519,43.220791,596.013 -2.522493,43.220784,595.275 -2.522471,43.220776,594.064 -2.522447,43.220771,593.826 -2.522421,43.220770,593.013 -2.522394,43.220767,592.677 -2.522372,43.220763,592.491 -2.522355,43.220759,592.252 -2.522332,43.220747,591.841 -2.522307,43.220735,591.834 -2.522286,43.220727,591.655 -2.522269,43.220718,590.810 -2.522258,43.220702,590.209 -2.522246,43.220696,589.664 -2.522231,43.220687,589.046 -2.522220,43.220676,588.625 -2.522198,43.220669,587.847 -2.522181,43.220659,587.494 -2.522161,43.220643,586.848 -2.522142,43.220622,586.442 -2.522129,43.220598,585.893 -2.522109,43.220573,585.262 -2.522098,43.220550,584.648 -2.522106,43.220527,584.261 -2.522129,43.220510,583.817 -2.522150,43.220494,583.809 -2.522176,43.220489,583.845 -2.522204,43.220482,583.877 -2.522230,43.220475,583.846 -2.522255,43.220465,583.888 -2.522278,43.220455,583.825 -2.522296,43.220442,583.839 -2.522316,43.220429,583.273 -2.522334,43.220419,583.024 -2.522345,43.220413,583.093 -2.522342,43.220419,582.839 -2.522354,43.220414,582.801 -2.522369,43.220406,582.821 -2.522383,43.220394,582.809 -2.522399,43.220374,582.824 -2.522407,43.220355,582.636 -2.522418,43.220335,582.495 -2.522425,43.220319,582.497 -2.522433,43.220302,582.464 -2.522437,43.220284,582.498 -2.522440,43.220265,582.482 -2.522443,43.220244,582.813 -2.522442,43.220226,582.842 -2.522436,43.220207,583.054 -2.522427,43.220189,583.056 -2.522418,43.220172,583.011 -2.522411,43.220159,583.209 -2.522398,43.220144,583.246 -2.522385,43.220129,583.448 -2.522371,43.220117,583.687 -2.522355,43.220101,583.679 -2.522342,43.220090,583.876 -2.522335,43.220082,584.060 -2.522321,43.220069,584.224 -2.522307,43.220057,584.425 -2.522294,43.220046,584.614 -2.522279,43.220034,585.069 -2.522263,43.220023,585.404 -2.522246,43.220011,585.624 -2.522233,43.220004,585.809 -2.522217,43.219991,586.047 -2.522200,43.219977,586.219 -2.522189,43.219965,586.438 -2.522178,43.219953,586.880 -2.522160,43.219940,587.077 -2.522155,43.219934,587.241 -2.522143,43.219921,587.435 -2.522132,43.219907,587.646 -2.522112,43.219903,588.095 -2.522095,43.219894,588.468 -2.522078,43.219885,588.642 -2.522062,43.219874,589.026 -2.522038,43.219870,589.209 -2.522018,43.219856,589.617 -2.521998,43.219846,589.869 -2.521981,43.219835,590.098 -2.521962,43.219824,590.280 -2.521940,43.219814,590.697 -2.521926,43.219803,590.831 -2.521909,43.219792,591.045 -2.521898,43.219778,591.226 -2.521890,43.219767,591.695 -2.521888,43.219749,592.028 -2.521886,43.219734,592.289 -2.521884,43.219716,592.417 -2.521885,43.219701,592.409 -2.521889,43.219684,592.893 -2.521900,43.219666,593.025 -2.521905,43.219648,593.264 -2.521910,43.219632,593.416 -2.521913,43.219614,593.453 -2.521922,43.219595,593.687 -2.521923,43.219577,593.821 -2.521926,43.219558,594.022 -2.521926,43.219541,594.211 -2.521928,43.219524,594.418 -2.521932,43.219508,594.698 -2.521936,43.219496,595.017 -2.521950,43.219484,595.009 -2.521971,43.219473,595.242 -2.521997,43.219465,595.214 -2.522023,43.219462,595.283 -2.522048,43.219465,595.285 -2.522069,43.219473,595.212 -2.522092,43.219484,595.066 -2.522110,43.219494,594.890 -2.522133,43.219507,594.651 -2.522160,43.219519,594.620 -2.522189,43.219533,594.479 -2.522222,43.219546,594.405 -2.522253,43.219560,594.225 -2.522281,43.219571,594.209 -2.522311,43.219584,594.228 -2.522342,43.219596,594.090 -2.522374,43.219608,593.669 -2.522404,43.219619,593.221 -2.522429,43.219629,593.028 -2.522456,43.219638,592.852 -2.522493,43.219643,592.446 -2.522533,43.219648,592.277 -2.522574,43.219653,592.036 -2.522611,43.219664,591.635 -2.522645,43.219671,591.286 -2.522679,43.219680,590.614 -2.522710,43.219686,590.209 -2.522742,43.219696,589.634 -2.522775,43.219701,589.266 -2.522807,43.219709,588.835 -2.522836,43.219712,588.487 -2.522866,43.219713,587.834 -2.522899,43.219713,587.448 -2.522927,43.219711,586.882 -2.522961,43.219709,586.433 -2.522996,43.219706,585.872 -2.523030,43.219703,585.421 -2.523058,43.219702,585.041 -2.523090,43.219703,584.205 -2.523120,43.219705,583.609 -2.523150,43.219700,583.053 -2.523181,43.219699,582.255 -2.523209,43.219698,581.444 -2.523237,43.219695,581.076 -2.523260,43.219691,580.293 -2.523283,43.219684,579.457 -2.523309,43.219674,578.631 -2.523344,43.219663,578.292 -2.523373,43.219651,577.471 -2.523404,43.219640,576.866 -2.523442,43.219622,576.429 -2.523479,43.219605,575.821 -2.523513,43.219592,574.809 -2.523548,43.219581,574.687 -2.523586,43.219572,574.259 -2.523621,43.219562,573.898 -2.523660,43.219549,573.240 -2.523695,43.219537,573.067 -2.523728,43.219525,572.881 -2.523756,43.219513,572.635 -2.523790,43.219503,572.456 -2.523819,43.219491,572.475 -2.523855,43.219478,572.236 -2.523890,43.219464,572.217 -2.523924,43.219451,572.018 -2.523959,43.219437,572.009 -2.523990,43.219424,572.034 -2.524025,43.219412,572.026 -2.524055,43.219402,572.045 -2.524089,43.219387,572.067 -2.524116,43.219371,572.094 -2.524151,43.219356,571.848 -2.524176,43.219341,572.052 -2.524212,43.219334,571.813 -2.524249,43.219324,571.872 -2.524282,43.219315,571.841 -2.524316,43.219310,571.881 -2.524356,43.219306,571.809 -2.524390,43.219300,571.809 -2.524433,43.219295,571.675 -2.524468,43.219293,571.687 -2.524510,43.219291,571.496 -2.524542,43.219287,571.248 -2.524583,43.219280,571.035 -2.524616,43.219271,570.859 -2.524660,43.219261,570.883 -2.524696,43.219252,570.624 -2.524737,43.219245,570.443 -2.524774,43.219247,570.086 -2.524813,43.219243,569.860 -2.524843,43.219238,569.426 -2.524879,43.219231,568.809 -2.524913,43.219226,568.639 -2.524949,43.219220,568.081 -2.524988,43.219212,567.460 -2.525029,43.219202,567.062 -2.525068,43.219197,566.419 -2.525100,43.219190,566.273 -2.525136,43.219191,566.057 -2.525168,43.219190,565.488 -2.525204,43.219196,565.047 -2.525235,43.219196,564.643 -2.525277,43.219199,564.064 -2.525311,43.219198,563.610 -2.525353,43.219197,563.209 -2.525388,43.219195,562.265 -2.525424,43.219186,561.667 -2.525461,43.219168,561.026 -2.525491,43.219144,560.218 -2.525526,43.219122,559.665 -2.525544,43.219104,558.659 -2.525568,43.219079,558.083 -2.525585,43.219058,557.874 -2.525601,43.219034,556.653 -2.525619,43.219009,555.887 -2.525640,43.218984,555.442 -2.525650,43.218960,555.026 -2.525665,43.218935,554.209 -2.525685,43.218905,553.859 -2.525699,43.218880,553.411 -2.525719,43.218852,552.680 -2.525735,43.218827,551.892 -2.525758,43.218797,551.679 -2.525779,43.218770,551.243 -2.525803,43.218745,550.817 -2.525819,43.218722,550.458 -2.525844,43.218694,550.287 -2.525863,43.218672,549.817 -2.525884,43.218644,549.687 -2.525908,43.218616,549.415 -2.525929,43.218591,549.009 -2.525950,43.218563,548.682 -2.525975,43.218538,548.644 -2.526003,43.218512,548.273 -2.526029,43.218491,548.095 -2.526060,43.218473,547.812 -2.526088,43.218458,547.836 -2.526124,43.218443,547.620 -2.526152,43.218426,547.451 -2.526169,43.218396,547.210 -2.526182,43.218372,547.255 -2.526200,43.218348,547.207 -2.526216,43.218326,547.017 -2.526235,43.218304,547.009 -2.526248,43.218281,546.896 -2.526262,43.218253,546.888 -2.526272,43.218230,546.657 -2.526276,43.218200,546.449 -2.526275,43.218173,546.476 -2.526270,43.218141,546.470 -2.526261,43.218112,546.294 -2.526255,43.218085,546.275 -2.526245,43.218063,546.224 -2.526240,43.218035,545.676 -2.526230,43.218007,545.490 -2.526224,43.217977,544.619 -2.526221,43.217948,544.209 -2.526228,43.217919,543.668 -2.526243,43.217892,543.210 -2.526262,43.217871,542.459 -2.526286,43.217851,541.831 -2.526316,43.217831,541.218 -2.526347,43.217809,540.832 -2.526379,43.217790,540.256 -2.526414,43.217769,539.657 -2.526449,43.217751,539.456 -2.526480,43.217734,538.821 -2.526509,43.217717,538.641 -2.526542,43.217699,538.205 -2.526572,43.217683,537.809 -2.526603,43.217666,537.433 -2.526634,43.217646,537.045 -2.526667,43.217627,536.414 -2.526697,43.217608,535.866 -2.526734,43.217593,535.283 -2.526764,43.217579,534.487 -2.526794,43.217567,534.061 -2.526819,43.217549,533.672 -2.526852,43.217532,533.281 -2.526885,43.217513,532.481 -2.526928,43.217493,531.861 -2.526967,43.217476,531.217 -2.526998,43.217462,530.409 -2.527025,43.217445,530.079 -2.527052,43.217426,529.241 -2.527077,43.217410,528.870 -2.527100,43.217393,528.652 -2.527126,43.217374,528.069 -2.527149,43.217357,527.843 -2.527174,43.217338,527.677 -2.527205,43.217316,526.468 -2.527229,43.217296,526.227 -2.527250,43.217279,526.081 -2.527277,43.217254,525.861 -2.527303,43.217232,525.617 -2.527326,43.217214,525.409 -2.527349,43.217193,525.049 -2.527370,43.217170,524.671 -2.527384,43.217149,524.060 -2.527396,43.217126,524.072 -2.527406,43.217103,523.889 -2.527412,43.217079,523.463 -2.527419,43.217054,523.237 -2.527424,43.217027,522.648 -2.527430,43.216998,522.437 -2.527436,43.216969,522.228 -2.527450,43.216929,521.889 -2.527460,43.216902,521.417 -2.527471,43.216873,521.209 -2.527486,43.216847,521.083 -2.527503,43.216819,521.085 -2.527519,43.216795,520.694 -2.527532,43.216771,520.086 -2.527546,43.216745,519.233 -2.527563,43.216721,518.617 -2.527575,43.216694,518.411 -2.527591,43.216670,517.692 -2.527604,43.216645,517.291 -2.527620,43.216622,516.418 -2.527636,43.216599,515.698 -2.527657,43.216576,514.817 -2.527681,43.216553,514.409 -2.527696,43.216527,514.022 -2.527706,43.216502,513.614 -2.527709,43.216475,513.223 -2.527711,43.216448,512.615 -2.527713,43.216419,512.082 -2.527719,43.216393,511.896 -2.527718,43.216366,511.610 -2.527714,43.216336,511.461 -2.527714,43.216304,511.450 -2.527717,43.216276,511.484 -2.527723,43.216244,511.207 -2.527727,43.216214,511.217 -2.527732,43.216184,510.609 -2.527734,43.216155,510.099 -2.527749,43.216121,509.631 -2.527762,43.216092,509.230 -2.527787,43.216062,509.012 -2.527816,43.216036,508.819 -2.527858,43.216023,508.473 -2.527903,43.216014,508.077 -2.527950,43.216010,507.428 -2.528001,43.216010,507.087 -2.528048,43.216012,506.632 -2.528098,43.216016,506.092 -2.528142,43.216018,505.011 -2.528194,43.216023,504.409 -2.528238,43.216028,504.014 -2.528282,43.216037,503.676 -2.528324,43.216043,503.085 -2.528365,43.216055,502.837 -2.528406,43.216066,502.054 -2.528442,43.216077,501.638 -2.528480,43.216088,501.242 -2.528519,43.216099,500.853 -2.528556,43.216111,500.252 -2.528599,43.216125,499.433 -2.528636,43.216136,498.823 -2.528672,43.216144,498.415 -2.528710,43.216151,497.809 -2.528747,43.216155,497.674 -2.528793,43.216160,497.276 -2.528836,43.216162,496.815 -2.528880,43.216168,496.617 -2.528920,43.216170,496.064 -2.528965,43.216176,495.488 -2.529008,43.216180,495.022 -2.529053,43.216187,494.693 -2.529097,43.216195,493.642 -2.529140,43.216204,493.088 -2.529182,43.216216,492.624 -2.529222,43.216226,492.226 -2.529265,43.216242,491.809 -2.529304,43.216255,491.439 -2.529343,43.216270,491.231 -2.529382,43.216284,490.650 -2.529416,43.216297,490.472 -2.529455,43.216310,490.249 -2.529492,43.216322,490.083 -2.529532,43.216337,489.647 -2.529572,43.216349,489.468 -2.529612,43.216363,489.487 -2.529648,43.216376,489.272 -2.529685,43.216388,489.013 -2.529726,43.216399,488.814 -2.529766,43.216407,488.809 -2.529811,43.216417,488.898 -2.529846,43.216422,488.420 -2.529892,43.216428,488.429 -2.529929,43.216431,487.881 -2.529969,43.216440,487.428 -2.530003,43.216440,487.432 -2.530049,43.216450,487.296 -2.530089,43.216459,487.037 -2.530133,43.216469,486.866 -2.530173,43.216479,486.481 -2.530215,43.216490,486.261 -2.530262,43.216493,486.017 -2.530302,43.216493,485.409 -2.530346,43.216490,485.049 -2.530384,43.216483,484.811 -2.530425,43.216474,484.880 -2.530465,43.216469,484.622 -2.530500,43.216465,484.289 -2.530541,43.216462,484.243 -2.530579,43.216458,484.017 -2.530619,43.216458,483.848 -2.530664,43.216457,483.487 -2.530707,43.216460,483.022 -2.530751,43.216458,482.462 -2.530791,43.216456,481.808 -2.530830,43.216453,481.409 -2.530870,43.216451,480.653 -2.530908,43.216448,480.025 -2.530944,43.216445,479.664 -2.530985,43.216441,479.016 -2.531025,43.216437,478.283 -2.531071,43.216437,478.067 -2.531116,43.216435,477.251 -2.531161,43.216437,476.682 -2.531203,43.216442,476.241 -2.531246,43.216444,476.039 -2.531286,43.216446,475.601 -2.531328,43.216449,475.421 -2.531366,43.216453,475.209 -2.531406,43.216456,475.044 -2.531449,43.216459,474.876 -2.531492,43.216463,474.615 -2.531536,43.216463,474.437 -2.531578,43.216465,474.064 -2.531617,43.216465,473.428 -2.531658,43.216463,472.652 -2.531698,43.216454,472.473 -2.531735,43.216452,471.862 -2.531774,43.216452,471.225 -2.531814,43.216449,470.826 -2.531851,43.216444,470.608 -2.531884,43.216442,470.409 -2.531921,43.216440,469.853 -2.531958,43.216436,469.295 -2.532001,43.216429,468.834 -2.532034,43.216418,468.286 -2.532070,43.216409,467.413 -2.532105,43.216400,466.867 -2.532140,43.216391,466.051 -2.532170,43.216377,465.462 -2.532202,43.216367,464.671 -2.532237,43.216355,463.875 -2.532270,43.216344,463.228 -2.532307,43.216334,462.420 -2.532340,43.216326,461.609 -2.532382,43.216318,461.068 -2.532420,43.216309,460.220 -2.532461,43.216303,459.649 -2.532495,43.216295,458.671 -2.532536,43.216288,458.258 -2.532580,43.216278,457.672 -2.532621,43.216269,457.086 -2.532663,43.216259,456.277 -2.532698,43.216251,455.666 -2.532741,43.216243,455.049 -2.532777,43.216235,454.602 -2.532820,43.216225,453.822 -2.532853,43.216209,453.409 -2.532889,43.216196,452.815 -2.532919,43.216185,452.217 -2.532954,43.216182,452.086 -2.532985,43.216175,451.688 -2.533016,43.216167,451.095 -2.533048,43.216157,450.859 -2.533081,43.216149,450.023 -2.533113,43.216141,449.664 -2.533143,43.216131,448.873 -2.533176,43.216121,448.296 -2.533208,43.216111,447.631 -2.533234,43.216101,447.024 -2.533262,43.216089,446.809 -2.533290,43.216077,445.890 -2.533316,43.216065,444.632 -2.533343,43.216054,444.261 -2.533370,43.216043,443.673 -2.533391,43.216035,443.090 -2.533418,43.216026,442.284 -2.533452,43.216014,441.418 -2.533487,43.216006,440.879 -2.533523,43.215996,440.068 -2.533557,43.215986,439.435 -2.533591,43.215978,438.286 -2.533627,43.215966,437.414 -2.533658,43.215957,437.209 -2.533691,43.215948,436.674 -2.533720,43.215939,436.046 -2.533753,43.215933,435.835 -2.533789,43.215925,434.897 -2.533824,43.215918,434.234 -2.533860,43.215912,433.228 -2.533893,43.215906,432.022 -2.533924,43.215898,431.223 -2.533960,43.215887,430.822 -2.533989,43.215877,430.267 -2.534023,43.215868,429.881 -2.534058,43.215856,429.619 -2.534090,43.215846,429.409 -2.534127,43.215839,428.627 -2.534160,43.215830,427.299 -2.534196,43.215824,426.858 -2.534228,43.215818,426.220 -2.534260,43.215812,425.657 -2.534295,43.215806,425.091 -2.534328,43.215800,424.085 -2.534361,43.215794,423.486 -2.534391,43.215786,422.625 -2.534421,43.215780,421.876 -2.534455,43.215772,421.090 -2.534491,43.215763,420.419 -2.534529,43.215757,419.809 -2.534569,43.215745,419.288 -2.534604,43.215733,419.070 -2.534642,43.215722,418.689 -2.534683,43.215712,418.421 -2.534727,43.215701,417.678 -2.534766,43.215691,417.252 -2.534807,43.215680,416.496 -2.534845,43.215671,415.627 -2.534885,43.215662,415.246 -2.534923,43.215654,414.817 -2.534964,43.215646,414.287 -2.535003,43.215636,413.415 -2.535041,43.215629,413.209 -2.535085,43.215621,413.072 -2.535124,43.215614,412.654 -2.535170,43.215610,412.073 -2.535211,43.215612,411.665 -2.535256,43.215620,411.222 -2.535298,43.215624,410.866 -2.535340,43.215628,410.470 -2.535380,43.215633,410.021 -2.535420,43.215636,409.620 -2.535465,43.215641,409.221 -2.535507,43.215642,409.041 -2.535554,43.215644,409.005 -2.535598,43.215648,408.409 -2.535642,43.215641,407.833 -2.535677,43.215635,407.435 -2.535710,43.215624,407.284 -2.535744,43.215611,407.086 -2.535779,43.215595,406.213 -2.535809,43.215580,406.067 -2.535840,43.215562,405.431 -2.535861,43.215548,405.272 -2.535882,43.215527,404.841 -2.535895,43.215511,403.816 -2.535906,43.215490,403.476 -2.535914,43.215470,402.813 -2.535920,43.215448,402.209 -2.535923,43.215428,401.882 -2.535927,43.215396,401.414 -2.535925,43.215357,401.043 -2.535938,43.215324,400.645 -2.535951,43.215286,400.252 -2.535967,43.215251,400.056 -2.535986,43.215218,399.820 -2.536008,43.215191,399.641 -2.536033,43.215162,399.290 -2.536060,43.215136,399.069 -2.536090,43.215108,398.404 -2.536117,43.215085,398.224 -2.536146,43.215064,397.809 -2.536173,43.215043,397.647 -2.536203,43.215023,397.259 -2.536230,43.215001,397.298 -2.536263,43.214981,397.050 -2.536294,43.214959,396.647 -2.536328,43.214936,396.281 -2.536361,43.214914,395.845 -2.536395,43.214893,395.676 -2.536423,43.214871,395.435 -2.536450,43.214849,395.498 -2.536480,43.214826,395.215 -2.536508,43.214804,395.026 -2.536540,43.214781,394.409 -2.536570,43.214762,394.010 -2.536607,43.214738,393.862 -2.536638,43.214714,393.681 -2.536670,43.214693,393.463 -2.536696,43.214674,393.220 -2.536727,43.214654,392.864 -2.536753,43.214634,392.668 -2.536791,43.214610,392.219 -2.536822,43.214588,392.258 -2.536852,43.214566,391.811 -2.536880,43.214547,391.421 -2.536912,43.214527,391.203 -2.536944,43.214508,390.809 -2.536974,43.214487,390.442 -2.537007,43.214465,390.214 -2.537034,43.214444,390.253 -2.537062,43.214423,389.895 -2.537085,43.214404,389.682 -2.537117,43.214383,389.496 -2.537147,43.214363,389.250 -2.537176,43.214341,389.051 -2.537202,43.214319,388.440 -2.537230,43.214296,388.282 -2.537252,43.214278,388.043 -2.537281,43.214254,387.817 -2.537302,43.214233,387.809 -2.537329,43.214212,387.639 -2.537351,43.214189,387.261 -2.537377,43.214165,387.090 -2.537399,43.214141,386.872 -2.537426,43.214116,386.699 -2.537450,43.214089,386.293 -2.537473,43.214064,385.837 -2.537492,43.214039,385.688 -2.537516,43.214016,385.437 -2.537535,43.213991,385.298 -2.537554,43.213966,384.815 -2.537575,43.213937,384.426 -2.537594,43.213912,384.009 -2.537614,43.213884,383.810 -2.537635,43.213856,383.672 -2.537658,43.213827,383.491 -2.537680,43.213800,383.483 -2.537703,43.213773,383.020 -2.537721,43.213743,382.644 -2.537757,43.213723,382.468 -2.537784,43.213704,382.079 -2.537820,43.213686,381.828 -2.537853,43.213678,381.897 -2.537886,43.213673,381.623 -2.537914,43.213669,381.225 -2.537953,43.213663,380.809 -2.537991,43.213657,380.450 -2.538034,43.213651,379.692 -2.538074,43.213645,378.821 -2.538117,43.213643,378.483 -2.538156,43.213638,377.670 -2.538198,43.213636,377.464 -2.538236,43.213629,377.098 -2.538281,43.213635,376.899 -2.538322,43.213638,376.698 -2.538358,43.213639,376.662 -2.538398,43.213639,376.483 -2.538432,43.213637,376.411 -2.538474,43.213638,376.209 -2.538504,43.213639,376.227 -2.538542,43.213644,376.079 -2.538579,43.213650,376.078 -2.538611,43.213656,376.030 -2.538640,43.213660,376.027 -2.538674,43.213669,376.091 -2.538705,43.213677,376.045 -2.538739,43.213687,376.296 -2.538769,43.213693,376.275 -2.538803,43.213703,376.416 -2.538836,43.213714,376.476 -2.538871,43.213727,376.413 -2.538901,43.213738,376.209 -2.538934,43.213752,376.082 -2.538965,43.213758,375.824 -2.539001,43.213761,375.823 -2.539037,43.213760,375.875 -2.539072,43.213761,376.082 -2.539110,43.213766,376.466 -2.539145,43.213778,376.460 -2.539174,43.213790,376.461 -2.539203,43.213803,376.460 -2.539228,43.213817,376.462 -2.539248,43.213832,376.483 -2.539260,43.213848,376.211 -2.539287,43.213872,376.009 -2.539312,43.213888,376.097 -2.539338,43.213902,375.829 -2.539366,43.213917,375.648 -2.539393,43.213933,375.660 -2.539425,43.213966,375.677 -2.539453,43.213990,375.481 -2.539483,43.214013,375.465 -2.539509,43.214033,375.486 -2.539539,43.214057,375.255 -2.539567,43.214079,375.068 -2.539594,43.214101,375.042 -2.539620,43.214122,374.826 -2.539646,43.214144,374.809 -2.539671,43.214162,374.657 -2.539697,43.214180,374.699 -2.539722,43.214195,374.418 -2.539755,43.214212,374.250 -2.539788,43.214226,374.217 -2.539818,43.214241,374.091 -2.539852,43.214256,373.875 -2.539883,43.214269,373.856 -2.539919,43.214284,373.685 -2.539949,43.214290,373.672 -2.539984,43.214296,373.613 -2.540016,43.214302,373.414 -2.540053,43.214306,373.409 -2.540091,43.214307,373.478 -2.540134,43.214311,373.450 -2.540171,43.214313,373.479 -2.540210,43.214313,373.471 -2.540244,43.214311,373.478 -2.540280,43.214309,373.492 -2.540317,43.214306,373.446 -2.540354,43.214302,373.497 -2.540392,43.214298,373.416 -2.540423,43.214293,373.457 -2.540454,43.214288,373.600 -2.540484,43.214282,373.620 -2.540519,43.214274,373.609 -2.540553,43.214264,373.636 -2.540590,43.214252,373.638 -2.540619,43.214240,373.897 -2.540651,43.214227,373.879 -2.540677,43.214213,373.826 -2.540704,43.214199,373.810 -2.540726,43.214187,373.874 -2.540754,43.214170,373.845 -2.540783,43.214153,373.894 -2.540808,43.214138,373.865 -2.540831,43.214120,373.868 -2.540855,43.214107,374.014 -2.540878,43.214092,374.009 -2.540900,43.214077,374.087 -2.540919,43.214064,374.269 -2.540941,43.214048,374.258 -2.540963,43.214032,374.440 -2.540988,43.214014,374.447 -2.541010,43.214000,374.671 -2.541034,43.213984,374.655 -2.541053,43.213970,374.886 -2.541071,43.213957,374.885 -2.541087,43.213942,375.073 -2.541107,43.213926,375.285 -2.541125,43.213912,375.213 -2.541144,43.213899,375.409 -2.541163,43.213883,375.418 -2.541183,43.213869,375.620 -2.541202,43.213853,375.869 -2.541224,43.213837,375.851 -2.541245,43.213820,376.098 -2.541264,43.213804,376.262 -2.541281,43.213789,376.236 -2.541300,43.213775,376.467 -2.541319,43.213760,376.416 -2.541338,43.213746,376.691 -2.541358,43.213731,376.681 -2.541375,43.213722,376.819 -2.541392,43.213709,376.809 -2.541417,43.213693,377.050 -2.541437,43.213681,377.292 -2.541459,43.213670,377.481 -2.541481,43.213659,377.663 -2.541503,43.213646,377.610 -2.541522,43.213631,377.894 -2.541541,43.213618,378.028 -2.541556,43.213606,378.049 -2.541579,43.213592,378.298 -2.541597,43.213580,378.487 -2.541620,43.213565,378.442 -2.541640,43.213552,378.826 -2.541665,43.213536,378.809 -2.541685,43.213521,379.069 -2.541711,43.213505,379.281 -2.541732,43.213491,379.250 -2.541757,43.213477,379.482 -2.541778,43.213464,379.819 -2.541801,43.213451,379.843 -2.541820,43.213438,380.067 -2.541840,43.213428,380.498 -2.541860,43.213419,380.477 -2.541884,43.213407,380.668 -2.541907,43.213394,380.842 -2.541930,43.213381,381.026 -2.541949,43.213372,381.409 -2.541972,43.213363,381.447 -2.541993,43.213354,381.629 -2.542013,43.213345,381.638 -2.542034,43.213336,381.890 -2.542053,43.213327,382.017 -2.542071,43.213319,382.411 -2.542090,43.213310,382.475 -2.542111,43.213305,382.646 -2.542130,43.213301,382.875 -2.542154,43.213297,383.015 -2.542174,43.213291,383.265 -2.542201,43.213285,383.411 -2.542222,43.213280,383.609 -2.542242,43.213277,383.692 -2.542264,43.213273,383.814 -2.542285,43.213269,383.813 -2.542309,43.213264,384.015 -2.542331,43.213256,384.252 -2.542357,43.213263,384.436 -2.542374,43.213261,384.630 -2.542398,43.213263,384.671 -2.542416,43.213262,384.830 -2.542441,43.213261,384.848 -2.542463,43.213260,385.261 -2.542484,43.213261,385.217 -2.542505,43.213262,385.409 -2.542531,43.213251,385.675 -2.542553,43.213246,385.817 -2.542574,43.213240,386.036 -2.542597,43.213240,386.238 -2.542616,43.213236,386.415 -2.542639,43.213230,386.639 -2.542657,43.213222,387.033 -2.542680,43.213214,387.214 -2.542698,43.213207,387.463 -2.542721,43.213197,387.611 -2.542742,43.213189,387.821 -2.542756,43.213182,388.003 -2.542782,43.213184,388.409 -2.542800,43.213178,388.662 -2.542820,43.213171,388.874 -2.542835,43.213163,389.263 -2.542859,43.213152,389.465 -2.542874,43.213143,389.692 -2.542896,43.213133,389.856 -2.542910,43.213126,389.880 -2.542931,43.213117,390.091 -2.542952,43.213107,390.450 -2.542970,43.213099,390.646 -2.542991,43.213091,390.888 -2.543006,43.213085,391.016 -2.543024,43.213079,391.209 -2.543038,43.213073,391.475 -2.543060,43.213061,391.697 -2.543079,43.213050,391.876 -2.543098,43.213041,392.238 -2.543113,43.213034,392.485 -2.543132,43.213027,392.459 -2.543156,43.213019,392.643 -2.543170,43.213010,392.884 -2.543185,43.213001,393.053 -2.543199,43.212992,393.238 -2.543215,43.212981,393.470 -2.543227,43.212970,393.617 -2.543246,43.212957,393.609 -2.543257,43.212946,394.074 -2.543274,43.212934,394.286 -2.543294,43.212923,394.235 -2.543307,43.212906,394.487 -2.543319,43.212900,394.674 -2.543334,43.212885,394.818 -2.543348,43.212875,395.072 -2.543361,43.212863,395.223 -2.543375,43.212850,395.482 -2.543384,43.212835,395.682 -2.543395,43.212818,395.643 -2.543404,43.212803,396.017 -2.543417,43.212787,396.009 -2.543432,43.212771,396.299 -2.543457,43.212755,396.211 -2.543484,43.212748,396.670 -2.543511,43.212740,396.852 -2.543537,43.212730,397.049 -2.543563,43.212718,397.293 -2.543583,43.212705,397.437 -2.543606,43.212690,397.488 -2.543627,43.212676,397.837 -2.543655,43.212663,397.836 -2.543683,43.212649,398.017 -2.543708,43.212637,398.018 -2.543731,43.212625,398.209 -2.543758,43.212608,398.254 -2.543775,43.212589,398.226 -2.543798,43.212570,398.215 -2.543817,43.212551,398.247 -2.543839,43.212535,398.434 -2.543862,43.212517,398.658 -2.543889,43.212500,398.692 -2.543910,43.212478,398.873 -2.543925,43.212457,398.812 -2.543935,43.212436,398.839 -2.543953,43.212409,398.801 -2.543971,43.212385,398.821 -2.543993,43.212363,398.809 -2.544013,43.212343,398.814 -2.544033,43.212325,398.886 -2.544051,43.212309,398.865 -2.544073,43.212292,398.897 -2.544093,43.212273,398.814 -2.544116,43.212254,398.818 -2.544137,43.212234,398.852 -2.544160,43.212213,398.823 -2.544178,43.212192,398.862 -2.544200,43.212172,399.021 -2.544221,43.212151,399.041 -2.544241,43.212131,399.005 -2.544258,43.212114,399.009 -2.544282,43.212095,399.283 -2.544302,43.212075,399.215 -2.544319,43.212060,399.284 -2.544338,43.212039,399.276 -2.544361,43.212017,399.253 -2.544385,43.211994,399.297 -2.544407,43.211971,399.481 -2.544426,43.211949,399.432 -2.544441,43.211928,399.421 -2.544459,43.211908,399.692 -2.544473,43.211888,399.673 -2.544487,43.211870,399.820 -2.544505,43.211851,400.009 -2.544525,43.211830,400.050 -2.544544,43.211811,400.262 -2.544561,43.211792,400.491 -2.544576,43.211773,400.613 -2.544597,43.211751,400.640 -2.544616,43.211732,400.814 -2.544635,43.211714,401.088 -2.544646,43.211694,401.449 -2.544662,43.211673,401.498 -2.544674,43.211658,401.692 -2.544696,43.211639,401.673 -2.544712,43.211622,401.820 -2.544730,43.211600,401.809 -2.544748,43.211579,402.090 -2.544766,43.211559,402.032 -2.544780,43.211542,402.281 -2.544799,43.211521,402.223 -2.544815,43.211501,402.410 -2.544838,43.211479,402.694 -2.544852,43.211461,402.648 -2.544872,43.211444,402.819 -2.544890,43.211429,403.058 -2.544913,43.211411,403.078 -2.544923,43.211391,403.233 -2.544938,43.211369,403.426 -2.544951,43.211347,403.409 -2.544970,43.211325,403.848 -2.544983,43.211305,403.890 -2.545001,43.211285,404.099 -2.545020,43.211265,404.051 -2.545044,43.211244,404.218 -2.545067,43.211221,404.482 -2.545090,43.211200,404.436 -2.545104,43.211180,404.617 -2.545126,43.211160,404.696 -2.545142,43.211141,405.031 -2.545165,43.211123,405.061 -2.545181,43.211106,405.207 -2.545205,43.211084,405.409 -2.545227,43.211064,405.694 -2.545245,43.211047,405.626 -2.545269,43.211023,405.825 -2.545286,43.211000,406.017 -2.545308,43.210975,406.244 -2.545324,43.210953,406.488 -2.545343,43.210929,406.672 -2.545359,43.210907,406.853 -2.545379,43.210884,407.072 -2.545392,43.210865,407.044 -2.545411,43.210846,407.205 -2.545423,43.210825,407.415 -2.545441,43.210806,407.609 -2.545458,43.210781,407.815 -2.545477,43.210759,408.097 -2.545492,43.210736,408.246 -2.545513,43.210715,408.448 -2.545529,43.210691,408.655 -2.545549,43.210671,408.889 -2.545567,43.210649,409.043 -2.545586,43.210628,409.094 -2.545606,43.210607,409.233 -2.545627,43.210586,409.458 -2.545650,43.210565,409.652 -2.545674,43.210547,409.817 -2.545700,43.210529,410.009 -2.545724,43.210513,410.296 -2.545742,43.210487,410.478 -2.545768,43.210473,410.487 -2.545801,43.210453,410.429 -2.545841,43.210446,410.666 -2.545881,43.210436,410.650 -2.545922,43.210427,410.624 -2.545960,43.210428,410.845 -2.545997,43.210430,410.894 -2.546033,43.210429,410.877 -2.546068,43.210427,411.061 -2.546104,43.210426,411.027 -2.546141,43.210424,411.209 -2.546175,43.210423,411.218 -2.546213,43.210425,411.490 -2.546249,43.210423,411.649 -2.546282,43.210423,411.881 -2.546311,43.210423,412.018</coordinates>
</LineString>
</Placemark>
</Document>
</kml>
