<?xml version="1.0" encoding="UTF-8"?>
<kml xmlns="http://www.opengis.net/kml/2.2">
<Document>
<name>Trabakua, Barinaga, Iturreta, Bolibar, Zenarruza, Oiz y Zengotitagane</name>
<Style id="track">
<LineStyle><color>ff2fe0f5</color><width>4</width></LineStyle>
</Style>
<Placemark>
<name>Trabakua, Barinaga, Iturreta, Bolibar, Zenarruza, Oiz y Zengotitagane</name>
<styleUrl>#track</styleUrl>
<LineString>
<tessellate>1</tessellate>
<altitudeMode>clampToGround</altitudeMode>
<coordinates>-2.551650,43.208438,409.678 -2.551645,43.208445,409.633 -2.551639,43.208454,409.626 -2.551625,43.208469,409.609 -2.551607,43.208488,409.699 -2.551583,43.208505,409.610 -2.551550,43.208520,409.615 -2.551517,43.208532,409.667 -2.551498,43.208549,409.628 -2.551478,43.208567,409.689 -2.551451,43.208580,409.661 -2.551417,43.208587,409.883 -2.551381,43.208591,409.875 -2.551347,43.208595,409.877 -2.551317,43.208608,410.061 -2.551280,43.208617,410.027 -2.551247,43.208621,410.009 -2.551209,43.208623,410.059 -2.551178,43.208629,410.080 -2.551141,43.208639,410.045 -2.551103,43.208647,410.047 -2.551058,43.208646,410.228 -2.551017,43.208645,410.269 -2.550984,43.208652,410.621 -2.550947,43.208663,411.093 -2.550908,43.208673,411.215 -2.550869,43.208679,411.435 -2.550826,43.208694,411.686 -2.550798,43.208711,411.414 -2.550768,43.208733,411.009 -2.550733,43.208757,410.865 -2.550695,43.208783,410.646 -2.550663,43.208809,410.621 -2.550634,43.208826,411.053 -2.550593,43.208852,411.674 -2.550552,43.208875,412.275 -2.550513,43.208897,412.617 -2.550478,43.208920,412.899 -2.550444,43.208944,412.881 -2.550404,43.208966,413.059 -2.550360,43.208989,413.003 -2.550325,43.209016,413.223 -2.550295,43.209049,413.209 -2.550259,43.209088,413.077 -2.550216,43.209120,412.618 -2.550166,43.209148,412.233 -2.550107,43.209177,411.635 -2.550048,43.209211,411.026 -2.549982,43.209245,410.657 -2.549911,43.209279,410.469 -2.549835,43.209311,410.231 -2.549760,43.209341,409.843 -2.549682,43.209369,409.836 -2.549597,43.209397,409.817 -2.549509,43.209421,409.618 -2.549414,43.209443,409.409 -2.549319,43.209461,409.215 -2.549233,43.209475,409.026 -2.549143,43.209486,408.831 -2.549053,43.209492,408.833 -2.548968,43.209492,409.094 -2.548881,43.209488,409.095 -2.548794,43.209482,409.277 -2.548708,43.209473,409.489 -2.548628,43.209459,409.451 -2.548547,43.209445,409.822 -2.548467,43.209430,410.262 -2.548395,43.209413,410.408 -2.548324,43.209396,410.609 -2.548254,43.209381,411.064 -2.548186,43.209367,411.085 -2.548117,43.209352,411.070 -2.548049,43.209339,411.242 -2.547983,43.209329,411.413 -2.547914,43.209318,411.644 -2.547848,43.209303,412.076 -2.547781,43.209300,412.488 -2.547713,43.209294,412.680 -2.547644,43.209290,413.038 -2.547575,43.209275,413.470 -2.547504,43.209263,413.617 -2.547435,43.209257,413.609 -2.547376,43.209246,414.015 -2.547342,43.209214,414.096 -2.547312,43.209203,413.891 -2.547267,43.209205,414.013 -2.547228,43.209216,414.414 -2.547201,43.209226,414.635 -2.547164,43.209234,415.027 -2.547123,43.209247,415.469 -2.547078,43.209252,415.491 -2.547039,43.209247,415.414 -2.547010,43.209234,415.454 -2.546969,43.209222,415.209 -2.546926,43.209204,415.209 -2.546874,43.209182,415.063 -2.546813,43.209179,414.814 -2.546751,43.209198,414.689 -2.546681,43.209224,414.471 -2.546625,43.209235,414.282 -2.546580,43.209258,414.493 -2.546557,43.209287,414.875 -2.546531,43.209311,415.027 -2.546506,43.209330,415.269 -2.546479,43.209346,415.658 -2.546459,43.209367,415.852 -2.546435,43.209386,416.017 -2.546407,43.209405,416.209 -2.546379,43.209423,416.247 -2.546350,43.209443,416.498 -2.546318,43.209466,416.613 -2.546288,43.209491,417.015 -2.546259,43.209514,417.216 -2.546233,43.209538,417.447 -2.546197,43.209560,417.669 -2.546166,43.209579,417.851 -2.546128,43.209603,418.073 -2.546097,43.209628,418.468 -2.546065,43.209654,418.642 -2.546029,43.209678,418.826 -2.545995,43.209696,419.209 -2.545972,43.209715,419.488 -2.545959,43.209734,419.669 -2.545984,43.209754,419.824 -2.546008,43.209774,419.826 -2.546036,43.209794,420.027 -2.546065,43.209819,420.048 -2.546096,43.209845,420.030 -2.546130,43.209872,420.042 -2.546165,43.209905,420.084 -2.546205,43.209934,419.815 -2.546250,43.209962,419.665 -2.546300,43.209998,419.411 -2.546360,43.210044,419.009 -2.546440,43.210078,418.463 -2.546529,43.210115,417.894 -2.546584,43.210165,417.419 -2.546586,43.210223,417.281 -2.546547,43.210270,417.072 -2.546488,43.210308,416.883 -2.546423,43.210332,416.885 -2.546353,43.210351,416.427 -2.546277,43.210366,416.079 -2.546202,43.210377,415.833 -2.546120,43.210382,415.623 -2.546040,43.210391,415.815 -2.545963,43.210407,415.809 -2.545889,43.210428,415.865 -2.545815,43.210457,415.836 -2.545751,43.210500,415.881 -2.545698,43.210551,415.683 -2.545650,43.210608,415.484 -2.545603,43.210669,415.015 -2.545553,43.210732,414.667 -2.545497,43.210798,414.229 -2.545432,43.210866,413.641 -2.545370,43.210936,413.017 -2.545306,43.211013,412.487 -2.545243,43.211091,411.615 -2.545179,43.211170,410.809 -2.545103,43.211244,409.633 -2.545022,43.211316,408.864 -2.544947,43.211390,408.249 -2.544869,43.211468,407.881 -2.544800,43.211544,407.682 -2.544740,43.211609,407.623 -2.544687,43.211676,407.465 -2.544633,43.211740,407.427 -2.544568,43.211802,407.269 -2.544505,43.211866,406.849 -2.544443,43.211933,406.202 -2.544381,43.212002,405.422 -2.544320,43.212072,404.809 -2.544253,43.212143,404.496 -2.544182,43.212208,404.057 -2.544116,43.212272,404.072 -2.544061,43.212337,404.224 -2.544001,43.212398,404.455 -2.543923,43.212446,404.656 -2.543831,43.212481,405.068 -2.543745,43.212495,405.270 -2.543655,43.212519,405.642 -2.543578,43.212559,405.833 -2.543520,43.212613,405.623 -2.543480,43.212678,405.215 -2.543440,43.212750,404.809 -2.543389,43.212820,403.835 -2.543325,43.212891,402.676 -2.543250,43.212962,401.241 -2.543163,43.213030,400.083 -2.543056,43.213093,398.694 -2.542938,43.213150,396.855 -2.542797,43.213194,395.277 -2.542642,43.213224,393.699 -2.542480,43.213246,392.021 -2.542315,43.213269,390.289 -2.542157,43.213307,388.606 -2.541998,43.213363,386.826 -2.541847,43.213434,385.209 -2.541710,43.213508,383.660 -2.541566,43.213590,381.631 -2.541431,43.213682,380.026 -2.541305,43.213780,378.618 -2.541180,43.213881,377.059 -2.541052,43.213981,376.030 -2.540924,43.214075,375.282 -2.540795,43.214167,374.654 -2.540651,43.214242,374.456 -2.540496,43.214291,374.269 -2.540336,43.214313,374.004 -2.540176,43.214314,374.024 -2.540018,43.214295,374.409 -2.539877,43.214262,374.628 -2.539750,43.214215,375.259 -2.539637,43.214160,375.884 -2.539550,43.214104,376.466 -2.539476,43.214047,377.017 -2.539410,43.213995,377.648 -2.539344,43.213943,378.210 -2.539287,43.213892,378.862 -2.539230,43.213848,379.884 -2.539172,43.213807,380.832 -2.539116,43.213765,381.692 -2.539061,43.213728,382.411 -2.539005,43.213692,383.009 -2.538949,43.213658,383.295 -2.538895,43.213627,383.276 -2.538838,43.213596,383.291 -2.538786,43.213568,383.463 -2.538737,43.213545,383.414 -2.538680,43.213521,383.695 -2.538623,43.213499,383.857 -2.538566,43.213477,383.849 -2.538509,43.213459,383.881 -2.538450,43.213440,384.067 -2.538389,43.213423,384.081 -2.538334,43.213407,384.419 -2.538273,43.213399,385.009 -2.538205,43.213388,385.468 -2.538135,43.213379,386.229 -2.538061,43.213371,386.834 -2.537984,43.213363,386.866 -2.537911,43.213363,386.447 -2.537849,43.213378,386.098 -2.537795,43.213410,385.610 -2.537765,43.213451,385.292 -2.537755,43.213493,385.294 -2.537765,43.213533,385.644 -2.537768,43.213567,386.205 -2.537772,43.213600,386.615 -2.537766,43.213627,386.809 -2.537757,43.213650,387.086 -2.537738,43.213677,387.227 -2.537721,43.213701,387.442 -2.537704,43.213721,387.654 -2.537692,43.213749,388.035 -2.537680,43.213777,388.426 -2.537669,43.213804,388.858 -2.537658,43.213830,389.290 -2.537644,43.213852,389.662 -2.537624,43.213874,390.035 -2.537607,43.213895,390.286 -2.537587,43.213921,390.614 -2.537569,43.213943,391.009 -2.537550,43.213966,391.285 -2.537530,43.213989,391.446 -2.537507,43.214012,391.461 -2.537485,43.214037,391.673 -2.537467,43.214064,391.674 -2.537447,43.214088,391.865 -2.537424,43.214110,392.017 -2.537397,43.214131,392.449 -2.537374,43.214152,392.661 -2.537348,43.214179,392.675 -2.537325,43.214204,392.828 -2.537302,43.214225,393.020 -2.537279,43.214247,393.209 -2.537257,43.214269,393.499 -2.537236,43.214287,393.610 -2.537209,43.214307,393.895 -2.537187,43.214325,393.887 -2.537163,43.214344,394.038 -2.537137,43.214367,394.089 -2.537108,43.214391,394.271 -2.537080,43.214412,394.483 -2.537053,43.214434,394.615 -2.537026,43.214454,394.654 -2.536999,43.214473,395.056 -2.536969,43.214487,395.211 -2.536939,43.214501,395.409 -2.536907,43.214520,395.677 -2.536880,43.214539,395.818 -2.536853,43.214559,396.083 -2.536827,43.214584,396.215 -2.536803,43.214604,396.436 -2.536779,43.214627,396.447 -2.536748,43.214647,396.669 -2.536722,43.214665,396.841 -2.536696,43.214688,397.023 -2.536667,43.214706,397.282 -2.536646,43.214730,397.443 -2.536617,43.214749,397.617 -2.536587,43.214768,397.609 -2.536561,43.214786,397.830 -2.536534,43.214805,398.271 -2.536502,43.214825,398.416 -2.536471,43.214844,398.668 -2.536443,43.214860,398.879 -2.536417,43.214879,399.260 -2.536390,43.214897,399.472 -2.536367,43.214913,399.634 -2.536337,43.214932,399.866 -2.536312,43.214951,400.279 -2.536287,43.214971,400.405 -2.536261,43.214993,400.625 -2.536236,43.215013,400.609 -2.536212,43.215032,400.889 -2.536188,43.215049,400.690 -2.536160,43.215069,400.835 -2.536133,43.215086,401.027 -2.536104,43.215103,401.238 -2.536075,43.215122,401.479 -2.536044,43.215143,401.631 -2.536023,43.215166,402.013 -2.536014,43.215187,402.235 -2.536010,43.215214,402.634 -2.536004,43.215238,403.055 -2.535997,43.215265,403.210 -2.535991,43.215294,403.409 -2.535985,43.215322,403.675 -2.535982,43.215348,403.856 -2.535980,43.215374,404.211 -2.535978,43.215402,404.423 -2.535972,43.215426,404.654 -2.535958,43.215453,404.895 -2.535938,43.215481,405.277 -2.535917,43.215506,405.869 -2.535897,43.215527,406.281 -2.535875,43.215546,406.497 -2.535858,43.215562,406.823 -2.535838,43.215576,407.025 -2.535815,43.215591,407.009 -2.535797,43.215615,407.271 -2.535777,43.215624,407.422 -2.535746,43.215633,407.857 -2.535715,43.215644,408.259 -2.535686,43.215651,408.850 -2.535658,43.215656,409.041 -2.535629,43.215660,409.263 -2.535603,43.215662,409.435 -2.535577,43.215663,409.437 -2.535550,43.215663,409.639 -2.535527,43.215662,410.001 -2.535503,43.215668,410.421 -2.535480,43.215670,410.809 -2.535448,43.215671,411.275 -2.535422,43.215673,411.686 -2.535393,43.215673,411.831 -2.535357,43.215672,412.043 -2.535326,43.215672,412.294 -2.535285,43.215669,412.435 -2.535250,43.215667,412.687 -2.535217,43.215663,412.889 -2.535184,43.215668,413.081 -2.535150,43.215668,413.456 -2.535123,43.215669,413.659 -2.535093,43.215671,413.814 -2.535061,43.215673,414.009 -2.535025,43.215676,414.447 -2.534989,43.215683,414.618 -2.534956,43.215690,414.873 -2.534928,43.215700,415.215 -2.534899,43.215704,415.646 -2.534866,43.215706,415.857 -2.534833,43.215712,416.299 -2.534802,43.215718,416.671 -2.534779,43.215722,416.883 -2.534753,43.215726,417.288 -2.534729,43.215731,417.424 -2.534704,43.215737,417.626 -2.534679,43.215738,417.809 -2.534653,43.215739,418.280 -2.534630,43.215742,418.491 -2.534608,43.215746,418.856 -2.534584,43.215752,419.068 -2.534564,43.215759,419.229 -2.534541,43.215766,419.640 -2.534520,43.215770,420.062 -2.534502,43.215771,420.274 -2.534473,43.215773,420.676 -2.534449,43.215776,421.057 -2.534427,43.215780,421.400 -2.534406,43.215787,421.820 -2.534385,43.215795,422.009 -2.534367,43.215803,422.427 -2.534343,43.215807,422.848 -2.534320,43.215806,423.293 -2.534298,43.215805,423.495 -2.534273,43.215806,423.856 -2.534248,43.215806,424.287 -2.534234,43.215808,424.449 -2.534216,43.215814,424.891 -2.534199,43.215821,425.243 -2.534182,43.215828,425.616 -2.534160,43.215832,426.076 -2.534139,43.215836,426.613 -2.534124,43.215839,427.009 -2.534104,43.215843,427.293 -2.534087,43.215848,427.644 -2.534065,43.215854,428.059 -2.534044,43.215861,428.491 -2.534023,43.215867,428.892 -2.534007,43.215870,429.063 -2.533990,43.215872,429.615 -2.533976,43.215874,430.077 -2.533958,43.215879,430.459 -2.533940,43.215887,431.069 -2.533919,43.215894,431.004 -2.533902,43.215899,431.424 -2.533875,43.215905,431.809 -2.533850,43.215907,432.278 -2.533834,43.215910,432.689 -2.533815,43.215912,432.814 -2.533795,43.215915,433.296 -2.533773,43.215918,433.417 -2.533758,43.215924,433.888 -2.533741,43.215930,434.010 -2.533723,43.215934,434.492 -2.533700,43.215937,435.044 -2.533686,43.215942,435.686 -2.533662,43.215947,436.060 -2.533645,43.215950,436.626 -2.533628,43.215954,436.809 -2.533610,43.215957,437.290 -2.533588,43.215960,437.411 -2.533571,43.215965,437.696 -2.533545,43.215973,438.068 -2.533524,43.215980,438.489 -2.533516,43.215980,439.010 -2.533515,43.215980,439.232 -2.533486,43.215986,439.854 -2.533462,43.215996,440.236 -2.533451,43.216006,440.284 -2.533431,43.216017,440.407 -2.533411,43.216023,440.817 -2.533393,43.216029,441.009 -2.533377,43.216036,441.670 -2.533363,43.216045,442.071 -2.533341,43.216053,442.496 -2.533321,43.216060,443.078 -2.533302,43.216066,443.439 -2.533282,43.216071,443.880 -2.533265,43.216077,444.272 -2.533248,43.216085,444.684 -2.533230,43.216093,445.056 -2.533214,43.216101,445.447 -2.533189,43.216109,445.829 -2.533171,43.216115,446.221 -2.533156,43.216123,446.609 -2.533138,43.216132,447.076 -2.533122,43.216138,447.447 -2.533099,43.216141,447.822 -2.533085,43.216147,448.234 -2.533064,43.216154,448.685 -2.533047,43.216157,449.056 -2.533027,43.216161,449.488 -2.533008,43.216166,449.630 -2.532992,43.216171,450.272 -2.532972,43.216176,450.492 -2.532948,43.216182,450.873 -2.532920,43.216192,451.220 -2.532897,43.216195,451.409 -2.532878,43.216201,451.891 -2.532855,43.216210,452.032 -2.532837,43.216217,452.267 -2.532820,43.216219,452.459 -2.532803,43.216222,452.610 -2.532785,43.216227,452.661 -2.532763,43.216232,452.823 -2.532741,43.216239,453.065 -2.532725,43.216248,453.277 -2.532708,43.216257,453.435 -2.532686,43.216262,453.686 -2.532661,43.216266,453.814 -2.532645,43.216268,454.009 -2.532623,43.216272,454.095 -2.532600,43.216277,454.456 -2.532578,43.216281,454.811 -2.532557,43.216286,455.083 -2.532537,43.216292,455.254 -2.532516,43.216294,455.695 -2.532492,43.216295,455.897 -2.532474,43.216299,456.219 -2.532452,43.216303,456.681 -2.532427,43.216309,457.098 -2.532401,43.216314,457.215 -2.532380,43.216319,457.626 -2.532360,43.216324,457.809 -2.532334,43.216330,458.241 -2.532314,43.216335,458.652 -2.532291,43.216339,458.827 -2.532265,43.216343,459.079 -2.532246,43.216348,459.450 -2.532222,43.216355,459.881 -2.532202,43.216361,460.273 -2.532183,43.216367,460.625 -2.532164,43.216376,461.087 -2.532151,43.216387,461.458 -2.532131,43.216396,461.652 -2.532108,43.216401,462.017 -2.532087,43.216403,462.409 -2.532065,43.216408,462.867 -2.532040,43.216415,463.228 -2.532015,43.216421,463.653 -2.531992,43.216426,464.025 -2.531965,43.216431,464.236 -2.531941,43.216434,464.687 -2.531918,43.216435,464.899 -2.531899,43.216437,465.091 -2.531880,43.216437,465.223 -2.531859,43.216438,465.446 -2.531839,43.216440,465.888 -2.531816,43.216444,466.416 -2.531791,43.216444,467.009 -2.531766,43.216447,467.446 -2.531741,43.216451,467.887 -2.531715,43.216453,468.012 -2.531692,43.216463,468.464 -2.531663,43.216469,468.625 -2.531642,43.216469,468.856 -2.531615,43.216466,469.048 -2.531591,43.216466,469.210 -2.531566,43.216465,469.422 -2.531541,43.216464,469.616 -2.531515,43.216465,469.876 -2.531487,43.216467,470.213 -2.531463,43.216468,470.609 -2.531436,43.216470,470.823 -2.531415,43.216471,471.044 -2.531391,43.216468,471.099 -2.531364,43.216463,471.251 -2.531336,43.216462,471.452 -2.531308,43.216462,471.893 -2.531281,43.216461,472.055 -2.531255,43.216461,472.437 -2.531231,43.216462,472.699 -2.531203,43.216461,472.826 -2.531173,43.216460,472.847 -2.531150,43.216459,472.811 -2.531127,43.216460,472.809 -2.531102,43.216459,472.854 -2.531075,43.216456,472.845 -2.531048,43.216453,473.260 -2.531021,43.216454,473.432 -2.530991,43.216454,473.883 -2.530967,43.216452,474.244 -2.530934,43.216452,474.426 -2.530908,43.216452,474.898 -2.530879,43.216454,475.030 -2.530852,43.216458,475.223 -2.530830,43.216459,475.483 -2.530805,43.216459,475.611 -2.530779,43.216458,476.009 -2.530751,43.216455,476.674 -2.530726,43.216456,476.845 -2.530696,43.216455,477.230 -2.530665,43.216457,477.432 -2.530639,43.216457,477.873 -2.530617,43.216456,478.284 -2.530591,43.216459,478.686 -2.530570,43.216463,479.048 -2.530539,43.216466,479.220 -2.530513,43.216466,479.891 -2.530490,43.216465,480.281 -2.530459,43.216468,480.619 -2.530431,43.216472,480.809 -2.530404,43.216476,481.091 -2.530375,43.216479,481.072 -2.530346,43.216487,481.257 -2.530314,43.216493,481.489 -2.530296,43.216496,481.880 -2.530273,43.216497,481.891 -2.530228,43.216503,482.253 -2.530193,43.216500,482.475 -2.530158,43.216494,482.647 -2.530127,43.216488,482.625 -2.530101,43.216480,482.826 -2.530075,43.216473,483.208 -2.530051,43.216463,483.209 -2.530020,43.216456,483.264 -2.529992,43.216446,483.415 -2.529959,43.216441,483.490 -2.529926,43.216438,483.682 -2.529894,43.216435,484.083 -2.529861,43.216428,484.444 -2.529827,43.216423,484.876 -2.529789,43.216421,485.098 -2.529750,43.216414,485.290 -2.529712,43.216407,485.293 -2.529673,43.216398,485.465 -2.529633,43.216388,485.621 -2.529594,43.216375,485.809 -2.529562,43.216364,486.081 -2.529527,43.216354,486.062 -2.529487,43.216345,486.257 -2.529451,43.216335,486.489 -2.529418,43.216322,486.660 -2.529381,43.216310,487.061 -2.529347,43.216298,487.023 -2.529315,43.216286,487.045 -2.529283,43.216272,487.217 -2.529254,43.216256,487.445 -2.529227,43.216243,487.647 -2.529199,43.216231,487.811 -2.529173,43.216220,488.009 -2.529149,43.216212,488.276 -2.529124,43.216202,488.467 -2.529102,43.216194,488.622 -2.529080,43.216191,488.844 -2.529052,43.216186,489.035 -2.529025,43.216183,489.296 -2.528996,43.216180,489.498 -2.528969,43.216178,489.410 -2.528942,43.216175,489.842 -2.528919,43.216173,490.236 -2.528892,43.216171,490.617 -2.528862,43.216171,491.018 -2.528831,43.216171,491.209 -2.528804,43.216170,491.485 -2.528777,43.216167,491.846 -2.528746,43.216164,492.251 -2.528717,43.216162,492.433 -2.528691,43.216157,492.844 -2.528670,43.216152,493.235 -2.528646,43.216146,493.447 -2.528614,43.216142,493.899 -2.528586,43.216134,494.241 -2.528559,43.216127,494.641 -2.528534,43.216119,494.881 -2.528506,43.216110,495.009 -2.528477,43.216102,495.409 -2.528450,43.216092,495.656 -2.528425,43.216083,496.017 -2.528401,43.216075,496.442 -2.528375,43.216067,496.844 -2.528351,43.216060,497.065 -2.528326,43.216054,497.216 -2.528304,43.216046,497.678 -2.528274,43.216044,498.030 -2.528253,43.216042,498.452 -2.528233,43.216036,498.898 -2.528213,43.216032,499.015 -2.528189,43.216030,499.426 -2.528164,43.216025,499.609 -2.528135,43.216022,500.071 -2.528107,43.216021,500.292 -2.528078,43.216020,500.477 -2.528054,43.216018,500.629 -2.528026,43.216016,500.890 -2.527998,43.216015,501.091 -2.527976,43.216009,501.253 -2.527956,43.216006,501.655 -2.527931,43.216008,502.047 -2.527903,43.216012,502.491 -2.527884,43.216017,502.681 -2.527861,43.216023,503.019 -2.527842,43.216029,503.209 -2.527826,43.216036,503.661 -2.527814,43.216050,503.852 -2.527799,43.216069,504.267 -2.527784,43.216091,504.659 -2.527772,43.216111,505.240 -2.527759,43.216125,505.461 -2.527755,43.216143,505.423 -2.527757,43.216162,505.655 -2.527761,43.216179,505.817 -2.527757,43.216203,505.817 -2.527753,43.216224,505.887 -2.527748,43.216251,506.015 -2.527744,43.216271,506.609 -2.527740,43.216290,507.043 -2.527735,43.216311,507.214 -2.527728,43.216336,507.479 -2.527718,43.216358,507.651 -2.527702,43.216380,507.892 -2.527690,43.216399,508.043 -2.527675,43.216419,508.475 -2.527657,43.216441,508.857 -2.527639,43.216461,509.099 -2.527616,43.216479,509.296 -2.527586,43.216492,509.231 -2.527552,43.216509,509.424 -2.527509,43.216522,509.609 -2.527474,43.216532,509.821 -2.527437,43.216539,509.822 -2.527397,43.216544,509.897 -2.527348,43.216545,510.099 -2.527304,43.216541,510.230 -2.527251,43.216537,510.211 -2.527199,43.216536,510.293 -2.527149,43.216538,510.225 -2.527094,43.216539,510.097 -2.527040,43.216540,509.668 -2.526982,43.216549,509.642 -2.526927,43.216564,509.426 -2.526873,43.216591,509.409 -2.526830,43.216634,508.818 -2.526786,43.216686,507.819 -2.526728,43.216743,506.874 -2.526669,43.216787,505.616 -2.526590,43.216816,504.697 -2.526499,43.216830,503.438 -2.526397,43.216829,502.820 -2.526302,43.216811,502.642 -2.526207,43.216788,502.214 -2.526108,43.216768,501.645 -2.526009,43.216753,501.047 -2.525897,43.216733,500.211 -2.525778,43.216709,498.809 -2.525667,43.216666,498.086 -2.525560,43.216609,496.837 -2.525456,43.216554,496.072 -2.525336,43.216505,494.234 -2.525210,43.216469,493.255 -2.525093,43.216451,493.096 -2.524987,43.216459,493.228 -2.524902,43.216502,493.230 -2.524822,43.216547,493.072 -2.524732,43.216573,492.411 -2.524637,43.216586,491.621 -2.524539,43.216586,490.803 -2.524437,43.216574,490.009 -2.524349,43.216550,489.053 -2.524271,43.216513,488.054 -2.524196,43.216456,487.079 -2.524140,43.216393,485.641 -2.524088,43.216328,485.652 -2.524050,43.216258,485.453 -2.524023,43.216187,484.895 -2.523992,43.216120,484.847 -2.523943,43.216059,485.049 -2.523880,43.216006,485.068 -2.523816,43.215958,484.642 -2.523756,43.215910,484.426 -2.523693,43.215864,484.009 -2.523630,43.215818,483.668 -2.523566,43.215770,483.229 -2.523503,43.215723,482.464 -2.523432,43.215675,481.836 -2.523355,43.215625,480.897 -2.523268,43.215584,480.288 -2.523175,43.215555,479.660 -2.523085,43.215536,480.042 -2.523001,43.215521,480.694 -2.522928,43.215509,481.646 -2.522862,43.215499,482.488 -2.522802,43.215490,482.816 -2.522742,43.215479,483.009 -2.522682,43.215465,483.276 -2.522627,43.215449,483.837 -2.522572,43.215433,484.092 -2.522518,43.215414,484.044 -2.522469,43.215393,484.275 -2.522419,43.215374,484.436 -2.522373,43.215357,484.818 -2.522334,43.215338,485.080 -2.522306,43.215316,485.662 -2.522278,43.215297,486.455 -2.522252,43.215278,487.007 -2.522220,43.215261,487.817 -2.522190,43.215242,488.209 -2.522163,43.215222,488.627 -2.522138,43.215199,489.078 -2.522117,43.215178,489.453 -2.522091,43.215154,489.655 -2.522068,43.215131,490.096 -2.522044,43.215107,490.457 -2.522020,43.215083,490.829 -2.521992,43.215059,491.021 -2.521963,43.215038,491.213 -2.521931,43.215021,491.483 -2.521897,43.215007,491.625 -2.521861,43.214996,491.817 -2.521829,43.214987,492.009 -2.521794,43.214987,492.250 -2.521756,43.214994,492.431 -2.521721,43.215006,493.096 -2.521683,43.215019,493.428 -2.521646,43.215028,493.479 -2.521610,43.215039,493.810 -2.521579,43.215053,494.012 -2.521546,43.215067,494.284 -2.521510,43.215084,494.436 -2.521474,43.215102,494.682 -2.521437,43.215115,494.643 -2.521396,43.215125,494.817 -2.521358,43.215135,494.809 -2.521317,43.215146,494.890 -2.521277,43.215156,494.641 -2.521229,43.215164,494.636 -2.521178,43.215172,494.488 -2.521128,43.215177,494.629 -2.521080,43.215186,494.820 -2.521033,43.215190,494.822 -2.520986,43.215194,495.274 -2.520941,43.215199,495.426 -2.520896,43.215209,495.485 -2.520846,43.215213,495.689 -2.520804,43.215218,495.617 -2.520757,43.215221,496.209 -2.520709,43.215229,496.230 -2.520663,43.215237,496.431 -2.520616,43.215244,496.686 -2.520576,43.215252,496.828 -2.520533,43.215259,497.069 -2.520495,43.215267,497.290 -2.520454,43.215276,497.632 -2.520418,43.215285,497.894 -2.520384,43.215290,498.296 -2.520348,43.215298,498.687 -2.520321,43.215303,498.842 -2.520297,43.215311,499.426 -2.520266,43.215319,499.609 -2.520238,43.215327,500.210 -2.520209,43.215335,500.871 -2.520176,43.215341,501.266 -2.520143,43.215346,501.858 -2.520114,43.215350,502.039 -2.520087,43.215357,502.630 -2.520063,43.215363,503.212 -2.520040,43.215369,503.844 -2.520020,43.215377,504.086 -2.519993,43.215381,504.445 -2.519970,43.215385,504.847 -2.519947,43.215392,505.411 -2.519925,43.215399,505.809 -2.519902,43.215409,506.236 -2.519881,43.215420,506.657 -2.519865,43.215433,507.072 -2.519841,43.215447,507.474 -2.519820,43.215455,507.865 -2.519792,43.215462,508.286 -2.519768,43.215467,508.658 -2.519743,43.215473,509.090 -2.519720,43.215481,509.272 -2.519696,43.215491,509.481 -2.519674,43.215500,509.661 -2.519649,43.215510,509.817 -2.519629,43.215523,510.209 -2.519612,43.215539,510.680 -2.519589,43.215551,511.091 -2.519569,43.215561,511.616 -2.519544,43.215570,512.068 -2.519523,43.215578,512.489 -2.519490,43.215588,512.690 -2.519458,43.215595,513.042 -2.519429,43.215602,513.224 -2.519394,43.215611,513.256 -2.519364,43.215617,513.483 -2.519333,43.215624,513.625 -2.519307,43.215630,513.817 -2.519280,43.215637,514.209 -2.519255,43.215643,514.610 -2.519227,43.215648,514.851 -2.519199,43.215652,515.256 -2.519165,43.215657,515.238 -2.519127,43.215656,515.469 -2.519097,43.215663,515.650 -2.519076,43.215668,515.632 -2.519052,43.215674,515.614 -2.519025,43.215681,515.896 -2.519001,43.215682,516.224 -2.518976,43.215686,516.404 -2.518953,43.215707,516.814 -2.518934,43.215717,517.009 -2.518906,43.215724,517.464 -2.518882,43.215729,517.675 -2.518853,43.215735,517.820 -2.518825,43.215747,517.842 -2.518801,43.215756,518.063 -2.518782,43.215763,518.044 -2.518750,43.215773,518.226 -2.518730,43.215783,518.298 -2.518706,43.215796,518.430 -2.518680,43.215810,518.664 -2.518651,43.215826,518.806 -2.518625,43.215839,519.016 -2.518601,43.215852,519.409 -2.518579,43.215862,519.668 -2.518555,43.215872,519.889 -2.518528,43.215885,520.234 -2.518500,43.215895,520.456 -2.518473,43.215906,520.627 -2.518442,43.215917,520.888 -2.518415,43.215928,521.220 -2.518387,43.215941,521.232 -2.518352,43.215950,521.494 -2.518311,43.215956,521.656 -2.518273,43.215963,521.659 -2.518227,43.215972,521.814 -2.518184,43.215980,522.009 -2.518136,43.215988,522.077 -2.518090,43.215995,522.058 -2.518042,43.216000,522.223 -2.518000,43.216009,522.225 -2.517952,43.216020,522.276 -2.517908,43.216032,522.267 -2.517861,43.216049,522.659 -2.517820,43.216060,523.031 -2.517775,43.216067,523.463 -2.517725,43.216071,523.885 -2.517677,43.216073,523.889 -2.517629,43.216073,524.017 -2.517583,43.216069,524.009 -2.517536,43.216072,524.290 -2.517479,43.216066,524.231 -2.517435,43.216052,524.416 -2.517390,43.216037,524.858 -2.517346,43.216023,525.249 -2.517301,43.216009,525.830 -2.517258,43.215997,526.292 -2.517207,43.215989,526.454 -2.517155,43.215975,526.476 -2.517111,43.215962,526.856 -2.517071,43.215945,527.059 -2.517028,43.215932,527.014 -2.516981,43.215916,527.209 -2.516936,43.215901,527.267 -2.516889,43.215886,527.028 -2.516842,43.215871,527.453 -2.516798,43.215857,528.025 -2.516755,43.215845,528.456 -2.516714,43.215835,529.427 -2.516673,43.215821,530.029 -2.516635,43.215808,530.431 -2.516597,43.215803,530.633 -2.516561,43.215796,530.832 -2.516524,43.215784,531.292 -2.516486,43.215769,531.411 -2.516449,43.215752,531.609 -2.516413,43.215734,531.895 -2.516380,43.215713,531.896 -2.516340,43.215691,531.891 -2.516293,43.215671,531.893 -2.516243,43.215651,531.444 -2.516184,43.215631,531.465 -2.516130,43.215613,531.487 -2.516067,43.215592,531.239 -2.516004,43.215568,531.011 -2.515935,43.215541,530.895 -2.515864,43.215510,530.049 -2.515789,43.215472,529.423 -2.515715,43.215420,528.809 -2.515645,43.215360,527.471 -2.515568,43.215305,526.272 -2.515474,43.215270,525.487 -2.515369,43.215256,524.649 -2.515261,43.215245,524.250 -2.515160,43.215231,524.241 -2.515068,43.215195,523.263 -2.514983,43.215143,522.075 -2.514917,43.215078,521.437 -2.514868,43.215000,520.629 -2.514844,43.214917,520.000 -2.514839,43.214833,519.620 -2.514842,43.214748,519.209 -2.514847,43.214666,518.674 -2.514857,43.214583,518.295 -2.514878,43.214501,518.080 -2.514906,43.214422,517.212 -2.514941,43.214347,516.633 -2.514980,43.214277,516.664 -2.515020,43.214211,516.846 -2.515067,43.214136,516.688 -2.515110,43.214065,516.890 -2.515157,43.213991,516.854 -2.515194,43.213915,516.456 -2.515195,43.213843,515.611 -2.515169,43.213774,514.809 -2.515110,43.213725,514.427 -2.515032,43.213703,514.228 -2.514955,43.213711,514.233 -2.514872,43.213732,514.055 -2.514796,43.213759,513.416 -2.514717,43.213783,512.857 -2.514629,43.213813,512.049 -2.514554,43.213845,511.621 -2.514470,43.213881,510.683 -2.514388,43.213916,509.073 -2.514307,43.213958,508.685 -2.514222,43.214002,507.813 -2.514129,43.214049,507.609 -2.514035,43.214101,507.619 -2.513942,43.214153,507.840 -2.513848,43.214216,507.075 -2.513757,43.214279,506.057 -2.513657,43.214344,504.828 -2.513558,43.214410,503.849 -2.513454,43.214479,503.661 -2.513351,43.214547,501.613 -2.513250,43.214611,500.675 -2.513158,43.214679,500.458 -2.513056,43.214741,500.052 -2.512957,43.214799,499.617 -2.512866,43.214845,500.809 -2.512782,43.214888,501.487 -2.512708,43.214924,501.858 -2.512641,43.214965,502.473 -2.512583,43.215009,503.085 -2.512525,43.215050,503.456 -2.512475,43.215092,503.237 -2.512424,43.215135,503.239 -2.512370,43.215182,503.281 -2.512315,43.215235,503.023 -2.512260,43.215286,502.844 -2.512207,43.215341,502.805 -2.512155,43.215390,502.815 -2.512108,43.215438,502.809 -2.512065,43.215488,502.296 -2.512018,43.215538,502.297 -2.511965,43.215583,502.442 -2.511905,43.215629,502.494 -2.511845,43.215683,502.095 -2.511776,43.215736,501.256 -2.511697,43.215801,500.058 -2.511606,43.215871,498.670 -2.511501,43.215942,495.642 -2.511374,43.216004,492.891 -2.511237,43.216055,491.481 -2.511098,43.216099,490.019 -2.510966,43.216144,489.009 -2.510839,43.216184,488.651 -2.510709,43.216221,488.282 -2.510589,43.216250,488.657 -2.510480,43.216284,489.249 -2.510381,43.216317,490.030 -2.510280,43.216348,490.241 -2.510184,43.216378,491.223 -2.510091,43.216412,491.065 -2.509995,43.216442,490.677 -2.509891,43.216468,490.474 -2.509792,43.216488,490.456 -2.509692,43.216504,490.021 -2.509592,43.216526,489.609 -2.509489,43.216558,488.819 -2.509378,43.216588,488.490 -2.509274,43.216626,487.615 -2.509164,43.216668,486.817 -2.509037,43.216717,485.288 -2.508920,43.216748,483.289 -2.508817,43.216769,482.291 -2.508718,43.216788,481.693 -2.508648,43.216822,481.445 -2.508578,43.216879,480.698 -2.508512,43.216941,480.215 -2.508447,43.217006,479.226 -2.508417,43.217062,476.809 -2.508429,43.217120,476.461 -2.508447,43.217184,476.082 -2.508451,43.217248,475.837 -2.508438,43.217300,475.619 -2.508422,43.217352,475.010 -2.508400,43.217407,475.051 -2.508369,43.217469,474.423 -2.508316,43.217534,473.035 -2.508259,43.217595,472.267 -2.508191,43.217651,470.486 -2.508126,43.217700,469.060 -2.508072,43.217742,468.026 -2.508021,43.217793,467.209 -2.507969,43.217857,464.890 -2.507915,43.217926,463.651 -2.507866,43.217992,462.496 -2.507827,43.218052,460.428 -2.507794,43.218121,459.059 -2.507756,43.218198,458.410 -2.507713,43.218273,454.832 -2.507683,43.218350,451.674 -2.507656,43.218429,450.636 -2.507612,43.218509,448.684 -2.507551,43.218584,447.007 -2.507487,43.218664,445.417 -2.507432,43.218754,443.209 -2.507384,43.218838,441.430 -2.507329,43.218938,438.641 -2.507274,43.219035,437.286 -2.507223,43.219125,435.688 -2.507179,43.219213,434.689 -2.507149,43.219292,434.060 -2.507124,43.219372,433.892 -2.507109,43.219457,433.694 -2.507104,43.219540,432.896 -2.507086,43.219614,431.841 -2.507064,43.219680,431.481 -2.507034,43.219739,430.809 -2.507000,43.219792,430.409 -2.506962,43.219843,430.036 -2.506926,43.219894,430.037 -2.506896,43.219944,430.682 -2.506876,43.219985,430.834 -2.506852,43.220016,431.625 -2.506824,43.220041,431.626 -2.506795,43.220064,431.848 -2.506767,43.220089,431.420 -2.506740,43.220116,431.082 -2.506715,43.220143,430.855 -2.506696,43.220169,430.807 -2.506679,43.220199,430.817 -2.506654,43.220225,431.009 -2.506628,43.220247,431.237 -2.506610,43.220273,431.278 -2.506594,43.220309,431.263 -2.506570,43.220346,431.265 -2.506542,43.220381,431.246 -2.506510,43.220411,430.837 -2.506474,43.220436,430.689 -2.506439,43.220456,430.491 -2.506390,43.220463,430.223 -2.506351,43.220453,430.246 -2.506329,43.220429,430.088 -2.506306,43.220386,429.816 -2.506289,43.220331,429.009 -2.506264,43.220263,426.066 -2.506248,43.220191,422.247 -2.506242,43.220122,420.612 -2.506240,43.220058,419.064 -2.506249,43.220001,416.825 -2.506276,43.219946,415.836 -2.506318,43.219884,414.868 -2.506370,43.219823,413.880 -2.506412,43.219777,412.812 -2.506441,43.219736,411.644 -2.506459,43.219698,411.005 -2.506453,43.219652,410.815 -2.506433,43.219601,410.009 -2.506406,43.219558,409.656 -2.506367,43.219509,407.887 -2.506331,43.219455,406.622 -2.506306,43.219407,404.854 -2.506280,43.219362,403.075 -2.506254,43.219318,401.226 -2.506229,43.219270,397.218 -2.506200,43.219218,395.240 -2.506163,43.219165,395.082 -2.506124,43.219105,394.028 -2.506092,43.219046,391.489 -2.506071,43.218987,390.817 -2.506054,43.218926,388.209 -2.506045,43.218866,386.654 -2.506047,43.218809,385.855 -2.506044,43.218762,384.490 -2.506043,43.218708,384.082 -2.506042,43.218644,382.893 -2.506047,43.218575,382.234 -2.506074,43.218505,380.296 -2.506104,43.218438,377.678 -2.506118,43.218385,377.210 -2.506108,43.218344,375.274 -2.506067,43.218308,374.856 -2.506010,43.218278,374.821 -2.505962,43.218253,375.209 -2.505933,43.218240,375.059 -2.505937,43.218246,374.460 -2.505940,43.218247,374.075 -2.505940,43.218241,373.637 -2.505940,43.218241,373.268 -2.505940,43.218241,373.039 -2.505940,43.218241,372.891 -2.505940,43.218241,372.663 -2.505940,43.218241,372.415 -2.505940,43.218241,372.449 -2.505940,43.218241,372.202 -2.505940,43.218241,372.222 -2.505940,43.218241,372.209 -2.505940,43.218241,372.466 -2.505940,43.218241,372.457 -2.505940,43.218241,372.652 -2.505940,43.218241,372.694 -2.505940,43.218241,372.665 -2.505940,43.218241,372.636 -2.505940,43.218241,372.458 -2.505940,43.218241,372.250 -2.505940,43.218241,372.042 -2.505940,43.218241,372.058 -2.505940,43.218241,371.852 -2.505940,43.218241,372.017 -2.505940,43.218241,372.009 -2.505940,43.218241,372.097 -2.505940,43.218241,372.258 -2.505938,43.218243,372.273 -2.505909,43.218236,372.235 -2.505868,43.218217,372.036 -2.505804,43.218185,371.697 -2.505762,43.218135,370.669 -2.505733,43.218067,368.231 -2.505716,43.217987,365.823 -2.505714,43.217910,364.087 -2.505731,43.217838,360.642 -2.505731,43.217769,358.626 -2.505704,43.217717,358.609 -2.505691,43.217672,358.430 -2.505681,43.217628,358.431 -2.505666,43.217576,358.636 -2.505656,43.217522,358.648 -2.505653,43.217464,358.019 -2.505643,43.217398,357.680 -2.505624,43.217349,357.692 -2.505598,43.217310,356.854 -2.505563,43.217254,355.836 -2.505521,43.217202,355.479 -2.505470,43.217149,354.405 -2.505425,43.217101,352.825 -2.505392,43.217051,350.409 -2.505343,43.217021,348.679 -2.505289,43.217015,347.410 -2.505234,43.217027,346.835 -2.505216,43.217057,346.617 -2.505227,43.217094,346.688 -2.505250,43.217135,346.449 -2.505275,43.217180,346.091 -2.505284,43.217237,345.073 -2.505291,43.217293,344.075 -2.505289,43.217350,343.623 -2.505280,43.217406,343.283 -2.505250,43.217467,342.611 -2.505242,43.217518,342.609 -2.505226,43.217558,342.864 -2.505203,43.217594,343.065 -2.505165,43.217626,343.610 -2.505128,43.217651,344.222 -2.505103,43.217674,344.853 -2.505081,43.217697,345.274 -2.505053,43.217714,345.456 -2.505028,43.217730,345.698 -2.505004,43.217746,346.040 -2.504978,43.217760,346.466 -2.504952,43.217774,346.829 -2.504931,43.217788,347.221 -2.504908,43.217803,347.609 -2.504886,43.217822,348.098 -2.504866,43.217833,348.259 -2.504849,43.217847,348.674 -2.504834,43.217867,349.046 -2.504824,43.217888,349.677 -2.504810,43.217905,350.028 -2.504800,43.217924,350.060 -2.504793,43.217948,350.292 -2.504787,43.217975,350.414 -2.504782,43.218004,350.412 -2.504778,43.218033,350.232 -2.504767,43.218065,350.005 -2.504758,43.218099,349.809 -2.504737,43.218136,349.673 -2.504713,43.218174,349.474 -2.504690,43.218206,349.289 -2.504669,43.218239,349.071 -2.504638,43.218276,348.842 -2.504606,43.218302,348.623 -2.504567,43.218326,348.615 -2.504521,43.218342,348.427 -2.504475,43.218352,348.219 -2.504429,43.218366,348.073 -2.504385,43.218387,347.885 -2.504350,43.218409,347.813 -2.504324,43.218426,347.809 -2.504305,43.218442,347.869 -2.504291,43.218455,348.250 -2.504275,43.218470,348.675 -2.504258,43.218488,349.097 -2.504239,43.218501,349.458 -2.504222,43.218514,350.049 -2.504204,43.218530,350.621 -2.504182,43.218546,351.033 -2.504179,43.218570,351.435 -2.504159,43.218586,351.818 -2.504145,43.218602,352.298 -2.504126,43.218616,352.417 -2.504108,43.218629,352.609 -2.504090,43.218644,352.853 -2.504065,43.218663,353.034 -2.504045,43.218678,353.289 -2.504031,43.218692,353.681 -2.504011,43.218712,353.822 -2.503993,43.218728,354.293 -2.503979,43.218741,354.655 -2.503957,43.218759,354.867 -2.503935,43.218776,355.019 -2.503916,43.218791,355.249 -2.503893,43.218804,355.402 -2.503866,43.218820,355.422 -2.503840,43.218838,355.409 -2.503818,43.218852,355.636 -2.503796,43.218866,355.887 -2.503772,43.218880,356.282 -2.503749,43.218894,356.424 -2.503725,43.218909,356.615 -2.503703,43.218925,356.646 -2.503677,43.218942,356.698 -2.503647,43.218955,356.610 -2.503618,43.218975,356.872 -2.503591,43.218988,356.893 -2.503563,43.219002,357.265 -2.503532,43.219016,357.621 -2.503508,43.219029,357.809 -2.503486,43.219041,358.061 -2.503465,43.219059,358.412 -2.503443,43.219078,358.827 -2.503417,43.219092,359.039 -2.503396,43.219105,359.480 -2.503373,43.219120,359.831 -2.503347,43.219137,360.073 -2.503322,43.219155,360.435 -2.503297,43.219175,360.847 -2.503272,43.219194,361.261 -2.503246,43.219216,361.421 -2.503217,43.219245,361.413 -2.503182,43.219272,361.009 -2.503153,43.219303,360.688 -2.503124,43.219336,360.299 -2.503092,43.219371,359.614 -2.503062,43.219401,359.286 -2.503028,43.219432,359.017 -2.502986,43.219462,358.838 -2.502942,43.219488,358.450 -2.502902,43.219505,358.422 -2.502872,43.219517,358.274 -2.502842,43.219529,358.898 -2.502814,43.219537,359.615 -2.502782,43.219547,360.626 -2.502754,43.219561,361.209 -2.502726,43.219576,361.471 -2.502700,43.219589,361.622 -2.502672,43.219601,361.877 -2.502644,43.219611,362.099 -2.502616,43.219622,362.280 -2.502590,43.219635,362.631 -2.502559,43.219649,363.033 -2.502529,43.219665,363.615 -2.502503,43.219677,364.247 -2.502480,43.219689,364.623 -2.502446,43.219700,365.283 -2.502402,43.219703,365.411 -2.502363,43.219699,365.609 -2.502326,43.219688,365.664 -2.502291,43.219667,365.465 -2.502252,43.219644,365.290 -2.502202,43.219619,364.852 -2.502143,43.219592,364.413 -2.502085,43.219567,364.014 -2.502028,43.219537,363.626 -2.501968,43.219503,363.218 -2.501904,43.219462,362.890 -2.501839,43.219420,362.682 -2.501769,43.219379,360.843 -2.501698,43.219337,358.217 -2.501624,43.219292,356.809 -2.501545,43.219241,356.290 -2.501473,43.219191,354.241 -2.501397,43.219144,352.696 -2.501328,43.219102,351.858 -2.501264,43.219059,350.289 -2.501204,43.219015,349.670 -2.501139,43.218976,349.442 -2.501086,43.218926,349.294 -2.501042,43.218880,348.876 -2.500983,43.218855,348.097 -2.500926,43.218860,347.223 -2.500879,43.218883,346.425 -2.500858,43.218910,346.209 -2.500850,43.218934,346.231 -2.500831,43.218955,346.612 -2.500821,43.218970,346.827 -2.500805,43.218987,347.089 -2.500782,43.219009,347.450 -2.500757,43.219024,347.661 -2.500733,43.219035,347.893 -2.500700,43.219050,347.835 -2.500669,43.219069,348.297 -2.500648,43.219082,348.216 -2.500624,43.219094,348.676 -2.500600,43.219103,349.013 -2.500575,43.219112,349.609 -2.500550,43.219118,350.433 -2.500525,43.219123,350.894 -2.500497,43.219130,351.279 -2.500475,43.219134,351.881 -2.500455,43.219143,352.272 -2.500439,43.219160,352.493 -2.500427,43.219176,352.665 -2.500411,43.219190,352.687 -2.500411,43.219207,352.879 -2.500411,43.219226,353.018 -2.500407,43.219244,353.298 -2.500398,43.219262,353.817 -2.500392,43.219279,354.409 -2.500388,43.219295,355.013 -2.500385,43.219309,355.494 -2.500383,43.219325,355.829 -2.500386,43.219342,356.281 -2.500392,43.219359,356.472 -2.500396,43.219379,356.893 -2.500390,43.219399,357.255 -2.500388,43.219418,357.457 -2.500385,43.219437,357.839 -2.500383,43.219458,358.093 -2.500382,43.219478,358.465 -2.500383,43.219497,358.621 -2.500386,43.219516,358.809 -2.500379,43.219541,359.021 -2.500383,43.219566,359.222 -2.500385,43.219590,359.287 -2.500386,43.219617,359.479 -2.500387,43.219639,359.860 -2.500381,43.219661,360.221 -2.500373,43.219683,360.433 -2.500361,43.219707,360.685 -2.500349,43.219732,360.887 -2.500338,43.219756,361.067 -2.500327,43.219781,361.081 -2.500317,43.219805,361.219 -2.500313,43.219827,361.209 -2.500303,43.219854,361.278 -2.500292,43.219882,361.299 -2.500286,43.219908,361.264 -2.500281,43.219932,361.236 -2.500276,43.219958,361.267 -2.500281,43.219982,361.458 -2.500279,43.220008,361.640 -2.500277,43.220033,361.842 -2.500277,43.220056,362.014 -2.500277,43.220083,362.294 -2.500278,43.220105,362.657 -2.500284,43.220126,363.422 -2.500287,43.220151,363.809 -2.500286,43.220178,364.051 -2.500287,43.220204,364.292 -2.500287,43.220229,364.257 -2.500287,43.220254,364.259 -2.500284,43.220279,364.080 -2.500278,43.220304,364.091 -2.500271,43.220326,364.263 -2.500268,43.220348,364.665 -2.500261,43.220373,365.097 -2.500258,43.220394,365.483 -2.500252,43.220416,365.825 -2.500243,43.220442,365.817 -2.500237,43.220463,365.809 -2.500236,43.220486,366.090 -2.500231,43.220506,366.211 -2.500223,43.220530,366.446 -2.500218,43.220555,366.658 -2.500215,43.220584,366.649 -2.500213,43.220608,366.610 -2.500216,43.220633,366.832 -2.500217,43.220656,367.024 -2.500212,43.220679,367.216 -2.500209,43.220698,367.487 -2.500206,43.220721,367.442 -2.500204,43.220743,367.826 -2.500203,43.220766,368.009 -2.500202,43.220789,368.060 -2.500205,43.220810,368.651 -2.500203,43.220831,369.056 -2.500201,43.220851,369.668 -2.500200,43.220868,370.049 -2.500202,43.220891,370.430 -2.500202,43.220916,370.692 -2.500191,43.220940,370.884 -2.500184,43.220965,371.066 -2.500182,43.220994,371.055 -2.500187,43.221028,371.007 -2.500186,43.221060,371.017 -2.500179,43.221087,371.209 -2.500176,43.221113,371.457 -2.500171,43.221142,371.418 -2.500161,43.221167,371.693 -2.500146,43.221193,371.885 -2.500129,43.221223,371.886 -2.500114,43.221251,372.027 -2.500096,43.221279,372.059 -2.500080,43.221305,372.011 -2.500064,43.221332,372.293 -2.500049,43.221357,372.453 -2.500034,43.221382,372.404 -2.500019,43.221408,372.614 -2.500002,43.221434,373.009 -2.499988,43.221461,373.067 -2.499968,43.221488,373.498 -2.499949,43.221513,373.663 -2.499931,43.221539,373.865 -2.499914,43.221571,373.886 -2.499895,43.221614,373.657 -2.499874,43.221659,373.469 -2.499845,43.221703,373.231 -2.499808,43.221746,372.633 -2.499769,43.221788,372.414 -2.499721,43.221833,372.054 -2.499671,43.221876,371.809 -2.499627,43.221918,371.609 -2.499578,43.221955,371.663 -2.499526,43.221989,371.264 -2.499471,43.222028,371.069 -2.499413,43.222062,370.861 -2.499348,43.222098,370.682 -2.499285,43.222130,370.473 -2.499235,43.222148,370.295 -2.499185,43.222156,370.297 -2.499125,43.222155,369.269 -2.499047,43.222148,368.655 -2.498956,43.222141,366.607 -2.498843,43.222138,365.217 -2.498726,43.222130,362.609 -2.498602,43.222108,361.267 -2.498486,43.222106,359.838 -2.498370,43.222106,358.693 -2.498265,43.222109,357.485 -2.498170,43.222126,358.256 -2.498091,43.222158,358.297 -2.498012,43.222195,358.269 -2.497935,43.222237,358.241 -2.497850,43.222277,358.043 -2.497771,43.222309,357.688 -2.497681,43.222327,357.024 -2.497591,43.222334,356.426 -2.497510,43.222336,356.209 -2.497419,43.222335,356.080 -2.497334,43.222332,356.031 -2.497262,43.222337,356.246 -2.497190,43.222358,356.678 -2.497140,43.222393,356.899 -2.497112,43.222443,357.050 -2.497095,43.222497,357.022 -2.497063,43.222554,356.654 -2.497000,43.222602,356.056 -2.496941,43.222645,355.411 -2.496886,43.222690,355.021 -2.496842,43.222735,353.803 -2.496788,43.222775,353.809 -2.496740,43.222811,354.263 -2.496697,43.222854,354.664 -2.496651,43.222896,354.869 -2.496607,43.222938,355.261 -2.496569,43.222980,355.232 -2.496534,43.223031,355.253 -2.496498,43.223087,354.825 -2.496446,43.223145,353.827 -2.496379,43.223195,352.849 -2.496319,43.223244,352.269 -2.496263,43.223296,352.004 -2.496201,43.223349,351.624 -2.496143,43.223399,351.009 -2.496085,43.223455,350.858 -2.496023,43.223500,350.649 -2.495971,43.223537,350.064 -2.495927,43.223570,350.046 -2.495881,43.223596,350.427 -2.495842,43.223625,350.458 -2.495809,43.223650,350.410 -2.495774,43.223675,350.682 -2.495732,43.223700,350.894 -2.495695,43.223721,350.815 -2.495679,43.223746,351.265 -2.495680,43.223779,351.611 -2.495679,43.223821,351.609 -2.495676,43.223872,351.443 -2.495665,43.223932,351.244 -2.495643,43.224001,349.859 -2.495616,43.224084,349.221 -2.495597,43.224174,347.832 -2.495556,43.224273,346.623 -2.495499,43.224372,345.225 -2.495438,43.224472,341.027 -2.495375,43.224570,337.449 -2.495305,43.224668,337.085 -2.495229,43.224762,335.889 -2.495141,43.224858,334.817 -2.495049,43.224947,334.209 -2.494947,43.225035,333.420 -2.494852,43.225123,332.651 -2.494757,43.225209,331.836 -2.494664,43.225294,331.498 -2.494573,43.225377,331.219 -2.494477,43.225455,331.260 -2.494385,43.225526,331.232 -2.494317,43.225585,331.264 -2.494250,43.225638,331.666 -2.494180,43.225674,332.041 -2.494110,43.225697,333.081 -2.494055,43.225721,333.209 -2.494025,43.225757,333.409 -2.494006,43.225798,333.416 -2.493975,43.225846,333.077 -2.493948,43.225899,332.852 -2.493914,43.225957,332.244 -2.493874,43.226022,330.835 -2.493818,43.226092,330.276 -2.493748,43.226156,329.228 -2.493677,43.226221,328.070 -2.493633,43.226304,327.452 -2.493627,43.226396,327.428 -2.493628,43.226486,326.889 -2.493602,43.226573,326.417 -2.493566,43.226655,326.209 -2.493531,43.226733,325.484 -2.493503,43.226808,324.895 -2.493487,43.226877,324.690 -2.493473,43.226939,324.072 -2.493459,43.226992,324.013 -2.493451,43.227035,324.414 -2.493445,43.227070,324.636 -2.493440,43.227106,324.678 -2.493445,43.227138,324.830 -2.493448,43.227174,324.814 -2.493441,43.227209,324.854 -2.493432,43.227250,324.809 -2.493418,43.227293,324.609 -2.493393,43.227339,324.413 -2.493364,43.227387,324.234 -2.493334,43.227439,323.829 -2.493305,43.227497,323.051 -2.493277,43.227564,322.212 -2.493252,43.227630,321.613 -2.493230,43.227698,321.245 -2.493214,43.227765,321.237 -2.493204,43.227832,321.239 -2.493200,43.227900,321.239 -2.493194,43.227961,321.601 -2.493189,43.228020,321.821 -2.493179,43.228075,322.209 -2.493167,43.228134,322.475 -2.493159,43.228190,322.886 -2.493161,43.228242,323.061 -2.493159,43.228294,323.263 -2.493164,43.228346,323.434 -2.493167,43.228397,323.615 -2.493170,43.228450,323.697 -2.493170,43.228502,323.669 -2.493176,43.228554,323.661 -2.493184,43.228597,323.624 -2.493201,43.228638,323.804 -2.493222,43.228683,323.814 -2.493239,43.228736,323.609 -2.493250,43.228801,323.234 -2.493269,43.228867,322.815 -2.493278,43.228934,322.250 -2.493278,43.229002,321.452 -2.493275,43.229078,320.493 -2.493270,43.229152,320.064 -2.493251,43.229223,319.216 -2.493228,43.229276,318.618 -2.493211,43.229310,317.850 -2.493198,43.229354,317.484 -2.493187,43.229409,317.007 -2.493166,43.229478,316.217 -2.493134,43.229557,313.809 -2.493120,43.229643,311.640 -2.493149,43.229726,309.881 -2.493226,43.229809,308.896 -2.493317,43.229882,305.898 -2.493411,43.229970,303.269 -2.493506,43.230059,300.620 -2.493616,43.230153,298.252 -2.493725,43.230254,296.254 -2.493823,43.230358,295.056 -2.493910,43.230442,293.287 -2.493987,43.230525,292.042 -2.494043,43.230605,290.626 -2.494076,43.230691,290.009 -2.494090,43.230772,289.670 -2.494073,43.230844,289.271 -2.494028,43.230916,287.096 -2.493948,43.230984,285.488 -2.493856,43.231055,283.869 -2.493770,43.231138,280.640 -2.493688,43.231230,279.012 -2.493611,43.231324,276.884 -2.493541,43.231413,276.476 -2.493470,43.231495,275.271 -2.493411,43.231567,274.041 -2.493371,43.231629,273.215 -2.493358,43.231684,272.409 -2.493387,43.231726,271.819 -2.493440,43.231734,271.290 -2.493494,43.231719,271.045 -2.493533,43.231697,271.227 -2.493585,43.231675,271.278 -2.493652,43.231655,271.069 -2.493733,43.231627,270.271 -2.493813,43.231585,268.813 -2.493899,43.231528,266.225 -2.493998,43.231470,263.235 -2.494100,43.231407,261.486 -2.494212,43.231341,259.814 -2.494319,43.231278,259.409 -2.494417,43.231221,259.675 -2.494511,43.231167,259.616 -2.494606,43.231116,260.061 -2.494696,43.231061,260.033 -2.494772,43.230994,260.094 -2.494831,43.230922,259.815 -2.494900,43.230853,259.847 -2.494975,43.230795,258.829 -2.495054,43.230736,258.241 -2.495127,43.230666,257.444 -2.495181,43.230579,255.805 -2.495214,43.230488,254.415 -2.495226,43.230401,253.009 -2.495234,43.230319,252.286 -2.495220,43.230234,251.447 -2.495163,43.230153,251.092 -2.495072,43.230089,250.434 -2.494977,43.230037,249.885 -2.494889,43.229987,249.686 -2.494814,43.229946,249.838 -2.494744,43.229911,250.430 -2.494691,43.229873,251.452 -2.494646,43.229836,252.616 -2.494614,43.229807,253.476 -2.494586,43.229789,254.613 -2.494557,43.229767,255.209 -2.494536,43.229745,255.683 -2.494517,43.229724,255.884 -2.494494,43.229696,255.829 -2.494481,43.229662,255.631 -2.494488,43.229623,255.462 -2.494513,43.229582,255.083 -2.494559,43.229544,254.875 -2.494622,43.229516,254.267 -2.494708,43.229495,253.489 -2.494798,43.229458,253.085 -2.494882,43.229401,251.089 -2.494943,43.229335,249.417 -2.494994,43.229271,248.009 -2.495061,43.229217,246.690 -2.495158,43.229182,245.411 -2.495283,43.229170,244.646 -2.495417,43.229173,243.888 -2.495544,43.229170,239.419 -2.495656,43.229150,236.480 -2.495749,43.229113,235.612 -2.495808,43.229061,235.454 -2.495841,43.229002,235.876 -2.495860,43.228945,236.826 -2.495874,43.228900,237.647 -2.495885,43.228854,237.811 -2.495896,43.228805,237.809 -2.495912,43.228756,237.634 -2.495928,43.228703,237.425 -2.495948,43.228642,237.280 -2.495977,43.228578,236.672 -2.496007,43.228503,235.643 -2.496036,43.228423,234.014 -2.496057,43.228349,233.416 -2.496083,43.228274,232.898 -2.496121,43.228207,230.890 -2.496178,43.228155,230.279 -2.496253,43.228119,230.005 -2.496327,43.228090,230.025 -2.496386,43.228057,230.009 -2.496430,43.228018,230.029 -2.496472,43.227973,229.880 -2.496522,43.227913,229.245 -2.496563,43.227848,228.487 -2.496611,43.227776,226.618 -2.496691,43.227710,224.269 -2.496784,43.227653,224.041 -2.496877,43.227605,223.813 -2.496969,43.227555,222.895 -2.497055,43.227490,222.253 -2.497138,43.227405,221.004 -2.497208,43.227311,218.014 -2.497281,43.227222,216.409 -2.497378,43.227140,213.687 -2.497493,43.227065,211.698 -2.497610,43.226999,209.863 -2.497718,43.226931,208.035 -2.497812,43.226867,205.846 -2.497887,43.226818,205.257 -2.497967,43.226787,204.849 -2.498044,43.226786,204.841 -2.498116,43.226813,204.633 -2.498164,43.226854,204.843 -2.498223,43.226894,204.864 -2.498296,43.226922,204.610 -2.498373,43.226926,204.409 -2.498441,43.226913,204.446 -2.498500,43.226883,204.477 -2.498550,43.226840,204.032 -2.498582,43.226787,203.874 -2.498602,43.226727,203.085 -2.498614,43.226665,202.026 -2.498639,43.226605,201.858 -2.498689,43.226556,201.810 -2.498766,43.226521,201.812 -2.498833,43.226495,201.655 -2.498900,43.226446,201.607 -2.498947,43.226382,201.617 -2.498981,43.226316,200.809 -2.499018,43.226252,200.017 -2.499056,43.226188,199.888 -2.499095,43.226117,199.453 -2.499119,43.226047,198.865 -2.499123,43.225988,198.646 -2.499136,43.225942,198.697 -2.499179,43.225918,198.899 -2.499229,43.225920,198.651 -2.499252,43.225942,198.613 -2.499248,43.225969,198.446 -2.499227,43.226000,198.488 -2.499205,43.226041,198.416 -2.499194,43.226094,198.009 -2.499178,43.226158,197.416 -2.499159,43.226223,196.857 -2.499130,43.226293,196.022 -2.499102,43.226362,194.824 -2.499069,43.226438,193.635 -2.499028,43.226517,192.876 -2.498993,43.226600,191.268 -2.498959,43.226687,190.020 -2.498913,43.226773,188.692 -2.498864,43.226870,187.668 -2.498817,43.226975,186.242 -2.498783,43.227081,185.626 -2.498741,43.227189,184.609 -2.498693,43.227298,184.278 -2.498639,43.227404,182.639 -2.498584,43.227514,181.094 -2.498535,43.227633,179.286 -2.498519,43.227760,177.427 -2.498523,43.227890,175.698 -2.498522,43.228014,174.670 -2.498509,43.228134,174.212 -2.498499,43.228255,173.854 -2.498488,43.228374,173.856 -2.498471,43.228499,173.259 -2.498457,43.228621,172.014 -2.498448,43.228743,171.609 -2.498446,43.228864,169.897 -2.498448,43.228988,169.028 -2.498437,43.229111,168.093 -2.498413,43.229228,168.425 -2.498366,43.229341,168.686 -2.498301,43.229443,169.267 -2.498221,43.229533,169.229 -2.498150,43.229615,169.641 -2.498098,43.229700,169.813 -2.498058,43.229784,170.086 -2.498026,43.229860,170.660 -2.498005,43.229928,171.026 -2.497987,43.229981,171.609 -2.497961,43.230024,172.210 -2.497948,43.230062,172.671 -2.497941,43.230102,173.046 -2.497930,43.230142,173.238 -2.497918,43.230186,173.449 -2.497900,43.230228,173.690 -2.497891,43.230279,173.652 -2.497875,43.230331,173.684 -2.497862,43.230386,173.476 -2.497851,43.230445,173.292 -2.497835,43.230502,172.873 -2.497810,43.230561,172.620 -2.497779,43.230624,172.409 -2.497757,43.230687,172.081 -2.497736,43.230753,171.852 -2.497713,43.230822,171.657 -2.497686,43.230888,171.099 -2.497659,43.230952,170.850 -2.497639,43.231017,170.631 -2.497619,43.231081,170.463 -2.497603,43.231145,170.415 -2.497587,43.231211,170.677 -2.497570,43.231271,170.638 -2.497553,43.231334,170.870 -2.497535,43.231395,170.817 -2.497516,43.231453,171.009 -2.497485,43.231513,171.095 -2.497441,43.231571,170.886 -2.497387,43.231627,170.411 -2.497334,43.231681,170.293 -2.497282,43.231734,169.884 -2.497228,43.231785,169.655 -2.497173,43.231835,169.227 -2.497111,43.231888,169.079 -2.497051,43.231943,168.631 -2.496982,43.231997,168.284 -2.496906,43.232052,167.807 -2.496823,43.232100,167.217 -2.496755,43.232158,166.809 -2.496701,43.232222,166.410 -2.496658,43.232295,166.431 -2.496623,43.232363,166.456 -2.496592,43.232424,166.848 -2.496564,43.232481,167.079 -2.496538,43.232522,167.440 -2.496522,43.232548,167.442 -2.496522,43.232571,167.434 -2.496520,43.232597,167.456 -2.496509,43.232632,167.481 -2.496494,43.232672,167.261 -2.496477,43.232718,167.217 -2.496456,43.232767,166.609 -2.496434,43.232822,166.230 -2.496422,43.232878,166.021 -2.496410,43.232931,165.646 -2.496397,43.232988,165.098 -2.496389,43.233050,164.859 -2.496387,43.233111,164.670 -2.496392,43.233172,164.072 -2.496401,43.233233,164.024 -2.496413,43.233293,163.856 -2.496436,43.233353,163.455 -2.496469,43.233418,162.807 -2.496513,43.233481,162.617 -2.496569,43.233546,162.009 -2.496627,43.233611,161.647 -2.496703,43.233672,161.028 -2.496786,43.233731,160.693 -2.496852,43.233794,159.415 -2.496898,43.233863,158.656 -2.496921,43.233931,158.087 -2.496932,43.233980,157.489 -2.496968,43.234003,157.091 -2.497025,43.233990,156.863 -2.497072,43.233953,156.695 -2.497118,43.233920,156.449 -2.497166,43.233884,156.023 -2.497215,43.233853,155.609 -2.497267,43.233826,155.471 -2.497326,43.233806,155.292 -2.497387,43.233796,154.877 -2.497447,43.233795,154.899 -2.497508,43.233800,155.040 -2.497569,43.233802,155.451 -2.497627,43.233797,155.683 -2.497680,43.233794,156.275 -2.497719,43.233790,156.827 -2.497763,43.233794,157.023 -2.497796,43.233803,157.483 -2.497833,43.233814,157.611 -2.497870,43.233825,157.809 -2.497904,43.233836,158.274 -2.497939,43.233850,158.445 -2.497969,43.233861,158.690 -2.498001,43.233873,159.262 -2.498033,43.233886,159.673 -2.498064,43.233901,160.014 -2.498096,43.233914,160.496 -2.498126,43.233925,160.668 -2.498158,43.233935,160.810 -2.498187,43.233938,161.095 -2.498224,43.233948,161.249 -2.498257,43.233960,161.423 -2.498289,43.233977,161.609 -2.498322,43.233989,161.811 -2.498360,43.234006,162.052 -2.498396,43.234023,162.247 -2.498435,43.234037,162.469 -2.498467,43.234047,162.630 -2.498496,43.234055,162.851 -2.498524,43.234060,163.043 -2.498554,43.234061,163.295 -2.498581,43.234074,163.497 -2.498615,43.234084,163.676 -2.498648,43.234088,163.890 -2.498682,43.234087,164.019 -2.498720,43.234077,164.209 -2.498759,43.234079,164.489 -2.498794,43.234081,164.630 -2.498832,43.234073,165.065 -2.498868,43.234066,165.227 -2.498909,43.234053,165.288 -2.498950,43.234039,165.619 -2.498991,43.234024,165.631 -2.499030,43.234006,165.863 -2.499067,43.233986,166.015 -2.499106,43.233969,166.285 -2.499147,43.233949,166.489 -2.499190,43.233934,166.617 -2.499234,43.233924,166.809 -2.499275,43.233916,166.850 -2.499322,43.233910,167.031 -2.499365,43.233909,167.286 -2.499413,43.233913,167.218 -2.499463,43.233921,167.459 -2.499517,43.233932,167.670 -2.499572,43.233946,167.642 -2.499627,43.233961,167.644 -2.499683,43.233978,167.826 -2.499737,43.233997,168.279 -2.499788,43.234016,168.405 -2.499842,43.234036,168.825 -2.499895,43.234051,168.809 -2.499946,43.234063,169.099 -2.499997,43.234074,169.230 -2.500050,43.234085,169.475 -2.500106,43.234094,169.667 -2.500166,43.234101,169.618 -2.500232,43.234112,169.479 -2.500300,43.234124,169.261 -2.500371,43.234139,169.033 -2.500444,43.234154,168.685 -2.500517,43.234169,168.078 -2.500590,43.234185,167.833 -2.500662,43.234199,167.626 -2.500738,43.234211,167.609 -2.500822,43.234223,167.229 -2.500908,43.234240,166.820 -2.500989,43.234251,166.495 -2.501074,43.234261,165.647 -2.501160,43.234269,165.288 -2.501249,43.234283,165.099 -2.501335,43.234302,164.881 -2.501424,43.234325,164.833 -2.501502,43.234357,164.665 -2.501574,43.234390,164.887 -2.501644,43.234418,165.042 -2.501706,43.234446,165.226 -2.501763,43.234476,165.609 -2.501810,43.234508,166.060 -2.501849,43.234541,166.451 -2.501884,43.234576,166.866 -2.501912,43.234608,167.058 -2.501934,43.234637,167.449 -2.501959,43.234665,167.850 -2.501991,43.234689,168.452 -2.502016,43.234711,168.824 -2.502045,43.234725,169.446 -2.502074,43.234735,169.891 -2.502102,43.234742,170.281 -2.502138,43.234743,170.419 -2.502171,43.234739,170.809 -2.502211,43.234738,171.011 -2.502247,43.234739,171.462 -2.502286,43.234736,171.677 -2.502320,43.234731,172.039 -2.502353,43.234727,172.270 -2.502392,43.234721,172.471 -2.502433,43.234716,172.643 -2.502469,43.234712,173.085 -2.502506,43.234707,173.477 -2.502541,43.234704,173.694 -2.502574,43.234701,174.057 -2.502612,43.234697,174.422 -2.502645,43.234693,174.809 -2.502678,43.234694,175.221 -2.502712,43.234695,175.492 -2.502748,43.234698,175.647 -2.502787,43.234699,175.839 -2.502829,43.234700,176.090 -2.502864,43.234708,176.261 -2.502897,43.234712,176.443 -2.502936,43.234716,176.825 -2.502972,43.234719,177.047 -2.503008,43.234725,177.257 -2.503043,43.234729,177.400 -2.503079,43.234734,177.620 -2.503122,43.234741,177.609 -2.503161,43.234748,177.657 -2.503197,43.234754,177.828 -2.503229,43.234755,177.863 -2.503262,43.234757,178.095 -2.503295,43.234761,178.216 -2.503325,43.234766,178.697 -2.503357,43.234777,178.639 -2.503397,43.234783,178.821 -2.503439,43.234782,179.043 -2.503478,43.234792,179.255 -2.503512,43.234804,179.607 -2.503545,43.234817,179.817 -2.503572,43.234830,180.209 -2.503599,43.234841,180.457 -2.503630,43.234855,180.648 -2.503668,43.234861,180.873 -2.503709,43.234863,180.835 -2.503741,43.234862,181.046 -2.503778,43.234858,181.047 -2.503815,43.234854,180.819 -2.503850,43.234851,181.021 -2.503886,43.234849,181.283 -2.503921,43.234849,181.258 -2.503956,43.234848,181.452 -2.503988,43.234848,181.617 -2.504020,43.234846,182.009 -2.504055,43.234844,182.227 -2.504090,43.234845,182.478 -2.504126,43.234842,182.863 -2.504159,43.234838,182.845 -2.504193,43.234835,183.096 -2.504228,43.234834,183.287 -2.504261,43.234832,183.289 -2.504296,43.234831,183.621 -2.504331,43.234831,183.893 -2.504365,43.234831,184.025 -2.504405,43.234828,184.226 -2.504444,43.234827,184.408 -2.504480,43.234830,184.409 -2.504518,43.234836,184.444 -2.504550,43.234843,184.635 -2.504587,43.234851,184.660 -2.504623,43.234858,184.862 -2.504658,43.234863,184.863 -2.504696,43.234865,185.084 -2.504728,43.234862,185.076 -2.504766,43.234855,185.278 -2.504808,43.234848,185.660 -2.504841,43.234845,185.839 -2.504872,43.234842,186.201 -2.504905,43.234836,186.421 -2.504941,43.234830,186.609 -2.504976,43.234824,186.895 -2.505008,43.234820,187.056 -2.505046,43.234817,187.481 -2.505086,43.234814,187.893 -2.505125,43.234812,188.074 -2.505162,43.234813,188.485 -2.505193,43.234818,188.687 -2.505225,43.234821,188.889 -2.505264,43.234826,188.881 -2.505304,43.234830,189.062 -2.505336,43.234834,189.283 -2.505375,43.234840,189.411 -2.505410,43.234843,189.809 -2.505446,43.234850,190.058 -2.505477,43.234854,190.299 -2.505514,43.234856,190.484 -2.505550,43.234852,190.626 -2.505587,43.234857,190.877 -2.505627,43.234862,191.268 -2.505667,43.234866,191.490 -2.505704,43.234867,191.882 -2.505742,43.234872,192.434 -2.505776,43.234873,192.675 -2.505814,43.234874,192.828 -2.505844,43.234876,193.220 -2.505875,43.234873,193.609 -2.505911,43.234873,193.899 -2.505950,43.234876,194.020 -2.505986,43.234882,194.275 -2.506022,43.234888,194.417 -2.506055,43.234887,194.648 -2.506091,43.234885,194.849 -2.506129,43.234885,195.251 -2.506165,43.234886,195.493 -2.506200,43.234888,195.825 -2.506235,43.234892,196.021 -2.506271,43.234898,196.241 -2.506300,43.234906,196.605 -2.506333,43.234915,196.809 -2.506372,43.234922,197.054 -2.506403,43.234932,197.055 -2.506439,43.234939,197.220 -2.506470,43.234942,197.482 -2.506506,43.234945,197.673 -2.506539,43.234950,198.074 -2.506574,43.234957,198.256 -2.506611,43.234965,198.698 -2.506646,43.234978,199.080 -2.506674,43.234992,199.238 -2.506703,43.235005,199.470 -2.506731,43.235022,199.617 -2.506755,43.235043,199.609 -2.506780,43.235063,199.635 -2.506802,43.235087,200.066 -2.506825,43.235111,200.211 -2.506848,43.235131,200.413 -2.506871,43.235150,200.844 -2.506894,43.235169,201.025 -2.506916,43.235186,201.247 -2.506942,43.235203,201.689 -2.506971,43.235215,201.651 -2.507004,43.235225,201.852 -2.507039,43.235229,202.053 -2.507070,43.235231,202.008 -2.507103,43.235227,202.209 -2.507140,43.235222,202.427 -2.507175,43.235217,202.818 -2.507209,43.235212,203.083 -2.507243,43.235208,203.235 -2.507277,43.235204,203.476 -2.507310,43.235206,203.817 -2.507348,43.235204,203.829 -2.507387,43.235204,204.071 -2.507422,43.235210,204.293 -2.507455,43.235217,204.453 -2.507490,43.235231,204.404 -2.507518,43.235246,204.614 -2.507547,43.235261,204.809 -2.507575,43.235275,205.027 -2.507600,43.235286,205.448 -2.507628,43.235295,205.413 -2.507661,43.235304,205.885 -2.507692,43.235321,206.096 -2.507720,43.235336,206.247 -2.507750,43.235351,206.249 -2.507778,43.235367,206.421 -2.507807,43.235381,206.643 -2.507835,43.235394,206.666 -2.507866,43.235409,207.029 -2.507893,43.235426,207.221 -2.507916,43.235441,207.409 -2.507937,43.235460,207.848 -2.507959,43.235477,208.279 -2.507986,43.235495,208.444 -2.508012,43.235512,208.646 -2.508043,43.235527,208.897 -2.508072,43.235540,209.068 -2.508106,43.235554,209.280 -2.508139,43.235569,209.422 -2.508168,43.235581,209.654 -2.508196,43.235591,209.836 -2.508226,43.235601,210.017 -2.508257,43.235612,210.418 -2.508288,43.235625,210.409 -2.508321,43.235637,210.635 -2.508353,43.235650,211.056 -2.508383,43.235662,211.041 -2.508410,43.235674,211.223 -2.508441,43.235684,211.474 -2.508473,43.235696,211.655 -2.508502,43.235709,211.827 -2.508534,43.235724,212.059 -2.508566,43.235737,212.451 -2.508599,43.235750,212.664 -2.508631,43.235764,212.806 -2.508663,43.235780,213.016 -2.508692,43.235796,213.209 -2.508717,43.235817,213.228 -2.508742,43.235835,213.499 -2.508770,43.235853,213.694 -2.508798,43.235868,214.036 -2.508825,43.235885,214.297 -2.508853,43.235903,214.478 -2.508878,43.235922,214.830 -2.508905,43.235942,215.022 -2.508932,43.235960,215.254 -2.508954,43.235982,215.693 -2.508971,43.236003,215.665 -2.508981,43.236023,215.821 -2.508990,43.236048,216.009 -2.508998,43.236073,216.471 -2.509006,43.236097,216.642 -2.509015,43.236125,217.017 -2.509022,43.236154,217.269 -2.509025,43.236181,217.260 -2.509033,43.236205,217.451 -2.509049,43.236224,217.473 -2.509073,43.236239,217.485 -2.509098,43.236255,217.697 -2.509119,43.236266,217.694 -2.509150,43.236269,217.857 -2.509182,43.236268,218.022 -2.509208,43.236262,218.209 -2.509226,43.236256,218.491 -2.509242,43.236249,218.662 -2.509269,43.236241,218.687 -2.509303,43.236238,218.839 -2.509340,43.236240,218.850 -2.509376,43.236251,219.081 -2.509400,43.236273,219.223 -2.509394,43.236300,219.655 -2.509369,43.236317,220.257 -2.509337,43.236333,220.422 -2.509300,43.236342,220.862 -2.509261,43.236347,220.808 -2.509218,43.236349,221.009 -2.509172,43.236351,221.024 -2.509129,43.236354,221.035 -2.509086,43.236356,221.050 -2.509039,43.236352,221.022 -2.508991,43.236342,221.053 -2.508952,43.236323,221.024 -2.508922,43.236297,220.826 -2.508903,43.236268,220.638 -2.508890,43.236238,220.660 -2.508880,43.236208,220.636 -2.508866,43.236177,220.817 -2.508850,43.236150,221.218 -2.508834,43.236125,221.809 -2.508811,43.236106,222.215 -2.508787,43.236086,222.616 -2.508763,43.236065,223.011 -2.508738,43.236046,223.233 -2.508709,43.236033,223.494 -2.508676,43.236022,223.455 -2.508635,43.236013,223.667 -2.508607,43.236004,223.659 -2.508575,43.235994,223.491 -2.508544,43.235983,223.413 -2.508511,43.235977,223.643 -2.508470,43.235973,223.807 -2.508428,43.235969,224.209 -2.508398,43.235959,224.623 -2.508362,43.235954,224.864 -2.508325,43.235953,225.069 -2.508291,43.235947,225.251 -2.508247,43.235943,225.442 -2.508216,43.235939,225.693 -2.508178,43.235937,226.045 -2.508145,43.235937,226.437 -2.508109,43.235934,226.489 -2.508065,43.235927,226.421 -2.508018,43.235920,226.241 -2.507965,43.235912,226.205 -2.507913,43.235901,226.209 -2.507866,43.235891,226.484 -2.507825,43.235879,226.685 -2.507784,43.235864,226.840 -2.507742,43.235846,227.222 -2.507704,43.235834,227.253 -2.507664,43.235817,227.464 -2.507623,43.235804,227.666 -2.507579,43.235793,227.898 -2.507532,43.235778,227.870 -2.507491,43.235764,228.295 -2.507448,43.235756,228.449 -2.507403,43.235749,228.423 -2.507357,43.235745,228.609 -2.507320,43.235746,228.661 -2.507277,43.235754,228.622 -2.507231,43.235768,228.687 -2.507191,43.235787,228.629 -2.507146,43.235809,228.430 -2.507090,43.235827,228.221 -2.507032,43.235846,227.823 -2.506966,43.235868,227.645 -2.506883,43.235890,227.027 -2.506803,43.235893,226.647 -2.506733,43.235880,226.429 -2.506666,43.235860,226.421 -2.506606,43.235838,226.409 -2.506558,43.235823,226.626 -2.506513,43.235806,227.267 -2.506462,43.235788,227.852 -2.506414,43.235773,228.484 -2.506361,43.235765,229.085 -2.506304,43.235758,229.426 -2.506252,43.235757,229.818 -2.506189,43.235760,230.230 -2.506133,43.235759,230.662 -2.506085,43.235758,231.641 -2.506035,43.235760,232.681 -2.505990,43.235764,233.409 -2.505941,43.235774,233.809 -2.505898,43.235780,234.086 -2.505858,43.235786,234.247 -2.505820,43.235792,234.242 -2.505783,43.235794,234.454 -2.505746,43.235796,234.435 -2.505704,43.235798,234.686 -2.505671,43.235802,234.628 -2.505631,43.235810,234.870 -2.505589,43.235822,234.892 -2.505547,43.235833,235.024 -2.505511,43.235844,235.204 -2.505475,43.235858,235.614 -2.505439,43.235872,235.809 -2.505406,43.235890,236.294 -2.505375,43.235908,236.475 -2.505353,43.235925,236.680 -2.505337,43.235949,236.842 -2.505329,43.235975,237.273 -2.505329,43.235988,237.684 -2.505333,43.236000,237.846 -2.505339,43.236018,238.228 -2.505342,43.236038,238.240 -2.505341,43.236060,238.435 -2.505353,43.236076,238.686 -2.505379,43.236089,238.614 -2.505408,43.236097,238.609 -2.505440,43.236101,239.055 -2.505468,43.236098,239.016 -2.505503,43.236095,239.481 -2.505536,43.236091,239.853 -2.505577,43.236093,240.044 -2.505617,43.236097,240.285 -2.505651,43.236101,240.647 -2.505691,43.236103,240.869 -2.505721,43.236108,241.011 -2.505745,43.236114,241.257 -2.505771,43.236121,241.600 -2.505793,43.236127,241.820 -2.505809,43.236134,242.009 -2.505816,43.236136,242.457 -2.505833,43.236136,242.648 -2.505856,43.236135,242.833 -2.505877,43.236141,243.045 -2.505888,43.236153,243.446 -2.505892,43.236168,243.477 -2.505890,43.236182,243.649 -2.505885,43.236199,243.891 -2.505880,43.236215,244.083 -2.505875,43.236230,244.068 -2.505873,43.236251,244.442 -2.505865,43.236262,244.626 -2.505858,43.236275,244.809 -2.505837,43.236289,245.068 -2.505825,43.236302,245.219 -2.505810,43.236316,245.654 -2.505796,43.236329,245.886 -2.505780,43.236340,246.217 -2.505765,43.236357,246.418 -2.505754,43.236373,246.890 -2.505737,43.236388,247.022 -2.505718,43.236405,247.074 -2.505703,43.236418,247.297 -2.505691,43.236431,247.423 -2.505678,43.236444,247.625 -2.505659,43.236455,247.809 -2.505642,43.236466,248.431 -2.505626,43.236478,248.862 -2.505605,43.236490,249.427 -2.505592,43.236505,249.879 -2.505577,43.236526,249.860 -2.505556,43.236544,250.271 -2.505532,43.236556,250.253 -2.505504,43.236567,250.465 -2.505479,43.236578,250.647 -2.505451,43.236591,251.079 -2.505425,43.236599,251.205 -2.505404,43.236617,251.425 -2.505377,43.236629,251.609 -2.505350,43.236640,251.879 -2.505321,43.236651,252.090 -2.505297,43.236658,252.215 -2.505273,43.236666,252.657 -2.505245,43.236673,252.818 -2.505214,43.236673,253.279 -2.505188,43.236678,253.431 -2.505163,43.236682,253.673 -2.505137,43.236687,253.695 -2.505107,43.236690,253.893 -2.505073,43.236688,254.065 -2.505042,43.236684,254.221 -2.505014,43.236682,254.609 -2.504989,43.236690,255.011 -2.504967,43.236698,255.482 -2.504936,43.236703,255.677 -2.504910,43.236706,256.089 -2.504887,43.236712,256.430 -2.504865,43.236722,256.691 -2.504846,43.236733,257.053 -2.504826,43.236747,257.415 -2.504800,43.236756,257.657 -2.504772,43.236768,258.032 -2.504749,43.236782,258.492 -2.504729,43.236798,258.611 -2.504711,43.236815,258.809 -2.504689,43.236831,259.075 -2.504668,43.236849,259.296 -2.504658,43.236867,259.211 -2.504649,43.236886,259.673 -2.504642,43.236902,260.034 -2.504632,43.236921,260.485 -2.504620,43.236937,261.067 -2.504616,43.236955,261.419 -2.504617,43.236970,261.691 -2.504613,43.236986,262.074 -2.504602,43.236993,262.256 -2.504593,43.237006,262.621 -2.504593,43.237019,262.809 -2.504595,43.237036,263.079 -2.504589,43.237056,263.460 -2.504581,43.237076,263.615 -2.504573,43.237093,264.097 -2.504562,43.237109,264.298 -2.504557,43.237124,264.499 -2.504556,43.237143,264.821 -2.504551,43.237160,265.063 -2.504546,43.237173,265.255 -2.504551,43.237192,265.445 -2.504556,43.237212,265.647 -2.504557,43.237229,265.811 -2.504560,43.237246,266.209 -2.504569,43.237262,266.696 -2.504573,43.237284,267.087 -2.504578,43.237305,267.442 -2.504578,43.237325,267.684 -2.504578,43.237341,268.075 -2.504580,43.237358,268.296 -2.504581,43.237377,268.458 -2.504581,43.237392,268.820 -2.504586,43.237405,269.062 -2.504592,43.237421,269.233 -2.504597,43.237439,269.423 -2.504602,43.237458,269.615 -2.504604,43.237475,269.609 -2.504608,43.237496,269.855 -2.504615,43.237515,269.886 -2.504624,43.237537,270.281 -2.504629,43.237552,270.643 -2.504641,43.237571,270.824 -2.504648,43.237589,271.265 -2.504651,43.237607,271.697 -2.504656,43.237623,272.029 -2.504662,43.237640,272.261 -2.504673,43.237654,272.686 -2.504684,43.237668,272.860 -2.504694,43.237683,273.226 -2.504703,43.237698,273.209 -2.504713,43.237716,273.460 -2.504721,43.237736,273.461 -2.504726,43.237754,273.666 -2.504729,43.237772,274.068 -2.504735,43.237790,274.249 -2.504744,43.237804,274.420 -2.504751,43.237818,274.612 -2.504763,43.237832,274.884 -2.504775,43.237848,275.066 -2.504779,43.237868,275.414 -2.504786,43.237887,275.654 -2.504796,43.237905,276.009 -2.504806,43.237920,276.209 -2.504819,43.237936,276.443 -2.504828,43.237952,276.674 -2.504839,43.237969,277.069 -2.504849,43.237985,277.291 -2.504859,43.238001,277.412 -2.504873,43.238017,277.863 -2.504888,43.238031,278.035 -2.504903,43.238047,278.037 -2.504915,43.238061,278.289 -2.504929,43.238075,278.495 -2.504943,43.238090,278.649 -2.504957,43.238103,278.823 -2.504973,43.238119,279.009 -2.504987,43.238134,279.241 -2.505000,43.238147,279.422 -2.505016,43.238164,279.637 -2.505031,43.238179,279.639 -2.505042,43.238194,279.890 -2.505057,43.238206,280.091 -2.505075,43.238221,280.253 -2.505085,43.238235,280.465 -2.505101,43.238251,280.637 -2.505120,43.238264,280.833 -2.505137,43.238278,281.023 -2.505155,43.238292,281.215 -2.505169,43.238306,281.409 -2.505183,43.238323,281.635 -2.505194,43.238340,281.846 -2.505205,43.238351,282.211 -2.505220,43.238369,282.483 -2.505232,43.238386,282.624 -2.505242,43.238404,282.885 -2.505252,43.238418,283.277 -2.505261,43.238432,283.639 -2.505272,43.238447,283.821 -2.505282,43.238461,284.252 -2.505291,43.238477,284.453 -2.505296,43.238495,284.608 -2.505300,43.238509,284.809 -2.505307,43.238522,285.237 -2.505311,43.238536,285.448 -2.505321,43.238548,285.873 -2.505331,43.238563,286.235 -2.505336,43.238577,286.416 -2.505341,43.238591,286.637 -2.505349,43.238608,287.049 -2.505355,43.238624,287.281 -2.505355,43.238639,287.443 -2.505365,43.238653,287.491 -2.505377,43.238667,287.681 -2.505388,43.238682,287.819 -2.505404,43.238695,288.009 -2.505417,43.238708,288.231 -2.505425,43.238722,288.842 -2.505436,43.238735,289.237 -2.505446,43.238749,289.699 -2.505456,43.238766,289.830 -2.505466,43.238783,290.061 -2.505478,43.238795,290.273 -2.505496,43.238811,290.625 -2.505509,43.238823,291.097 -2.505523,43.238835,291.238 -2.505536,43.238848,291.670 -2.505550,43.238859,291.817 -2.505564,43.238872,292.009 -2.505575,43.238886,292.025 -2.505588,43.238901,292.256 -2.505601,43.238917,292.461 -2.505616,43.238933,292.663 -2.505629,43.238948,292.824 -2.505642,43.238960,293.055 -2.505658,43.238973,293.267 -2.505675,43.238986,293.419 -2.505689,43.238998,293.641 -2.505702,43.239011,293.889 -2.505713,43.239023,294.006 -2.505727,43.239036,294.226 -2.505741,43.239052,294.409 -2.505754,43.239064,294.820 -2.505768,43.239076,295.071 -2.505784,43.239086,295.466 -2.505802,43.239097,295.678 -2.505816,43.239106,295.829 -2.505833,43.239118,296.280 -2.505850,43.239127,296.472 -2.505870,43.239136,296.854 -2.505888,43.239147,297.266 -2.505904,43.239156,297.667 -2.505924,43.239166,297.881 -2.505941,43.239175,298.219 -2.505958,43.239185,298.409 -2.505974,43.239193,298.698 -2.505995,43.239203,298.869 -2.506014,43.239211,299.024 -2.506034,43.239219,299.216 -2.506056,43.239227,299.637 -2.506075,43.239236,300.038 -2.506095,43.239246,300.220 -2.506112,43.239253,300.442 -2.506136,43.239260,300.694 -2.506160,43.239269,300.841 -2.506179,43.239280,301.081 -2.506195,43.239289,301.209 -2.506213,43.239302,301.209 -2.506232,43.239312,301.496 -2.506251,43.239322,301.817 -2.506271,43.239330,302.062 -2.506289,43.239340,302.414 -2.506309,43.239348,302.655 -2.506329,43.239358,302.886 -2.506351,43.239368,303.018 -2.506367,43.239376,303.290 -2.506386,43.239384,303.492 -2.506394,43.239393,303.697 -2.506417,43.239400,304.023 -2.506441,43.239409,304.425 -2.506462,43.239419,304.809 -2.506485,43.239428,305.021 -2.506506,43.239436,305.252 -2.506527,43.239443,305.427 -2.506549,43.239451,305.669 -2.506570,43.239460,305.870 -2.506586,43.239470,306.281 -2.506603,43.239477,306.483 -2.506623,43.239486,306.615 -2.506644,43.239496,307.057 -2.506662,43.239505,307.233 -2.506682,43.239512,307.623 -2.506701,43.239519,307.815 -2.506720,43.239528,308.009 -2.506736,43.239537,308.255 -2.506757,43.239546,308.496 -2.506779,43.239553,308.651 -2.506798,43.239560,308.843 -2.506818,43.239570,309.284 -2.506838,43.239582,309.445 -2.506858,43.239593,309.657 -2.506877,43.239603,309.639 -2.506902,43.239613,309.871 -2.506922,43.239620,309.841 -2.506940,43.239638,310.081 -2.506958,43.239655,310.009 -2.506979,43.239670,310.409 -2.507000,43.239684,310.686 -2.507017,43.239696,310.827 -2.507034,43.239705,311.092 -2.507056,43.239719,311.444 -2.507077,43.239732,311.625 -2.507100,43.239744,311.836 -2.507122,43.239755,312.228 -2.507142,43.239769,312.680 -2.507160,43.239781,312.892 -2.507177,43.239797,313.067 -2.507198,43.239813,313.481 -2.507216,43.239828,313.619 -2.507235,43.239844,313.809 -2.507255,43.239860,314.098 -2.507271,43.239876,314.499 -2.507287,43.239890,314.614 -2.507303,43.239903,315.016 -2.507321,43.239916,315.267 -2.507341,43.239931,315.248 -2.507360,43.239944,315.420 -2.507382,43.239954,315.692 -2.507404,43.239965,315.844 -2.507420,43.239979,316.069 -2.507436,43.239993,316.204 -2.507451,43.240005,316.624 -2.507469,43.240020,316.809 -2.507484,43.240036,317.258 -2.507501,43.240053,317.469 -2.507521,43.240070,317.484 -2.507543,43.240082,317.666 -2.507572,43.240091,317.897 -2.507601,43.240099,317.838 -2.507630,43.240105,318.040 -2.507661,43.240111,318.212 -2.507690,43.240116,318.414 -2.507722,43.240120,318.629 -2.507752,43.240122,318.800 -2.507779,43.240124,319.220 -2.507808,43.240121,319.409 -2.507838,43.240120,319.434 -2.507869,43.240123,319.665 -2.507898,43.240129,319.820 -2.507926,43.240137,319.832 -2.507949,43.240143,320.023 -2.507974,43.240145,320.254 -2.508004,43.240144,320.416 -2.508039,43.240143,320.638 -2.508071,43.240144,320.880 -2.508102,43.240145,321.081 -2.508131,43.240144,321.261 -2.508164,43.240143,321.217 -2.508195,43.240146,321.409 -2.508222,43.240145,321.470 -2.508250,43.240140,321.471 -2.508278,43.240136,321.626 -2.508308,43.240136,321.698 -2.508335,43.240133,321.619 -2.508367,43.240129,321.810 -2.508394,43.240127,322.052 -2.508423,43.240123,322.264 -2.508456,43.240120,322.656 -2.508483,43.240115,322.899 -2.508512,43.240110,323.007 -2.508541,43.240107,323.227 -2.508570,43.240104,323.409 -2.508600,43.240101,323.841 -2.508633,43.240096,324.222 -2.508663,43.240091,324.477 -2.508690,43.240084,324.879 -2.508715,43.240075,325.240 -2.508739,43.240065,325.651 -2.508763,43.240057,326.243 -2.508788,43.240046,326.635 -2.508809,43.240034,327.087 -2.508835,43.240023,327.433 -2.508859,43.240015,327.823 -2.508883,43.240007,328.215 -2.508907,43.239998,328.609 -2.508932,43.239990,329.035 -2.508954,43.239984,329.496 -2.508978,43.239977,329.671 -2.509000,43.239962,330.063 -2.509025,43.239950,330.424 -2.509045,43.239940,330.615 -2.509063,43.239929,331.047 -2.509082,43.239922,331.429 -2.509098,43.239912,331.621 -2.509122,43.239900,332.051 -2.509145,43.239891,332.401 -2.509164,43.239886,332.811 -2.509187,43.239877,333.209 -2.509207,43.239867,333.667 -2.509228,43.239856,334.038 -2.509250,43.239847,334.463 -2.509274,43.239839,334.695 -2.509295,43.239832,335.016 -2.509314,43.239823,335.297 -2.509331,43.239814,335.699 -2.509353,43.239804,336.031 -2.509375,43.239798,336.293 -2.509393,43.239784,336.657 -2.509415,43.239771,337.000 -2.509433,43.239761,337.420 -2.509458,43.239752,337.809 -2.509479,43.239747,338.087 -2.509500,43.239745,338.428 -2.509521,43.239742,338.493 -2.509546,43.239734,338.885 -2.509569,43.239726,339.016 -2.509594,43.239718,339.267 -2.509616,43.239710,339.649 -2.509642,43.239703,339.871 -2.509666,43.239698,340.223 -2.509691,43.239693,340.453 -2.509717,43.239690,340.804 -2.509743,43.239689,341.014 -2.509763,43.239686,341.209 -2.509788,43.239678,341.417 -2.509810,43.239674,341.668 -2.509833,43.239673,341.853 -2.509856,43.239673,342.025 -2.509882,43.239672,342.256 -2.509902,43.239669,342.687 -2.509931,43.239667,342.839 -2.509958,43.239668,343.031 -2.509986,43.239668,343.433 -2.510013,43.239669,343.619 -2.510038,43.239668,344.009 -2.510063,43.239667,344.419 -2.510087,43.239670,344.609 -2.510114,43.239669,344.853 -2.510144,43.239670,345.044 -2.510169,43.239673,345.489 -2.510197,43.239677,345.651 -2.510215,43.239680,345.842 -2.510237,43.239684,346.263 -2.510267,43.239689,346.645 -2.510293,43.239695,346.827 -2.510316,43.239698,347.069 -2.510343,43.239701,347.435 -2.510370,43.239707,347.886 -2.510392,43.239713,348.014 -2.510417,43.239721,348.409 -2.510442,43.239729,348.625 -2.510466,43.239735,349.046 -2.510490,43.239743,349.241 -2.510509,43.239750,349.613 -2.510535,43.239752,349.814 -2.510562,43.239760,350.285 -2.510588,43.239767,350.417 -2.510614,43.239778,350.699 -2.510639,43.239790,350.861 -2.510660,43.239801,351.017 -2.510686,43.239811,351.287 -2.510710,43.239819,351.415 -2.510736,43.239829,351.809 -2.510755,43.239837,352.013 -2.510782,43.239849,352.294 -2.510804,43.239859,352.699 -2.510825,43.239869,352.861 -2.510848,43.239880,352.872 -2.510872,43.239894,353.023 -2.510895,43.239906,353.245 -2.510917,43.239920,353.457 -2.510940,43.239933,353.679 -2.510966,43.239947,353.844 -2.510989,43.239957,354.005 -2.511012,43.239972,354.215 -2.511035,43.239989,354.409 -2.511057,43.240006,354.616 -2.511069,43.240017,355.067 -2.511084,43.240033,355.262 -2.511103,43.240047,355.844 -2.511129,43.240070,356.055 -2.511155,43.240087,356.456 -2.511178,43.240105,356.418 -2.511196,43.240122,356.610 -2.511214,43.240139,356.632 -2.511232,43.240157,356.882 -2.511250,43.240175,357.043 -2.511270,43.240191,357.417 -2.511292,43.240208,357.809 -2.511313,43.240224,358.210 -2.511326,43.240242,358.421 -2.511343,43.240260,358.816 -2.511362,43.240277,359.228 -2.511381,43.240290,359.439 -2.511403,43.240309,359.890 -2.511419,43.240329,360.292 -2.511436,43.240349,360.644 -2.511454,43.240367,361.026 -2.511470,43.240387,361.476 -2.511479,43.240409,361.690 -2.511477,43.240432,361.819 -2.511465,43.240455,362.409 -2.511442,43.240472,362.849 -2.511410,43.240479,363.410 -2.511374,43.240478,363.665 -2.511342,43.240471,364.077 -2.511312,43.240461,364.038 -2.511286,43.240453,364.289 -2.511259,43.240445,364.431 -2.511232,43.240435,364.673 -2.511205,43.240425,364.885 -2.511184,43.240415,365.021 -2.511158,43.240407,365.241 -2.511131,43.240402,365.605 -2.511102,43.240400,365.809 -2.511075,43.240400,366.064 -2.511045,43.240405,366.025 -2.511018,43.240413,366.490 -2.510992,43.240423,366.612 -2.510965,43.240433,367.023 -2.510944,43.240447,367.474 -2.510921,43.240462,368.096 -2.510905,43.240478,368.468 -2.510883,43.240498,368.690 -2.510861,43.240513,368.883 -2.510841,43.240529,368.825 -2.510831,43.240547,369.017 -2.510821,43.240565,369.209 -2.510813,43.240585,369.430 -2.510802,43.240604,369.881 -2.510789,43.240627,370.066 -2.510780,43.240648,370.298 -2.510774,43.240670,370.439 -2.510768,43.240690,370.840 -2.510760,43.240711,371.092 -2.510750,43.240733,371.294 -2.510738,43.240754,371.436 -2.510725,43.240774,371.621 -2.510708,43.240792,371.641 -2.510686,43.240813,371.805 -2.510668,43.240832,372.009 -2.510655,43.240854,372.034 -2.510643,43.240878,372.075 -2.510630,43.240904,372.460 -2.510612,43.240929,372.642 -2.510592,43.240953,372.833 -2.510571,43.240974,373.024 -2.510551,43.240995,373.226 -2.510533,43.241014,373.438 -2.510517,43.241032,373.630 -2.510493,43.241052,373.869 -2.510468,43.241071,374.004 -2.510447,43.241087,374.224 -2.510428,43.241106,374.609 -2.510402,43.241130,374.818 -2.510378,43.241149,375.099 -2.510349,43.241166,375.284 -2.510326,43.241183,375.426 -2.510308,43.241200,375.897 -2.510295,43.241218,376.028 -2.510283,43.241238,376.440 -2.510270,43.241258,376.832 -2.510257,43.241276,377.084 -2.510253,43.241298,377.248 -2.510249,43.241320,377.461 -2.510240,43.241343,377.617 -2.510238,43.241363,378.009 -2.510230,43.241389,378.296 -2.510222,43.241414,378.697 -2.510222,43.241442,378.812 -2.510225,43.241476,378.664 -2.510218,43.241512,378.615 -2.510203,43.241545,378.616 -2.510185,43.241577,378.688 -2.510163,43.241609,378.450 -2.510131,43.241640,378.692 -2.510098,43.241669,378.459 -2.510073,43.241696,378.403 -2.510047,43.241726,378.223 -2.510021,43.241757,378.209 -2.509990,43.241785,378.027 -2.509962,43.241814,378.078 -2.509943,43.241848,378.223 -2.509933,43.241880,378.475 -2.509932,43.241909,378.616 -2.509930,43.241934,378.837 -2.509930,43.241956,379.099 -2.509927,43.241976,379.071 -2.509928,43.241992,379.293 -2.509932,43.242009,379.428 -2.509932,43.242025,379.689 -2.509933,43.242042,380.017 -2.509934,43.242059,380.209 -2.509935,43.242079,380.424 -2.509932,43.242103,380.845 -2.509926,43.242123,381.020 -2.509920,43.242140,381.282 -2.509915,43.242155,381.663 -2.509911,43.242173,382.064 -2.509908,43.242191,382.266 -2.509896,43.242208,382.628 -2.509896,43.242228,382.660 -2.509892,43.242247,383.089 -2.509889,43.242264,383.006 -2.509890,43.242282,383.026 -2.509884,43.242301,383.209 -2.509875,43.242316,383.430 -2.509877,43.242336,383.651 -2.509870,43.242354,383.896 -2.509864,43.242371,384.068 -2.509862,43.242386,384.259 -2.509865,43.242407,384.220 -2.509864,43.242425,384.242 -2.509863,43.242442,384.224 -2.509856,43.242456,384.446 -2.509856,43.242469,384.461 -2.509851,43.242487,384.621 -2.509846,43.242503,384.613 -2.509846,43.242522,384.809 -2.509844,43.242540,385.088 -2.509842,43.242558,385.049 -2.509845,43.242579,385.054 -2.509844,43.242598,385.276 -2.509844,43.242619,385.247 -2.509846,43.242634,385.098 -2.509849,43.242640,385.260 -2.509850,43.242638,385.262 -2.509850,43.242638,385.294 -2.509850,43.242638,385.257 -2.509850,43.242638,385.200 -2.509850,43.242638,385.020 -2.509850,43.242638,385.009 -2.509850,43.242638,385.017 -2.509850,43.242638,385.058 -2.509848,43.242654,385.043 -2.509856,43.242664,385.045 -2.509867,43.242682,385.096 -2.509877,43.242707,385.087 -2.509883,43.242726,384.699 -2.509893,43.242744,384.631 -2.509905,43.242762,384.623 -2.509906,43.242775,384.897 -2.509912,43.242797,384.823 -2.509928,43.242819,384.625 -2.509940,43.242841,384.609 -2.509958,43.242862,384.681 -2.509973,43.242878,384.422 -2.509992,43.242898,384.457 -2.510003,43.242920,384.679 -2.510018,43.242939,384.890 -2.510027,43.242956,385.291 -2.510035,43.242980,385.453 -2.510043,43.243002,385.475 -2.510055,43.243024,385.237 -2.510074,43.243048,385.269 -2.510087,43.243072,385.004 -2.510094,43.243095,385.024 -2.510109,43.243116,384.809 -2.510130,43.243148,384.858 -2.510149,43.243180,384.879 -2.510170,43.243207,384.894 -2.510180,43.243235,385.096 -2.510195,43.243266,385.417 -2.510205,43.243303,385.448 -2.510218,43.243339,385.490 -2.510239,43.243374,385.292 -2.510260,43.243411,384.824 -2.510274,43.243440,384.084 -2.510305,43.243474,383.407 -2.510346,43.243503,382.417 -2.510371,43.243541,382.409 -2.510395,43.243575,382.690 -2.510411,43.243607,382.681 -2.510419,43.243633,382.856 -2.510431,43.243653,383.238 -2.510435,43.243676,383.029 -2.510436,43.243701,382.830 -2.510445,43.243730,382.672 -2.510455,43.243760,382.614 -2.510465,43.243786,382.496 -2.510465,43.243812,382.419 -2.510461,43.243832,382.609 -2.510454,43.243849,383.019 -2.510446,43.243868,383.009 -2.510436,43.243889,383.473 -2.510429,43.243905,383.864 -2.510429,43.243915,384.029 -2.510442,43.243933,384.421 -2.510448,43.243949,384.672 -2.510448,43.243966,384.843 -2.510449,43.243980,385.215 -2.510455,43.243994,385.477 -2.510461,43.244010,385.899 -2.510469,43.244025,386.218 -2.510476,43.244038,386.698 -2.510486,43.244053,387.017 -2.510498,43.244064,387.209 -2.510501,43.244078,387.643 -2.510505,43.244090,388.074 -2.510515,43.244102,388.269 -2.510524,43.244118,388.671 -2.510532,43.244131,389.042 -2.510537,43.244147,389.423 -2.510545,43.244158,389.645 -2.510556,43.244175,390.287 -2.510564,43.244190,390.499 -2.510576,43.244204,390.683 -2.510585,43.244215,391.025 -2.510599,43.244226,391.417 -2.510612,43.244239,391.809 -2.510625,43.244250,392.020 -2.510640,43.244256,392.621 -2.510659,43.244268,393.096 -2.510678,43.244274,393.418 -2.510699,43.244284,393.889 -2.510716,43.244296,394.090 -2.510736,43.244300,394.422 -2.510758,43.244304,394.864 -2.510778,43.244311,395.096 -2.510798,43.244315,395.247 -2.510820,43.244319,395.429 -2.510837,43.244327,395.821 -2.510858,43.244336,396.209 -2.510877,43.244345,396.696 -2.510899,43.244349,397.047 -2.510919,43.244355,397.472 -2.510939,43.244359,397.844 -2.510959,43.244368,398.255 -2.510978,43.244375,398.636 -2.510999,43.244382,399.028 -2.511020,43.244392,399.480 -2.511043,43.244402,399.852 -2.511061,43.244414,400.012 -2.511081,43.244423,400.432 -2.511103,43.244431,401.005 -2.511123,43.244438,401.409 -2.511144,43.244450,401.823 -2.511162,43.244458,402.074 -2.511180,43.244467,402.499 -2.511198,43.244480,403.041 -2.511206,43.244497,403.452 -2.511223,43.244504,403.863 -2.511241,43.244513,404.275 -2.511262,43.244521,404.497 -2.511284,43.244531,404.489 -2.511309,43.244537,404.654 -2.511329,43.244544,405.056 -2.511353,43.244555,405.611 -2.511373,43.244565,406.209 -2.511387,43.244575,406.667 -2.511406,43.244588,407.078 -2.511425,43.244604,407.283 -2.511442,43.244620,407.485 -2.511460,43.244638,407.696 -2.511480,43.244655,408.077 -2.511497,43.244671,408.269 -2.511514,43.244686,408.681 -2.511527,43.244701,408.843 -2.511541,43.244719,409.088 -2.511557,43.244736,409.224 -2.511573,43.244755,409.426 -2.511592,43.244772,409.609 -2.511608,43.244788,409.810 -2.511628,43.244804,410.071 -2.511647,43.244821,410.036 -2.511667,43.244837,410.048 -2.511688,43.244855,410.039 -2.511708,43.244874,410.280 -2.511731,43.244892,410.422 -2.511760,43.244913,410.834 -2.511789,43.244935,411.056 -2.511817,43.244956,411.215 -2.511847,43.244979,411.265 -2.511875,43.245002,411.211 -2.511905,43.245027,411.209 -2.511936,43.245054,411.023 -2.511970,43.245086,411.094 -2.512010,43.245118,410.899 -2.512050,43.245154,410.631 -2.512085,43.245191,410.292 -2.512124,43.245230,409.873 -2.512162,43.245274,409.485 -2.512195,43.245319,409.087 -2.512227,43.245363,408.819 -2.512260,43.245405,408.616 -2.512294,43.245449,408.476 -2.512325,43.245495,408.213 -2.512359,43.245540,408.009 -2.512392,43.245586,408.023 -2.512426,43.245632,408.094 -2.512459,43.245678,408.229 -2.512493,43.245721,408.461 -2.512527,43.245763,408.682 -2.512565,43.245802,408.843 -2.512606,43.245840,408.815 -2.512651,43.245876,408.897 -2.512701,43.245909,409.069 -2.512755,43.245942,409.422 -2.512804,43.245967,409.662 -2.512841,43.245987,410.008 -2.512871,43.245999,410.409 -2.512899,43.246013,410.694 -2.512918,43.246027,410.645 -2.512930,43.246033,410.870 -2.512920,43.246033,411.052 -2.512916,43.246035,411.083 -2.512916,43.246035,411.024 -2.512916,43.246035,411.046 -2.512916,43.246035,410.848 -2.512917,43.246035,410.690 -2.512916,43.246035,410.632 -2.512922,43.246037,410.492 -2.512933,43.246041,410.411 -2.512935,43.246041,410.409 -2.512935,43.246041,410.415 -2.512935,43.246041,410.446 -2.512940,43.246049,410.281 -2.512950,43.246058,410.293 -2.512957,43.246064,410.264 -2.512974,43.246074,410.445 -2.512997,43.246086,410.497 -2.513024,43.246099,410.469 -2.513051,43.246109,410.681 -2.513074,43.246122,410.639 -2.513095,43.246137,410.601 -2.513118,43.246156,410.821 -2.513138,43.246175,411.009 -2.513156,43.246195,410.815 -2.513171,43.246207,411.016 -2.513196,43.246229,411.031 -2.513198,43.246244,411.023 -2.513191,43.246244,411.014 -2.513191,43.246244,411.235 -2.513202,43.246253,411.217 -2.513207,43.246259,411.439 -2.513212,43.246262,411.411 -2.513217,43.246262,411.223 -2.513225,43.246266,411.283 -2.513232,43.246277,411.211 -2.513243,43.246292,411.209 -2.513258,43.246297,411.264 -2.513278,43.246321,411.495 -2.513298,43.246328,411.430 -2.513320,43.246360,411.652 -2.513344,43.246383,411.643 -2.513366,43.246413,411.674 -2.513393,43.246442,411.866 -2.513422,43.246479,412.098 -2.513446,43.246516,412.050 -2.513467,43.246555,412.279 -2.513490,43.246592,412.205 -2.513510,43.246632,412.225 -2.513529,43.246669,412.209 -2.513540,43.246707,412.029 -2.513553,43.246745,412.250 -2.513562,43.246790,412.275 -2.513557,43.246835,412.077 -2.513539,43.246882,411.638 -2.513516,43.246936,411.229 -2.513499,43.246989,411.031 -2.513497,43.247050,410.643 -2.513497,43.247105,410.475 -2.513508,43.247158,410.654 -2.513532,43.247203,410.656 -2.513556,43.247249,410.411 -2.513587,43.247292,410.009 -2.513616,43.247333,409.827 -2.513646,43.247380,409.428 -2.513682,43.247425,409.653 -2.513718,43.247469,409.875 -2.513753,43.247515,409.826 -2.513787,43.247564,410.067 -2.513816,43.247612,410.019 -2.513848,43.247663,409.821 -2.513889,43.247715,409.413 -2.513930,43.247769,409.431 -2.513969,43.247824,409.461 -2.514007,43.247881,409.207 -2.514039,43.247939,409.009 -2.514070,43.247993,409.425 -2.514100,43.248042,409.436 -2.514125,43.248089,409.261 -2.514153,43.248131,409.213 -2.514181,43.248170,409.254 -2.514206,43.248206,408.615 -2.514233,43.248243,408.487 -2.514254,43.248285,408.439 -2.514278,43.248324,408.851 -2.514303,43.248359,409.272 -2.514324,43.248393,409.613 -2.514340,43.248432,409.814 -2.514356,43.248469,410.209 -2.514370,43.248507,410.279 -2.514386,43.248544,410.650 -2.514401,43.248580,410.855 -2.514420,43.248613,411.047 -2.514440,43.248645,411.268 -2.514455,43.248678,411.639 -2.514467,43.248715,411.811 -2.514485,43.248746,412.223 -2.514492,43.248774,412.695 -2.514505,43.248797,412.885 -2.514516,43.248815,413.089 -2.514524,43.248831,413.217 -2.514533,43.248850,413.409 -2.514547,43.248879,413.220 -2.514557,43.248906,413.091 -2.514561,43.248931,412.666 -2.514558,43.248951,412.488 -2.514560,43.248968,412.279 -2.514568,43.248982,412.240 -2.514569,43.248997,412.682 -2.514576,43.248999,412.874 -2.514577,43.248997,412.846 -2.514577,43.248997,412.673 -2.514577,43.248997,412.685 -2.514577,43.248997,412.413 -2.514577,43.248997,412.409 -2.514577,43.248997,412.219 -2.514577,43.248997,412.260 -2.514577,43.248997,412.475 -2.514577,43.248997,412.467 -2.514577,43.248997,412.448 -2.514577,43.248997,412.689 -2.514577,43.248997,412.851 -2.514577,43.248997,412.823 -2.514571,43.248999,412.875 -2.514566,43.249022,412.667 -2.514563,43.249045,412.481 -2.514552,43.249074,412.019 -2.514536,43.249102,411.809 -2.514515,43.249135,411.838 -2.514496,43.249165,411.699 -2.514472,43.249196,411.454 -2.514450,43.249225,411.426 -2.514424,43.249256,411.427 -2.514401,43.249283,411.448 -2.514376,43.249312,411.480 -2.514348,43.249346,411.222 -2.514310,43.249381,411.064 -2.514270,43.249415,410.857 -2.514239,43.249449,410.400 -2.514196,43.249492,410.020 -2.514152,43.249537,409.409 -2.514095,43.249572,408.427 -2.514022,43.249599,408.218 -2.513941,43.249622,408.053 -2.513861,43.249646,407.825 -2.513781,43.249671,407.016 -2.513709,43.249698,406.837 -2.513642,43.249723,406.649 -2.513579,43.249756,406.471 -2.513511,43.249801,405.833 -2.513458,43.249852,405.488 -2.513411,43.249908,404.624 -2.513385,43.249954,403.626 -2.513368,43.250000,403.409 -2.513351,43.250041,403.460 -2.513341,43.250073,403.481 -2.513353,43.250095,403.656 -2.513372,43.250117,404.068 -2.513385,43.250140,404.249 -2.513390,43.250161,404.290 -2.513397,43.250184,404.252 -2.513405,43.250210,404.234 -2.513420,43.250239,404.016 -2.513439,43.250268,403.879 -2.513461,43.250301,403.605 -2.513480,43.250335,403.425 -2.513498,43.250367,403.409 -2.513508,43.250395,403.069 -2.513525,43.250422,403.270 -2.513546,43.250452,403.645 -2.513565,43.250483,404.097 -2.513580,43.250517,404.238 -2.513589,43.250548,404.849 -2.513598,43.250576,405.021 -2.513604,43.250603,405.483 -2.513611,43.250632,406.015 -2.513611,43.250661,406.278 -2.513609,43.250688,406.633 -2.513608,43.250712,406.626 -2.513608,43.250740,407.009 -2.513608,43.250764,407.079 -2.513606,43.250787,406.860 -2.513602,43.250819,406.875 -2.513602,43.250849,406.647 -2.513599,43.250878,406.468 -2.513586,43.250909,406.219 -2.513570,43.250938,406.051 -2.513566,43.250951,406.063 -2.513577,43.250944,406.025 -2.513584,43.250939,406.059 -2.513582,43.250940,406.003 -2.513582,43.250940,406.023 -2.513582,43.250940,406.009 -2.513582,43.250940,406.057 -2.513582,43.250940,405.888 -2.513582,43.250940,405.813 -2.513582,43.250940,405.825 -2.513570,43.250949,405.896 -2.513561,43.250964,405.697 -2.513547,43.250986,405.689 -2.513522,43.251013,405.471 -2.513499,43.251040,405.073 -2.513455,43.251067,404.675 -2.513406,43.251092,403.828 -2.513361,43.251117,403.020 -2.513315,43.251143,402.009 -2.513273,43.251166,401.639 -2.513223,43.251191,400.660 -2.513186,43.251222,400.475 -2.513162,43.251254,399.837 -2.513143,43.251287,399.468 -2.513125,43.251321,398.869 -2.513117,43.251360,397.641 -2.513113,43.251396,397.233 -2.513123,43.251421,396.295 -2.513140,43.251453,395.665 -2.513158,43.251477,395.268 -2.513183,43.251501,394.614 -2.513213,43.251525,394.209 -2.513251,43.251550,393.628 -2.513290,43.251580,392.689 -2.513330,43.251607,391.624 -2.513370,43.251633,390.286 -2.513414,43.251660,389.687 -2.513463,43.251685,389.028 -2.513519,43.251711,388.290 -2.513589,43.251733,387.432 -2.513668,43.251742,387.284 -2.513750,43.251747,385.451 -2.513829,43.251750,384.001 -2.513898,43.251751,383.011 -2.513953,43.251749,381.809 -2.514009,43.251747,381.477 -2.514066,43.251743,380.668 -2.514122,43.251753,379.863 -2.514162,43.251772,378.695 -2.514184,43.251801,378.016 -2.514195,43.251838,377.487 -2.514178,43.251875,376.659 -2.514141,43.251904,375.881 -2.514096,43.251921,375.063 -2.514039,43.251945,374.279 -2.513977,43.251965,373.605 -2.513911,43.251985,372.425 -2.513844,43.252005,371.609 -2.513778,43.252025,371.099 -2.513722,43.252045,370.850 -2.513658,43.252069,370.445 -2.513601,43.252102,369.857 -2.513543,43.252146,369.228 -2.513479,43.252194,368.059 -2.513411,43.252246,367.031 -2.513347,43.252295,366.053 -2.513290,43.252350,365.645 -2.513242,43.252397,363.442 -2.513207,43.252443,363.022 -2.513182,43.252487,361.614 -2.513168,43.252529,360.009 -2.513173,43.252566,359.426 -2.513190,43.252602,358.857 -2.513239,43.252630,357.292 -2.513287,43.252664,356.844 -2.513342,43.252706,355.255 -2.513398,43.252755,354.656 -2.513454,43.252809,354.498 -2.513520,43.252869,353.250 -2.513575,43.252932,352.222 -2.513628,43.252990,350.873 -2.513678,43.253043,350.285 -2.513727,43.253109,349.413 -2.513767,43.253170,348.809 -2.513816,43.253231,348.469 -2.513872,43.253286,347.830 -2.513927,43.253354,347.455 -2.513974,43.253409,345.877 -2.514027,43.253454,345.618 -2.514090,43.253490,345.619 -2.514158,43.253523,345.651 -2.514219,43.253552,345.443 -2.514284,43.253575,344.865 -2.514354,43.253593,344.636 -2.514431,43.253609,343.017 -2.514502,43.253617,342.418 -2.514578,43.253613,341.609 -2.514653,43.253600,340.475 -2.514735,43.253587,339.826 -2.514822,43.253574,338.011 -2.514914,43.253561,337.283 -2.515012,43.253555,336.024 -2.515115,43.253547,335.655 -2.515212,43.253546,334.497 -2.515306,43.253549,333.479 -2.515399,43.253552,332.611 -2.515481,43.253550,332.482 -2.515566,43.253540,332.043 -2.515642,43.253528,331.617 -2.515716,43.253520,331.209 -2.515806,43.253521,330.610 -2.515910,43.253527,330.041 -2.516018,43.253541,329.286 -2.516125,43.253559,328.228 -2.516236,43.253589,327.249 -2.516361,43.253615,326.090 -2.516501,43.253624,323.852 -2.516643,43.253624,322.034 -2.516798,43.253627,319.846 -2.516960,43.253646,317.298 -2.517128,43.253677,315.215 -2.517281,43.253705,313.826 -2.517409,43.253721,312.609 -2.517530,43.253718,312.491 -2.517660,43.253687,311.862 -2.517765,43.253641,310.857 -2.517850,43.253590,308.659 -2.517938,43.253546,307.060 -2.518021,43.253527,305.841 -2.518097,43.253538,305.043 -2.518146,43.253588,304.095 -2.518173,43.253660,302.497 -2.518185,43.253728,300.419 -2.518212,43.253782,299.009 -2.518274,43.253803,298.019 -2.518352,43.253791,296.009 -2.518451,43.253768,294.873 -2.518577,43.253734,290.254 -2.518692,43.253680,288.449 -2.518812,43.253616,287.451 -2.518930,43.253551,286.212 -2.519050,43.253490,285.623 -2.519151,43.253432,285.455 -2.519235,43.253386,285.237 -2.519319,43.253361,284.819 -2.519406,43.253361,284.887 -2.519497,43.253374,284.442 -2.519590,43.253376,283.826 -2.519686,43.253359,282.609 -2.519798,43.253320,282.250 -2.519919,43.253270,280.091 -2.520056,43.253231,279.046 -2.520209,43.253201,275.228 -2.520342,43.253168,272.699 -2.520448,43.253141,271.890 -2.520539,43.253115,271.892 -2.520632,43.253093,271.664 -2.520732,43.253066,271.826 -2.520828,43.253032,271.657 -2.520916,43.253009,271.200 -2.521002,43.253006,271.020 -2.521086,43.253005,270.409 -2.521171,43.253004,269.847 -2.521257,43.252995,269.268 -2.521343,43.252980,268.883 -2.521435,43.252959,268.695 -2.521528,43.252938,268.246 -2.521639,43.252910,267.637 -2.521750,43.252875,266.479 -2.521853,43.252827,264.451 -2.521962,43.252766,262.493 -2.522054,43.252707,261.468 -2.522118,43.252645,260.642 -2.522149,43.252574,260.426 -2.522150,43.252506,260.209 -2.522162,43.252442,259.688 -2.522209,43.252400,258.819 -2.522274,43.252395,258.264 -2.522340,43.252427,257.626 -2.522388,43.252482,256.217 -2.522437,43.252559,253.428 -2.522493,43.252650,249.660 -2.522540,43.252750,246.282 -2.522566,43.252848,244.214 -2.522576,43.252940,241.826 -2.522561,43.253031,240.047 -2.522533,43.253110,238.011 -2.522507,43.253173,236.009 -2.522517,43.253220,235.294 -2.522567,43.253246,234.435 -2.522640,43.253244,233.860 -2.522734,43.253211,232.822 -2.522841,43.253164,229.833 -2.522966,43.253120,226.854 -2.523092,43.253079,222.646 -2.523217,43.253036,221.698 -2.523340,43.252998,217.240 -2.523467,43.252970,215.285 -2.523604,43.252956,212.689 -2.523743,43.252944,209.617 -2.523881,43.252926,206.409 -2.524014,43.252903,204.860 -2.524141,43.252876,202.011 -2.524248,43.252833,201.836 -2.524332,43.252778,200.868 -2.524398,43.252723,200.289 -2.524469,43.252684,199.660 -2.524547,43.252670,198.852 -2.524616,43.252688,197.894 -2.524653,43.252732,197.266 -2.524642,43.252787,196.029 -2.524612,43.252841,194.600 -2.524575,43.252905,194.020 -2.524529,43.252982,193.209 -2.524473,43.253063,191.894 -2.524412,43.253151,190.055 -2.524338,43.253248,181.040 -2.524271,43.253350,178.282 -2.524197,43.253456,176.063 -2.524110,43.253561,173.874 -2.524022,43.253669,171.856 -2.523940,43.253780,169.428 -2.523881,43.253887,167.010 -2.523819,43.253993,166.019 -2.523766,43.254107,162.609 -2.523727,43.254210,161.819 -2.523678,43.254297,161.009 -2.523645,43.254369,159.623 -2.523637,43.254438,159.264 -2.523688,43.254507,158.249 -2.523755,43.254585,156.841 -2.523842,43.254658,155.292 -2.523923,43.254722,151.453 -2.524015,43.254767,150.225 -2.524121,43.254782,149.027 -2.524222,43.254759,147.429 -2.524316,43.254715,147.096 -2.524413,43.254671,146.831 -2.524504,43.254628,146.024 -2.524583,43.254588,145.009 -2.524656,43.254555,144.271 -2.524726,43.254527,144.032 -2.524803,43.254513,143.877 -2.524881,43.254522,143.629 -2.524959,43.254533,142.880 -2.525040,43.254520,142.691 -2.525135,43.254490,142.043 -2.525225,43.254465,139.875 -2.525304,43.254454,139.097 -2.525373,43.254468,138.034 -2.525420,43.254509,137.655 -2.525428,43.254560,137.410 -2.525416,43.254607,137.209 -2.525393,43.254652,137.025 -2.525383,43.254706,137.016 -2.525368,43.254762,136.681 -2.525341,43.254811,136.413 -2.525320,43.254863,136.654 -2.525299,43.254920,137.095 -2.525275,43.254980,137.097 -2.525247,43.255036,137.239 -2.525225,43.255099,136.821 -2.525197,43.255158,136.287 -2.525167,43.255216,135.242 -2.525134,43.255276,134.426 -2.525095,43.255334,133.809 -2.525054,43.255394,133.670 -2.525038,43.255457,133.411 -2.525053,43.255519,133.496 -2.525086,43.255584,133.448 -2.525127,43.255651,133.239 -2.525163,43.255716,133.030 -2.525192,43.255762,132.662 -2.525209,43.255788,132.084 -2.525219,43.255804,131.656 -2.525226,43.255810,131.433 -2.525238,43.255822,131.223 -2.525248,43.255835,130.815 -2.525259,43.255846,130.609 -2.525266,43.255848,130.475 -2.525276,43.255851,130.266 -2.525284,43.255853,130.241 -2.525298,43.255864,130.063 -2.525330,43.255884,129.624 -2.525366,43.255914,129.615 -2.525391,43.255960,129.457 -2.525414,43.256011,129.059 -2.525462,43.256069,128.831 -2.525540,43.256133,128.298 -2.525629,43.256204,127.415 -2.525707,43.256281,124.226 -2.525771,43.256363,121.009 -2.525829,43.256449,119.611 -2.525875,43.256536,119.042 -2.525916,43.256620,118.417 -2.525962,43.256698,118.299 -2.526006,43.256774,118.620 -2.526057,43.256847,119.031 -2.526107,43.256913,119.493 -2.526161,43.256963,120.235 -2.526227,43.256988,121.237 -2.526292,43.256991,122.468 -2.526352,43.256981,123.842 -2.526401,43.256969,124.626 -2.526448,43.256962,125.209 -2.526471,43.256951,125.238 -2.526465,43.256953,125.249 -2.526465,43.256953,125.024 -2.526465,43.256953,124.826 -2.526465,43.256953,124.667 -2.526465,43.256953,124.498 -2.526465,43.256953,124.460 -2.526465,43.256953,124.692 -2.526465,43.256953,124.684 -2.526465,43.256953,124.875 -2.526465,43.256953,124.828 -2.526465,43.256953,124.820 -2.526465,43.256953,124.809 -2.526465,43.256953,124.829 -2.526465,43.256953,124.690 -2.526465,43.256953,124.625 -2.526465,43.256953,124.497 -2.526465,43.256953,124.468 -2.526465,43.256953,124.489 -2.526465,43.256953,124.421 -2.526466,43.256954,124.413 -2.526483,43.256946,124.665 -2.526503,43.256934,124.684 -2.526525,43.256913,124.607 -2.526540,43.256887,124.617 -2.526559,43.256859,124.609 -2.526580,43.256837,124.680 -2.526604,43.256821,124.671 -2.526623,43.256789,124.666 -2.526640,43.256760,124.658 -2.526672,43.256734,124.839 -2.526685,43.256701,124.840 -2.526711,43.256668,124.872 -2.526728,43.256629,125.054 -2.526730,43.256596,125.456 -2.526730,43.256562,125.656 -2.526726,43.256526,125.859 -2.526727,43.256491,125.814 -2.526722,43.256456,126.009 -2.526716,43.256422,126.047 -2.526708,43.256386,126.298 -2.526698,43.256348,126.613 -2.526685,43.256312,126.825 -2.526675,43.256276,127.056 -2.526669,43.256241,127.257 -2.526669,43.256206,127.479 -2.526666,43.256172,127.621 -2.526657,43.256141,127.823 -2.526657,43.256103,128.066 -2.526664,43.256067,128.229 -2.526671,43.256029,128.221 -2.526680,43.255989,128.009 -2.526689,43.255945,128.098 -2.526704,43.255906,128.019 -2.526726,43.255867,127.824 -2.526749,43.255826,127.816 -2.526773,43.255781,127.887 -2.526802,43.255738,127.858 -2.526829,43.255693,127.870 -2.526853,43.255642,127.422 -2.526877,43.255590,127.274 -2.526900,43.255538,127.074 -2.526915,43.255487,127.056 -2.526922,43.255433,126.621 -2.526922,43.255374,126.409 -2.526924,43.255313,126.059 -2.526924,43.255255,125.850 -2.526935,43.255195,125.445 -2.526953,43.255140,125.287 -2.526970,43.255081,125.218 -2.526992,43.255020,124.849 -2.527007,43.254958,124.681 -2.527015,43.254896,124.493 -2.527021,43.254839,124.095 -2.527025,43.254788,123.818 -2.527033,43.254735,123.898 -2.527043,43.254681,123.817 -2.527050,43.254628,123.809 -2.527056,43.254577,124.233 -2.527061,43.254523,124.434 -2.527064,43.254470,124.489 -2.527075,43.254417,124.651 -2.527091,43.254365,124.652 -2.527106,43.254320,124.893 -2.527124,43.254276,125.015 -2.527144,43.254230,125.297 -2.527160,43.254190,125.689 -2.527176,43.254152,125.863 -2.527194,43.254113,126.444 -2.527225,43.254076,126.818 -2.527266,43.254047,127.009 -2.527301,43.254022,127.628 -2.527328,43.254001,128.299 -2.527356,43.253977,128.434 -2.527385,43.253952,128.836 -2.527410,43.253924,129.077 -2.527437,43.253897,129.238 -2.527470,43.253871,129.480 -2.527500,43.253841,129.852 -2.527521,43.253810,130.064 -2.527544,43.253781,130.082 -2.527565,43.253752,130.243 -2.527584,43.253722,130.417 -2.527603,43.253688,130.409 -2.527630,43.253655,130.250 -2.527661,43.253621,130.411 -2.527678,43.253583,130.466 -2.527708,43.253546,130.478 -2.527735,43.253514,130.429 -2.527758,43.253477,130.430 -2.527782,43.253439,130.442 -2.527809,43.253402,130.224 -2.527831,43.253367,130.216 -2.527854,43.253330,130.238 -2.527880,43.253294,130.070 -2.527910,43.253262,130.017 -2.527937,43.253230,130.009 -2.527970,43.253199,130.015 -2.528005,43.253172,130.076 -2.528042,43.253145,129.891 -2.528072,43.253118,129.853 -2.528103,43.253090,129.834 -2.528129,43.253064,130.095 -2.528166,43.253040,130.247 -2.528197,43.253012,130.439 -2.528218,43.252973,130.411 -2.528217,43.252927,130.216 -2.528192,43.252887,130.276 -2.528162,43.252854,130.013 -2.528129,43.252835,130.009 -2.528089,43.252827,130.243 -2.528047,43.252828,130.234 -2.528003,43.252840,130.229 -2.527945,43.252859,130.081 -2.527888,43.252878,129.852 -2.527826,43.252894,129.693 -2.527759,43.252912,129.435 -2.527689,43.252924,129.297 -2.527619,43.252932,129.239 -2.527548,43.252934,129.266 -2.527482,43.252932,129.229 -2.527419,43.252924,129.221 -2.527360,43.252906,129.409 -2.527322,43.252872,129.468 -2.527302,43.252829,129.249 -2.527284,43.252787,129.264 -2.527257,43.252744,129.046 -2.527220,43.252705,128.857 -2.527191,43.252665,128.698 -2.527199,43.252628,128.640 -2.527246,43.252611,128.412 -2.527298,43.252597,128.294 -2.527348,43.252583,128.063 -2.527389,43.252565,127.844 -2.527432,43.252538,127.818 -2.527482,43.252511,127.809 -2.527523,43.252481,128.288 -2.527560,43.252462,128.649 -2.527592,43.252438,129.054 -2.527625,43.252416,129.256 -2.527655,43.252397,129.857 -2.527683,43.252378,130.278 -2.527717,43.252359,130.420 -2.527755,43.252343,130.682 -2.527788,43.252323,130.664 -2.527826,43.252300,130.622 -2.527865,43.252285,130.662 -2.527896,43.252267,130.808 -2.527927,43.252248,131.009 -2.527965,43.252231,131.274 -2.528006,43.252214,131.495 -2.528038,43.252195,131.620 -2.528073,43.252174,131.622 -2.528111,43.252157,131.653 -2.528146,43.252137,131.474 -2.528178,43.252119,131.486 -2.528211,43.252100,131.468 -2.528246,43.252081,131.480 -2.528281,43.252063,131.861 -2.528321,43.252049,132.021 -2.528365,43.252034,132.213 -2.528404,43.252019,132.609 -2.528447,43.252002,132.858 -2.528485,43.251990,133.069 -2.528522,43.251979,133.444 -2.528566,43.251967,133.686 -2.528610,43.251955,133.877 -2.528657,43.251953,134.068 -2.528696,43.251945,133.880 -2.528729,43.251932,134.032 -2.528766,43.251909,134.094 -2.528807,43.251893,134.034 -2.528844,43.251876,134.055 -2.528871,43.251855,134.210 -2.528891,43.251838,134.409 -2.528915,43.251825,134.695 -2.528939,43.251813,135.016 -2.528964,43.251802,135.241 -2.528989,43.251792,135.633 -2.529020,43.251783,135.834 -2.529044,43.251780,136.055 -2.529060,43.251771,136.487 -2.529085,43.251761,136.659 -2.529106,43.251751,137.061 -2.529123,43.251737,137.489 -2.529146,43.251724,137.806 -2.529165,43.251714,138.226 -2.529182,43.251704,138.409 -2.529204,43.251688,138.610 -2.529229,43.251672,139.081 -2.529250,43.251659,139.036 -2.529271,43.251646,139.468 -2.529288,43.251632,140.039 -2.529303,43.251620,140.410 -2.529324,43.251607,140.862 -2.529344,43.251595,141.294 -2.529366,43.251582,141.636 -2.529388,43.251574,142.267 -2.529412,43.251571,142.481 -2.529443,43.251568,142.619 -2.529473,43.251563,142.809 -2.529497,43.251562,143.228 -2.529519,43.251561,143.659 -2.529550,43.251556,143.874 -2.529578,43.251556,144.286 -2.529609,43.251555,144.467 -2.529636,43.251553,145.048 -2.529656,43.251549,145.450 -2.529678,43.251546,145.852 -2.529698,43.251549,146.224 -2.529720,43.251549,146.836 -2.529740,43.251546,147.217 -2.529763,43.251538,147.618 -2.529787,43.251536,148.209 -2.529811,43.251529,148.495 -2.529834,43.251520,148.856 -2.529854,43.251519,149.411 -2.529871,43.251511,149.643 -2.529891,43.251509,149.884 -2.529918,43.251502,150.045 -2.529947,43.251497,150.067 -2.529973,43.251495,150.259 -2.529998,43.251489,150.651 -2.530021,43.251485,151.089 -2.530046,43.251486,151.406 -2.530068,43.251483,151.826 -2.530090,43.251483,152.009 -2.530117,43.251481,152.260 -2.530142,43.251480,152.421 -2.530165,43.251473,152.696 -2.530187,43.251465,152.698 -2.530213,43.251460,152.629 -2.530241,43.251456,152.880 -2.530266,43.251450,152.872 -2.530293,43.251447,153.044 -2.530316,43.251444,153.086 -2.530337,43.251441,153.218 -2.530358,43.251429,153.498 -2.530379,43.251420,153.417 -2.530399,43.251416,153.609 -2.530423,43.251410,153.813 -2.530447,43.251402,154.014 -2.530474,43.251394,154.239 -2.530503,43.251390,154.661 -2.530526,43.251385,154.862 -2.530551,43.251381,155.253 -2.530572,43.251378,155.265 -2.530594,43.251376,155.477 -2.530617,43.251375,155.489 -2.530644,43.251374,155.663 -2.530670,43.251371,155.844 -2.530695,43.251366,156.018 -2.530718,43.251364,156.209 -2.530741,43.251361,156.488 -2.530765,43.251360,156.449 -2.530788,43.251352,156.484 -2.530818,43.251346,156.496 -2.530842,43.251338,156.667 -2.530869,43.251332,157.058 -2.530898,43.251327,157.290 -2.530920,43.251320,157.452 -2.530947,43.251315,157.674 -2.530972,43.251309,157.827 -2.530997,43.251304,158.068 -2.531023,43.251297,158.214 -2.531049,43.251291,158.409 -2.531072,43.251286,158.824 -2.531096,43.251280,159.285 -2.531120,43.251274,159.490 -2.531145,43.251267,159.872 -2.531170,43.251260,160.033 -2.531195,43.251251,160.244 -2.531218,43.251240,160.436 -2.531244,43.251231,160.898 -2.531269,43.251226,161.010 -2.531293,43.251217,161.275 -2.531315,43.251212,161.428 -2.531337,43.251205,161.620 -2.531362,43.251199,161.809 -2.531388,43.251193,162.439 -2.531415,43.251189,163.060 -2.531443,43.251186,163.215 -2.531468,43.251182,163.287 -2.531493,43.251177,163.848 -2.531518,43.251175,164.079 -2.531540,43.251171,164.461 -2.531564,43.251168,164.873 -2.531587,43.251166,165.275 -2.531616,43.251163,165.812 -2.531638,43.251160,166.232 -2.531663,43.251162,166.605 -2.531688,43.251162,166.609 -2.531716,43.251160,167.223 -2.531739,43.251158,167.424 -2.531765,43.251158,167.619 -2.531789,43.251156,167.831 -2.531818,43.251152,168.072 -2.531842,43.251148,168.053 -2.531861,43.251139,168.275 -2.531883,43.251132,168.497 -2.531905,43.251124,168.439 -2.531924,43.251115,168.669 -2.531943,43.251106,168.804 -2.531963,43.251094,169.024 -2.531979,43.251082,169.009 -2.531992,43.251068,169.298 -2.532003,43.251052,169.489 -2.532013,43.251037,169.494 -2.532019,43.251019,169.676 -2.532029,43.251004,169.697 -2.532039,43.250986,169.618 -2.532050,43.250981,169.840 -2.532059,43.250967,170.062 -2.532076,43.250946,170.474 -2.532078,43.250930,170.653 -2.532074,43.250913,170.804 -2.532083,43.250893,171.014 -2.532096,43.250876,171.209 -2.532102,43.250861,171.477 -2.532113,43.250839,171.678 -2.532122,43.250816,171.813 -2.532133,43.250796,172.055 -2.532138,43.250777,172.676 -2.532148,43.250758,173.247 -2.532158,43.250741,173.679 -2.532167,43.250724,173.821 -2.532179,43.250704,173.883 -2.532178,43.250683,174.086 -2.532188,43.250663,174.060 -2.532198,43.250642,174.226 -2.532206,43.250622,174.409 -2.532212,43.250602,174.660 -2.532218,43.250581,174.691 -2.532219,43.250560,174.636 -2.532220,43.250539,174.688 -2.532225,43.250517,174.889 -2.532229,43.250495,174.840 -2.532236,43.250473,174.842 -2.532237,43.250452,175.034 -2.532236,43.250430,175.236 -2.532235,43.250408,175.221 -2.532235,43.250384,175.441 -2.532238,43.250359,175.205 -2.532250,43.250331,174.809 -2.532268,43.250309,174.414 -2.532284,43.250290,174.295 -2.532304,43.250271,174.270 -2.532325,43.250256,174.492 -2.532350,43.250240,174.693 -2.532375,43.250229,175.234 -2.532390,43.250213,175.466 -2.532411,43.250194,176.018 -2.532415,43.250180,176.440 -2.532414,43.250169,176.861 -2.532413,43.250146,177.421 -2.532409,43.250126,177.813 -2.532398,43.250113,178.409 -2.532385,43.250099,179.228 -2.532369,43.250084,179.829 -2.532352,43.250065,180.214 -2.532341,43.250048,180.246 -2.532331,43.250027,180.677 -2.532323,43.250010,180.898 -2.532315,43.249992,181.070 -2.532308,43.249974,181.042 -2.532300,43.249957,181.484 -2.532293,43.249938,181.483 -2.532289,43.249919,181.425 -2.532283,43.249903,181.617 -2.532279,43.249885,181.609 -2.532272,43.249868,181.890 -2.532264,43.249851,182.031 -2.532257,43.249833,182.256 -2.532251,43.249815,182.458 -2.532244,43.249799,182.669 -2.532234,43.249784,182.810 -2.532232,43.249767,183.052 -2.532229,43.249753,183.214 -2.532219,43.249740,183.496 -2.532205,43.249723,183.479 -2.532197,43.249702,183.605 -2.532190,43.249684,184.025 -2.532181,43.249666,184.209 -2.532169,43.249651,184.449 -2.532159,43.249633,184.670 -2.532152,43.249614,184.885 -2.532141,43.249594,185.057 -2.532130,43.249575,185.258 -2.532123,43.249553,185.429 -2.532113,43.249534,185.681 -2.532102,43.249514,185.893 -2.532093,43.249492,186.065 -2.532084,43.249471,186.484 -2.532076,43.249450,186.607 -2.532070,43.249429,186.617 -2.532062,43.249407,186.609 -2.532053,43.249383,186.620 -2.532043,43.249363,186.851 -2.532032,43.249339,187.036 -2.532023,43.249320,187.468 -2.532012,43.249300,187.829 -2.532002,43.249281,188.040 -2.531994,43.249261,188.282 -2.531986,43.249242,188.214 -2.531977,43.249221,188.446 -2.531968,43.249200,188.467 -2.531957,43.249180,188.681 -2.531951,43.249160,189.019 -2.531941,43.249138,189.009 -2.531929,43.249112,189.248 -2.531914,43.249087,189.259 -2.531904,43.249061,189.224 -2.531897,43.249034,189.456 -2.531884,43.249006,189.417 -2.531874,43.248979,189.498 -2.531867,43.248950,189.620 -2.531861,43.248923,189.692 -2.531856,43.248893,189.664 -2.531862,43.248862,189.685 -2.531879,43.248834,189.689 -2.531909,43.248814,189.417 -2.531949,43.248803,189.409 -2.531996,43.248800,189.420 -2.532039,43.248804,189.461 -2.532078,43.248811,189.456 -2.532119,43.248817,189.698 -2.532159,43.248823,189.629 -2.532200,43.248829,189.870 -2.532239,43.248838,190.022 -2.532278,43.248845,190.414 -2.532316,43.248849,190.646 -2.532354,43.248849,190.811 -2.532396,43.248849,190.821 -2.532439,43.248853,191.203 -2.532480,43.248858,191.209 -2.532520,43.248865,191.613 -2.532553,43.248870,192.074 -2.532587,43.248874,192.269 -2.532620,43.248880,192.661 -2.532651,43.248883,193.062 -2.532683,43.248884,193.213 -2.532726,43.248888,193.615 -2.532760,43.248893,193.857 -2.532790,43.248898,193.899 -2.532817,43.248904,193.877 -2.532849,43.248907,194.061 -2.532887,43.248912,194.227 -2.532922,43.248915,194.409 -2.532956,43.248920,194.649 -2.532988,43.248922,194.860 -2.533023,43.248926,195.025 -2.533054,43.248930,195.247 -2.533089,43.248933,195.268 -2.533126,43.248938,195.419 -2.533168,43.248947,195.481 -2.533209,43.248953,195.663 -2.533251,43.248958,195.695 -2.533289,43.248960,195.817 -2.533330,43.248964,196.087 -2.533370,43.248969,196.215 -2.533408,43.248975,196.209 -2.533448,43.248977,196.623 -2.533492,43.248977,196.834 -2.533534,43.248975,197.229 -2.533574,43.248977,197.661 -2.533614,43.248982,197.892 -2.533655,43.248984,198.083 -2.533699,43.248985,198.495 -2.533744,43.248990,198.827 -2.533787,43.248996,199.489 -2.533827,43.249002,200.091 -2.533866,43.249004,200.281 -2.533906,43.249007,200.419 -2.533950,43.249011,200.609 -2.533988,43.249010,200.821 -2.534029,43.249008,201.032 -2.534075,43.249010,201.057 -2.534113,43.249012,201.299 -2.534154,43.249021,201.660 -2.534201,43.249025,202.271 -2.534240,43.249030,202.893 -2.534280,43.249033,203.025 -2.534318,43.249041,203.217 -2.534355,43.249051,203.466 -2.534385,43.249063,203.829 -2.534413,43.249074,204.021 -2.534442,43.249080,204.809 -2.534476,43.249091,205.418 -2.534507,43.249096,205.839 -2.534543,43.249101,206.224 -2.534575,43.249108,206.496 -2.534605,43.249115,206.487 -2.534633,43.249121,206.618 -2.534660,43.249126,207.040 -2.534687,43.249126,207.222 -2.534721,43.249123,207.434 -2.534762,43.249122,207.494 -2.534801,43.249123,207.257 -2.534844,43.249118,206.822 -2.534892,43.249113,206.209 -2.534944,43.249107,205.871 -2.534998,43.249099,205.462 -2.535057,43.249091,204.847 -2.535115,43.249086,204.679 -2.535185,43.249079,204.070 -2.535258,43.249064,203.641 -2.535328,43.249048,203.083 -2.535374,43.249030,202.835 -2.535404,43.249017,202.837 -2.535420,43.249012,202.872 -2.535441,43.249015,202.813 -2.535436,43.249012,203.014 -2.535432,43.249012,202.809 -2.535437,43.249016,202.859 -2.535443,43.249014,202.680 -2.535446,43.249010,202.415 -2.535445,43.249016,202.437 -2.535445,43.249016,202.468 -2.535433,43.249016,202.239 -2.535430,43.249014,202.281 -2.535438,43.249012,202.293 -2.535438,43.249013,202.015 -2.535438,43.249013,202.258 -2.535439,43.249013,202.252 -2.535438,43.249013,202.217 -2.535438,43.249013,202.209 -2.535445,43.249010,202.287 -2.535467,43.249011,202.098 -2.535477,43.249010,202.083 -2.535473,43.249014,202.085 -2.535474,43.249014,201.876 -2.535474,43.249014,201.847 -2.535474,43.249014,201.649 -2.535474,43.249014,201.671 -2.535475,43.249015,201.433 -2.535514,43.249016,201.252 -2.535549,43.249011,200.853 -2.535602,43.249004,200.408 -2.535669,43.248993,199.809 -2.535744,43.248973,199.067 -2.535832,43.248944,198.028 -2.535917,43.248906,196.073 -2.535980,43.248873,195.065 -2.536035,43.248852,194.676 -2.536053,43.248834,194.687 -2.536057,43.248812,194.679 -2.536079,43.248806,194.671 -2.536092,43.248802,194.823 -2.536086,43.248804,195.254 -2.536073,43.248808,195.256 -2.536064,43.248809,195.411 -2.536065,43.248809,195.409 -2.536065,43.248809,195.457 -2.536065,43.248809,195.488 -2.536065,43.248809,195.493 -2.536065,43.248809,195.235 -2.536069,43.248809,195.276 -2.536114,43.248819,195.287 -2.536141,43.248826,195.089 -2.536168,43.248833,194.891 -2.536196,43.248839,194.893 -2.536226,43.248848,194.677 -2.536258,43.248862,194.661 -2.536287,43.248878,194.827 -2.536318,43.248890,194.809 -2.536354,43.248900,195.069 -2.536384,43.248911,195.280 -2.536417,43.248913,195.685 -2.536451,43.248916,195.827 -2.536483,43.248926,196.268 -2.536518,43.248934,196.679 -2.536549,43.248942,197.041 -2.536584,43.248945,197.213 -2.536619,43.248946,197.695 -2.536652,43.248951,197.822 -2.536685,43.248954,197.862 -2.536721,43.248955,198.008 -2.536751,43.248955,198.409 -2.536784,43.248955,198.814 -2.536816,43.248953,199.045 -2.536846,43.248950,199.240 -2.536872,43.248948,199.452 -2.536897,43.248946,199.823 -2.536929,43.248943,200.294 -2.536960,43.248940,200.416 -2.536981,43.248942,200.828 -2.537006,43.248944,201.250 -2.537028,43.248944,201.613 -2.537051,43.248943,201.843 -2.537070,43.248943,202.207 -2.537071,43.248946,202.409 -2.537074,43.248950,202.683 -2.537076,43.248949,202.834 -2.537076,43.248949,202.849 -2.537072,43.248953,202.811 -2.537075,43.248957,202.822 -2.537076,43.248957,202.873 -2.537077,43.248959,202.825 -2.537077,43.248959,202.817 -2.537077,43.248959,202.889 -2.537077,43.248959,202.881 -2.537077,43.248959,202.861 -2.537078,43.248958,202.817 -2.537088,43.248950,202.809 -2.537097,43.248940,202.810 -2.537114,43.248939,202.871 -2.537120,43.248941,202.816 -2.537129,43.248946,202.828 -2.537140,43.248960,202.849 -2.537151,43.248969,202.890 -2.537178,43.248975,202.832 -2.537203,43.248996,202.884 -2.537219,43.249019,202.686 -2.537248,43.249037,202.634 -2.537290,43.249056,202.255 -2.537348,43.249069,201.410 -2.537420,43.249067,200.609 -2.537496,43.249059,199.655 -2.537580,43.249048,198.816 -2.537667,43.249048,198.471 -2.537753,43.249058,197.883 -2.537846,43.249081,197.494 -2.537945,43.249098,197.275 -2.538057,43.249115,196.247 -2.538172,43.249126,195.669 -2.538293,43.249138,195.481 -2.538416,43.249144,193.688 -2.538545,43.249151,192.024 -2.538678,43.249152,189.626 -2.538811,43.249147,187.009 -2.538933,43.249132,186.070 -2.539040,43.249111,185.811 -2.539134,43.249098,186.096 -2.539211,43.249114,186.488 -2.539276,43.249154,186.859 -2.539317,43.249208,187.050 -2.539341,43.249253,186.432 -2.539359,43.249298,186.044 -2.539368,43.249348,185.886 -2.539377,43.249400,185.441 -2.539385,43.249455,185.281 -2.539393,43.249512,185.009 -2.539410,43.249563,184.609 -2.539443,43.249606,184.216 -2.539495,43.249642,184.087 -2.539558,43.249670,183.642 -2.539631,43.249700,183.614 -2.539699,43.249734,183.235 -2.539759,43.249778,183.266 -2.539815,43.249830,183.258 -2.539855,43.249885,183.630 -2.539893,43.249936,183.832 -2.539927,43.249988,184.271 -2.539955,43.250041,184.441 -2.539990,43.250100,184.615 -2.540019,43.250166,184.209 -2.540048,43.250237,183.439 -2.540082,43.250315,182.660 -2.540134,43.250395,181.475 -2.540202,43.250477,180.687 -2.540284,43.250545,179.698 -2.540395,43.250587,178.689 -2.540525,43.250604,177.681 -2.540663,43.250598,176.653 -2.540810,43.250589,175.045 -2.540957,43.250585,174.034 -2.541107,43.250579,172.855 -2.541258,43.250571,171.410 -2.541406,43.250560,170.209 -2.541552,43.250536,170.085 -2.541690,43.250498,169.636 -2.541827,43.250467,168.621 -2.541968,43.250438,168.043 -2.542094,43.250396,166.894 -2.542236,43.250355,165.465 -2.542385,43.250313,164.267 -2.542526,43.250247,162.829 -2.542647,43.250160,160.671 -2.542731,43.250081,160.478 -2.542802,43.250025,159.833 -2.542861,43.250005,158.826 -2.542908,43.250010,158.809 -2.542946,43.250015,159.239 -2.542992,43.250015,159.030 -2.543046,43.250001,159.065 -2.543095,43.249968,158.857 -2.543141,43.249930,158.418 -2.543186,43.249894,158.219 -2.543240,43.249862,158.261 -2.543292,43.249832,158.443 -2.543352,43.249807,158.645 -2.543406,43.249778,159.411 -2.543464,43.249749,160.221 -2.543516,43.249715,160.803 -2.543579,43.249683,160.809 -2.543642,43.249657,160.673 -2.543706,43.249633,160.074 -2.543778,43.249612,159.619 -2.543852,43.249607,159.491 -2.543923,43.249616,159.612 -2.543989,43.249638,160.093 -2.544042,43.249673,160.215 -2.544078,43.249716,160.417 -2.544105,43.249761,160.649 -2.544146,43.249804,160.668 -2.544205,43.249832,160.842 -2.544264,43.249841,160.826 -2.544328,43.249846,160.809 -2.544391,43.249851,161.058 -2.544445,43.249857,161.279 -2.544502,43.249861,161.444 -2.544557,43.249860,161.896 -2.544613,43.249858,162.467 -2.544669,43.249857,163.078 -2.544725,43.249849,163.290 -2.544780,43.249843,164.042 -2.544830,43.249838,164.414 -2.544879,43.249829,164.464 -2.544924,43.249819,164.606 -2.544974,43.249817,165.016 -2.545023,43.249819,165.409 -2.545069,43.249823,165.848 -2.545119,43.249823,166.249 -2.545166,43.249827,166.444 -2.545213,43.249836,166.696 -2.545260,43.249846,166.867 -2.545305,43.249854,166.828 -2.545353,43.249860,167.040 -2.545404,43.249870,167.222 -2.545451,43.249877,167.464 -2.545492,43.249885,167.842 -2.545540,43.249897,168.022 -2.545583,43.249907,168.414 -2.545632,43.249915,168.609 -2.545673,43.249927,169.046 -2.545717,43.249936,169.217 -2.545759,43.249946,169.812 -2.545807,43.249949,170.264 -2.545853,43.249952,170.495 -2.545896,43.249954,170.896 -2.545936,43.249954,171.248 -2.545984,43.249956,171.420 -2.546033,43.249958,171.442 -2.546079,43.249961,171.656 -2.546128,43.249962,171.859 -2.546178,43.249964,172.014 -2.546228,43.249965,172.209 -2.546275,43.249963,172.457 -2.546315,43.249959,172.418 -2.546361,43.249958,172.623 -2.546402,43.249959,172.665 -2.546440,43.249958,172.676 -2.546480,43.249953,172.457 -2.546522,43.249945,172.429 -2.546572,43.249939,172.481 -2.546624,43.249942,172.283 -2.546679,43.249952,172.289 -2.546730,43.249960,172.206 -2.546787,43.249964,172.226 -2.546845,43.249966,172.209 -2.546903,43.249968,172.260 -2.546958,43.249974,172.271 -2.547014,43.249983,172.236 -2.547071,43.249990,172.678 -2.547128,43.249996,172.849 -2.547183,43.250003,173.060 -2.547239,43.250008,173.292 -2.547297,43.250013,173.294 -2.547356,43.250018,173.046 -2.547415,43.250026,173.275 -2.547475,43.250030,173.228 -2.547532,43.250036,173.420 -2.547589,43.250045,173.409 -2.547646,43.250054,173.689 -2.547697,43.250062,174.040 -2.547752,43.250065,174.065 -2.547806,43.250062,174.237 -2.547867,43.250062,174.268 -2.547926,43.250064,173.879 -2.547991,43.250061,173.421 -2.548059,43.250055,173.033 -2.548141,43.250057,172.675 -2.548226,43.250063,172.449 -2.548306,43.250065,172.202 -2.548380,43.250063,172.022 -2.548455,43.250067,171.809 -2.548510,43.250071,171.876 -2.548565,43.250078,171.827 -2.548619,43.250091,171.842 -2.548655,43.250088,171.844 -2.548686,43.250077,171.815 -2.548715,43.250054,172.056 -2.548757,43.250043,172.298 -2.548802,43.250037,172.230 -2.548847,43.250034,172.062 -2.548886,43.250029,172.022 -2.548923,43.250024,172.062 -2.548963,43.250020,172.008 -2.549002,43.250017,172.009 -2.549046,43.250011,172.444 -2.549088,43.250004,172.645 -2.549114,43.250004,173.020 -2.549118,43.250007,173.482 -2.549117,43.250012,173.853 -2.549113,43.250013,174.084 -2.549118,43.250012,174.216 -2.549112,43.250006,174.258 -2.549112,43.250007,174.060 -2.549112,43.250007,174.061 -2.549112,43.250007,173.821 -2.549108,43.250008,173.613 -2.549112,43.250007,173.409 -2.549112,43.250007,173.498 -2.549112,43.250007,173.279 -2.549112,43.250007,173.264 -2.549112,43.250007,173.026 -2.549107,43.250009,173.077 -2.549103,43.250008,173.228 -2.549099,43.250009,173.260 -2.549103,43.250017,173.482 -2.549103,43.250014,173.624 -2.549107,43.250010,173.827 -2.549121,43.250010,173.868 -2.549137,43.250008,173.814 -2.549162,43.250000,173.609 -2.549188,43.249995,173.474 -2.549202,43.249989,173.445 -2.549214,43.249979,173.440 -2.549229,43.249967,173.452 -2.549246,43.249948,173.663 -2.549256,43.249922,173.694 -2.549250,43.249907,174.066 -2.549234,43.249877,174.488 -2.549219,43.249845,174.690 -2.549214,43.249811,175.012 -2.549214,43.249781,175.032 -2.549220,43.249740,174.805 -2.549245,43.249715,174.609 -2.549281,43.249704,174.433 -2.549316,43.249702,174.494 -2.549362,43.249704,174.419 -2.549408,43.249706,174.891 -2.549453,43.249707,175.292 -2.549497,43.249707,175.673 -2.549543,43.249709,175.825 -2.549586,43.249710,175.897 -2.549646,43.249711,175.679 -2.549697,43.249715,175.259 -2.549743,43.249718,175.003 -2.549788,43.249717,175.223 -2.549844,43.249715,175.009 -2.549886,43.249706,175.497 -2.549929,43.249691,176.098 -2.549963,43.249673,176.083 -2.549995,43.249656,176.075 -2.550030,43.249634,176.096 -2.550062,43.249609,176.037 -2.550094,43.249583,176.299 -2.550133,43.249557,176.251 -2.550169,43.249532,176.443 -2.550201,43.249507,176.625 -2.550226,43.249478,177.026 -2.550258,43.249453,177.408 -2.550294,43.249425,177.409 -2.550334,43.249411,177.674 -2.550371,43.249393,177.865 -2.550409,43.249381,178.060 -2.550453,43.249377,178.252 -2.550497,43.249384,178.413 -2.550539,43.249398,178.224 -2.550589,43.249409,178.296 -2.550640,43.249427,178.258 -2.550685,43.249439,178.290 -2.550727,43.249440,178.447 -2.550761,43.249438,178.829 -2.550794,43.249434,179.021 -2.550826,43.249427,179.409 -2.550859,43.249416,179.826 -2.550887,43.249405,180.087 -2.550922,43.249396,180.252 -2.550954,43.249383,180.424 -2.550984,43.249386,180.655 -2.551021,43.249377,181.046 -2.551049,43.249361,181.278 -2.551077,43.249344,181.680 -2.551105,43.249331,181.872 -2.551145,43.249319,182.037 -2.551177,43.249311,182.049 -2.551203,43.249304,182.413 -2.551227,43.249295,182.609 -2.551252,43.249283,182.835 -2.551275,43.249279,183.246 -2.551291,43.249269,183.481 -2.551308,43.249246,183.643 -2.551320,43.249223,183.834 -2.551334,43.249202,184.095 -2.551349,43.249177,184.077 -2.551364,43.249149,184.249 -2.551380,43.249121,184.241 -2.551393,43.249087,184.295 -2.551407,43.249061,184.449 -2.551420,43.249033,184.423 -2.551433,43.249000,184.609 -2.551446,43.248970,184.851 -2.551458,43.248937,185.032 -2.551469,43.248904,185.017 -2.551478,43.248873,185.289 -2.551484,43.248842,185.690 -2.551483,43.248810,185.811 -2.551484,43.248776,186.043 -2.551485,43.248744,186.265 -2.551476,43.248707,186.057 -2.551476,43.248673,186.029 -2.551472,43.248643,186.000 -2.551470,43.248612,185.820 -2.551465,43.248583,186.009 -2.551458,43.248555,186.294 -2.551447,43.248527,186.245 -2.551441,43.248501,186.490 -2.551423,43.248489,186.482 -2.551399,43.248477,186.653 -2.551385,43.248462,186.684 -2.551377,43.248452,186.846 -2.551385,43.248456,187.098 -2.551389,43.248461,187.060 -2.551384,43.248458,187.289 -2.551382,43.248456,187.006 -2.551382,43.248456,187.026 -2.551382,43.248456,186.809 -2.551382,43.248456,186.690 -2.551382,43.248456,186.421 -2.551382,43.248456,186.266 -2.551382,43.248456,186.298 -2.551382,43.248456,186.289 -2.551382,43.248456,186.240 -2.551382,43.248456,186.272 -2.551382,43.248456,186.254 -2.551382,43.248456,186.266 -2.551382,43.248456,186.233 -2.551382,43.248456,186.023 -2.551382,43.248456,186.015 -2.551382,43.248456,186.009 -2.551382,43.248456,186.055 -2.551382,43.248456,186.016 -2.551382,43.248456,185.811 -2.551382,43.248456,185.823 -2.551382,43.248456,185.874 -2.551382,43.248456,185.875 -2.551382,43.248456,185.647 -2.551382,43.248456,185.669 -2.551382,43.248456,185.811 -2.551382,43.248456,185.837 -2.551382,43.248456,185.849 -2.551382,43.248456,185.813 -2.551382,43.248456,185.609 -2.551382,43.248456,185.655 -2.551382,43.248456,185.496 -2.551382,43.248456,185.451 -2.551382,43.248456,185.483 -2.551382,43.248456,185.434 -2.551382,43.248456,185.415 -2.551382,43.248456,185.467 -2.551382,43.248456,185.429 -2.551382,43.248456,185.411 -2.551382,43.248456,185.424 -2.551382,43.248456,185.204 -2.551382,43.248456,185.214 -2.551382,43.248456,185.009 -2.551382,43.248456,185.074 -2.551382,43.248456,185.055 -2.551382,43.248456,185.050 -2.551382,43.248456,185.052 -2.551382,43.248456,184.823 -2.551382,43.248456,184.874 -2.551382,43.248456,184.816 -2.551382,43.248456,184.648 -2.551382,43.248456,184.450 -2.551382,43.248456,184.497 -2.551382,43.248456,184.423 -2.551382,43.248456,184.225 -2.551382,43.248456,184.209 -2.551382,43.248456,184.251 -2.551382,43.248456,184.212 -2.551382,43.248456,184.227 -2.551382,43.248456,184.239 -2.551382,43.248456,184.220 -2.551382,43.248456,184.061 -2.551382,43.248456,184.083 -2.551382,43.248456,183.895 -2.551382,43.248456,183.827 -2.551382,43.248456,183.884 -2.551382,43.248456,183.607 -2.551382,43.248456,183.617 -2.551382,43.248456,183.609 -2.551382,43.248456,183.630 -2.551382,43.248456,183.611 -2.551382,43.248456,183.626 -2.551382,43.248456,183.688 -2.551382,43.248456,183.679 -2.551382,43.248456,183.650 -2.551382,43.248456,183.622 -2.551382,43.248456,183.634 -2.551382,43.248456,183.436 -2.551382,43.248456,183.418 -2.551382,43.248456,183.498 -2.551382,43.248456,183.217 -2.551382,43.248456,183.209 -2.551382,43.248456,183.223 -2.551382,43.248456,183.234 -2.551382,43.248456,183.259 -2.551382,43.248456,183.211 -2.551382,43.248456,183.292 -2.551382,43.248456,183.223 -2.551382,43.248456,183.225 -2.551382,43.248456,183.217 -2.551382,43.248456,183.079 -2.551382,43.248456,183.027 -2.551382,43.248456,183.068 -2.551382,43.248456,183.014 -2.551382,43.248456,183.209 -2.551382,43.248456,183.414 -2.551382,43.248456,183.625 -2.551382,43.248456,183.870 -2.551381,43.248456,183.892 -2.551379,43.248453,183.883 -2.551377,43.248444,183.614 -2.551385,43.248439,183.466 -2.551395,43.248433,183.438 -2.551410,43.248422,183.240 -2.551413,43.248408,183.223 -2.551408,43.248388,183.483 -2.551406,43.248365,183.411 -2.551405,43.248338,183.609 -2.551412,43.248307,183.814 -2.551422,43.248276,184.035 -2.551430,43.248247,184.260 -2.551439,43.248221,184.472 -2.551456,43.248200,184.643 -2.551474,43.248183,184.874 -2.551491,43.248160,185.046 -2.551505,43.248131,185.498 -2.551524,43.248097,185.420 -2.551544,43.248064,185.481 -2.551558,43.248031,185.661 -2.551577,43.247999,185.617 -2.551597,43.247963,185.609 -2.551613,43.247929,185.890 -2.551628,43.247893,186.461 -2.551646,43.247860,187.036 -2.551663,43.247826,187.428 -2.551677,43.247793,187.829 -2.551692,43.247764,188.030 -2.551708,43.247734,188.442 -2.551726,43.247705,188.634 -2.551744,43.247677,188.826 -2.551763,43.247650,189.255 -2.551786,43.247623,189.607 -2.551811,43.247598,189.817 -2.551840,43.247573,190.009 -2.551871,43.247551,190.447 -2.551900,43.247529,190.658 -2.551931,43.247508,190.823 -2.551963,43.247485,191.025 -2.551996,43.247460,191.456 -2.552032,43.247436,191.427 -2.552065,43.247410,191.659 -2.552100,43.247387,191.821 -2.552133,43.247367,191.893 -2.552165,43.247351,192.015 -2.552197,43.247333,192.265 -2.552232,43.247312,192.411 -2.552260,43.247292,192.809 -2.552287,43.247269,193.063 -2.552319,43.247249,193.234 -2.552350,43.247229,193.499 -2.552375,43.247212,193.491 -2.552406,43.247189,193.622 -2.552438,43.247161,193.823 -2.552472,43.247139,194.075 -2.552506,43.247120,194.447 -2.552536,43.247101,194.489 -2.552568,43.247083,194.678 -2.552605,43.247064,194.833 -2.552636,43.247042,195.026 -2.552660,43.247017,195.209 -2.552684,43.246994,195.419 -2.552711,43.246974,195.660 -2.552742,43.246958,195.885 -2.552772,43.246939,196.077 -2.552802,43.246917,196.258 -2.552836,43.246897,196.499 -2.552867,43.246876,196.641 -2.552897,43.246855,196.663 -2.552927,43.246834,196.875 -2.552958,43.246815,196.842 -2.552991,43.246795,197.022 -2.553029,43.246775,197.214 -2.553065,43.246758,197.209 -2.553102,43.246742,197.446 -2.553135,43.246728,197.667 -2.553169,43.246716,197.832 -2.553208,43.246703,198.034 -2.553239,43.246702,198.075 -2.553276,43.246696,198.096 -2.553315,43.246682,198.228 -2.553349,43.246670,198.480 -2.553385,43.246658,198.612 -2.553422,43.246644,199.041 -2.553457,43.246630,199.481 -2.553498,43.246615,199.609 -2.553538,43.246604,200.009 -2.553580,43.246591,200.286 -2.553615,43.246579,200.637 -2.553652,43.246564,200.612 -2.553687,43.246551,201.044 -2.553723,43.246540,201.245 -2.553754,43.246529,201.636 -2.553783,43.246512,202.068 -2.553822,43.246498,202.430 -2.553864,43.246482,202.812 -2.553902,43.246470,203.074 -2.553940,43.246458,203.456 -2.553971,43.246449,203.621 -2.554002,43.246433,203.609 -2.554036,43.246416,203.629 -2.554074,43.246402,203.830 -2.554122,43.246396,204.025 -2.554157,43.246388,204.617 -2.554197,43.246379,205.018 -2.554238,43.246368,205.469 -2.554277,43.246359,205.841 -2.554314,43.246352,206.293 -2.554353,43.246346,206.475 -2.554393,43.246338,206.854 -2.554432,43.246330,207.056 -2.554472,43.246324,207.211 -2.554505,43.246318,207.409 -2.554544,43.246311,207.637 -2.554594,43.246301,207.858 -2.554639,43.246290,208.033 -2.554678,43.246281,208.255 -2.554724,43.246276,208.216 -2.554769,43.246271,208.447 -2.554816,43.246264,208.679 -2.554859,43.246255,208.821 -2.554897,43.246246,209.053 -2.554946,43.246236,209.218 -2.554997,43.246227,209.498 -2.555050,43.246221,209.617 -2.555098,43.246216,210.009 -2.555138,43.246209,210.233 -2.555186,43.246202,210.444 -2.555235,43.246194,210.689 -2.555282,43.246186,211.021 -2.555326,43.246177,211.282 -2.555376,43.246168,211.493 -2.555424,43.246162,211.875 -2.555469,43.246156,212.017 -2.555513,43.246146,212.289 -2.555558,43.246134,212.484 -2.555607,43.246123,212.807 -2.555646,43.246116,213.217 -2.555687,43.246108,213.609 -2.555726,43.246100,214.070 -2.555762,43.246095,214.421 -2.555794,43.246088,214.676 -2.555828,43.246081,215.218 -2.555865,43.246075,215.489 -2.555895,43.246072,216.090 -2.555926,43.246068,216.472 -2.555952,43.246061,216.884 -2.555989,43.246050,217.036 -2.556021,43.246044,217.239 -2.556053,43.246036,217.601 -2.556083,43.246030,217.821 -2.556112,43.246022,218.209 -2.556147,43.246014,218.475 -2.556179,43.246002,218.676 -2.556212,43.245989,218.621 -2.556251,43.245977,218.873 -2.556296,43.245968,219.094 -2.556339,43.245961,219.245 -2.556380,43.245950,219.237 -2.556416,43.245942,219.469 -2.556450,43.245932,219.891 -2.556485,43.245918,220.041 -2.556524,43.245906,220.281 -2.556563,43.245899,220.609 -2.556600,43.245891,220.809 -2.556638,43.245878,221.046 -2.556676,43.245859,221.087 -2.556721,43.245845,221.212 -2.556759,43.245830,221.494 -2.556797,43.245813,221.465 -2.556837,43.245795,221.476 -2.556877,43.245777,221.618 -2.556917,43.245759,221.630 -2.556957,43.245741,221.662 -2.557000,43.245723,221.848 -2.557047,43.245705,221.861 -2.557095,43.245690,221.617 -2.557145,43.245676,221.609 -2.557194,43.245661,221.656 -2.557247,43.245647,221.677 -2.557297,43.245632,221.862 -2.557338,43.245618,222.014 -2.557378,43.245598,222.625 -2.557419,43.245586,223.046 -2.557459,43.245577,223.268 -2.557510,43.245564,223.010 -2.557549,43.245547,223.022 -2.557590,43.245531,223.065 -2.557635,43.245516,223.068 -2.557672,43.245504,223.214 -2.557705,43.245493,223.809 -2.557736,43.245482,224.068 -2.557765,43.245471,224.449 -2.557799,43.245458,224.644 -2.557831,43.245448,224.856 -2.557862,43.245438,225.077 -2.557893,43.245427,225.268 -2.557925,43.245412,225.660 -2.557962,43.245398,225.822 -2.557992,43.245390,226.284 -2.558024,43.245379,226.632 -2.558060,43.245368,226.892 -2.558093,43.245358,227.011 -2.558121,43.245345,227.209 -2.558149,43.245332,227.435 -2.558179,43.245316,227.696 -2.558211,43.245300,228.031 -2.558229,43.245291,228.443 -2.558255,43.245278,229.034 -2.558284,43.245266,229.445 -2.558313,43.245248,229.837 -2.558340,43.245228,230.229 -2.558373,43.245213,230.421 -2.558401,43.245197,230.292 -2.558432,43.245182,230.073 -2.558461,43.245166,229.820 -2.558488,43.245149,229.809 -2.558513,43.245132,230.081 -2.558539,43.245115,230.272 -2.558571,43.245101,230.457 -2.558599,43.245087,230.859 -2.558626,43.245071,230.880 -2.558653,43.245055,231.011 -2.558679,43.245041,231.273 -2.558706,43.245029,231.495 -2.558731,43.245014,231.657 -2.558756,43.245002,231.648 -2.558784,43.244984,231.861 -2.558815,43.244963,232.017 -2.558846,43.244935,232.209 -2.558872,43.244919,232.486 -2.558897,43.244903,232.847 -2.558929,43.244884,233.032 -2.558965,43.244867,233.074 -2.558999,43.244851,233.235 -2.559023,43.244832,233.296 -2.559050,43.244812,233.248 -2.559084,43.244792,233.470 -2.559117,43.244772,233.422 -2.559151,43.244752,233.665 -2.559185,43.244730,233.868 -2.559214,43.244710,234.014 -2.559245,43.244690,234.409 -2.559280,43.244672,234.648 -2.559318,43.244658,234.869 -2.559347,43.244643,235.074 -2.559381,43.244628,235.256 -2.559421,43.244616,235.427 -2.559462,43.244610,235.898 -2.559507,43.244610,236.070 -2.559552,43.244610,236.482 -2.559597,43.244612,236.634 -2.559646,43.244619,236.853 -2.559689,43.244629,237.004 -2.559727,43.244647,237.414 -2.559762,43.244665,237.609 -2.559795,43.244685,237.827 -2.559827,43.244705,238.098 -2.559860,43.244724,238.483 -2.559888,43.244746,238.625 -2.559915,43.244773,238.856 -2.559935,43.244803,239.287 -2.559947,43.244835,239.619 -2.559957,43.244865,240.051 -2.559960,43.244893,240.453 -2.559953,43.244920,240.877 -2.559940,43.244946,241.461 -2.559922,43.244970,241.627 -2.559910,43.244994,242.009 -2.559899,43.245016,242.279 -2.559879,43.245042,242.650 -2.559855,43.245064,242.845 -2.559830,43.245086,243.037 -2.559802,43.245107,243.498 -2.559775,43.245126,243.629 -2.559753,43.245143,243.871 -2.559725,43.245159,243.833 -2.559698,43.245177,244.235 -2.559673,43.245200,244.447 -2.559649,43.245214,244.829 -2.559626,43.245226,245.221 -2.559603,43.245244,245.609 -2.559577,43.245263,246.026 -2.559549,43.245272,246.237 -2.559523,43.245291,246.682 -2.559501,43.245303,246.854 -2.559485,43.245321,247.265 -2.559462,43.245344,247.486 -2.559443,43.245363,247.858 -2.559425,43.245385,248.050 -2.559414,43.245407,248.232 -2.559402,43.245429,248.612 -2.559389,43.245453,248.832 -2.559377,43.245480,249.005 -2.559371,43.245503,249.409 -2.559358,43.245527,249.673 -2.559340,43.245548,249.814 -2.559321,43.245569,250.099 -2.559299,43.245590,250.211 -2.559275,43.245614,250.622 -2.559259,43.245632,250.823 -2.559235,43.245655,251.075 -2.559205,43.245677,251.217 -2.559195,43.245693,251.629 -2.559176,43.245717,251.649 -2.559163,43.245741,251.802 -2.559153,43.245764,252.222 -2.559144,43.245789,252.409 -2.559139,43.245814,252.626 -2.559133,43.245842,253.067 -2.559134,43.245868,253.292 -2.559138,43.245893,253.474 -2.559151,43.245917,253.695 -2.559171,43.245938,253.856 -2.559195,43.245958,254.068 -2.559218,43.245981,254.210 -2.559238,43.246000,254.442 -2.559266,43.246017,254.615 -2.559294,43.246032,254.865 -2.559320,43.246043,255.011 -2.559348,43.246051,255.209 -2.559382,43.246061,255.443 -2.559418,43.246075,255.664 -2.559447,43.246089,255.829 -2.559474,43.246102,256.051 -2.559504,43.246115,256.462 -2.559538,43.246128,256.643 -2.559570,43.246138,256.845 -2.559600,43.246151,257.037 -2.559627,43.246164,257.289 -2.559657,43.246176,257.488 -2.559691,43.246191,257.624 -2.559721,43.246204,258.026 -2.559753,43.246217,258.209 -2.559781,43.246229,258.440 -2.559809,43.246244,258.641 -2.559835,43.246254,258.836 -2.559868,43.246265,259.038 -2.559904,43.246278,259.469 -2.559934,43.246293,259.670 -2.559963,43.246308,259.872 -2.559993,43.246318,259.834 -2.560023,43.246328,260.066 -2.560056,43.246339,260.223 -2.560085,43.246354,260.483 -2.560113,43.246374,260.611 -2.560141,43.246389,261.009 -2.560170,43.246403,261.444 -2.560200,43.246415,261.425 -2.560229,43.246429,261.660 -2.560256,43.246445,261.842 -2.560285,43.246462,262.263 -2.560313,43.246477,262.494 -2.560341,43.246491,262.826 -2.560369,43.246503,263.088 -2.560400,43.246517,263.240 -2.560429,43.246530,263.662 -2.560458,43.246546,264.083 -2.560487,43.246558,264.211 -2.560517,43.246572,264.809 -2.560545,43.246586,265.048 -2.560569,43.246602,265.469 -2.560597,43.246620,265.664 -2.560627,43.246636,265.876 -2.560655,43.246649,266.017 -2.560683,43.246664,266.218 -2.560714,43.246679,266.470 -2.560741,43.246691,266.862 -2.560769,43.246705,267.024 -2.560798,43.246720,267.225 -2.560828,43.246734,267.626 -2.560858,43.246750,267.808 -2.560889,43.246761,267.809 -2.560923,43.246773,267.864 -2.560953,43.246782,268.085 -2.560983,43.246795,268.010 -2.561013,43.246808,268.482 -2.561046,43.246823,268.683 -2.561071,43.246838,269.064 -2.561101,43.246850,269.626 -2.561129,43.246866,269.828 -2.561153,43.246885,270.230 -2.561174,43.246904,270.427 -2.561193,43.246928,270.668 -2.561210,43.246953,270.814 -2.561223,43.246976,271.009 -2.561233,43.247003,271.094 -2.561237,43.247031,271.015 -2.561233,43.247060,271.210 -2.561230,43.247088,271.282 -2.561223,43.247121,271.453 -2.561212,43.247150,271.494 -2.561193,43.247175,271.866 -2.561169,43.247200,271.828 -2.561142,43.247221,272.090 -2.561116,43.247239,272.268 -2.561088,43.247257,272.242 -2.561061,43.247273,272.426 -2.561032,43.247286,272.609 -2.560999,43.247299,272.898 -2.560965,43.247310,273.099 -2.560933,43.247322,273.414 -2.560900,43.247331,273.636 -2.560870,43.247334,273.897 -2.560837,43.247339,274.088 -2.560804,43.247345,274.240 -2.560770,43.247352,274.412 -2.560735,43.247359,274.614 -2.560696,43.247365,275.071 -2.560661,43.247370,275.241 -2.560627,43.247375,275.415 -2.560590,43.247385,275.609 -2.560556,43.247394,275.819 -2.560525,43.247403,276.010 -2.560492,43.247408,276.285 -2.560454,43.247411,276.457 -2.560426,43.247401,276.448 -2.560395,43.247400,276.469 -2.560358,43.247409,276.411 -2.560321,43.247408,276.693 -2.560289,43.247408,276.845 -2.560257,43.247406,277.454 -2.560230,43.247403,277.856 -2.560196,43.247398,278.011 -2.560161,43.247393,278.209 -2.560121,43.247387,278.457 -2.560084,43.247382,278.678 -2.560047,43.247381,278.683 -2.560015,43.247380,278.655 -2.559980,43.247383,278.656 -2.559943,43.247381,278.437 -2.559907,43.247377,278.699 -2.559872,43.247378,278.641 -2.559838,43.247379,279.273 -2.559806,43.247381,279.682 -2.559778,43.247387,280.043 -2.559743,43.247394,280.417 -2.559706,43.247402,280.609 -2.559671,43.247409,280.870 -2.559637,43.247418,280.871 -2.559605,43.247429,281.216 -2.559569,43.247441,281.448 -2.559533,43.247454,281.649 -2.559502,43.247468,282.030 -2.559477,43.247482,282.262 -2.559451,43.247495,282.624 -2.559421,43.247511,282.816 -2.559396,43.247530,283.289 -2.559378,43.247550,283.406 -2.559361,43.247573,283.626 -2.559345,43.247598,283.809 -2.559335,43.247625,284.050 -2.559327,43.247650,284.271 -2.559321,43.247678,284.486 -2.559323,43.247701,284.628 -2.559326,43.247725,284.649 -2.559333,43.247750,284.820 -2.559343,43.247773,285.012 -2.559357,43.247794,285.224 -2.559378,43.247814,285.496 -2.559400,43.247831,285.475 -2.559424,43.247852,285.628 -2.559450,43.247869,285.620 -2.559479,43.247883,285.809 -2.559510,43.247895,286.069 -2.559538,43.247907,286.260 -2.559566,43.247923,286.425 -2.559593,43.247938,286.827 -2.559619,43.247954,287.068 -2.559645,43.247969,287.429 -2.559675,43.247984,287.661 -2.559704,43.247997,287.843 -2.559733,43.248013,288.075 -2.559763,43.248028,288.217 -2.559789,43.248041,288.487 -2.559813,43.248053,288.815 -2.559842,43.248066,289.009 -2.559874,43.248079,289.223 -2.559905,43.248091,289.444 -2.559934,43.248104,289.649 -2.559958,43.248121,289.641 -2.559986,43.248129,289.812 -2.560015,43.248140,290.083 -2.560043,43.248153,290.265 -2.560068,43.248164,290.427 -2.560093,43.248175,290.669 -2.560120,43.248187,290.874 -2.560150,43.248198,291.256 -2.560178,43.248211,291.621 -2.560210,43.248222,291.809 -2.560240,43.248229,292.019 -2.560272,43.248234,292.410 -2.560305,43.248238,292.645 -2.560340,43.248247,292.857 -2.560369,43.248258,293.288 -2.560401,43.248266,293.639 -2.560431,43.248272,293.821 -2.560462,43.248279,294.233 -2.560492,43.248283,294.655 -2.560526,43.248286,294.879 -2.560550,43.248293,295.205 -2.560582,43.248302,295.225 -2.560615,43.248309,295.409 -2.560645,43.248316,295.669 -2.560677,43.248320,296.060 -2.560711,43.248325,296.225 -2.560741,43.248335,296.427 -2.560770,43.248338,296.898 -2.560804,43.248345,297.299 -2.560835,43.248351,297.421 -2.560866,43.248358,297.893 -2.560901,43.248365,298.285 -2.560926,43.248370,298.416 -2.560956,43.248378,298.876 -2.560988,43.248383,299.213 -2.561025,43.248394,299.409 -2.561061,43.248399,299.653 -2.561095,43.248404,299.694 -2.561133,43.248404,299.859 -2.561171,43.248407,300.031 -2.561210,43.248413,300.492 -2.561233,43.248418,300.893 -2.561245,43.248420,301.085 -2.561234,43.248422,301.227 -2.561228,43.248419,301.299 -2.561228,43.248419,301.011 -2.561228,43.248419,300.821 -2.561228,43.248419,300.603 -2.561228,43.248419,300.609 -2.561228,43.248419,300.453 -2.561228,43.248419,300.444 -2.561228,43.248419,300.429 -2.561228,43.248419,300.431 -2.561228,43.248419,300.482 -2.561228,43.248419,300.473 -2.561228,43.248419,300.265 -2.561228,43.248419,300.217 -2.561228,43.248419,300.239 -2.561228,43.248419,300.484 -2.561228,43.248419,300.207 -2.561228,43.248419,300.217 -2.561228,43.248419,300.209 -2.561228,43.248419,300.210 -2.561228,43.248419,300.291 -2.561228,43.248419,300.276 -2.561228,43.248419,300.278 -2.561228,43.248419,300.069 -2.561228,43.248419,300.020 -2.561228,43.248419,300.092 -2.561228,43.248419,300.044 -2.561228,43.248419,300.066 -2.561228,43.248419,300.098 -2.561228,43.248419,300.015 -2.561228,43.248419,300.026 -2.561228,43.248419,300.009 -2.561228,43.248419,300.091 -2.561228,43.248419,299.872 -2.561228,43.248419,299.867 -2.561228,43.248419,299.819 -2.561228,43.248419,299.860 -2.561228,43.248419,299.851 -2.561228,43.248419,299.873 -2.561228,43.248419,299.835 -2.561228,43.248419,299.827 -2.561228,43.248419,299.862 -2.561228,43.248419,299.883 -2.561228,43.248419,299.611 -2.561228,43.248419,299.609 -2.561228,43.248419,299.628 -2.561228,43.248419,299.629 -2.561228,43.248419,299.654 -2.561228,43.248419,299.636 -2.561228,43.248419,299.857 -2.561228,43.248419,299.898 -2.561228,43.248419,299.650 -2.561228,43.248419,299.812 -2.561228,43.248419,299.884 -2.561228,43.248419,299.859 -2.561228,43.248419,299.803 -2.561228,43.248419,299.823 -2.561228,43.248419,299.809 -2.561228,43.248419,299.857 -2.561228,43.248419,299.848 -2.561228,43.248419,299.863 -2.561228,43.248419,299.855 -2.561228,43.248419,300.026 -2.561228,43.248419,300.027 -2.561228,43.248419,300.039 -2.561228,43.248419,300.091 -2.561228,43.248419,300.093 -2.561228,43.248419,299.882 -2.561228,43.248419,299.843 -2.561228,43.248419,299.817 -2.561228,43.248419,299.809 -2.561228,43.248419,299.870 -2.561228,43.248419,299.871 -2.561228,43.248419,299.896 -2.561228,43.248419,299.888 -2.561228,43.248419,299.669 -2.561228,43.248419,299.630 -2.561228,43.248419,299.642 -2.561228,43.248419,299.694 -2.561228,43.248419,299.656 -2.561228,43.248419,299.424 -2.561228,43.248419,299.404 -2.561228,43.248414,299.414 -2.561228,43.248419,299.609 -2.561228,43.248419,299.874 -2.561228,43.248419,300.065 -2.561231,43.248407,300.260 -2.561245,43.248409,300.432 -2.561257,43.248414,300.463 -2.561272,43.248421,300.454 -2.561286,43.248423,300.446 -2.561308,43.248430,300.438 -2.561328,43.248435,300.610 -2.561349,43.248439,301.274 -2.561383,43.248447,301.456 -2.561414,43.248455,302.021 -2.561447,43.248463,302.409 -2.561480,43.248471,302.629 -2.561518,43.248478,302.620 -2.561559,43.248483,302.655 -2.561601,43.248488,302.677 -2.561639,43.248492,302.818 -2.561682,43.248500,303.069 -2.561726,43.248512,303.281 -2.561775,43.248526,303.633 -2.561823,43.248537,304.095 -2.561869,43.248547,304.484 -2.561914,43.248555,304.807 -2.561967,43.248563,305.417 -2.562014,43.248577,305.409 -2.562066,43.248585,305.690 -2.562118,43.248588,305.851 -2.562168,43.248588,305.666 -2.562221,43.248588,305.818 -2.562273,43.248585,306.039 -2.562328,43.248583,306.260 -2.562385,43.248579,306.212 -2.562441,43.248579,306.494 -2.562493,43.248580,306.456 -2.562542,43.248580,306.698 -2.562591,43.248574,306.615 -2.562638,43.248565,307.026 -2.562685,43.248556,307.209 -2.562724,43.248547,307.611 -2.562757,43.248538,308.232 -2.562792,43.248524,308.487 -2.562829,43.248509,308.619 -2.562865,43.248493,309.070 -2.562902,43.248479,309.231 -2.562931,43.248464,309.233 -2.562965,43.248448,309.695 -2.562988,43.248439,310.037 -2.563013,43.248427,310.489 -2.563039,43.248410,310.806 -2.563067,43.248394,311.226 -2.563101,43.248380,311.409 -2.563134,43.248361,311.490 -2.563157,43.248345,311.481 -2.563183,43.248330,311.486 -2.563208,43.248314,311.628 -2.563233,43.248291,311.859 -2.563259,43.248270,312.220 -2.563285,43.248251,312.692 -2.563307,43.248235,313.034 -2.563321,43.248215,313.296 -2.563339,43.248198,313.653 -2.563361,43.248181,314.004 -2.563385,43.248163,314.414 -2.563411,43.248146,314.609 -2.563435,43.248126,314.847 -2.563459,43.248106,315.288 -2.563484,43.248085,315.463 -2.563503,43.248063,315.695 -2.563521,43.248043,315.896 -2.563542,43.248025,316.217 -2.563553,43.248007,316.669 -2.563567,43.247986,317.031 -2.563574,43.247965,317.253 -2.563582,43.247940,317.624 -2.563587,43.247913,317.804 -2.563593,43.247886,317.814 -2.563601,43.247861,318.009 -2.563603,43.247834,318.274 -2.563605,43.247806,318.425 -2.563606,43.247778,318.650 -2.563605,43.247752,318.882 -2.563605,43.247720,318.833 -2.563610,43.247689,319.024 -2.563616,43.247661,319.096 -2.563629,43.247631,319.028 -2.563650,43.247599,319.070 -2.563677,43.247570,319.257 -2.563705,43.247545,319.200 -2.563739,43.247520,319.420 -2.563773,43.247500,319.609 -2.563809,43.247478,319.867 -2.563842,43.247460,320.038 -2.563877,43.247441,320.073 -2.563911,43.247418,320.025 -2.563950,43.247400,320.016 -2.563983,43.247378,320.017 -2.564023,43.247357,319.879 -2.564061,43.247337,320.011 -2.564097,43.247316,320.483 -2.564127,43.247295,320.649 -2.564155,43.247275,320.802 -2.564184,43.247254,321.022 -2.564215,43.247233,321.209 -2.564248,43.247214,321.416 -2.564278,43.247198,321.847 -2.564305,43.247180,322.092 -2.564341,43.247160,322.254 -2.564371,43.247143,322.425 -2.564400,43.247122,322.626 -2.564428,43.247103,322.828 -2.564453,43.247087,323.020 -2.564477,43.247071,323.242 -2.564502,43.247052,323.433 -2.564523,43.247034,323.623 -2.564543,43.247014,323.815 -2.564562,43.246991,324.009 -2.564565,43.246964,324.425 -2.564566,43.246942,324.486 -2.564566,43.246918,324.891 -2.564563,43.246897,325.293 -2.564559,43.246884,325.674 -2.564542,43.246870,326.085 -2.564519,43.246848,326.477 -2.564495,43.246833,326.879 -2.564464,43.246818,327.071 -2.564436,43.246807,327.222 -2.564416,43.246798,327.262 -2.564422,43.246793,327.208 -2.564419,43.246798,327.409 -2.564421,43.246801,327.434 -2.564421,43.246802,327.295 -2.564421,43.246802,327.210 -2.564421,43.246802,327.072 -2.564421,43.246802,327.033 -2.564421,43.246802,327.084 -2.564421,43.246802,327.066 -2.564421,43.246802,327.068 -2.564421,43.246802,326.880 -2.564421,43.246802,326.833 -2.564421,43.246802,326.823 -2.564421,43.246802,326.815 -2.564421,43.246802,326.809 -2.564421,43.246802,327.095 -2.564419,43.246804,327.276 -2.564421,43.246802,327.281 -2.564421,43.246802,327.443 -2.564418,43.246802,327.434 -2.564407,43.246795,327.425 -2.564389,43.246790,327.417 -2.564374,43.246787,327.279 -2.564346,43.246779,327.241 -2.564317,43.246766,327.289 -2.564295,43.246740,327.406 -2.564272,43.246723,327.626 -2.564237,43.246711,328.009 -2.564196,43.246701,328.260 -2.564164,43.246690,328.681 -2.564134,43.246678,328.846 -2.564102,43.246669,328.868 -2.564067,43.246658,329.079 -2.564034,43.246648,329.410 -2.564000,43.246635,329.632 -2.563965,43.246624,330.084 -2.563928,43.246615,330.096 -2.563893,43.246603,330.285 -2.563862,43.246593,330.289 -2.563828,43.246584,330.417 -2.563789,43.246575,330.609 -2.563749,43.246567,331.020 -2.563720,43.246558,331.291 -2.563686,43.246549,331.456 -2.563656,43.246542,331.678 -2.563620,43.246533,331.639 -2.563580,43.246524,331.810 -2.563538,43.246512,332.062 -2.563504,43.246503,332.044 -2.563471,43.246493,332.486 -2.563436,43.246485,332.691 -2.563397,43.246474,333.481 -2.563359,43.246463,333.619 -2.563325,43.246451,333.809 -2.563295,43.246434,334.231 -2.563267,43.246420,334.452 -2.563234,43.246408,334.657 -2.563203,43.246403,334.839 -2.563176,43.246390,335.080 -2.563144,43.246374,335.211 -2.563114,43.246362,335.213 -2.563082,43.246355,335.425 -2.563052,43.246348,335.657 -2.563017,43.246334,335.688 -2.562984,43.246317,336.024 -2.562957,43.246301,336.426 -2.562929,43.246289,336.609 -2.562905,43.246273,337.020 -2.562881,43.246258,337.221 -2.562861,43.246240,337.646 -2.562838,43.246222,337.878 -2.562815,43.246203,338.049 -2.562793,43.246187,338.210 -2.562766,43.246170,338.442 -2.562737,43.246152,338.624 -2.562713,43.246134,339.016 -2.562690,43.246113,339.288 -2.562660,43.246089,339.624 -2.562634,43.246063,340.026 -2.562611,43.246036,340.209 -2.562592,43.246012,340.650 -2.562577,43.245985,341.081 -2.562561,43.245960,341.216 -2.562544,43.245933,341.428 -2.562533,43.245905,341.629 -2.562526,43.245876,341.830 -2.562524,43.245850,341.842 -2.562518,43.245828,342.064 -2.562515,43.245802,342.286 -2.562520,43.245777,342.279 -2.562537,43.245753,342.605 -2.562560,43.245733,343.025 -2.562580,43.245712,343.609 -2.562603,43.245695,343.849 -2.562628,43.245680,344.450 -2.562657,43.245664,344.675 -2.562689,43.245653,344.667 -2.562722,43.245644,345.058 -2.562750,43.245632,345.219 -2.562780,43.245615,345.631 -2.562807,43.245602,345.863 -2.562833,43.245587,346.025 -2.562857,43.245568,346.214 -2.562882,43.245546,346.254 -2.562905,43.245522,346.409 -2.562915,43.245492,346.409 -2.562926,43.245467,346.693 -2.562931,43.245434,347.034 -2.562935,43.245407,347.259 -2.562946,43.245386,347.821 -2.562957,43.245367,348.032 -2.562976,43.245346,348.443 -2.562999,43.245332,348.665 -2.563025,43.245320,349.057 -2.563053,43.245312,349.249 -2.563083,43.245304,349.449 -2.563112,43.245302,349.802 -2.563140,43.245303,350.422 -2.563170,43.245302,350.609 -2.563203,43.245303,351.066 -2.563233,43.245298,351.467 -2.563262,43.245297,351.622 -2.563285,43.245282,351.684 -2.563308,43.245270,352.045 -2.563326,43.245261,352.436 -2.563348,43.245248,352.658 -2.563369,43.245236,352.870 -2.563393,43.245222,353.062 -2.563420,43.245206,353.425 -2.563445,43.245189,353.626 -2.563469,43.245173,354.008 -2.563491,43.245154,354.209 -2.563507,43.245134,354.484 -2.563524,43.245117,354.655 -2.563539,43.245100,354.690 -2.563554,43.245079,354.682 -2.563571,43.245057,354.663 -2.563583,43.245036,355.054 -2.563595,43.245019,355.286 -2.563613,43.245001,355.678 -2.563636,43.244988,355.860 -2.563665,43.244973,356.035 -2.563695,43.244961,356.486 -2.563723,43.244953,356.614 -2.563753,43.244944,356.809 -2.563785,43.244937,357.285 -2.563816,43.244930,357.216 -2.563846,43.244923,357.241 -2.563883,43.244918,357.443 -2.563914,43.244915,357.444 -2.563940,43.244915,357.675 -2.563966,43.244915,358.087 -2.563993,43.244912,358.639 -2.564022,43.244907,359.061 -2.564050,43.244903,359.233 -2.564077,43.244901,359.623 -2.564105,43.244899,359.815 -2.564132,43.244897,360.009 -2.564160,43.244898,360.475 -2.564190,43.244898,360.686 -2.564220,43.244895,360.821 -2.564250,43.244890,361.013 -2.564274,43.244882,361.224 -2.564302,43.244873,361.485 -2.564331,43.244862,361.857 -2.564355,43.244849,362.059 -2.564375,43.244836,362.291 -2.564397,43.244825,362.668 -2.564425,43.244813,362.842 -2.564455,43.244799,363.026 -2.564478,43.244788,363.209 -2.564508,43.244778,363.448 -2.564540,43.244773,363.649 -2.564574,43.244771,363.894 -2.564611,43.244773,363.816 -2.564646,43.244780,364.217 -2.564678,43.244790,364.448 -2.564710,43.244803,364.830 -2.564731,43.244818,365.082 -2.564758,43.244832,365.214 -2.564781,43.244844,365.464 -2.564821,43.244854,365.606 -2.564854,43.244865,365.616 -2.564876,43.244875,365.609 -2.564891,43.244890,365.688 -2.564908,43.244901,365.619 -2.564925,43.244907,365.644 -2.564935,43.244912,365.866 -2.564940,43.244914,365.837 -2.564936,43.244915,366.028 -2.564928,43.244914,366.030 -2.564929,43.244917,366.062 -2.564930,43.244917,366.074 -2.564930,43.244917,365.876 -2.564930,43.244917,365.690 -2.564930,43.244917,365.619 -2.564930,43.244917,365.609 -2.564930,43.244917,365.499 -2.564930,43.244917,365.480 -2.564930,43.244917,365.415 -2.564930,43.244917,365.667 -2.564932,43.244917,365.638 -2.564950,43.244929,365.629 -2.564964,43.244941,365.641 -2.564980,43.244947,365.643 -2.564997,43.244957,365.865 -2.565011,43.244972,365.895 -2.565033,43.244988,365.849 -2.565061,43.244999,366.023 -2.565086,43.245012,366.209 -2.565106,43.245023,366.431 -2.565130,43.245034,366.892 -2.565158,43.245047,367.057 -2.565183,43.245061,367.439 -2.565207,43.245072,367.460 -2.565234,43.245083,367.641 -2.565258,43.245092,367.823 -2.565285,43.245101,368.055 -2.565310,43.245113,368.237 -2.565334,43.245133,368.474 -2.565353,43.245151,368.856 -2.565374,43.245171,369.021 -2.565400,43.245188,369.209 -2.565425,43.245202,369.449 -2.565446,43.245220,369.450 -2.565468,43.245239,369.665 -2.565482,43.245257,369.677 -2.565495,43.245274,369.858 -2.565510,43.245294,370.019 -2.565522,43.245315,370.261 -2.565533,43.245338,370.473 -2.565551,43.245360,370.615 -2.565566,43.245382,370.862 -2.565577,43.245403,370.883 -2.565599,43.245418,370.811 -2.565623,43.245433,370.809 -2.565646,43.245448,371.028 -2.565672,43.245467,371.279 -2.565695,43.245478,371.434 -2.565725,43.245491,371.646 -2.565750,43.245501,371.677 -2.565779,43.245512,371.818 -2.565803,43.245527,372.020 -2.565825,43.245542,372.252 -2.565844,43.245551,372.284 -2.565866,43.245552,372.494 -2.565893,43.245561,372.857 -2.565922,43.245574,373.022 -2.565946,43.245588,373.209 -2.565971,43.245603,373.611 -2.565994,43.245615,373.842 -2.566008,43.245630,374.097 -2.566026,43.245646,374.219 -2.566043,43.245661,374.450 -2.566054,43.245678,374.821 -2.566064,43.245693,375.243 -2.566076,43.245706,376.065 -2.566086,43.245726,376.677 -2.566092,43.245747,377.043 -2.566095,43.245770,377.464 -2.566103,43.245789,377.610 -2.566108,43.245810,377.609 -2.566120,43.245815,377.826 -2.566128,43.245836,378.297 -2.566133,43.245862,378.622 -2.566144,43.245887,379.224 -2.566152,43.245911,379.645 -2.566159,43.245937,379.856 -2.566164,43.245963,379.878 -2.566169,43.245990,379.810 -2.566181,43.246013,379.852 -2.566197,43.246035,379.838 -2.566213,43.246057,379.870 -2.566228,43.246078,380.017 -2.566242,43.246094,380.209 -2.566260,43.246113,380.615 -2.566277,43.246134,380.836 -2.566292,43.246155,381.251 -2.566306,43.246176,381.433 -2.566320,43.246198,381.614 -2.566335,43.246222,381.825 -2.566345,43.246244,382.067 -2.566356,43.246264,382.499 -2.566369,43.246286,382.681 -2.566383,43.246304,383.244 -2.566402,43.246323,383.605 -2.566426,43.246341,384.015 -2.566452,43.246358,384.209 -2.566471,43.246373,384.666 -2.566498,43.246387,384.697 -2.566523,43.246402,384.882 -2.566549,43.246414,385.024 -2.566575,43.246426,385.245 -2.566602,43.246434,385.616 -2.566631,43.246444,386.018 -2.566661,43.246455,386.240 -2.566689,43.246464,386.632 -2.566717,43.246471,387.063 -2.566746,43.246477,387.244 -2.566777,43.246483,387.418 -2.566806,43.246492,387.609 -2.566833,43.246503,388.048 -2.566864,43.246513,388.459 -2.566894,43.246520,388.884 -2.566918,43.246526,389.286 -2.566946,43.246532,389.417 -2.566973,43.246540,389.658 -2.567000,43.246544,389.890 -2.567030,43.246548,390.022 -2.567063,43.246549,390.244 -2.567096,43.246554,390.635 -2.567125,43.246559,391.086 -2.567165,43.246556,391.614 -2.567200,43.246560,391.809 -2.567226,43.246562,392.255 -2.567248,43.246561,392.636 -2.567271,43.246561,393.081 -2.567296,43.246563,393.233 -2.567320,43.246565,393.694 -2.567344,43.246563,393.845 -2.567368,43.246559,394.017 -2.567393,43.246557,394.239 -2.567420,43.246556,394.451 -2.567450,43.246553,394.862 -2.567483,43.246551,395.083 -2.567512,43.246549,395.411 -2.567540,43.246547,395.809 -2.567566,43.246544,396.238 -2.567586,43.246545,396.439 -2.567602,43.246541,396.834 -2.567622,43.246531,397.076 -2.567649,43.246524,397.247 -2.567680,43.246522,397.448 -2.567701,43.246514,397.680 -2.567724,43.246505,398.092 -2.567746,43.246497,398.214 -2.567768,43.246490,398.628 -2.567792,43.246480,398.889 -2.567817,43.246469,399.017 -2.567844,43.246461,399.409 -2.567870,43.246449,399.834 -2.567893,43.246441,400.075 -2.567916,43.246431,400.260 -2.567931,43.246423,400.672 -2.567956,43.246413,400.863 -2.567978,43.246404,401.044 -2.568001,43.246396,401.286 -2.568024,43.246383,401.658 -2.568047,43.246372,401.850 -2.568067,43.246358,401.869 -2.568086,43.246341,402.204 -2.568102,43.246319,402.424 -2.568119,43.246305,402.609 -2.568141,43.246291,403.068 -2.568157,43.246278,403.259 -2.568179,43.246264,403.634 -2.568197,43.246250,403.836 -2.568213,43.246238,404.077 -2.568230,43.246227,404.298 -2.568246,43.246217,404.440 -2.568259,43.246201,404.862 -2.568278,43.246187,405.074 -2.568302,43.246176,405.483 -2.568320,43.246162,405.825 -2.568345,43.246145,406.017 -2.568365,43.246131,406.209 -2.568384,43.246119,406.470 -2.568402,43.246106,406.651 -2.568426,43.246096,407.026 -2.568456,43.246085,407.298 -2.568477,43.246074,407.689 -2.568498,43.246060,408.020 -2.568517,43.246047,408.292 -2.568539,43.246037,408.444 -2.568559,43.246025,408.876 -2.568579,43.246015,409.054 -2.568601,43.246002,409.256 -2.568625,43.245991,409.611 -2.568649,43.245983,410.009 -2.568671,43.245973,410.017 -2.568692,43.245961,410.298 -2.568709,43.245948,410.653 -2.568731,43.245936,410.885 -2.568753,43.245921,411.086 -2.568777,43.245911,411.297 -2.568795,43.245900,411.469 -2.568817,43.245885,411.831 -2.568848,43.245869,412.083 -2.568864,43.245848,412.448 -2.568882,43.245831,412.661 -2.568903,43.245816,412.817 -2.568923,43.245799,413.009 -2.568941,43.245787,413.446 -2.568960,43.245772,413.687 -2.568979,43.245756,414.032 -2.569005,43.245741,414.454 -2.569022,43.245730,414.895 -2.569043,43.245714,415.016 -2.569059,43.245700,415.228 -2.569081,43.245681,415.610 -2.569108,43.245666,416.022 -2.569134,43.245656,416.439 -2.569162,43.245649,416.801 -2.569187,43.245638,417.221 -2.569216,43.245629,417.409 -2.569243,43.245623,417.635 -2.569271,43.245614,417.836 -2.569298,43.245607,418.041 -2.569323,43.245603,418.433 -2.569351,43.245596,418.694 -2.569380,43.245587,419.095 -2.569412,43.245581,419.267 -2.569438,43.245577,419.439 -2.569463,43.245574,419.641 -2.569489,43.245569,419.881 -2.569516,43.245569,420.061 -2.569547,43.245566,420.017 -2.569578,43.245570,420.209 -2.569608,43.245572,420.410 -2.569638,43.245573,420.491 -2.569663,43.245572,420.896 -2.569691,43.245573,421.058 -2.569722,43.245572,421.219 -2.569749,43.245573,421.480 -2.569773,43.245574,421.642 -2.569798,43.245579,421.624 -2.569823,43.245582,421.856 -2.569851,43.245583,422.248 -2.569882,43.245584,422.461 -2.569917,43.245584,422.817 -2.569942,43.245581,423.209 -2.569967,43.245576,423.436 -2.569995,43.245577,423.877 -2.570022,43.245579,424.072 -2.570049,43.245578,424.414 -2.570075,43.245576,424.815 -2.570104,43.245572,425.256 -2.570135,43.245576,425.638 -2.570165,43.245581,425.850 -2.570197,43.245583,426.252 -2.570224,43.245583,426.498 -2.570248,43.245578,426.615 -2.570278,43.245576,426.826 -2.570305,43.245571,427.209 -2.570330,43.245561,427.661 -2.570350,43.245546,427.812 -2.570368,43.245532,428.287 -2.570365,43.245516,428.859 -2.570353,43.245506,429.230 -2.570333,43.245501,429.661 -2.570310,43.245498,430.083 -2.570282,43.245501,430.285 -2.570244,43.245506,430.457 -2.570213,43.245505,430.423 -2.570181,43.245506,430.683 -2.570149,43.245505,431.011 -2.570115,43.245498,431.409 -2.570090,43.245491,431.844 -2.570062,43.245484,432.255 -2.570030,43.245476,432.640 -2.570003,43.245469,433.072 -2.569971,43.245463,433.083 -2.569941,43.245452,433.254 -2.569915,43.245442,433.436 -2.569886,43.245428,433.468 -2.569856,43.245419,433.610 -2.569828,43.245418,433.839 -2.569806,43.245413,434.001 -2.569786,43.245403,434.221 -2.569768,43.245394,434.409 -2.569746,43.245387,434.625 -2.569719,43.245375,434.846 -2.569697,43.245361,434.831 -2.569675,43.245347,435.273 -2.569650,43.245332,435.464 -2.569624,43.245319,435.885 -2.569597,43.245305,436.237 -2.569575,43.245296,436.639 -2.569553,43.245283,436.851 -2.569533,43.245272,437.216 -2.569513,43.245259,437.476 -2.569492,43.245248,437.813 -2.569469,43.245237,438.009 -2.569445,43.245224,438.463 -2.569424,43.245212,438.654 -2.569398,43.245198,438.859 -2.569380,43.245183,438.821 -2.569363,43.245170,439.042 -2.569346,43.245155,439.013 -2.569328,43.245136,439.015 -2.569307,43.245119,439.217 -2.569289,43.245098,439.269 -2.569276,43.245084,439.671 -2.569265,43.245067,440.041 -2.569249,43.245051,440.415 -2.569236,43.245032,440.609 -2.569226,43.245012,440.899 -2.569216,43.244991,441.090 -2.569214,43.244973,441.425 -2.569211,43.244953,441.637 -2.569209,43.244934,441.828 -2.569207,43.244916,442.069 -2.569208,43.244897,442.421 -2.569209,43.244876,442.663 -2.569208,43.244856,443.055 -2.569208,43.244840,443.467 -2.569209,43.244820,443.881 -2.569213,43.244799,443.819 -2.569219,43.244783,443.809 -2.569224,43.244764,444.098 -2.569223,43.244746,444.299 -2.569227,43.244725,444.684 -2.569239,43.244706,445.086 -2.569246,43.244688,445.227 -2.569257,43.244671,445.448 -2.569268,43.244653,445.650 -2.569277,43.244634,445.812 -2.569288,43.244614,446.024 -2.569306,43.244594,446.425 -2.569326,43.244572,446.426 -2.569342,43.244552,446.608 -2.569355,43.244534,446.809 -2.569369,43.244516,447.084 -2.569386,43.244495,447.255 -2.569401,43.244477,447.630 -2.569418,43.244459,447.842 -2.569433,43.244440,448.213 -2.569450,43.244422,448.284 -2.569471,43.244404,448.636 -2.569486,43.244384,448.888 -2.569497,43.244364,449.090 -2.569515,43.244349,449.292 -2.569533,43.244331,449.473 -2.569548,43.244308,449.620 -2.569560,43.244286,449.809 -2.569572,43.244263,450.051 -2.569586,43.244246,450.262 -2.569598,43.244228,450.247 -2.569614,43.244211,450.489 -2.569626,43.244193,450.670 -2.569642,43.244177,450.871 -2.569658,43.244162,451.223 -2.569670,43.244150,451.655 -2.569690,43.244130,451.857 -2.569706,43.244112,452.239 -2.569715,43.244097,452.601 -2.569728,43.244082,452.821 -2.569742,43.244069,453.009 -2.569758,43.244057,453.255 -2.569776,43.244044,453.486 -2.569792,43.244029,453.611 -2.569808,43.244012,453.873 -2.569826,43.243995,454.284 -2.569847,43.243979,454.485 -2.569862,43.243966,454.897 -2.569874,43.243952,455.079 -2.569896,43.243937,455.411 -2.569913,43.243924,455.657 -2.569930,43.243909,456.000 -2.569947,43.243895,456.220 -2.569959,43.243878,456.609 -2.569975,43.243860,456.887 -2.569996,43.243842,456.898 -2.570007,43.243825,457.043 -2.570021,43.243804,457.065 -2.570034,43.243788,457.276 -2.570046,43.243771,457.477 -2.570057,43.243755,457.829 -2.570071,43.243742,458.081 -2.570081,43.243728,458.683 -2.570097,43.243713,458.854 -2.570112,43.243695,458.856 -2.570127,43.243683,459.211 -2.570137,43.243666,459.609 -2.570146,43.243654,459.897 -2.570160,43.243636,460.028 -2.570175,43.243617,460.293 -2.570186,43.243596,460.495 -2.570200,43.243572,460.416 -2.570214,43.243547,460.657 -2.570223,43.243522,461.039 -2.570228,43.243497,461.251 -2.570229,43.243468,461.423 -2.570227,43.243440,461.656 -2.570222,43.243409,461.859 -2.570214,43.243378,462.214 -2.570214,43.243350,462.209 -2.570210,43.243320,462.457 -2.570207,43.243296,462.698 -2.570202,43.243272,462.863 -2.570199,43.243247,463.035 -2.570195,43.243225,463.486 -2.570192,43.243201,463.617 -2.570190,43.243176,463.839 -2.570188,43.243151,464.021 -2.570186,43.243131,464.273 -2.570187,43.243112,464.241 -2.570188,43.243092,464.481 -2.570181,43.243073,464.609 -2.570174,43.243052,464.809 -2.570165,43.243030,465.216 -2.570160,43.243004,465.477 -2.570157,43.242976,465.682 -2.570151,43.242954,466.064 -2.570149,43.242935,466.035 -2.570142,43.242921,466.456 -2.570129,43.242908,466.628 -2.570115,43.242896,466.870 -2.570105,43.242880,467.012 -2.570096,43.242866,467.275 -2.570084,43.242847,467.428 -2.570078,43.242829,467.820 -2.570082,43.242808,468.009 -2.570090,43.242795,468.459 -2.570106,43.242782,468.860 -2.570131,43.242772,469.085 -2.570152,43.242768,469.287 -2.570177,43.242762,469.438 -2.570199,43.242761,469.859 -2.570223,43.242764,470.011 -2.570241,43.242768,470.473 -2.570257,43.242774,470.635 -2.570275,43.242780,471.087 -2.570294,43.242784,471.242 -2.570315,43.242789,471.426 -2.570334,43.242795,471.609 -2.570347,43.242804,471.860 -2.570362,43.242808,472.021 -2.570382,43.242821,472.216 -2.570400,43.242831,472.438 -2.570416,43.242840,472.649 -2.570431,43.242852,472.870 -2.570453,43.242863,472.862 -2.570473,43.242872,473.044 -2.570494,43.242884,473.226 -2.570508,43.242894,473.444 -2.570526,43.242904,473.805 -2.570539,43.242911,474.015 -2.570555,43.242920,474.409 -2.570572,43.242928,474.686 -2.570591,43.242936,474.897 -2.570610,43.242941,475.282 -2.570629,43.242944,475.684 -2.570652,43.242951,476.235 -2.570677,43.242959,476.446 -2.570697,43.242966,476.648 -2.570720,43.242973,476.870 -2.570743,43.242976,477.062 -2.570767,43.242986,477.295 -2.570785,43.242994,477.649 -2.570806,43.242997,477.823 -2.570823,43.243000,478.209 -2.570847,43.243003,478.461 -2.570872,43.243009,478.652 -2.570890,43.243013,479.097 -2.570912,43.243016,479.459 -2.570931,43.243018,479.840 -2.570952,43.243020,480.241 -2.570973,43.243024,480.653 -2.570991,43.243030,481.075 -2.571005,43.243037,481.477 -2.571018,43.243041,481.628 -2.571034,43.243049,482.089 -2.571052,43.243054,482.217 -2.571071,43.243061,482.409 -2.571097,43.243069,482.664 -2.571117,43.243077,482.895 -2.571137,43.243087,483.010 -2.571157,43.243098,483.422 -2.571175,43.243107,483.693 -2.571195,43.243116,483.884 -2.571212,43.243127,484.046 -2.571236,43.243130,484.278 -2.571255,43.243141,484.460 -2.571274,43.243150,484.465 -2.571296,43.243155,484.668 -2.571315,43.243160,484.814 -2.571335,43.243165,485.009 -2.571358,43.243170,485.238 -2.571381,43.243175,485.259 -2.571402,43.243179,485.654 -2.571421,43.243183,485.836 -2.571437,43.243185,486.077 -2.571457,43.243181,486.498 -2.571482,43.243178,486.610 -2.571501,43.243174,486.812 -2.571525,43.243171,487.244 -2.571544,43.243170,487.475 -2.571562,43.243168,487.628 -2.571588,43.243167,487.820 -2.571614,43.243167,488.209 -2.571634,43.243166,488.419 -2.571654,43.243166,488.650 -2.571679,43.243166,489.055 -2.571702,43.243161,489.217 -2.571727,43.243159,489.248 -2.571747,43.243154,489.639 -2.571763,43.243149,489.631 -2.571782,43.243145,489.853 -2.571802,43.243140,490.075 -2.571822,43.243136,490.212 -2.571836,43.243132,490.432 -2.571850,43.243125,490.605 -2.571863,43.243113,490.809 -2.571986,43.243036,492.643 -2.571994,43.243023,492.824 -2.572004,43.243011,492.879 -2.572013,43.242999,493.031 -2.572024,43.242987,493.212 -2.572037,43.242975,493.253 -2.572054,43.242964,493.475 -2.572065,43.242951,493.867 -2.572070,43.242931,494.249 -2.572079,43.242919,494.622 -2.572087,43.242901,495.462 -2.572099,43.242895,495.808 -2.572109,43.242883,496.009 -2.572119,43.242868,496.274 -2.572132,43.242856,496.225 -2.572151,43.242844,496.060 -2.572168,43.242830,496.092 -2.572181,43.242814,496.063 -2.572196,43.242797,496.274 -2.572207,43.242785,496.626 -2.572217,43.242770,496.818 -2.572233,43.242752,497.040 -2.572249,43.242734,497.231 -2.572268,43.242717,497.261 -2.572283,43.242701,497.407 -2.572295,43.242683,497.609 -2.572309,43.242665,497.875 -2.572324,43.242648,498.286 -2.572342,43.242629,498.281 -2.572364,43.242609,498.443 -2.572388,43.242592,498.644 -2.572414,43.242575,498.875 -2.572438,43.242558,499.017 -2.572463,43.242539,499.259 -2.572489,43.242526,499.481 -2.572511,43.242516,499.689 -2.572538,43.242505,499.806 -2.572567,43.242496,500.026 -2.572602,43.242485,500.409 -2.572644,43.242477,500.420 -2.572676,43.242476,500.411 -2.572704,43.242476,500.496 -2.572738,43.242475,500.628 -2.572773,43.242475,500.629 -2.572805,43.242476,500.890 -2.572841,43.242475,501.072 -2.572879,43.242477,501.214 -2.572915,43.242478,501.276 -2.572946,43.242480,501.466 -2.572985,43.242483,501.629 -2.573023,43.242483,501.821 -2.573059,43.242483,501.809 -2.573092,43.242486,502.078 -2.573125,43.242489,502.249 -2.573160,43.242492,502.294 -2.573189,43.242493,502.256 -2.573228,43.242493,502.667 -2.573261,43.242498,503.078 -2.573307,43.242501,503.440 -2.573339,43.242499,503.432 -2.573374,43.242503,503.494 -2.573406,43.242500,503.294 -2.573439,43.242496,503.057 -2.573471,43.242490,503.022 -2.573498,43.242481,503.209 -2.573528,43.242470,503.451 -2.573557,43.242458,503.862 -2.573588,43.242448,504.057 -2.573614,43.242435,504.229 -2.573629,43.242423,504.430 -2.573647,43.242410,504.611 -2.573661,43.242395,505.053 -2.573678,43.242378,505.485 -2.573699,43.242360,505.697 -2.573716,43.242344,505.893 -2.573730,43.242329,506.065 -2.573748,43.242314,506.221 -2.573767,43.242300,506.409 -2.573778,43.242288,506.871 -2.573794,43.242273,507.062 -2.573818,43.242258,507.277 -2.573849,43.242250,507.459 -2.573876,43.242242,507.860 -2.573899,43.242236,508.041 -2.573922,43.242228,508.253 -2.573946,43.242222,508.645 -2.573973,43.242216,508.857 -2.574001,43.242211,509.278 -2.574024,43.242207,509.433 -2.574049,43.242200,509.626 -2.574074,43.242195,509.809 -2.574103,43.242188,509.869 -2.574132,43.242182,510.270 -2.574152,43.242175,510.435 -2.574177,43.242168,510.617 -2.574200,43.242160,510.888 -2.574223,43.242150,511.039 -2.574239,43.242140,511.231 -2.574254,43.242134,511.653 -2.574268,43.242126,512.015 -2.574284,43.242112,512.485 -2.574302,43.242097,512.889 -2.574325,43.242084,513.217 -2.574342,43.242070,513.609 -2.574358,43.242056,514.040 -2.574375,43.242037,514.471 -2.574389,43.242017,514.646 -2.574401,43.242000,515.058 -2.574410,43.241981,515.259 -2.574413,43.241962,515.430 -2.574416,43.241943,515.682 -2.574414,43.241927,516.094 -2.574409,43.241910,516.456 -2.574404,43.241894,516.819 -2.574399,43.241878,517.009 -2.574397,43.241856,517.219 -2.574394,43.241836,517.609 -2.574392,43.241817,517.643 -2.574395,43.241799,517.834 -2.574402,43.241779,518.029 -2.574408,43.241759,518.281 -2.574420,43.241742,518.212 -2.574434,43.241724,518.413 -2.574442,43.241705,518.855 -2.574453,43.241685,519.097 -2.574470,43.241669,519.089 -2.574488,43.241651,519.295 -2.574498,43.241635,519.249 -2.574505,43.241616,519.423 -2.574508,43.241596,519.809 -2.574513,43.241580,520.441 -2.574515,43.241566,520.852 -2.574516,43.241549,521.277 -2.574525,43.241531,521.479 -2.574532,43.241513,521.610 -2.574545,43.241497,521.871 -2.574553,43.241479,522.223 -2.574565,43.241458,522.625 -2.574577,43.241441,523.077 -2.574595,43.241425,523.243 -2.574614,43.241410,523.664 -2.574634,43.241398,523.810 -2.574654,43.241387,524.209 -2.574677,43.241377,524.496 -2.574700,43.241367,524.617 -2.574731,43.241360,525.092 -2.574756,43.241353,525.234 -2.574781,43.241346,525.615 -2.574810,43.241340,525.836 -2.574834,43.241332,526.298 -2.574858,43.241328,526.240 -2.574881,43.241328,526.452 -2.574911,43.241320,526.424 -2.574927,43.241314,526.604 -2.574946,43.241306,526.814 -2.574966,43.241296,527.209 -2.574985,43.241285,527.634 -2.575008,43.241273,527.895 -2.575023,43.241261,528.210 -2.575045,43.241248,528.452 -2.575063,43.241230,528.493 -2.575087,43.241214,528.624 -2.575107,43.241195,528.896 -2.575128,43.241175,528.838 -2.575147,43.241151,529.080 -2.575155,43.241128,529.221 -2.575163,43.241106,529.441 -2.575166,43.241084,529.605 -2.575171,43.241063,529.809 -2.575172,43.241040,529.854 -2.575167,43.241015,530.055 -2.575165,43.240992,530.220 -2.575169,43.240970,530.452 -2.575172,43.240946,530.863 -2.575174,43.240924,531.264 -2.575182,43.240903,531.466 -2.575190,43.240882,531.638 -2.575201,43.240859,531.890 -2.575213,43.240838,532.081 -2.575226,43.240818,532.261 -2.575243,43.240799,532.417 -2.575258,43.240779,532.609 -2.575274,43.240758,532.680 -2.575290,43.240737,532.861 -2.575309,43.240716,532.866 -2.575323,43.240697,533.038 -2.575338,43.240682,533.049 -2.575349,43.240661,533.450 -2.575357,43.240641,533.662 -2.575371,43.240618,533.884 -2.575387,43.240597,534.026 -2.575403,43.240579,534.255 -2.575420,43.240564,534.407 -2.575442,43.240550,534.617 -2.575468,43.240544,534.809 -2.575500,43.240545,534.897 -2.575525,43.240554,535.028 -2.575541,43.240568,535.433 -2.575548,43.240583,535.665 -2.575556,43.240598,536.066 -2.575562,43.240616,536.427 -2.575566,43.240636,536.659 -2.575568,43.240652,536.821 -2.575564,43.240671,537.293 -2.575561,43.240690,537.698 -2.575559,43.240706,537.815 -2.575557,43.240720,538.226 -2.575554,43.240738,538.409 -2.575548,43.240755,538.621 -2.575547,43.240775,539.062 -2.575545,43.240791,539.217 -2.575539,43.240805,539.459 -2.575535,43.240822,539.870 -2.575529,43.240837,540.011 -2.575526,43.240855,540.463 -2.575525,43.240872,540.685 -2.575531,43.240886,540.827 -2.575531,43.240903,541.496 -2.575528,43.240919,541.831 -2.575526,43.240934,542.224 -2.575532,43.240952,542.609 -2.575531,43.240970,542.861 -2.575532,43.240989,543.072 -2.575528,43.241007,543.637 -2.575535,43.241025,544.229 -2.575536,43.241042,544.860 -2.575541,43.241058,545.421 -2.575548,43.241075,545.833 -2.575555,43.241092,546.245 -2.575561,43.241109,546.497 -2.575563,43.241125,546.821 -2.575566,43.241139,547.241 -2.575579,43.241157,547.405 -2.575581,43.241175,547.609 -2.575585,43.241195,548.054 -2.575585,43.241215,548.495 -2.575580,43.241234,548.830 -2.575580,43.241251,549.292 -2.575573,43.241270,549.643 -2.575572,43.241289,549.884 -2.575574,43.241308,550.296 -2.575576,43.241326,550.468 -2.575582,43.241344,550.620 -2.575582,43.241362,551.031 -2.575578,43.241380,551.261 -2.575575,43.241395,551.407 -2.575577,43.241415,551.609 -2.575574,43.241432,552.215 -2.575570,43.241450,552.866 -2.575567,43.241466,553.221 -2.575560,43.241482,553.453 -2.575556,43.241501,553.624 -2.575552,43.241517,553.825 -2.575546,43.241535,554.247 -2.575539,43.241553,554.639 -2.575532,43.241570,555.061 -2.575522,43.241587,555.611 -2.575510,43.241605,556.021 -2.575502,43.241622,556.603 -2.575487,43.241636,557.009 -2.575478,43.241652,557.443 -2.575470,43.241668,557.834 -2.575464,43.241684,558.039 -2.575455,43.241697,558.471 -2.575449,43.241710,558.842 -2.575440,43.241730,559.093 -2.575430,43.241748,559.465 -2.575420,43.241765,559.887 -2.575413,43.241783,560.229 -2.575406,43.241804,560.636 -2.575401,43.241819,560.817 -2.575395,43.241838,561.018 -2.575390,43.241860,561.209 -2.575384,43.241878,561.655 -2.575379,43.241897,561.846 -2.575370,43.241913,562.031 -2.575363,43.241931,562.493 -2.575357,43.241947,562.634 -2.575352,43.241965,562.855 -2.575343,43.241981,563.067 -2.575333,43.241997,563.239 -2.575326,43.242015,563.821 -2.575320,43.242030,564.286 -2.575316,43.242049,564.460 -2.575310,43.242066,564.626 -2.575305,43.242086,564.809 -2.575302,43.242104,564.890 -2.575303,43.242121,565.081 -2.575301,43.242140,565.286 -2.575302,43.242155,565.438 -2.575304,43.242174,565.689 -2.575305,43.242193,565.650 -2.575315,43.242212,565.812 -2.575319,43.242232,566.074 -2.575323,43.242245,566.046 -2.575330,43.242260,566.023 -2.575331,43.242280,566.283 -2.575328,43.242302,566.211 -2.575323,43.242322,566.209 -2.575320,43.242342,566.264 -2.575317,43.242360,566.455 -2.575311,43.242376,566.680 -2.575303,43.242391,566.852 -2.575293,43.242405,566.843 -2.575288,43.242415,567.274 -2.575281,43.242437,567.446 -2.575279,43.242458,567.678 -2.575265,43.242475,567.860 -2.575249,43.242491,567.857 -2.575244,43.242505,567.800 -2.575244,43.242521,568.020 -2.575244,43.242538,568.009 -2.575239,43.242557,568.047 -2.575233,43.242576,568.228 -2.575223,43.242595,568.223 -2.575214,43.242618,568.465 -2.575207,43.242643,568.636 -2.575199,43.242670,568.877 -2.575186,43.242698,569.089 -2.575181,43.242715,569.271 -2.575167,43.242738,569.293 -2.575156,43.242762,569.417 -2.575130,43.242792,569.687 -2.575105,43.242812,569.815 -2.575085,43.242832,570.009 -2.575070,43.242851,570.233 -2.575052,43.242872,570.264 -2.575026,43.242892,570.649 -2.575003,43.242909,570.811 -2.574975,43.242923,571.292 -2.574945,43.242934,571.653 -2.574916,43.242943,572.015 -2.574882,43.242953,572.477 -2.574846,43.242956,572.629 -2.574813,43.242961,573.063 -2.574785,43.242968,573.044 -2.574757,43.242977,573.218 -2.574731,43.242989,573.409 -2.574707,43.243005,573.478 -2.574677,43.243025,573.619 -2.574653,43.243047,573.654 -2.574631,43.243073,573.896 -2.574611,43.243097,574.027 -2.574591,43.243123,574.018 -2.574568,43.243148,574.060 -2.574546,43.243168,574.242 -2.574522,43.243187,574.254 -2.574493,43.243209,574.471 -2.574472,43.243235,574.641 -2.574451,43.243259,574.815 -2.574428,43.243282,575.009 -2.574408,43.243304,575.229 -2.574386,43.243326,575.610 -2.574368,43.243348,576.265 -2.574349,43.243372,576.427 -2.574328,43.243393,576.878 -2.574304,43.243412,577.269 -2.574280,43.243433,577.611 -2.574258,43.243456,577.863 -2.574234,43.243474,578.255 -2.574211,43.243498,578.652 -2.574190,43.243522,579.053 -2.574169,43.243551,579.408 -2.574170,43.243576,580.009 -2.574184,43.243595,580.277 -2.574204,43.243600,580.228 -2.574227,43.243595,580.063 -2.574251,43.243587,579.815 -2.574275,43.243579,579.676 -2.574296,43.243565,579.417 -2.574327,43.243549,579.659 -2.574357,43.243533,579.841 -2.574394,43.243519,580.073 -2.574444,43.243506,580.229 -2.574481,43.243498,580.400 -2.574518,43.243486,580.220 -2.574545,43.243477,580.209 -2.574574,43.243468,580.424 -2.574610,43.243461,580.685 -2.574647,43.243459,581.080 -2.574678,43.243460,581.072 -2.574707,43.243458,581.433 -2.574739,43.243454,581.654 -2.574769,43.243445,581.846 -2.574798,43.243437,582.228 -2.574829,43.243435,582.450 -2.574861,43.243435,582.861 -2.574892,43.243435,582.821 -2.574922,43.243430,583.013 -2.574957,43.243421,583.209 -2.574985,43.243415,583.458 -2.575015,43.243410,583.419 -2.575048,43.243409,583.834 -2.575077,43.243410,584.086 -2.575106,43.243412,584.227 -2.575133,43.243409,584.618 -2.575158,43.243405,585.020 -2.575186,43.243403,585.442 -2.575219,43.243405,585.814 -2.575250,43.243409,586.091 -2.575271,43.243407,586.481 -2.575299,43.243407,586.419 -2.575331,43.243408,586.809 -2.575360,43.243412,587.261 -2.575385,43.243412,587.422 -2.575412,43.243412,587.877 -2.575434,43.243407,588.269 -2.575455,43.243406,588.460 -2.575480,43.243405,588.891 -2.575502,43.243402,589.293 -2.575528,43.243397,589.415 -2.575554,43.243394,589.497 -2.575579,43.243390,589.697 -2.575605,43.243386,589.823 -2.575636,43.243381,590.225 -2.575665,43.243377,590.809 -2.575694,43.243374,591.261 -2.575720,43.243371,591.462 -2.575746,43.243367,591.817 -2.575770,43.243365,592.279 -2.575794,43.243365,592.490 -2.575819,43.243366,592.851 -2.575847,43.243365,593.283 -2.575876,43.243362,593.465 -2.575908,43.243360,593.647 -2.575931,43.243358,594.225 -2.575957,43.243358,594.426 -2.575984,43.243358,594.608 -2.576010,43.243356,594.809 -2.576040,43.243354,595.234 -2.576063,43.243354,595.485 -2.576087,43.243350,595.850 -2.576111,43.243347,596.082 -2.576137,43.243343,596.263 -2.576161,43.243340,596.494 -2.576184,43.243335,596.686 -2.576207,43.243333,596.878 -2.576234,43.243330,597.090 -2.576256,43.243325,597.238 -2.576285,43.243321,597.870 -2.576315,43.243317,598.017 -2.576345,43.243316,598.609 -2.576374,43.243311,599.015 -2.576402,43.243309,599.216 -2.576428,43.243306,599.471 -2.576460,43.243306,599.873 -2.576487,43.243305,599.834 -2.576510,43.243303,600.035 -2.576533,43.243298,600.257 -2.576558,43.243294,600.449 -2.576585,43.243288,600.621 -2.576614,43.243283,600.856 -2.576647,43.243280,600.859 -2.576681,43.243276,601.214 -2.576717,43.243270,601.209 -2.576758,43.243261,601.487 -2.576797,43.243253,601.478 -2.576837,43.243246,601.623 -2.576877,43.243240,601.615 -2.576924,43.243233,602.066 -2.576970,43.243226,602.257 -2.577015,43.243219,602.499 -2.577058,43.243216,602.481 -2.577101,43.243212,602.463 -2.577153,43.243208,602.283 -2.577211,43.243207,601.825 -2.577277,43.243205,601.817 -2.577345,43.243195,601.809 -2.577418,43.243189,601.870 -2.577490,43.243176,601.081 -2.577562,43.243154,600.416 -2.577636,43.243133,599.848 -2.577703,43.243111,599.049 -2.577773,43.243085,599.080 -2.577839,43.243053,599.072 -2.577906,43.243022,599.024 -2.577974,43.242995,598.876 -2.578029,43.242963,598.681 -2.578082,43.242929,598.261 -2.578134,43.242899,598.217 -2.578182,43.242871,598.209 -2.578226,43.242839,598.640 -2.578267,43.242809,598.891 -2.578310,43.242777,599.026 -2.578352,43.242746,599.428 -2.578392,43.242717,599.499 -2.578437,43.242688,599.430 -2.578486,43.242658,599.472 -2.578535,43.242627,599.254 -2.578592,43.242595,598.846 -2.578659,43.242560,598.277 -2.578738,43.242525,598.061 -2.578817,43.242490,597.627 -2.578895,43.242450,596.609 -2.578969,43.242410,596.089 -2.579043,43.242370,595.630 -2.579117,43.242336,595.455 -2.579198,43.242303,595.267 -2.579279,43.242273,595.468 -2.579366,43.242240,595.459 -2.579452,43.242204,595.061 -2.579537,43.242157,593.813 -2.579628,43.242113,593.285 -2.579717,43.242067,593.051 -2.579801,43.242022,592.201 -2.579881,43.241980,592.011 -2.579958,43.241939,591.809 -2.580036,43.241898,592.017 -2.580119,43.241862,591.278 -2.580195,43.241822,591.063 -2.580265,43.241783,590.875 -2.580336,43.241745,591.046 -2.580408,43.241709,590.617 -2.580482,43.241677,590.699 -2.580547,43.241649,590.891 -2.580609,43.241628,590.673 -2.580664,43.241611,590.676 -2.580706,43.241600,591.090 -2.580742,43.241591,591.619 -2.580779,43.241584,592.009 -2.580816,43.241574,592.429 -2.580853,43.241565,592.640 -2.580886,43.241555,592.875 -2.580918,43.241545,593.227 -2.580955,43.241532,593.628 -2.580995,43.241520,593.659 -2.581031,43.241506,594.041 -2.581064,43.241495,594.223 -2.581097,43.241485,594.425 -2.581126,43.241475,594.833 -2.581160,43.241463,595.223 -2.581188,43.241447,595.615 -2.581221,43.241430,595.809 -2.581248,43.241409,596.215 -2.581272,43.241382,596.216 -2.581291,43.241351,596.261 -2.581305,43.241311,596.033 -2.581312,43.241265,595.224 -2.581311,43.241213,594.245 -2.581316,43.241162,593.637 -2.581317,43.241107,593.229 -2.581319,43.241057,592.821 -2.581318,43.241004,593.039 -2.581316,43.240949,593.201 -2.581320,43.240891,593.021 -2.581324,43.240833,592.809 -2.581326,43.240777,592.465 -2.581329,43.240733,592.416 -2.581329,43.240680,592.851 -2.581328,43.240625,593.413 -2.581325,43.240568,593.654 -2.581323,43.240508,594.635 -2.581322,43.240449,594.817 -2.581326,43.240387,594.669 -2.581326,43.240324,594.211 -2.581328,43.240255,593.242 -2.581334,43.240193,592.222 -2.581348,43.240127,590.414 -2.581369,43.240065,588.609 -2.581394,43.240004,587.096 -2.581420,43.239946,587.077 -2.581452,43.239890,587.072 -2.581479,43.239836,587.284 -2.581507,43.239783,587.685 -2.581532,43.239736,588.286 -2.581555,43.239689,588.418 -2.581577,43.239647,588.660 -2.581596,43.239609,588.692 -2.581612,43.239573,588.889 -2.581633,43.239537,588.606 -2.581657,43.239503,588.826 -2.581675,43.239468,588.809 -2.581696,43.239432,588.870 -2.581711,43.239397,588.871 -2.581720,43.239365,589.076 -2.581729,43.239335,589.298 -2.581745,43.239302,589.479 -2.581765,43.239268,589.690 -2.581785,43.239235,589.672 -2.581804,43.239204,590.054 -2.581814,43.239169,590.216 -2.581820,43.239131,590.242 -2.581825,43.239099,590.422 -2.581834,43.239067,590.214 -2.581841,43.239037,590.209 -2.581849,43.239017,590.466 -2.581863,43.238997,590.487 -2.581874,43.238986,591.092 -2.581876,43.238973,591.664 -2.581878,43.238954,592.225 -2.581884,43.238935,592.216 -2.581888,43.238921,592.228 -2.581893,43.238906,592.230 -2.581899,43.238889,592.282 -2.581909,43.238872,592.299 -2.581911,43.238856,592.207 -2.581923,43.238840,592.427 -2.581935,43.238826,592.609 -2.581941,43.238809,592.651 -2.581950,43.238796,592.892 -2.581955,43.238780,593.097 -2.581963,43.238764,593.039 -2.581971,43.238751,593.010 -2.581982,43.238737,593.291 -2.581995,43.238725,593.233 -2.581997,43.238712,593.245 -2.581999,43.238700,593.487 -2.582006,43.238686,593.631 -2.582006,43.238675,593.861 -2.582019,43.238665,593.807 -2.582026,43.238656,593.809 -2.582036,43.238641,594.075 -2.582050,43.238632,594.046 -2.582054,43.238616,594.041 -2.582062,43.238598,594.293 -2.582075,43.238578,594.214 -2.582091,43.238555,594.065 -2.582099,43.238537,593.887 -2.582115,43.238513,593.699 -2.582133,43.238491,593.431 -2.582155,43.238467,593.444 -2.582172,43.238446,593.405 -2.582188,43.238422,594.215 -2.582211,43.238398,594.609 -2.582237,43.238375,595.026 -2.582264,43.238356,595.247 -2.582288,43.238334,595.092 -2.582302,43.238316,594.824 -2.582324,43.238292,594.865 -2.582352,43.238267,594.816 -2.582380,43.238246,594.818 -2.582407,43.238224,595.090 -2.582427,43.238202,595.252 -2.582444,43.238177,595.462 -2.582461,43.238152,595.883 -2.582481,43.238127,596.011 -2.582503,43.238102,596.209 -2.582521,43.238078,596.498 -2.582541,43.238051,596.419 -2.582564,43.238023,596.654 -2.582584,43.237998,597.046 -2.582603,43.237973,597.457 -2.582620,43.237946,597.848 -2.582626,43.237914,597.670 -2.582625,43.237880,597.672 -2.582629,43.237845,597.654 -2.582633,43.237813,597.488 -2.582645,43.237784,597.624 -2.582655,43.237755,598.226 -2.582669,43.237722,598.609 -2.582684,43.237688,598.820 -2.582695,43.237654,599.021 -2.582715,43.237621,599.236 -2.582738,43.237589,599.288 -2.582755,43.237556,599.699 -2.582771,43.237523,599.820 -2.582786,43.237491,600.242 -2.582803,43.237459,600.624 -2.582826,43.237430,600.616 -2.582848,43.237402,601.043 -2.582870,43.237374,601.464 -2.582889,43.237349,601.610 -2.582911,43.237318,601.609 -2.582928,43.237289,602.036 -2.582948,43.237257,602.847 -2.582968,43.237222,603.472 -2.582991,43.237179,604.284 -2.583000,43.237133,604.485 -2.582995,43.237092,604.886 -2.582981,43.237041,604.898 -2.582978,43.236993,604.430 -2.582990,43.236944,602.222 -2.583008,43.236899,600.259 -2.583039,43.236858,598.403 -2.583068,43.236814,598.023 -2.583095,43.236770,598.209 -2.583130,43.236729,598.047 -2.583166,43.236689,598.238 -2.583202,43.236651,598.253 -2.583235,43.236615,598.235 -2.583276,43.236584,598.036 -2.583316,43.236557,598.497 -2.583351,43.236534,598.439 -2.583377,43.236517,598.681 -2.583403,43.236503,598.873 -2.583418,43.236488,599.232 -2.583421,43.236481,599.492 -2.583427,43.236477,599.611 -2.583423,43.236482,599.609 -2.583423,43.236482,599.675 -2.583423,43.236482,599.416 -2.583423,43.236482,599.451 -2.583432,43.236460,599.293 -2.583445,43.236443,599.024 -2.583457,43.236419,599.035 -2.583482,43.236390,598.847 -2.583521,43.236365,598.499 -2.583557,43.236339,597.261 -2.583597,43.236308,596.441 -2.583639,43.236276,595.681 -2.583679,43.236231,595.409 -2.583714,43.236181,595.209 -2.583743,43.236126,595.036 -2.583781,43.236073,594.897 -2.583843,43.236027,594.632 -2.583920,43.235984,594.244 -2.584015,43.235944,593.675 -2.584120,43.235915,593.296 -2.584240,43.235901,592.668 -2.584372,43.235897,591.860 -2.584504,43.235901,591.422 -2.584639,43.235910,590.648 -2.584777,43.235922,589.461 -2.584924,43.235934,588.017 -2.585073,43.235944,586.809 -2.585223,43.235954,586.296 -2.585375,43.235968,585.827 -2.585522,43.235991,585.472 -2.585661,43.236017,585.664 -2.585800,43.236043,585.645 -2.585936,43.236072,585.486 -2.586069,43.236106,585.418 -2.586200,43.236149,585.290 -2.586330,43.236196,584.672 -2.586458,43.236251,584.026 -2.586588,43.236303,583.247 -2.586721,43.236345,582.211 -2.586863,43.236375,581.609 -2.587002,43.236392,580.684 -2.587143,43.236394,579.475 -2.587295,43.236387,577.490 -2.587447,43.236374,575.442 -2.587585,43.236351,574.883 -2.587731,43.236319,572.654 -2.587863,43.236268,571.656 -2.587983,43.236205,571.088 -2.588088,43.236125,571.460 -2.588164,43.236041,571.853 -2.588218,43.235950,572.804 -2.588261,43.235865,574.014 -2.588306,43.235791,574.609 -2.588345,43.235723,575.467 -2.588381,43.235662,575.848 -2.588413,43.235609,576.223 -2.588458,43.235564,576.425 -2.588518,43.235531,576.476 -2.588586,43.235508,576.457 -2.588655,43.235495,576.689 -2.588721,43.235493,576.681 -2.588791,43.235501,576.883 -2.588862,43.235514,577.442 -2.588934,43.235524,578.022 -2.589007,43.235537,578.414 -2.589075,43.235559,578.809 -2.589142,43.235581,579.046 -2.589207,43.235603,579.067 -2.589275,43.235626,578.852 -2.589345,43.235646,578.464 -2.589423,43.235668,578.235 -2.589504,43.235693,577.866 -2.589593,43.235717,577.688 -2.589681,43.235739,577.080 -2.589773,43.235765,576.472 -2.589870,43.235793,575.827 -2.589972,43.235820,575.068 -2.590074,43.235849,574.814 -2.590185,43.235881,574.609 -2.590295,43.235914,574.824 -2.590402,43.235953,574.235 -2.590494,43.236008,573.880 -2.590574,43.236071,573.222 -2.590647,43.236135,572.413 -2.590701,43.236196,572.694 -2.590767,43.236258,573.456 -2.590830,43.236323,574.028 -2.590899,43.236388,574.690 -2.590978,43.236450,575.272 -2.591059,43.236518,574.813 -2.591156,43.236582,573.414 -2.591258,43.236646,571.809 -2.591367,43.236706,570.429 -2.591484,43.236753,568.280 -2.591606,43.236788,566.835 -2.591729,43.236813,566.237 -2.591852,43.236826,566.058 -2.591977,43.236830,565.889 -2.592100,43.236832,565.891 -2.592214,43.236837,566.413 -2.592326,43.236840,566.695 -2.592434,43.236855,566.233 -2.592540,43.236875,566.023 -2.592647,43.236902,566.015 -2.592751,43.236934,565.609 -2.592845,43.236967,565.255 -2.592942,43.236996,565.016 -2.593047,43.237024,564.411 -2.593142,43.237050,564.053 -2.593242,43.237067,563.634 -2.593346,43.237084,563.425 -2.593449,43.237100,563.027 -2.593552,43.237116,563.029 -2.593656,43.237132,562.691 -2.593757,43.237142,562.621 -2.593857,43.237142,562.841 -2.593961,43.237143,563.005 -2.594065,43.237148,563.009 -2.594164,43.237149,563.224 -2.594259,43.237148,563.235 -2.594348,43.237151,563.040 -2.594439,43.237164,563.062 -2.594516,43.237194,563.283 -2.594575,43.237242,563.864 -2.594612,43.237298,564.276 -2.594629,43.237358,564.468 -2.594631,43.237414,564.610 -2.594630,43.237468,564.869 -2.594631,43.237521,564.604 -2.594629,43.237572,564.424 -2.594620,43.237621,564.609 -2.594620,43.237666,564.898 -2.594620,43.237715,565.499 -2.594626,43.237760,565.834 -2.594643,43.237806,566.436 -2.594659,43.237857,566.667 -2.594684,43.237904,567.098 -2.594713,43.237953,567.250 -2.594746,43.238004,567.282 -2.594781,43.238058,567.074 -2.594823,43.238114,566.852 -2.594874,43.238165,566.653 -2.594935,43.238211,566.408 -2.595012,43.238251,566.409 -2.595100,43.238286,566.277 -2.595200,43.238319,565.468 -2.595303,43.238348,564.013 -2.595413,43.238375,563.055 -2.595530,43.238393,560.856 -2.595656,43.238414,558.447 -2.595782,43.238426,557.429 -2.595917,43.238429,556.041 -2.596056,43.238427,554.843 -2.596200,43.238418,553.275 -2.596344,43.238398,552.628 -2.596494,43.238365,551.220 -2.596640,43.238323,550.209 -2.596790,43.238273,549.659 -2.596933,43.238221,548.450 -2.597065,43.238164,547.685 -2.597186,43.238097,547.487 -2.597294,43.238025,547.648 -2.597389,43.237957,547.899 -2.597483,43.237899,548.271 -2.597574,43.237850,548.633 -2.597666,43.237813,549.085 -2.597752,43.237787,549.098 -2.597828,43.237765,549.215 -2.597893,43.237745,549.626 -2.597946,43.237728,550.209 -2.597992,43.237714,551.011 -2.598028,43.237701,552.032 -2.598066,43.237690,552.887 -2.598105,43.237679,553.659 -2.598144,43.237670,554.050 -2.598192,43.237660,554.481 -2.598237,43.237644,554.413 -2.598281,43.237627,554.255 -2.598322,43.237614,554.277 -2.598363,43.237604,554.018 -2.598406,43.237593,554.298 -2.598446,43.237584,554.617 -2.598490,43.237571,555.209 -2.598533,43.237559,555.443 -2.598574,43.237546,555.874 -2.598612,43.237535,556.019 -2.598655,43.237525,556.061 -2.598696,43.237514,555.872 -2.598736,43.237500,556.063 -2.598781,43.237482,556.015 -2.598824,43.237473,555.827 -2.598870,43.237461,556.069 -2.598914,43.237451,556.074 -2.598964,43.237444,555.856 -2.599016,43.237439,555.821 -2.599064,43.237434,556.009 -2.599110,43.237428,556.069 -2.599155,43.237423,556.070 -2.599207,43.237418,556.245 -2.599257,43.237412,556.467 -2.599313,43.237402,556.498 -2.599365,43.237391,556.449 -2.599421,43.237380,556.411 -2.599481,43.237367,556.073 -2.599543,43.237354,556.085 -2.599612,43.237339,555.687 -2.599682,43.237322,555.442 -2.599746,43.237305,555.226 -2.599814,43.237288,555.009 -2.599884,43.237270,555.080 -2.599949,43.237247,554.851 -2.600017,43.237227,554.666 -2.600083,43.237210,554.498 -2.600154,43.237192,554.269 -2.600229,43.237171,554.040 -2.600299,43.237151,554.282 -2.600363,43.237130,554.674 -2.600426,43.237110,554.886 -2.600489,43.237090,555.233 -2.600551,43.237065,555.423 -2.600611,43.237041,555.215 -2.600670,43.237013,555.009 -2.600725,43.236983,555.075 -2.600772,43.236954,555.056 -2.600814,43.236923,555.011 -2.600856,43.236894,555.213 -2.600899,43.236868,555.634 -2.600937,43.236847,556.275 -2.600968,43.236830,556.667 -2.601006,43.236816,557.079 -2.601034,43.236794,557.481 -2.601064,43.236774,557.834 -2.601096,43.236750,558.255 -2.601117,43.236723,558.610 -2.601143,43.236702,558.809 -2.601182,43.236689,559.065 -2.601217,43.236670,559.496 -2.601247,43.236653,559.611 -2.601277,43.236632,559.683 -2.601310,43.236613,560.074 -2.601346,43.236594,560.275 -2.601379,43.236574,560.417 -2.601413,43.236553,560.849 -2.601444,43.236532,560.851 -2.601476,43.236512,560.849 -2.601511,43.236491,561.002 -2.601549,43.236471,561.022 -2.601588,43.236451,561.009 -2.601625,43.236432,561.026 -2.601660,43.236411,561.237 -2.601692,43.236389,561.482 -2.601726,43.236364,561.684 -2.601769,43.236347,561.675 -2.601815,43.236334,561.446 -2.601868,43.236322,561.628 -2.601921,43.236320,561.690 -2.601972,43.236325,561.842 -2.602018,43.236338,562.232 -2.602061,43.236362,562.692 -2.602105,43.236391,562.611 -2.602147,43.236422,562.809 -2.602187,43.236455,563.265 -2.602223,43.236491,563.486 -2.602264,43.236529,563.841 -2.602307,43.236568,563.893 -2.602351,43.236616,563.634 -2.602393,43.236667,563.055 -2.602438,43.236713,562.627 -2.602493,43.236758,562.029 -2.602542,43.236806,561.661 -2.602595,43.236861,561.663 -2.602660,43.236916,561.444 -2.602730,43.236974,561.218 -2.602797,43.237035,560.809 -2.602863,43.237099,560.288 -2.602933,43.237166,559.489 -2.603010,43.237239,558.654 -2.603072,43.237319,557.656 -2.603120,43.237405,556.657 -2.603157,43.237496,555.858 -2.603192,43.237587,555.040 -2.603226,43.237678,554.082 -2.603263,43.237767,553.224 -2.603326,43.237853,552.468 -2.603390,43.237940,551.842 -2.603463,43.238027,551.226 -2.603532,43.238118,550.409 -2.603586,43.238219,550.058 -2.603630,43.238327,549.249 -2.603678,43.238438,548.094 -2.603748,43.238545,546.686 -2.603841,43.238647,545.637 -2.603945,43.238743,544.668 -2.604052,43.238841,544.010 -2.604149,43.238946,543.872 -2.604228,43.239062,542.444 -2.604301,43.239182,540.817 -2.604374,43.239301,539.087 -2.604451,43.239415,537.415 -2.604547,43.239520,535.609 -2.604667,43.239614,534.863 -2.604797,43.239696,533.414 -2.604937,43.239771,532.039 -2.605092,43.239827,531.041 -2.605260,43.239861,530.412 -2.605428,43.239864,528.613 -2.605591,43.239837,527.245 -2.605761,43.239799,525.047 -2.605924,43.239756,524.289 -2.606077,43.239735,524.232 -2.606211,43.239737,524.492 -2.606313,43.239762,525.011 -2.606388,43.239811,525.809 -2.606419,43.239866,526.695 -2.606444,43.239919,527.826 -2.606470,43.239963,529.061 -2.606503,43.239994,530.263 -2.606534,43.240016,530.864 -2.606553,43.240028,531.485 -2.606577,43.240046,531.877 -2.606601,43.240067,532.439 -2.606622,43.240087,532.671 -2.606644,43.240107,533.066 -2.606669,43.240123,533.429 -2.606694,43.240143,533.821 -2.606718,43.240161,534.409 -2.606744,43.240176,534.868 -2.606768,43.240191,535.279 -2.606790,43.240208,535.694 -2.606814,43.240227,536.216 -2.606841,43.240242,536.487 -2.606867,43.240255,536.848 -2.606892,43.240267,537.240 -2.606916,43.240279,537.432 -2.606949,43.240291,537.884 -2.606977,43.240300,538.055 -2.607001,43.240307,538.407 -2.607033,43.240318,538.617 -2.607066,43.240330,538.809 -2.607099,43.240335,539.017 -2.607129,43.240344,539.478 -2.607156,43.240353,539.613 -2.607189,43.240358,540.075 -2.607220,43.240362,540.446 -2.607256,43.240367,540.827 -2.607290,43.240372,541.279 -2.607322,43.240383,541.651 -2.607354,43.240396,541.883 -2.607386,43.240403,542.224 -2.607423,43.240414,542.404 -2.607457,43.240424,542.414 -2.607491,43.240434,542.609 -2.607522,43.240445,542.814 -2.607556,43.240452,543.215 -2.607587,43.240458,543.470 -2.607611,43.240458,543.862 -2.607638,43.240467,544.243 -2.607672,43.240474,544.644 -2.607717,43.240485,544.876 -2.607754,43.240490,544.838 -2.607792,43.240494,544.610 -2.607825,43.240503,544.453 -2.607861,43.240512,544.404 -2.607898,43.240518,544.614 -2.607933,43.240523,544.809 -2.607966,43.240527,545.227 -2.608005,43.240536,545.218 -2.608037,43.240543,545.423 -2.608070,43.240553,545.845 -2.608103,43.240562,546.046 -2.608137,43.240568,546.497 -2.608170,43.240578,546.689 -2.608204,43.240589,547.091 -2.608238,43.240597,547.243 -2.608273,43.240607,547.628 -2.608309,43.240618,547.889 -2.608342,43.240630,548.017 -2.608375,43.240642,548.209 -2.608408,43.240657,548.234 -2.608439,43.240668,548.475 -2.608471,43.240680,548.610 -2.608502,43.240694,548.622 -2.608531,43.240705,549.063 -2.608564,43.240715,549.224 -2.608597,43.240721,549.456 -2.608638,43.240728,549.638 -2.608667,43.240734,549.680 -2.608702,43.240741,549.623 -2.608742,43.240744,549.683 -2.608775,43.240747,549.811 -2.608809,43.240747,550.209 -2.608842,43.240750,550.484 -2.608880,43.240753,550.665 -2.608918,43.240752,550.880 -2.608954,43.240749,550.812 -2.608991,43.240746,551.083 -2.609027,43.240743,551.464 -2.609059,43.240743,551.646 -2.609094,43.240742,552.088 -2.609131,43.240744,552.240 -2.609170,43.240747,552.431 -2.609208,43.240755,552.661 -2.609246,43.240760,552.807 -2.609287,43.240765,553.009 -2.609328,43.240766,553.245 -2.609372,43.240764,553.226 -2.609422,43.240761,553.071 -2.609470,43.240761,552.813 -2.609519,43.240760,552.614 -2.609569,43.240753,552.455 -2.609619,43.240745,552.237 -2.609675,43.240738,552.269 -2.609728,43.240730,552.211 -2.609784,43.240722,552.283 -2.609841,43.240721,552.625 -2.609894,43.240725,552.617 -2.609948,43.240732,553.009 -2.609998,43.240738,553.060 -2.610049,43.240744,553.071 -2.610097,43.240753,552.886 -2.610144,43.240764,552.818 -2.610190,43.240771,552.629 -2.610233,43.240778,552.810 -2.610286,43.240782,553.222 -2.610334,43.240792,553.454 -2.610383,43.240799,553.616 -2.610431,43.240804,553.864 -2.610480,43.240812,553.806 -2.610534,43.240824,553.816 -2.610587,43.240844,553.809 -2.610631,43.240872,553.888 -2.610660,43.240900,554.499 -2.610677,43.240929,554.654 -2.610697,43.240956,555.016 -2.610711,43.240988,555.417 -2.610720,43.241020,555.658 -2.610723,43.241052,555.870 -2.610726,43.241083,556.082 -2.610729,43.241116,556.044 -2.610739,43.241147,556.045 -2.610750,43.241180,556.247 -2.610759,43.241217,556.211 -2.610765,43.241252,556.209 -2.610773,43.241287,556.466 -2.610779,43.241317,556.627 -2.610785,43.241351,556.612 -2.610792,43.241386,556.834 -2.610796,43.241421,557.075 -2.610801,43.241454,557.036 -2.610806,43.241486,557.268 -2.610815,43.241515,557.260 -2.610825,43.241546,557.212 -2.610828,43.241579,557.495 -2.610834,43.241610,557.649 -2.610842,43.241642,557.823 -2.610854,43.241671,558.009 -2.610869,43.241700,558.241 -2.610888,43.241729,558.452 -2.610907,43.241753,558.657 -2.610931,43.241781,558.839 -2.610955,43.241807,559.050 -2.610981,43.241830,559.261 -2.611008,43.241850,559.233 -2.611038,43.241869,559.235 -2.611072,43.241887,559.467 -2.611109,43.241906,559.248 -2.611144,43.241924,559.261 -2.611172,43.241942,559.017 -2.611200,43.241966,558.809 -2.611227,43.241989,558.856 -2.611254,43.242013,558.857 -2.611281,43.242039,558.892 -2.611302,43.242067,559.044 -2.611320,43.242096,559.285 -2.611339,43.242121,559.496 -2.611361,43.242145,559.428 -2.611381,43.242169,559.610 -2.611399,43.242199,559.862 -2.611416,43.242227,559.886 -2.611442,43.242253,559.860 -2.611479,43.242281,559.826 -2.611518,43.242305,559.609 -2.611561,43.242326,559.660 -2.611606,43.242348,559.631 -2.611650,43.242371,559.686 -2.611693,43.242392,559.438 -2.611738,43.242409,559.429 -2.611793,43.242423,559.280 -2.611846,43.242435,559.222 -2.611899,43.242450,559.424 -2.611956,43.242468,559.646 -2.612013,43.242486,559.842 -2.612066,43.242502,560.422 -2.612123,43.242517,560.614 -2.612177,43.242534,561.009 -2.612233,43.242554,561.216 -2.612291,43.242573,561.437 -2.612347,43.242587,561.272 -2.612405,43.242600,561.494 -2.612454,43.242614,561.455 -2.612500,43.242630,561.636 -2.612536,43.242644,562.088 -2.612572,43.242663,562.480 -2.612612,43.242678,562.812 -2.612652,43.242694,563.257 -2.612691,43.242706,563.600 -2.612732,43.242720,564.020 -2.612766,43.242734,564.209 -2.612798,43.242750,564.617 -2.612828,43.242764,565.088 -2.612860,43.242780,565.283 -2.612891,43.242800,565.625 -2.612917,43.242815,565.866 -2.612949,43.242831,566.217 -2.612977,43.242843,566.449 -2.613003,43.242855,566.851 -2.613031,43.242868,567.273 -2.613063,43.242880,567.467 -2.613099,43.242892,567.681 -2.613139,43.242902,567.819 -2.613172,43.242913,568.009 -2.613207,43.242927,568.038 -2.613243,43.242945,568.289 -2.613281,43.242963,568.464 -2.613314,43.242977,568.226 -2.613350,43.242988,568.257 -2.613393,43.242997,568.468 -2.613434,43.243010,568.440 -2.613472,43.243027,568.442 -2.613513,43.243042,568.414 -2.613553,43.243056,568.687 -2.613585,43.243063,568.642 -2.613626,43.243070,568.426 -2.613668,43.243081,568.409 -2.613715,43.243099,568.030 -2.613765,43.243109,567.891 -2.613817,43.243119,567.616 -2.613859,43.243126,567.238 -2.613890,43.243121,567.029 -2.613896,43.243110,567.250 -2.613883,43.243094,567.232 -2.613866,43.243076,567.444 -2.613865,43.243051,567.636 -2.613873,43.243024,567.836 -2.613885,43.242998,568.017 -2.613893,43.242971,568.018 -2.613896,43.242944,568.209 -2.613900,43.242916,568.235 -2.613908,43.242901,568.676 -2.613901,43.242904,568.841 -2.613894,43.242913,569.273 -2.613894,43.242913,569.214 -2.613894,43.242913,569.425 -2.613894,43.242913,569.487 -2.613894,43.242913,569.059 -2.613894,43.242913,568.871 -2.613894,43.242913,568.645 -2.613894,43.242913,568.647 -2.613894,43.242913,568.611 -2.613894,43.242913,568.609 -2.613894,43.242913,568.686 -2.613894,43.242913,568.877 -2.613894,43.242913,568.842 -2.613894,43.242913,568.864 -2.613894,43.242913,568.845 -2.613894,43.242913,568.866 -2.613894,43.242913,568.818 -2.613894,43.242913,568.630 -2.613894,43.242913,568.642 -2.613894,43.242913,568.672 -2.613894,43.242913,568.413 -2.613894,43.242913,568.414 -2.613894,43.242913,568.409 -2.613894,43.242913,568.469 -2.613894,43.242913,568.230 -2.613894,43.242913,568.215 -2.613894,43.242913,568.067 -2.613894,43.242913,568.048 -2.613894,43.242913,568.089 -2.613894,43.242913,568.091 -2.613894,43.242913,568.063 -2.613894,43.242913,568.055 -2.613894,43.242913,568.076 -2.613894,43.242913,568.090 -2.613894,43.242913,567.819 -2.613894,43.242913,567.809 -2.613894,43.242913,567.839 -2.613894,43.242913,567.650 -2.613894,43.242913,567.645 -2.613894,43.242913,567.647 -2.613894,43.242913,567.888 -2.613894,43.242913,567.639 -2.613894,43.242913,567.631 -2.613894,43.242913,567.643 -2.613894,43.242913,567.635 -2.613894,43.242913,567.613 -2.613894,43.242913,567.643 -2.613894,43.242913,567.607 -2.613894,43.242913,567.409 -2.613894,43.242913,567.423 -2.613894,43.242913,567.264 -2.613894,43.242913,567.219 -2.613894,43.242913,567.451 -2.613894,43.242913,567.442 -2.613894,43.242913,567.643 -2.613894,43.242913,567.665 -2.613894,43.242913,567.617 -2.613894,43.242913,567.649 -2.613894,43.242913,567.664 -2.613894,43.242913,567.606 -2.613894,43.242913,567.616 -2.613894,43.242913,567.409 -2.613894,43.242913,567.468 -2.613894,43.242913,567.419 -2.613894,43.242913,567.484 -2.613894,43.242913,567.476 -2.613894,43.242913,567.697 -2.613894,43.242913,567.698 -2.613894,43.242913,567.860 -2.613894,43.242913,568.042 -2.613894,43.242913,568.084 -2.613894,43.242913,568.044 -2.613894,43.242913,567.805 -2.613894,43.242913,567.615 -2.613894,43.242913,567.609 -2.613894,43.242913,567.626 -2.613894,43.242913,567.667 -2.613894,43.242913,567.662 -2.613894,43.242913,567.624 -2.613894,43.242913,567.645 -2.613894,43.242913,567.616 -2.613894,43.242913,567.448 -2.613894,43.242913,567.490 -2.613894,43.242913,567.472 -2.613894,43.242913,567.634 -2.613894,43.242913,567.855 -2.613894,43.242913,567.810 -2.613896,43.242912,568.009 -2.613894,43.242913,568.285 -2.613894,43.242913,568.236 -2.613905,43.242910,568.291 -2.613919,43.242896,568.233 -2.613925,43.242884,568.294 -2.613929,43.242869,568.485 -2.613933,43.242848,568.457 -2.613937,43.242825,568.419 -2.613942,43.242800,568.641 -2.613953,43.242775,569.071 -2.613965,43.242761,569.241 -2.613980,43.242749,569.615 -2.613986,43.242733,570.009 -2.613989,43.242714,570.479 -2.613989,43.242692,570.640 -2.613995,43.242672,570.695 -2.614006,43.242654,571.037 -2.614018,43.242637,571.288 -2.614029,43.242620,571.479 -2.614030,43.242609,571.871 -2.614035,43.242590,572.013 -2.614039,43.242570,572.235 -2.614047,43.242551,572.485 -2.614058,43.242534,572.689 -2.614069,43.242520,572.817 -2.614075,43.242507,573.009 -2.614077,43.242487,573.470 -2.614090,43.242468,573.861 -2.614103,43.242453,574.256 -2.614114,43.242435,574.818 -2.614125,43.242420,575.239 -2.614137,43.242407,575.430 -2.614149,43.242390,575.822 -2.614166,43.242375,576.214 -2.614179,43.242361,576.466 -2.614190,43.242344,576.841 -2.614204,43.242327,577.081 -2.614217,43.242312,577.409 -2.614240,43.242298,577.609 -2.614261,43.242288,578.046 -2.614283,43.242275,578.417 -2.614301,43.242264,578.632 -2.614322,43.242253,578.854 -2.614342,43.242242,579.035 -2.614357,43.242228,579.046 -2.614372,43.242212,579.258 -2.614393,43.242200,579.460 -2.614416,43.242188,579.632 -2.614439,43.242178,579.876 -2.614453,43.242165,580.090 -2.614474,43.242153,580.219 -2.614496,43.242147,580.209 -2.614514,43.242140,580.479 -2.614538,43.242129,580.430 -2.614558,43.242118,580.635 -2.614580,43.242108,580.817 -2.614599,43.242099,581.068 -2.614615,43.242089,581.439 -2.614637,43.242076,581.831 -2.614658,43.242067,582.243 -2.614683,43.242059,582.445 -2.614707,43.242051,582.897 -2.614723,43.242040,583.223 -2.614747,43.242023,583.425 -2.614770,43.242012,583.809 -2.614791,43.242000,584.251 -2.614814,43.241987,584.692 -2.614832,43.241974,584.867 -2.614857,43.241962,585.069 -2.614882,43.241953,585.260 -2.614908,43.241942,585.431 -2.614931,43.241931,585.813 -2.614960,43.241921,586.235 -2.614986,43.241911,586.687 -2.615008,43.241899,586.813 -2.615026,43.241888,587.043 -2.615046,43.241878,587.207 -2.615076,43.241869,587.409 -2.615103,43.241859,587.633 -2.615124,43.241846,587.824 -2.615146,43.241830,588.279 -2.615168,43.241816,588.441 -2.615190,43.241804,588.812 -2.615216,43.241793,589.083 -2.615245,43.241781,589.475 -2.615272,43.241771,589.637 -2.615296,43.241760,590.039 -2.615321,43.241751,590.051 -2.615350,43.241749,590.201 -2.615370,43.241739,590.411 -2.615393,43.241730,590.609 -2.615414,43.241720,590.837 -2.615435,43.241708,591.058 -2.615461,43.241695,591.223 -2.615486,43.241683,591.485 -2.615510,43.241669,591.876 -2.615532,43.241656,592.017 -2.615559,43.241642,592.049 -2.615581,43.241629,592.451 -2.615604,43.241617,592.653 -2.615628,43.241607,592.876 -2.615651,43.241598,593.090 -2.615677,43.241588,593.219 -2.615703,43.241576,593.209 -2.615725,43.241565,593.419 -2.615746,43.241552,593.650 -2.615769,43.241540,593.815 -2.615795,43.241530,594.277 -2.615820,43.241519,594.468 -2.615844,43.241506,594.679 -2.615866,43.241490,595.081 -2.615889,43.241475,595.213 -2.615915,43.241464,595.475 -2.615938,43.241456,595.641 -2.615963,43.241447,596.081 -2.615983,43.241436,596.009 -2.616007,43.241424,596.209 -2.616036,43.241409,596.696 -2.616062,43.241398,597.017 -2.616092,43.241388,597.412 -2.616114,43.241378,597.674 -2.616134,43.241367,598.065 -2.616153,43.241353,598.486 -2.616172,43.241335,598.698 -2.616183,43.241316,598.850 -2.616187,43.241297,599.212 -2.616177,43.241280,599.231 -2.616160,43.241266,599.661 -2.616142,43.241256,599.807 -2.616122,43.241252,600.009 -2.616098,43.241253,600.465 -2.616072,43.241256,600.876 -2.616046,43.241266,601.021 -2.616023,43.241279,601.293 -2.615997,43.241289,601.614 -2.615969,43.241297,602.245 -2.615942,43.241307,602.627 -2.615908,43.241315,602.849 -2.615874,43.241321,603.251 -2.615841,43.241333,603.254 -2.615811,43.241347,603.256 -2.615778,43.241365,603.411 -2.615740,43.241374,603.609 -2.615711,43.241383,604.027 -2.615681,43.241391,604.498 -2.615646,43.241400,604.683 -2.615602,43.241402,604.825 -2.615564,43.241404,605.046 -2.615530,43.241407,605.477 -2.615493,43.241412,605.659 -2.615453,43.241414,605.861 -2.615414,43.241409,606.093 -2.615376,43.241405,606.238 -2.615342,43.241400,606.470 -2.615305,43.241404,606.617 -2.615268,43.241404,606.809 -2.615232,43.241406,607.285 -2.615200,43.241406,607.816 -2.615164,43.241402,608.021 -2.615131,43.241400,608.253 -2.615104,43.241399,608.634 -2.615076,43.241398,608.865 -2.615049,43.241395,608.877 -2.615025,43.241394,609.079 -2.614997,43.241395,609.221 -2.614968,43.241393,609.633 -2.614940,43.241387,610.023 -2.614914,43.241381,610.215 -2.614887,43.241377,610.409 -2.614860,43.241373,610.655 -2.614834,43.241367,610.856 -2.614805,43.241360,611.041 -2.614778,43.241351,611.223 -2.614755,43.241339,611.434 -2.614730,43.241336,611.635 -2.614706,43.241329,612.017 -2.614681,43.241324,612.239 -2.614654,43.241318,612.461 -2.614626,43.241310,612.847 -2.614598,43.241302,613.229 -2.614569,43.241293,613.421 -2.614550,43.241280,613.409 -2.614530,43.241268,613.246 -2.614504,43.241262,613.487 -2.614481,43.241257,613.482 -2.614459,43.241240,614.214 -2.614436,43.241225,615.665 -2.614416,43.241214,616.486 -2.614395,43.241204,616.878 -2.614372,43.241194,617.260 -2.614348,43.241185,617.462 -2.614324,43.241174,617.616 -2.614301,43.241161,617.676 -2.614281,43.241146,617.813 -2.614260,43.241130,618.009 -2.614239,43.241115,618.253 -2.614221,43.241103,618.694 -2.614204,43.241091,618.839 -2.614188,43.241080,619.241 -2.614171,43.241071,619.472 -2.614152,43.241057,619.693 -2.614139,43.241044,619.865 -2.614121,43.241029,620.457 -2.614104,43.241016,620.699 -2.614087,43.241003,621.078 -2.614072,43.240989,621.633 -2.614061,43.240976,621.826 -2.614046,43.240957,622.009 -2.614032,43.240943,622.499 -2.614016,43.240929,622.420 -2.614003,43.240916,622.865 -2.613993,43.240900,623.017 -2.613984,43.240884,623.418 -2.613973,43.240870,623.669 -2.613957,43.240859,624.091 -2.613942,43.240848,624.463 -2.613922,43.240833,624.875 -2.613906,43.240822,625.286 -2.613890,43.240809,625.660 -2.613879,43.240796,626.026 -2.613866,43.240784,626.409 -2.613852,43.240770,626.610 -2.613839,43.240756,626.861 -2.613828,43.240742,627.216 -2.613817,43.240730,627.428 -2.613799,43.240718,627.819 -2.613782,43.240704,628.210 -2.613767,43.240693,628.642 -2.613753,43.240681,629.094 -2.613742,43.240667,629.276 -2.613732,43.240649,629.454 -2.613719,43.240633,629.456 -2.613712,43.240618,629.611 -2.613698,43.240606,629.809 -2.613685,43.240594,630.287 -2.613671,43.240582,630.468 -2.613656,43.240571,631.043 -2.613642,43.240559,631.455 -2.613628,43.240544,631.686 -2.613614,43.240528,632.017 -2.613603,43.240512,632.419 -2.613592,43.240499,632.651 -2.613578,43.240485,632.853 -2.613565,43.240473,633.091 -2.613556,43.240458,633.281 -2.613544,43.240442,633.419 -2.613535,43.240439,633.609 -2.613519,43.240424,633.811 -2.613504,43.240408,634.232 -2.613493,43.240395,634.817 -2.613478,43.240377,635.419 -2.613465,43.240364,635.660 -2.613455,43.240352,636.021 -2.613443,43.240338,636.473 -2.613430,43.240322,636.625 -2.613416,43.240309,637.077 -2.613402,43.240295,637.263 -2.613387,43.240280,637.644 -2.613375,43.240265,638.018 -2.613363,43.240253,638.409 -2.613349,43.240240,638.658 -2.613332,43.240225,639.079 -2.613318,43.240211,639.224 -2.613304,43.240198,639.416 -2.613291,43.240185,639.697 -2.613273,43.240173,639.898 -2.613256,43.240159,640.230 -2.613239,43.240147,640.482 -2.613225,43.240133,640.824 -2.613214,43.240116,641.066 -2.613201,43.240103,641.429 -2.613184,43.240089,641.621 -2.613167,43.240073,642.009 -2.613154,43.240059,642.478 -2.613142,43.240044,642.819 -2.613130,43.240029,643.084 -2.613114,43.240013,643.426 -2.613098,43.240000,643.897 -2.613080,43.239987,644.018 -2.613067,43.239975,644.290 -2.613045,43.239967,644.662 -2.613030,43.239955,644.824 -2.613017,43.239943,645.239 -2.613007,43.239929,645.401 -2.612993,43.239911,645.621 -2.612981,43.239896,645.809 -2.612970,43.239878,645.875 -2.612958,43.239863,646.216 -2.612947,43.239848,646.211 -2.612930,43.239830,646.443 -2.612914,43.239814,646.834 -2.612900,43.239802,647.295 -2.612888,43.239798,647.697 -2.612872,43.239783,648.029 -2.612861,43.239764,648.671 -2.612849,43.239744,649.278 -2.612831,43.239732,649.433 -2.612817,43.239719,649.626 -2.612810,43.239710,650.009 -2.612800,43.239697,650.269 -2.612788,43.239682,650.630 -2.612774,43.239663,651.025 -2.612761,43.239647,651.237 -2.612748,43.239633,651.498 -2.612736,43.239616,651.639 -2.612727,43.239600,651.831 -2.612713,43.239585,652.243 -2.612698,43.239568,652.635 -2.612688,43.239549,653.265 -2.612675,43.239535,653.668 -2.612660,43.239522,654.014 -2.612645,43.239509,654.209 -2.612635,43.239497,654.478 -2.612623,43.239481,654.639 -2.612617,43.239467,655.084 -2.612611,43.239454,655.496 -2.612601,43.239438,655.857 -2.612591,43.239422,656.278 -2.612581,43.239404,656.650 -2.612573,43.239385,657.222 -2.612563,43.239366,657.664 -2.612554,43.239351,658.074 -2.612546,43.239337,658.456 -2.612532,43.239327,658.821 -2.612520,43.239314,659.209 -2.612508,43.239300,659.659 -2.612505,43.239280,659.890 -2.612503,43.239264,660.285 -2.612498,43.239251,660.627 -2.612490,43.239241,661.048 -2.612481,43.239230,661.459 -2.612474,43.239217,661.861 -2.612469,43.239204,662.223 -2.612467,43.239191,662.465 -2.612461,43.239176,662.843 -2.612455,43.239163,663.264 -2.612449,43.239146,663.810 -2.612445,43.239134,664.409 -2.612437,43.239119,664.866 -2.612428,43.239103,665.227 -2.612421,43.239087,665.642 -2.612414,43.239070,666.054 -2.612407,43.239055,666.695 -2.612402,43.239040,667.096 -2.612395,43.239026,667.438 -2.612384,43.239011,667.860 -2.612372,43.239003,668.262 -2.612368,43.238986,668.467 -2.612367,43.238970,668.881 -2.612359,43.238955,669.019 -2.612357,43.238940,669.409 -2.612348,43.238928,669.898 -2.612334,43.238918,670.089 -2.612325,43.238906,670.244 -2.612316,43.238895,670.426 -2.612315,43.238877,670.667 -2.612318,43.238863,670.868 -2.612313,43.238848,671.280 -2.612304,43.238830,671.872 -2.612294,43.238816,672.494 -2.612287,43.238805,673.076 -2.612283,43.238790,673.690 -2.612282,43.238776,673.819 -2.612274,43.238761,674.209 -2.612268,43.238747,674.489 -2.612263,43.238730,674.690 -2.612259,43.238715,674.855 -2.612252,43.238703,675.247 -2.612244,43.238688,675.818 -2.612235,43.238670,676.279 -2.612229,43.238652,676.621 -2.612229,43.238638,677.093 -2.612225,43.238624,677.495 -2.612215,43.238611,677.664 -2.612198,43.238602,678.006 -2.612182,43.238587,678.416 -2.612173,43.238571,678.609 -2.612166,43.238555,679.088 -2.612160,43.238543,679.299 -2.612151,43.238527,679.624 -2.612143,43.238515,680.036 -2.612132,43.238505,680.457 -2.612119,43.238490,680.838 -2.612109,43.238476,681.230 -2.612093,43.238463,681.612 -2.612082,43.238448,682.024 -2.612072,43.238433,682.411 -2.612062,43.238418,682.621 -2.612052,43.238403,682.803 -2.612040,43.238389,683.209 -2.612031,43.238376,683.433 -2.612022,43.238361,683.844 -2.612013,43.238346,684.229 -2.612007,43.238331,684.491 -2.611997,43.238316,684.672 -2.611980,43.238305,685.283 -2.611970,43.238291,685.685 -2.611956,43.238274,685.877 -2.611949,43.238259,686.479 -2.611943,43.238246,686.649 -2.611938,43.238231,686.802 -2.611932,43.238221,687.022 -2.611918,43.238211,687.209 -2.611906,43.238200,687.466 -2.611894,43.238187,687.827 -2.611881,43.238172,688.042 -2.611871,43.238153,688.244 -2.611864,43.238138,688.635 -2.611855,43.238125,689.046 -2.611846,43.238112,689.248 -2.611834,43.238101,689.660 -2.611824,43.238086,689.822 -2.611811,43.238072,690.227 -2.611798,43.238059,690.668 -2.611783,43.238045,690.814 -2.611774,43.238032,691.009 -2.611763,43.238022,691.494 -2.611748,43.238009,691.685 -2.611733,43.237995,691.870 -2.611719,43.237980,692.062 -2.611706,43.237967,692.213 -2.611693,43.237954,692.434 -2.611678,43.237939,692.496 -2.611665,43.237926,692.888 -2.611650,43.237911,693.060 -2.611634,43.237894,693.469 -2.611616,43.237884,693.604 -2.611597,43.237873,694.024 -2.611580,43.237860,694.209 -2.611564,43.237850,694.418 -2.611548,43.237840,694.869 -2.611532,43.237831,694.894 -2.611519,43.237819,695.286 -2.611503,43.237805,695.417 -2.611492,43.237792,695.648 -2.611480,43.237777,696.070 -2.611467,43.237766,696.222 -2.611454,43.237753,696.484 -2.611439,43.237742,696.861 -2.611423,43.237726,697.021 -2.611411,43.237710,697.213 -2.611399,43.237697,697.209 -2.611388,43.237680,697.298 -2.611375,43.237668,697.499 -2.611356,43.237656,697.824 -2.611339,43.237644,698.476 -2.611324,43.237634,698.867 -2.611310,43.237619,699.298 -2.611296,43.237606,699.670 -2.611283,43.237594,699.822 -2.611269,43.237581,699.874 -2.611254,43.237567,699.835 -2.611242,43.237552,700.086 -2.611226,43.237537,700.214 -2.611214,43.237521,700.609 -2.611204,43.237502,701.075 -2.611189,43.237488,701.666 -2.611172,43.237475,701.661 -2.611154,43.237470,701.813 -2.611141,43.237458,702.014 -2.611128,43.237441,702.455 -2.611114,43.237426,702.877 -2.611102,43.237414,703.449 -2.611087,43.237402,703.651 -2.611074,43.237392,703.853 -2.611058,43.237381,704.204 -2.611044,43.237368,704.214 -2.611029,43.237353,704.409 -2.611017,43.237340,704.657 -2.611001,43.237321,704.848 -2.610985,43.237306,705.023 -2.610971,43.237293,705.225 -2.610958,43.237283,705.496 -2.610944,43.237269,705.467 -2.610929,43.237254,705.689 -2.610915,43.237243,706.011 -2.610898,43.237228,706.253 -2.610878,43.237212,706.843 -2.610868,43.237200,707.264 -2.610851,43.237185,707.610 -2.610838,43.237170,707.809 -2.610823,43.237150,708.226 -2.610811,43.237134,708.437 -2.610797,43.237117,708.682 -2.610783,43.237103,709.034 -2.610767,43.237090,709.285 -2.610755,43.237081,709.646 -2.610739,43.237070,709.818 -2.610726,43.237055,710.260 -2.610706,43.237048,710.422 -2.610694,43.237037,710.813 -2.610677,43.237025,711.043 -2.610660,43.237012,711.407 -2.610641,43.236996,711.809 -2.610629,43.236979,712.053 -2.610611,43.236966,712.464 -2.610593,43.236949,712.649 -2.610576,43.236935,712.821 -2.610562,43.236919,713.042 -2.610547,43.236906,713.293 -2.610531,43.236893,713.495 -2.610513,43.236880,713.657 -2.610497,43.236869,713.849 -2.610481,43.236859,713.851 -2.610463,43.236849,714.001 -2.610445,43.236837,714.211 -2.610430,43.236827,714.409 -2.610412,43.236814,714.657 -2.610392,43.236805,714.838 -2.610372,43.236797,715.053 -2.610349,43.236785,715.225 -2.610330,43.236772,715.656 -2.610314,43.236760,715.877 -2.610301,43.236748,716.249 -2.610282,43.236736,716.691 -2.610266,43.236725,716.833 -2.610252,43.236714,717.058 -2.610233,43.236701,717.452 -2.610213,43.236690,717.617 -2.610197,43.236677,717.809 -2.610180,43.236666,718.017 -2.610163,43.236652,718.478 -2.610146,43.236638,718.663 -2.610132,43.236629,718.895 -2.610117,43.236615,719.056 -2.610101,43.236603,719.287 -2.610085,43.236592,719.289 -2.610068,43.236580,719.451 -2.610052,43.236568,719.413 -2.610033,43.236556,719.664 -2.610013,43.236544,719.806 -2.609995,43.236532,720.216 -2.609980,43.236523,720.409 -2.609959,43.236514,720.848 -2.609937,43.236504,721.099 -2.609919,43.236501,721.414 -2.609903,43.236496,721.856 -2.609882,43.236485,722.057 -2.609861,43.236470,722.218 -2.609844,43.236455,722.420 -2.609824,43.236439,722.442 -2.609800,43.236423,722.674 -2.609780,43.236410,722.888 -2.609756,43.236398,723.024 -2.609730,43.236384,723.426 -2.609701,43.236371,723.609 -2.609672,43.236353,723.640 -2.609645,43.236332,723.661 -2.609620,43.236313,723.856 -2.609590,43.236298,723.878 -2.609559,43.236283,724.259 -2.609528,43.236262,724.420 -2.609499,43.236244,724.862 -2.609469,43.236227,725.254 -2.609436,43.236210,725.436 -2.609406,43.236191,725.451 -2.609381,43.236172,725.401 -2.609351,43.236151,725.611 -2.609322,43.236135,725.609 -2.609291,43.236114,725.817 -2.609263,43.236091,726.058 -2.609238,43.236068,726.033 -2.609216,43.236046,726.235 -2.609191,43.236028,726.656 -2.609158,43.236010,727.227 -2.609125,43.235985,727.679 -2.609104,43.235963,728.081 -2.609077,43.235941,728.293 -2.609049,43.235923,728.255 -2.609026,43.235907,728.207 -2.609008,43.235893,728.217 -2.608985,43.235880,728.409 -2.608963,43.235862,728.837 -2.608946,43.235846,728.868 -2.608930,43.235830,729.223 -2.608912,43.235810,729.665 -2.608897,43.235786,730.026 -2.608884,43.235763,730.647 -2.608891,43.235738,731.019 -2.608914,43.235723,731.441 -2.608944,43.235714,731.823 -2.608975,43.235711,732.043 -2.609012,43.235717,732.264 -2.609041,43.235726,732.410 -2.609067,43.235734,732.809 -2.609093,43.235744,733.016 -2.609117,43.235749,733.487 -2.609143,43.235759,733.632 -2.609162,43.235771,734.054 -2.609179,43.235784,734.285 -2.609195,43.235801,734.446 -2.609212,43.235813,734.668 -2.609237,43.235827,734.630 -2.609258,43.235841,734.852 -2.609276,43.235857,735.223 -2.609295,43.235869,735.483 -2.609313,43.235879,735.611 -2.609327,43.235894,735.809 -2.609350,43.235905,736.054 -2.609376,43.235913,736.025 -2.609399,43.235924,736.090 -2.609422,43.235936,736.022 -2.609440,43.235946,736.273 -2.609459,43.235954,736.214 -2.609482,43.235965,736.256 -2.609504,43.235973,736.298 -2.609530,43.235983,736.410 -2.609557,43.235993,736.282 -2.609580,43.236002,736.443 -2.609606,43.236007,736.617 -2.609628,43.236016,736.609 -2.609655,43.236027,736.890 -2.609681,43.236038,737.081 -2.609705,43.236046,737.286 -2.609730,43.236054,737.228 -2.609757,43.236061,737.489 -2.609782,43.236067,737.430 -2.609808,43.236072,737.442 -2.609835,43.236078,737.644 -2.609863,43.236085,737.846 -2.609886,43.236095,738.057 -2.609910,43.236100,738.200 -2.609936,43.236103,738.420 -2.609959,43.236105,738.609 -2.609988,43.236107,738.887 -2.610016,43.236114,739.028 -2.610048,43.236123,739.413 -2.610076,43.236132,739.615 -2.610102,43.236141,739.826 -2.610130,43.236145,740.037 -2.610161,43.236153,740.219 -2.610186,43.236160,740.441 -2.610211,43.236165,740.613 -2.610239,43.236169,740.847 -2.610268,43.236176,741.229 -2.610293,43.236183,741.421 -2.610322,43.236188,741.609 -2.610348,43.236191,741.816 -2.610372,43.236196,742.017 -2.610400,43.236202,742.242 -2.610427,43.236210,742.694 -2.610451,43.236217,743.095 -2.610468,43.236228,743.426 -2.610485,43.236233,743.888 -2.610508,43.236240,744.220 -2.610530,43.236250,744.452 -2.610553,43.236261,744.668 -2.610580,43.236265,744.842 -2.610607,43.236267,745.026 -2.610640,43.236275,745.009 -2.610667,43.236283,745.238 -2.610691,43.236291,745.649 -2.610719,43.236297,745.874 -2.610746,43.236305,746.226 -2.610772,43.236314,746.487 -2.610797,43.236319,746.698 -2.610823,43.236321,746.610 -2.610848,43.236322,747.052 -2.610877,43.236325,747.284 -2.610907,43.236333,747.665 -2.610933,43.236340,748.268 -2.610959,43.236348,748.614 -2.610985,43.236355,748.809 -2.611009,43.236362,749.278 -2.611037,43.236370,749.669 -2.611062,43.236378,750.084 -2.611090,43.236388,750.416 -2.611115,43.236395,750.667 -2.611141,43.236403,751.288 -2.611167,43.236412,751.480 -2.611193,43.236422,751.652 -2.611219,43.236428,752.044 -2.611246,43.236432,752.287 -2.611275,43.236434,752.442 -2.611305,43.236439,752.626 -2.611332,43.236450,753.009 -2.611356,43.236456,753.260 -2.611380,43.236462,753.641 -2.611408,43.236468,753.866 -2.611437,43.236476,754.258 -2.611466,43.236485,754.459 -2.611493,43.236490,754.830 -2.611519,43.236495,755.042 -2.611548,43.236500,755.254 -2.611580,43.236506,755.626 -2.611608,43.236517,756.027 -2.611632,43.236528,756.468 -2.611658,43.236537,756.814 -2.611684,43.236541,757.009 -2.611712,43.236543,757.434 -2.611736,43.236546,757.865 -2.611764,43.236552,758.260 -2.611790,43.236557,758.472 -2.611814,43.236561,758.833 -2.611837,43.236564,759.064 -2.611863,43.236569,759.296 -2.611889,43.236574,759.498 -2.611913,43.236579,759.630 -2.611933,43.236582,759.898 -2.611959,43.236586,760.015 -2.611980,43.236588,760.226 -2.612007,43.236592,760.409 -2.612031,43.236593,760.661 -2.612056,43.236595,761.032 -2.612077,43.236598,761.247 -2.612102,43.236602,761.479 -2.612125,43.236607,761.820 -2.612150,43.236613,762.051 -2.612172,43.236616,762.293 -2.612197,43.236618,762.485 -2.612223,43.236622,762.657 -2.612245,43.236626,762.888 -2.612269,43.236629,763.024 -2.612293,43.236634,763.426 -2.612317,43.236635,763.609 -2.612339,43.236634,764.070 -2.612359,43.236634,764.471 -2.612386,43.236638,764.846 -2.612414,43.236644,765.238 -2.612445,43.236647,765.889 -2.612470,43.236652,766.250 -2.612490,43.236656,766.832 -2.612513,43.236659,767.244 -2.612532,43.236666,767.626 -2.612560,43.236675,768.015 -2.612584,43.236683,768.465 -2.612606,43.236694,768.811 -2.612631,43.236702,769.209 -2.612653,43.236706,769.483 -2.612676,43.236710,769.644 -2.612704,43.236718,769.669 -2.612728,43.236725,769.671 -2.612753,43.236734,769.882 -2.612778,43.236742,770.213 -2.612801,43.236748,770.695 -2.612821,43.236753,771.287 -2.612840,43.236762,771.679 -2.612860,43.236767,771.664 -2.612888,43.236773,771.606 -2.612905,43.236783,771.616 -2.612925,43.236790,771.809 -2.612949,43.236799,772.248 -2.612971,43.236808,772.889 -2.612991,43.236817,773.084 -2.613014,43.236823,773.476 -2.613036,43.236831,773.637 -2.613058,43.236838,773.618 -2.613080,43.236846,774.080 -2.613106,43.236855,774.462 -2.613136,43.236862,774.884 -2.613160,43.236870,775.056 -2.613184,43.236876,775.459 -2.613206,43.236884,775.614 -2.613226,43.236890,776.409 -2.613249,43.236895,776.867 -2.613273,43.236905,777.688 -2.613294,43.236914,778.093 -2.613316,43.236920,778.245 -2.613344,43.236924,778.236 -2.613377,43.236930,778.297 -2.613401,43.236934,778.259 -2.613427,43.236933,778.271 -2.613451,43.236935,778.293 -2.613479,43.236933,778.426 -2.613508,43.236932,778.647 -2.613527,43.236924,779.011 -2.613548,43.236909,779.209 -2.613571,43.236895,779.454 -2.613590,43.236886,780.015 -2.613614,43.236879,780.610 -2.613636,43.236871,781.242 -2.613661,43.236862,781.873 -2.613689,43.236864,782.634 -2.613718,43.236870,783.416 -2.613743,43.236878,783.698 -2.613767,43.236883,784.290 -2.613785,43.236885,784.678 -2.613802,43.236884,784.633 -2.613815,43.236878,784.426 -2.613819,43.236869,784.409 -2.613815,43.236869,784.259 -2.613810,43.236867,784.410 -2.613810,43.236867,785.655 -2.613810,43.236867,785.637 -2.613810,43.236867,785.688 -2.613810,43.236867,785.679 -2.613810,43.236867,785.681 -2.613810,43.236867,785.683 -2.613810,43.236867,785.445 -2.613810,43.236867,785.489 -2.613810,43.236867,785.806 -2.613810,43.236867,786.226 -2.613810,43.236867,786.409 -2.613810,43.236867,786.440 -2.613810,43.236867,786.641 -2.613810,43.236867,786.626 -2.613810,43.236867,786.898 -2.613810,43.236867,786.899 -2.613810,43.236867,787.080 -2.613810,43.236867,787.242 -2.613810,43.236867,787.284 -2.613810,43.236867,787.086 -2.613810,43.236867,787.073 -2.613810,43.236867,786.885 -2.613810,43.236867,786.613 -2.613810,43.236867,786.609 -2.613810,43.236867,786.619 -2.613810,43.236867,786.640 -2.613810,43.236867,786.825 -2.613810,43.236867,786.837 -2.613810,43.236867,787.048 -2.613810,43.236867,787.029 -2.613810,43.236867,787.261 -2.613810,43.236867,787.283 -2.613810,43.236867,787.455 -2.613810,43.236867,787.481 -2.613810,43.236867,787.661 -2.613810,43.236867,787.817 -2.613810,43.236867,788.009 -2.613810,43.236867,788.050 -2.613810,43.236867,788.261 -2.613810,43.236867,788.236 -2.613810,43.236867,788.298 -2.613810,43.236867,788.439 -2.613810,43.236867,788.440 -2.613810,43.236867,788.672 -2.613810,43.236867,788.894 -2.613810,43.236867,789.066 -2.613810,43.236867,789.025 -2.613810,43.236867,789.026 -2.613810,43.236867,789.008 -2.613810,43.236867,788.809 -2.613810,43.236867,788.874 -2.613810,43.236867,788.625 -2.613810,43.236867,788.690 -2.613810,43.236867,788.692 -2.613810,43.236867,788.613 -2.613810,43.236867,788.684 -2.613810,43.236867,788.636 -2.613810,43.236867,788.628 -2.613810,43.236867,788.450 -2.613810,43.236867,788.469 -2.613810,43.236867,788.404 -2.613810,43.236867,788.424 -2.613810,43.236867,788.609 -2.613808,43.236866,788.888 -2.613810,43.236867,789.079 -2.613810,43.236867,789.614 -2.613806,43.236866,790.086 -2.613810,43.236867,790.237 -2.613807,43.236862,790.488 -2.613798,43.236857,790.630 -2.613787,43.236855,790.692 -2.613768,43.236858,790.454 -2.613772,43.236857,790.287 -2.613772,43.236857,790.042 -2.613772,43.236857,789.826 -2.613772,43.236857,789.809 -2.613772,43.236857,790.020 -2.613773,43.236857,790.071 -2.613772,43.236857,790.426 -2.613777,43.236857,790.628 -2.613766,43.236857,790.499 -2.613759,43.236857,790.250 -2.613751,43.236853,789.862 -2.613752,43.236848,789.634 -2.613755,43.236844,789.436 -2.613755,43.236848,789.251 -2.613758,43.236850,789.001 -2.613772,43.236857,788.811 -2.613772,43.236857,788.809 -2.613772,43.236857,788.837 -2.613772,43.236857,788.828 -2.613772,43.236857,788.643 -2.613772,43.236857,788.625 -2.613772,43.236857,788.686 -2.613772,43.236857,788.697 -2.613772,43.236857,788.859 -2.613772,43.236857,789.041 -2.613772,43.236857,789.013 -2.613772,43.236857,789.225 -2.613772,43.236857,789.226 -2.613772,43.236857,789.208 -2.613772,43.236857,789.209 -2.613772,43.236857,789.474 -2.613772,43.236857,789.455 -2.613772,43.236857,789.230 -2.613772,43.236857,789.032 -2.613772,43.236857,788.883 -2.613772,43.236857,788.674 -2.613772,43.236857,788.476 -2.613772,43.236857,788.468 -2.613772,43.236857,788.480 -2.613772,43.236857,788.684 -2.613772,43.236857,788.807 -2.613772,43.236857,789.017 -2.613772,43.236857,789.409 -2.613772,43.236857,790.080 -2.613772,43.236857,790.421 -2.613772,43.236857,790.836 -2.613772,43.236857,791.028 -2.613772,43.236857,791.039 -2.613772,43.236857,790.810 -2.613772,43.236857,789.842 -2.613772,43.236857,789.864 -2.613772,43.236857,789.236 -2.613772,43.236857,789.037 -2.613772,43.236857,788.449 -2.613772,43.236857,788.013 -2.613772,43.236857,788.009 -2.613772,43.236857,787.815 -2.613772,43.236857,787.826 -2.613772,43.236857,787.861 -2.613772,43.236857,788.083 -2.613772,43.236857,788.484 -2.613756,43.236849,788.815 -2.613756,43.236849,789.077 -2.613756,43.236849,789.259 -2.613756,43.236849,789.611 -2.613745,43.236844,789.845 -2.613739,43.236841,789.847 -2.613739,43.236841,789.811 -2.613739,43.236841,789.609 -2.613739,43.236841,789.666 -2.613739,43.236841,789.497 -2.613739,43.236841,789.272 -2.613739,43.236841,789.254 -2.613738,43.236841,789.225 -2.613727,43.236838,789.486 -2.613739,43.236841,789.448 -2.613725,43.236840,789.850 -2.613725,43.236839,790.272 -2.613722,43.236839,790.257 -2.613720,43.236837,790.200 -2.613726,43.236828,790.020 -2.613731,43.236818,790.009 -2.613733,43.236814,790.027 -2.613747,43.236819,790.038 -2.613748,43.236818,790.283 -2.613748,43.236818,790.215 -2.613748,43.236818,790.236 -2.613742,43.236822,790.247 -2.613744,43.236819,790.289 -2.613748,43.236818,790.441 -2.613748,43.236818,790.413 -2.613748,43.236818,790.846 -2.613748,43.236818,790.888 -2.613748,43.236818,790.616 -2.613748,43.236818,790.409 -2.613748,43.236818,790.416 -2.613748,43.236818,790.267 -2.613748,43.236818,790.262 -2.613748,43.236818,790.444 -2.613748,43.236818,790.615 -2.613748,43.236818,791.046 -2.613748,43.236818,791.218 -2.613748,43.236818,791.280 -2.613748,43.236818,791.292 -2.613748,43.236818,790.637 -2.613748,43.236818,790.049 -2.613744,43.236818,789.413 -2.613748,43.236818,789.209 -2.613748,43.236818,789.095 -2.613748,43.236818,788.836 -2.613748,43.236818,788.671 -2.613748,43.236818,788.653 -2.613748,43.236818,788.614 -2.613748,43.236818,788.445 -2.613748,43.236818,788.417 -2.613748,43.236818,788.249 -2.613748,43.236818,788.291 -2.613748,43.236818,788.243 -2.613748,43.236818,788.064 -2.613748,43.236818,788.010 -2.613748,43.236818,788.209 -2.613748,43.236818,788.276 -2.613748,43.236818,788.297 -2.613748,43.236818,788.222 -2.613748,43.236818,788.474 -2.613748,43.236818,788.465 -2.613748,43.236818,788.836 -2.613748,43.236818,789.088 -2.613748,43.236818,789.260 -2.613748,43.236818,789.252 -2.613748,43.236818,789.239 -2.613748,43.236818,789.001 -2.613748,43.236818,788.821 -2.613750,43.236813,788.609 -2.613748,43.236818,788.495 -2.613748,43.236818,788.416 -2.613748,43.236818,788.421 -2.613748,43.236818,788.213 -2.613748,43.236818,788.294 -2.613748,43.236818,788.285 -2.613748,43.236818,788.217 -2.613748,43.236818,788.079 -2.613748,43.236818,788.011 -2.613748,43.236818,788.053 -2.613748,43.236818,788.204 -2.613748,43.236818,788.214 -2.613748,43.236818,788.209 -2.613748,43.236818,788.287 -2.613748,43.236818,788.458 -2.613748,43.236818,788.453 -2.613748,43.236818,788.625 -2.613748,43.236818,788.896 -2.613748,43.236818,789.087 -2.613748,43.236818,789.059 -2.613748,43.236818,789.211 -2.613748,43.236818,789.253 -2.613748,43.236818,789.258 -2.613748,43.236818,789.252 -2.613748,43.236818,789.217 -2.613748,43.236818,789.209 -2.613748,43.236818,789.097 -2.613748,43.236818,788.838 -2.613748,43.236818,788.863 -2.613748,43.236818,788.815 -2.613748,43.236818,788.676 -2.613748,43.236818,788.817 -2.613748,43.236818,788.859 -2.613748,43.236818,788.861 -2.613748,43.236818,788.823 -2.613748,43.236818,788.655 -2.613748,43.236818,788.607 -2.613748,43.236818,788.617 -2.613748,43.236818,788.609 -2.613748,43.236818,788.647 -2.613748,43.236818,788.698 -2.613748,43.236818,788.613 -2.613748,43.236818,788.635 -2.613748,43.236818,788.696 -2.613748,43.236818,788.637 -2.613748,43.236818,788.659 -2.613748,43.236818,788.651 -2.613748,43.236818,788.613 -2.613748,43.236818,788.639 -2.613748,43.236818,788.601 -2.613748,43.236818,788.621 -2.613748,43.236818,788.609 -2.613748,43.236818,788.645 -2.613748,43.236818,788.676 -2.613748,43.236818,788.681 -2.613748,43.236818,788.643 -2.613748,43.236818,788.694 -2.613748,43.236818,788.695 -2.613748,43.236818,788.637 -2.613748,43.236818,788.639 -2.613748,43.236818,788.661 -2.613748,43.236818,788.634 -2.613748,43.236818,788.655 -2.613748,43.236818,788.610 -2.613748,43.236818,788.609 -2.613748,43.236818,788.655 -2.613748,43.236818,788.656 -2.613748,43.236818,788.691 -2.613748,43.236818,788.693 -2.613750,43.236814,788.674 -2.613748,43.236818,788.695 -2.613748,43.236818,788.677 -2.613748,43.236818,788.679 -2.613748,43.236818,788.631 -2.613748,43.236815,788.654 -2.613748,43.236818,788.656 -2.613748,43.236818,788.611 -2.613748,43.236818,788.609 -2.613748,43.236818,788.617 -2.613748,43.236818,788.668 -2.613748,43.236818,788.643 -2.613743,43.236817,788.655 -2.613748,43.236818,788.686 -2.613748,43.236818,788.627 -2.613748,43.236818,788.649 -2.613748,43.236818,788.631 -2.613748,43.236818,788.623 -2.613748,43.236818,788.646 -2.613748,43.236818,788.688 -2.613748,43.236818,788.616 -2.613748,43.236818,788.609 -2.613748,43.236818,788.666 -2.613748,43.236818,788.667 -2.613748,43.236818,788.612 -2.613748,43.236818,788.664 -2.613748,43.236818,788.685 -2.613748,43.236818,788.686 -2.613748,43.236818,788.668 -2.613748,43.236818,788.680 -2.613748,43.236818,788.662 -2.613748,43.236818,788.691 -2.613748,43.236818,788.681 -2.613748,43.236818,788.619 -2.613748,43.236818,788.609 -2.613748,43.236818,788.621 -2.613748,43.236818,788.682 -2.613748,43.236818,788.657 -2.613748,43.236818,788.619 -2.613748,43.236818,788.610 -2.613748,43.236818,788.671 -2.613748,43.236818,788.673 -2.613748,43.236818,788.695 -2.613748,43.236818,788.647 -2.613748,43.236818,788.661 -2.613748,43.236818,788.621 -2.613748,43.236818,788.613 -2.613748,43.236818,788.609 -2.613748,43.236818,788.618 -2.613748,43.236818,788.649 -2.613748,43.236818,788.664 -2.613748,43.236818,788.666 -2.613748,43.236818,788.697 -2.613748,43.236818,788.688 -2.613748,43.236818,788.660 -2.613748,43.236818,788.632 -2.613748,43.236818,788.644 -2.613748,43.236818,788.675 -2.613748,43.236818,788.628 -2.613748,43.236818,788.620 -2.613748,43.236818,788.609 -2.613748,43.236818,788.649 -2.613748,43.236818,788.650 -2.613748,43.236818,788.675 -2.613748,43.236818,788.627 -2.613748,43.236818,788.638 -2.613748,43.236818,788.639 -2.613748,43.236818,788.631 -2.613748,43.236818,788.673 -2.613748,43.236818,788.645 -2.613748,43.236818,788.696 -2.613748,43.236818,788.631 -2.613748,43.236818,788.624 -2.613748,43.236818,788.609 -2.613748,43.236818,788.651 -2.613748,43.236818,788.632 -2.613748,43.236818,788.677 -2.613748,43.236818,788.699 -2.613748,43.236818,788.620 -2.613748,43.236818,788.661 -2.613748,43.236818,788.673 -2.613748,43.236818,788.635 -2.613748,43.236818,788.657 -2.613748,43.236818,788.649 -2.613748,43.236818,788.602 -2.613748,43.236818,788.622 -2.613748,43.236818,788.609 -2.613748,43.236818,788.636 -2.613748,43.236818,788.617 -2.613748,43.236818,788.652 -2.613748,43.236818,788.684 -2.613748,43.236818,788.645 -2.613748,43.236818,788.646 -2.613748,43.236818,788.618 -2.613748,43.236818,788.630 -2.613748,43.236818,788.652 -2.613748,43.236818,788.662 -2.613748,43.236818,788.683 -2.613748,43.236818,788.611 -2.613748,43.236818,788.609 -2.613748,43.236818,788.618 -2.613748,43.236818,788.629 -2.613748,43.236818,788.614 -2.613748,43.236818,788.686 -2.613748,43.236818,788.637 -2.613748,43.236818,788.638 -2.613748,43.236818,788.680 -2.613748,43.236818,788.672 -2.613748,43.236818,788.674 -2.613748,43.236818,788.696 -2.613748,43.236818,788.631 -2.613748,43.236818,788.624 -2.613748,43.236818,788.609 -2.613748,43.236818,788.611 -2.613748,43.236818,788.632 -2.613748,43.236818,788.677 -2.613748,43.236818,788.659 -2.613748,43.236818,788.620 -2.613748,43.236818,788.611 -2.613748,43.236818,788.643 -2.613748,43.236818,788.645 -2.613748,43.236818,788.627 -2.613748,43.236818,788.641 -2.613748,43.236818,788.681 -2.613748,43.236818,788.609 -2.613748,43.236818,788.609 -2.613748,43.236818,788.616 -2.613748,43.236818,788.667 -2.613748,43.236818,788.612 -2.613748,43.236818,788.684 -2.613748,43.236818,788.675 -2.613748,43.236818,788.696 -2.613748,43.236818,788.658 -2.613748,43.236818,788.680 -2.613748,43.236818,788.652 -2.613748,43.236818,788.641 -2.613748,43.236818,789.681 -2.613748,43.236818,790.409 -2.613748,43.236818,790.809 -2.613748,43.236818,791.416 -2.613748,43.236818,791.667 -2.613748,43.236818,791.822 -2.613748,43.236818,792.054 -2.613748,43.236818,792.215 -2.613748,43.236818,792.216 -2.613748,43.236818,792.038 -2.613748,43.236818,792.060 -2.613748,43.236818,792.022 -2.613748,43.236818,791.812 -2.613748,43.236818,791.832 -2.613748,43.236818,792.005 -2.613748,43.236818,792.009 -2.613738,43.236818,792.083 -2.613737,43.236814,792.234 -2.613749,43.236812,792.439 -2.613746,43.236812,793.271 -2.613744,43.236812,793.462 -2.613734,43.236811,793.453 -2.613748,43.236818,793.685 -2.613748,43.236818,793.677 -2.613748,43.236818,792.849 -2.613748,43.236818,792.698 -2.613748,43.236818,791.815 -2.613748,43.236818,791.226 -2.613748,43.236818,790.409 -2.613748,43.236818,788.841 -2.613748,43.236818,787.282 -2.613748,43.236818,787.037 -2.613748,43.236818,787.019 -2.613748,43.236818,786.810 -2.613748,43.236818,786.661 -2.613748,43.236818,786.673 -2.613748,43.236818,786.445 -2.613748,43.236818,786.237 -2.613748,43.236818,785.686 -2.613748,43.236818,785.460 -2.613748,43.236818,785.226 -2.613748,43.236818,785.009 -2.613748,43.236818,785.840 -2.613748,43.236818,786.471 -2.613748,43.236818,786.896 -2.613748,43.236818,787.088 -2.613748,43.236818,787.449 -2.613748,43.236818,787.810 -2.613748,43.236818,788.422 -2.613748,43.236818,788.874 -2.613748,43.236818,789.296 -2.613748,43.236818,788.878 -2.613748,43.236818,788.433 -2.613748,43.236818,787.426 -2.613748,43.236818,787.409 -2.613748,43.236818,787.299 -2.613748,43.236818,787.250 -2.613748,43.236818,787.445 -2.613748,43.236818,787.447 -2.613748,43.236818,787.478 -2.613748,43.236818,787.429 -2.613748,43.236818,787.251 -2.613748,43.236818,787.413 -2.613748,43.236818,787.645 -2.613748,43.236818,787.848 -2.613748,43.236818,787.861 -2.613748,43.236818,787.817 -2.613748,43.236818,787.609 -2.613748,43.236818,787.446 -2.613748,43.236818,787.647 -2.613748,43.236818,787.882 -2.613748,43.236818,788.034 -2.613748,43.236818,790.015 -2.613748,43.236818,791.656 -2.613748,43.236818,792.028 -2.613748,43.236818,792.260 -2.613748,43.236818,792.252 -2.613748,43.236818,792.675 -2.613748,43.236818,792.828 -2.613748,43.236818,793.020 -2.613748,43.236818,792.209 -2.613748,43.236818,791.469 -2.613748,43.236818,790.650 -2.613748,43.236818,789.815 -2.613748,43.236818,789.047 -2.613748,43.236818,788.298 -2.613748,43.236818,788.019 -2.613748,43.236818,787.671 -2.613748,43.236818,787.453 -2.613748,43.236818,787.425 -2.613748,43.236818,787.223 -2.613748,43.236818,787.083 -2.613748,43.236818,787.211 -2.613748,43.236818,787.209 -2.613748,43.236818,787.254 -2.613748,43.236818,787.285 -2.613748,43.236818,787.620 -2.613748,43.236818,788.092 -2.613748,43.236818,788.433 -2.613748,43.236818,789.094 -2.613748,43.236818,789.496 -2.613748,43.236818,789.828 -2.613748,43.236818,790.290 -2.613748,43.236818,790.632 -2.613748,43.236818,790.892 -2.613748,43.236818,792.011 -2.613748,43.236818,792.409 -2.613748,43.236818,792.875 -2.613748,43.236818,793.266 -2.613748,43.236818,793.471 -2.613748,43.236818,794.073 -2.613748,43.236818,793.854 -2.613748,43.236818,793.625 -2.613748,43.236818,793.267 -2.613733,43.236810,793.079 -2.613713,43.236801,792.841 -2.613691,43.236797,792.668 -2.613665,43.236792,792.242 -2.613645,43.236781,792.026 -2.613627,43.236762,791.809 -2.613617,43.236743,791.668 -2.613601,43.236723,791.499 -2.613578,43.236700,791.214 -2.613551,43.236677,791.286 -2.613515,43.236658,791.247 -2.613468,43.236636,791.488 -2.613424,43.236612,792.090 -2.613376,43.236586,792.692 -2.613331,43.236561,793.854 -2.613288,43.236537,794.856 -2.613242,43.236511,795.459 -2.613194,43.236491,795.414 -2.613138,43.236473,795.209 -2.613074,43.236456,794.647 -2.613013,43.236438,793.898 -2.612956,43.236422,793.213 -2.612883,43.236395,793.245 -2.612810,43.236377,793.236 -2.612727,43.236359,792.887 -2.612652,43.236329,792.659 -2.612581,43.236292,792.231 -2.612509,43.236263,791.213 -2.612442,43.236228,791.068 -2.612380,43.236188,791.242 -2.612321,43.236151,791.226 -2.612268,43.236113,793.009 -2.612216,43.236080,793.658 -2.612170,43.236048,795.299 -2.612128,43.236020,794.814 -2.612092,43.235991,794.496 -2.612049,43.235964,793.637 -2.612013,43.235940,793.238 -2.611982,43.235915,792.850 -2.611950,43.235888,792.862 -2.611913,43.235866,793.094 -2.611878,43.235849,793.864 -2.611843,43.235830,794.206 -2.611805,43.235811,794.816 -2.611769,43.235792,795.209 -2.611736,43.235774,795.068 -2.611705,43.235757,794.689 -2.611674,43.235740,794.484 -2.611647,43.235721,793.816 -2.611619,43.235703,794.087 -2.611589,43.235684,794.648 -2.611563,43.235664,794.820 -2.611536,43.235645,794.892 -2.611511,43.235626,794.844 -2.611484,43.235604,794.286 -2.611457,43.235582,794.260 -2.611437,43.235557,793.226 -2.611417,43.235534,793.409 -2.611393,43.235516,793.810 -2.611372,43.235496,795.051 -2.611350,43.235473,795.286 -2.611326,43.235451,796.098 -2.611305,43.235427,796.489 -2.611286,43.235404,796.620 -2.611263,43.235380,797.092 -2.611239,43.235360,797.894 -2.611210,43.235339,798.416 -2.611180,43.235319,799.879 -2.611150,43.235299,800.405 -2.611118,43.235281,801.225 -2.611085,43.235265,801.209 -2.611054,43.235247,801.489 -2.611018,43.235224,800.630 -2.610973,43.235197,799.055 -2.610928,43.235165,798.677 -2.610891,43.235128,797.428 -2.610860,43.235094,797.479 -2.610838,43.235072,798.271 -2.610815,43.235053,799.233 -2.610795,43.235033,800.445 -2.610782,43.235015,800.635 -2.610770,43.234994,800.486 -2.610752,43.234977,800.214 -2.610733,43.234962,799.809 -2.610716,43.234948,799.695 -2.610701,43.234936,799.486 -2.610681,43.234931,799.471 -2.610656,43.234925,799.223 -2.610629,43.234910,799.094 -2.610614,43.234891,799.055 -2.610600,43.234879,799.087 -2.610577,43.234864,799.029 -2.610553,43.234851,799.481 -2.610533,43.234842,800.065 -2.610512,43.234830,800.268 -2.610494,43.234822,800.014 -2.610473,43.234816,800.009 -2.610447,43.234809,800.218 -2.610419,43.234796,799.869 -2.610397,43.234785,799.884 -2.610370,43.234776,799.866 -2.610351,43.234764,799.487 -2.610334,43.234756,799.468 -2.610307,43.234743,799.670 -2.610283,43.234735,799.852 -2.610258,43.234726,799.874 -2.610243,43.234715,800.268 -2.610225,43.234707,800.242 -2.610202,43.234697,800.226 -2.610176,43.234682,800.209 -2.610158,43.234668,800.288 -2.610140,43.234653,800.429 -2.610119,43.234639,800.874 -2.610099,43.234626,801.276 -2.610078,43.234611,801.827 -2.610058,43.234598,802.618 -2.610043,43.234586,802.860 -2.610019,43.234573,803.442 -2.609998,43.234561,804.084 -2.609976,43.234546,804.617 -2.609959,43.234529,805.087 -2.609949,43.234513,805.815 -2.609933,43.234496,806.409 -2.609921,43.234482,807.233 -2.609901,43.234467,808.014 -2.609881,43.234456,808.899 -2.609864,43.234445,809.461 -2.609843,43.234429,810.052 -2.609825,43.234414,810.233 -2.609811,43.234400,810.455 -2.609796,43.234382,810.667 -2.609789,43.234366,810.819 -2.609780,43.234353,810.828 -2.609761,43.234339,811.089 -2.609743,43.234326,811.017 -2.609724,43.234313,810.809 -2.609710,43.234300,810.824 -2.609693,43.234281,810.485 -2.609678,43.234269,810.060 -2.609658,43.234253,809.832 -2.609639,43.234239,809.233 -2.609624,43.234226,809.274 -2.609611,43.234218,810.296 -2.609591,43.234207,811.658 -2.609568,43.234193,812.670 -2.609547,43.234182,813.274 -2.609525,43.234169,814.056 -2.609504,43.234156,814.621 -2.609490,43.234141,814.809 -2.609474,43.234126,814.819 -2.609457,43.234110,814.680 -2.609443,43.234094,814.285 -2.609421,43.234081,813.847 -2.609401,43.234068,813.648 -2.609384,43.234055,813.859 -2.609357,43.234050,814.041 -2.609342,43.234042,814.623 -2.609319,43.234034,814.845 -2.609299,43.234025,815.845 -2.609277,43.234014,816.847 -2.609255,43.234003,817.411 -2.609242,43.233989,817.809 -2.609226,43.233974,817.826 -2.609207,43.233958,818.037 -2.609192,43.233941,818.272 -2.609179,43.233927,818.694 -2.609159,43.233911,818.865 -2.609142,43.233895,819.616 -2.609129,43.233883,819.898 -2.609113,43.233870,820.290 -2.609095,43.233857,820.242 -2.609080,43.233841,820.088 -2.609065,43.233823,820.224 -2.609042,43.233805,820.426 -2.609028,43.233793,820.609 -2.609012,43.233778,820.830 -2.608998,43.233761,821.211 -2.608980,43.233743,821.646 -2.608964,43.233730,822.098 -2.608950,43.233717,822.059 -2.608934,43.233700,822.820 -2.608915,43.233688,823.042 -2.608893,43.233673,823.414 -2.608873,43.233659,823.656 -2.608856,43.233643,823.632 -2.608841,43.233629,823.492 -2.608824,43.233613,823.411 -2.608809,43.233597,823.009 -2.608793,43.233580,822.855 -2.608779,43.233565,822.886 -2.608761,43.233552,822.891 -2.608743,43.233538,823.293 -2.608725,43.233527,823.874 -2.608704,43.233513,824.435 -2.608687,43.233497,825.057 -2.608670,43.233482,825.469 -2.608653,43.233469,826.271 -2.608636,43.233458,826.662 -2.608619,43.233445,826.883 -2.608606,43.233432,827.011 -2.608592,43.233421,827.009 -2.608571,43.233413,827.048 -2.608550,43.233400,827.049 -2.608532,43.233385,827.294 -2.608514,43.233373,827.836 -2.608492,43.233365,828.227 -2.608470,43.233350,828.458 -2.608458,43.233338,828.830 -2.608445,43.233325,829.252 -2.608431,43.233309,829.284 -2.608415,43.233294,829.471 -2.608400,43.233281,829.641 -2.608387,43.233271,830.215 -2.608372,43.233262,831.009 -2.608357,43.233248,831.089 -2.608344,43.233235,831.460 -2.608327,43.233225,831.885 -2.608307,43.233216,832.647 -2.608289,43.233207,832.898 -2.608269,43.233195,833.659 -2.608257,43.233191,834.231 -2.608240,43.233186,834.453 -2.608225,43.233177,835.215 -2.608207,43.233168,835.254 -2.608189,43.233156,835.456 -2.608177,43.233143,835.611 -2.608163,43.233134,835.809 -2.608148,43.233124,835.827 -2.608135,43.233111,835.818 -2.608121,43.233102,835.833 -2.608105,43.233089,835.865 -2.608091,43.233074,835.686 -2.608081,43.233059,835.687 -2.608066,43.233045,835.819 -2.608055,43.233035,836.271 -2.608041,43.233026,836.453 -2.608027,43.233013,836.887 -2.608013,43.233000,837.042 -2.608000,43.232985,837.226 -2.607984,43.232974,837.409 -2.607967,43.232963,837.260 -2.607956,43.232947,837.231 -2.607948,43.232931,837.226 -2.607939,43.232919,837.498 -2.607930,43.232911,837.699 -2.607922,43.232892,837.820 -2.607923,43.232878,838.062 -2.607913,43.232863,838.284 -2.607903,43.232849,838.416 -2.607895,43.232836,838.231 -2.607882,43.232823,838.461 -2.607871,43.232810,838.807 -2.607861,43.232797,839.409 -2.607850,43.232783,840.245 -2.607840,43.232766,840.446 -2.607832,43.232750,840.831 -2.607819,43.232735,840.873 -2.607808,43.232725,841.084 -2.607796,43.232712,841.895 -2.607785,43.232697,842.487 -2.607776,43.232681,843.099 -2.607763,43.232667,843.681 -2.607751,43.232656,843.888 -2.607743,43.232644,844.224 -2.607732,43.232629,844.826 -2.607721,43.232612,845.009 -2.607715,43.232596,844.810 -2.607709,43.232578,844.891 -2.607703,43.232562,844.846 -2.607701,43.232546,844.848 -2.607699,43.232527,845.079 -2.607697,43.232512,845.410 -2.607691,43.232498,845.862 -2.607684,43.232484,846.474 -2.607676,43.232472,846.816 -2.607669,43.232454,847.497 -2.607656,43.232439,848.023 -2.607643,43.232424,848.425 -2.607633,43.232409,849.009 -2.607625,43.232394,849.211 -2.607620,43.232376,849.692 -2.607617,43.232357,849.637 -2.607616,43.232339,850.019 -2.607600,43.232326,850.030 -2.607591,43.232313,850.071 -2.607578,43.232301,850.473 -2.607565,43.232290,850.885 -2.607554,43.232274,851.237 -2.607544,43.232260,851.258 -2.607537,43.232250,851.452 -2.607526,43.232236,851.417 -2.607514,43.232218,851.209 -2.607507,43.232200,851.037 -2.607498,43.232184,851.068 -2.607489,43.232167,851.213 -2.607484,43.232152,851.625 -2.607478,43.232135,852.086 -2.607479,43.232120,852.417 -2.607469,43.232107,852.879 -2.607459,43.232090,853.411 -2.607446,43.232078,854.033 -2.607436,43.232063,854.283 -2.607424,43.232050,854.225 -2.607416,43.232036,854.617 -2.607412,43.232019,854.809 -2.607401,43.232003,854.890 -2.607390,43.231984,855.231 -2.607386,43.231968,855.276 -2.607380,43.231953,855.238 -2.607373,43.231934,855.069 -2.607365,43.231920,854.810 -2.607358,43.231901,854.832 -2.607348,43.231884,854.894 -2.607339,43.231868,855.236 -2.607331,43.231852,856.063 -2.607321,43.231839,856.644 -2.607312,43.231822,856.818 -2.607307,43.231807,857.209 -2.607301,43.231792,857.098 -2.607296,43.231773,857.269 -2.607289,43.231756,857.264 -2.607279,43.231740,857.426 -2.607270,43.231724,857.817 -2.607260,43.231703,858.298 -2.607248,43.231686,858.620 -2.607234,43.231674,859.442 -2.607217,43.231663,859.674 -2.607197,43.231649,860.444 -2.607180,43.231638,861.205 -2.607162,43.231630,862.015 -2.607139,43.231619,862.809 -2.607119,43.231608,863.236 -2.607102,43.231598,863.447 -2.607084,43.231589,863.492 -2.607064,43.231580,863.234 -2.607046,43.231569,863.085 -2.607030,43.231561,863.046 -2.607010,43.231552,863.058 -2.606992,43.231540,863.220 -2.606973,43.231530,863.492 -2.606949,43.231517,863.624 -2.606927,43.231510,864.004 -2.606910,43.231500,864.214 -2.606895,43.231493,864.409 -2.606873,43.231487,864.464 -2.606860,43.231477,864.415 -2.606843,43.231465,864.250 -2.606821,43.231451,864.282 -2.606803,43.231438,864.653 -2.606781,43.231429,865.064 -2.606764,43.231428,865.676 -2.606747,43.231417,865.878 -2.606734,43.231408,866.470 -2.606718,43.231398,866.674 -2.606701,43.231385,866.656 -2.606682,43.231374,866.621 -2.606667,43.231361,866.809 -2.606649,43.231350,867.279 -2.606629,43.231338,867.680 -2.606614,43.231327,868.035 -2.606597,43.231318,868.477 -2.606580,43.231305,868.658 -2.606564,43.231287,868.829 -2.606551,43.231274,868.851 -2.606536,43.231264,869.043 -2.606517,43.231253,869.275 -2.606498,43.231243,869.412 -2.606484,43.231231,869.632 -2.606467,43.231218,869.605 -2.606453,43.231207,869.609 -2.606443,43.231199,869.863 -2.606420,43.231191,870.274 -2.606397,43.231177,870.639 -2.606380,43.231164,871.481 -2.606360,43.231152,871.892 -2.606345,43.231143,872.083 -2.606331,43.231132,872.245 -2.606318,43.231123,872.617 -2.606295,43.231116,872.889 -2.606272,43.231109,873.093 -2.606252,43.231098,873.265 -2.606230,43.231085,873.421 -2.606211,43.231074,873.409 -2.606194,43.231065,873.481 -2.606178,43.231054,873.642 -2.606162,43.231043,873.897 -2.606146,43.231033,874.249 -2.606128,43.231023,874.620 -2.606105,43.231010,874.811 -2.606086,43.230999,875.033 -2.606069,43.230990,875.295 -2.606047,43.230978,875.497 -2.606023,43.230970,875.822 -2.606004,43.230961,876.262 -2.605986,43.230953,876.608 -2.605968,43.230941,877.009 -2.605951,43.230929,877.284 -2.605936,43.230919,877.435 -2.605920,43.230907,877.460 -2.605904,43.230897,877.492 -2.605888,43.230887,877.853 -2.605867,43.230872,878.224 -2.605851,43.230858,878.496 -2.605844,43.230846,878.628 -2.605829,43.230834,878.820 -2.605804,43.230825,879.068 -2.605786,43.230814,879.242 -2.605769,43.230801,879.626 -2.605753,43.230790,880.209 -2.605737,43.230775,880.838 -2.605722,43.230765,881.299 -2.605703,43.230753,881.484 -2.605689,43.230741,881.846 -2.605679,43.230724,881.827 -2.605670,43.230707,881.818 -2.605661,43.230690,882.070 -2.605647,43.230677,882.252 -2.605632,43.230661,882.484 -2.605620,43.230643,882.673 -2.605605,43.230629,883.085 -2.605592,43.230612,883.213 -2.605577,43.230600,883.609 -2.605562,43.230590,884.059 -2.605545,43.230579,884.440 -2.605528,43.230569,884.885 -2.605511,43.230558,885.067 -2.605494,43.230545,885.498 -2.605477,43.230529,885.699 -2.605459,43.230516,885.821 -2.605443,43.230504,886.023 -2.605427,43.230490,886.455 -2.605414,43.230476,886.677 -2.605400,43.230461,887.061 -2.605389,43.230445,887.227 -2.605375,43.230426,887.609 -2.605365,43.230414,887.619 -2.605353,43.230401,887.870 -2.605339,43.230387,888.075 -2.605323,43.230372,888.247 -2.605314,43.230357,888.228 -2.605302,43.230342,888.429 -2.605291,43.230321,888.691 -2.605285,43.230304,889.023 -2.605280,43.230289,889.455 -2.605274,43.230273,889.616 -2.605263,43.230257,890.276 -2.605247,43.230241,890.613 -2.605233,43.230229,891.009 -2.605221,43.230215,891.273 -2.605206,43.230203,891.464 -2.605190,43.230187,891.469 -2.605170,43.230175,891.631 -2.605154,43.230166,892.012 -2.605137,43.230156,892.613 -2.605124,43.230146,893.285 -2.605104,43.230136,893.847 -2.605083,43.230128,894.239 -2.605065,43.230120,894.472 -2.605046,43.230114,895.013 -2.605024,43.230104,895.614 -2.605003,43.230098,896.009 -2.604985,43.230092,896.889 -2.604966,43.230086,897.450 -2.604939,43.230079,898.085 -2.604913,43.230074,899.087 -2.604881,43.230068,899.428 -2.604851,43.230063,899.839 -2.604824,43.230056,900.281 -2.604797,43.230047,900.243 -2.604769,43.230040,900.455 -2.604739,43.230036,900.824 -2.604710,43.230033,901.204 -2.604675,43.230025,901.814 -2.604641,43.230014,902.209 -2.604611,43.230006,902.624 -2.604579,43.230009,903.075 -2.604544,43.230016,903.030 -2.604506,43.230025,903.272 -2.604474,43.230030,903.673 -2.604438,43.230029,904.024 -2.604403,43.230028,904.876 -2.604371,43.230028,905.448 -2.604343,43.230030,905.650 -2.604310,43.230031,905.872 -2.604278,43.230029,906.013 -2.604252,43.230030,906.014 -2.604222,43.230031,906.209 -2.604197,43.230034,906.869 -2.604163,43.230037,907.410 -2.604134,43.230040,907.885 -2.604104,43.230040,908.017 -2.604077,43.230039,908.648 -2.604048,43.230042,908.859 -2.604022,43.230047,908.861 -2.603994,43.230052,909.243 -2.603963,43.230058,909.615 -2.603930,43.230058,910.053 -2.603899,43.230062,910.404 -2.603869,43.230062,911.014 -2.603840,43.230060,911.409 -2.603808,43.230061,911.827 -2.603776,43.230063,912.268 -2.603748,43.230063,912.223 -2.603718,43.230062,912.295 -2.603691,43.230061,912.276 -2.603660,43.230057,912.257 -2.603632,43.230057,912.489 -2.603604,43.230060,913.291 -2.603570,43.230062,913.653 -2.603537,43.230062,914.229 -2.603506,43.230058,914.600 -2.603477,43.230057,914.820 -2.603447,43.230055,915.009 -2.603418,43.230056,915.294 -2.603389,43.230056,915.445 -2.603358,43.230053,915.680 -2.603330,43.230047,915.822 -2.603301,43.230041,915.863 -2.603274,43.230042,916.264 -2.603242,43.230042,916.666 -2.603212,43.230042,917.248 -2.603176,43.230039,917.620 -2.603142,43.230033,917.814 -2.603105,43.230026,918.254 -2.603067,43.230021,918.809 -2.603031,43.230016,919.209 -2.602995,43.230014,919.663 -2.602960,43.230012,919.854 -2.602922,43.230005,920.259 -2.602888,43.229997,920.431 -2.602855,43.229985,920.842 -2.602822,43.229975,921.413 -2.602791,43.229967,921.895 -2.602752,43.229960,922.287 -2.602710,43.229953,922.419 -2.602670,43.229941,922.622 -2.602631,43.229935,922.862 -2.602590,43.229928,922.808 -2.602547,43.229920,923.009 -2.602507,43.229916,923.074 -2.602467,43.229910,923.295 -2.602426,43.229902,923.420 -2.602386,43.229896,923.682 -2.602347,43.229885,923.453 -2.602306,43.229874,923.014 -2.602264,43.229867,922.836 -2.602225,43.229859,922.838 -2.602184,43.229856,923.060 -2.602145,43.229852,923.486 -2.602108,43.229842,923.660 -2.602070,43.229831,923.626 -2.602027,43.229825,923.409 -2.601986,43.229816,923.290 -2.601944,43.229808,923.041 -2.601900,43.229800,923.066 -2.601853,43.229786,923.028 -2.601803,43.229774,922.869 -2.601748,43.229759,922.630 -2.601700,43.229743,922.472 -2.601650,43.229723,922.044 -2.601606,43.229705,921.896 -2.601559,43.229687,921.876 -2.601509,43.229669,922.090 -2.601466,43.229651,922.019 -2.601419,43.229631,922.209 -2.601369,43.229614,922.269 -2.601321,43.229595,922.270 -2.601269,43.229572,922.035 -2.601217,43.229547,922.057 -2.601160,43.229520,922.088 -2.601107,43.229494,922.059 -2.601054,43.229464,921.881 -2.600996,43.229434,921.823 -2.600934,43.229406,921.675 -2.600875,43.229378,921.426 -2.600815,43.229346,921.047 -2.600762,43.229308,921.011 -2.600704,43.229281,921.009 -2.600640,43.229252,921.084 -2.600578,43.229220,921.055 -2.600521,43.229186,920.640 -2.600459,43.229160,920.042 -2.600400,43.229131,919.653 -2.600358,43.229100,919.024 -2.600308,43.229065,918.826 -2.600257,43.229041,919.078 -2.600206,43.229020,918.860 -2.600152,43.229002,918.831 -2.600101,43.228990,919.061 -2.600057,43.228977,919.007 -2.600017,43.228967,919.209 -2.599972,43.228959,919.685 -2.599927,43.228953,920.286 -2.599890,43.228948,920.651 -2.599857,43.228941,921.013 -2.599822,43.228934,921.214 -2.599791,43.228926,921.485 -2.599761,43.228915,921.467 -2.599737,43.228903,921.449 -2.599710,43.228896,921.681 -2.599682,43.228884,921.815 -2.599656,43.228882,922.265 -2.599632,43.228875,922.611 -2.599602,43.228869,923.209 -2.599572,43.228862,923.663 -2.599541,43.228855,923.814 -2.599516,43.228852,924.019 -2.599487,43.228846,924.031 -2.599458,43.228841,924.212 -2.599430,43.228834,924.423 -2.599402,43.228826,924.695 -2.599373,43.228816,924.877 -2.599346,43.228808,925.019 -2.599313,43.228807,925.488 -2.599289,43.228805,925.624 -2.599258,43.228797,925.826 -2.599231,43.228790,926.009 -2.599202,43.228783,926.250 -2.599174,43.228777,926.491 -2.599146,43.228768,926.666 -2.599123,43.228760,927.028 -2.599096,43.228752,927.279 -2.599070,43.228746,927.620 -2.599046,43.228742,928.062 -2.599019,43.228736,928.474 -2.598998,43.228728,928.646 -2.598979,43.228722,929.043 -2.598955,43.228716,929.264 -2.598935,43.228708,929.410 -2.598911,43.228701,929.609 -2.598889,43.228698,929.866 -2.598861,43.228694,930.077 -2.598836,43.228689,930.452 -2.598813,43.228682,930.694 -2.598795,43.228674,930.885 -2.598770,43.228666,931.096 -2.598749,43.228658,931.288 -2.598722,43.228653,931.650 -2.598699,43.228647,931.822 -2.598677,43.228642,932.299 -2.598659,43.228637,932.407 -2.598639,43.228629,932.827 -2.598616,43.228621,933.009 -2.598591,43.228617,933.241 -2.598568,43.228613,933.672 -2.598541,43.228606,934.027 -2.598519,43.228600,934.429 -2.598497,43.228595,934.660 -2.598474,43.228592,934.651 -2.598455,43.228586,934.643 -2.598437,43.228579,934.615 -2.598415,43.228568,934.857 -2.598399,43.228556,935.478 -2.598383,43.228550,936.033 -2.598358,43.228545,936.626 -2.598334,43.228541,936.809 -2.598312,43.228536,937.229 -2.598287,43.228528,937.430 -2.598264,43.228520,937.615 -2.598241,43.228513,937.867 -2.598221,43.228508,938.058 -2.598199,43.228502,938.479 -2.598179,43.228494,938.691 -2.598160,43.228484,939.023 -2.598141,43.228476,939.285 -2.598119,43.228467,939.638 -2.598101,43.228460,940.070 -2.598082,43.228454,940.217 -2.598062,43.228449,940.609 -2.598046,43.228437,941.075 -2.598025,43.228433,941.426 -2.598007,43.228427,941.611 -2.597990,43.228420,942.043 -2.597968,43.228409,942.294 -2.597946,43.228400,942.485 -2.597922,43.228393,942.687 -2.597903,43.228385,943.069 -2.597877,43.228379,943.471 -2.597857,43.228379,943.696 -2.597837,43.228375,943.631 -2.597816,43.228370,943.824 -2.597793,43.228365,944.009 -2.597773,43.228359,944.261 -2.597754,43.228354,944.692 -2.597735,43.228349,945.027 -2.597713,43.228341,945.249 -2.597693,43.228334,945.240 -2.597675,43.228326,945.421 -2.597655,43.228319,945.673 -2.597627,43.228312,945.845 -2.597605,43.228306,946.247 -2.597582,43.228302,946.456 -2.597559,43.228298,946.859 -2.597540,43.228294,947.014 -2.597522,43.228287,947.209 -2.597504,43.228279,947.487 -2.597489,43.228272,947.618 -2.597469,43.228261,948.023 -2.597448,43.228257,948.285 -2.597425,43.228250,948.486 -2.597407,43.228245,948.677 -2.597383,43.228239,948.859 -2.597360,43.228239,949.011 -2.597338,43.228235,949.273 -2.597320,43.228233,949.479 -2.597295,43.228227,950.005 -2.597279,43.228217,950.425 -2.597251,43.228213,950.809 -2.597232,43.228208,951.099 -2.597214,43.228202,951.020 -2.597190,43.228195,951.225 -2.597174,43.228188,951.467 -2.597155,43.228182,951.478 -2.597131,43.228179,951.899 -2.597110,43.228172,952.051 -2.597090,43.228166,952.233 -2.597066,43.228159,952.645 -2.597049,43.228156,952.852 -2.597030,43.228154,952.853 -2.597006,43.228150,953.008 -2.596982,43.228147,953.409 -2.596960,43.228143,953.637 -2.596941,43.228139,953.818 -2.596918,43.228136,954.053 -2.596896,43.228127,954.425 -2.596872,43.228126,954.886 -2.596854,43.228130,955.687 -2.596826,43.228128,956.059 -2.596802,43.228122,956.241 -2.596781,43.228116,956.283 -2.596762,43.228110,956.258 -2.596743,43.228109,956.452 -2.596720,43.228106,956.617 -2.596700,43.228100,957.009 -2.596682,43.228093,957.297 -2.596665,43.228089,957.228 -2.596642,43.228084,957.423 -2.596620,43.228080,957.895 -2.596598,43.228080,958.276 -2.596572,43.228081,958.677 -2.596551,43.228074,959.059 -2.596535,43.228065,959.281 -2.596521,43.228061,959.413 -2.596497,43.228056,959.622 -2.596474,43.228053,960.062 -2.596450,43.228049,960.208 -2.596432,43.228046,960.609 -2.596404,43.228037,960.874 -2.596381,43.228035,961.025 -2.596366,43.228034,961.280 -2.596346,43.228028,961.432 -2.596331,43.228022,961.653 -2.596308,43.228018,961.884 -2.596281,43.228011,961.826 -2.596254,43.228005,962.098 -2.596234,43.228001,962.250 -2.596218,43.228001,962.684 -2.596194,43.228000,962.807 -2.596174,43.227998,963.217 -2.596152,43.227996,963.609 -2.596133,43.227994,963.690 -2.596113,43.227991,963.841 -2.596088,43.227987,964.016 -2.596067,43.227985,964.048 -2.596045,43.227982,964.499 -2.596023,43.227976,964.880 -2.596001,43.227969,964.872 -2.595983,43.227966,965.084 -2.595963,43.227965,965.296 -2.595941,43.227964,965.462 -2.595918,43.227961,965.683 -2.595892,43.227956,965.811 -2.595869,43.227947,966.009 -2.595851,43.227942,966.238 -2.595830,43.227937,966.459 -2.595812,43.227933,966.624 -2.595794,43.227929,966.876 -2.595769,43.227923,967.017 -2.595748,43.227920,967.238 -2.595727,43.227917,967.470 -2.595706,43.227913,967.642 -2.595684,43.227910,968.014 -2.595665,43.227908,968.415 -2.595641,43.227902,968.865 -2.595622,43.227893,969.011 -2.595598,43.227887,969.609 -2.595575,43.227882,970.083 -2.595555,43.227879,970.294 -2.595538,43.227875,970.499 -2.595518,43.227867,970.691 -2.595497,43.227863,970.632 -2.595474,43.227860,970.853 -2.595450,43.227858,970.875 -2.595429,43.227859,971.287 -2.595411,43.227855,971.479 -2.595383,43.227852,971.629 -2.595359,43.227844,971.800 -2.595343,43.227835,972.020 -2.595328,43.227830,972.209 -2.595306,43.227827,972.424 -2.595278,43.227824,972.695 -2.595257,43.227819,972.860 -2.595236,43.227816,973.092 -2.595215,43.227812,973.233 -2.595195,43.227806,973.444 -2.595175,43.227799,973.626 -2.595153,43.227790,973.818 -2.595139,43.227789,974.080 -2.595120,43.227787,974.241 -2.595095,43.227783,974.481 -2.595075,43.227777,974.609 -2.595055,43.227772,974.809 -2.595033,43.227768,975.016 -2.595008,43.227761,975.477 -2.594987,43.227759,975.652 -2.594962,43.227757,976.034 -2.594939,43.227753,976.275 -2.594918,43.227750,976.686 -2.594897,43.227747,976.878 -2.594873,43.227740,977.260 -2.594851,43.227731,977.412 -2.594836,43.227723,977.673 -2.594816,43.227718,978.085 -2.594793,43.227715,978.413 -2.594772,43.227709,978.609 -2.594747,43.227703,978.899 -2.594720,43.227698,979.020 -2.594696,43.227692,979.285 -2.594676,43.227687,979.287 -2.594656,43.227683,979.498 -2.594638,43.227681,979.619 -2.594610,43.227672,979.851 -2.594591,43.227667,980.053 -2.594573,43.227664,979.845 -2.594553,43.227661,980.029 -2.594532,43.227658,980.000 -2.594512,43.227659,980.220 -2.594486,43.227654,980.609 -2.594467,43.227650,981.064 -2.594449,43.227643,981.485 -2.594432,43.227639,981.630 -2.594413,43.227634,981.822 -2.594398,43.227627,981.893 -2.594387,43.227623,981.844 -2.594365,43.227618,982.026 -2.594342,43.227615,982.058 -2.594325,43.227615,982.210 -2.594310,43.227614,982.496 -2.594292,43.227611,982.631 -2.594271,43.227601,983.024 -2.594252,43.227597,983.209 -2.594237,43.227596,983.281 -2.594219,43.227591,983.472 -2.594201,43.227582,983.627 -2.594181,43.227577,984.019 -2.594162,43.227573,984.240 -2.594140,43.227573,984.611 -2.594118,43.227572,984.813 -2.594097,43.227568,985.015 -2.594082,43.227559,985.287 -2.594064,43.227551,985.292 -2.594041,43.227547,985.673 -2.594022,43.227546,985.820 -2.593999,43.227548,986.209 -2.593987,43.227555,986.681 -2.593971,43.227564,986.892 -2.593959,43.227577,986.887 -2.593948,43.227589,987.049 -2.593940,43.227602,987.010 -2.593945,43.227616,986.811 -2.593957,43.227630,987.013 -2.593973,43.227642,986.825 -2.593984,43.227656,986.837 -2.594001,43.227671,987.028 -2.594019,43.227682,987.289 -2.594039,43.227688,987.417 -2.594058,43.227699,987.609 -2.594071,43.227711,988.064 -2.594087,43.227716,988.265 -2.594105,43.227726,988.630 -2.594125,43.227731,989.022 -2.594142,43.227745,989.623 -2.594155,43.227756,990.074 -2.594170,43.227765,990.446 -2.594186,43.227776,990.848 -2.594202,43.227795,991.020 -2.594215,43.227805,991.233 -2.594232,43.227814,991.423 -2.594245,43.227824,991.615 -2.594258,43.227835,992.009 -2.594274,43.227845,992.225 -2.594295,43.227857,992.466 -2.594315,43.227866,992.621 -2.594334,43.227880,993.053 -2.594347,43.227894,993.284 -2.594364,43.227910,993.445 -2.594377,43.227921,993.877 -2.594389,43.227935,994.079 -2.594406,43.227952,994.271 -2.594421,43.227963,994.683 -2.594436,43.227976,994.825 -2.594452,43.227987,995.217 -2.594468,43.228001,995.409 -2.594481,43.228013,995.860 -2.594494,43.228023,996.221 -2.594510,43.228035,996.416 -2.594527,43.228051,996.828 -2.594539,43.228065,997.059 -2.594555,43.228080,997.050 -2.594569,43.228092,997.072 -2.594584,43.228105,997.084 -2.594602,43.228119,997.286 -2.594619,43.228133,997.652 -2.594641,43.228148,998.053 -2.594659,43.228159,998.808 -2.594675,43.228168,999.009 -2.594692,43.228178,999.217 -2.594704,43.228190,999.498 -2.594718,43.228203,999.873 -2.594735,43.228212,1000.495 -2.594751,43.228225,1001.286 -2.594764,43.228238,1001.687 -2.594769,43.228259,1002.229 -2.594766,43.228277,1002.411 -2.594753,43.228295,1002.673 -2.594738,43.228311,1002.493 -2.594714,43.228321,1002.465 -2.594692,43.228333,1002.621 -2.594670,43.228339,1003.009 -2.594641,43.228343,1003.291 -2.594615,43.228343,1003.452 -2.594588,43.228341,1003.657 -2.594569,43.228337,1003.629 -2.594547,43.228334,1003.840 -2.594525,43.228333,1004.221 -2.594497,43.228329,1004.863 -2.594472,43.228325,1005.425 -2.594450,43.228320,1005.627 -2.594426,43.228314,1005.873 -2.594404,43.228307,1005.885 -2.594379,43.228299,1005.813 -2.594352,43.228295,1005.809 -2.594326,43.228293,1005.839 -2.594298,43.228289,1006.020 -2.594271,43.228282,1006.425 -2.594250,43.228274,1006.637 -2.594222,43.228264,1007.078 -2.594199,43.228256,1007.699 -2.594176,43.228250,1007.661 -2.594153,43.228244,1008.043 -2.594133,43.228235,1008.095 -2.594104,43.228222,1008.225 -2.594079,43.228214,1008.826 -2.594053,43.228206,1009.408 -2.594027,43.228205,1010.209 -2.594002,43.228198,1010.694 -2.593975,43.228191,1010.625 -2.593948,43.228185,1010.210 -2.593918,43.228177,1010.272 -2.593890,43.228169,1010.213 -2.593868,43.228165,1009.844 -2.593852,43.228157,1009.886 -2.593827,43.228148,1009.888 -2.593805,43.228140,1010.050 -2.593781,43.228133,1010.067 -2.593751,43.228124,1010.281 -2.593727,43.228116,1010.619 -2.593700,43.228107,1011.009 -2.593676,43.228097,1011.498 -2.593654,43.228085,1012.059 -2.593637,43.228076,1012.634 -2.593619,43.228075,1013.036 -2.593598,43.228067,1013.467 -2.593572,43.228057,1013.228 -2.593549,43.228049,1013.030 -2.593528,43.228036,1012.862 -2.593515,43.228024,1012.674 -2.593499,43.228015,1012.264 -2.593489,43.228006,1012.606 -2.593479,43.228002,1013.616 -2.593461,43.227996,1014.009 -2.593442,43.227987,1014.828 -2.593435,43.227978,1015.269 -2.593433,43.227981,1015.234 -2.593438,43.227982,1015.086 -2.593439,43.227980,1015.027 -2.593438,43.227980,1014.898 -2.593438,43.227980,1014.690 -2.593438,43.227980,1014.462 -2.593438,43.227980,1014.444 -2.593437,43.227980,1014.257 -2.593436,43.227978,1013.800 -2.593438,43.227980,1013.620 -2.593438,43.227980,1013.209 -2.593438,43.227980,1012.877 -2.593438,43.227980,1012.458 -2.593438,43.227976,1012.023 -2.593422,43.227969,1011.675 -2.593407,43.227965,1011.086 -2.593395,43.227956,1010.497 -2.593385,43.227947,1010.019 -2.593370,43.227936,1009.881 -2.593355,43.227922,1009.843 -2.593336,43.227909,1009.087 -2.593318,43.227899,1008.642 -2.593300,43.227887,1009.826 -2.593281,43.227876,1011.209 -2.593257,43.227864,1012.620 -2.593235,43.227851,1013.861 -2.593211,43.227839,1015.216 -2.593186,43.227827,1016.488 -2.593161,43.227816,1017.099 -2.593137,43.227810,1017.440 -2.593109,43.227801,1017.872 -2.593081,43.227794,1018.234 -2.593057,43.227787,1019.026 -2.593032,43.227779,1019.836 -2.593011,43.227769,1020.017 -2.592991,43.227759,1020.018 -2.592966,43.227751,1020.209 -2.592938,43.227750,1020.255 -2.592914,43.227742,1018.476 -2.592891,43.227738,1017.421 -2.592870,43.227733,1017.233 -2.592839,43.227728,1017.274 -2.592814,43.227726,1017.215 -2.592777,43.227720,1017.087 -2.592742,43.227717,1017.229 -2.592713,43.227713,1017.471 -2.592678,43.227706,1017.828 -2.592654,43.227701,1018.289 -2.592626,43.227695,1019.217 -2.592594,43.227689,1019.409 -2.592574,43.227682,1019.644 -2.592548,43.227673,1019.845 -2.592521,43.227664,1019.450 -2.592494,43.227658,1019.062 -2.592468,43.227653,1018.013 -2.592438,43.227649,1017.844 -2.592410,43.227645,1017.896 -2.592384,43.227641,1017.428 -2.592356,43.227634,1017.470 -2.592328,43.227626,1017.675 -2.592306,43.227619,1018.028 -2.592277,43.227612,1018.420 -2.592246,43.227607,1019.009 -2.592218,43.227604,1019.479 -2.592186,43.227597,1019.870 -2.592161,43.227592,1019.835 -2.592136,43.227584,1019.877 -2.592108,43.227573,1020.068 -2.592081,43.227563,1020.059 -2.592051,43.227552,1019.841 -2.592025,43.227543,1019.833 -2.592001,43.227536,1020.035 -2.591973,43.227531,1020.697 -2.591955,43.227524,1021.023 -2.591928,43.227522,1021.625 -2.591904,43.227523,1022.609 -2.591882,43.227528,1023.011 -2.591856,43.227537,1023.292 -2.591840,43.227544,1023.257 -2.591817,43.227547,1023.439 -2.591800,43.227544,1023.420 -2.591783,43.227540,1023.691 -2.591759,43.227536,1024.053 -2.591740,43.227534,1024.415 -2.591736,43.227531,1024.827 -2.591730,43.227525,1025.412 -2.591731,43.227525,1025.632 -2.591731,43.227526,1025.805 -2.591731,43.227526,1025.809 -2.591732,43.227526,1026.063 -2.591750,43.227544,1026.044 -2.591737,43.227545,1024.689 -2.591727,43.227542,1023.281 -2.591723,43.227545,1021.672 -2.591724,43.227547,1020.263 -2.591724,43.227547,1018.875 -2.591724,43.227547,1018.837 -2.591724,43.227547,1019.859 -2.591724,43.227547,1020.625 -2.591724,43.227547,1021.626 -2.591724,43.227547,1022.408 -2.591724,43.227547,1023.409 -2.591724,43.227547,1023.674 -2.591724,43.227547,1023.695 -2.591724,43.227547,1023.840 -2.591724,43.227547,1023.822 -2.591724,43.227547,1023.893 -2.591724,43.227547,1023.814 -2.591724,43.227547,1023.666 -2.591724,43.227547,1023.658 -2.591724,43.227547,1023.420 -2.591724,43.227547,1023.465 -2.591724,43.227547,1023.468 -2.591724,43.227547,1023.414 -2.591724,43.227547,1023.409 -2.591724,43.227547,1023.478 -2.591724,43.227547,1023.479 -2.591724,43.227547,1023.634 -2.591724,43.227547,1023.646 -2.591724,43.227547,1023.837 -2.591723,43.227543,1023.858 -2.591721,43.227530,1023.870 -2.591719,43.227524,1024.052 -2.591711,43.227526,1024.064 -2.591711,43.227526,1024.232 -2.591711,43.227516,1024.292 -2.591713,43.227513,1024.211 -2.591715,43.227513,1024.009 -2.591715,43.227513,1023.485 -2.591715,43.227513,1023.236 -2.591715,43.227513,1023.081 -2.591715,43.227513,1021.423 -2.591715,43.227513,1021.044 -2.591715,43.227513,1020.415 -2.591715,43.227513,1020.217 -2.591715,43.227513,1020.029 -2.591715,43.227513,1019.851 -2.591715,43.227513,1019.611 -2.591715,43.227513,1019.621 -2.591715,43.227513,1019.603 -2.591715,43.227513,1019.609 -2.591715,43.227513,1019.623 -2.591715,43.227513,1019.654 -2.591718,43.227516,1019.839 -2.591715,43.227513,1020.021 -2.591715,43.227513,1020.222 -2.591715,43.227513,1020.253 -2.591715,43.227513,1020.055 -2.591715,43.227513,1019.697 -2.591724,43.227526,1019.499 -2.591724,43.227526,1019.419 -2.591724,43.227526,1019.609 -2.591724,43.227526,1019.819 -2.591724,43.227526,1020.009 -2.591724,43.227526,1020.063 -2.591724,43.227527,1020.294 -2.591739,43.227534,1020.449 -2.591736,43.227530,1020.221 -2.591736,43.227532,1020.862 -2.591724,43.227526,1021.473 -2.591724,43.227526,1022.065 -2.591724,43.227526,1022.627 -2.591724,43.227526,1023.059 -2.591724,43.227526,1023.622 -2.591724,43.227526,1024.062 -2.591724,43.227526,1024.408 -2.591724,43.227526,1023.809 -2.591724,43.227526,1024.024 -2.591724,43.227526,1024.045 -2.591724,43.227526,1024.230 -2.591740,43.227527,1024.212 -2.591746,43.227528,1024.493 -2.591751,43.227533,1024.634 -2.591751,43.227533,1024.616 -2.591742,43.227540,1024.628 -2.591727,43.227552,1024.850 -2.591712,43.227565,1024.678 -2.591692,43.227577,1024.633 -2.591666,43.227586,1024.426 -2.591644,43.227585,1024.209 -2.591636,43.227581,1024.099 -2.591625,43.227584,1023.850 -2.591621,43.227586,1023.665 -2.591611,43.227588,1023.427 -2.591596,43.227586,1023.448 -2.591580,43.227582,1023.489 -2.591578,43.227579,1023.441 -2.591578,43.227579,1023.643 -2.591578,43.227579,1023.655 -2.591577,43.227578,1022.634 -2.591571,43.227569,1021.655 -2.591567,43.227554,1020.610 -2.591565,43.227541,1019.409 -2.591569,43.227532,1018.445 -2.591566,43.227525,1017.436 -2.591574,43.227515,1017.231 -2.591588,43.227508,1017.013 -2.591594,43.227500,1016.684 -2.591593,43.227495,1016.475 -2.591586,43.227494,1016.287 -2.591586,43.227494,1016.049 -2.591580,43.227483,1015.871 -2.591571,43.227474,1015.836 -2.591560,43.227471,1015.817 -2.591545,43.227463,1015.618 -2.591530,43.227453,1015.409 -2.591515,43.227439,1015.235 -2.591506,43.227426,1014.846 -2.591506,43.227413,1014.611 -2.591503,43.227403,1014.013 -2.591495,43.227391,1013.254 -2.591492,43.227383,1013.065 -2.591485,43.227379,1012.617 -2.591473,43.227374,1012.619 -2.591454,43.227371,1012.691 -2.591441,43.227367,1012.693 -2.591429,43.227363,1012.465 -2.591417,43.227356,1012.421 -2.591413,43.227349,1012.009 -2.591413,43.227340,1011.811 -2.591411,43.227333,1011.452 -2.591411,43.227329,1011.037 -2.591405,43.227320,1010.689 -2.591404,43.227314,1010.260 -2.591403,43.227311,1009.621 -2.591402,43.227308,1009.293 -2.591400,43.227300,1008.615 -2.591399,43.227293,1008.467 -2.591397,43.227286,1008.093 -2.591399,43.227275,1007.865 -2.591397,43.227263,1007.421 -2.591397,43.227261,1007.209 -2.591391,43.227255,1006.831 -2.591388,43.227254,1006.662 -2.591384,43.227251,1006.277 -2.591378,43.227250,1006.479 -2.591364,43.227244,1006.490 -2.591354,43.227242,1006.251 -2.591343,43.227242,1006.073 -2.591326,43.227240,1006.015 -2.591309,43.227232,1005.627 -2.591292,43.227224,1005.442 -2.591278,43.227219,1004.822 -2.591264,43.227216,1004.414 -2.591250,43.227212,1003.809 -2.591227,43.227206,1003.446 -2.591205,43.227200,1003.277 -2.591188,43.227191,1003.032 -2.591178,43.227181,1002.614 -2.591174,43.227169,1002.255 -2.591168,43.227161,1001.496 -2.591161,43.227158,1000.458 -2.591149,43.227153,1000.040 -2.591129,43.227149,999.892 -2.591112,43.227140,999.897 -2.591109,43.227133,999.623 -2.591112,43.227122,999.425 -2.591119,43.227112,999.009 -2.591133,43.227109,998.671 -2.591142,43.227103,998.062 -2.591152,43.227099,997.437 -2.591158,43.227095,997.039 -2.591166,43.227087,996.660 -2.591174,43.227080,996.491 -2.591178,43.227072,996.273 -2.591181,43.227061,996.045 -2.591189,43.227048,995.687 -2.591198,43.227037,995.253 -2.591204,43.227028,994.804 -2.591207,43.227017,994.614 -2.591208,43.227004,994.209 -2.591208,43.226991,993.857 -2.591205,43.226975,993.628 -2.591195,43.226954,993.443 -2.591177,43.226936,993.245 -2.591154,43.226917,993.056 -2.591129,43.226903,992.697 -2.591105,43.226892,992.269 -2.591079,43.226885,992.221 -2.591056,43.226883,992.273 -2.591040,43.226885,992.295 -2.591027,43.226889,992.649 -2.591006,43.226885,992.823 -2.590991,43.226879,992.809 -2.590978,43.226877,993.061 -2.590961,43.226881,992.852 -2.590946,43.226876,992.857 -2.590927,43.226868,992.659 -2.590917,43.226857,992.420 -2.590910,43.226846,992.221 -2.590912,43.226837,992.073 -2.590910,43.226832,992.025 -2.590905,43.226826,991.847 -2.590897,43.226814,991.858 -2.590894,43.226811,991.652 -2.590885,43.226807,991.417 -2.590875,43.226803,991.209 -2.590865,43.226799,991.037 -2.590853,43.226794,990.838 -2.590848,43.226788,990.833 -2.590835,43.226779,990.625 -2.590827,43.226767,990.276 -2.590816,43.226757,990.057 -2.590805,43.226746,990.299 -2.590792,43.226733,990.231 -2.590782,43.226720,990.243 -2.590775,43.226709,990.067 -2.590773,43.226697,989.881 -2.590774,43.226683,989.219 -2.590773,43.226669,989.009 -2.590768,43.226657,988.698 -2.590763,43.226648,988.439 -2.590757,43.226640,988.264 -2.590756,43.226629,988.026 -2.590755,43.226615,987.857 -2.590750,43.226604,987.658 -2.590749,43.226590,987.450 -2.590752,43.226582,986.882 -2.590752,43.226577,986.484 -2.590758,43.226572,985.834 -2.590759,43.226565,985.655 -2.590761,43.226559,985.410 -2.590761,43.226554,985.209 -2.590755,43.226546,985.265 -2.590750,43.226533,985.016 -2.590741,43.226521,984.871 -2.590726,43.226509,984.613 -2.590715,43.226505,984.664 -2.590701,43.226501,984.825 -2.590685,43.226496,984.617 -2.590671,43.226488,984.689 -2.590660,43.226476,984.491 -2.590650,43.226467,984.047 -2.590639,43.226458,983.829 -2.590630,43.226455,983.421 -2.590623,43.226452,982.809 -2.590611,43.226450,982.636 -2.590595,43.226447,982.287 -2.590576,43.226443,982.052 -2.590559,43.226436,981.654 -2.590545,43.226428,981.235 -2.590534,43.226423,980.866 -2.590525,43.226421,980.698 -2.590517,43.226419,980.230 -2.590506,43.226414,979.872 -2.590499,43.226409,979.665 -2.590493,43.226405,979.468 -2.590480,43.226400,979.214 -2.590472,43.226399,978.809 -2.590467,43.226398,978.688 -2.590465,43.226399,978.289 -2.590461,43.226397,978.094 -2.590457,43.226394,977.826 -2.590443,43.226389,977.657 -2.590433,43.226384,977.448 -2.590429,43.226383,977.290 -2.590421,43.226379,976.892 -2.590411,43.226374,976.684 -2.590404,43.226371,976.231 -2.590392,43.226366,976.061 -2.590384,43.226362,975.607 -2.590380,43.226360,975.209 -2.590375,43.226359,974.845 -2.590365,43.226354,974.446 -2.590353,43.226347,974.481 -2.590345,43.226344,974.063 -2.590331,43.226339,974.094 -2.590313,43.226332,973.895 -2.590299,43.226324,973.627 -2.590290,43.226319,973.069 -2.590295,43.226316,972.661 -2.590294,43.226317,972.437 -2.590294,43.226317,972.249 -2.590295,43.226317,972.013 -2.590300,43.226308,972.009 -2.590300,43.226293,971.835 -2.590297,43.226280,971.696 -2.590295,43.226269,971.071 -2.590295,43.226256,970.843 -2.590288,43.226247,970.074 -2.590278,43.226240,970.075 -2.590268,43.226233,969.887 -2.590259,43.226229,970.039 -2.590249,43.226225,970.011 -2.590247,43.226224,970.031 -2.590247,43.226224,970.061 -2.590247,43.226224,970.007 -2.590247,43.226224,969.809 -2.590247,43.226225,969.895 -2.590225,43.226222,969.676 -2.590188,43.226216,969.651 -2.590150,43.226203,969.653 -2.590116,43.226189,969.484 -2.590086,43.226165,969.045 -2.590048,43.226136,968.657 -2.590007,43.226102,968.099 -2.589965,43.226069,967.881 -2.589916,43.226038,967.877 -2.589873,43.226012,967.261 -2.589833,43.225984,967.427 -2.589780,43.225958,967.209 -2.589734,43.225932,966.299 -2.589713,43.225906,965.450 -2.589700,43.225889,965.085 -2.589687,43.225872,964.877 -2.589680,43.225856,964.428 -2.589671,43.225835,964.219 -2.589668,43.225813,964.041 -2.589668,43.225780,963.823 -2.589663,43.225757,963.835 -2.589659,43.225730,963.686 -2.589657,43.225699,963.460 -2.589657,43.225667,963.026 -2.589651,43.225635,962.409 -2.589642,43.225607,962.080 -2.589635,43.225581,961.621 -2.589622,43.225552,961.476 -2.589607,43.225525,961.438 -2.589590,43.225498,961.869 -2.589579,43.225477,962.060 -2.589563,43.225461,962.482 -2.589543,43.225446,962.654 -2.589525,43.225432,962.696 -2.589499,43.225421,962.836 -2.589476,43.225410,962.817 -2.589462,43.225396,963.018 -2.589439,43.225387,963.209 -2.589414,43.225368,963.485 -2.589393,43.225354,963.836 -2.589370,43.225336,964.231 -2.589353,43.225322,964.683 -2.589334,43.225306,965.044 -2.589312,43.225289,965.245 -2.589297,43.225273,965.477 -2.589282,43.225255,965.439 -2.589266,43.225237,965.221 -2.589247,43.225220,965.254 -2.589229,43.225204,965.256 -2.589208,43.225191,965.211 -2.589191,43.225171,965.609 -2.589172,43.225150,966.627 -2.589145,43.225127,966.888 -2.589121,43.225100,967.253 -2.589101,43.225078,966.495 -2.589074,43.225052,965.646 -2.589038,43.225031,965.257 -2.589002,43.225006,963.859 -2.588970,43.224981,963.831 -2.588941,43.224956,964.273 -2.588912,43.224925,964.421 -2.588882,43.224896,964.641 -2.588847,43.224872,964.405 -2.588809,43.224850,964.409 -2.588773,43.224826,964.644 -2.588742,43.224803,964.615 -2.588713,43.224783,964.640 -2.588683,43.224762,964.472 -2.588648,43.224741,964.053 -2.588622,43.224717,963.434 -2.588593,43.224693,963.036 -2.588564,43.224673,962.868 -2.588524,43.224656,963.040 -2.588497,43.224634,963.474 -2.588474,43.224608,964.256 -2.588447,43.224585,966.421 -2.588419,43.224559,966.609 -2.588392,43.224529,966.899 -2.588368,43.224501,967.070 -2.588343,43.224469,965.855 -2.588318,43.224435,964.887 -2.588290,43.224402,963.678 -2.588266,43.224368,963.269 -2.588243,43.224334,963.271 -2.588218,43.224302,964.053 -2.588194,43.224270,964.455 -2.588171,43.224237,964.873 -2.588152,43.224205,965.285 -2.588133,43.224171,965.213 -2.588110,43.224138,965.209 -2.588088,43.224102,965.029 -2.588062,43.224064,964.630 -2.588039,43.224028,964.485 -2.588014,43.223991,964.217 -2.587979,43.223959,963.868 -2.587938,43.223924,963.499 -2.587889,43.223894,964.221 -2.587839,43.223868,964.843 -2.587786,43.223844,965.085 -2.587733,43.223821,965.218 -2.587680,43.223795,965.298 -2.587629,43.223765,965.217 -2.587578,43.223737,965.409 -2.587523,43.223707,965.633 -2.587472,43.223677,965.874 -2.587416,43.223651,965.689 -2.587353,43.223624,965.231 -2.587290,43.223595,964.652 -2.587229,43.223568,963.423 -2.587161,43.223538,963.225 -2.587085,43.223502,963.417 -2.587008,43.223461,963.449 -2.586928,43.223419,963.228 -2.586842,43.223381,963.689 -2.586754,43.223335,963.217 -2.586661,43.223288,961.209 -2.586569,43.223240,958.214 -2.586480,43.223195,956.075 -2.586400,43.223150,953.090 -2.586329,43.223103,952.092 -2.586254,43.223060,952.293 -2.586165,43.223013,951.434 -2.586080,43.222970,951.436 -2.585997,43.222922,950.478 -2.585912,43.222878,949.080 -2.585824,43.222835,948.848 -2.585744,43.222789,948.661 -2.585679,43.222737,947.617 -2.585626,43.222688,946.609 -2.585585,43.222635,945.486 -2.585549,43.222580,943.887 -2.585517,43.222523,941.662 -2.585494,43.222459,939.634 -2.585474,43.222400,938.885 -2.585459,43.222343,938.266 -2.585428,43.222286,937.628 -2.585379,43.222229,938.680 -2.585318,43.222175,939.282 -2.585250,43.222126,938.837 -2.585176,43.222082,937.649 -2.585088,43.222036,935.613 -2.584996,43.221993,934.609 -2.584901,43.221946,933.845 -2.584801,43.221903,933.046 -2.584700,43.221867,932.281 -2.584594,43.221836,931.493 -2.584486,43.221805,930.054 -2.584384,43.221773,929.815 -2.584285,43.221734,929.677 -2.584188,43.221689,929.669 -2.584102,43.221653,929.851 -2.584008,43.221609,929.855 -2.583921,43.221566,929.807 -2.583836,43.221525,929.217 -2.583754,43.221483,928.609 -2.583674,43.221440,927.667 -2.583586,43.221396,927.668 -2.583507,43.221353,927.233 -2.583433,43.221307,927.485 -2.583365,43.221266,927.496 -2.583302,43.221222,927.887 -2.583242,43.221187,928.079 -2.583178,43.221157,929.431 -2.583111,43.221121,930.433 -2.583045,43.221089,930.642 -2.582987,43.221061,930.622 -2.582929,43.221033,930.614 -2.582872,43.221003,930.209 -2.582819,43.220969,930.276 -2.582772,43.220935,930.267 -2.582723,43.220902,930.462 -2.582679,43.220868,930.074 -2.582634,43.220832,929.885 -2.582584,43.220799,929.636 -2.582537,43.220765,929.438 -2.582483,43.220731,929.630 -2.582430,43.220692,929.892 -2.582385,43.220655,930.241 -2.582341,43.220619,930.081 -2.582291,43.220585,930.009 -2.582238,43.220552,930.009 -2.582181,43.220523,930.066 -2.582124,43.220499,929.847 -2.582061,43.220476,929.662 -2.582008,43.220442,929.474 -2.581961,43.220411,929.445 -2.581911,43.220380,929.646 -2.581865,43.220352,929.818 -2.581818,43.220324,930.240 -2.581776,43.220288,930.272 -2.581735,43.220248,929.681 -2.581693,43.220207,929.261 -2.581654,43.220165,929.017 -2.581610,43.220123,928.609 -2.581567,43.220077,928.410 -2.581524,43.220024,928.471 -2.581474,43.219967,927.696 -2.581414,43.219910,926.888 -2.581347,43.219849,925.689 -2.581272,43.219783,923.470 -2.581185,43.219715,922.812 -2.581101,43.219646,920.664 -2.581010,43.219579,919.066 -2.580917,43.219516,917.444 -2.580817,43.219459,916.205 -2.580720,43.219406,913.615 -2.580619,43.219355,912.809 -2.580530,43.219294,912.036 -2.580451,43.219223,911.077 -2.580375,43.219144,909.262 -2.580297,43.219061,907.464 -2.580214,43.218980,904.415 -2.580139,43.218897,900.816 -2.580063,43.218811,896.268 -2.579988,43.218722,895.660 -2.579911,43.218631,894.642 -2.579832,43.218541,893.295 -2.579755,43.218451,891.849 -2.579679,43.218357,891.223 -2.579596,43.218266,890.409 -2.579514,43.218176,889.051 -2.579438,43.218087,888.012 -2.579362,43.218001,887.027 -2.579294,43.217913,886.459 -2.579231,43.217828,885.680 -2.579173,43.217745,885.221 -2.579117,43.217666,885.443 -2.579058,43.217594,886.065 -2.578997,43.217532,886.867 -2.578938,43.217480,887.065 -2.578888,43.217433,887.468 -2.578856,43.217381,887.614 -2.578841,43.217329,887.209 -2.578854,43.217280,886.078 -2.578889,43.217244,884.259 -2.578941,43.217224,883.474 -2.579007,43.217218,882.476 -2.579078,43.217215,881.487 -2.579158,43.217211,881.098 -2.579240,43.217217,880.670 -2.579332,43.217231,879.822 -2.579428,43.217256,878.874 -2.579521,43.217284,878.269 -2.579618,43.217317,877.404 -2.579724,43.217351,876.424 -2.579833,43.217393,874.809 -2.579953,43.217437,873.878 -2.580064,43.217478,870.839 -2.580167,43.217519,869.814 -2.580251,43.217561,868.676 -2.580325,43.217598,868.057 -2.580400,43.217621,867.628 -2.580477,43.217627,867.270 -2.580545,43.217608,866.482 -2.580591,43.217567,865.484 -2.580585,43.217517,864.628 -2.580563,43.217461,864.689 -2.580538,43.217409,865.417 -2.580510,43.217354,865.809 -2.580476,43.217293,866.234 -2.580452,43.217230,866.275 -2.580438,43.217169,866.220 -2.580424,43.217103,864.632 -2.580408,43.217036,863.013 -2.580398,43.216970,860.814 -2.580384,43.216902,859.696 -2.580368,43.216836,859.868 -2.580348,43.216769,860.280 -2.580336,43.216704,860.825 -2.580324,43.216638,860.826 -2.580306,43.216571,859.808 -2.580290,43.216504,858.409 -2.580272,43.216438,857.894 -2.580250,43.216369,857.235 -2.580221,43.216305,856.810 -2.580182,43.216244,856.692 -2.580137,43.216182,856.853 -2.580087,43.216123,856.834 -2.580037,43.216062,856.686 -2.579992,43.216002,856.268 -2.579945,43.215943,856.020 -2.579895,43.215887,855.437 -2.579842,43.215829,854.649 -2.579790,43.215774,854.613 -2.579736,43.215720,854.409 -2.579678,43.215668,853.875 -2.579621,43.215617,853.836 -2.579560,43.215566,853.641 -2.579496,43.215518,853.833 -2.579428,43.215470,853.434 -2.579352,43.215421,852.835 -2.579275,43.215374,852.477 -2.579189,43.215322,852.079 -2.579098,43.215268,849.841 -2.579004,43.215211,849.829 -2.578903,43.215165,848.800 -2.578789,43.215128,848.420 -2.578679,43.215105,848.209 -2.578574,43.215078,848.224 -2.578481,43.215048,846.875 -2.578404,43.214997,846.090 -2.578366,43.214938,845.422 -2.578357,43.214875,844.253 -2.578356,43.214804,843.654 -2.578377,43.214732,842.686 -2.578410,43.214659,841.678 -2.578439,43.214580,840.870 -2.578452,43.214505,839.823 -2.578441,43.214427,839.883 -2.578404,43.214355,839.211 -2.578343,43.214306,838.809 -2.578289,43.214261,839.224 -2.578251,43.214221,840.015 -2.578238,43.214187,840.410 -2.578230,43.214157,840.892 -2.578226,43.214135,841.223 -2.578217,43.214117,841.484 -2.578212,43.214096,841.836 -2.578214,43.214073,841.888 -2.578214,43.214052,842.040 -2.578221,43.214030,842.259 -2.578227,43.214007,842.603 -2.578236,43.213983,842.823 -2.578234,43.213959,843.009 -2.578234,43.213938,843.297 -2.578234,43.213913,843.248 -2.578229,43.213889,843.273 -2.578221,43.213865,843.285 -2.578221,43.213842,843.486 -2.578228,43.213818,843.497 -2.578234,43.213794,843.479 -2.578237,43.213767,843.461 -2.578237,43.213732,843.453 -2.578236,43.213705,843.421 -2.578228,43.213677,843.241 -2.578221,43.213647,843.405 -2.578209,43.213614,843.409 -2.578195,43.213580,843.634 -2.578179,43.213546,843.635 -2.578167,43.213512,843.680 -2.578157,43.213477,843.852 -2.578144,43.213442,843.863 -2.578132,43.213408,843.854 -2.578120,43.213376,844.036 -2.578101,43.213347,844.288 -2.578077,43.213317,844.460 -2.578052,43.213288,844.628 -2.578023,43.213261,844.889 -2.577995,43.213232,845.017 -2.577969,43.213204,845.209 -2.577948,43.213177,845.444 -2.577922,43.213151,845.435 -2.577890,43.213126,845.630 -2.577858,43.213103,845.692 -2.577822,43.213081,845.423 -2.577785,43.213058,845.424 -2.577749,43.213036,845.676 -2.577709,43.213007,845.478 -2.577671,43.212980,845.440 -2.577630,43.212950,845.423 -2.577592,43.212922,845.483 -2.577554,43.212893,845.611 -2.577516,43.212867,845.609 -2.577475,43.212839,845.834 -2.577436,43.212808,845.625 -2.577395,43.212778,845.640 -2.577349,43.212747,845.492 -2.577301,43.212715,845.483 -2.577252,43.212683,845.494 -2.577202,43.212650,845.216 -2.577149,43.212615,845.258 -2.577101,43.212581,844.860 -2.577058,43.212541,844.642 -2.577014,43.212503,844.422 -2.576963,43.212468,844.214 -2.576905,43.212434,844.009 -2.576853,43.212397,844.056 -2.576802,43.212358,843.667 -2.576751,43.212314,843.292 -2.576697,43.212270,843.084 -2.576644,43.212225,842.825 -2.576593,43.212180,842.886 -2.576541,43.212135,842.868 -2.576484,43.212091,842.810 -2.576422,43.212043,842.612 -2.576365,43.212000,842.428 -2.576308,43.211962,842.489 -2.576254,43.211928,842.817 -2.576201,43.211900,843.009 -2.576150,43.211873,843.264 -2.576103,43.211849,843.695 -2.576058,43.211826,843.860 -2.576020,43.211806,844.042 -2.575988,43.211787,844.283 -2.575962,43.211772,844.264 -2.575937,43.211758,844.456 -2.575909,43.211746,844.838 -2.575880,43.211735,845.270 -2.575856,43.211723,845.423 -2.575838,43.211711,845.683 -2.575817,43.211698,846.211 -2.575791,43.211687,846.409 -2.575764,43.211677,846.674 -2.575740,43.211669,846.695 -2.575713,43.211663,846.820 -2.575682,43.211658,847.072 -2.575655,43.211659,847.263 -2.575627,43.211659,847.484 -2.575606,43.211656,847.416 -2.575583,43.211652,847.648 -2.575556,43.211647,847.690 -2.575533,43.211637,847.881 -2.575504,43.211630,847.861 -2.575478,43.211628,848.017 -2.575460,43.211628,848.209 -2.575434,43.211625,848.480 -2.575412,43.211618,848.681 -2.575388,43.211608,848.866 -2.575356,43.211601,849.018 -2.575329,43.211598,849.269 -2.575302,43.211592,849.430 -2.575276,43.211585,849.662 -2.575251,43.211576,849.694 -2.575228,43.211568,849.826 -2.575209,43.211553,849.812 -2.575191,43.211536,849.832 -2.575175,43.211524,850.005 -2.575159,43.211509,850.009 -2.575138,43.211491,850.053 -2.575119,43.211476,850.014 -2.575097,43.211463,850.269 -2.575072,43.211451,850.221 -2.575053,43.211440,850.252 -2.575033,43.211431,850.463 -2.575012,43.211420,850.435 -2.574993,43.211411,850.677 -2.574970,43.211398,850.679 -2.574945,43.211390,850.881 -2.574919,43.211374,850.861 -2.574896,43.211363,850.817 -2.574873,43.211351,851.009 -2.574848,43.211338,851.220 -2.574825,43.211327,851.471 -2.574801,43.211313,851.476 -2.574779,43.211299,851.458 -2.574753,43.211284,851.499 -2.574733,43.211269,851.460 -2.574709,43.211256,851.662 -2.574683,43.211240,851.664 -2.574656,43.211228,852.096 -2.574626,43.211215,852.022 -2.574598,43.211201,852.262 -2.574566,43.211186,852.008 -2.574533,43.211169,852.009 -2.574495,43.211155,852.034 -2.574454,43.211143,852.285 -2.574409,43.211129,852.260 -2.574367,43.211121,852.432 -2.574330,43.211114,852.633 -2.574299,43.211107,852.854 -2.574259,43.211096,852.876 -2.574226,43.211090,853.098 -2.574189,43.211088,853.240 -2.574150,43.211087,853.433 -2.574106,43.211085,853.623 -2.574065,43.211079,853.615 -2.574027,43.211078,853.609 -2.573987,43.211076,853.885 -2.573944,43.211073,853.866 -2.573901,43.211069,853.891 -2.573860,43.211066,853.613 -2.573821,43.211071,853.674 -2.573786,43.211077,853.645 -2.573751,43.211079,853.637 -2.573709,43.211078,853.689 -2.573667,43.211078,853.611 -2.573619,43.211079,853.615 -2.573570,43.211080,853.465 -2.573521,43.211083,853.411 -2.573463,43.211082,853.409 -2.573404,43.211080,853.443 -2.573345,43.211080,853.474 -2.573288,43.211079,853.499 -2.573231,43.211079,853.211 -2.573174,43.211078,853.022 -2.573114,43.211078,852.863 -2.573055,43.211084,852.845 -2.572998,43.211088,852.887 -2.572948,43.211093,852.869 -2.572896,43.211094,853.061 -2.572849,43.211098,853.221 -2.572800,43.211105,853.213 -2.572753,43.211114,853.209 -2.572707,43.211127,853.068 -2.572657,43.211139,853.069 -2.572594,43.211149,852.824 -2.572529,43.211148,852.256 -2.572460,43.211158,851.847 -2.572383,43.211184,851.238 -2.572312,43.211224,850.890 -2.572233,43.211275,850.072 -2.572156,43.211334,848.494 -2.572075,43.211400,847.691 -2.571996,43.211471,846.481 -2.571908,43.211549,843.419 -2.571812,43.211629,841.609 -2.571710,43.211706,839.861 -2.571594,43.211776,839.022 -2.571469,43.211833,839.057 -2.571357,43.211886,838.499 -2.571243,43.211939,837.860 -2.571127,43.211991,837.621 -2.571022,43.212047,837.473 -2.570918,43.212108,836.285 -2.570811,43.212176,835.417 -2.570706,43.212241,834.893 -2.570609,43.212310,834.065 -2.570517,43.212384,833.421 -2.570429,43.212459,832.809 -2.570338,43.212536,832.821 -2.570249,43.212612,832.612 -2.570161,43.212685,832.427 -2.570077,43.212764,831.829 -2.569994,43.212844,831.470 -2.569909,43.212931,830.881 -2.569838,43.213025,829.213 -2.569783,43.213131,828.085 -2.569743,43.213236,827.467 -2.569710,43.213336,826.235 -2.569681,43.213442,824.286 -2.569649,43.213545,822.614 -2.569621,43.213644,822.209 -2.569588,43.213738,821.225 -2.569529,43.213823,820.246 -2.569440,43.213901,819.271 -2.569337,43.213977,818.863 -2.569231,43.214053,817.494 -2.569122,43.214131,815.875 -2.569006,43.214203,814.017 -2.568873,43.214260,813.699 -2.568740,43.214315,813.691 -2.568611,43.214362,813.659 -2.568488,43.214395,813.203 -2.568367,43.214411,813.623 -2.568249,43.214423,813.809 -2.568131,43.214423,813.297 -2.568006,43.214412,812.888 -2.567880,43.214389,811.693 -2.567756,43.214356,810.875 -2.567634,43.214310,807.816 -2.567522,43.214253,805.617 -2.567416,43.214180,804.489 -2.567324,43.214099,803.411 -2.567225,43.214018,802.253 -2.567124,43.213938,799.259 -2.567021,43.213863,795.003 -2.566927,43.213783,794.223 -2.566848,43.213700,793.409 -2.566770,43.213619,793.687 -2.566688,43.213545,794.298 -2.566601,43.213478,795.023 -2.566514,43.213415,795.425 -2.566439,43.213350,795.626 -2.566360,43.213291,795.627 -2.566283,43.213241,795.439 -2.566205,43.213193,795.441 -2.566131,43.213149,795.853 -2.566059,43.213109,796.852 -2.565999,43.213073,797.253 -2.565946,43.213039,797.608 -2.565895,43.213005,797.809 -2.565851,43.212976,797.897 -2.565806,43.212947,797.628 -2.565761,43.212917,797.833 -2.565722,43.212891,798.275 -2.565683,43.212867,798.666 -2.565646,43.212843,798.867 -2.565613,43.212819,799.229 -2.565580,43.212797,799.441 -2.565548,43.212775,799.413 -2.565514,43.212757,799.674 -2.565477,43.212733,799.856 -2.565445,43.212711,800.221 -2.565411,43.212688,800.409 -2.565378,43.212665,800.659 -2.565349,43.212645,801.020 -2.565319,43.212624,801.265 -2.565289,43.212606,801.417 -2.565258,43.212590,801.628 -2.565225,43.212582,801.869 -2.565188,43.212570,802.041 -2.565151,43.212558,802.233 -2.565115,43.212543,802.485 -2.565079,43.212527,802.646 -2.565043,43.212514,802.688 -2.565003,43.212502,802.816 -2.564965,43.212493,802.809 -2.564927,43.212480,803.066 -2.564893,43.212468,803.097 -2.564858,43.212453,803.232 -2.564821,43.212442,803.424 -2.564784,43.212429,803.635 -2.564747,43.212414,803.646 -2.564711,43.212399,803.888 -2.564673,43.212386,804.060 -2.564633,43.212376,804.042 -2.564597,43.212368,804.259 -2.564557,43.212360,804.403 -2.564519,43.212351,804.423 -2.564481,43.212340,804.209 -2.564441,43.212325,804.287 -2.564404,43.212311,804.278 -2.564367,43.212299,804.273 -2.564337,43.212291,804.495 -2.564308,43.212284,804.896 -2.564280,43.212275,805.467 -2.564253,43.212267,805.859 -2.564232,43.212260,806.021 -2.564210,43.212256,806.213 -2.564188,43.212250,806.412 -2.564165,43.212238,806.432 -2.564143,43.212226,806.605 -2.564119,43.212215,806.609 -2.564096,43.212205,806.823 -2.564076,43.212196,807.034 -2.564057,43.212185,807.479 -2.564033,43.212176,807.681 -2.564013,43.212165,807.892 -2.563995,43.212157,808.233 -2.563975,43.212148,808.285 -2.563953,43.212138,808.227 -2.563936,43.212131,808.499 -2.563914,43.212120,808.698 -2.563894,43.212107,809.015 -2.563875,43.212094,809.226 -2.563853,43.212081,809.209 -2.563836,43.212068,809.291 -2.563815,43.212052,809.242 -2.563796,43.212035,808.847 -2.563774,43.212014,808.619 -2.563750,43.211991,808.230 -2.563726,43.211967,808.091 -2.563703,43.211942,807.823 -2.563685,43.211921,807.685 -2.563659,43.211896,807.437 -2.563630,43.211867,807.428 -2.563603,43.211835,807.489 -2.563579,43.211804,807.417 -2.563554,43.211775,807.409 -2.563529,43.211747,807.224 -2.563497,43.211719,807.095 -2.563469,43.211690,806.670 -2.563436,43.211658,806.462 -2.563403,43.211625,806.413 -2.563375,43.211589,806.284 -2.563347,43.211554,806.476 -2.563317,43.211521,806.488 -2.563286,43.211491,806.490 -2.563248,43.211460,806.429 -2.563213,43.211428,806.400 -2.563171,43.211395,806.020 -2.563127,43.211361,805.809 -2.563082,43.211323,805.694 -2.563037,43.211287,805.425 -2.562994,43.211247,805.060 -2.562949,43.211199,804.692 -2.562908,43.211149,804.233 -2.562867,43.211097,803.824 -2.562826,43.211052,803.836 -2.562776,43.210992,803.418 -2.562725,43.210947,803.090 -2.562678,43.210893,802.226 -2.562637,43.210830,801.447 -2.562602,43.210759,799.611 -2.562576,43.210684,797.209 -2.562558,43.210606,796.414 -2.562549,43.210524,795.075 -2.562534,43.210447,793.810 -2.562524,43.210369,793.652 -2.562501,43.210290,791.693 -2.562475,43.210207,790.644 -2.562441,43.210127,788.866 -2.562397,43.210050,786.088 -2.562347,43.209980,784.430 -2.562308,43.209909,783.464 -2.562288,43.209838,782.406 -2.562262,43.209776,781.216 -2.562208,43.209710,780.009 -2.562148,43.209644,778.828 -2.562097,43.209583,777.069 -2.562042,43.209506,775.654 -2.561982,43.209415,774.286 -2.561900,43.209336,771.297 -2.561827,43.209254,768.668 -2.561776,43.209170,766.680 -2.561751,43.209092,765.612 -2.561741,43.209022,765.024 -2.561719,43.208941,764.443 -2.561671,43.208845,760.864 -2.561609,43.208749,758.410 -2.561559,43.208661,753.209 -2.561511,43.208576,752.666 -2.561472,43.208482,750.237 -2.561419,43.208378,747.492 -2.561355,43.208272,746.674 -2.561294,43.208179,745.085 -2.561238,43.208077,741.296 -2.561193,43.207971,737.898 -2.561153,43.207872,736.640 -2.561118,43.207766,733.882 -2.561088,43.207663,732.427 -2.561051,43.207563,729.868 -2.561003,43.207463,728.014 -2.560957,43.207369,726.809 -2.560927,43.207287,725.824 -2.560895,43.207209,724.075 -2.560852,43.207124,722.660 -2.560796,43.207032,721.282 -2.560735,43.206944,717.683 -2.560671,43.206864,716.214 -2.560606,43.206787,713.656 -2.560540,43.206713,710.818 -2.560455,43.206656,708.680 -2.560349,43.206614,706.494 -2.560234,43.206589,705.857 -2.560127,43.206570,703.822 -2.560030,43.206544,702.209 -2.559953,43.206512,701.061 -2.559888,43.206478,699.832 -2.559827,43.206443,698.887 -2.559782,43.206396,697.839 -2.559745,43.206333,696.890 -2.559707,43.206260,693.251 -2.559669,43.206176,691.263 -2.559638,43.206078,690.635 -2.559611,43.205980,689.017 -2.559571,43.205880,685.628 -2.559534,43.205778,683.889 -2.559514,43.205674,681.417 -2.559501,43.205575,680.409 -2.559494,43.205477,678.894 -2.559479,43.205378,677.265 -2.559460,43.205271,675.420 -2.559449,43.205157,674.872 -2.559449,43.205043,673.063 -2.559462,43.204931,671.624 -2.559480,43.204822,670.876 -2.559495,43.204712,670.068 -2.559503,43.204597,668.420 -2.559511,43.204490,666.667 -2.559520,43.204387,664.681 -2.559531,43.204278,663.019 -2.559546,43.204172,662.409 -2.559565,43.204077,662.048 -2.559590,43.203989,661.469 -2.559623,43.203902,661.014 -2.559647,43.203816,659.886 -2.559668,43.203745,658.817 -2.559695,43.203671,657.898 -2.559727,43.203592,656.440 -2.559768,43.203502,655.842 -2.559806,43.203412,655.064 -2.559842,43.203315,654.216 -2.559875,43.203220,653.276 -2.559914,43.203125,652.213 -2.559950,43.203036,651.209 -2.559991,43.202941,650.493 -2.560028,43.202857,649.684 -2.560064,43.202776,648.859 -2.560108,43.202694,647.091 -2.560165,43.202614,645.422 -2.560240,43.202544,644.023 -2.560318,43.202479,644.045 -2.560393,43.202413,642.437 -2.560465,43.202350,641.219 -2.560536,43.202283,639.819 -2.560602,43.202218,637.609 -2.560677,43.202152,635.419 -2.560748,43.202096,634.009 -2.560806,43.202041,632.253 -2.560857,43.201977,630.684 -2.560890,43.201908,630.289 -2.560890,43.201840,628.281 -2.560851,43.201784,627.622 -2.560774,43.201742,626.253 -2.560685,43.201721,624.895 -2.560588,43.201719,624.237 -2.560476,43.201742,621.459 -2.560353,43.201774,618.821 -2.560232,43.201809,617.841 -2.560106,43.201844,614.405 -2.559977,43.201872,613.809 -2.559845,43.201888,612.494 -2.559723,43.201887,612.045 -2.559595,43.201873,611.410 -2.559458,43.201856,610.872 -2.559318,43.201847,609.073 -2.559183,43.201847,608.234 -2.559051,43.201845,605.686 -2.558924,43.201835,603.818 -2.558795,43.201822,600.860 -2.558666,43.201811,598.872 -2.558539,43.201802,596.813 -2.558417,43.201795,594.814 -2.558307,43.201800,592.609 -2.558203,43.201805,590.689 -2.558114,43.201799,589.080 -2.558019,43.201779,588.255 -2.557957,43.201738,586.857 -2.557904,43.201681,585.418 -2.557848,43.201618,583.879 -2.557791,43.201545,581.831 -2.557735,43.201464,580.263 -2.557684,43.201382,578.265 -2.557635,43.201309,577.055 -2.557582,43.201246,575.007 -2.557506,43.201195,573.217 -2.557422,43.201145,571.009 -2.557324,43.201101,569.037 -2.557217,43.201052,566.028 -2.557105,43.201005,563.093 -2.556985,43.200963,560.015 -2.556866,43.200920,556.816 -2.556760,43.200882,555.097 -2.556672,43.200844,552.839 -2.556606,43.200802,551.691 -2.556567,43.200752,550.823 -2.556555,43.200699,549.836 -2.556569,43.200646,548.817 -2.556614,43.200594,547.818 -2.556668,43.200535,547.209 -2.556729,43.200465,545.635 -2.556787,43.200398,540.216 -2.556853,43.200335,537.671 -2.556921,43.200278,536.213 -2.556996,43.200226,534.694 -2.557079,43.200174,533.885 -2.557166,43.200126,532.257 -2.557263,43.200079,529.889 -2.557361,43.200042,527.041 -2.557457,43.200012,523.017 -2.557554,43.199992,521.087 -2.557655,43.199981,519.615 -2.557754,43.199983,518.409 -2.557850,43.199991,517.813 -2.557934,43.200002,516.654 -2.558009,43.200002,515.289 -2.558069,43.199979,514.281 -2.558076,43.199939,513.242 -2.558038,43.199902,512.443 -2.557967,43.199876,510.875 -2.557894,43.199839,509.057 -2.557812,43.199795,507.019 -2.557725,43.199750,505.489 -2.557625,43.199702,504.006 -2.557515,43.199649,503.826 -2.557397,43.199594,502.809 -2.557275,43.199539,502.060 -2.557152,43.199495,498.891 -2.557016,43.199459,495.096 -2.556884,43.199426,493.468 -2.556765,43.199394,492.639 -2.556650,43.199370,492.260 -2.556551,43.199352,492.032 -2.556473,43.199329,492.064 -2.556406,43.199303,492.096 -2.556333,43.199266,491.481 -2.556275,43.199219,490.661 -2.556225,43.199166,490.017 -2.556184,43.199110,489.209 -2.556151,43.199047,487.840 -2.556117,43.198974,486.081 -2.556085,43.198891,481.696 -2.556049,43.198824,479.838 -2.555998,43.198767,476.619 -2.555929,43.198716,476.040 -2.555847,43.198663,474.012 -2.555769,43.198605,472.814 -2.555686,43.198543,470.666 -2.555604,43.198488,468.476 -2.555530,43.198443,465.690 -2.555446,43.198409,463.819 -2.555347,43.198385,462.009 -2.555251,43.198360,461.099 -2.555160,43.198339,460.260 -2.555067,43.198330,458.495 -2.554963,43.198332,456.237 -2.554843,43.198339,454.628 -2.554727,43.198346,453.489 -2.554621,43.198360,452.061 -2.554518,43.198383,450.453 -2.554405,43.198425,446.055 -2.554298,43.198469,442.414 -2.554210,43.198504,442.054 -2.554128,43.198536,441.009 -2.554047,43.198566,440.209 -2.553972,43.198594,439.473 -2.553902,43.198621,438.294 -2.553830,43.198640,437.039 -2.553758,43.198644,435.841 -2.553696,43.198644,434.812 -2.553631,43.198660,434.243 -2.553572,43.198699,432.885 -2.553500,43.198740,431.237 -2.553428,43.198767,429.889 -2.553365,43.198783,428.863 -2.553314,43.198799,428.244 -2.553287,43.198819,427.218 -2.553276,43.198838,426.809 -2.553268,43.198860,426.838 -2.553264,43.198873,426.849 -2.553262,43.198884,427.084 -2.553259,43.198897,427.046 -2.553247,43.198914,427.287 -2.553252,43.198931,427.218 -2.553255,43.198944,427.280 -2.553232,43.198958,427.272 -2.553198,43.198974,427.264 -2.553166,43.198998,427.231 -2.553134,43.199021,427.261 -2.553105,43.199047,427.207 -2.553093,43.199080,427.209 -2.553076,43.199110,427.235 -2.553059,43.199141,427.256 -2.553051,43.199176,427.241 -2.553049,43.199209,427.013 -2.553045,43.199247,427.044 -2.553043,43.199283,427.015 -2.553044,43.199321,427.077 -2.553043,43.199358,426.829 -2.553038,43.199399,426.831 -2.553029,43.199438,426.675 -2.553027,43.199475,426.628 -2.553024,43.199516,426.620 -2.553019,43.199554,426.409 -2.553014,43.199591,426.499 -2.553008,43.199626,426.680 -2.553006,43.199662,426.655 -2.552998,43.199701,426.647 -2.552987,43.199737,426.888 -2.552982,43.199773,427.019 -2.552976,43.199807,426.861 -2.552972,43.199842,426.663 -2.552966,43.199873,426.245 -2.552958,43.199911,426.257 -2.552957,43.199948,425.800 -2.552956,43.199980,425.820 -2.552954,43.200018,425.809 -2.552952,43.200055,425.827 -2.552946,43.200091,425.848 -2.552940,43.200127,425.813 -2.552933,43.200163,425.885 -2.552929,43.200198,426.046 -2.552925,43.200235,426.027 -2.552923,43.200272,426.049 -2.552924,43.200306,425.871 -2.552925,43.200343,425.813 -2.552922,43.200383,425.827 -2.552919,43.200422,425.868 -2.552916,43.200460,425.814 -2.552913,43.200499,426.009 -2.552911,43.200538,425.864 -2.552909,43.200577,425.895 -2.552911,43.200618,425.840 -2.552915,43.200659,425.662 -2.552918,43.200699,425.633 -2.552922,43.200740,425.414 -2.552931,43.200781,425.416 -2.552939,43.200825,425.438 -2.552949,43.200871,425.230 -2.552959,43.200918,425.079 -2.552969,43.200962,424.805 -2.552981,43.201010,424.425 -2.552994,43.201058,424.209 -2.553010,43.201107,424.019 -2.553023,43.201155,423.890 -2.553039,43.201204,423.665 -2.553060,43.201254,423.617 -2.553084,43.201309,423.288 -2.553114,43.201361,423.059 -2.553147,43.201413,422.621 -2.553178,43.201465,422.283 -2.553211,43.201517,421.865 -2.553254,43.201571,421.461 -2.553298,43.201626,421.021 -2.553342,43.201683,420.613 -2.553385,43.201739,420.209 -2.553429,43.201796,419.868 -2.553473,43.201853,419.239 -2.553521,43.201912,418.824 -2.553568,43.201974,418.246 -2.553612,43.202037,418.037 -2.553655,43.202101,417.458 -2.553694,43.202166,417.050 -2.553728,43.202234,416.422 -2.553758,43.202304,416.024 -2.553783,43.202376,415.416 -2.553806,43.202450,414.876 -2.553822,43.202529,414.413 -2.553831,43.202612,413.809 -2.553829,43.202697,413.483 -2.553822,43.202780,413.214 -2.553813,43.202861,413.049 -2.553797,43.202942,412.611 -2.553773,43.203020,412.272 -2.553739,43.203098,412.053 -2.553695,43.203173,411.665 -2.553643,43.203245,411.637 -2.553587,43.203312,411.699 -2.553524,43.203377,411.674 -2.553463,43.203437,411.456 -2.553395,43.203495,411.421 -2.553322,43.203545,411.609 -2.553248,43.203588,411.479 -2.553173,43.203632,411.650 -2.553096,43.203670,412.035 -2.553015,43.203705,412.497 -2.552937,43.203735,412.878 -2.552864,43.203763,413.469 -2.552798,43.203788,413.851 -2.552734,43.203809,414.283 -2.552674,43.203826,414.845 -2.552615,43.203844,415.275 -2.552555,43.203859,415.428 -2.552500,43.203874,415.820 -2.552447,43.203887,416.009 -2.552397,43.203897,416.429 -2.552343,43.203906,416.840 -2.552297,43.203919,417.235 -2.552258,43.203927,417.617 -2.552216,43.203937,418.088 -2.552173,43.203947,418.239 -2.552131,43.203957,418.211 -2.552089,43.203965,418.473 -2.552047,43.203974,418.465 -2.552005,43.203982,418.649 -2.551967,43.203987,418.802 -2.551929,43.203993,418.822 -2.551889,43.204004,419.009 -2.551847,43.204017,419.236 -2.551812,43.204028,419.237 -2.551776,43.204040,419.452 -2.551742,43.204055,419.624 -2.551708,43.204067,419.655 -2.551667,43.204081,419.826 -2.551630,43.204094,420.098 -2.551594,43.204111,420.010 -2.551559,43.204127,420.242 -2.551519,43.204144,420.475 -2.551487,43.204162,420.428 -2.551452,43.204180,420.420 -2.551422,43.204197,420.609 -2.551392,43.204218,420.829 -2.551364,43.204240,420.860 -2.551335,43.204260,421.055 -2.551304,43.204279,421.037 -2.551272,43.204299,421.288 -2.551241,43.204319,421.269 -2.551211,43.204342,421.421 -2.551186,43.204365,421.643 -2.551165,43.204390,421.645 -2.551145,43.204414,421.626 -2.551118,43.204438,421.847 -2.551086,43.204462,421.811 -2.551067,43.204490,421.809 -2.551042,43.204516,421.874 -2.551019,43.204541,421.885 -2.551005,43.204567,421.870 -2.550985,43.204591,421.692 -2.550967,43.204616,421.833 -2.550948,43.204642,421.814 -2.550935,43.204668,421.836 -2.550924,43.204696,421.858 -2.550914,43.204723,421.840 -2.550900,43.204754,421.865 -2.550887,43.204785,421.868 -2.550875,43.204816,421.814 -2.550861,43.204847,421.809 -2.550854,43.204877,422.048 -2.550845,43.204909,422.049 -2.550839,43.204942,422.084 -2.550835,43.204973,422.036 -2.550832,43.205004,422.067 -2.550832,43.205037,422.028 -2.550829,43.205071,422.020 -2.550827,43.205109,422.042 -2.550829,43.205146,422.094 -2.550830,43.205185,422.057 -2.550836,43.205224,422.000 -2.550839,43.205265,422.020 -2.550845,43.205304,421.809 -2.550856,43.205345,422.077 -2.550869,43.205386,421.878 -2.550885,43.205427,421.693 -2.550902,43.205469,421.695 -2.550922,43.205512,421.636 -2.550945,43.205554,421.487 -2.550968,43.205594,421.259 -2.550997,43.205634,421.241 -2.551028,43.205678,421.013 -2.551058,43.205719,421.037 -2.551088,43.205758,420.849 -2.551120,43.205798,420.613 -2.551154,43.205838,420.409 -2.551189,43.205878,420.265 -2.551229,43.205919,420.096 -2.551272,43.205963,420.051 -2.551313,43.206004,419.823 -2.551356,43.206045,419.624 -2.551401,43.206089,419.655 -2.551445,43.206134,419.457 -2.551491,43.206180,419.059 -2.551539,43.206230,418.861 -2.551585,43.206278,418.428 -2.551629,43.206328,418.089 -2.551677,43.206379,417.617 -2.551729,43.206432,417.409 -2.551783,43.206485,417.054 -2.551837,43.206540,416.865 -2.551894,43.206599,416.660 -2.551949,43.206657,416.432 -2.552000,43.206714,416.243 -2.552054,43.206774,416.034 -2.552110,43.206835,415.696 -2.552169,43.206892,415.218 -2.552229,43.206951,414.640 -2.552289,43.207010,413.689 -2.552346,43.207071,413.206 -2.552399,43.207136,412.626 -2.552448,43.207204,412.409 -2.552496,43.207274,412.680 -2.552536,43.207345,412.611 -2.552576,43.207420,412.626 -2.552607,43.207497,412.698 -2.552625,43.207577,412.899 -2.552635,43.207659,412.620 -2.552639,43.207738,412.472 -2.552627,43.207815,412.094 -2.552613,43.207894,411.646 -2.552591,43.207971,411.273 -2.552566,43.208044,410.685 -2.552535,43.208117,410.213 -2.552499,43.208193,410.009 -2.552456,43.208262,409.889 -2.552405,43.208328,409.610 -2.552343,43.208390,409.695 -2.552272,43.208449,409.437 -2.552197,43.208508,409.298 -2.552116,43.208562,409.049 -2.552031,43.208610,408.831 -2.551944,43.208656,408.693 -2.551850,43.208701,408.675 -2.551754,43.208740,408.452 -2.551652,43.208770,408.253 -2.551549,43.208798,408.008 -2.551448,43.208821,408.009 -2.551349,43.208840,407.847 -2.551241,43.208858,407.438 -2.551130,43.208877,407.253 -2.551022,43.208896,407.095 -2.550917,43.208918,406.616 -2.550813,43.208939,406.447 -2.550709,43.208964,406.459 -2.550610,43.208996,406.451 -2.550511,43.209031,406.493 -2.550434,43.209061,406.875 -2.550374,43.209073,406.828 -2.550328,43.209047,406.620 -2.550325,43.209007,406.609 -2.550359,43.208979,406.419 -2.550372,43.208956,406.450 -2.550369,43.208946,406.415 -2.550366,43.208950,406.217 -2.550366,43.208950,406.228 -2.550366,43.208950,406.099 -2.550366,43.208950,405.881 -2.550385,43.208942,405.643 -2.550402,43.208935,405.615 -2.550435,43.208927,405.416 -2.550476,43.208926,405.476 -2.550516,43.208921,405.213 -2.550560,43.208907,405.009 -2.550606,43.208886,404.893 -2.550642,43.208857,404.824 -2.550677,43.208828,404.679 -2.550713,43.208797,404.451 -2.550751,43.208766,404.412 -2.550796,43.208733,404.023 -2.550849,43.208710,403.845 -2.550909,43.208694,403.467 -2.550965,43.208682,403.219 -2.551024,43.208669,403.015 -2.551085,43.208659,402.865 -2.551146,43.208651,402.811 -2.551209,43.208647,403.009 -2.551276,43.208641,403.053 -2.551341,43.208640,403.244 -2.551404,43.208630,403.289 -2.551460,43.208610,403.221 -2.551510,43.208587,403.012 -2.551556,43.208558,403.043 -2.551597,43.208529,402.845 -2.551630,43.208498,402.867 -2.551664,43.208468,402.689 -2.551690,43.208438,402.659 -2.551719,43.208414,402.803 -2.551748,43.208390,402.823 -2.551775,43.208369,402.809 -2.551775,43.208344,403.087 -2.551748,43.208338,403.228 -2.551734,43.208353,403.223 -2.551745,43.208372,403.425 -2.551765,43.208382,403.466 -2.551779,43.208387,403.477 -2.551781,43.208387,403.499 -2.551771,43.208387,403.221 -2.551776,43.208390,403.293 -2.551788,43.208398,403.237</coordinates>
</LineString>
</Placemark>
</Document>
</kml>
