<?xml version="1.0" encoding="UTF-8"?>
<kml xmlns="http://www.opengis.net/kml/2.2">
<Document>
<name>Ur Jauziak Gerea</name>
<Style id="track">
<LineStyle><color>ff2fe0f5</color><width>4</width></LineStyle>
</Style>
<Placemark>
<name>Ur Jauziak Gerea</name>
<styleUrl>#track</styleUrl>
<LineString>
<tessellate>1</tessellate>
<altitudeMode>clampToGround</altitudeMode>
<coordinates>-2.546686,43.210062,411.696 -2.546685,43.210064,411.831 -2.546697,43.210072,411.824 -2.546710,43.210082,411.809 -2.546723,43.210088,412.021 -2.546735,43.210096,412.017 -2.546749,43.210104,412.249 -2.546761,43.210110,412.667 -2.546771,43.210114,412.885 -2.546775,43.210118,413.092 -2.546777,43.210121,413.259 -2.546777,43.210122,413.479 -2.546778,43.210123,413.430 -2.546783,43.210125,413.418 -2.546792,43.210130,413.298 -2.546803,43.210138,413.217 -2.546811,43.210146,413.209 -2.546815,43.210155,413.233 -2.546823,43.210165,413.249 -2.546831,43.210174,413.431 -2.546843,43.210185,413.619 -2.546852,43.210194,414.047 -2.546860,43.210203,414.444 -2.546868,43.210212,414.831 -2.546877,43.210226,415.241 -2.546876,43.210240,415.662 -2.546869,43.210256,416.027 -2.546865,43.210274,416.668 -2.546862,43.210289,417.214 -2.546857,43.210306,417.609 -2.546856,43.210322,418.064 -2.546852,43.210338,418.020 -2.546843,43.210352,418.242 -2.546834,43.210368,418.690 -2.546824,43.210381,418.888 -2.546816,43.210396,419.275 -2.546807,43.210408,419.612 -2.546799,43.210419,419.862 -2.546795,43.210431,420.013 -2.546790,43.210444,420.217 -2.546785,43.210455,420.487 -2.546783,43.210463,420.615 -2.546781,43.210468,420.609 -2.546779,43.210468,420.863 -2.546779,43.210470,420.829 -2.546777,43.210470,420.861 -2.546777,43.210469,420.869 -2.546777,43.210469,420.837 -2.546777,43.210469,420.664 -2.546777,43.210469,420.621 -2.546775,43.210468,420.671 -2.546778,43.210474,420.622 -2.546782,43.210483,420.679 -2.546789,43.210495,420.805 -2.546794,43.210507,421.025 -2.546800,43.210519,421.209 -2.546805,43.210529,421.679 -2.546813,43.210541,422.015 -2.546820,43.210553,422.427 -2.546829,43.210562,422.635 -2.546837,43.210570,423.033 -2.546849,43.210576,423.210 -2.546859,43.210583,423.667 -2.546870,43.210592,423.847 -2.546884,43.210602,424.078 -2.546899,43.210610,424.249 -2.546914,43.210618,424.402 -2.546932,43.210626,424.622 -2.546952,43.210629,424.609 -2.546970,43.210635,424.666 -2.546988,43.210640,424.612 -2.547004,43.210647,424.464 -2.547015,43.210650,424.412 -2.547030,43.210655,424.440 -2.547044,43.210659,424.637 -2.547057,43.210669,425.074 -2.547073,43.210671,425.444 -2.547085,43.210677,425.895 -2.547102,43.210684,426.018 -2.547117,43.210690,426.298 -2.547135,43.210703,426.217 -2.547149,43.210713,426.409 -2.547157,43.210727,426.463 -2.547176,43.210729,426.649 -2.547189,43.210732,426.841 -2.547203,43.210732,427.099 -2.547217,43.210735,427.237 -2.547228,43.210733,427.614 -2.547241,43.210730,428.091 -2.547254,43.210721,428.241 -2.547267,43.210716,428.462 -2.547282,43.210709,428.468 -2.547297,43.210704,428.442 -2.547311,43.210702,428.426 -2.547331,43.210700,428.609 -2.547347,43.210696,428.678 -2.547361,43.210694,428.894 -2.547378,43.210692,429.296 -2.547400,43.210692,429.664 -2.547417,43.210692,430.292 -2.547438,43.210690,430.669 -2.547459,43.210687,430.836 -2.547476,43.210687,431.026 -2.547494,43.210688,431.297 -2.547513,43.210688,431.239 -2.547523,43.210687,431.401 -2.547544,43.210692,431.421 -2.547563,43.210697,431.609 -2.547580,43.210704,431.845 -2.547595,43.210710,431.841 -2.547613,43.210719,431.813 -2.547630,43.210722,431.891 -2.547648,43.210727,431.829 -2.547665,43.210729,431.846 -2.547681,43.210732,431.893 -2.547697,43.210737,431.853 -2.547715,43.210739,432.084 -2.547732,43.210742,432.246 -2.547746,43.210741,432.488 -2.547761,43.210741,432.616 -2.547776,43.210744,432.809 -2.547795,43.210748,433.056 -2.547816,43.210753,433.232 -2.547834,43.210757,433.444 -2.547854,43.210763,433.652 -2.547873,43.210766,433.640 -2.547889,43.210769,433.897 -2.547902,43.210774,433.834 -2.547920,43.210776,434.074 -2.547930,43.210778,434.055 -2.547946,43.210779,434.272 -2.547963,43.210785,434.413 -2.547981,43.210790,434.614 -2.547992,43.210796,434.609 -2.548000,43.210800,434.819 -2.548016,43.210802,435.015 -2.548031,43.210803,435.287 -2.548041,43.210808,435.465 -2.548057,43.210812,435.693 -2.548076,43.210821,436.050 -2.548095,43.210826,436.017 -2.548107,43.210831,436.057 -2.548116,43.210834,436.088 -2.548132,43.210833,436.253 -2.548146,43.210837,436.404 -2.548159,43.210838,436.614 -2.548175,43.210841,437.009 -2.548193,43.210836,437.267 -2.548208,43.210833,437.643 -2.548218,43.210829,437.855 -2.548229,43.210825,438.023 -2.548241,43.210820,438.231 -2.548256,43.210820,438.468 -2.548274,43.210818,438.655 -2.548296,43.210822,438.815 -2.548308,43.210823,439.216 -2.548324,43.210815,439.455 -2.548338,43.210809,439.607 -2.548350,43.210801,440.017 -2.548361,43.210792,440.409 -2.548370,43.210782,440.627 -2.548375,43.210773,441.073 -2.548392,43.210773,441.215 -2.548414,43.210768,441.663 -2.548437,43.210768,442.061 -2.548456,43.210771,442.058 -2.548472,43.210777,442.255 -2.548482,43.210789,442.445 -2.548487,43.210799,442.476 -2.548496,43.210810,442.414 -2.548502,43.210820,442.454 -2.548515,43.210832,442.409 -2.548527,43.210842,442.409 -2.548538,43.210850,442.493 -2.548552,43.210852,442.469 -2.548571,43.210848,442.431 -2.548582,43.210844,442.619 -2.548590,43.210840,442.667 -2.548605,43.210839,442.844 -2.548624,43.210837,442.881 -2.548644,43.210835,443.031 -2.548660,43.210831,443.222 -2.548675,43.210826,443.464 -2.548691,43.210821,443.606 -2.548710,43.210817,443.816 -2.548721,43.210815,444.009 -2.548734,43.210811,444.088 -2.548754,43.210806,444.284 -2.548770,43.210802,444.236 -2.548790,43.210798,444.494 -2.548806,43.210792,444.682 -2.548819,43.210786,444.899 -2.548835,43.210783,445.086 -2.548854,43.210778,445.096 -2.548864,43.210771,445.287 -2.548881,43.210765,445.279 -2.548900,43.210761,445.405 -2.548917,43.210758,445.625 -2.548938,43.210751,445.809 -2.548955,43.210746,445.859 -2.548971,43.210744,445.885 -2.548989,43.210741,445.827 -2.548996,43.210736,446.025 -2.549013,43.210733,446.273 -2.549025,43.210728,446.480 -2.549040,43.210726,446.677 -2.549058,43.210725,447.047 -2.549070,43.210724,447.268 -2.549083,43.210720,447.291 -2.549104,43.210718,447.481 -2.549121,43.210719,447.419 -2.549136,43.210717,447.609 -2.549150,43.210714,447.691 -2.549163,43.210712,447.687 -2.549177,43.210712,447.859 -2.549191,43.210712,447.857 -2.549206,43.210713,448.065 -2.549220,43.210713,448.212 -2.549236,43.210713,448.669 -2.549252,43.210712,448.869 -2.549263,43.210708,449.080 -2.549269,43.210701,449.016 -2.549281,43.210697,449.276 -2.549295,43.210696,449.413 -2.549306,43.210696,449.609 -2.549313,43.210696,449.893 -2.549321,43.210699,450.079 -2.549330,43.210702,450.251 -2.549340,43.210701,450.489 -2.549351,43.210700,450.617 -2.549362,43.210699,450.814 -2.549371,43.210698,450.831 -2.549382,43.210696,451.041 -2.549395,43.210695,451.032 -2.549410,43.210694,451.297 -2.549424,43.210694,451.423 -2.549436,43.210692,451.625 -2.549449,43.210692,451.609 -2.549463,43.210690,451.871 -2.549476,43.210689,452.077 -2.549490,43.210688,452.089 -2.549499,43.210686,452.297 -2.549510,43.210684,452.455 -2.549521,43.210681,452.412 -2.549533,43.210675,452.659 -2.549548,43.210673,452.669 -2.549561,43.210671,452.860 -2.549571,43.210667,453.018 -2.549585,43.210664,453.298 -2.549603,43.210664,453.617 -2.549617,43.210663,453.809 -2.549633,43.210662,454.273 -2.549647,43.210658,454.439 -2.549652,43.210655,454.691 -2.549666,43.210651,454.659 -2.549684,43.210649,454.817 -2.549698,43.210648,455.024 -2.549711,43.210645,455.261 -2.549724,43.210642,455.431 -2.549738,43.210636,455.612 -2.549754,43.210632,455.631 -2.549772,43.210627,455.861 -2.549782,43.210626,455.807 -2.549794,43.210626,455.809 -2.549804,43.210625,455.825 -2.549815,43.210621,455.821 -2.549825,43.210618,455.853 -2.549834,43.210616,455.821 -2.549845,43.210611,456.089 -2.549856,43.210608,456.256 -2.549867,43.210604,456.423 -2.549877,43.210604,456.693 -2.549889,43.210601,456.614 -2.549901,43.210599,456.854 -2.549913,43.210596,457.056 -2.549926,43.210595,457.211 -2.549939,43.210592,457.409 -2.549950,43.210591,457.647 -2.549964,43.210586,458.013 -2.549978,43.210584,458.285 -2.549992,43.210581,458.433 -2.550003,43.210577,458.681 -2.550015,43.210574,458.898 -2.550026,43.210574,459.015 -2.550036,43.210571,459.015 -2.550047,43.210568,459.246 -2.550059,43.210567,459.426 -2.550072,43.210564,459.647 -2.550082,43.210561,459.811 -2.550093,43.210556,460.009 -2.550102,43.210556,460.234 -2.550112,43.210554,460.420 -2.550123,43.210555,460.682 -2.550134,43.210555,460.810 -2.550146,43.210559,461.038 -2.550155,43.210565,461.265 -2.550169,43.210567,461.492 -2.550182,43.210566,461.672 -2.550194,43.210566,461.843 -2.550207,43.210566,462.022 -2.550221,43.210565,462.262 -2.550235,43.210565,462.408 -2.550243,43.210564,462.609 -2.550255,43.210564,463.064 -2.550266,43.210563,463.280 -2.550274,43.210561,463.642 -2.550282,43.210558,463.860 -2.550293,43.210559,464.028 -2.550304,43.210560,464.475 -2.550315,43.210562,464.682 -2.550325,43.210563,464.892 -2.550338,43.210565,465.043 -2.550352,43.210564,465.251 -2.550364,43.210565,465.401 -2.550377,43.210565,465.811 -2.550392,43.210565,466.209 -2.550405,43.210566,466.657 -2.550419,43.210570,466.863 -2.550432,43.210573,467.035 -2.550445,43.210579,467.283 -2.550452,43.210588,467.411 -2.550459,43.210597,467.678 -2.550467,43.210599,467.885 -2.550469,43.210601,468.085 -2.550469,43.210601,468.296 -2.550469,43.210601,468.278 -2.550469,43.210601,468.433 -2.550469,43.210601,468.426 -2.550469,43.210601,468.409 -2.550471,43.210604,468.659 -2.550480,43.210609,468.655 -2.550491,43.210613,468.617 -2.550501,43.210619,468.885 -2.550515,43.210626,468.813 -2.550528,43.210632,469.040 -2.550542,43.210639,469.217 -2.550554,43.210648,469.417 -2.550566,43.210653,469.858 -2.550578,43.210659,470.274 -2.550586,43.210665,470.656 -2.550598,43.210672,470.821 -2.550616,43.210682,471.009 -2.550630,43.210683,471.259 -2.550642,43.210690,471.485 -2.550651,43.210700,471.687 -2.550662,43.210708,471.825 -2.550673,43.210717,472.063 -2.550683,43.210725,472.430 -2.550691,43.210734,472.617 -2.550698,43.210742,472.877 -2.550707,43.210752,473.048 -2.550716,43.210760,473.278 -2.550722,43.210767,473.233 -2.550729,43.210774,473.426 -2.550740,43.210778,473.609 -2.550749,43.210793,473.679 -2.550753,43.210807,474.045 -2.550756,43.210819,474.277 -2.550762,43.210829,474.415 -2.550774,43.210840,474.663 -2.550788,43.210850,474.650 -2.550798,43.210857,474.867 -2.550806,43.210867,474.857 -2.550814,43.210877,474.868 -2.550825,43.210884,474.844 -2.550834,43.210890,475.005 -2.550842,43.210897,475.215 -2.550853,43.210906,475.409 -2.550864,43.210916,475.676 -2.550871,43.210928,475.682 -2.550878,43.210939,476.014 -2.550886,43.210950,476.052 -2.550892,43.210960,476.220 -2.550900,43.210971,476.457 -2.550906,43.210980,476.654 -2.550911,43.210989,476.834 -2.550920,43.211001,476.895 -2.550927,43.211013,477.017 -2.550932,43.211021,477.087 -2.550940,43.211029,477.215 -2.550949,43.211037,477.409 -2.550956,43.211045,477.613 -2.550970,43.211051,477.879 -2.550983,43.211060,478.071 -2.550997,43.211070,478.259 -2.551013,43.211080,478.467 -2.551029,43.211090,478.494 -2.551043,43.211099,478.691 -2.551058,43.211106,478.821 -2.551071,43.211112,478.822 -2.551084,43.211115,479.084 -2.551099,43.211120,479.207 -2.551119,43.211131,479.417 -2.551130,43.211139,479.609 -2.551142,43.211144,479.670 -2.551159,43.211152,479.856 -2.551173,43.211158,480.288 -2.551181,43.211165,480.426 -2.551191,43.211171,480.694 -2.551206,43.211178,481.071 -2.551218,43.211183,481.298 -2.551230,43.211190,481.418 -2.551238,43.211200,481.439 -2.551248,43.211209,481.642 -2.551263,43.211216,481.822 -2.551273,43.211221,482.014 -2.551283,43.211228,482.209 -2.551298,43.211232,482.626 -2.551310,43.211234,482.862 -2.551322,43.211234,482.834 -2.551336,43.211239,483.062 -2.551351,43.211245,483.250 -2.551367,43.211251,483.617 -2.551383,43.211259,483.814 -2.551396,43.211261,484.034 -2.551413,43.211264,484.265 -2.551426,43.211264,484.472 -2.551441,43.211268,484.613 -2.551452,43.211275,484.814 -2.551468,43.211282,485.209 -2.551479,43.211285,485.449 -2.551488,43.211289,485.695 -2.551498,43.211290,486.017 -2.551507,43.211290,486.265 -2.551517,43.211294,486.493 -2.551533,43.211292,486.830 -2.551552,43.211293,487.097 -2.551566,43.211291,487.247 -2.551578,43.211290,487.468 -2.551588,43.211290,487.678 -2.551600,43.211290,487.633 -2.551620,43.211286,487.826 -2.551628,43.211284,488.009 -2.551641,43.211284,488.229 -2.551653,43.211285,488.425 -2.551666,43.211285,488.667 -2.551677,43.211283,489.045 -2.551686,43.211284,489.263 -2.551700,43.211283,489.490 -2.551712,43.211283,489.847 -2.551724,43.211282,490.087 -2.551740,43.211282,490.278 -2.551753,43.211281,490.247 -2.551760,43.211281,490.429 -2.551769,43.211281,490.621 -2.551783,43.211285,490.809 -2.551795,43.211284,491.066 -2.551808,43.211282,491.062 -2.551819,43.211283,491.264 -2.551835,43.211281,491.292 -2.551849,43.211277,491.290 -2.551861,43.211274,491.487 -2.551876,43.211270,491.884 -2.551888,43.211267,492.234 -2.551901,43.211264,492.835 -2.551914,43.211263,493.222 -2.551927,43.211264,493.462 -2.551941,43.211267,493.608 -2.551952,43.211269,494.009 -2.551959,43.211269,494.234 -2.551968,43.211267,494.420 -2.551980,43.211263,494.612 -2.551991,43.211263,494.820 -2.551999,43.211263,495.018 -2.552004,43.211270,495.255 -2.552014,43.211269,495.612 -2.552033,43.211268,495.812 -2.552045,43.211267,496.043 -2.552058,43.211267,496.231 -2.552069,43.211266,496.461 -2.552081,43.211265,496.607 -2.552094,43.211264,496.809 -2.552105,43.211267,497.265 -2.552123,43.211269,497.431 -2.552138,43.211270,497.883 -2.552149,43.211271,498.231 -2.552156,43.211274,498.489 -2.552165,43.211273,498.686 -2.552176,43.211272,498.873 -2.552193,43.211271,499.033 -2.552204,43.211273,499.294 -2.552219,43.211275,499.499 -2.552229,43.211279,499.607 -2.552242,43.211282,499.827 -2.552255,43.211285,500.209 -2.552264,43.211286,500.451 -2.552278,43.211285,500.627 -2.552286,43.211287,500.889 -2.552300,43.211288,500.847 -2.552313,43.211290,501.015 -2.552321,43.211290,501.262 -2.552328,43.211292,501.459 -2.552340,43.211294,501.659 -2.552349,43.211295,501.860 -2.552361,43.211295,502.084 -2.552372,43.211295,502.207 -2.552382,43.211292,502.417 -2.552390,43.211291,502.609 -2.552411,43.211285,502.850 -2.552420,43.211286,503.016 -2.552434,43.211288,503.088 -2.552440,43.211281,503.296 -2.552450,43.211277,503.484 -2.552449,43.211274,503.671 -2.552449,43.211267,503.898 -2.552445,43.211260,503.868 -2.552433,43.211257,503.829 -2.552422,43.211256,503.821 -2.552409,43.211250,503.841 -2.552404,43.211246,503.805 -2.552393,43.211238,503.809 -2.552384,43.211231,504.014 -2.552381,43.211232,504.290 -2.552381,43.211232,504.412 -2.552381,43.211233,504.470 -2.552383,43.211233,504.458 -2.552384,43.211233,504.445 -2.552384,43.211233,504.482 -2.552384,43.211233,504.412 -2.552384,43.211233,504.433 -2.552384,43.211233,504.427 -2.552394,43.211227,504.668 -2.552408,43.211233,504.414 -2.552421,43.211242,504.409 -2.552434,43.211252,504.254 -2.552447,43.211259,504.060 -2.552458,43.211264,504.052 -2.552471,43.211271,504.070 -2.552484,43.211269,504.038 -2.552496,43.211268,504.255 -2.552508,43.211270,504.452 -2.552515,43.211274,504.682 -2.552524,43.211274,505.083 -2.552535,43.211273,505.242 -2.552542,43.211275,505.422 -2.552552,43.211276,505.814 -2.552560,43.211277,506.009 -2.552568,43.211278,506.286 -2.552581,43.211279,506.442 -2.552591,43.211282,506.624 -2.552602,43.211280,507.032 -2.552618,43.211280,507.230 -2.552624,43.211284,507.667 -2.552633,43.211286,508.044 -2.552643,43.211285,508.424 -2.552652,43.211287,508.615 -2.552664,43.211287,509.094 -2.552676,43.211290,509.257 -2.552690,43.211288,509.622 -2.552702,43.211286,509.809 -2.552711,43.211285,510.091 -2.552723,43.211282,510.467 -2.552733,43.211283,510.639 -2.552743,43.211285,511.017 -2.552752,43.211289,511.215 -2.552762,43.211293,511.452 -2.552772,43.211292,511.899 -2.552781,43.211295,512.079 -2.552791,43.211295,512.260 -2.552799,43.211295,512.465 -2.552807,43.211297,512.668 -2.552816,43.211293,512.614 -2.552830,43.211292,512.809 -2.552846,43.211295,513.048 -2.552858,43.211298,513.234 -2.552873,43.211302,513.476 -2.552882,43.211307,513.674 -2.552890,43.211309,513.882 -2.552900,43.211313,514.039 -2.552911,43.211316,514.226 -2.552918,43.211319,514.616 -2.552928,43.211321,514.827 -2.552937,43.211323,515.015 -2.552945,43.211325,515.265 -2.552956,43.211329,515.411 -2.552964,43.211333,515.609 -2.552972,43.211336,515.813 -2.552982,43.211340,516.099 -2.552993,43.211345,516.241 -2.553004,43.211349,516.489 -2.553016,43.211354,516.637 -2.553027,43.211357,516.854 -2.553035,43.211358,517.041 -2.553045,43.211360,517.231 -2.553058,43.211363,517.442 -2.553074,43.211366,517.866 -2.553087,43.211371,518.029 -2.553091,43.211374,518.221 -2.553101,43.211376,518.409 -2.553113,43.211377,518.658 -2.553125,43.211380,518.654 -2.553135,43.211380,518.866 -2.553147,43.211381,519.064 -2.553155,43.211381,519.292 -2.553172,43.211382,519.679 -2.553183,43.211384,519.876 -2.553196,43.211387,520.086 -2.553206,43.211391,520.217 -2.553216,43.211391,520.482 -2.553222,43.211394,520.443 -2.553229,43.211395,520.617 -2.553241,43.211397,520.809 -2.553252,43.211397,521.270 -2.553263,43.211400,521.446 -2.553272,43.211403,521.678 -2.553281,43.211405,521.856 -2.553290,43.211410,522.064 -2.553307,43.211415,522.441 -2.553317,43.211419,522.858 -2.553333,43.211423,523.228 -2.553344,43.211428,523.669 -2.553360,43.211433,523.841 -2.553372,43.211438,524.081 -2.553386,43.211441,524.409 -2.553399,43.211445,524.609 -2.553415,43.211449,524.876 -2.553428,43.211453,525.012 -2.553440,43.211456,525.484 -2.553448,43.211456,525.632 -2.553457,43.211463,525.870 -2.553465,43.211467,526.297 -2.553471,43.211472,526.634 -2.553480,43.211477,526.854 -2.553494,43.211481,527.265 -2.553508,43.211481,527.444 -2.553523,43.211486,527.805 -2.553531,43.211488,528.015 -2.553550,43.211492,528.409 -2.553565,43.211494,528.626 -2.553580,43.211496,529.012 -2.553597,43.211499,529.274 -2.553613,43.211504,529.432 -2.553631,43.211509,529.450 -2.553648,43.211513,529.667 -2.553661,43.211516,529.824 -2.553674,43.211518,530.284 -2.553688,43.211521,530.485 -2.553696,43.211523,530.843 -2.553716,43.211524,531.064 -2.553731,43.211525,531.210 -2.553742,43.211526,531.409 -2.553754,43.211523,531.826 -2.553763,43.211526,532.082 -2.553772,43.211526,532.224 -2.553781,43.211525,532.622 -2.553787,43.211526,532.810 -2.553793,43.211527,533.287 -2.553803,43.211527,533.414 -2.553815,43.211527,533.634 -2.553827,43.211533,533.875 -2.553828,43.211532,534.046 -2.553828,43.211534,534.088 -2.553824,43.211537,534.016 -2.553819,43.211537,534.009 -2.553815,43.211542,534.046 -2.553812,43.211544,534.062 -2.553818,43.211535,534.034 -2.553820,43.211532,534.072 -2.553828,43.211526,534.010 -2.553842,43.211518,534.027 -2.553859,43.211516,534.064 -2.553875,43.211522,534.084 -2.553885,43.211526,534.225 -2.553895,43.211530,534.679 -2.553909,43.211531,534.805 -2.553920,43.211535,535.225 -2.553928,43.211539,535.409 -2.553942,43.211547,535.699 -2.553951,43.211555,536.075 -2.553960,43.211562,536.267 -2.553970,43.211571,536.455 -2.553980,43.211576,536.673 -2.553992,43.211587,536.810 -2.554001,43.211595,537.097 -2.554009,43.211603,537.067 -2.554022,43.211608,537.098 -2.554036,43.211617,537.088 -2.554047,43.211626,537.224 -2.554059,43.211634,537.426 -2.554069,43.211641,537.609 -2.554080,43.211650,537.880 -2.554088,43.211656,538.246 -2.554079,43.211657,538.268 -2.554070,43.211652,538.296 -2.554079,43.211644,538.484 -2.554093,43.211642,538.231 -2.554097,43.211642,538.258 -2.554101,43.211642,538.028 -2.554101,43.211643,538.019 -2.554101,43.211643,537.871 -2.554101,43.211643,538.041 -2.554100,43.211644,538.015 -2.554102,43.211655,538.009 -2.554108,43.211665,538.079 -2.554118,43.211674,538.215 -2.554135,43.211685,538.477 -2.554151,43.211692,538.635 -2.554169,43.211699,539.083 -2.554184,43.211709,539.470 -2.554196,43.211719,539.697 -2.554211,43.211728,539.847 -2.554222,43.211737,540.038 -2.554237,43.211747,540.013 -2.554250,43.211758,540.243 -2.554263,43.211767,540.407 -2.554277,43.211775,540.409 -2.554291,43.211784,540.613 -2.554307,43.211790,540.819 -2.554322,43.211798,541.021 -2.554334,43.211804,541.229 -2.554346,43.211810,541.417 -2.554363,43.211818,541.664 -2.554382,43.211825,541.821 -2.554402,43.211835,542.041 -2.554421,43.211842,542.032 -2.554439,43.211848,542.028 -2.554454,43.211855,542.089 -2.554466,43.211862,542.017 -2.554478,43.211870,542.209 -2.554491,43.211878,542.264 -2.554504,43.211885,542.440 -2.554520,43.211890,542.672 -2.554535,43.211894,542.820 -2.554549,43.211898,543.088 -2.554562,43.211903,543.275 -2.554575,43.211909,543.472 -2.554589,43.211914,543.642 -2.554601,43.211921,543.883 -2.554616,43.211928,544.024 -2.554630,43.211935,544.204 -2.554645,43.211940,544.214 -2.554658,43.211946,544.409 -2.554671,43.211952,544.494 -2.554685,43.211957,544.660 -2.554696,43.211962,544.822 -2.554711,43.211966,545.070 -2.554724,43.211972,545.228 -2.554736,43.211979,545.215 -2.554748,43.211985,545.472 -2.554759,43.211990,545.442 -2.554771,43.211996,545.663 -2.554782,43.212002,545.847 -2.554793,43.212006,546.029 -2.554806,43.212012,546.221 -2.554815,43.212020,546.409 -2.554827,43.212029,546.676 -2.554841,43.212036,546.892 -2.554853,43.212042,547.084 -2.554864,43.212048,547.292 -2.554877,43.212053,547.470 -2.554888,43.212059,547.617 -2.554899,43.212064,547.644 -2.554911,43.212071,547.874 -2.554920,43.212077,547.895 -2.554932,43.212083,548.046 -2.554945,43.212089,548.088 -2.554958,43.212094,548.216 -2.554970,43.212100,548.409 -2.554985,43.212104,548.686 -2.554998,43.212110,548.652 -2.555012,43.212116,548.664 -2.555026,43.212121,548.892 -2.555041,43.212127,548.850 -2.555054,43.212133,548.817 -2.555068,43.212139,549.084 -2.555081,43.212146,549.234 -2.555092,43.212150,549.485 -2.555105,43.212153,549.452 -2.555117,43.212157,549.653 -2.555130,43.212162,549.808 -2.555143,43.212167,549.809 -2.555157,43.212172,550.077 -2.555172,43.212178,550.013 -2.555189,43.212183,550.225 -2.555207,43.212190,550.253 -2.555223,43.212196,550.471 -2.555239,43.212201,550.498 -2.555254,43.212206,550.635 -2.555268,43.212210,550.685 -2.555288,43.212214,550.876 -2.555304,43.212218,550.818 -2.555317,43.212221,551.098 -2.555330,43.212225,551.017 -2.555348,43.212229,551.209 -2.555362,43.212232,551.273 -2.555375,43.212236,551.439 -2.555388,43.212239,551.651 -2.555403,43.212245,551.669 -2.555414,43.212249,551.887 -2.555431,43.212259,552.074 -2.555443,43.212266,552.491 -2.555454,43.212271,552.661 -2.555465,43.212275,553.042 -2.555475,43.212275,553.265 -2.555492,43.212277,553.468 -2.555509,43.212280,553.614 -2.555526,43.212281,553.809 -2.555549,43.212282,554.018 -2.555565,43.212287,554.234 -2.555579,43.212287,554.276 -2.555605,43.212288,554.464 -2.555629,43.212292,554.842 -2.555648,43.212297,555.039 -2.555668,43.212301,555.256 -2.555682,43.212302,555.646 -2.555696,43.212302,555.837 -2.555712,43.212303,556.066 -2.555729,43.212304,556.229 -2.555744,43.212307,556.221 -2.555765,43.212309,556.409 -2.555781,43.212314,556.658 -2.555795,43.212320,556.844 -2.555810,43.212320,557.066 -2.555827,43.212322,557.254 -2.555845,43.212325,557.432 -2.555857,43.212327,557.449 -2.555877,43.212331,557.486 -2.555888,43.212334,557.616 -2.555903,43.212337,557.617 -2.555920,43.212340,557.865 -2.555933,43.212343,557.868 -2.555946,43.212347,558.014 -2.555969,43.212352,558.209 -2.555985,43.212355,558.278 -2.556002,43.212360,558.434 -2.556022,43.212366,558.476 -2.556041,43.212370,558.654 -2.556064,43.212374,558.682 -2.556082,43.212379,558.899 -2.556104,43.212384,558.866 -2.556124,43.212390,558.846 -2.556144,43.212394,558.847 -2.556161,43.212399,558.623 -2.556177,43.212403,558.883 -2.556192,43.212406,558.811 -2.556204,43.212409,559.209 -2.556219,43.212413,559.654 -2.556234,43.212417,559.860 -2.556247,43.212422,560.082 -2.556262,43.212426,560.290 -2.556277,43.212429,560.268 -2.556291,43.212433,560.445 -2.556308,43.212436,560.632 -2.556327,43.212441,560.882 -2.556861,43.212655,554.423 -2.556861,43.212655,554.429 -2.556874,43.212663,554.400 -2.556885,43.212665,554.420 -2.556895,43.212668,554.409 -2.556907,43.212671,554.454 -2.556917,43.212675,554.440 -2.556930,43.212680,554.442 -2.556949,43.212686,554.660 -2.556970,43.212693,554.868 -2.556931,43.212631,560.685 -2.556933,43.212630,560.642 -2.556937,43.212631,560.422 -2.556951,43.212632,560.433 -2.556962,43.212638,560.418 -2.556975,43.212646,560.498 -2.556991,43.212652,560.417 -2.557004,43.212656,560.409 -2.557018,43.212658,560.423 -2.557031,43.212662,560.619 -2.557055,43.212672,560.611 -2.557086,43.212685,560.669 -2.557119,43.212699,560.857 -2.557151,43.212711,560.834 -2.557181,43.212726,561.081 -2.557211,43.212736,561.081 -2.557241,43.212749,561.222 -2.557270,43.212758,561.464 -2.557299,43.212770,561.606 -2.557324,43.212780,562.016 -2.557353,43.212792,562.209 -2.557378,43.212804,562.468 -2.557414,43.212816,562.694 -2.557443,43.212834,563.056 -2.557476,43.212848,563.454 -2.557505,43.212862,563.652 -2.557535,43.212877,563.839 -2.557563,43.212894,564.066 -2.557592,43.212910,564.276 -2.557609,43.212930,564.657 -2.557630,43.212941,565.099 -2.557651,43.212956,565.407 -2.557670,43.212971,566.027 -2.557691,43.212986,566.409 -2.557714,43.212999,567.041 -2.557736,43.213012,567.617 -2.557757,43.213023,568.029 -2.557777,43.213034,568.447 -2.557799,43.213048,569.035 -2.557820,43.213060,569.282 -2.557848,43.213074,569.429 -2.557865,43.213089,569.679 -2.557885,43.213105,569.810 -2.557908,43.213116,569.876 -2.557931,43.213130,569.890 -2.557951,43.213148,570.019 -2.557968,43.213161,570.209 -2.557988,43.213174,570.439 -2.558008,43.213189,570.835 -2.558033,43.213202,570.637 -2.558053,43.213211,570.665 -2.558075,43.213220,570.663 -2.558103,43.213229,570.670 -2.558131,43.213239,570.637 -2.558160,43.213248,570.897 -2.558189,43.213257,571.098 -2.558218,43.213266,571.045 -2.558246,43.213273,571.247 -2.558275,43.213280,571.211 -2.558301,43.213286,571.209 -2.558329,43.213293,571.486 -2.558358,43.213301,571.412 -2.558390,43.213307,571.694 -2.558420,43.213313,571.892 -2.558450,43.213317,571.810 -2.558477,43.213323,572.057 -2.558503,43.213332,572.024 -2.558532,43.213339,572.214 -2.558563,43.213345,572.275 -2.558595,43.213349,572.421 -2.558625,43.213354,572.441 -2.558650,43.213358,572.405 -2.558678,43.213368,572.409 -2.558703,43.213379,572.444 -2.558735,43.213387,572.440 -2.558761,43.213394,572.272 -2.558787,43.213399,572.270 -2.558812,43.213407,572.478 -2.558841,43.213408,572.685 -2.558870,43.213412,572.652 -2.558896,43.213415,572.872 -2.558926,43.213418,573.063 -2.558952,43.213421,573.034 -2.558978,43.213426,573.255 -2.559006,43.213431,573.410 -2.559032,43.213435,573.609 -2.559058,43.213443,573.875 -2.559083,43.213446,574.081 -2.559110,43.213450,574.243 -2.559134,43.213450,574.421 -2.559158,43.213451,574.899 -2.559186,43.213455,575.026 -2.559212,43.213458,575.213 -2.559239,43.213467,575.283 -2.559258,43.213476,575.654 -2.559272,43.213486,575.647 -2.559288,43.213493,575.829 -2.559306,43.213502,576.021 -2.559317,43.213517,576.409 -2.559326,43.213534,576.666 -2.559332,43.213551,576.832 -2.559335,43.213571,577.274 -2.559336,43.213590,577.622 -2.559337,43.213609,578.090 -2.559334,43.213629,578.437 -2.559335,43.213647,578.684 -2.559337,43.213660,578.844 -2.559330,43.213668,579.055 -2.559327,43.213683,579.092 -2.559324,43.213693,579.473 -2.559315,43.213703,579.620 -2.559309,43.213714,579.809 -2.559313,43.213719,580.041 -2.559313,43.213733,580.237 -2.559314,43.213743,580.469 -2.559316,43.213751,580.677 -2.559318,43.213765,580.855 -2.559319,43.213778,581.052 -2.559322,43.213790,581.239 -2.559319,43.213806,581.439 -2.559319,43.213821,581.430 -2.559316,43.213840,581.686 -2.559310,43.213855,581.860 -2.559316,43.213865,582.026 -2.559320,43.213881,582.209 -2.559325,43.213896,582.410 -2.559331,43.213910,582.696 -2.559332,43.213924,582.848 -2.559336,43.213938,582.836 -2.559341,43.213951,583.044 -2.559345,43.213965,583.271 -2.559347,43.213981,583.448 -2.559350,43.213993,583.658 -2.559357,43.214009,583.859 -2.559359,43.214023,584.055 -2.559361,43.214034,584.207 -2.559366,43.214050,584.417 -2.559369,43.214065,584.609 -2.559373,43.214077,584.687 -2.559376,43.214093,584.853 -2.559378,43.214108,584.855 -2.559380,43.214122,585.063 -2.559384,43.214137,585.021 -2.559385,43.214148,585.268 -2.559386,43.214158,585.435 -2.559379,43.214168,585.695 -2.559374,43.214185,586.056 -2.559378,43.214196,586.286 -2.559379,43.214211,586.460 -2.559377,43.214229,586.626 -2.559379,43.214241,587.009 -2.559379,43.214253,587.250 -2.559378,43.214266,587.496 -2.559383,43.214277,587.848 -2.559378,43.214286,588.016 -2.559382,43.214302,588.424 -2.559384,43.214318,588.661 -2.559383,43.214331,588.828 -2.559384,43.214346,589.058 -2.559381,43.214358,589.279 -2.559379,43.214370,589.217 -2.559381,43.214381,589.487 -2.559382,43.214391,589.415 -2.559383,43.214402,589.609 -2.559382,43.214414,590.043 -2.559382,43.214425,590.479 -2.559380,43.214436,590.661 -2.559382,43.214447,591.099 -2.559383,43.214457,591.267 -2.559381,43.214467,591.474 -2.559373,43.214487,591.661 -2.559374,43.214496,591.891 -2.559382,43.214504,592.022 -2.559384,43.214513,592.261 -2.559387,43.214523,592.421 -2.559389,43.214534,592.613 -2.559385,43.214545,592.809 -2.559381,43.214556,593.058 -2.559378,43.214567,593.214 -2.559375,43.214579,593.256 -2.559371,43.214594,593.234 -2.559366,43.214607,593.452 -2.559364,43.214617,593.629 -2.559362,43.214627,594.046 -2.559361,43.214636,594.456 -2.559359,43.214646,594.817 -2.559357,43.214658,595.035 -2.559353,43.214667,595.286 -2.559349,43.214675,595.414 -2.559347,43.214688,595.809 -2.559344,43.214695,596.015 -2.559341,43.214702,596.411 -2.559338,43.214708,596.873 -2.559334,43.214716,597.021 -2.559327,43.214725,597.259 -2.559328,43.214733,597.446 -2.559329,43.214746,597.613 -2.559323,43.214759,597.893 -2.559318,43.214772,598.064 -2.559316,43.214784,598.277 -2.559317,43.214794,598.461 -2.559317,43.214804,598.627 -2.559319,43.214822,599.009 -2.559319,43.214831,599.039 -2.559323,43.214843,599.295 -2.559323,43.214855,599.427 -2.559327,43.214864,599.625 -2.559333,43.214872,599.643 -2.559340,43.214881,599.880 -2.559346,43.214892,599.887 -2.559352,43.214908,600.027 -2.559358,43.214922,600.028 -2.559368,43.214942,600.272 -2.559380,43.214960,600.213 -2.559394,43.214975,600.014 -2.559409,43.214992,600.009 -2.559423,43.215005,599.879 -2.559442,43.215022,599.845 -2.559463,43.215037,599.867 -2.559481,43.215053,600.045 -2.559501,43.215069,600.013 -2.559516,43.215085,600.270 -2.559534,43.215102,600.297 -2.559556,43.215112,600.447 -2.559582,43.215124,600.698 -2.559603,43.215132,600.862 -2.559625,43.215144,601.083 -2.559649,43.215159,601.211 -2.559675,43.215162,601.409 -2.559705,43.215169,601.618 -2.559730,43.215176,601.884 -2.559758,43.215185,602.086 -2.559786,43.215194,602.094 -2.559815,43.215200,602.012 -2.559841,43.215207,602.259 -2.559861,43.215215,602.416 -2.559876,43.215224,602.636 -2.559893,43.215233,602.867 -2.559907,43.215239,603.088 -2.559926,43.215245,603.224 -2.559947,43.215250,603.226 -2.559968,43.215255,603.009 -2.559984,43.215261,603.020 -2.560001,43.215266,603.086 -2.560015,43.215269,603.218 -2.560027,43.215269,603.436 -2.560028,43.215268,603.654 -2.560028,43.215266,603.821 -2.560029,43.215265,603.838 -2.560029,43.215266,603.898 -2.560029,43.215266,603.879 -2.560033,43.215266,603.896 -2.560052,43.215271,603.631 -2.560076,43.215280,603.624 -2.560094,43.215293,603.409 -2.560111,43.215304,603.421 -2.560130,43.215313,603.437 -2.560151,43.215324,603.269 -2.560174,43.215334,603.497 -2.560200,43.215345,603.275 -2.560222,43.215357,603.012 -2.560246,43.215371,603.099 -2.560271,43.215384,602.639 -2.560301,43.215390,602.470 -2.560332,43.215396,602.236 -2.560358,43.215404,602.217 -2.560387,43.215413,602.418 -2.560415,43.215421,602.409 -2.560445,43.215430,602.635 -2.560472,43.215436,602.621 -2.560500,43.215441,602.683 -2.560525,43.215447,602.691 -2.560553,43.215451,602.659 -2.560584,43.215456,602.816 -2.560614,43.215459,603.033 -2.560647,43.215460,603.273 -2.560674,43.215465,603.254 -2.560704,43.215471,603.454 -2.560737,43.215478,603.456 -2.560763,43.215484,603.211 -2.560787,43.215487,602.809 -2.560809,43.215487,602.697 -2.560824,43.215487,602.453 -2.560840,43.215490,602.215 -2.560860,43.215498,602.423 -2.560882,43.215504,602.881 -2.560908,43.215515,603.048 -2.560930,43.215524,603.045 -2.560954,43.215531,602.875 -2.560977,43.215536,602.286 -2.560989,43.215547,601.629 -2.561007,43.215552,601.200 -2.561029,43.215559,600.820 -2.561048,43.215563,600.609 -2.561066,43.215569,600.614 -2.561086,43.215576,600.680 -2.561107,43.215583,600.432 -2.561125,43.215589,600.070 -2.561139,43.215594,599.488 -2.561158,43.215600,599.015 -2.561183,43.215609,598.682 -2.561202,43.215614,598.232 -2.561223,43.215616,597.813 -2.561241,43.215622,597.488 -2.561258,43.215626,597.024 -2.561271,43.215631,596.626 -2.561284,43.215636,596.409 -2.561300,43.215638,596.270 -2.561314,43.215641,596.086 -2.561331,43.215645,595.878 -2.561350,43.215651,595.416 -2.561365,43.215658,595.264 -2.561383,43.215663,594.881 -2.561398,43.215669,594.648 -2.561416,43.215672,594.288 -2.561430,43.215676,594.039 -2.561439,43.215677,593.882 -2.561438,43.215676,593.843 -2.561439,43.215676,593.617 -2.561437,43.215675,593.809 -2.561439,43.215675,593.890 -2.561452,43.215678,593.876 -2.561465,43.215683,593.618 -2.561490,43.215688,593.436 -2.561513,43.215691,593.294 -2.561536,43.215697,592.631 -2.561555,43.215701,592.228 -2.561574,43.215706,592.018 -2.561593,43.215712,591.879 -2.561607,43.215717,591.648 -2.561622,43.215727,591.661 -2.561639,43.215733,591.617 -2.561659,43.215740,591.409 -2.561670,43.215740,591.486 -2.561682,43.215740,591.252 -2.561691,43.215743,590.874 -2.561711,43.215747,590.492 -2.561728,43.215749,589.650 -2.561740,43.215749,589.047 -2.561752,43.215754,588.484 -2.561764,43.215758,587.844 -2.561774,43.215758,587.495 -2.561785,43.215761,587.044 -2.561796,43.215765,586.805 -2.561806,43.215768,586.415 -2.561815,43.215771,586.209 -2.561827,43.215776,585.826 -2.561841,43.215783,585.432 -2.561855,43.215792,585.094 -2.561870,43.215797,584.812 -2.561883,43.215796,584.420 -2.561895,43.215795,584.227 -2.561905,43.215795,584.024 -2.561914,43.215796,584.024 -2.561922,43.215795,583.885 -2.561931,43.215795,583.812 -2.561944,43.215795,583.632 -2.561960,43.215793,583.405 -2.561975,43.215790,583.209 -2.561992,43.215788,583.053 -2.562007,43.215786,583.059 -2.562020,43.215784,582.841 -2.562031,43.215778,582.649 -2.562040,43.215772,582.427 -2.562051,43.215770,582.414 -2.562062,43.215766,582.051 -2.562077,43.215760,582.081 -2.562091,43.215756,581.872 -2.562106,43.215751,581.678 -2.562116,43.215745,581.633 -2.562134,43.215740,581.626 -2.562171,43.215730,581.609 -2.562200,43.215721,582.069 -2.562232,43.215713,582.265 -2.562254,43.215710,582.847 -2.562264,43.215707,583.415 -2.562257,43.215707,583.633 -2.562229,43.215718,583.670 -2.562200,43.215724,583.817 -2.562006,43.215785,582.667 -2.562025,43.215774,582.478 -2.562056,43.215762,582.282 -2.562089,43.215751,581.843 -2.562127,43.215743,581.617 -2.562163,43.215731,581.409 -2.562195,43.215721,581.490 -2.562219,43.215710,581.426 -2.562250,43.215698,581.858 -2.562274,43.215688,582.256 -2.562299,43.215681,582.874 -2.562318,43.215675,583.691 -2.562337,43.215668,584.278 -2.562351,43.215667,584.898 -2.562363,43.215667,585.269 -2.562376,43.215664,585.411 -2.562394,43.215658,585.821 -2.562415,43.215654,586.003 -2.562434,43.215653,586.409 -2.562457,43.215654,586.873 -2.562477,43.215655,587.019 -2.562496,43.215657,587.441 -2.562515,43.215659,587.679 -2.562533,43.215658,588.067 -2.562544,43.215654,588.244 -2.562564,43.215650,588.441 -2.562585,43.215644,588.831 -2.562609,43.215637,589.252 -2.562634,43.215635,589.459 -2.562653,43.215632,589.803 -2.562672,43.215627,590.023 -2.562689,43.215623,590.409 -2.562707,43.215618,590.667 -2.562721,43.215617,590.623 -2.562738,43.215614,590.865 -2.562750,43.215612,591.013 -2.562762,43.215608,591.021 -2.562773,43.215602,591.058 -2.562775,43.215596,591.075 -2.562780,43.215596,591.015 -2.562781,43.215602,591.066 -2.562784,43.215598,591.299 -2.562793,43.215590,591.207 -2.562812,43.215582,591.227 -2.562838,43.215575,591.409 -2.562866,43.215565,591.661 -2.562891,43.215556,592.067 -2.562910,43.215548,592.279 -2.562925,43.215540,592.487 -2.562951,43.215527,592.635 -2.562978,43.215516,592.692 -2.563004,43.215511,592.879 -2.563038,43.215512,593.069 -2.563071,43.215519,593.020 -2.563088,43.215529,593.081 -2.563105,43.215538,593.261 -2.563126,43.215546,593.417 -2.563151,43.215556,593.409 -2.563172,43.215561,593.670 -2.563201,43.215565,593.846 -2.563226,43.215565,593.838 -2.563252,43.215564,594.076 -2.563277,43.215566,594.044 -2.563299,43.215569,594.031 -2.563318,43.215577,594.068 -2.563337,43.215586,594.038 -2.563358,43.215594,594.259 -2.563379,43.215602,594.278 -2.563401,43.215609,594.433 -2.563426,43.215619,594.426 -2.563452,43.215631,594.209 -2.563474,43.215636,594.059 -2.563501,43.215647,593.655 -2.563519,43.215654,593.477 -2.563530,43.215668,593.275 -2.563533,43.215680,593.283 -2.563535,43.215692,593.290 -2.563541,43.215704,593.477 -2.563546,43.215711,593.627 -2.563555,43.215719,593.818 -2.563568,43.215732,593.828 -2.563580,43.215743,593.889 -2.563597,43.215756,593.817 -2.563613,43.215760,593.809 -2.563621,43.215760,593.684 -2.563618,43.215759,593.450 -2.563614,43.215759,593.232 -2.563625,43.215766,593.020 -2.563634,43.215771,593.078 -2.563650,43.215775,592.825 -2.563663,43.215782,592.852 -2.563676,43.215804,592.852 -2.563686,43.215826,592.883 -2.563699,43.215849,592.899 -2.563713,43.215868,593.207 -2.563720,43.215885,593.827 -2.563716,43.215901,594.409 -2.563698,43.215911,594.661 -2.563691,43.215927,594.887 -2.563699,43.215951,595.249 -2.563713,43.215972,595.287 -2.563725,43.215987,595.035 -2.563731,43.215998,595.032 -2.563725,43.216007,595.019 -2.563721,43.216012,595.079 -2.563718,43.216011,595.050 -2.563717,43.216009,595.016 -2.563714,43.216009,595.076 -2.563712,43.216007,594.813 -2.563713,43.216006,594.809 -2.563713,43.216006,594.893 -2.563713,43.216006,594.629 -2.563713,43.216006,594.631 -2.563713,43.216006,594.649 -2.563714,43.216008,594.647 -2.563730,43.216016,594.614 -2.563748,43.216034,594.651 -2.563772,43.216054,594.871 -2.563794,43.216073,595.042 -2.563818,43.216091,595.085 -2.563847,43.216100,595.289 -2.563877,43.216112,595.217 -2.563901,43.216125,595.409 -2.563931,43.216141,595.460 -2.563959,43.216155,595.836 -2.563985,43.216169,596.038 -2.564009,43.216176,596.096 -2.564037,43.216182,596.434 -2.564063,43.216190,596.631 -2.564085,43.216199,596.858 -2.564110,43.216217,597.098 -2.564126,43.216238,597.029 -2.564135,43.216261,596.892 -2.564140,43.216287,596.673 -2.564141,43.216307,596.620 -2.564130,43.216327,596.609 -2.564118,43.216345,596.681 -2.564107,43.216362,596.897 -2.564095,43.216379,596.829 -2.564085,43.216396,596.847 -2.564071,43.216414,596.665 -2.564058,43.216432,596.212 -2.564047,43.216449,596.089 -2.564032,43.216466,595.869 -2.564018,43.216484,595.650 -2.564004,43.216505,595.454 -2.563995,43.216526,595.456 -2.563984,43.216547,595.411 -2.563975,43.216569,595.409 -2.563970,43.216591,595.247 -2.563963,43.216614,595.283 -2.563969,43.216633,595.285 -2.563971,43.216650,595.243 -2.563968,43.216669,595.211 -2.563968,43.216687,595.078 -2.563969,43.216707,595.035 -2.563975,43.216726,595.065 -2.563989,43.216743,595.296 -2.564000,43.216756,595.299 -2.564009,43.216770,595.607 -2.564018,43.216785,595.827 -2.564024,43.216797,596.009 -2.564030,43.216808,596.071 -2.564043,43.216821,596.027 -2.564052,43.216834,596.229 -2.564060,43.216847,596.287 -2.564062,43.216853,596.485 -2.564055,43.216853,596.632 -2.564059,43.216865,597.059 -2.564064,43.216875,597.299 -2.564067,43.216888,597.420 -2.564072,43.216900,597.657 -2.564077,43.216913,597.800 -2.564083,43.216926,598.020 -2.564085,43.216936,598.209 -2.564088,43.216942,598.467 -2.564092,43.216950,598.823 -2.564092,43.216960,599.025 -2.564093,43.216968,599.443 -2.564098,43.216975,599.841 -2.564104,43.216983,600.088 -2.564115,43.216993,600.255 -2.564125,43.217005,600.695 -2.564132,43.217015,600.856 -2.564143,43.217024,600.894 -2.564152,43.217032,601.057 -2.564163,43.217041,601.222 -2.564175,43.217048,601.409 -2.564192,43.217058,601.471 -2.564203,43.217066,601.687 -2.564215,43.217074,601.889 -2.564225,43.217079,602.057 -2.564242,43.217086,602.065 -2.564261,43.217095,602.282 -2.564278,43.217102,602.469 -2.564297,43.217110,602.499 -2.564313,43.217120,602.450 -2.564331,43.217129,602.495 -2.564345,43.217135,602.449 -2.564360,43.217139,602.623 -2.564376,43.217144,602.609 -2.564389,43.217148,602.811 -2.564403,43.217154,603.087 -2.564415,43.217160,603.269 -2.564426,43.217165,603.687 -2.564435,43.217172,603.845 -2.564452,43.217178,604.072 -2.564464,43.217182,604.059 -2.564477,43.217185,604.279 -2.564492,43.217188,604.420 -2.564504,43.217190,604.679 -2.564514,43.217191,604.805 -2.564531,43.217195,605.025 -2.564547,43.217201,605.209 -2.564557,43.217208,605.419 -2.564572,43.217208,605.685 -2.564593,43.217214,605.617 -2.564612,43.217221,605.825 -2.564632,43.217223,606.083 -2.564654,43.217223,606.040 -2.564664,43.217222,606.287 -2.564682,43.217221,606.267 -2.564696,43.217223,606.418 -2.564708,43.217226,606.469 -2.564721,43.217226,606.604 -2.564739,43.217224,607.024 -2.564755,43.217223,607.209 -2.564770,43.217224,607.488 -2.564784,43.217224,607.624 -2.564802,43.217224,607.856 -2.564818,43.217225,608.264 -2.564835,43.217227,608.622 -2.564854,43.217226,608.829 -2.564867,43.217225,609.016 -2.564877,43.217225,609.466 -2.564888,43.217226,609.677 -2.564904,43.217225,610.069 -2.564919,43.217223,610.204 -2.564935,43.217225,610.624 -2.564946,43.217228,610.809 -2.564955,43.217229,611.218 -2.564964,43.217231,611.484 -2.564976,43.217237,611.886 -2.564987,43.217239,612.074 -2.565002,43.217237,612.272 -2.565012,43.217235,612.449 -2.565021,43.217235,612.696 -2.565028,43.217235,613.056 -2.565039,43.217234,613.217 -2.565053,43.217234,613.477 -2.565068,43.217235,613.661 -2.565084,43.217232,613.827 -2.565095,43.217233,614.009 -2.565105,43.217232,614.229 -2.565124,43.217230,614.675 -2.565141,43.217229,614.877 -2.565155,43.217226,615.065 -2.565169,43.217221,615.453 -2.565183,43.217223,615.620 -2.565190,43.217229,615.837 -2.565203,43.217230,616.047 -2.565221,43.217231,616.218 -2.565231,43.217233,616.489 -2.565243,43.217233,616.606 -2.565262,43.217231,616.826 -2.565271,43.217232,617.009 -2.565281,43.217234,617.250 -2.565294,43.217233,617.466 -2.565306,43.217233,617.638 -2.565320,43.217234,617.896 -2.565333,43.217234,618.084 -2.565346,43.217234,618.211 -2.565358,43.217235,618.448 -2.565377,43.217237,618.618 -2.565390,43.217236,618.869 -2.565410,43.217231,618.858 -2.565427,43.217227,619.052 -2.565450,43.217225,619.217 -2.565467,43.217223,619.409 -2.565486,43.217222,619.427 -2.565498,43.217223,619.673 -2.565507,43.217222,619.645 -2.565522,43.217220,619.863 -2.565536,43.217220,620.261 -2.565548,43.217217,620.638 -2.565567,43.217214,621.035 -2.565578,43.217214,621.445 -2.565590,43.217214,621.666 -2.565600,43.217214,621.885 -2.565609,43.217215,622.089 -2.565609,43.217218,622.017 -2.565605,43.217220,622.009 -2.565601,43.217220,622.060 -2.565609,43.217220,622.046 -2.565619,43.217220,622.068 -2.565632,43.217218,622.066 -2.565651,43.217216,622.214 -2.565656,43.217214,622.491 -2.565677,43.217213,622.878 -2.565694,43.217211,623.048 -2.565713,43.217212,623.489 -2.565729,43.217211,623.684 -2.565746,43.217211,624.007 -2.565762,43.217212,624.217 -2.565775,43.217214,624.409 -2.565796,43.217214,624.680 -2.565810,43.217216,624.866 -2.565824,43.217219,624.878 -2.565836,43.217222,625.056 -2.565848,43.217223,625.024 -2.565867,43.217221,624.811 -2.565893,43.217219,625.258 -2.565913,43.217218,625.698 -2.565927,43.217223,626.299 -2.565942,43.217224,626.648 -2.565955,43.217224,627.061 -2.565969,43.217222,627.417 -2.565982,43.217220,627.609 -2.565993,43.217216,627.836 -2.566010,43.217212,628.282 -2.566029,43.217213,628.414 -2.566047,43.217213,628.822 -2.566068,43.217212,629.040 -2.566090,43.217210,629.297 -2.566110,43.217211,629.474 -2.566125,43.217209,629.694 -2.566142,43.217206,629.615 -2.566157,43.217204,629.879 -2.566173,43.217205,630.005 -2.566188,43.217207,630.025 -2.566207,43.217206,630.009 -2.566222,43.217203,630.049 -2.566228,43.217202,630.025 -2.566236,43.217203,630.217 -2.566253,43.217202,630.415 -2.566271,43.217201,630.693 -2.566287,43.217199,631.240 -2.566303,43.217200,631.657 -2.566318,43.217198,631.857 -2.566329,43.217198,632.078 -2.566344,43.217198,632.226 -2.566366,43.217197,632.247 -2.566383,43.217196,632.411 -2.566400,43.217194,632.809 -2.566419,43.217189,633.054 -2.566438,43.217187,633.220 -2.566453,43.217186,633.292 -2.566467,43.217186,633.420 -2.566487,43.217184,633.498 -2.566499,43.217182,633.435 -2.566508,43.217182,633.852 -2.566532,43.217183,634.242 -2.566548,43.217181,634.663 -2.566567,43.217177,635.083 -2.566587,43.217176,635.225 -2.566604,43.217173,635.617 -2.566625,43.217171,635.809 -2.566641,43.217168,636.030 -2.566660,43.217166,636.266 -2.566679,43.217162,636.478 -2.566697,43.217159,636.616 -2.566717,43.217155,636.864 -2.566733,43.217150,637.091 -2.566748,43.217147,637.428 -2.566762,43.217144,637.628 -2.566778,43.217142,637.819 -2.566794,43.217140,638.089 -2.566808,43.217137,638.406 -2.566826,43.217133,638.626 -2.566843,43.217128,639.009 -2.566863,43.217126,639.270 -2.566879,43.217125,639.426 -2.566900,43.217123,639.648 -2.566918,43.217124,639.636 -2.566935,43.217122,639.814 -2.566953,43.217121,639.821 -2.566972,43.217120,640.088 -2.566992,43.217117,640.018 -2.567009,43.217115,640.299 -2.567033,43.217112,640.421 -2.567062,43.217109,640.441 -2.567084,43.217106,640.405 -2.567101,43.217104,640.209 -2.567113,43.217104,640.214 -2.567126,43.217104,640.270 -2.567145,43.217106,640.412 -2.567162,43.217109,640.670 -2.567182,43.217108,641.298 -2.567202,43.217109,641.445 -2.567221,43.217109,641.412 -2.567241,43.217109,641.462 -2.567263,43.217106,641.473 -2.567283,43.217103,641.471 -2.567312,43.217100,641.441 -2.567336,43.217097,641.415 -2.567365,43.217091,641.409 -2.567393,43.217089,641.429 -2.567415,43.217084,641.485 -2.567444,43.217080,641.697 -2.567470,43.217075,641.825 -2.567495,43.217073,642.073 -2.567519,43.217071,642.290 -2.567540,43.217069,642.437 -2.567566,43.217070,642.697 -2.567585,43.217070,642.678 -2.567609,43.217068,642.871 -2.567633,43.217066,642.841 -2.567662,43.217062,643.015 -2.567690,43.217058,643.009 -2.567711,43.217051,643.059 -2.567735,43.217050,643.025 -2.567756,43.217052,643.227 -2.567765,43.217045,643.485 -2.567781,43.217043,643.673 -2.567786,43.217042,643.850 -2.567793,43.217042,643.817 -2.567795,43.217044,643.867 -2.567798,43.217044,643.668 -2.567794,43.217045,643.681 -2.567793,43.217045,643.461 -2.567793,43.217046,643.417 -2.567793,43.217046,643.409 -2.567793,43.217046,643.430 -2.567793,43.217046,643.466 -2.567793,43.217046,643.248 -2.567795,43.217049,643.236 -2.567805,43.217048,643.224 -2.567806,43.217044,643.291 -2.567804,43.217045,643.218 -2.567793,43.217046,643.298 -2.567793,43.217046,643.299 -2.567793,43.217046,643.281 -2.567793,43.217046,643.061 -2.567809,43.217047,643.017 -2.567826,43.217047,642.809 -2.567844,43.217048,642.880 -2.567861,43.217047,642.656 -2.567880,43.217044,642.468 -2.567897,43.217042,642.496 -2.567915,43.217039,642.214 -2.567932,43.217038,642.241 -2.567953,43.217036,642.038 -2.567975,43.217030,641.898 -2.567993,43.217024,641.889 -2.568018,43.217019,642.081 -2.568044,43.217014,642.061 -2.568071,43.217009,642.017 -2.568102,43.217008,642.209 -2.568123,43.217007,642.240 -2.568144,43.216999,642.266 -2.568163,43.216997,642.468 -2.568182,43.216995,642.626 -2.568206,43.216994,643.054 -2.568232,43.216996,643.031 -2.568256,43.216996,643.238 -2.568281,43.216998,643.278 -2.568305,43.217001,643.269 -2.568329,43.217011,643.295 -2.568347,43.217025,643.249 -2.568361,43.217041,643.223 -2.568373,43.217055,643.209 -2.568384,43.217064,643.221 -2.568398,43.217077,643.437 -2.568412,43.217089,643.679 -2.568427,43.217099,644.067 -2.568444,43.217106,644.415 -2.568460,43.217114,644.612 -2.568473,43.217117,645.039 -2.568488,43.217122,645.219 -2.568506,43.217127,645.440 -2.568525,43.217134,645.671 -2.568542,43.217137,645.841 -2.568558,43.217142,646.015 -2.568573,43.217143,646.209 -2.568589,43.217142,646.489 -2.568606,43.217143,646.855 -2.568630,43.217143,646.827 -2.568654,43.217140,647.065 -2.568676,43.217138,647.093 -2.568693,43.217133,647.050 -2.568718,43.217125,647.257 -2.568729,43.217117,647.437 -2.568734,43.217110,647.628 -2.568743,43.217103,647.825 -2.568754,43.217097,648.226 -2.568762,43.217088,648.408 -2.568769,43.217080,648.609 -2.568775,43.217076,648.834 -2.568790,43.217069,649.260 -2.568804,43.217065,649.432 -2.568814,43.217065,649.670 -2.568827,43.217059,650.078 -2.568845,43.217051,650.495 -2.568856,43.217048,650.842 -2.568871,43.217044,651.032 -2.568892,43.217045,651.443 -2.568906,43.217045,651.612 -2.568917,43.217046,651.832 -2.568923,43.217045,652.005 -2.568931,43.217044,652.209 -2.568946,43.217047,652.463 -2.568958,43.217044,652.639 -2.568976,43.217043,652.831 -2.568985,43.217039,653.089 -2.569002,43.217035,653.027 -2.569016,43.217031,653.094 -2.569029,43.217029,653.261 -2.569044,43.217026,653.251 -2.569067,43.217028,653.212 -2.569084,43.217026,653.439 -2.569094,43.217027,653.601 -2.569118,43.217024,653.821 -2.569134,43.217024,654.009 -2.569148,43.217026,654.425 -2.569160,43.217026,654.681 -2.569169,43.217028,655.023 -2.569180,43.217029,655.241 -2.569191,43.217032,655.429 -2.569198,43.217034,655.656 -2.569206,43.217035,655.843 -2.569204,43.217034,656.043 -2.569208,43.217031,656.214 -2.569215,43.217031,656.426 -2.569228,43.217034,656.447 -2.569244,43.217034,656.411 -2.569259,43.217034,656.209 -2.569272,43.217040,656.244 -2.569288,43.217041,656.450 -2.569305,43.217042,656.432 -2.569325,43.217039,656.490 -2.569343,43.217039,656.698 -2.569364,43.217037,656.825 -2.569376,43.217034,656.872 -2.569387,43.217031,657.012 -2.569402,43.217030,657.213 -2.569415,43.217030,657.436 -2.569430,43.217029,657.817 -2.569441,43.217029,658.018 -2.569454,43.217029,658.209 -2.569468,43.217031,658.445 -2.569477,43.217028,658.891 -2.569491,43.217029,659.063 -2.569504,43.217027,659.291 -2.569525,43.217029,659.619 -2.569533,43.217028,660.066 -2.569547,43.217026,660.233 -2.569558,43.217023,660.463 -2.569573,43.217020,660.814 -2.569581,43.217017,661.017 -2.569587,43.217015,661.287 -2.569599,43.217016,661.415 -2.569612,43.217020,661.809 -2.569629,43.217022,662.013 -2.569640,43.217022,662.089 -2.569652,43.217021,662.291 -2.569664,43.217019,662.299 -2.569683,43.217019,662.437 -2.569701,43.217018,662.664 -2.569720,43.217018,662.871 -2.569742,43.217014,663.061 -2.569759,43.217013,663.282 -2.569780,43.217009,663.661 -2.569792,43.217005,663.821 -2.569810,43.217005,664.013 -2.569823,43.217005,664.209 -2.569837,43.217002,664.438 -2.569847,43.216997,664.474 -2.569871,43.216992,664.646 -2.569883,43.216989,664.684 -2.569893,43.216988,664.872 -2.569903,43.216986,664.859 -2.569915,43.216980,664.886 -2.569924,43.216978,665.086 -2.569927,43.216981,665.217 -2.569926,43.216980,665.238 -2.569923,43.216980,665.470 -2.569924,43.216977,665.417 -2.569927,43.216972,665.209 -2.569937,43.216968,665.225 -2.569948,43.216962,665.461 -2.569957,43.216955,665.643 -2.569970,43.216948,665.841 -2.569980,43.216944,666.239 -2.569994,43.216937,666.666 -2.570009,43.216932,667.073 -2.570024,43.216928,667.463 -2.570040,43.216925,667.634 -2.570053,43.216921,667.828 -2.570069,43.216918,668.089 -2.570084,43.216916,668.217 -2.570099,43.216919,668.209 -2.570112,43.216921,668.424 -2.570125,43.216917,668.630 -2.570140,43.216915,669.092 -2.570150,43.216913,669.210 -2.570166,43.216911,669.488 -2.570187,43.216912,669.695 -2.570203,43.216911,669.632 -2.570219,43.216907,669.622 -2.570230,43.216903,669.843 -2.570243,43.216901,670.099 -2.570258,43.216896,670.407 -2.570274,43.216890,670.627 -2.570289,43.216887,671.009 -2.570304,43.216883,671.281 -2.570326,43.216877,671.437 -2.570346,43.216875,671.669 -2.570372,43.216874,671.627 -2.570388,43.216872,671.825 -2.570399,43.216870,671.842 -2.570408,43.216870,671.849 -2.570423,43.216867,671.899 -2.570445,43.216864,672.060 -2.570469,43.216861,672.246 -2.570485,43.216856,672.688 -2.570496,43.216854,673.016 -2.570516,43.216847,673.209 -2.570533,43.216839,673.456 -2.570549,43.216833,673.612 -2.570565,43.216827,673.684 -2.570573,43.216823,673.822 -2.570587,43.216815,673.820 -2.570609,43.216808,674.057 -2.570628,43.216800,674.464 -2.570637,43.216796,674.824 -2.570644,43.216789,675.255 -2.570661,43.216776,675.431 -2.570678,43.216767,675.661 -2.570696,43.216762,675.607 -2.570712,43.216761,675.809 -2.570726,43.216760,675.835 -2.570750,43.216761,675.881 -2.570769,43.216759,675.843 -2.570786,43.216757,675.841 -2.570801,43.216756,675.829 -2.570820,43.216755,675.616 -2.570837,43.216754,675.673 -2.570853,43.216757,675.673 -2.570865,43.216759,675.434 -2.570870,43.216760,675.478 -2.570883,43.216760,675.233 -2.570893,43.216759,675.026 -2.570907,43.216755,674.809 -2.570924,43.216752,674.659 -2.570945,43.216751,674.245 -2.570950,43.216746,674.267 -2.570954,43.216744,674.215 -2.570965,43.216742,674.243 -2.570973,43.216740,674.430 -2.570987,43.216742,674.457 -2.570991,43.216746,674.297 -2.570997,43.216747,674.058 -2.571000,43.216746,673.822 -2.571003,43.216750,673.662 -2.571006,43.216747,673.408 -2.571015,43.216744,673.209 -2.571027,43.216744,673.234 -2.571036,43.216745,673.040 -2.571041,43.216741,673.052 -2.571048,43.216738,673.220 -2.571056,43.216739,673.248 -2.571053,43.216741,673.495 -2.571054,43.216739,673.442 -2.571056,43.216735,673.432 -2.571061,43.216732,673.293 -2.571070,43.216720,673.031 -2.571078,43.216714,672.861 -2.571082,43.216709,672.807 -2.571086,43.216712,672.609 -2.571086,43.216713,672.485 -2.571085,43.216716,672.431 -2.571081,43.216718,672.413 -2.571078,43.216723,672.261 -2.571073,43.216727,672.239 -2.571070,43.216730,672.286 -2.571073,43.216730,672.273 -2.571078,43.216730,672.293 -2.571075,43.216729,672.474 -2.571073,43.216728,672.642 -2.571077,43.216726,672.622 -2.571081,43.216725,672.614 -2.571089,43.216725,672.609 -2.571098,43.216725,672.416 -2.571098,43.216725,672.282 -2.571107,43.216729,671.824 -2.571110,43.216726,671.652 -2.571118,43.216734,671.220 -2.571118,43.216734,671.087 -2.571118,43.216734,670.824 -2.571117,43.216735,670.834 -2.571113,43.216735,670.615 -2.571111,43.216737,670.437 -2.571108,43.216738,669.649 -2.571104,43.216738,668.413 -2.571102,43.216736,668.009 -2.571100,43.216736,668.015 -2.571094,43.216740,667.841 -2.571089,43.216743,667.453 -2.571085,43.216743,668.011 -2.571076,43.216745,668.629 -2.571071,43.216744,669.216 -2.571070,43.216746,669.823 -2.571068,43.216747,670.413 -2.571070,43.216748,671.024 -2.571070,43.216749,671.222 -2.571071,43.216749,671.662 -2.571071,43.216749,671.608 -2.571070,43.216749,671.609 -2.571076,43.216748,671.474 -2.571084,43.216746,671.010 -2.571082,43.216745,670.692 -2.571085,43.216746,670.250 -2.571074,43.216745,670.078 -2.571070,43.216744,669.825 -2.571070,43.216745,669.632 -2.571070,43.216747,669.452 -2.571071,43.216750,669.223 -2.571068,43.216750,669.267 -2.571067,43.216747,669.081 -2.571066,43.216745,669.019 -2.571064,43.216744,669.009 -2.571074,43.216743,669.098 -2.571081,43.216743,669.074 -2.571086,43.216745,669.266 -2.571088,43.216747,669.494 -2.571091,43.216748,669.462 -2.571089,43.216751,669.679 -2.571086,43.216754,669.866 -2.571076,43.216759,669.826 -2.571060,43.216764,670.037 -2.571039,43.216767,669.892 -2.571026,43.216767,669.873 -2.571015,43.216767,669.620 -2.571005,43.216769,669.409 -2.570984,43.216774,669.271 -2.570970,43.216782,669.027 -2.570957,43.216783,668.829 -2.570947,43.216781,668.857 -2.570935,43.216781,668.875 -2.570913,43.216778,669.072 -2.570889,43.216778,669.259 -2.570868,43.216778,669.699 -2.570853,43.216776,669.880 -2.570841,43.216777,670.041 -2.570820,43.216783,670.081 -2.570793,43.216783,670.009 -2.570768,43.216782,670.009 -2.570745,43.216782,670.036 -2.570723,43.216788,670.292 -2.570694,43.216795,670.264 -2.570673,43.216795,670.472 -2.570655,43.216794,670.210 -2.570638,43.216796,670.247 -2.570619,43.216797,670.244 -2.570613,43.216795,670.234 -2.570606,43.216792,670.275 -2.570600,43.216790,670.494 -2.570596,43.216788,670.457 -2.570595,43.216786,670.422 -2.570595,43.216786,670.409 -2.570595,43.216786,670.461 -2.570595,43.216786,670.447 -2.570595,43.216786,670.279 -2.570592,43.216783,670.467 -2.570577,43.216786,670.445 -2.570557,43.216788,670.642 -2.570541,43.216788,670.869 -2.570521,43.216787,671.059 -2.570495,43.216787,671.240 -2.570477,43.216787,671.697 -2.570456,43.216787,671.823 -2.570439,43.216790,672.025 -2.570415,43.216791,672.009 -2.570389,43.216791,672.251 -2.570376,43.216792,672.487 -2.570352,43.216793,672.459 -2.570333,43.216792,672.697 -2.570316,43.216792,672.855 -2.570303,43.216791,673.062 -2.570287,43.216790,673.259 -2.570268,43.216791,673.469 -2.570249,43.216791,673.620 -2.570237,43.216791,673.824 -2.570217,43.216791,673.804 -2.570194,43.216792,674.214 -2.570174,43.216791,674.209 -2.570153,43.216786,674.494 -2.570133,43.216783,674.660 -2.570114,43.216779,674.812 -2.570091,43.216772,674.850 -2.570074,43.216767,675.018 -2.570052,43.216759,675.225 -2.570037,43.216754,675.462 -2.570022,43.216749,675.882 -2.570006,43.216749,676.063 -2.569986,43.216745,676.471 -2.569967,43.216741,676.641 -2.569951,43.216742,676.815 -2.569937,43.216744,677.009 -2.569920,43.216744,677.299 -2.569907,43.216744,677.435 -2.569891,43.216740,677.697 -2.569879,43.216735,677.835 -2.569872,43.216730,677.833 -2.569868,43.216727,678.020 -2.569856,43.216720,678.297 -2.569843,43.216711,678.487 -2.569832,43.216705,678.628 -2.569824,43.216701,678.859 -2.569818,43.216697,678.803 -2.569821,43.216698,678.623 -2.569816,43.216696,678.409 -2.569814,43.216695,678.287 -2.569815,43.216694,678.293 -2.569816,43.216692,678.235 -2.569818,43.216693,678.283 -2.569820,43.216694,678.261 -2.569820,43.216693,678.488 -2.569820,43.216693,678.495 -2.569820,43.216693,678.425 -2.569820,43.216693,678.226 -2.569820,43.216693,678.247 -2.569820,43.216693,678.229 -2.569820,43.216693,678.021 -2.569817,43.216691,678.009 -2.569824,43.216685,678.016 -2.569834,43.216681,678.012 -2.569843,43.216681,678.094 -2.569854,43.216685,678.232 -2.569867,43.216687,678.490 -2.569886,43.216691,678.847 -2.569912,43.216697,679.024 -2.569928,43.216698,679.284 -2.569945,43.216694,679.415 -2.569970,43.216691,679.632 -2.569987,43.216692,679.692 -2.570001,43.216692,679.811 -2.570015,43.216689,680.209 -2.570033,43.216686,680.415 -2.570051,43.216685,680.471 -2.570071,43.216684,680.623 -2.570092,43.216685,680.641 -2.570109,43.216686,680.629 -2.570125,43.216688,680.636 -2.570147,43.216688,680.643 -2.570170,43.216691,680.613 -2.570188,43.216699,680.644 -2.570202,43.216704,680.854 -2.570210,43.216709,680.856 -2.570224,43.216714,680.811 -2.570235,43.216712,680.809 -2.570257,43.216710,680.877 -2.570267,43.216707,680.853 -2.570286,43.216702,681.045 -2.570298,43.216695,681.293 -2.570299,43.216683,681.281 -2.570307,43.216675,681.698 -2.570314,43.216669,681.855 -2.570325,43.216668,682.075 -2.570334,43.216666,682.276 -2.570340,43.216661,682.636 -2.570348,43.216655,682.617 -2.570350,43.216653,682.818 -2.570348,43.216653,683.009 -2.570347,43.216655,683.275 -2.570348,43.216655,683.491 -2.570351,43.216657,683.413 -2.570355,43.216658,683.471 -2.570358,43.216658,683.489 -2.570359,43.216658,683.236 -2.570359,43.216656,683.223 -2.570354,43.216658,683.223 -2.570353,43.216659,683.214 -2.570353,43.216659,683.295 -2.570353,43.216659,683.449 -2.570353,43.216659,683.423 -2.570353,43.216659,683.409 -2.570353,43.216659,683.481 -2.570353,43.216659,683.447 -2.570353,43.216659,683.439 -2.570353,43.216659,683.487 -2.570353,43.216659,683.465 -2.570361,43.216659,683.472 -2.570368,43.216656,683.419 -2.570370,43.216654,683.419 -2.570374,43.216657,683.420 -2.570373,43.216658,683.444 -2.570374,43.216660,683.405 -2.570373,43.216664,683.615 -2.570371,43.216665,683.609 -2.570369,43.216666,683.676 -2.570368,43.216667,683.612 -2.570353,43.216659,683.844 -2.570353,43.216659,683.852 -2.570353,43.216659,683.820 -2.570353,43.216659,683.877 -2.570353,43.216659,683.864 -2.570368,43.216667,683.874 -2.570368,43.216667,683.855 -2.570368,43.216667,683.855 -2.570368,43.216667,683.607 -2.570368,43.216667,683.617 -2.570368,43.216667,683.409 -2.570368,43.216667,683.427 -2.570374,43.216670,683.233 -2.570380,43.216665,683.275 -2.570391,43.216661,683.253 -2.570405,43.216657,683.481 -2.570421,43.216655,683.448 -2.570436,43.216652,683.665 -2.570451,43.216648,683.815 -2.570462,43.216646,684.096 -2.570470,43.216643,684.274 -2.570484,43.216640,684.256 -2.570487,43.216631,684.421 -2.570512,43.216617,684.409 -2.570528,43.216611,684.639 -2.570543,43.216605,684.895 -2.570560,43.216600,685.027 -2.570580,43.216597,685.295 -2.570598,43.216595,685.223 -2.570615,43.216591,685.270 -2.570633,43.216587,685.257 -2.570644,43.216583,685.287 -2.570655,43.216580,685.268 -2.570665,43.216579,685.489 -2.570677,43.216576,685.606 -2.570689,43.216573,685.826 -2.570698,43.216575,686.009 -2.570715,43.216580,686.260 -2.570731,43.216587,686.276 -2.570756,43.216595,686.218 -2.570778,43.216593,686.246 -2.570790,43.216592,685.854 -2.570803,43.216594,685.681 -2.570817,43.216597,685.268 -2.570827,43.216594,685.228 -2.570840,43.216591,685.229 -2.570854,43.216591,685.283 -2.570864,43.216591,685.625 -2.570871,43.216593,686.217 -2.570885,43.216592,686.809 -2.570900,43.216592,687.230 -2.570909,43.216593,687.486 -2.570916,43.216597,687.678 -2.570931,43.216599,687.436 -2.570942,43.216600,687.434 -2.570954,43.216603,687.091 -2.570976,43.216608,686.868 -2.570994,43.216610,686.468 -2.571006,43.216612,686.079 -2.571018,43.216616,685.843 -2.571024,43.216619,685.464 -2.571032,43.216616,685.210 -2.571033,43.216615,685.009 -2.571036,43.216616,685.076 -2.571041,43.216615,685.092 -2.571050,43.216618,685.074 -2.571051,43.216616,685.052 -2.571054,43.216615,685.020 -2.571053,43.216613,685.217 -2.571052,43.216615,685.284 -2.571050,43.216615,685.484 -2.571051,43.216619,685.415 -2.571057,43.216620,685.487 -2.571064,43.216623,685.442 -2.571068,43.216628,685.626 -2.571074,43.216634,685.409 -2.571087,43.216642,685.210 -2.571100,43.216647,685.046 -2.571113,43.216650,684.618 -2.571125,43.216651,684.466 -2.571141,43.216653,684.224 -2.571151,43.216654,684.221 -2.571160,43.216654,684.498 -2.571166,43.216653,684.648 -2.571168,43.216651,684.839 -2.571167,43.216651,684.821 -2.571165,43.216649,685.041 -2.571165,43.216648,685.005 -2.571167,43.216646,685.209 -2.571174,43.216647,685.274 -2.571182,43.216649,685.430 -2.571189,43.216652,685.442 -2.571189,43.216656,685.430 -2.571197,43.216659,685.468 -2.571200,43.216662,685.445 -2.571202,43.216666,685.292 -2.571198,43.216663,685.232 -2.571191,43.216665,685.273 -2.571190,43.216666,685.244 -2.571190,43.216670,685.005 -2.571191,43.216675,685.015 -2.571192,43.216677,685.009 -2.571206,43.216691,685.056 -2.571214,43.216706,685.292 -2.571218,43.216720,685.414 -2.571222,43.216728,685.632 -2.571225,43.216739,685.830 -2.571227,43.216746,686.017 -2.571228,43.216750,686.064 -2.571228,43.216754,686.024 -2.571225,43.216758,686.035 -2.571223,43.216760,686.015 -2.571224,43.216755,686.065 -2.571226,43.216758,686.011 -2.571233,43.216766,686.009 -2.571238,43.216771,686.073 -2.571247,43.216777,686.089 -2.571251,43.216780,686.051 -2.571252,43.216779,686.059 -2.571248,43.216768,686.067 -2.571248,43.216760,686.064 -2.571245,43.216752,686.051 -2.571249,43.216746,686.071 -2.571252,43.216739,685.852 -2.571254,43.216731,685.854 -2.571260,43.216722,685.456 -2.571261,43.216712,685.211 -2.571261,43.216707,685.009 -2.571258,43.216700,684.827 -2.571256,43.216695,684.613 -2.571254,43.216692,684.665 -2.571254,43.216689,684.833 -2.571255,43.216685,684.891 -2.571259,43.216672,684.828 -2.571262,43.216661,684.855 -2.571261,43.216654,685.045 -2.571260,43.216649,685.056 -2.571261,43.216646,685.026 -2.571260,43.216644,685.047 -2.571259,43.216643,685.011 -2.571258,43.216644,685.009 -2.571258,43.216644,685.064 -2.571258,43.216644,685.250 -2.571257,43.216647,685.252 -2.571256,43.216652,685.430 -2.571252,43.216658,685.628 -2.571246,43.216663,685.615 -2.571235,43.216662,685.832 -2.571220,43.216667,686.042 -2.571212,43.216674,686.023 -2.571199,43.216678,686.293 -2.571188,43.216680,686.265 -2.571174,43.216681,686.221 -2.571168,43.216681,686.009 -2.571165,43.216679,685.821 -2.571165,43.216676,685.657 -2.571167,43.216675,685.429 -2.571170,43.216677,685.267 -2.571171,43.216678,685.235 -2.571172,43.216679,685.292 -2.571172,43.216678,685.459 -2.571169,43.216676,685.639 -2.571157,43.216672,685.640 -2.571143,43.216667,685.671 -2.571126,43.216661,685.641 -2.571116,43.216652,685.415 -2.571104,43.216645,685.409 -2.571091,43.216638,685.499 -2.571079,43.216632,685.635 -2.571063,43.216630,686.087 -2.571031,43.216622,686.465 -2.571009,43.216617,686.853 -2.570995,43.216606,687.280 -2.570984,43.216596,687.217 -2.570969,43.216591,687.267 -2.570951,43.216585,687.228 -2.570941,43.216581,687.417 -2.570926,43.216578,687.487 -2.570906,43.216574,687.615 -2.570889,43.216573,687.809 -2.570880,43.216573,687.653 -2.570877,43.216576,687.429 -2.570873,43.216578,687.281 -2.570872,43.216580,687.079 -2.570873,43.216584,686.867 -2.570875,43.216586,686.634 -2.570872,43.216590,686.471 -2.570853,43.216593,686.241 -2.570848,43.216592,685.822 -2.570837,43.216588,685.274 -2.570829,43.216583,684.856 -2.570819,43.216579,684.821 -2.570817,43.216576,684.609 -2.570821,43.216575,684.629 -2.570823,43.216575,684.645 -2.570822,43.216573,684.637 -2.570825,43.216572,684.495 -2.570831,43.216571,684.293 -2.570833,43.216572,684.210 -2.570834,43.216574,684.077 -2.570834,43.216574,684.047 -2.570834,43.216574,684.038 -2.570834,43.216574,684.036 -2.570834,43.216574,683.817 -2.570842,43.216586,683.618 -2.570845,43.216588,683.409 -2.570850,43.216590,683.255 -2.570850,43.216590,683.061 -2.570849,43.216589,682.843 -2.570848,43.216588,682.661 -2.570847,43.216591,682.449 -2.570850,43.216592,682.446 -2.570849,43.216591,682.413 -2.570848,43.216591,682.683 -2.570844,43.216589,682.624 -2.570843,43.216587,682.672 -2.570840,43.216589,682.413 -2.570843,43.216589,682.414 -2.570848,43.216592,682.409 -2.570852,43.216593,682.229 -2.570858,43.216593,682.295 -2.570867,43.216597,682.467 -2.570877,43.216598,682.495 -2.570891,43.216600,682.453 -2.570887,43.216598,682.650 -2.570885,43.216598,682.437 -2.570882,43.216597,682.447 -2.570877,43.216595,682.458 -2.570869,43.216592,682.278 -2.570864,43.216590,682.233 -2.570860,43.216590,682.026 -2.570856,43.216588,682.009 -2.570853,43.216584,682.099 -2.570851,43.216584,681.855 -2.570855,43.216585,681.877 -2.570861,43.216585,681.665 -2.570865,43.216586,681.683 -2.570868,43.216587,681.610 -2.570870,43.216587,681.657 -2.570872,43.216586,681.437 -2.570877,43.216586,681.628 -2.570881,43.216586,681.468 -2.570886,43.216588,681.442 -2.570889,43.216589,681.426 -2.570893,43.216588,681.209 -2.570899,43.216590,681.278 -2.570902,43.216591,681.264 -2.570902,43.216592,681.226 -2.570897,43.216590,681.244 -2.570892,43.216588,681.232 -2.570891,43.216588,681.249 -2.570888,43.216588,681.046 -2.570887,43.216587,681.046 -2.570883,43.216586,681.027 -2.570881,43.216585,681.062 -2.570877,43.216583,681.083 -2.570873,43.216581,681.011 -2.570866,43.216577,681.009 -2.570851,43.216573,681.068 -2.570827,43.216564,681.264 -2.570806,43.216557,681.216 -2.570789,43.216555,681.474 -2.570779,43.216556,681.632 -2.570762,43.216554,681.419 -2.570752,43.216552,681.426 -2.570743,43.216551,681.496 -2.570737,43.216551,681.247 -2.570725,43.216550,681.451 -2.570711,43.216550,681.601 -2.570703,43.216552,681.811 -2.570695,43.216558,682.009 -2.570685,43.216564,682.247 -2.570676,43.216567,682.263 -2.570666,43.216571,682.035 -2.570654,43.216576,681.843 -2.570638,43.216582,681.481 -2.570618,43.216588,681.298 -2.570600,43.216592,681.025 -2.570591,43.216592,681.075 -2.570582,43.216593,681.026 -2.570570,43.216593,681.278 -2.570563,43.216596,681.433 -2.570556,43.216600,681.626 -2.570547,43.216603,681.809 -2.570539,43.216606,681.879 -2.570530,43.216610,681.865 -2.570521,43.216614,681.637 -2.570509,43.216620,681.455 -2.570499,43.216623,681.243 -2.570497,43.216627,681.060 -2.570492,43.216628,681.027 -2.570482,43.216630,681.057 -2.570469,43.216636,681.028 -2.570457,43.216639,681.037 -2.570446,43.216642,681.049 -2.570433,43.216644,680.813 -2.570419,43.216649,680.609 -2.570406,43.216653,680.675 -2.570392,43.216659,680.431 -2.570377,43.216665,680.253 -2.570355,43.216670,680.291 -2.570333,43.216660,679.689 -2.570327,43.216655,679.286 -2.570323,43.216651,678.623 -2.570322,43.216650,677.623 -2.570314,43.216658,677.014 -2.570302,43.216661,676.641 -2.570288,43.216663,676.081 -2.570275,43.216666,675.409 -2.570258,43.216667,674.009 -2.570241,43.216667,674.276 -2.570231,43.216664,674.222 -2.570224,43.216662,674.254 -2.570210,43.216662,674.242 -2.570192,43.216662,674.040 -2.570175,43.216663,673.897 -2.570156,43.216662,673.654 -2.570137,43.216660,673.444 -2.570122,43.216659,673.245 -2.570107,43.216657,673.279 -2.570094,43.216657,673.205 -2.570079,43.216657,673.225 -2.570062,43.216655,673.209 -2.570047,43.216653,673.469 -2.570025,43.216650,673.465 -2.570009,43.216651,673.417 -2.569997,43.216651,673.465 -2.569990,43.216654,673.483 -2.569979,43.216652,673.210 -2.569969,43.216653,673.057 -2.569957,43.216655,672.877 -2.569949,43.216656,672.658 -2.569938,43.216656,672.437 -2.569923,43.216656,672.449 -2.569902,43.216657,672.413 -2.569874,43.216659,672.609 -2.569856,43.216666,672.685 -2.569840,43.216673,673.261 -2.569819,43.216684,673.883 -2.569803,43.216683,674.491 -2.569786,43.216677,674.669 -2.569772,43.216670,674.866 -2.569763,43.216667,675.073 -2.569755,43.216666,675.233 -2.569739,43.216659,675.874 -2.569718,43.216656,676.648 -2.569705,43.216652,677.261 -2.569694,43.216648,677.617 -2.569676,43.216647,677.809 -2.569664,43.216643,678.056 -2.569652,43.216633,678.072 -2.569638,43.216627,678.024 -2.569627,43.216621,678.072 -2.569614,43.216614,678.230 -2.569599,43.216608,678.427 -2.569589,43.216604,678.634 -2.569580,43.216599,678.654 -2.569564,43.216590,678.855 -2.569546,43.216584,678.862 -2.569529,43.216579,678.483 -2.569518,43.216574,678.011 -2.569506,43.216571,677.609 -2.569493,43.216566,677.288 -2.569484,43.216560,676.264 -2.569478,43.216550,676.886 -2.569475,43.216540,677.674 -2.569462,43.216535,678.482 -2.569443,43.216524,679.049 -2.569427,43.216515,679.866 -2.569418,43.216506,680.416 -2.569399,43.216492,680.667 -2.569387,43.216483,680.413 -2.569371,43.216473,680.443 -2.569356,43.216462,680.607 -2.569345,43.216449,680.609 -2.569333,43.216438,680.853 -2.569324,43.216431,680.859 -2.569317,43.216425,681.261 -2.569311,43.216423,681.649 -2.569287,43.216416,682.037 -2.569264,43.216412,682.224 -2.569240,43.216410,682.441 -2.569222,43.216410,682.671 -2.569199,43.216414,682.652 -2.569172,43.216414,682.635 -2.569151,43.216413,682.686 -2.569126,43.216409,682.614 -2.569103,43.216405,682.409 -2.569086,43.216403,682.625 -2.569067,43.216400,682.651 -2.569052,43.216400,682.693 -2.569035,43.216398,682.691 -2.569018,43.216396,682.819 -2.569006,43.216396,682.836 -2.568991,43.216396,683.023 -2.568975,43.216391,683.223 -2.568960,43.216390,683.444 -2.568941,43.216390,683.414 -2.568920,43.216391,683.654 -2.568895,43.216389,683.809 -2.568881,43.216391,684.209 -2.568868,43.216392,684.693 -2.568849,43.216388,684.649 -2.568836,43.216387,684.871 -2.568825,43.216390,685.249 -2.568812,43.216394,685.417 -2.568793,43.216393,685.864 -2.568783,43.216391,686.011 -2.568769,43.216388,686.051 -2.568753,43.216388,686.092 -2.568732,43.216393,685.897 -2.568703,43.216396,685.823 -2.568677,43.216395,685.625 -2.568660,43.216404,685.609 -2.568641,43.216410,685.451 -2.568616,43.216411,685.497 -2.568587,43.216411,685.499 -2.568567,43.216409,684.837 -2.568546,43.216407,684.065 -2.568527,43.216403,682.632 -2.568505,43.216405,682.069 -2.568491,43.216411,681.499 -2.568474,43.216415,680.870 -2.568453,43.216418,680.258 -2.568436,43.216424,679.852 -2.568417,43.216427,679.617 -2.568395,43.216430,679.409 -2.568378,43.216433,678.297 -2.568363,43.216438,676.813 -2.568346,43.216432,675.295 -2.568327,43.216429,674.853 -2.568310,43.216433,674.691 -2.568295,43.216436,674.288 -2.568277,43.216443,674.055 -2.568265,43.216447,674.285 -2.568249,43.216447,674.496 -2.568232,43.216440,674.436 -2.568216,43.216442,675.017 -2.568199,43.216444,675.418 -2.568186,43.216447,676.009 -2.568173,43.216450,676.455 -2.568160,43.216454,677.411 -2.568149,43.216457,677.413 -2.568140,43.216459,677.661 -2.568126,43.216462,677.669 -2.568112,43.216466,677.626 -2.568098,43.216471,677.263 -2.568083,43.216473,676.843 -2.568070,43.216475,676.424 -2.568057,43.216478,676.083 -2.568042,43.216480,675.425 -2.568026,43.216481,675.017 -2.568010,43.216484,675.009 -2.567998,43.216487,674.890 -2.567981,43.216493,674.826 -2.567966,43.216498,674.678 -2.567954,43.216502,674.456 -2.567943,43.216504,674.234 -2.567937,43.216505,673.861 -2.567934,43.216507,673.688 -2.567930,43.216508,673.478 -2.567930,43.216508,673.039 -2.567934,43.216507,672.878 -2.567938,43.216504,672.833 -2.567943,43.216501,672.826 -2.567946,43.216500,672.809 -2.567950,43.216499,673.049 -2.567952,43.216499,673.215 -2.567951,43.216499,673.247 -2.567951,43.216499,673.455 -2.567951,43.216499,673.283 -2.567951,43.216499,673.080 -2.567951,43.216499,672.857 -2.567948,43.216503,672.877 -2.567931,43.216508,672.868 -2.567913,43.216514,672.869 -2.567895,43.216518,672.604 -2.567878,43.216524,672.224 -2.567854,43.216530,671.809 -2.567831,43.216531,671.468 -2.567814,43.216533,670.834 -2.567796,43.216534,670.476 -2.567780,43.216538,670.284 -2.567760,43.216541,670.082 -2.567739,43.216543,669.819 -2.567720,43.216545,669.696 -2.567703,43.216546,669.496 -2.567685,43.216547,669.427 -2.567666,43.216546,669.276 -2.567647,43.216546,669.290 -2.567632,43.216545,669.219 -2.567617,43.216543,669.209 -2.567600,43.216543,669.499 -2.567584,43.216544,669.435 -2.567566,43.216543,669.687 -2.567549,43.216542,669.645 -2.567533,43.216542,669.823 -2.567518,43.216541,669.830 -2.567503,43.216540,669.897 -2.567488,43.216541,670.057 -2.567469,43.216542,669.828 -2.567452,43.216541,669.625 -2.567434,43.216541,669.426 -2.567412,43.216542,669.208 -2.567392,43.216543,668.809 -2.567374,43.216545,668.824 -2.567360,43.216546,668.810 -2.567346,43.216545,668.822 -2.567339,43.216547,668.840 -2.567322,43.216548,669.078 -2.567303,43.216549,669.295 -2.567283,43.216547,669.262 -2.567264,43.216545,669.092 -2.567245,43.216543,669.033 -2.567227,43.216544,669.032 -2.567212,43.216547,668.892 -2.567197,43.216548,668.811 -2.567175,43.216548,668.809 -2.567158,43.216548,669.075 -2.567139,43.216550,669.041 -2.567123,43.216546,669.043 -2.567103,43.216543,669.211 -2.567082,43.216542,669.249 -2.567063,43.216542,669.216 -2.567042,43.216542,669.273 -2.567022,43.216540,669.093 -2.567003,43.216541,668.854 -2.566985,43.216542,668.654 -2.566967,43.216543,668.656 -2.566947,43.216543,668.411 -2.566933,43.216545,668.409 -2.566917,43.216543,668.837 -2.566891,43.216538,669.023 -2.566869,43.216538,669.485 -2.566847,43.216543,670.033 -2.566827,43.216542,670.491 -2.566805,43.216541,670.858 -2.566783,43.216541,670.685 -2.566761,43.216542,670.635 -2.566739,43.216541,670.446 -2.566718,43.216540,670.412 -2.566698,43.216538,670.032 -2.566671,43.216539,670.005 -2.566655,43.216544,669.809 -2.566629,43.216546,669.623 -2.566607,43.216547,669.469 -2.566581,43.216551,669.041 -2.566564,43.216551,668.649 -2.566548,43.216546,667.887 -2.566528,43.216547,667.484 -2.566508,43.216548,667.071 -2.566487,43.216550,666.881 -2.566469,43.216549,667.032 -2.566452,43.216551,666.811 -2.566438,43.216554,666.821 -2.566417,43.216555,666.603 -2.566396,43.216551,666.609 -2.566372,43.216548,666.023 -2.566349,43.216548,665.879 -2.566322,43.216545,665.261 -2.566300,43.216544,664.839 -2.566281,43.216544,664.427 -2.566259,43.216545,664.034 -2.566232,43.216542,663.861 -2.566210,43.216541,663.481 -2.566189,43.216546,663.282 -2.566177,43.216549,663.217 -2.566158,43.216550,663.087 -2.566138,43.216545,662.815 -2.566112,43.216543,662.409 -2.566082,43.216540,661.813 -2.566059,43.216531,661.489 -2.566031,43.216523,660.891 -2.566010,43.216515,660.649 -2.565990,43.216508,660.097 -2.565976,43.216507,659.894 -2.565961,43.216503,659.411 -2.565939,43.216495,658.881 -2.565909,43.216487,658.692 -2.565883,43.216480,658.012 -2.565870,43.216475,657.432 -2.565876,43.216480,657.005 -2.565869,43.216483,656.409 -2.565846,43.216478,656.033 -2.565825,43.216468,655.889 -2.565805,43.216460,655.831 -2.565792,43.216454,655.829 -2.565775,43.216446,655.857 -2.565762,43.216436,655.874 -2.565746,43.216425,655.611 -2.565726,43.216413,655.451 -2.565708,43.216400,655.212 -2.565695,43.216389,655.022 -2.565684,43.216378,654.862 -2.565676,43.216366,654.408 -2.565663,43.216355,654.009 -2.565651,43.216341,653.844 -2.565639,43.216330,653.640 -2.565626,43.216319,653.212 -2.565613,43.216310,652.420 -2.565606,43.216292,651.628 -2.565595,43.216279,651.455 -2.565586,43.216269,650.612 -2.565574,43.216260,650.282 -2.565560,43.216250,649.643 -2.565560,43.216239,649.444 -2.565562,43.216239,649.405 -2.565561,43.216237,649.415 -2.565562,43.216239,649.409 -2.565562,43.216239,650.036 -2.565562,43.216239,650.432 -2.565562,43.216239,651.044 -2.565562,43.216239,651.262 -2.565562,43.216239,651.420 -2.565562,43.216239,651.837 -2.565562,43.216239,652.214 -2.565562,43.216239,652.824 -2.565562,43.216239,653.085 -2.565562,43.216239,653.058 -2.565567,43.216238,652.852 -2.565563,43.216225,652.417 -2.565551,43.216212,652.209 -2.565537,43.216198,652.037 -2.565530,43.216184,651.843 -2.565524,43.216168,651.445 -2.565511,43.216154,651.223 -2.565499,43.216141,650.241 -2.565490,43.216127,649.618 -2.565483,43.216110,649.235 -2.565473,43.216095,648.865 -2.565466,43.216081,648.416 -2.565455,43.216065,647.883 -2.565441,43.216052,647.425 -2.565429,43.216041,646.817 -2.565418,43.216028,646.409 -2.565404,43.216015,646.290 -2.565397,43.216004,645.896 -2.565387,43.215994,645.258 -2.565379,43.215981,644.846 -2.565373,43.215969,644.464 -2.565358,43.215960,644.051 -2.565344,43.215950,643.868 -2.565328,43.215939,643.818 -2.565318,43.215925,643.699 -2.565301,43.215909,643.462 -2.565292,43.215897,642.883 -2.565288,43.215882,642.211 -2.565279,43.215867,642.009 -2.565275,43.215850,641.878 -2.565275,43.215835,641.664 -2.565274,43.215817,641.636 -2.565275,43.215802,641.864 -2.565271,43.215786,641.832 -2.565263,43.215773,641.479 -2.565256,43.215758,641.276 -2.565244,43.215743,641.036 -2.565223,43.215732,640.837 -2.565195,43.215722,640.875 -2.565175,43.215704,640.828 -2.565147,43.215693,640.820 -2.565123,43.215683,641.409 -2.565101,43.215666,642.669 -2.565077,43.215649,643.825 -2.565058,43.215632,644.437 -2.565032,43.215617,644.825 -2.565012,43.215601,644.823 -2.564992,43.215585,644.880 -2.564975,43.215573,644.877 -2.564955,43.215558,644.877 -2.564946,43.215531,644.678 -2.564936,43.215511,644.686 -2.564926,43.215492,644.660 -2.564917,43.215473,644.626 -2.564907,43.215455,644.609 -2.564901,43.215436,644.830 -2.564892,43.215418,645.426 -2.564888,43.215398,646.088 -2.564885,43.215377,646.456 -2.564877,43.215357,646.674 -2.564872,43.215336,646.641 -2.564868,43.215317,646.668 -2.564861,43.215300,646.468 -2.564857,43.215279,646.049 -2.564851,43.215257,645.456 -2.564843,43.215233,644.659 -2.564839,43.215220,644.014 -2.564836,43.215208,643.609 -2.564835,43.215200,643.087 -2.564832,43.215189,643.033 -2.564824,43.215173,643.255 -2.564819,43.215164,643.653 -2.564810,43.215149,644.051 -2.564803,43.215137,644.238 -2.564792,43.215121,644.225 -2.564780,43.215105,644.215 -2.564770,43.215094,644.256 -2.564762,43.215078,644.281 -2.564752,43.215061,644.061 -2.564745,43.215046,643.817 -2.564725,43.215038,643.609 -2.564706,43.215023,643.470 -2.564692,43.215006,643.486 -2.564682,43.214988,643.258 -2.564670,43.214971,643.086 -2.564642,43.214955,642.614 -2.564610,43.214941,642.281 -2.564589,43.214930,641.828 -2.564573,43.214925,641.228 -2.564557,43.214922,641.039 -2.564543,43.214919,640.893 -2.564528,43.214917,640.865 -2.564510,43.214909,640.821 -2.564495,43.214903,640.809 -2.564472,43.214896,640.821 -2.564458,43.214889,640.827 -2.564443,43.214880,640.849 -2.564423,43.214873,640.447 -2.564404,43.214869,640.275 -2.564382,43.214866,639.842 -2.564360,43.214867,639.499 -2.564343,43.214862,639.249 -2.564329,43.214861,638.870 -2.564309,43.214857,638.667 -2.564290,43.214855,638.481 -2.564275,43.214853,638.219 -2.564255,43.214852,637.809 -2.564223,43.214850,637.898 -2.564196,43.214849,637.414 -2.564162,43.214844,637.226 -2.564127,43.214842,637.094 -2.564099,43.214835,636.612 -2.564078,43.214828,636.679 -2.564057,43.214824,636.486 -2.564037,43.214817,636.426 -2.564018,43.214813,636.287 -2.564002,43.214811,636.241 -2.563984,43.214805,636.081 -2.563973,43.214797,635.809 -2.563959,43.214792,635.609 -2.563942,43.214778,635.426 -2.563921,43.214770,635.222 -2.563903,43.214765,634.854 -2.563882,43.214765,634.652 -2.563856,43.214764,634.440 -2.563835,43.214771,634.217 -2.563810,43.214777,634.084 -2.563785,43.214781,633.814 -2.563760,43.214789,633.655 -2.563736,43.214794,633.488 -2.563714,43.214796,633.224 -2.563689,43.214797,632.826 -2.563659,43.214793,632.609 -2.563634,43.214793,632.260 -2.563610,43.214790,632.086 -2.563590,43.214787,631.688 -2.563573,43.214785,631.486 -2.563555,43.214786,631.014 -2.563539,43.214790,630.691 -2.563524,43.214793,630.228 -2.563510,43.214797,629.818 -2.563488,43.214799,629.269 -2.563463,43.214800,629.031 -2.563439,43.214802,629.061 -2.563417,43.214807,629.007 -2.563399,43.214807,629.009 -2.563384,43.214806,628.845 -2.563367,43.214805,628.621 -2.563348,43.214799,628.463 -2.563327,43.214788,628.081 -2.563301,43.214777,627.659 -2.563277,43.214771,627.036 -2.563252,43.214766,626.643 -2.563230,43.214761,626.443 -2.563207,43.214760,626.264 -2.563186,43.214762,626.088 -2.563167,43.214760,625.824 -2.563140,43.214760,625.626 -2.563117,43.214762,625.409 -2.563094,43.214764,625.480 -2.563069,43.214766,625.286 -2.563043,43.214768,625.058 -2.563024,43.214770,625.056 -2.563005,43.214770,624.854 -2.562985,43.214770,624.841 -2.562965,43.214772,624.628 -2.562943,43.214775,624.688 -2.562920,43.214777,624.469 -2.562898,43.214783,624.256 -2.562876,43.214790,624.059 -2.562855,43.214793,623.814 -2.562834,43.214794,623.609 -2.562807,43.214795,623.427 -2.562782,43.214798,623.273 -2.562761,43.214800,623.085 -2.562736,43.214800,622.623 -2.562713,43.214801,622.241 -2.562691,43.214804,622.048 -2.562671,43.214807,621.825 -2.562647,43.214810,621.635 -2.562628,43.214812,621.226 -2.562608,43.214815,621.078 -2.562589,43.214819,620.833 -2.562567,43.214824,620.626 -2.562548,43.214830,620.409 -2.562522,43.214834,620.229 -2.562497,43.214839,620.045 -2.562475,43.214841,619.617 -2.562456,43.214837,619.455 -2.562431,43.214839,619.263 -2.562411,43.214843,619.250 -2.562391,43.214842,619.097 -2.562373,43.214839,618.627 -2.562354,43.214832,617.868 -2.562341,43.214832,616.861 -2.562324,43.214836,616.421 -2.562302,43.214836,616.213 -2.562273,43.214838,616.209 -2.562248,43.214835,616.038 -2.562225,43.214834,616.074 -2.562201,43.214838,616.286 -2.562183,43.214844,615.624 -2.562164,43.214854,615.272 -2.562142,43.214855,615.039 -2.562123,43.214855,614.816 -2.562105,43.214860,614.646 -2.562081,43.214867,614.667 -2.562059,43.214872,614.445 -2.562040,43.214876,614.047 -2.562019,43.214877,613.811 -2.561996,43.214878,613.609 -2.561976,43.214878,612.846 -2.561960,43.214881,611.662 -2.561945,43.214884,610.414 -2.561942,43.214885,610.272 -2.561942,43.214885,610.060 -2.561943,43.214885,610.017 -2.561942,43.214885,610.254 -2.561942,43.214885,610.484 -2.561942,43.214885,610.695 -2.561942,43.214885,610.621 -2.561942,43.214885,610.841 -2.561942,43.214885,611.005 -2.561942,43.214885,611.009 -2.561942,43.214885,611.024 -2.561942,43.214885,611.280 -2.561942,43.214885,611.262 -2.561942,43.214885,611.210 -2.561942,43.214885,611.218 -2.561942,43.214885,611.265 -2.561942,43.214885,611.242 -2.561942,43.214885,611.222 -2.561942,43.214885,611.243 -2.561942,43.214885,611.275 -2.561942,43.214885,611.028 -2.561942,43.214885,611.020 -2.561942,43.214885,611.009 -2.561942,43.214885,610.859 -2.561942,43.214885,611.065 -2.561942,43.214885,611.097 -2.561942,43.214885,611.035 -2.561942,43.214885,611.083 -2.561942,43.214885,611.040 -2.561942,43.214885,611.097 -2.561942,43.214885,611.027 -2.561942,43.214885,610.818 -2.561942,43.214885,610.891 -2.561942,43.214885,610.681 -2.561942,43.214885,610.419 -2.561942,43.214885,610.409 -2.561942,43.214885,610.491 -2.561942,43.214885,610.467 -2.561942,43.214885,610.499 -2.561938,43.214880,610.457 -2.561924,43.214878,610.485 -2.561911,43.214876,610.492 -2.561896,43.214876,610.449 -2.561872,43.214877,610.289 -2.561848,43.214876,610.270 -2.561831,43.214879,610.229 -2.561812,43.214881,610.400 -2.561795,43.214883,610.420 -2.561781,43.214885,610.409 -2.561769,43.214887,610.494 -2.561747,43.214886,610.220 -2.561723,43.214884,609.892 -2.561705,43.214893,609.640 -2.561686,43.214894,609.478 -2.561668,43.214896,609.255 -2.561649,43.214901,609.042 -2.561621,43.214906,609.062 -2.561599,43.214909,608.413 -2.561577,43.214912,608.287 -2.561546,43.214914,608.042 -2.561524,43.214917,607.826 -2.561497,43.214920,607.809 -2.561467,43.214924,608.030 -2.561444,43.214930,607.846 -2.561424,43.214936,607.668 -2.561406,43.214942,607.096 -2.561388,43.214947,606.494 -2.561365,43.214953,605.821 -2.561348,43.214958,605.648 -2.561328,43.214961,605.088 -2.561309,43.214965,604.819 -2.561289,43.214971,604.444 -2.561269,43.214977,603.805 -2.561254,43.214984,602.815 -2.561239,43.214991,601.809 -2.561219,43.214992,601.236 -2.561197,43.214996,601.052 -2.561173,43.215002,600.664 -2.561152,43.215013,600.282 -2.561138,43.215021,599.840 -2.561127,43.215026,599.497 -2.561112,43.215031,599.034 -2.561094,43.215030,598.814 -2.561079,43.215034,598.445 -2.561067,43.215040,598.095 -2.561049,43.215046,597.649 -2.561030,43.215053,597.223 -2.561011,43.215061,596.809 -2.560993,43.215071,596.431 -2.560975,43.215082,595.877 -2.560954,43.215093,595.669 -2.560937,43.215101,595.487 -2.560917,43.215107,594.675 -2.560899,43.215114,594.292 -2.560882,43.215120,593.499 -2.560871,43.215123,593.279 -2.560854,43.215127,592.440 -2.560839,43.215130,592.251 -2.560815,43.215140,591.201 -2.560798,43.215146,590.611 -2.560780,43.215152,589.209 -2.560763,43.215152,588.067 -2.560743,43.215156,587.853 -2.560726,43.215159,587.655 -2.560708,43.215161,587.463 -2.560687,43.215167,587.211 -2.560663,43.215168,587.228 -2.560645,43.215172,587.255 -2.560632,43.215173,587.055 -2.560615,43.215174,587.066 -2.560597,43.215176,586.631 -2.560577,43.215180,586.061 -2.560557,43.215185,585.207 -2.560545,43.215190,584.609 -2.560529,43.215191,584.235 -2.560508,43.215198,583.821 -2.560489,43.215202,583.243 -2.560471,43.215205,582.851 -2.560450,43.215209,582.469 -2.560430,43.215213,582.026 -2.560416,43.215218,581.653 -2.560398,43.215222,581.263 -2.560378,43.215226,580.684 -2.560356,43.215228,580.228 -2.560340,43.215230,579.889 -2.560326,43.215237,579.417 -2.560306,43.215239,579.009 -2.560284,43.215240,578.684 -2.560262,43.215242,577.830 -2.560237,43.215242,577.262 -2.560208,43.215243,576.660 -2.560191,43.215247,575.888 -2.560175,43.215250,575.435 -2.560163,43.215251,574.812 -2.560145,43.215253,574.482 -2.560124,43.215259,574.273 -2.560103,43.215266,573.873 -2.560086,43.215278,573.685 -2.560062,43.215288,573.213 -2.560041,43.215289,572.809 -2.560019,43.215289,572.429 -2.559996,43.215288,572.425 -2.559977,43.215286,572.487 -2.559954,43.215281,572.455 -2.559936,43.215278,572.483 -2.559916,43.215272,572.460 -2.559893,43.215262,572.497 -2.559873,43.215252,572.277 -2.559855,43.215240,572.248 -2.559834,43.215232,572.295 -2.559817,43.215223,572.049 -2.559798,43.215214,571.823 -2.559781,43.215204,571.809 -2.559763,43.215195,571.671 -2.559742,43.215186,571.617 -2.559723,43.215178,571.659 -2.559702,43.215172,571.647 -2.559676,43.215166,571.695 -2.559657,43.215157,571.482 -2.559635,43.215149,571.439 -2.559615,43.215140,571.469 -2.559598,43.215133,571.280 -2.559575,43.215126,571.291 -2.559561,43.215118,571.081 -2.559542,43.215105,570.819 -2.559521,43.215092,570.609 -2.559503,43.215078,570.491 -2.559487,43.215065,570.437 -2.559468,43.215053,570.419 -2.559454,43.215041,570.267 -2.559440,43.215033,570.275 -2.559427,43.215022,570.272 -2.559414,43.215007,570.259 -2.559400,43.214992,570.039 -2.559383,43.214977,570.060 -2.559369,43.214961,569.849 -2.559359,43.214945,569.602 -2.559349,43.214928,569.622 -2.559338,43.214913,569.609 -2.559328,43.214901,569.626 -2.559324,43.214886,569.672 -2.559321,43.214875,569.614 -2.559315,43.214860,569.612 -2.559309,43.214847,569.650 -2.559309,43.214830,569.657 -2.559310,43.214813,569.474 -2.559308,43.214796,569.074 -2.559307,43.214777,568.645 -2.559310,43.214762,568.026 -2.559307,43.214745,567.447 -2.559305,43.214732,566.811 -2.559307,43.214716,566.409 -2.559312,43.214702,566.094 -2.559312,43.214692,565.650 -2.559308,43.214680,565.482 -2.559309,43.214666,565.250 -2.559312,43.214652,564.898 -2.559314,43.214637,564.455 -2.559314,43.214624,564.032 -2.559320,43.214609,563.662 -2.559330,43.214595,563.223 -2.559338,43.214581,562.894 -2.559337,43.214566,562.257 -2.559337,43.214549,562.022 -2.559339,43.214536,561.609 -2.559341,43.214519,561.451 -2.559343,43.214500,561.247 -2.559343,43.214484,561.089 -2.559344,43.214470,560.897 -2.559344,43.214456,560.445 -2.559344,43.214444,560.222 -2.559344,43.214429,559.829 -2.559345,43.214414,559.419 -2.559345,43.214399,559.240 -2.559348,43.214384,558.892 -2.559349,43.214371,558.473 -2.559349,43.214355,558.220 -2.559347,43.214342,558.009 -2.559347,43.214327,557.861 -2.559344,43.214313,557.447 -2.559343,43.214298,557.289 -2.559343,43.214284,557.257 -2.559343,43.214268,557.075 -2.559344,43.214252,556.872 -2.559344,43.214234,556.659 -2.559343,43.214218,556.239 -2.559343,43.214207,556.020 -2.559341,43.214191,555.853 -2.559343,43.214172,555.804 -2.559344,43.214157,555.614 -2.559347,43.214138,555.609 -2.559356,43.214127,555.457 -2.559358,43.214114,555.283 -2.559356,43.214099,555.075 -2.559350,43.214082,554.833 -2.559346,43.214063,554.491 -2.559344,43.214048,554.018 -2.559341,43.214031,553.625 -2.559331,43.214016,553.265 -2.559324,43.214003,552.686 -2.559318,43.213987,552.227 -2.559312,43.213970,552.068 -2.559308,43.213954,551.814 -2.559305,43.213938,551.809 -2.559301,43.213920,551.884 -2.559298,43.213905,551.830 -2.559292,43.213894,552.092 -2.559281,43.213880,552.070 -2.559274,43.213860,551.858 -2.559274,43.213841,551.415 -2.559276,43.213821,551.262 -2.559276,43.213800,551.082 -2.559275,43.213781,550.683 -2.559273,43.213766,550.463 -2.559269,43.213749,550.244 -2.559272,43.213732,549.818 -2.559258,43.213719,549.409 -2.559250,43.213705,549.048 -2.559252,43.213691,548.664 -2.559265,43.213677,548.416 -2.559275,43.213665,548.284 -2.559281,43.213647,548.062 -2.559283,43.213631,547.659 -2.559282,43.213616,547.026 -2.559284,43.213602,546.676 -2.559282,43.213589,546.217 -2.559277,43.213572,545.677 -2.559276,43.213555,545.461 -2.559277,43.213540,545.427 -2.559271,43.213524,545.209 -2.559254,43.213513,545.019 -2.559232,43.213499,544.875 -2.559210,43.213489,544.447 -2.559192,43.213479,544.025 -2.559176,43.213473,543.643 -2.559153,43.213470,543.490 -2.559133,43.213465,543.247 -2.559109,43.213461,542.897 -2.559086,43.213459,542.618 -2.559060,43.213458,542.241 -2.559038,43.213454,541.881 -2.559014,43.213447,541.609 -2.558998,43.213443,541.409 -2.558973,43.213434,541.256 -2.558947,43.213426,541.212 -2.558922,43.213422,541.264 -2.558902,43.213418,541.222 -2.558886,43.213417,541.250 -2.558867,43.213416,541.267 -2.558853,43.213414,541.054 -2.558837,43.213410,541.084 -2.558818,43.213410,540.815 -2.558796,43.213409,540.664 -2.558773,43.213405,540.406 -2.558745,43.213400,540.416 -2.558722,43.213390,540.209 -2.558700,43.213382,540.248 -2.558677,43.213378,540.244 -2.558655,43.213372,540.266 -2.558635,43.213365,540.214 -2.558617,43.213363,540.052 -2.558598,43.213359,540.099 -2.558581,43.213353,539.836 -2.558562,43.213350,539.816 -2.558540,43.213350,539.887 -2.558522,43.213349,540.072 -2.558504,43.213343,540.013 -2.558483,43.213337,540.214 -2.558464,43.213330,540.209 -2.558441,43.213325,540.039 -2.558417,43.213320,540.065 -2.558398,43.213317,540.017 -2.558378,43.213313,539.815 -2.558357,43.213305,539.843 -2.558341,43.213301,539.660 -2.558323,43.213297,539.267 -2.558301,43.213295,539.037 -2.558281,43.213294,538.848 -2.558261,43.213292,538.843 -2.558239,43.213287,539.064 -2.558217,43.213281,539.210 -2.558195,43.213271,539.209 -2.558173,43.213263,539.226 -2.558151,43.213254,539.092 -2.558132,43.213248,538.854 -2.558112,43.213241,538.862 -2.558095,43.213238,538.690 -2.558079,43.213235,538.697 -2.558058,43.213233,538.654 -2.558037,43.213225,538.654 -2.558011,43.213209,538.665 -2.557992,43.213199,538.629 -2.557973,43.213188,538.600 -2.557957,43.213178,538.420 -2.557945,43.213167,538.409 -2.557929,43.213155,538.284 -2.557912,43.213144,538.030 -2.557894,43.213132,537.832 -2.557876,43.213121,537.650 -2.557858,43.213110,537.658 -2.557841,43.213100,537.495 -2.557824,43.213089,537.272 -2.557811,43.213080,537.262 -2.557800,43.213072,537.243 -2.557787,43.213064,537.254 -2.557773,43.213057,537.056 -2.557762,43.213050,537.011 -2.557750,43.213041,537.009 -2.557740,43.213032,536.817 -2.557727,43.213021,536.823 -2.557710,43.213011,536.855 -2.557692,43.213002,536.683 -2.557675,43.212991,536.421 -2.557662,43.212983,536.288 -2.557649,43.212974,536.085 -2.557633,43.212965,535.825 -2.557616,43.212955,535.686 -2.557603,43.212946,535.691 -2.557589,43.212936,535.481 -2.557574,43.212928,535.219 -2.557558,43.212918,535.009 -2.557543,43.212908,534.631 -2.557527,43.212896,534.447 -2.557511,43.212884,534.299 -2.557497,43.212875,534.017 -2.557481,43.212868,533.825 -2.557462,43.212861,533.612 -2.557447,43.212856,533.639 -2.557434,43.212851,533.619 -2.557420,43.212846,533.630 -2.557409,43.212839,533.699 -2.557391,43.212832,533.607 -2.557369,43.212822,533.427 -2.557353,43.212815,533.409 -2.557338,43.212809,533.291 -2.557321,43.212801,533.237 -2.557308,43.212796,533.219 -2.557293,43.212790,533.217 -2.557275,43.212783,533.085 -2.557257,43.212774,533.062 -2.557240,43.212766,533.069 -2.557224,43.212759,532.819 -2.557202,43.212751,532.860 -2.557183,43.212743,532.656 -2.557162,43.212735,532.459 -2.557139,43.212727,532.214 -2.557120,43.212719,532.209 -2.557103,43.212712,532.037 -2.557088,43.212707,532.073 -2.557073,43.212701,532.065 -2.557057,43.212694,532.083 -2.557043,43.212687,532.091 -2.557027,43.212679,532.038 -2.557011,43.212676,531.865 -2.556996,43.212672,531.855 -2.556979,43.212669,531.696 -2.556961,43.212664,531.462 -2.556946,43.212656,531.483 -2.556932,43.212650,531.211 -2.556918,43.212644,531.209 -2.556902,43.212638,531.228 -2.556887,43.212632,531.254 -2.556865,43.212626,531.266 -2.556848,43.212618,531.234 -2.556830,43.212613,531.052 -2.556811,43.212608,531.019 -2.556790,43.212599,530.886 -2.556769,43.212590,530.826 -2.556750,43.212582,530.887 -2.556731,43.212575,530.848 -2.556711,43.212568,530.661 -2.556690,43.212561,530.617 -2.556673,43.212553,530.609 -2.556657,43.212546,530.456 -2.556636,43.212537,530.452 -2.556619,43.212532,530.434 -2.556598,43.212526,530.272 -2.556576,43.212521,530.210 -2.556557,43.212514,530.237 -2.556537,43.212509,530.234 -2.556516,43.212504,530.294 -2.556495,43.212499,530.235 -2.556478,43.212494,530.084 -2.556463,43.212490,530.007 -2.556447,43.212484,530.017 -2.556433,43.212477,530.009 -2.556419,43.212472,529.870 -2.556401,43.212467,529.826 -2.556380,43.212462,529.658 -2.556359,43.212456,529.646 -2.556335,43.212449,529.434 -2.556313,43.212442,529.281 -2.556294,43.212434,529.218 -2.556278,43.212428,529.238 -2.556254,43.212419,529.069 -2.556236,43.212414,529.086 -2.556217,43.212408,528.860 -2.556198,43.212404,528.826 -2.556177,43.212398,528.609 -2.556152,43.212393,528.480 -2.556132,43.212389,528.486 -2.556109,43.212383,528.418 -2.556090,43.212378,528.296 -2.556070,43.212373,528.264 -2.556053,43.212367,528.021 -2.556039,43.212365,527.878 -2.556020,43.212361,527.848 -2.556000,43.212358,527.859 -2.555984,43.212355,527.867 -2.555965,43.212352,527.881 -2.555941,43.212350,527.819 -2.555919,43.212345,528.009 -2.555896,43.212342,528.068 -2.555873,43.212339,527.844 -2.555851,43.212331,527.816 -2.555830,43.212325,527.434 -2.555807,43.212320,527.052 -2.555779,43.212313,526.889 -2.555758,43.212309,526.436 -2.555738,43.212310,526.496 -2.555720,43.212311,526.227 -2.555705,43.212313,526.066 -2.555689,43.212311,525.629 -2.555665,43.212304,525.221 -2.555639,43.212299,524.809 -2.555615,43.212297,524.498 -2.555595,43.212297,524.264 -2.555576,43.212299,523.626 -2.555562,43.212302,523.244 -2.555538,43.212304,523.012 -2.555510,43.212305,522.879 -2.555487,43.212301,522.656 -2.555459,43.212293,522.286 -2.555435,43.212287,522.027 -2.555420,43.212282,521.683 -2.555403,43.212277,521.425 -2.555385,43.212272,521.217 -2.555365,43.212269,521.009 -2.555343,43.212264,521.050 -2.555318,43.212258,520.826 -2.555289,43.212250,520.698 -2.555267,43.212244,520.496 -2.555247,43.212237,520.224 -2.555220,43.212235,519.811 -2.555200,43.212227,519.668 -2.555178,43.212219,519.668 -2.555159,43.212210,519.699 -2.555143,43.212199,519.649 -2.555126,43.212189,519.802 -2.555104,43.212184,519.622 -2.555080,43.212173,519.609 -2.555054,43.212163,519.416 -2.555031,43.212154,519.422 -2.555010,43.212145,519.264 -2.554991,43.212138,519.082 -2.554975,43.212128,518.810 -2.554961,43.212115,518.817 -2.554946,43.212106,518.654 -2.554931,43.212097,518.434 -2.554914,43.212085,518.265 -2.554893,43.212078,518.083 -2.554871,43.212072,518.025 -2.554848,43.212066,517.817 -2.554827,43.212056,517.609 -2.554808,43.212045,517.430 -2.554792,43.212036,517.246 -2.554775,43.212027,517.038 -2.554761,43.212021,516.856 -2.554744,43.212011,516.624 -2.554726,43.212000,516.411 -2.554709,43.211987,516.258 -2.554690,43.211974,516.098 -2.554670,43.211963,515.869 -2.554648,43.211956,515.693 -2.554629,43.211946,515.465 -2.554606,43.211941,515.021 -2.554587,43.211931,514.809 -2.554571,43.211924,514.661 -2.554552,43.211916,514.637 -2.554538,43.211909,514.499 -2.554518,43.211901,514.437 -2.554493,43.211892,514.215 -2.554472,43.211881,514.062 -2.554451,43.211875,513.899 -2.554429,43.211869,513.639 -2.554412,43.211862,513.410 -2.554393,43.211853,513.232 -2.554376,43.211842,513.092 -2.554358,43.211831,512.811 -2.554340,43.211821,512.609 -2.554323,43.211811,512.435 -2.554305,43.211799,512.211 -2.554292,43.211792,512.053 -2.554275,43.211783,512.091 -2.554256,43.211773,512.059 -2.554236,43.211763,512.086 -2.554217,43.211752,512.023 -2.554199,43.211739,511.893 -2.554179,43.211723,511.664 -2.554167,43.211714,511.432 -2.554155,43.211704,511.292 -2.554139,43.211694,511.011 -2.554120,43.211683,510.809 -2.554099,43.211673,510.875 -2.554077,43.211661,510.681 -2.554060,43.211651,510.233 -2.554042,43.211640,510.011 -2.554023,43.211632,509.829 -2.554009,43.211619,509.616 -2.553997,43.211603,509.623 -2.553986,43.211591,509.643 -2.553972,43.211581,509.694 -2.553955,43.211570,509.454 -2.553937,43.211557,509.456 -2.553922,43.211541,509.211 -2.553905,43.211527,508.809 -2.553887,43.211507,508.497 -2.553874,43.211491,508.283 -2.553866,43.211472,507.845 -2.553858,43.211459,507.693 -2.553847,43.211449,507.691 -2.553839,43.211432,507.828 -2.553839,43.211416,507.895 -2.553830,43.211401,508.065 -2.553821,43.211384,508.286 -2.553821,43.211371,508.439 -2.553820,43.211360,508.601 -2.553815,43.211345,508.821 -2.553814,43.211335,509.009 -2.553818,43.211322,509.465 -2.553826,43.211307,509.691 -2.553835,43.211296,509.823 -2.553841,43.211285,510.061 -2.553843,43.211272,510.429 -2.553846,43.211263,510.616 -2.553851,43.211255,510.853 -2.553858,43.211244,511.073 -2.553863,43.211232,511.454 -2.553875,43.211224,511.648 -2.553886,43.211212,512.061 -2.553891,43.211204,512.217 -2.553899,43.211195,512.409 -2.553911,43.211185,512.616 -2.553919,43.211177,512.892 -2.553928,43.211171,513.094 -2.553935,43.211161,513.232 -2.553943,43.211148,513.660 -2.553941,43.211137,514.037 -2.553931,43.211123,514.444 -2.553923,43.211108,514.674 -2.553917,43.211096,514.895 -2.553901,43.211084,514.872 -2.553871,43.211089,514.613 -2.553844,43.211089,514.414 -2.553819,43.211089,514.209 -2.553800,43.211087,513.829 -2.553785,43.211079,513.815 -2.553770,43.211072,513.617 -2.553752,43.211066,513.495 -2.553734,43.211063,513.263 -2.553711,43.211060,513.020 -2.553686,43.211055,512.647 -2.553658,43.211054,512.467 -2.553636,43.211056,512.098 -2.553613,43.211059,511.619 -2.553588,43.211059,511.409 -2.553570,43.211051,511.219 -2.553564,43.211037,511.009 -2.553571,43.211018,510.643 -2.553576,43.211004,510.659 -2.553569,43.210990,510.461 -2.553559,43.210978,510.489 -2.553552,43.210963,510.447 -2.553546,43.210950,510.464 -2.553536,43.210936,510.451 -2.553527,43.210921,510.491 -2.553512,43.210913,510.482 -2.553495,43.210906,510.272 -2.553477,43.210896,510.013 -2.553466,43.210885,509.614 -2.553451,43.210877,509.409 -2.553439,43.210869,509.239 -2.553422,43.210863,509.025 -2.553409,43.210855,509.017 -2.553391,43.210848,509.065 -2.553368,43.210840,509.093 -2.553349,43.210835,509.030 -2.553334,43.210834,508.827 -2.553317,43.210832,508.627 -2.553303,43.210828,508.458 -2.553290,43.210827,508.064 -2.553279,43.210828,507.606 -2.553266,43.210828,507.216 -2.553251,43.210831,506.809 -2.553234,43.210833,506.428 -2.553216,43.210834,506.074 -2.553201,43.210833,505.666 -2.553191,43.210833,505.044 -2.553187,43.210836,504.672 -2.553177,43.210840,504.039 -2.553156,43.210845,503.666 -2.553139,43.210850,503.226 -2.553127,43.210849,503.047 -2.553117,43.210849,502.685 -2.553105,43.210851,502.489 -2.553089,43.210852,502.017 -2.553075,43.210855,501.609 -2.553066,43.210859,501.230 -2.553049,43.210863,501.056 -2.553037,43.210866,500.628 -2.553019,43.210869,500.236 -2.552997,43.210871,500.064 -2.552983,43.210869,499.611 -2.552967,43.210869,499.288 -2.552950,43.210873,498.678 -2.552934,43.210877,498.299 -2.552925,43.210879,497.818 -2.552913,43.210882,497.698 -2.552898,43.210884,497.217 -2.552888,43.210886,496.809 -2.552877,43.210893,496.483 -2.552862,43.210900,496.049 -2.552848,43.210905,495.411 -2.552832,43.210909,495.059 -2.552813,43.210914,494.677 -2.552797,43.210918,494.294 -2.552780,43.210919,493.871 -2.552770,43.210919,493.421 -2.552753,43.210922,492.852 -2.552736,43.210925,492.447 -2.552717,43.210922,492.029 -2.552708,43.210924,491.621 -2.552702,43.210928,491.209 -2.552693,43.210929,490.826 -2.552679,43.210934,490.292 -2.552665,43.210938,490.054 -2.552651,43.210940,489.422 -2.552635,43.210944,489.040 -2.552616,43.210946,488.667 -2.552603,43.210944,488.074 -2.552589,43.210938,487.674 -2.552577,43.210930,487.235 -2.552568,43.210923,486.834 -2.552550,43.210918,486.455 -2.552534,43.210907,486.010 -2.552523,43.210895,485.409 -2.552512,43.210883,485.035 -2.552502,43.210872,484.651 -2.552486,43.210863,484.443 -2.552472,43.210858,484.261 -2.552459,43.210857,483.829 -2.552442,43.210863,483.696 -2.552431,43.210865,483.213 -2.552411,43.210866,482.633 -2.552393,43.210867,482.074 -2.552379,43.210868,481.642 -2.552363,43.210869,481.022 -2.552340,43.210868,480.614 -2.552321,43.210868,480.409 -2.552310,43.210870,479.856 -2.552296,43.210873,479.482 -2.552285,43.210876,478.884 -2.552269,43.210878,478.482 -2.552251,43.210878,478.250 -2.552236,43.210878,477.827 -2.552218,43.210877,477.474 -2.552200,43.210874,477.254 -2.552189,43.210873,476.835 -2.552172,43.210874,476.449 -2.552153,43.210877,475.802 -2.552140,43.210882,475.422 -2.552122,43.210885,475.009 -2.552107,43.210886,474.886 -2.552088,43.210890,474.422 -2.552073,43.210901,474.234 -2.552062,43.210913,473.832 -2.552042,43.210921,473.650 -2.552024,43.210925,473.427 -2.552009,43.210929,473.094 -2.551999,43.210932,472.854 -2.551984,43.210933,472.615 -2.551963,43.210935,472.264 -2.551941,43.210941,472.006 -2.551916,43.210944,471.616 -2.551895,43.210943,471.409 -2.551878,43.210936,471.068 -2.551861,43.210923,470.864 -2.551844,43.210915,470.666 -2.551832,43.210910,470.284 -2.551820,43.210910,469.822 -2.551806,43.210907,469.659 -2.551788,43.210905,469.286 -2.551774,43.210898,468.876 -2.551765,43.210884,468.637 -2.551758,43.210870,468.271 -2.551749,43.210860,468.041 -2.551736,43.210852,467.615 -2.551719,43.210846,467.409 -2.551700,43.210842,467.099 -2.551682,43.210838,466.895 -2.551665,43.210839,466.687 -2.551651,43.210839,466.445 -2.551634,43.210842,466.023 -2.551614,43.210842,465.850 -2.551599,43.210845,465.467 -2.551581,43.210848,465.297 -2.551566,43.210850,464.898 -2.551545,43.210854,464.699 -2.551527,43.210857,464.207 -2.551509,43.210862,464.027 -2.551499,43.210871,463.809 -2.551488,43.210876,463.611 -2.551472,43.210880,463.277 -2.551449,43.210871,462.849 -2.551437,43.210858,462.477 -2.551429,43.210850,462.055 -2.551417,43.210846,461.852 -2.551403,43.210845,461.489 -2.551390,43.210848,461.029 -2.551377,43.210852,460.660 -2.551366,43.210854,460.074 -2.551349,43.210859,459.656 -2.551326,43.210867,459.221 -2.551305,43.210870,458.809 -2.551286,43.210870,458.639 -2.551265,43.210865,458.245 -2.551250,43.210858,458.087 -2.551233,43.210853,457.625 -2.551220,43.210852,457.483 -2.551208,43.210856,456.840 -2.551192,43.210858,456.417 -2.551176,43.210858,456.057 -2.551159,43.210854,455.618 -2.551143,43.210853,455.439 -2.551125,43.210849,455.201 -2.551107,43.210847,454.821 -2.551088,43.210848,454.409 -2.551066,43.210848,454.285 -2.551052,43.210847,453.621 -2.551038,43.210847,453.263 -2.551024,43.210849,453.091 -2.551007,43.210854,452.659 -2.550998,43.210860,452.286 -2.550983,43.210855,451.873 -2.550966,43.210844,451.463 -2.550953,43.210835,451.254 -2.550936,43.210831,450.833 -2.550916,43.210826,450.623 -2.550899,43.210823,450.415 -2.550884,43.210825,450.009 -2.550869,43.210829,449.815 -2.550850,43.210829,449.451 -2.550831,43.210825,448.843 -2.550817,43.210822,448.461 -2.550808,43.210818,447.669 -2.550791,43.210819,447.296 -2.550768,43.210818,446.893 -2.550753,43.210807,446.213 -2.550744,43.210785,446.014 -2.550740,43.210776,445.693 -2.550729,43.210762,445.465 -2.550717,43.210748,445.421 -2.550704,43.210738,445.209 -2.550690,43.210735,445.021 -2.550673,43.210724,444.837 -2.550660,43.210715,444.819 -2.550647,43.210705,444.617 -2.550633,43.210696,444.495 -2.550621,43.210684,444.212 -2.550609,43.210673,444.029 -2.550591,43.210661,443.629 -2.550573,43.210653,443.260 -2.550555,43.210644,443.099 -2.550539,43.210635,442.607 -2.550521,43.210628,442.427 -2.550507,43.210620,442.209 -2.550495,43.210610,441.821 -2.550481,43.210604,441.467 -2.550476,43.210602,441.049 -2.550473,43.210603,440.857 -2.550473,43.210603,440.615 -2.550475,43.210602,440.432 -2.550474,43.210599,440.239 -2.550465,43.210588,440.299 -2.550455,43.210583,440.090 -2.550438,43.210572,440.065 -2.550419,43.210563,439.868 -2.550400,43.210559,439.614 -2.550383,43.210561,439.409 -2.550366,43.210565,439.258 -2.550345,43.210560,438.834 -2.550328,43.210556,438.426 -2.550310,43.210556,438.234 -2.550296,43.210559,437.892 -2.550280,43.210560,437.449 -2.550261,43.210562,437.246 -2.550238,43.210563,436.886 -2.550216,43.210561,436.457 -2.550193,43.210562,436.042 -2.550172,43.210563,435.622 -2.550150,43.210567,435.214 -2.550129,43.210569,434.809 -2.550110,43.210573,434.626 -2.550090,43.210574,434.242 -2.550069,43.210574,434.094 -2.550048,43.210579,433.622 -2.550022,43.210586,433.260 -2.550001,43.210587,433.087 -2.549981,43.210585,432.654 -2.549959,43.210583,432.264 -2.549944,43.210587,432.055 -2.549931,43.210590,431.631 -2.549911,43.210595,431.461 -2.549892,43.210600,431.007 -2.549871,43.210606,430.609 -2.549852,43.210611,430.475 -2.549831,43.210616,430.041 -2.549811,43.210619,429.873 -2.549789,43.210622,429.671 -2.549772,43.210628,429.429 -2.549748,43.210637,429.236 -2.549726,43.210643,429.223 -2.549707,43.210648,429.093 -2.549684,43.210654,428.834 -2.549660,43.210660,428.698 -2.549636,43.210665,428.415 -2.549614,43.210664,428.226 -2.549594,43.210664,428.009 -2.549577,43.210664,427.871 -2.549560,43.210663,427.617 -2.549540,43.210663,427.429 -2.549515,43.210668,427.297 -2.549494,43.210669,426.825 -2.549475,43.210670,426.642 -2.549454,43.210669,426.429 -2.549433,43.210669,426.269 -2.549413,43.210671,426.080 -2.549390,43.210677,425.837 -2.549371,43.210686,425.649 -2.549349,43.210694,425.413 -2.549324,43.210699,425.009 -2.549306,43.210701,424.865 -2.549287,43.210705,424.411 -2.549266,43.210709,424.073 -2.549249,43.210707,423.831 -2.549229,43.210709,423.449 -2.549208,43.210711,423.036 -2.549183,43.210718,422.863 -2.549160,43.210724,422.653 -2.549141,43.210726,422.424 -2.549122,43.210727,422.221 -2.549106,43.210726,421.841 -2.549084,43.210730,421.605 -2.549065,43.210736,421.409 -2.549040,43.210738,421.224 -2.549013,43.210742,421.070 -2.548991,43.210747,420.882 -2.548968,43.210756,420.670 -2.548949,43.210761,420.498 -2.548929,43.210765,420.245 -2.548914,43.210769,420.012 -2.548896,43.210773,419.822 -2.548875,43.210781,419.693 -2.548856,43.210786,419.472 -2.548838,43.210790,419.213 -2.548819,43.210797,419.014 -2.548802,43.210802,419.009 -2.548785,43.210807,419.099 -2.548772,43.210809,418.815 -2.548755,43.210813,418.867 -2.548733,43.210817,418.645 -2.548702,43.210821,418.663 -2.548686,43.210826,418.440 -2.548665,43.210830,418.277 -2.548644,43.210834,418.027 -2.548626,43.210836,417.648 -2.548605,43.210839,417.471 -2.548581,43.210844,417.241 -2.548557,43.210848,416.815 -2.548535,43.210853,416.609 -2.548510,43.210858,416.469 -2.548488,43.210862,416.225 -2.548470,43.210868,416.057 -2.548454,43.210873,415.815 -2.548441,43.210874,415.653 -2.548421,43.210878,415.430 -2.548400,43.210882,415.057 -2.548377,43.210889,414.467 -2.548358,43.210896,414.038 -2.548343,43.210900,413.698 -2.548322,43.210904,413.215 -2.548304,43.210907,413.026 -2.548287,43.210905,412.609 -2.548267,43.210906,412.291 -2.548247,43.210908,411.887 -2.548230,43.210909,411.419 -2.548212,43.210911,411.067 -2.548190,43.210916,410.635 -2.548173,43.210919,410.472 -2.548155,43.210919,410.039 -2.548137,43.210924,409.879 -2.548119,43.210929,409.630 -2.548093,43.210935,409.466 -2.548075,43.210940,409.029 -2.548061,43.210946,408.421 -2.548035,43.210951,408.009 -2.548010,43.210952,407.858 -2.547985,43.210955,407.674 -2.547966,43.210961,407.216 -2.547948,43.210967,407.264 -2.547931,43.210970,407.082 -2.547914,43.210970,406.669 -2.547892,43.210968,406.236 -2.547868,43.210968,405.836 -2.547853,43.210972,405.427 -2.547840,43.210970,405.026 -2.547830,43.210970,404.647 -2.547813,43.210973,404.211 -2.547798,43.210980,404.009 -2.547778,43.210982,403.884 -2.547760,43.210984,403.610 -2.547746,43.210987,403.462 -2.547719,43.210991,403.270 -2.547700,43.210991,403.068 -2.547681,43.210993,402.675 -2.547663,43.211003,402.242 -2.547651,43.211014,402.022 -2.547646,43.211021,401.663 -2.547646,43.211025,401.435 -2.547638,43.211029,401.086 -2.547623,43.211029,400.814 -2.547607,43.211035,400.609 -2.547588,43.211042,400.495 -2.547561,43.211048,400.411 -2.547536,43.211047,400.273 -2.547517,43.211043,400.271 -2.547501,43.211041,400.289 -2.547481,43.211041,400.216 -2.547462,43.211041,400.243 -2.547444,43.211042,400.283 -2.547423,43.211044,400.014 -2.547403,43.211046,400.014 -2.547387,43.211044,400.054 -2.547369,43.211047,399.809 -2.547353,43.211047,399.609 -2.547332,43.211055,399.493 -2.547309,43.211056,399.239 -2.547288,43.211055,398.821 -2.547268,43.211056,398.679 -2.547248,43.211057,398.437 -2.547231,43.211058,398.234 -2.547217,43.211058,398.071 -2.547201,43.211056,397.871 -2.547187,43.211057,397.652 -2.547171,43.211057,397.696 -2.547155,43.211057,397.431 -2.547139,43.211058,397.424 -2.547119,43.211060,397.209 -2.547098,43.211062,397.281 -2.547084,43.211062,397.017 -2.547067,43.211062,396.899 -2.547049,43.211062,396.827 -2.547033,43.211063,396.625 -2.547020,43.211066,396.652 -2.547003,43.211069,396.429 -2.546986,43.211071,396.299 -2.546967,43.211072,396.080 -2.546948,43.211073,395.841 -2.546931,43.211077,395.881 -2.546916,43.211079,395.609 -2.546898,43.211082,395.409 -2.546879,43.211084,395.496 -2.546863,43.211085,395.222 -2.546841,43.211086,395.024 -2.546819,43.211089,395.082 -2.546797,43.211090,395.040 -2.546775,43.211088,395.037 -2.546754,43.211087,395.054 -2.546739,43.211088,394.854 -2.546724,43.211089,394.695 -2.546704,43.211090,394.235 -2.546684,43.211089,394.086 -2.546663,43.211088,393.814 -2.546643,43.211089,393.609 -2.546625,43.211088,393.475 -2.546607,43.211087,393.471 -2.546589,43.211084,393.223 -2.546571,43.211081,393.091 -2.546553,43.211078,393.029 -2.546535,43.211077,392.826 -2.546518,43.211080,392.833 -2.546500,43.211079,392.693 -2.546484,43.211078,392.444 -2.546465,43.211079,392.464 -2.546445,43.211080,392.206 -2.546427,43.211080,392.216 -2.546409,43.211080,392.009 -2.546387,43.211077,392.098 -2.546368,43.211074,391.884 -2.546353,43.211073,391.846 -2.546338,43.211069,391.614 -2.546323,43.211066,391.432 -2.546305,43.211065,391.219 -2.546284,43.211060,391.266 -2.546265,43.211051,391.276 -2.546244,43.211046,391.417 -2.546222,43.211042,391.415 -2.546204,43.211033,391.265 -2.546184,43.211018,391.011 -2.546166,43.211011,390.809 -2.546141,43.211002,390.633 -2.546124,43.210992,390.449 -2.546105,43.210983,390.461 -2.546086,43.210972,390.429 -2.546070,43.210964,390.037 -2.546055,43.210957,389.624 -2.546038,43.210948,389.261 -2.546020,43.210944,389.051 -2.546011,43.210938,388.682 -2.546003,43.210930,388.688 -2.545988,43.210919,388.624 -2.545973,43.210911,388.826 -2.545958,43.210903,388.809 -2.545941,43.210894,388.850 -2.545923,43.210886,388.666 -2.545907,43.210876,388.448 -2.545893,43.210866,388.226 -2.545877,43.210854,388.024 -2.545858,43.210843,387.871 -2.545841,43.210832,387.648 -2.545824,43.210823,387.418 -2.545807,43.210811,387.419 -2.545790,43.210799,387.256 -2.545775,43.210789,387.059 -2.545757,43.210779,387.014 -2.545738,43.210767,386.809 -2.545720,43.210756,386.627 -2.545706,43.210746,386.423 -2.545693,43.210734,386.455 -2.545683,43.210718,386.283 -2.545673,43.210704,386.091 -2.545665,43.210687,385.868 -2.545664,43.210671,385.845 -2.545656,43.210660,385.695 -2.545646,43.210647,385.666 -2.545646,43.210632,385.621 -2.545648,43.210619,385.641 -2.545655,43.210606,385.805 -2.545669,43.210594,385.809 -2.545680,43.210583,385.824 -2.545692,43.210572,386.060 -2.545705,43.210562,386.062 -2.545716,43.210551,386.060 -2.545725,43.210540,386.048 -2.545732,43.210528,386.055 -2.545741,43.210517,386.222 -2.545754,43.210505,386.272 -2.545766,43.210493,386.483 -2.545777,43.210483,386.463 -2.545790,43.210470,386.644 -2.545800,43.210460,386.418 -2.545814,43.210448,386.409 -2.545828,43.210439,386.298 -2.545843,43.210430,386.444 -2.545863,43.210425,386.426 -2.545886,43.210421,386.694 -2.545905,43.210418,386.832 -2.545924,43.210414,387.079 -2.545944,43.210410,387.076 -2.545958,43.210405,387.096 -2.545972,43.210400,387.287 -2.545988,43.210397,387.244 -2.546007,43.210394,387.205 -2.546025,43.210393,387.215 -2.546040,43.210387,387.209 -2.546059,43.210384,387.286 -2.546077,43.210384,387.252 -2.546096,43.210382,387.284 -2.546118,43.210382,387.232 -2.546138,43.210384,387.460 -2.546157,43.210386,387.417 -2.546183,43.210383,387.464 -2.546209,43.210380,387.434 -2.546231,43.210378,387.495 -2.546251,43.210375,387.491 -2.546267,43.210370,387.481 -2.546285,43.210362,387.419 -2.546307,43.210357,387.409 -2.546326,43.210354,387.471 -2.546345,43.210348,387.487 -2.546361,43.210342,387.499 -2.546378,43.210331,387.457 -2.546391,43.210323,387.445 -2.546404,43.210315,387.412 -2.546422,43.210303,387.419 -2.546437,43.210293,387.419 -2.546456,43.210284,387.460 -2.546468,43.210276,387.299 -2.546480,43.210264,387.207</coordinates>
</LineString>
</Placemark>
</Document>
</kml>
