<?xml version="1.0" encoding="UTF-8"?>
<gpx version="1.1" creator="RutasMallabia-splice" xmlns="http://www.topografix.com/GPX/1/1">
<trk><name>Markina-Xemein, Mallukitoko, Zapola eta Bolu Zubia</name><trkseg>
<trkpt lat="43.268586" lon="-2.499590"><ele>80.0</ele></trkpt>
<trkpt lat="43.268544" lon="-2.499642"><ele>80.0</ele></trkpt>
<trkpt lat="43.268496" lon="-2.499697"><ele>79.9</ele></trkpt>
<trkpt lat="43.268461" lon="-2.499753"><ele>80.1</ele></trkpt>
<trkpt lat="43.268422" lon="-2.499807"><ele>80.2</ele></trkpt>
<trkpt lat="43.268381" lon="-2.499863"><ele>80.3</ele></trkpt>
<trkpt lat="43.268342" lon="-2.499920"><ele>80.2</ele></trkpt>
<trkpt lat="43.268304" lon="-2.499977"><ele>80.2</ele></trkpt>
<trkpt lat="43.268266" lon="-2.500035"><ele>80.3</ele></trkpt>
<trkpt lat="43.268227" lon="-2.500095"><ele>80.6</ele></trkpt>
<trkpt lat="43.268195" lon="-2.500157"><ele>80.9</ele></trkpt>
<trkpt lat="43.268163" lon="-2.500217"><ele>81.2</ele></trkpt>
<trkpt lat="43.268125" lon="-2.500275"><ele>81.5</ele></trkpt>
<trkpt lat="43.268090" lon="-2.500333"><ele>81.4</ele></trkpt>
<trkpt lat="43.268048" lon="-2.500387"><ele>81.3</ele></trkpt>
<trkpt lat="43.268006" lon="-2.500442"><ele>81.0</ele></trkpt>
<trkpt lat="43.267965" lon="-2.500492"><ele>81.0</ele></trkpt>
<trkpt lat="43.267920" lon="-2.500542"><ele>81.0</ele></trkpt>
<trkpt lat="43.267878" lon="-2.500590"><ele>81.4</ele></trkpt>
<trkpt lat="43.267834" lon="-2.500635"><ele>81.5</ele></trkpt>
<trkpt lat="43.267795" lon="-2.500675"><ele>81.5</ele></trkpt>
<trkpt lat="43.267760" lon="-2.500708"><ele>81.5</ele></trkpt>
<trkpt lat="43.267728" lon="-2.500742"><ele>81.6</ele></trkpt>
<trkpt lat="43.267696" lon="-2.500775"><ele>81.5</ele></trkpt>
<trkpt lat="43.267658" lon="-2.500812"><ele>81.6</ele></trkpt>
<trkpt lat="43.267622" lon="-2.500848"><ele>81.6</ele></trkpt>
<trkpt lat="43.267581" lon="-2.500882"><ele>81.8</ele></trkpt>
<trkpt lat="43.267539" lon="-2.500918"><ele>81.8</ele></trkpt>
<trkpt lat="43.267491" lon="-2.500948"><ele>81.7</ele></trkpt>
<trkpt lat="43.267450" lon="-2.500985"><ele>81.8</ele></trkpt>
<trkpt lat="43.267408" lon="-2.501023"><ele>81.9</ele></trkpt>
<trkpt lat="43.267360" lon="-2.501060"><ele>82.1</ele></trkpt>
<trkpt lat="43.267315" lon="-2.501102"><ele>82.3</ele></trkpt>
<trkpt lat="43.267274" lon="-2.501143"><ele>82.8</ele></trkpt>
<trkpt lat="43.267226" lon="-2.501188"><ele>83.0</ele></trkpt>
<trkpt lat="43.267184" lon="-2.501237"><ele>83.1</ele></trkpt>
<trkpt lat="43.267142" lon="-2.501285"><ele>83.3</ele></trkpt>
<trkpt lat="43.267104" lon="-2.501340"><ele>83.4</ele></trkpt>
<trkpt lat="43.267062" lon="-2.501395"><ele>83.7</ele></trkpt>
<trkpt lat="43.267024" lon="-2.501445"><ele>83.7</ele></trkpt>
<trkpt lat="43.266986" lon="-2.501500"><ele>83.5</ele></trkpt>
<trkpt lat="43.266954" lon="-2.501558"><ele>83.5</ele></trkpt>
<trkpt lat="43.266922" lon="-2.501617"><ele>83.5</ele></trkpt>
<trkpt lat="43.266893" lon="-2.501675"><ele>83.5</ele></trkpt>
<trkpt lat="43.266861" lon="-2.501735"><ele>83.7</ele></trkpt>
<trkpt lat="43.266832" lon="-2.501793"><ele>83.9</ele></trkpt>
<trkpt lat="43.266800" lon="-2.501853"><ele>84.0</ele></trkpt>
<trkpt lat="43.266774" lon="-2.501910"><ele>84.0</ele></trkpt>
<trkpt lat="43.266742" lon="-2.501962"><ele>84.3</ele></trkpt>
<trkpt lat="43.266717" lon="-2.502012"><ele>84.4</ele></trkpt>
<trkpt lat="43.266701" lon="-2.502057"><ele>84.4</ele></trkpt>
<trkpt lat="43.266685" lon="-2.502090"><ele>84.4</ele></trkpt>
<trkpt lat="43.266666" lon="-2.502102"><ele>84.5</ele></trkpt>
<trkpt lat="43.266634" lon="-2.502068"><ele>84.8</ele></trkpt>
<trkpt lat="43.266614" lon="-2.502040"><ele>84.9</ele></trkpt>
<trkpt lat="43.266582" lon="-2.502013"><ele>85.1</ele></trkpt>
<trkpt lat="43.266547" lon="-2.501988"><ele>85.3</ele></trkpt>
<trkpt lat="43.266509" lon="-2.501963"><ele>85.6</ele></trkpt>
<trkpt lat="43.266470" lon="-2.501933"><ele>85.8</ele></trkpt>
<trkpt lat="43.266438" lon="-2.501907"><ele>85.9</ele></trkpt>
<trkpt lat="43.266403" lon="-2.501883"><ele>86.1</ele></trkpt>
<trkpt lat="43.266365" lon="-2.501862"><ele>86.2</ele></trkpt>
<trkpt lat="43.266326" lon="-2.501837"><ele>86.5</ele></trkpt>
<trkpt lat="43.266288" lon="-2.501808"><ele>86.6</ele></trkpt>
<trkpt lat="43.266246" lon="-2.501787"><ele>86.8</ele></trkpt>
<trkpt lat="43.266211" lon="-2.501762"><ele>87.0</ele></trkpt>
<trkpt lat="43.266179" lon="-2.501743"><ele>87.0</ele></trkpt>
<trkpt lat="43.266141" lon="-2.501712"><ele>87.0</ele></trkpt>
<trkpt lat="43.266112" lon="-2.501687"><ele>87.1</ele></trkpt>
<trkpt lat="43.266090" lon="-2.501665"><ele>87.3</ele></trkpt>
<trkpt lat="43.266070" lon="-2.501645"><ele>87.4</ele></trkpt>
<trkpt lat="43.266051" lon="-2.501635"><ele>87.5</ele></trkpt>
<trkpt lat="43.266022" lon="-2.501632"><ele>87.8</ele></trkpt>
<trkpt lat="43.265990" lon="-2.501628"><ele>87.9</ele></trkpt>
<trkpt lat="43.265958" lon="-2.501610"><ele>88.3</ele></trkpt>
<trkpt lat="43.265930" lon="-2.501598"><ele>88.6</ele></trkpt>
<trkpt lat="43.265891" lon="-2.501593"><ele>88.9</ele></trkpt>
<trkpt lat="43.265859" lon="-2.501590"><ele>89.1</ele></trkpt>
<trkpt lat="43.265824" lon="-2.501598"><ele>89.4</ele></trkpt>
<trkpt lat="43.265795" lon="-2.501620"><ele>89.4</ele></trkpt>
<trkpt lat="43.265776" lon="-2.501658"><ele>89.4</ele></trkpt>
<trkpt lat="43.265770" lon="-2.501707"><ele>89.6</ele></trkpt>
<trkpt lat="43.265760" lon="-2.501758"><ele>89.5</ele></trkpt>
<trkpt lat="43.265754" lon="-2.501817"><ele>89.6</ele></trkpt>
<trkpt lat="43.265747" lon="-2.501878"><ele>89.6</ele></trkpt>
<trkpt lat="43.265744" lon="-2.501943"><ele>89.7</ele></trkpt>
<trkpt lat="43.265734" lon="-2.502013"><ele>89.8</ele></trkpt>
<trkpt lat="43.265728" lon="-2.502080"><ele>89.8</ele></trkpt>
<trkpt lat="43.265722" lon="-2.502152"><ele>89.9</ele></trkpt>
<trkpt lat="43.265712" lon="-2.502227"><ele>90.0</ele></trkpt>
<trkpt lat="43.265706" lon="-2.502300"><ele>89.8</ele></trkpt>
<trkpt lat="43.265693" lon="-2.502378"><ele>89.7</ele></trkpt>
<trkpt lat="43.265686" lon="-2.502460"><ele>89.6</ele></trkpt>
<trkpt lat="43.265680" lon="-2.502540"><ele>89.6</ele></trkpt>
<trkpt lat="43.265670" lon="-2.502620"><ele>89.4</ele></trkpt>
<trkpt lat="43.265664" lon="-2.502703"><ele>89.3</ele></trkpt>
<trkpt lat="43.265654" lon="-2.502788"><ele>89.0</ele></trkpt>
<trkpt lat="43.265651" lon="-2.502870"><ele>88.8</ele></trkpt>
<trkpt lat="43.265661" lon="-2.502952"><ele>88.5</ele></trkpt>
<trkpt lat="43.265667" lon="-2.503037"><ele>88.1</ele></trkpt>
<trkpt lat="43.265667" lon="-2.503117"><ele>88.2</ele></trkpt>
<trkpt lat="43.265664" lon="-2.503198"><ele>88.2</ele></trkpt>
<trkpt lat="43.265654" lon="-2.503280"><ele>88.4</ele></trkpt>
<trkpt lat="43.265645" lon="-2.503353"><ele>88.3</ele></trkpt>
<trkpt lat="43.265629" lon="-2.503415"><ele>88.2</ele></trkpt>
<trkpt lat="43.265610" lon="-2.503478"><ele>88.2</ele></trkpt>
<trkpt lat="43.265590" lon="-2.503550"><ele>88.0</ele></trkpt>
<trkpt lat="43.265581" lon="-2.503625"><ele>87.9</ele></trkpt>
<trkpt lat="43.265571" lon="-2.503700"><ele>87.7</ele></trkpt>
<trkpt lat="43.265562" lon="-2.503773"><ele>87.5</ele></trkpt>
<trkpt lat="43.265562" lon="-2.503852"><ele>87.2</ele></trkpt>
<trkpt lat="43.265552" lon="-2.503923"><ele>86.9</ele></trkpt>
<trkpt lat="43.265546" lon="-2.503998"><ele>86.7</ele></trkpt>
<trkpt lat="43.265536" lon="-2.504068"><ele>86.6</ele></trkpt>
<trkpt lat="43.265526" lon="-2.504135"><ele>86.4</ele></trkpt>
<trkpt lat="43.265514" lon="-2.504205"><ele>86.5</ele></trkpt>
<trkpt lat="43.265507" lon="-2.504272"><ele>86.8</ele></trkpt>
<trkpt lat="43.265504" lon="-2.504335"><ele>86.9</ele></trkpt>
<trkpt lat="43.265504" lon="-2.504398"><ele>87.1</ele></trkpt>
<trkpt lat="43.265514" lon="-2.504458"><ele>87.3</ele></trkpt>
<trkpt lat="43.265533" lon="-2.504510"><ele>87.4</ele></trkpt>
<trkpt lat="43.265565" lon="-2.504585"><ele>87.6</ele></trkpt>
<trkpt lat="43.265590" lon="-2.504640"><ele>87.6</ele></trkpt>
<trkpt lat="43.265613" lon="-2.504698"><ele>87.7</ele></trkpt>
<trkpt lat="43.265613" lon="-2.504755"><ele>87.8</ele></trkpt>
<trkpt lat="43.265597" lon="-2.504812"><ele>87.9</ele></trkpt>
<trkpt lat="43.265581" lon="-2.504868"><ele>88.0</ele></trkpt>
<trkpt lat="43.265562" lon="-2.504925"><ele>88.0</ele></trkpt>
<trkpt lat="43.265533" lon="-2.504988"><ele>88.0</ele></trkpt>
<trkpt lat="43.265510" lon="-2.505057"><ele>87.8</ele></trkpt>
<trkpt lat="43.265485" lon="-2.505132"><ele>87.7</ele></trkpt>
<trkpt lat="43.265466" lon="-2.505207"><ele>87.5</ele></trkpt>
<trkpt lat="43.265446" lon="-2.505265"><ele>87.5</ele></trkpt>
<trkpt lat="43.265430" lon="-2.505310"><ele>87.5</ele></trkpt>
<trkpt lat="43.265434" lon="-2.505338"><ele>87.5</ele></trkpt>
<trkpt lat="43.265453" lon="-2.505368"><ele>87.4</ele></trkpt>
<trkpt lat="43.265466" lon="-2.505412"><ele>87.3</ele></trkpt>
<trkpt lat="43.265482" lon="-2.505438"><ele>87.0</ele></trkpt>
<trkpt lat="43.265498" lon="-2.505460"><ele>86.8</ele></trkpt>
<trkpt lat="43.265523" lon="-2.505482"><ele>86.6</ele></trkpt>
<trkpt lat="43.265542" lon="-2.505512"><ele>86.3</ele></trkpt>
<trkpt lat="43.265552" lon="-2.505557"><ele>86.0</ele></trkpt>
<trkpt lat="43.265562" lon="-2.505610"><ele>86.0</ele></trkpt>
<trkpt lat="43.265565" lon="-2.505657"><ele>86.0</ele></trkpt>
<trkpt lat="43.265568" lon="-2.505710"><ele>86.2</ele></trkpt>
<trkpt lat="43.265568" lon="-2.505765"><ele>86.2</ele></trkpt>
<trkpt lat="43.265565" lon="-2.505820"><ele>86.2</ele></trkpt>
<trkpt lat="43.265562" lon="-2.505873"><ele>86.2</ele></trkpt>
<trkpt lat="43.265562" lon="-2.505927"><ele>86.1</ele></trkpt>
<trkpt lat="43.265552" lon="-2.505980"><ele>86.0</ele></trkpt>
<trkpt lat="43.265546" lon="-2.506032"><ele>86.1</ele></trkpt>
<trkpt lat="43.265533" lon="-2.506085"><ele>86.3</ele></trkpt>
<trkpt lat="43.265523" lon="-2.506142"><ele>86.6</ele></trkpt>
<trkpt lat="43.265510" lon="-2.506197"><ele>87.0</ele></trkpt>
<trkpt lat="43.265504" lon="-2.506258"><ele>87.3</ele></trkpt>
<trkpt lat="43.265494" lon="-2.506320"><ele>87.6</ele></trkpt>
<trkpt lat="43.265488" lon="-2.506382"><ele>87.7</ele></trkpt>
<trkpt lat="43.265482" lon="-2.506443"><ele>88.3</ele></trkpt>
<trkpt lat="43.265475" lon="-2.506502"><ele>88.8</ele></trkpt>
<trkpt lat="43.265485" lon="-2.506552"><ele>89.2</ele></trkpt>
<trkpt lat="43.265507" lon="-2.506577"><ele>89.3</ele></trkpt>
<trkpt lat="43.265542" lon="-2.506585"><ele>89.3</ele></trkpt>
<trkpt lat="43.265574" lon="-2.506577"><ele>89.1</ele></trkpt>
<trkpt lat="43.265606" lon="-2.506557"><ele>89.1</ele></trkpt>
<trkpt lat="43.265632" lon="-2.506538"><ele>89.1</ele></trkpt>
<trkpt lat="43.265651" lon="-2.506523"><ele>89.2</ele></trkpt>
<trkpt lat="43.265680" lon="-2.506507"><ele>89.3</ele></trkpt>
<trkpt lat="43.265706" lon="-2.506503"><ele>89.5</ele></trkpt>
<trkpt lat="43.265728" lon="-2.506520"><ele>89.8</ele></trkpt>
<trkpt lat="43.265744" lon="-2.506555"><ele>89.9</ele></trkpt>
<trkpt lat="43.265747" lon="-2.506598"><ele>90.0</ele></trkpt>
<trkpt lat="43.265747" lon="-2.506645"><ele>90.0</ele></trkpt>
<trkpt lat="43.265760" lon="-2.506695"><ele>90.0</ele></trkpt>
<trkpt lat="43.265770" lon="-2.506748"><ele>89.7</ele></trkpt>
<trkpt lat="43.265786" lon="-2.506800"><ele>89.5</ele></trkpt>
<trkpt lat="43.265789" lon="-2.506837"><ele>89.3</ele></trkpt>
<trkpt lat="43.265770" lon="-2.506870"><ele>89.1</ele></trkpt>
<trkpt lat="43.265747" lon="-2.506883"><ele>89.0</ele></trkpt>
<trkpt lat="43.265722" lon="-2.506883"><ele>88.9</ele></trkpt>
<trkpt lat="43.265686" lon="-2.506885"><ele>88.9</ele></trkpt>
<trkpt lat="43.265651" lon="-2.506887"><ele>88.8</ele></trkpt>
<trkpt lat="43.265626" lon="-2.506888"><ele>88.6</ele></trkpt>
<trkpt lat="43.265606" lon="-2.506898"><ele>88.5</ele></trkpt>
<trkpt lat="43.265590" lon="-2.506922"><ele>88.3</ele></trkpt>
<trkpt lat="43.265581" lon="-2.506962"><ele>88.0</ele></trkpt>
<trkpt lat="43.265581" lon="-2.506992"><ele>87.9</ele></trkpt>
<trkpt lat="43.265571" lon="-2.507030"><ele>87.9</ele></trkpt>
<trkpt lat="43.265565" lon="-2.507072"><ele>87.6</ele></trkpt>
<trkpt lat="43.265562" lon="-2.507113"><ele>87.4</ele></trkpt>
<trkpt lat="43.265555" lon="-2.507157"><ele>87.3</ele></trkpt>
<trkpt lat="43.265562" lon="-2.507195"><ele>87.1</ele></trkpt>
<trkpt lat="43.265562" lon="-2.507233"><ele>87.1</ele></trkpt>
<trkpt lat="43.265562" lon="-2.507275"><ele>87.2</ele></trkpt>
<trkpt lat="43.265552" lon="-2.507317"><ele>87.0</ele></trkpt>
<trkpt lat="43.265549" lon="-2.507357"><ele>87.2</ele></trkpt>
<trkpt lat="43.265546" lon="-2.507397"><ele>87.2</ele></trkpt>
<trkpt lat="43.265549" lon="-2.507428"><ele>87.1</ele></trkpt>
<trkpt lat="43.265562" lon="-2.507475"><ele>87.2</ele></trkpt>
<trkpt lat="43.265587" lon="-2.507498"><ele>87.3</ele></trkpt>
<trkpt lat="43.265606" lon="-2.507510"><ele>87.5</ele></trkpt>
<trkpt lat="43.265626" lon="-2.507547"><ele>87.8</ele></trkpt>
<trkpt lat="43.265642" lon="-2.507563"><ele>87.9</ele></trkpt>
<trkpt lat="43.265648" lon="-2.507597"><ele>88.0</ele></trkpt>
<trkpt lat="43.265651" lon="-2.507647"><ele>88.0</ele></trkpt>
<trkpt lat="43.265654" lon="-2.507712"><ele>88.2</ele></trkpt>
<trkpt lat="43.265661" lon="-2.507778"><ele>88.1</ele></trkpt>
<trkpt lat="43.265664" lon="-2.507853"><ele>88.3</ele></trkpt>
<trkpt lat="43.265670" lon="-2.507938"><ele>88.3</ele></trkpt>
<trkpt lat="43.265680" lon="-2.508022"><ele>88.3</ele></trkpt>
<trkpt lat="43.265686" lon="-2.508098"><ele>88.5</ele></trkpt>
<trkpt lat="43.265696" lon="-2.508177"><ele>88.8</ele></trkpt>
<trkpt lat="43.265702" lon="-2.508252"><ele>88.9</ele></trkpt>
<trkpt lat="43.265709" lon="-2.508332"><ele>89.1</ele></trkpt>
<trkpt lat="43.265715" lon="-2.508410"><ele>89.1</ele></trkpt>
<trkpt lat="43.265722" lon="-2.508490"><ele>89.2</ele></trkpt>
<trkpt lat="43.265722" lon="-2.508570"><ele>89.3</ele></trkpt>
<trkpt lat="43.265722" lon="-2.508643"><ele>89.3</ele></trkpt>
<trkpt lat="43.265715" lon="-2.508700"><ele>89.4</ele></trkpt>
<trkpt lat="43.265715" lon="-2.508778"><ele>89.6</ele></trkpt>
<trkpt lat="43.265715" lon="-2.508845"><ele>89.6</ele></trkpt>
<trkpt lat="43.265722" lon="-2.508915"><ele>89.9</ele></trkpt>
<trkpt lat="43.265722" lon="-2.508988"><ele>89.9</ele></trkpt>
<trkpt lat="43.265715" lon="-2.509058"><ele>89.7</ele></trkpt>
<trkpt lat="43.265715" lon="-2.509130"><ele>89.7</ele></trkpt>
<trkpt lat="43.265715" lon="-2.509200"><ele>89.8</ele></trkpt>
<trkpt lat="43.265715" lon="-2.509272"><ele>90.0</ele></trkpt>
<trkpt lat="43.265715" lon="-2.509342"><ele>90.1</ele></trkpt>
<trkpt lat="43.265722" lon="-2.509410"><ele>90.2</ele></trkpt>
<trkpt lat="43.265725" lon="-2.509472"><ele>90.4</ele></trkpt>
<trkpt lat="43.265715" lon="-2.509520"><ele>90.4</ele></trkpt>
<trkpt lat="43.265712" lon="-2.509553"><ele>90.3</ele></trkpt>
<trkpt lat="43.265712" lon="-2.509582"><ele>90.4</ele></trkpt>
<trkpt lat="43.265712" lon="-2.509607"><ele>90.6</ele></trkpt>
<trkpt lat="43.265715" lon="-2.509655"><ele>90.7</ele></trkpt>
<trkpt lat="43.265722" lon="-2.509683"><ele>90.7</ele></trkpt>
<trkpt lat="43.265715" lon="-2.509722"><ele>90.7</ele></trkpt>
<trkpt lat="43.265709" lon="-2.509765"><ele>90.7</ele></trkpt>
<trkpt lat="43.265696" lon="-2.509818"><ele>90.8</ele></trkpt>
<trkpt lat="43.265686" lon="-2.509875"><ele>90.7</ele></trkpt>
<trkpt lat="43.265670" lon="-2.509933"><ele>90.5</ele></trkpt>
<trkpt lat="43.265654" lon="-2.509992"><ele>90.5</ele></trkpt>
<trkpt lat="43.265645" lon="-2.510048"><ele>90.5</ele></trkpt>
<trkpt lat="43.265629" lon="-2.510105"><ele>90.6</ele></trkpt>
<trkpt lat="43.265613" lon="-2.510162"><ele>90.6</ele></trkpt>
<trkpt lat="43.265597" lon="-2.510215"><ele>90.5</ele></trkpt>
<trkpt lat="43.265584" lon="-2.510272"><ele>90.6</ele></trkpt>
<trkpt lat="43.265565" lon="-2.510337"><ele>90.5</ele></trkpt>
<trkpt lat="43.265546" lon="-2.510402"><ele>90.5</ele></trkpt>
<trkpt lat="43.265517" lon="-2.510465"><ele>90.6</ele></trkpt>
<trkpt lat="43.265494" lon="-2.510527"><ele>90.7</ele></trkpt>
<trkpt lat="43.265466" lon="-2.510583"><ele>90.8</ele></trkpt>
<trkpt lat="43.265430" lon="-2.510640"><ele>90.8</ele></trkpt>
<trkpt lat="43.265398" lon="-2.510693"><ele>90.6</ele></trkpt>
<trkpt lat="43.265373" lon="-2.510748"><ele>90.4</ele></trkpt>
<trkpt lat="43.265350" lon="-2.510808"><ele>90.2</ele></trkpt>
<trkpt lat="43.265331" lon="-2.510867"><ele>90.2</ele></trkpt>
<trkpt lat="43.265309" lon="-2.510915"><ele>90.4</ele></trkpt>
<trkpt lat="43.265283" lon="-2.510953"><ele>90.4</ele></trkpt>
<trkpt lat="43.265264" lon="-2.510985"><ele>90.8</ele></trkpt>
<trkpt lat="43.265251" lon="-2.511003"><ele>90.9</ele></trkpt>
<trkpt lat="43.265238" lon="-2.511030"><ele>91.2</ele></trkpt>
<trkpt lat="43.265219" lon="-2.511060"><ele>91.4</ele></trkpt>
<trkpt lat="43.265206" lon="-2.511095"><ele>91.7</ele></trkpt>
<trkpt lat="43.265190" lon="-2.511140"><ele>91.9</ele></trkpt>
<trkpt lat="43.265174" lon="-2.511170"><ele>91.9</ele></trkpt>
<trkpt lat="43.265165" lon="-2.511202"><ele>92.1</ele></trkpt>
<trkpt lat="43.265158" lon="-2.511240"><ele>92.2</ele></trkpt>
<trkpt lat="43.265152" lon="-2.511280"><ele>92.3</ele></trkpt>
<trkpt lat="43.265149" lon="-2.511325"><ele>92.5</ele></trkpt>
<trkpt lat="43.265146" lon="-2.511377"><ele>92.6</ele></trkpt>
<trkpt lat="43.265136" lon="-2.511430"><ele>92.6</ele></trkpt>
<trkpt lat="43.265136" lon="-2.511487"><ele>92.5</ele></trkpt>
<trkpt lat="43.265136" lon="-2.511545"><ele>92.5</ele></trkpt>
<trkpt lat="43.265136" lon="-2.511605"><ele>92.5</ele></trkpt>
<trkpt lat="43.265136" lon="-2.511665"><ele>92.6</ele></trkpt>
<trkpt lat="43.265139" lon="-2.511725"><ele>92.6</ele></trkpt>
<trkpt lat="43.265146" lon="-2.511787"><ele>92.7</ele></trkpt>
<trkpt lat="43.265149" lon="-2.511838"><ele>92.6</ele></trkpt>
<trkpt lat="43.265149" lon="-2.511890"><ele>92.7</ele></trkpt>
<trkpt lat="43.265158" lon="-2.511935"><ele>92.7</ele></trkpt>
<trkpt lat="43.265171" lon="-2.511975"><ele>92.6</ele></trkpt>
<trkpt lat="43.265184" lon="-2.512007"><ele>92.6</ele></trkpt>
<trkpt lat="43.265190" lon="-2.512038"><ele>92.6</ele></trkpt>
<trkpt lat="43.265190" lon="-2.512072"><ele>92.4</ele></trkpt>
<trkpt lat="43.265178" lon="-2.512107"><ele>92.3</ele></trkpt>
<trkpt lat="43.265155" lon="-2.512137"><ele>92.3</ele></trkpt>
<trkpt lat="43.265133" lon="-2.512162"><ele>92.2</ele></trkpt>
<trkpt lat="43.265107" lon="-2.512180"><ele>92.2</ele></trkpt>
<trkpt lat="43.265085" lon="-2.512193"><ele>92.0</ele></trkpt>
<trkpt lat="43.265059" lon="-2.512202"><ele>92.0</ele></trkpt>
<trkpt lat="43.265030" lon="-2.512208"><ele>92.0</ele></trkpt>
<trkpt lat="43.265005" lon="-2.512227"><ele>92.1</ele></trkpt>
<trkpt lat="43.264986" lon="-2.512258"><ele>92.0</ele></trkpt>
<trkpt lat="43.264973" lon="-2.512293"><ele>91.9</ele></trkpt>
<trkpt lat="43.264966" lon="-2.512340"><ele>91.8</ele></trkpt>
<trkpt lat="43.264966" lon="-2.512393"><ele>91.7</ele></trkpt>
<trkpt lat="43.264960" lon="-2.512448"><ele>91.6</ele></trkpt>
<trkpt lat="43.264954" lon="-2.512507"><ele>91.6</ele></trkpt>
<trkpt lat="43.264947" lon="-2.512567"><ele>91.9</ele></trkpt>
<trkpt lat="43.264938" lon="-2.512623"><ele>92.2</ele></trkpt>
<trkpt lat="43.264928" lon="-2.512683"><ele>92.4</ele></trkpt>
<trkpt lat="43.264915" lon="-2.512745"><ele>92.8</ele></trkpt>
<trkpt lat="43.264909" lon="-2.512810"><ele>93.1</ele></trkpt>
<trkpt lat="43.264906" lon="-2.512868"><ele>93.1</ele></trkpt>
<trkpt lat="43.264906" lon="-2.512932"><ele>93.1</ele></trkpt>
<trkpt lat="43.264899" lon="-2.512993"><ele>93.1</ele></trkpt>
<trkpt lat="43.264899" lon="-2.513055"><ele>93.2</ele></trkpt>
<trkpt lat="43.264896" lon="-2.513122"><ele>93.1</ele></trkpt>
<trkpt lat="43.264896" lon="-2.513185"><ele>93.1</ele></trkpt>
<trkpt lat="43.264899" lon="-2.513248"><ele>93.1</ele></trkpt>
<trkpt lat="43.264899" lon="-2.513303"><ele>93.1</ele></trkpt>
<trkpt lat="43.264896" lon="-2.513357"><ele>93.2</ele></trkpt>
<trkpt lat="43.264893" lon="-2.513407"><ele>93.2</ele></trkpt>
<trkpt lat="43.264890" lon="-2.513445"><ele>93.3</ele></trkpt>
<trkpt lat="43.264890" lon="-2.513503"><ele>93.3</ele></trkpt>
<trkpt lat="43.264893" lon="-2.513547"><ele>93.3</ele></trkpt>
<trkpt lat="43.264893" lon="-2.513613"><ele>93.2</ele></trkpt>
<trkpt lat="43.264890" lon="-2.513667"><ele>93.3</ele></trkpt>
<trkpt lat="43.264877" lon="-2.513718"><ele>93.4</ele></trkpt>
<trkpt lat="43.264861" lon="-2.513768"><ele>93.5</ele></trkpt>
<trkpt lat="43.264848" lon="-2.513820"><ele>93.6</ele></trkpt>
<trkpt lat="43.264838" lon="-2.513870"><ele>93.6</ele></trkpt>
<trkpt lat="43.264829" lon="-2.513918"><ele>93.8</ele></trkpt>
<trkpt lat="43.264819" lon="-2.513967"><ele>93.8</ele></trkpt>
<trkpt lat="43.264816" lon="-2.514015"><ele>94.1</ele></trkpt>
<trkpt lat="43.264806" lon="-2.514060"><ele>94.1</ele></trkpt>
<trkpt lat="43.264797" lon="-2.514103"><ele>94.2</ele></trkpt>
<trkpt lat="43.264787" lon="-2.514148"><ele>94.2</ele></trkpt>
<trkpt lat="43.264774" lon="-2.514198"><ele>94.4</ele></trkpt>
<trkpt lat="43.264758" lon="-2.514230"><ele>94.6</ele></trkpt>
<trkpt lat="43.264736" lon="-2.514277"><ele>94.8</ele></trkpt>
<trkpt lat="43.264720" lon="-2.514315"><ele>95.1</ele></trkpt>
<trkpt lat="43.264710" lon="-2.514352"><ele>95.6</ele></trkpt>
<trkpt lat="43.264701" lon="-2.514380"><ele>96.0</ele></trkpt>
<trkpt lat="43.264710" lon="-2.514407"><ele>96.0</ele></trkpt>
<trkpt lat="43.264710" lon="-2.514447"><ele>96.3</ele></trkpt>
<trkpt lat="43.264714" lon="-2.514485"><ele>96.5</ele></trkpt>
<trkpt lat="43.264723" lon="-2.514533"><ele>96.7</ele></trkpt>
<trkpt lat="43.264730" lon="-2.514563"><ele>96.9</ele></trkpt>
<trkpt lat="43.264730" lon="-2.514595"><ele>97.1</ele></trkpt>
<trkpt lat="43.264733" lon="-2.514633"><ele>97.3</ele></trkpt>
<trkpt lat="43.264736" lon="-2.514673"><ele>97.7</ele></trkpt>
<trkpt lat="43.264739" lon="-2.514712"><ele>97.9</ele></trkpt>
<trkpt lat="43.264739" lon="-2.514753"><ele>97.9</ele></trkpt>
<trkpt lat="43.264749" lon="-2.514797"><ele>97.8</ele></trkpt>
<trkpt lat="43.264755" lon="-2.514842"><ele>97.9</ele></trkpt>
<trkpt lat="43.264762" lon="-2.514883"><ele>97.8</ele></trkpt>
<trkpt lat="43.264768" lon="-2.514920"><ele>97.7</ele></trkpt>
<trkpt lat="43.264771" lon="-2.514965"><ele>97.6</ele></trkpt>
<trkpt lat="43.264778" lon="-2.515018"><ele>97.7</ele></trkpt>
<trkpt lat="43.264781" lon="-2.515063"><ele>97.9</ele></trkpt>
<trkpt lat="43.264790" lon="-2.515107"><ele>97.8</ele></trkpt>
<trkpt lat="43.264800" lon="-2.515147"><ele>97.8</ele></trkpt>
<trkpt lat="43.264816" lon="-2.515178"><ele>97.8</ele></trkpt>
<trkpt lat="43.264832" lon="-2.515205"><ele>97.7</ele></trkpt>
<trkpt lat="43.264858" lon="-2.515213"><ele>97.4</ele></trkpt>
<trkpt lat="43.264886" lon="-2.515207"><ele>97.1</ele></trkpt>
<trkpt lat="43.264915" lon="-2.515195"><ele>96.9</ele></trkpt>
<trkpt lat="43.264950" lon="-2.515182"><ele>96.6</ele></trkpt>
<trkpt lat="43.264989" lon="-2.515168"><ele>96.2</ele></trkpt>
<trkpt lat="43.265018" lon="-2.515160"><ele>96.1</ele></trkpt>
<trkpt lat="43.265053" lon="-2.515153"><ele>96.5</ele></trkpt>
<trkpt lat="43.265078" lon="-2.515137"><ele>96.7</ele></trkpt>
<trkpt lat="43.265098" lon="-2.515113"><ele>96.7</ele></trkpt>
<trkpt lat="43.265098" lon="-2.515088"><ele>96.7</ele></trkpt>
<trkpt lat="43.265088" lon="-2.515062"><ele>96.7</ele></trkpt>
<trkpt lat="43.265072" lon="-2.515030"><ele>96.5</ele></trkpt>
<trkpt lat="43.265050" lon="-2.514990"><ele>96.4</ele></trkpt>
<trkpt lat="43.265037" lon="-2.514940"><ele>96.3</ele></trkpt>
<trkpt lat="43.265034" lon="-2.514887"><ele>96.3</ele></trkpt>
<trkpt lat="43.265030" lon="-2.514833"><ele>96.3</ele></trkpt>
<trkpt lat="43.265027" lon="-2.514788"><ele>96.3</ele></trkpt>
<trkpt lat="43.265018" lon="-2.514753"><ele>96.2</ele></trkpt>
<trkpt lat="43.265011" lon="-2.514730"><ele>96.1</ele></trkpt>
<trkpt lat="43.264970" lon="-2.515178"><ele>96.4</ele></trkpt>
<trkpt lat="43.264947" lon="-2.515183"><ele>96.6</ele></trkpt>
<trkpt lat="43.264928" lon="-2.515192"><ele>96.7</ele></trkpt>
<trkpt lat="43.264912" lon="-2.515203"><ele>96.9</ele></trkpt>
<trkpt lat="43.264893" lon="-2.515217"><ele>97.2</ele></trkpt>
<trkpt lat="43.264874" lon="-2.515213"><ele>97.3</ele></trkpt>
<trkpt lat="43.264874" lon="-2.515257"><ele>97.3</ele></trkpt>
<trkpt lat="43.264886" lon="-2.515300"><ele>97.3</ele></trkpt>
<trkpt lat="43.264906" lon="-2.515352"><ele>97.0</ele></trkpt>
<trkpt lat="43.264922" lon="-2.515405"><ele>96.6</ele></trkpt>
<trkpt lat="43.264947" lon="-2.515460"><ele>96.3</ele></trkpt>
<trkpt lat="43.264970" lon="-2.515515"><ele>95.8</ele></trkpt>
<trkpt lat="43.264992" lon="-2.515575"><ele>95.2</ele></trkpt>
<trkpt lat="43.265014" lon="-2.515633"><ele>95.4</ele></trkpt>
<trkpt lat="43.265018" lon="-2.515597"><ele>93.5</ele></trkpt>
<trkpt lat="43.265022" lon="-2.515612"><ele>93.5</ele></trkpt>
<trkpt lat="43.265030" lon="-2.515623"><ele>93.4</ele></trkpt>
<trkpt lat="43.265040" lon="-2.515638"><ele>93.6</ele></trkpt>
<trkpt lat="43.265049" lon="-2.515652"><ele>93.7</ele></trkpt>
<trkpt lat="43.265055" lon="-2.515669"><ele>93.7</ele></trkpt>
<trkpt lat="43.265062" lon="-2.515685"><ele>93.5</ele></trkpt>
<trkpt lat="43.265068" lon="-2.515702"><ele>93.2</ele></trkpt>
<trkpt lat="43.265074" lon="-2.515718"><ele>93.0</ele></trkpt>
<trkpt lat="43.265081" lon="-2.515735"><ele>93.1</ele></trkpt>
<trkpt lat="43.265088" lon="-2.515752"><ele>92.8</ele></trkpt>
<trkpt lat="43.265098" lon="-2.515768"><ele>92.9</ele></trkpt>
<trkpt lat="43.265105" lon="-2.515783"><ele>92.9</ele></trkpt>
<trkpt lat="43.265112" lon="-2.515801"><ele>92.8</ele></trkpt>
<trkpt lat="43.265118" lon="-2.515818"><ele>92.6</ele></trkpt>
<trkpt lat="43.265122" lon="-2.515834"><ele>92.6</ele></trkpt>
<trkpt lat="43.265128" lon="-2.515850"><ele>92.6</ele></trkpt>
<trkpt lat="43.265135" lon="-2.515866"><ele>92.7</ele></trkpt>
<trkpt lat="43.265141" lon="-2.515882"><ele>92.5</ele></trkpt>
<trkpt lat="43.265150" lon="-2.515897"><ele>92.5</ele></trkpt>
<trkpt lat="43.265156" lon="-2.515913"><ele>92.4</ele></trkpt>
<trkpt lat="43.265165" lon="-2.515930"><ele>92.4</ele></trkpt>
<trkpt lat="43.265174" lon="-2.515948"><ele>92.5</ele></trkpt>
<trkpt lat="43.265184" lon="-2.515963"><ele>92.5</ele></trkpt>
<trkpt lat="43.265194" lon="-2.515977"><ele>92.5</ele></trkpt>
<trkpt lat="43.265201" lon="-2.515991"><ele>92.7</ele></trkpt>
<trkpt lat="43.265210" lon="-2.516005"><ele>92.7</ele></trkpt>
<trkpt lat="43.265219" lon="-2.516020"><ele>92.6</ele></trkpt>
<trkpt lat="43.265227" lon="-2.516033"><ele>92.6</ele></trkpt>
<trkpt lat="43.265234" lon="-2.516046"><ele>92.6</ele></trkpt>
<trkpt lat="43.265242" lon="-2.516057"><ele>92.7</ele></trkpt>
<trkpt lat="43.265248" lon="-2.516067"><ele>92.7</ele></trkpt>
<trkpt lat="43.265257" lon="-2.516079"><ele>92.6</ele></trkpt>
<trkpt lat="43.265264" lon="-2.516090"><ele>92.8</ele></trkpt>
<trkpt lat="43.265270" lon="-2.516098"><ele>92.8</ele></trkpt>
<trkpt lat="43.265275" lon="-2.516109"><ele>93.0</ele></trkpt>
<trkpt lat="43.265283" lon="-2.516124"><ele>93.0</ele></trkpt>
<trkpt lat="43.265292" lon="-2.516139"><ele>93.1</ele></trkpt>
<trkpt lat="43.265301" lon="-2.516154"><ele>93.2</ele></trkpt>
<trkpt lat="43.265311" lon="-2.516167"><ele>93.3</ele></trkpt>
<trkpt lat="43.265320" lon="-2.516178"><ele>93.5</ele></trkpt>
<trkpt lat="43.265329" lon="-2.516189"><ele>93.4</ele></trkpt>
<trkpt lat="43.265340" lon="-2.516201"><ele>93.6</ele></trkpt>
<trkpt lat="43.265351" lon="-2.516213"><ele>93.7</ele></trkpt>
<trkpt lat="43.265360" lon="-2.516224"><ele>94.1</ele></trkpt>
<trkpt lat="43.265367" lon="-2.516233"><ele>94.0</ele></trkpt>
<trkpt lat="43.265376" lon="-2.516245"><ele>94.2</ele></trkpt>
<trkpt lat="43.265386" lon="-2.516256"><ele>94.4</ele></trkpt>
<trkpt lat="43.265395" lon="-2.516269"><ele>94.5</ele></trkpt>
<trkpt lat="43.265403" lon="-2.516281"><ele>94.4</ele></trkpt>
<trkpt lat="43.265410" lon="-2.516293"><ele>94.5</ele></trkpt>
<trkpt lat="43.265418" lon="-2.516307"><ele>94.4</ele></trkpt>
<trkpt lat="43.265423" lon="-2.516319"><ele>94.7</ele></trkpt>
<trkpt lat="43.265430" lon="-2.516333"><ele>94.7</ele></trkpt>
<trkpt lat="43.265437" lon="-2.516347"><ele>94.6</ele></trkpt>
<trkpt lat="43.265444" lon="-2.516360"><ele>94.6</ele></trkpt>
<trkpt lat="43.265449" lon="-2.516373"><ele>94.6</ele></trkpt>
<trkpt lat="43.265456" lon="-2.516387"><ele>94.6</ele></trkpt>
<trkpt lat="43.265468" lon="-2.516394"><ele>94.6</ele></trkpt>
<trkpt lat="43.265473" lon="-2.516392"><ele>94.7</ele></trkpt>
<trkpt lat="43.265482" lon="-2.516395"><ele>94.7</ele></trkpt>
<trkpt lat="43.265483" lon="-2.516409"><ele>94.7</ele></trkpt>
<trkpt lat="43.265493" lon="-2.516432"><ele>94.8</ele></trkpt>
<trkpt lat="43.265501" lon="-2.516452"><ele>94.8</ele></trkpt>
<trkpt lat="43.265510" lon="-2.516476"><ele>95.0</ele></trkpt>
<trkpt lat="43.265519" lon="-2.516496"><ele>95.0</ele></trkpt>
<trkpt lat="43.265523" lon="-2.516516"><ele>95.0</ele></trkpt>
<trkpt lat="43.265523" lon="-2.516534"><ele>95.0</ele></trkpt>
<trkpt lat="43.265528" lon="-2.516553"><ele>95.2</ele></trkpt>
<trkpt lat="43.265535" lon="-2.516569"><ele>95.2</ele></trkpt>
<trkpt lat="43.265540" lon="-2.516586"><ele>95.3</ele></trkpt>
<trkpt lat="43.265548" lon="-2.516603"><ele>95.0</ele></trkpt>
<trkpt lat="43.265556" lon="-2.516621"><ele>95.0</ele></trkpt>
<trkpt lat="43.265560" lon="-2.516640"><ele>95.1</ele></trkpt>
<trkpt lat="43.265564" lon="-2.516660"><ele>94.6</ele></trkpt>
<trkpt lat="43.265572" lon="-2.516681"><ele>94.6</ele></trkpt>
<trkpt lat="43.265577" lon="-2.516701"><ele>94.7</ele></trkpt>
<trkpt lat="43.265582" lon="-2.516721"><ele>94.6</ele></trkpt>
<trkpt lat="43.265584" lon="-2.516743"><ele>94.7</ele></trkpt>
<trkpt lat="43.265589" lon="-2.516762"><ele>94.6</ele></trkpt>
<trkpt lat="43.265594" lon="-2.516779"><ele>94.6</ele></trkpt>
<trkpt lat="43.265601" lon="-2.516796"><ele>94.6</ele></trkpt>
<trkpt lat="43.265607" lon="-2.516812"><ele>94.5</ele></trkpt>
<trkpt lat="43.265612" lon="-2.516829"><ele>94.5</ele></trkpt>
<trkpt lat="43.265617" lon="-2.516847"><ele>94.4</ele></trkpt>
<trkpt lat="43.265624" lon="-2.516863"><ele>94.5</ele></trkpt>
<trkpt lat="43.265629" lon="-2.516878"><ele>94.5</ele></trkpt>
<trkpt lat="43.265638" lon="-2.516897"><ele>94.4</ele></trkpt>
<trkpt lat="43.265642" lon="-2.516913"><ele>94.5</ele></trkpt>
<trkpt lat="43.265643" lon="-2.516933"><ele>94.4</ele></trkpt>
<trkpt lat="43.265643" lon="-2.516948"><ele>94.2</ele></trkpt>
<trkpt lat="43.265649" lon="-2.516971"><ele>94.5</ele></trkpt>
<trkpt lat="43.265657" lon="-2.516994"><ele>94.1</ele></trkpt>
<trkpt lat="43.265660" lon="-2.517015"><ele>93.8</ele></trkpt>
<trkpt lat="43.265666" lon="-2.517034"><ele>93.8</ele></trkpt>
<trkpt lat="43.265669" lon="-2.517053"><ele>93.6</ele></trkpt>
<trkpt lat="43.265672" lon="-2.517072"><ele>93.7</ele></trkpt>
<trkpt lat="43.265676" lon="-2.517089"><ele>93.7</ele></trkpt>
<trkpt lat="43.265680" lon="-2.517106"><ele>93.7</ele></trkpt>
<trkpt lat="43.265686" lon="-2.517125"><ele>93.6</ele></trkpt>
<trkpt lat="43.265691" lon="-2.517145"><ele>93.6</ele></trkpt>
<trkpt lat="43.265696" lon="-2.517167"><ele>93.6</ele></trkpt>
<trkpt lat="43.265700" lon="-2.517188"><ele>93.9</ele></trkpt>
<trkpt lat="43.265704" lon="-2.517208"><ele>93.8</ele></trkpt>
<trkpt lat="43.265708" lon="-2.517226"><ele>93.8</ele></trkpt>
<trkpt lat="43.265711" lon="-2.517243"><ele>93.9</ele></trkpt>
<trkpt lat="43.265720" lon="-2.517266"><ele>93.6</ele></trkpt>
<trkpt lat="43.265726" lon="-2.517284"><ele>93.4</ele></trkpt>
<trkpt lat="43.265729" lon="-2.517305"><ele>93.5</ele></trkpt>
<trkpt lat="43.265732" lon="-2.517325"><ele>93.3</ele></trkpt>
<trkpt lat="43.265737" lon="-2.517346"><ele>93.3</ele></trkpt>
<trkpt lat="43.265740" lon="-2.517365"><ele>93.1</ele></trkpt>
<trkpt lat="43.265742" lon="-2.517383"><ele>93.1</ele></trkpt>
<trkpt lat="43.265744" lon="-2.517399"><ele>93.1</ele></trkpt>
<trkpt lat="43.265744" lon="-2.517415"><ele>93.0</ele></trkpt>
<trkpt lat="43.265747" lon="-2.517432"><ele>93.1</ele></trkpt>
<trkpt lat="43.265750" lon="-2.517451"><ele>93.0</ele></trkpt>
<trkpt lat="43.265754" lon="-2.517468"><ele>93.1</ele></trkpt>
<trkpt lat="43.265756" lon="-2.517487"><ele>93.1</ele></trkpt>
<trkpt lat="43.265759" lon="-2.517504"><ele>93.0</ele></trkpt>
<trkpt lat="43.265762" lon="-2.517520"><ele>93.0</ele></trkpt>
<trkpt lat="43.265765" lon="-2.517535"><ele>93.2</ele></trkpt>
<trkpt lat="43.265767" lon="-2.517554"><ele>93.3</ele></trkpt>
<trkpt lat="43.265771" lon="-2.517573"><ele>93.3</ele></trkpt>
<trkpt lat="43.265774" lon="-2.517589"><ele>93.3</ele></trkpt>
<trkpt lat="43.265777" lon="-2.517602"><ele>93.2</ele></trkpt>
<trkpt lat="43.265778" lon="-2.517619"><ele>93.2</ele></trkpt>
<trkpt lat="43.265779" lon="-2.517635"><ele>93.2</ele></trkpt>
<trkpt lat="43.265779" lon="-2.517653"><ele>93.3</ele></trkpt>
<trkpt lat="43.265781" lon="-2.517673"><ele>93.3</ele></trkpt>
<trkpt lat="43.265783" lon="-2.517694"><ele>93.5</ele></trkpt>
<trkpt lat="43.265784" lon="-2.517713"><ele>93.7</ele></trkpt>
<trkpt lat="43.265788" lon="-2.517733"><ele>93.8</ele></trkpt>
<trkpt lat="43.265792" lon="-2.517750"><ele>93.8</ele></trkpt>
<trkpt lat="43.265793" lon="-2.517769"><ele>93.9</ele></trkpt>
<trkpt lat="43.265792" lon="-2.517786"><ele>93.8</ele></trkpt>
<trkpt lat="43.265795" lon="-2.517804"><ele>93.8</ele></trkpt>
<trkpt lat="43.265799" lon="-2.517823"><ele>93.9</ele></trkpt>
<trkpt lat="43.265805" lon="-2.517843"><ele>93.9</ele></trkpt>
<trkpt lat="43.265809" lon="-2.517863"><ele>94.0</ele></trkpt>
<trkpt lat="43.265813" lon="-2.517880"><ele>94.2</ele></trkpt>
<trkpt lat="43.265817" lon="-2.517898"><ele>94.5</ele></trkpt>
<trkpt lat="43.265819" lon="-2.517918"><ele>94.5</ele></trkpt>
<trkpt lat="43.265819" lon="-2.517931"><ele>94.4</ele></trkpt>
<trkpt lat="43.265820" lon="-2.517947"><ele>94.4</ele></trkpt>
<trkpt lat="43.265823" lon="-2.517966"><ele>94.4</ele></trkpt>
<trkpt lat="43.265824" lon="-2.517982"><ele>94.6</ele></trkpt>
<trkpt lat="43.265826" lon="-2.517999"><ele>94.7</ele></trkpt>
<trkpt lat="43.265828" lon="-2.518016"><ele>94.7</ele></trkpt>
<trkpt lat="43.265828" lon="-2.518034"><ele>94.7</ele></trkpt>
<trkpt lat="43.265829" lon="-2.518055"><ele>94.6</ele></trkpt>
<trkpt lat="43.265830" lon="-2.518076"><ele>94.7</ele></trkpt>
<trkpt lat="43.265831" lon="-2.518093"><ele>94.6</ele></trkpt>
<trkpt lat="43.265833" lon="-2.518111"><ele>94.8</ele></trkpt>
<trkpt lat="43.265834" lon="-2.518132"><ele>94.9</ele></trkpt>
<trkpt lat="43.265836" lon="-2.518152"><ele>95.0</ele></trkpt>
<trkpt lat="43.265839" lon="-2.518176"><ele>95.1</ele></trkpt>
<trkpt lat="43.265843" lon="-2.518194"><ele>95.1</ele></trkpt>
<trkpt lat="43.265843" lon="-2.518211"><ele>95.0</ele></trkpt>
<trkpt lat="43.265843" lon="-2.518229"><ele>94.8</ele></trkpt>
<trkpt lat="43.265845" lon="-2.518247"><ele>94.7</ele></trkpt>
<trkpt lat="43.265844" lon="-2.518267"><ele>94.7</ele></trkpt>
<trkpt lat="43.265844" lon="-2.518287"><ele>94.7</ele></trkpt>
<trkpt lat="43.265842" lon="-2.518312"><ele>94.6</ele></trkpt>
<trkpt lat="43.265842" lon="-2.518334"><ele>94.9</ele></trkpt>
<trkpt lat="43.265839" lon="-2.518358"><ele>95.0</ele></trkpt>
<trkpt lat="43.265834" lon="-2.518380"><ele>95.0</ele></trkpt>
<trkpt lat="43.265830" lon="-2.518401"><ele>95.0</ele></trkpt>
<trkpt lat="43.265825" lon="-2.518421"><ele>95.0</ele></trkpt>
<trkpt lat="43.265821" lon="-2.518439"><ele>95.2</ele></trkpt>
<trkpt lat="43.265817" lon="-2.518456"><ele>95.3</ele></trkpt>
<trkpt lat="43.265813" lon="-2.518474"><ele>95.4</ele></trkpt>
<trkpt lat="43.265811" lon="-2.518490"><ele>95.6</ele></trkpt>
<trkpt lat="43.265810" lon="-2.518510"><ele>95.9</ele></trkpt>
<trkpt lat="43.265810" lon="-2.518527"><ele>95.8</ele></trkpt>
<trkpt lat="43.265808" lon="-2.518542"><ele>95.9</ele></trkpt>
<trkpt lat="43.265805" lon="-2.518560"><ele>95.9</ele></trkpt>
<trkpt lat="43.265802" lon="-2.518583"><ele>95.7</ele></trkpt>
<trkpt lat="43.265800" lon="-2.518604"><ele>95.7</ele></trkpt>
<trkpt lat="43.265796" lon="-2.518624"><ele>95.6</ele></trkpt>
<trkpt lat="43.265793" lon="-2.518643"><ele>95.6</ele></trkpt>
<trkpt lat="43.265790" lon="-2.518662"><ele>95.6</ele></trkpt>
<trkpt lat="43.265788" lon="-2.518682"><ele>95.6</ele></trkpt>
<trkpt lat="43.265785" lon="-2.518699"><ele>95.7</ele></trkpt>
<trkpt lat="43.265782" lon="-2.518716"><ele>95.6</ele></trkpt>
<trkpt lat="43.265781" lon="-2.518741"><ele>95.6</ele></trkpt>
<trkpt lat="43.265781" lon="-2.518761"><ele>95.7</ele></trkpt>
<trkpt lat="43.265779" lon="-2.518781"><ele>95.5</ele></trkpt>
<trkpt lat="43.265777" lon="-2.518801"><ele>95.5</ele></trkpt>
<trkpt lat="43.265776" lon="-2.518820"><ele>95.3</ele></trkpt>
<trkpt lat="43.265774" lon="-2.518837"><ele>95.2</ele></trkpt>
<trkpt lat="43.265772" lon="-2.518856"><ele>95.3</ele></trkpt>
<trkpt lat="43.265772" lon="-2.518875"><ele>95.3</ele></trkpt>
<trkpt lat="43.265769" lon="-2.518895"><ele>95.2</ele></trkpt>
<trkpt lat="43.265765" lon="-2.518914"><ele>95.3</ele></trkpt>
<trkpt lat="43.265763" lon="-2.518932"><ele>95.2</ele></trkpt>
<trkpt lat="43.265761" lon="-2.518951"><ele>95.2</ele></trkpt>
<trkpt lat="43.265760" lon="-2.518972"><ele>95.2</ele></trkpt>
<trkpt lat="43.265759" lon="-2.518992"><ele>95.2</ele></trkpt>
<trkpt lat="43.265755" lon="-2.519009"><ele>95.3</ele></trkpt>
<trkpt lat="43.265752" lon="-2.519024"><ele>95.3</ele></trkpt>
<trkpt lat="43.265750" lon="-2.519046"><ele>95.4</ele></trkpt>
<trkpt lat="43.265747" lon="-2.519065"><ele>95.7</ele></trkpt>
<trkpt lat="43.265745" lon="-2.519091"><ele>95.8</ele></trkpt>
<trkpt lat="43.265740" lon="-2.519108"><ele>95.8</ele></trkpt>
<trkpt lat="43.265737" lon="-2.519127"><ele>95.8</ele></trkpt>
<trkpt lat="43.265736" lon="-2.519147"><ele>95.8</ele></trkpt>
<trkpt lat="43.265734" lon="-2.519165"><ele>95.6</ele></trkpt>
<trkpt lat="43.265731" lon="-2.519183"><ele>95.6</ele></trkpt>
<trkpt lat="43.265729" lon="-2.519200"><ele>95.6</ele></trkpt>
<trkpt lat="43.265729" lon="-2.519217"><ele>95.6</ele></trkpt>
<trkpt lat="43.265728" lon="-2.519234"><ele>95.6</ele></trkpt>
<trkpt lat="43.265726" lon="-2.519251"><ele>95.6</ele></trkpt>
<trkpt lat="43.265725" lon="-2.519267"><ele>95.6</ele></trkpt>
<trkpt lat="43.265725" lon="-2.519284"><ele>95.7</ele></trkpt>
<trkpt lat="43.265722" lon="-2.519300"><ele>95.7</ele></trkpt>
<trkpt lat="43.265720" lon="-2.519316"><ele>95.7</ele></trkpt>
<trkpt lat="43.265714" lon="-2.519333"><ele>95.7</ele></trkpt>
<trkpt lat="43.265711" lon="-2.519350"><ele>95.7</ele></trkpt>
<trkpt lat="43.265711" lon="-2.519366"><ele>95.7</ele></trkpt>
<trkpt lat="43.265712" lon="-2.519382"><ele>95.9</ele></trkpt>
<trkpt lat="43.265714" lon="-2.519399"><ele>95.8</ele></trkpt>
<trkpt lat="43.265711" lon="-2.519416"><ele>95.8</ele></trkpt>
<trkpt lat="43.265705" lon="-2.519431"><ele>95.6</ele></trkpt>
<trkpt lat="43.265701" lon="-2.519447"><ele>95.6</ele></trkpt>
<trkpt lat="43.265697" lon="-2.519462"><ele>95.7</ele></trkpt>
<trkpt lat="43.265695" lon="-2.519478"><ele>95.7</ele></trkpt>
<trkpt lat="43.265692" lon="-2.519494"><ele>95.6</ele></trkpt>
<trkpt lat="43.265687" lon="-2.519514"><ele>95.7</ele></trkpt>
<trkpt lat="43.265682" lon="-2.519532"><ele>95.8</ele></trkpt>
<trkpt lat="43.265676" lon="-2.519549"><ele>95.9</ele></trkpt>
<trkpt lat="43.265675" lon="-2.519571"><ele>95.9</ele></trkpt>
<trkpt lat="43.265671" lon="-2.519591"><ele>95.8</ele></trkpt>
<trkpt lat="43.265665" lon="-2.519610"><ele>95.9</ele></trkpt>
<trkpt lat="43.265659" lon="-2.519632"><ele>95.9</ele></trkpt>
<trkpt lat="43.265654" lon="-2.519655"><ele>95.8</ele></trkpt>
<trkpt lat="43.265647" lon="-2.519671"><ele>95.8</ele></trkpt>
<trkpt lat="43.265640" lon="-2.519689"><ele>95.8</ele></trkpt>
<trkpt lat="43.265633" lon="-2.519704"><ele>95.8</ele></trkpt>
<trkpt lat="43.265625" lon="-2.519718"><ele>95.8</ele></trkpt>
<trkpt lat="43.265618" lon="-2.519735"><ele>95.8</ele></trkpt>
<trkpt lat="43.265612" lon="-2.519748"><ele>95.9</ele></trkpt>
<trkpt lat="43.265603" lon="-2.519761"><ele>95.9</ele></trkpt>
<trkpt lat="43.265598" lon="-2.519780"><ele>95.8</ele></trkpt>
<trkpt lat="43.265593" lon="-2.519799"><ele>96.1</ele></trkpt>
<trkpt lat="43.265586" lon="-2.519817"><ele>96.1</ele></trkpt>
<trkpt lat="43.265580" lon="-2.519839"><ele>96.1</ele></trkpt>
<trkpt lat="43.265574" lon="-2.519853"><ele>96.0</ele></trkpt>
<trkpt lat="43.265567" lon="-2.519868"><ele>96.1</ele></trkpt>
<trkpt lat="43.265560" lon="-2.519882"><ele>96.0</ele></trkpt>
<trkpt lat="43.265553" lon="-2.519898"><ele>96.0</ele></trkpt>
<trkpt lat="43.265544" lon="-2.519912"><ele>96.0</ele></trkpt>
<trkpt lat="43.265533" lon="-2.519925"><ele>96.2</ele></trkpt>
<trkpt lat="43.265524" lon="-2.519941"><ele>96.3</ele></trkpt>
<trkpt lat="43.265515" lon="-2.519957"><ele>96.3</ele></trkpt>
<trkpt lat="43.265505" lon="-2.519973"><ele>96.2</ele></trkpt>
<trkpt lat="43.265498" lon="-2.519988"><ele>96.3</ele></trkpt>
<trkpt lat="43.265493" lon="-2.520006"><ele>96.2</ele></trkpt>
<trkpt lat="43.265485" lon="-2.520017"><ele>96.2</ele></trkpt>
<trkpt lat="43.265475" lon="-2.520037"><ele>96.5</ele></trkpt>
<trkpt lat="43.265466" lon="-2.520051"><ele>96.4</ele></trkpt>
<trkpt lat="43.265457" lon="-2.520064"><ele>96.4</ele></trkpt>
<trkpt lat="43.265447" lon="-2.520074"><ele>96.4</ele></trkpt>
<trkpt lat="43.265437" lon="-2.520090"><ele>96.6</ele></trkpt>
<trkpt lat="43.265426" lon="-2.520104"><ele>96.6</ele></trkpt>
<trkpt lat="43.265417" lon="-2.520118"><ele>96.7</ele></trkpt>
<trkpt lat="43.265406" lon="-2.520133"><ele>96.6</ele></trkpt>
<trkpt lat="43.265396" lon="-2.520147"><ele>96.8</ele></trkpt>
<trkpt lat="43.265386" lon="-2.520161"><ele>96.9</ele></trkpt>
<trkpt lat="43.265372" lon="-2.520173"><ele>96.9</ele></trkpt>
<trkpt lat="43.265360" lon="-2.520186"><ele>96.7</ele></trkpt>
<trkpt lat="43.265351" lon="-2.520197"><ele>96.6</ele></trkpt>
<trkpt lat="43.265343" lon="-2.520208"><ele>96.7</ele></trkpt>
<trkpt lat="43.265331" lon="-2.520217"><ele>96.6</ele></trkpt>
<trkpt lat="43.265321" lon="-2.520226"><ele>96.7</ele></trkpt>
<trkpt lat="43.265309" lon="-2.520237"><ele>96.8</ele></trkpt>
<trkpt lat="43.265300" lon="-2.520246"><ele>96.8</ele></trkpt>
<trkpt lat="43.265291" lon="-2.520252"><ele>96.9</ele></trkpt>
<trkpt lat="43.265281" lon="-2.520261"><ele>97.0</ele></trkpt>
<trkpt lat="43.265272" lon="-2.520269"><ele>97.1</ele></trkpt>
<trkpt lat="43.265262" lon="-2.520280"><ele>97.1</ele></trkpt>
<trkpt lat="43.265252" lon="-2.520291"><ele>97.1</ele></trkpt>
<trkpt lat="43.265240" lon="-2.520301"><ele>97.3</ele></trkpt>
<trkpt lat="43.265229" lon="-2.520311"><ele>97.3</ele></trkpt>
<trkpt lat="43.265216" lon="-2.520323"><ele>97.4</ele></trkpt>
<trkpt lat="43.265202" lon="-2.520332"><ele>97.5</ele></trkpt>
<trkpt lat="43.265192" lon="-2.520343"><ele>97.5</ele></trkpt>
<trkpt lat="43.265188" lon="-2.520361"><ele>97.5</ele></trkpt>
<trkpt lat="43.265178" lon="-2.520372"><ele>97.4</ele></trkpt>
<trkpt lat="43.265167" lon="-2.520384"><ele>97.4</ele></trkpt>
<trkpt lat="43.265158" lon="-2.520394"><ele>97.6</ele></trkpt>
<trkpt lat="43.265146" lon="-2.520403"><ele>97.6</ele></trkpt>
<trkpt lat="43.265134" lon="-2.520412"><ele>97.6</ele></trkpt>
<trkpt lat="43.265117" lon="-2.520422"><ele>97.7</ele></trkpt>
<trkpt lat="43.265104" lon="-2.520435"><ele>97.9</ele></trkpt>
<trkpt lat="43.265092" lon="-2.520443"><ele>97.8</ele></trkpt>
<trkpt lat="43.265080" lon="-2.520448"><ele>97.9</ele></trkpt>
<trkpt lat="43.265066" lon="-2.520456"><ele>97.8</ele></trkpt>
<trkpt lat="43.265052" lon="-2.520470"><ele>97.9</ele></trkpt>
<trkpt lat="43.265040" lon="-2.520483"><ele>97.9</ele></trkpt>
<trkpt lat="43.265026" lon="-2.520493"><ele>97.9</ele></trkpt>
<trkpt lat="43.265015" lon="-2.520498"><ele>98.0</ele></trkpt>
<trkpt lat="43.265006" lon="-2.520509"><ele>98.0</ele></trkpt>
<trkpt lat="43.264997" lon="-2.520522"><ele>98.0</ele></trkpt>
<trkpt lat="43.264987" lon="-2.520531"><ele>98.0</ele></trkpt>
<trkpt lat="43.264974" lon="-2.520545"><ele>98.1</ele></trkpt>
<trkpt lat="43.264962" lon="-2.520556"><ele>98.0</ele></trkpt>
<trkpt lat="43.264945" lon="-2.520567"><ele>98.0</ele></trkpt>
<trkpt lat="43.264932" lon="-2.520578"><ele>98.2</ele></trkpt>
<trkpt lat="43.264922" lon="-2.520587"><ele>98.3</ele></trkpt>
<trkpt lat="43.264912" lon="-2.520596"><ele>98.2</ele></trkpt>
<trkpt lat="43.264900" lon="-2.520608"><ele>98.2</ele></trkpt>
<trkpt lat="43.264888" lon="-2.520617"><ele>98.2</ele></trkpt>
<trkpt lat="43.264874" lon="-2.520627"><ele>98.5</ele></trkpt>
<trkpt lat="43.264863" lon="-2.520639"><ele>98.4</ele></trkpt>
<trkpt lat="43.264849" lon="-2.520648"><ele>98.4</ele></trkpt>
<trkpt lat="43.264835" lon="-2.520652"><ele>98.5</ele></trkpt>
<trkpt lat="43.264822" lon="-2.520662"><ele>98.4</ele></trkpt>
<trkpt lat="43.264810" lon="-2.520672"><ele>98.5</ele></trkpt>
<trkpt lat="43.264797" lon="-2.520681"><ele>98.5</ele></trkpt>
<trkpt lat="43.264787" lon="-2.520688"><ele>98.4</ele></trkpt>
<trkpt lat="43.264774" lon="-2.520696"><ele>98.4</ele></trkpt>
<trkpt lat="43.264760" lon="-2.520706"><ele>98.5</ele></trkpt>
<trkpt lat="43.264750" lon="-2.520715"><ele>98.4</ele></trkpt>
<trkpt lat="43.264737" lon="-2.520727"><ele>98.7</ele></trkpt>
<trkpt lat="43.264723" lon="-2.520743"><ele>98.6</ele></trkpt>
<trkpt lat="43.264707" lon="-2.520756"><ele>98.7</ele></trkpt>
<trkpt lat="43.264693" lon="-2.520768"><ele>98.8</ele></trkpt>
<trkpt lat="43.264678" lon="-2.520782"><ele>98.8</ele></trkpt>
<trkpt lat="43.264666" lon="-2.520792"><ele>98.8</ele></trkpt>
<trkpt lat="43.264652" lon="-2.520800"><ele>98.8</ele></trkpt>
<trkpt lat="43.264636" lon="-2.520811"><ele>99.0</ele></trkpt>
<trkpt lat="43.264624" lon="-2.520822"><ele>99.0</ele></trkpt>
<trkpt lat="43.264613" lon="-2.520830"><ele>99.1</ele></trkpt>
<trkpt lat="43.264602" lon="-2.520838"><ele>99.0</ele></trkpt>
<trkpt lat="43.264589" lon="-2.520850"><ele>99.1</ele></trkpt>
<trkpt lat="43.264579" lon="-2.520859"><ele>99.0</ele></trkpt>
<trkpt lat="43.264567" lon="-2.520867"><ele>99.0</ele></trkpt>
<trkpt lat="43.264555" lon="-2.520873"><ele>99.1</ele></trkpt>
<trkpt lat="43.264544" lon="-2.520878"><ele>99.1</ele></trkpt>
<trkpt lat="43.264531" lon="-2.520882"><ele>99.0</ele></trkpt>
<trkpt lat="43.264518" lon="-2.520886"><ele>99.2</ele></trkpt>
<trkpt lat="43.264501" lon="-2.520895"><ele>99.3</ele></trkpt>
<trkpt lat="43.264487" lon="-2.520900"><ele>99.5</ele></trkpt>
<trkpt lat="43.264474" lon="-2.520910"><ele>99.6</ele></trkpt>
<trkpt lat="43.264460" lon="-2.520916"><ele>99.7</ele></trkpt>
<trkpt lat="43.264447" lon="-2.520924"><ele>99.7</ele></trkpt>
<trkpt lat="43.264433" lon="-2.520932"><ele>99.9</ele></trkpt>
<trkpt lat="43.264419" lon="-2.520943"><ele>99.9</ele></trkpt>
<trkpt lat="43.264408" lon="-2.520957"><ele>99.8</ele></trkpt>
<trkpt lat="43.264396" lon="-2.520970"><ele>99.9</ele></trkpt>
<trkpt lat="43.264385" lon="-2.520983"><ele>99.7</ele></trkpt>
<trkpt lat="43.264374" lon="-2.520994"><ele>99.6</ele></trkpt>
<trkpt lat="43.264363" lon="-2.521006"><ele>99.8</ele></trkpt>
<trkpt lat="43.264350" lon="-2.521014"><ele>99.8</ele></trkpt>
<trkpt lat="43.264338" lon="-2.521020"><ele>99.9</ele></trkpt>
<trkpt lat="43.264327" lon="-2.521025"><ele>99.6</ele></trkpt>
<trkpt lat="43.264317" lon="-2.521031"><ele>99.6</ele></trkpt>
<trkpt lat="43.264302" lon="-2.521037"><ele>99.7</ele></trkpt>
<trkpt lat="43.264290" lon="-2.521043"><ele>99.9</ele></trkpt>
<trkpt lat="43.264279" lon="-2.521056"><ele>99.8</ele></trkpt>
<trkpt lat="43.264268" lon="-2.521065"><ele>99.9</ele></trkpt>
<trkpt lat="43.264254" lon="-2.521071"><ele>100.0</ele></trkpt>
<trkpt lat="43.264243" lon="-2.521078"><ele>100.1</ele></trkpt>
<trkpt lat="43.264229" lon="-2.521084"><ele>100.0</ele></trkpt>
<trkpt lat="43.264216" lon="-2.521092"><ele>100.1</ele></trkpt>
<trkpt lat="43.264197" lon="-2.521091"><ele>100.0</ele></trkpt>
<trkpt lat="43.264183" lon="-2.521092"><ele>100.0</ele></trkpt>
<trkpt lat="43.264170" lon="-2.521096"><ele>100.1</ele></trkpt>
<trkpt lat="43.264156" lon="-2.521101"><ele>100.0</ele></trkpt>
<trkpt lat="43.264138" lon="-2.521105"><ele>100.1</ele></trkpt>
<trkpt lat="43.264122" lon="-2.521111"><ele>99.9</ele></trkpt>
<trkpt lat="43.264122" lon="-2.521111"><ele>99.9</ele></trkpt>
<trkpt lat="43.264111" lon="-2.521118"><ele>99.9</ele></trkpt>
<trkpt lat="43.264100" lon="-2.521127"><ele>99.9</ele></trkpt>
<trkpt lat="43.264091" lon="-2.521130"><ele>99.9</ele></trkpt>
<trkpt lat="43.264079" lon="-2.521139"><ele>99.9</ele></trkpt>
<trkpt lat="43.264065" lon="-2.521150"><ele>99.9</ele></trkpt>
<trkpt lat="43.264038" lon="-2.521162"><ele>99.8</ele></trkpt>
<trkpt lat="43.264024" lon="-2.521167"><ele>99.8</ele></trkpt>
<trkpt lat="43.264010" lon="-2.521175"><ele>99.8</ele></trkpt>
<trkpt lat="43.263997" lon="-2.521179"><ele>100.1</ele></trkpt>
<trkpt lat="43.263981" lon="-2.521186"><ele>100.0</ele></trkpt>
<trkpt lat="43.263967" lon="-2.521192"><ele>100.0</ele></trkpt>
<trkpt lat="43.263954" lon="-2.521197"><ele>100.1</ele></trkpt>
<trkpt lat="43.263937" lon="-2.521201"><ele>100.2</ele></trkpt>
<trkpt lat="43.263923" lon="-2.521208"><ele>100.5</ele></trkpt>
<trkpt lat="43.263907" lon="-2.521215"><ele>100.4</ele></trkpt>
<trkpt lat="43.263891" lon="-2.521217"><ele>100.5</ele></trkpt>
<trkpt lat="43.263876" lon="-2.521219"><ele>100.4</ele></trkpt>
<trkpt lat="43.263862" lon="-2.521222"><ele>100.7</ele></trkpt>
<trkpt lat="43.263848" lon="-2.521236"><ele>100.7</ele></trkpt>
<trkpt lat="43.263834" lon="-2.521239"><ele>100.4</ele></trkpt>
<trkpt lat="43.263819" lon="-2.521255"><ele>100.6</ele></trkpt>
<trkpt lat="43.263807" lon="-2.521273"><ele>100.7</ele></trkpt>
<trkpt lat="43.263799" lon="-2.521294"><ele>100.9</ele></trkpt>
<trkpt lat="43.263793" lon="-2.521312"><ele>100.8</ele></trkpt>
<trkpt lat="43.263789" lon="-2.521336"><ele>101.1</ele></trkpt>
<trkpt lat="43.263785" lon="-2.521357"><ele>101.0</ele></trkpt>
<trkpt lat="43.263786" lon="-2.521383"><ele>101.0</ele></trkpt>
<trkpt lat="43.263791" lon="-2.521409"><ele>101.1</ele></trkpt>
<trkpt lat="43.263800" lon="-2.521429"><ele>101.0</ele></trkpt>
<trkpt lat="43.263808" lon="-2.521452"><ele>101.1</ele></trkpt>
<trkpt lat="43.263813" lon="-2.521476"><ele>101.1</ele></trkpt>
<trkpt lat="43.263819" lon="-2.521496"><ele>101.0</ele></trkpt>
<trkpt lat="43.263825" lon="-2.521515"><ele>101.0</ele></trkpt>
<trkpt lat="43.263830" lon="-2.521535"><ele>101.0</ele></trkpt>
<trkpt lat="43.263835" lon="-2.521555"><ele>101.0</ele></trkpt>
<trkpt lat="43.263842" lon="-2.521577"><ele>101.1</ele></trkpt>
<trkpt lat="43.263849" lon="-2.521594"><ele>101.1</ele></trkpt>
<trkpt lat="43.263849" lon="-2.521615"><ele>101.1</ele></trkpt>
<trkpt lat="43.263856" lon="-2.521638"><ele>101.1</ele></trkpt>
<trkpt lat="43.263857" lon="-2.521661"><ele>101.1</ele></trkpt>
<trkpt lat="43.263855" lon="-2.521676"><ele>101.1</ele></trkpt>
<trkpt lat="43.263859" lon="-2.521701"><ele>101.1</ele></trkpt>
<trkpt lat="43.263857" lon="-2.521719"><ele>101.1</ele></trkpt>
<trkpt lat="43.263859" lon="-2.521739"><ele>101.1</ele></trkpt>
<trkpt lat="43.263859" lon="-2.521759"><ele>101.1</ele></trkpt>
<trkpt lat="43.263859" lon="-2.521779"><ele>101.0</ele></trkpt>
<trkpt lat="43.263863" lon="-2.521798"><ele>101.2</ele></trkpt>
<trkpt lat="43.263865" lon="-2.521817"><ele>101.3</ele></trkpt>
<trkpt lat="43.263868" lon="-2.521834"><ele>101.2</ele></trkpt>
<trkpt lat="43.263874" lon="-2.521853"><ele>101.2</ele></trkpt>
<trkpt lat="43.263883" lon="-2.521875"><ele>101.5</ele></trkpt>
<trkpt lat="43.263887" lon="-2.521895"><ele>101.5</ele></trkpt>
<trkpt lat="43.263891" lon="-2.521917"><ele>101.4</ele></trkpt>
<trkpt lat="43.263897" lon="-2.521938"><ele>101.7</ele></trkpt>
<trkpt lat="43.263903" lon="-2.521957"><ele>101.7</ele></trkpt>
<trkpt lat="43.263907" lon="-2.521977"><ele>101.7</ele></trkpt>
<trkpt lat="43.263908" lon="-2.521995"><ele>101.6</ele></trkpt>
<trkpt lat="43.263914" lon="-2.522014"><ele>101.6</ele></trkpt>
<trkpt lat="43.263925" lon="-2.522034"><ele>101.6</ele></trkpt>
<trkpt lat="43.263930" lon="-2.522051"><ele>101.6</ele></trkpt>
<trkpt lat="43.263928" lon="-2.522065"><ele>101.7</ele></trkpt>
<trkpt lat="43.263934" lon="-2.522083"><ele>101.8</ele></trkpt>
<trkpt lat="43.263943" lon="-2.522102"><ele>102.1</ele></trkpt>
<trkpt lat="43.263956" lon="-2.522122"><ele>102.1</ele></trkpt>
<trkpt lat="43.263966" lon="-2.522137"><ele>101.8</ele></trkpt>
<trkpt lat="43.263978" lon="-2.522151"><ele>101.9</ele></trkpt>
<trkpt lat="43.263994" lon="-2.522169"><ele>102.0</ele></trkpt>
<trkpt lat="43.264008" lon="-2.522183"><ele>102.2</ele></trkpt>
<trkpt lat="43.264021" lon="-2.522196"><ele>102.3</ele></trkpt>
<trkpt lat="43.264031" lon="-2.522209"><ele>102.3</ele></trkpt>
<trkpt lat="43.264031" lon="-2.522209"><ele>102.2</ele></trkpt>
<trkpt lat="43.264045" lon="-2.522218"><ele>102.4</ele></trkpt>
<trkpt lat="43.264061" lon="-2.522229"><ele>102.4</ele></trkpt>
<trkpt lat="43.264074" lon="-2.522235"><ele>102.5</ele></trkpt>
<trkpt lat="43.264096" lon="-2.522256"><ele>102.4</ele></trkpt>
<trkpt lat="43.264107" lon="-2.522272"><ele>102.5</ele></trkpt>
<trkpt lat="43.264119" lon="-2.522284"><ele>102.7</ele></trkpt>
<trkpt lat="43.264131" lon="-2.522295"><ele>102.7</ele></trkpt>
<trkpt lat="43.264142" lon="-2.522309"><ele>102.9</ele></trkpt>
<trkpt lat="43.264151" lon="-2.522326"><ele>102.9</ele></trkpt>
<trkpt lat="43.264161" lon="-2.522340"><ele>102.8</ele></trkpt>
<trkpt lat="43.264168" lon="-2.522354"><ele>102.8</ele></trkpt>
<trkpt lat="43.264176" lon="-2.522372"><ele>102.8</ele></trkpt>
<trkpt lat="43.264183" lon="-2.522389"><ele>102.6</ele></trkpt>
<trkpt lat="43.264188" lon="-2.522411"><ele>102.6</ele></trkpt>
<trkpt lat="43.264195" lon="-2.522427"><ele>102.2</ele></trkpt>
<trkpt lat="43.264202" lon="-2.522443"><ele>102.3</ele></trkpt>
<trkpt lat="43.264209" lon="-2.522461"><ele>102.3</ele></trkpt>
<trkpt lat="43.264215" lon="-2.522477"><ele>102.0</ele></trkpt>
<trkpt lat="43.264224" lon="-2.522492"><ele>102.0</ele></trkpt>
<trkpt lat="43.264231" lon="-2.522507"><ele>102.1</ele></trkpt>
<trkpt lat="43.264239" lon="-2.522523"><ele>101.9</ele></trkpt>
<trkpt lat="43.264246" lon="-2.522539"><ele>101.7</ele></trkpt>
<trkpt lat="43.264255" lon="-2.522556"><ele>101.7</ele></trkpt>
<trkpt lat="43.264259" lon="-2.522575"><ele>101.7</ele></trkpt>
<trkpt lat="43.264265" lon="-2.522592"><ele>101.6</ele></trkpt>
<trkpt lat="43.264272" lon="-2.522609"><ele>101.7</ele></trkpt>
<trkpt lat="43.264276" lon="-2.522625"><ele>101.6</ele></trkpt>
<trkpt lat="43.264280" lon="-2.522640"><ele>101.6</ele></trkpt>
<trkpt lat="43.264286" lon="-2.522664"><ele>101.6</ele></trkpt>
<trkpt lat="43.264291" lon="-2.522681"><ele>101.6</ele></trkpt>
<trkpt lat="43.264297" lon="-2.522694"><ele>101.7</ele></trkpt>
<trkpt lat="43.264304" lon="-2.522709"><ele>101.6</ele></trkpt>
<trkpt lat="43.264313" lon="-2.522725"><ele>101.9</ele></trkpt>
<trkpt lat="43.264323" lon="-2.522744"><ele>101.9</ele></trkpt>
<trkpt lat="43.264331" lon="-2.522759"><ele>102.0</ele></trkpt>
<trkpt lat="43.264340" lon="-2.522770"><ele>102.1</ele></trkpt>
<trkpt lat="43.264346" lon="-2.522786"><ele>102.1</ele></trkpt>
<trkpt lat="43.264349" lon="-2.522801"><ele>102.3</ele></trkpt>
<trkpt lat="43.264359" lon="-2.522823"><ele>102.3</ele></trkpt>
<trkpt lat="43.264368" lon="-2.522841"><ele>102.4</ele></trkpt>
<trkpt lat="43.264372" lon="-2.522855"><ele>102.6</ele></trkpt>
<trkpt lat="43.264384" lon="-2.522874"><ele>102.8</ele></trkpt>
<trkpt lat="43.264394" lon="-2.522896"><ele>102.9</ele></trkpt>
<trkpt lat="43.264400" lon="-2.522913"><ele>102.9</ele></trkpt>
<trkpt lat="43.264406" lon="-2.522929"><ele>102.9</ele></trkpt>
<trkpt lat="43.264413" lon="-2.522943"><ele>102.6</ele></trkpt>
<trkpt lat="43.264419" lon="-2.522961"><ele>102.4</ele></trkpt>
<trkpt lat="43.264422" lon="-2.522977"><ele>102.5</ele></trkpt>
<trkpt lat="43.264420" lon="-2.522993"><ele>102.4</ele></trkpt>
<trkpt lat="43.264416" lon="-2.523016"><ele>102.4</ele></trkpt>
<trkpt lat="43.264416" lon="-2.523037"><ele>102.6</ele></trkpt>
<trkpt lat="43.264416" lon="-2.523059"><ele>102.9</ele></trkpt>
<trkpt lat="43.264416" lon="-2.523081"><ele>102.8</ele></trkpt>
<trkpt lat="43.264420" lon="-2.523093"><ele>102.8</ele></trkpt>
<trkpt lat="43.264424" lon="-2.523114"><ele>103.0</ele></trkpt>
<trkpt lat="43.264424" lon="-2.523131"><ele>103.0</ele></trkpt>
<trkpt lat="43.264425" lon="-2.523150"><ele>103.3</ele></trkpt>
<trkpt lat="43.264424" lon="-2.523170"><ele>103.3</ele></trkpt>
<trkpt lat="43.264426" lon="-2.523190"><ele>103.2</ele></trkpt>
<trkpt lat="43.264426" lon="-2.523210"><ele>103.3</ele></trkpt>
<trkpt lat="43.264420" lon="-2.523228"><ele>103.2</ele></trkpt>
<trkpt lat="43.264419" lon="-2.523245"><ele>103.3</ele></trkpt>
<trkpt lat="43.264417" lon="-2.523265"><ele>103.3</ele></trkpt>
<trkpt lat="43.264422" lon="-2.523279"><ele>103.3</ele></trkpt>
<trkpt lat="43.264421" lon="-2.523301"><ele>103.2</ele></trkpt>
<trkpt lat="43.264420" lon="-2.523328"><ele>103.2</ele></trkpt>
<trkpt lat="43.264418" lon="-2.523346"><ele>103.2</ele></trkpt>
<trkpt lat="43.264419" lon="-2.523363"><ele>103.2</ele></trkpt>
<trkpt lat="43.264420" lon="-2.523387"><ele>103.3</ele></trkpt>
<trkpt lat="43.264416" lon="-2.523406"><ele>103.3</ele></trkpt>
<trkpt lat="43.264416" lon="-2.523426"><ele>103.3</ele></trkpt>
<trkpt lat="43.264418" lon="-2.523448"><ele>103.0</ele></trkpt>
<trkpt lat="43.264418" lon="-2.523465"><ele>102.9</ele></trkpt>
<trkpt lat="43.264422" lon="-2.523486"><ele>102.8</ele></trkpt>
<trkpt lat="43.264428" lon="-2.523508"><ele>102.8</ele></trkpt>
<trkpt lat="43.264433" lon="-2.523531"><ele>102.9</ele></trkpt>
<trkpt lat="43.264436" lon="-2.523551"><ele>102.9</ele></trkpt>
<trkpt lat="43.264440" lon="-2.523569"><ele>102.8</ele></trkpt>
<trkpt lat="43.264442" lon="-2.523589"><ele>102.8</ele></trkpt>
<trkpt lat="43.264445" lon="-2.523609"><ele>102.8</ele></trkpt>
<trkpt lat="43.264448" lon="-2.523625"><ele>103.1</ele></trkpt>
<trkpt lat="43.264452" lon="-2.523646"><ele>103.1</ele></trkpt>
<trkpt lat="43.264457" lon="-2.523666"><ele>103.1</ele></trkpt>
<trkpt lat="43.264467" lon="-2.523687"><ele>103.1</ele></trkpt>
<trkpt lat="43.264472" lon="-2.523709"><ele>103.0</ele></trkpt>
<trkpt lat="43.264476" lon="-2.523730"><ele>103.1</ele></trkpt>
<trkpt lat="43.264484" lon="-2.523750"><ele>102.9</ele></trkpt>
<trkpt lat="43.264488" lon="-2.523766"><ele>102.7</ele></trkpt>
<trkpt lat="43.264493" lon="-2.523786"><ele>102.7</ele></trkpt>
<trkpt lat="43.264498" lon="-2.523799"><ele>102.6</ele></trkpt>
<trkpt lat="43.264504" lon="-2.523819"><ele>102.6</ele></trkpt>
<trkpt lat="43.264510" lon="-2.523834"><ele>102.6</ele></trkpt>
<trkpt lat="43.264516" lon="-2.523852"><ele>102.6</ele></trkpt>
<trkpt lat="43.264522" lon="-2.523873"><ele>102.4</ele></trkpt>
<trkpt lat="43.264529" lon="-2.523889"><ele>102.5</ele></trkpt>
<trkpt lat="43.264533" lon="-2.523904"><ele>102.5</ele></trkpt>
<trkpt lat="43.264537" lon="-2.523923"><ele>102.2</ele></trkpt>
<trkpt lat="43.264541" lon="-2.523943"><ele>102.0</ele></trkpt>
<trkpt lat="43.264546" lon="-2.523962"><ele>102.0</ele></trkpt>
<trkpt lat="43.264551" lon="-2.523982"><ele>101.8</ele></trkpt>
<trkpt lat="43.264551" lon="-2.524003"><ele>101.9</ele></trkpt>
<trkpt lat="43.264556" lon="-2.524022"><ele>102.1</ele></trkpt>
<trkpt lat="43.264562" lon="-2.524042"><ele>102.1</ele></trkpt>
<trkpt lat="43.264563" lon="-2.524062"><ele>102.0</ele></trkpt>
<trkpt lat="43.264564" lon="-2.524076"><ele>102.0</ele></trkpt>
<trkpt lat="43.264568" lon="-2.524098"><ele>102.0</ele></trkpt>
<trkpt lat="43.264571" lon="-2.524121"><ele>102.1</ele></trkpt>
<trkpt lat="43.264578" lon="-2.524142"><ele>102.1</ele></trkpt>
<trkpt lat="43.264583" lon="-2.524158"><ele>102.0</ele></trkpt>
<trkpt lat="43.264586" lon="-2.524178"><ele>101.8</ele></trkpt>
<trkpt lat="43.264593" lon="-2.524195"><ele>101.8</ele></trkpt>
<trkpt lat="43.264600" lon="-2.524216"><ele>101.9</ele></trkpt>
<trkpt lat="43.264606" lon="-2.524231"><ele>101.8</ele></trkpt>
<trkpt lat="43.264610" lon="-2.524248"><ele>101.8</ele></trkpt>
<trkpt lat="43.264620" lon="-2.524263"><ele>102.1</ele></trkpt>
<trkpt lat="43.264622" lon="-2.524285"><ele>102.1</ele></trkpt>
<trkpt lat="43.264624" lon="-2.524303"><ele>102.1</ele></trkpt>
<trkpt lat="43.264628" lon="-2.524323"><ele>102.0</ele></trkpt>
<trkpt lat="43.264634" lon="-2.524340"><ele>101.8</ele></trkpt>
<trkpt lat="43.264641" lon="-2.524366"><ele>101.3</ele></trkpt>
<trkpt lat="43.264651" lon="-2.524380"><ele>101.2</ele></trkpt>
<trkpt lat="43.264653" lon="-2.524403"><ele>101.2</ele></trkpt>
<trkpt lat="43.264656" lon="-2.524426"><ele>101.2</ele></trkpt>
<trkpt lat="43.264661" lon="-2.524446"><ele>101.2</ele></trkpt>
<trkpt lat="43.264664" lon="-2.524467"><ele>101.3</ele></trkpt>
<trkpt lat="43.264668" lon="-2.524487"><ele>101.3</ele></trkpt>
<trkpt lat="43.264670" lon="-2.524506"><ele>101.2</ele></trkpt>
<trkpt lat="43.264674" lon="-2.524527"><ele>101.3</ele></trkpt>
<trkpt lat="43.264677" lon="-2.524546"><ele>101.3</ele></trkpt>
<trkpt lat="43.264679" lon="-2.524564"><ele>101.4</ele></trkpt>
<trkpt lat="43.264684" lon="-2.524583"><ele>101.4</ele></trkpt>
<trkpt lat="43.264689" lon="-2.524600"><ele>101.4</ele></trkpt>
<trkpt lat="43.264693" lon="-2.524619"><ele>101.7</ele></trkpt>
<trkpt lat="43.264697" lon="-2.524638"><ele>101.6</ele></trkpt>
<trkpt lat="43.264702" lon="-2.524657"><ele>101.9</ele></trkpt>
<trkpt lat="43.264705" lon="-2.524675"><ele>101.9</ele></trkpt>
<trkpt lat="43.264710" lon="-2.524693"><ele>102.1</ele></trkpt>
<trkpt lat="43.264715" lon="-2.524710"><ele>102.0</ele></trkpt>
<trkpt lat="43.264720" lon="-2.524727"><ele>102.1</ele></trkpt>
<trkpt lat="43.264723" lon="-2.524745"><ele>102.2</ele></trkpt>
<trkpt lat="43.264728" lon="-2.524765"><ele>102.3</ele></trkpt>
<trkpt lat="43.264733" lon="-2.524784"><ele>102.3</ele></trkpt>
<trkpt lat="43.264737" lon="-2.524804"><ele>102.2</ele></trkpt>
<trkpt lat="43.264742" lon="-2.524823"><ele>102.4</ele></trkpt>
<trkpt lat="43.264746" lon="-2.524841"><ele>102.4</ele></trkpt>
<trkpt lat="43.264751" lon="-2.524860"><ele>102.3</ele></trkpt>
<trkpt lat="43.264756" lon="-2.524878"><ele>102.2</ele></trkpt>
<trkpt lat="43.264761" lon="-2.524898"><ele>102.2</ele></trkpt>
<trkpt lat="43.264767" lon="-2.524915"><ele>102.2</ele></trkpt>
<trkpt lat="43.264772" lon="-2.524933"><ele>102.4</ele></trkpt>
<trkpt lat="43.264777" lon="-2.524953"><ele>102.5</ele></trkpt>
<trkpt lat="43.264781" lon="-2.524971"><ele>102.4</ele></trkpt>
<trkpt lat="43.264790" lon="-2.524987"><ele>102.5</ele></trkpt>
<trkpt lat="43.264796" lon="-2.525004"><ele>102.5</ele></trkpt>
<trkpt lat="43.264801" lon="-2.525023"><ele>102.5</ele></trkpt>
<trkpt lat="43.264805" lon="-2.525041"><ele>102.6</ele></trkpt>
<trkpt lat="43.264811" lon="-2.525062"><ele>102.4</ele></trkpt>
<trkpt lat="43.264815" lon="-2.525082"><ele>102.4</ele></trkpt>
<trkpt lat="43.264819" lon="-2.525100"><ele>102.5</ele></trkpt>
<trkpt lat="43.264822" lon="-2.525119"><ele>102.5</ele></trkpt>
<trkpt lat="43.264829" lon="-2.525137"><ele>102.5</ele></trkpt>
<trkpt lat="43.264833" lon="-2.525154"><ele>102.5</ele></trkpt>
<trkpt lat="43.264840" lon="-2.525173"><ele>102.4</ele></trkpt>
<trkpt lat="43.264847" lon="-2.525188"><ele>102.4</ele></trkpt>
<trkpt lat="43.264853" lon="-2.525203"><ele>102.5</ele></trkpt>
<trkpt lat="43.264857" lon="-2.525221"><ele>102.5</ele></trkpt>
<trkpt lat="43.264856" lon="-2.525242"><ele>102.5</ele></trkpt>
<trkpt lat="43.264862" lon="-2.525257"><ele>102.9</ele></trkpt>
<trkpt lat="43.264862" lon="-2.525257"><ele>103.4</ele></trkpt>
<trkpt lat="43.264874" lon="-2.525289"><ele>103.4</ele></trkpt>
<trkpt lat="43.264878" lon="-2.525304"><ele>103.4</ele></trkpt>
<trkpt lat="43.264878" lon="-2.525304"><ele>103.5</ele></trkpt>
<trkpt lat="43.264891" lon="-2.525338"><ele>103.4</ele></trkpt>
<trkpt lat="43.264892" lon="-2.525360"><ele>103.5</ele></trkpt>
<trkpt lat="43.264890" lon="-2.525380"><ele>103.7</ele></trkpt>
<trkpt lat="43.264892" lon="-2.525398"><ele>103.7</ele></trkpt>
<trkpt lat="43.264889" lon="-2.525408"><ele>103.7</ele></trkpt>
<trkpt lat="43.264888" lon="-2.525403"><ele>103.7</ele></trkpt>
<trkpt lat="43.264885" lon="-2.525403"><ele>103.6</ele></trkpt>
<trkpt lat="43.264884" lon="-2.525405"><ele>103.6</ele></trkpt>
<trkpt lat="43.264881" lon="-2.525405"><ele>103.7</ele></trkpt>
<trkpt lat="43.264883" lon="-2.525404"><ele>103.7</ele></trkpt>
<trkpt lat="43.264883" lon="-2.525404"><ele>103.6</ele></trkpt>
<trkpt lat="43.264883" lon="-2.525404"><ele>103.6</ele></trkpt>
<trkpt lat="43.264882" lon="-2.525404"><ele>103.4</ele></trkpt>
<trkpt lat="43.264882" lon="-2.525404"><ele>103.4</ele></trkpt>
<trkpt lat="43.264882" lon="-2.525404"><ele>103.5</ele></trkpt>
<trkpt lat="43.264880" lon="-2.525405"><ele>103.4</ele></trkpt>
<trkpt lat="43.264879" lon="-2.525417"><ele>103.5</ele></trkpt>
<trkpt lat="43.264878" lon="-2.525436"><ele>103.5</ele></trkpt>
<trkpt lat="43.264878" lon="-2.525453"><ele>103.4</ele></trkpt>
<trkpt lat="43.264880" lon="-2.525468"><ele>103.5</ele></trkpt>
<trkpt lat="43.264881" lon="-2.525484"><ele>103.6</ele></trkpt>
<trkpt lat="43.264880" lon="-2.525500"><ele>103.6</ele></trkpt>
<trkpt lat="43.264883" lon="-2.525516"><ele>103.9</ele></trkpt>
<trkpt lat="43.264884" lon="-2.525536"><ele>103.8</ele></trkpt>
<trkpt lat="43.264884" lon="-2.525556"><ele>104.0</ele></trkpt>
<trkpt lat="43.264885" lon="-2.525573"><ele>104.1</ele></trkpt>
<trkpt lat="43.264888" lon="-2.525591"><ele>104.3</ele></trkpt>
<trkpt lat="43.264891" lon="-2.525612"><ele>104.3</ele></trkpt>
<trkpt lat="43.264894" lon="-2.525627"><ele>104.2</ele></trkpt>
<trkpt lat="43.264903" lon="-2.525644"><ele>104.2</ele></trkpt>
<trkpt lat="43.264908" lon="-2.525659"><ele>104.5</ele></trkpt>
<trkpt lat="43.264907" lon="-2.525677"><ele>104.5</ele></trkpt>
<trkpt lat="43.264907" lon="-2.525700"><ele>104.7</ele></trkpt>
<trkpt lat="43.264910" lon="-2.525721"><ele>104.6</ele></trkpt>
<trkpt lat="43.264912" lon="-2.525742"><ele>104.6</ele></trkpt>
<trkpt lat="43.264917" lon="-2.525764"><ele>104.7</ele></trkpt>
<trkpt lat="43.264922" lon="-2.525781"><ele>104.6</ele></trkpt>
<trkpt lat="43.264926" lon="-2.525798"><ele>104.6</ele></trkpt>
<trkpt lat="43.264928" lon="-2.525819"><ele>104.6</ele></trkpt>
<trkpt lat="43.264929" lon="-2.525833"><ele>104.7</ele></trkpt>
<trkpt lat="43.264934" lon="-2.525851"><ele>104.7</ele></trkpt>
<trkpt lat="43.264933" lon="-2.525868"><ele>104.6</ele></trkpt>
<trkpt lat="43.264932" lon="-2.525886"><ele>104.7</ele></trkpt>
<trkpt lat="43.264932" lon="-2.525909"><ele>104.8</ele></trkpt>
<trkpt lat="43.264934" lon="-2.525932"><ele>105.0</ele></trkpt>
<trkpt lat="43.264936" lon="-2.525956"><ele>105.3</ele></trkpt>
<trkpt lat="43.264939" lon="-2.525975"><ele>105.3</ele></trkpt>
<trkpt lat="43.264944" lon="-2.525994"><ele>105.2</ele></trkpt>
<trkpt lat="43.264949" lon="-2.525998"><ele>105.1</ele></trkpt>
<trkpt lat="43.264950" lon="-2.525984"><ele>104.8</ele></trkpt>
<trkpt lat="43.264953" lon="-2.525968"><ele>104.6</ele></trkpt>
<trkpt lat="43.264953" lon="-2.525942"><ele>104.6</ele></trkpt>
<trkpt lat="43.264951" lon="-2.525925"><ele>104.6</ele></trkpt>
<trkpt lat="43.264950" lon="-2.525906"><ele>104.7</ele></trkpt>
<trkpt lat="43.264952" lon="-2.525886"><ele>104.7</ele></trkpt>
<trkpt lat="43.264947" lon="-2.525866"><ele>104.7</ele></trkpt>
<trkpt lat="43.264948" lon="-2.525847"><ele>104.8</ele></trkpt>
<trkpt lat="43.264946" lon="-2.525829"><ele>104.6</ele></trkpt>
<trkpt lat="43.264945" lon="-2.525813"><ele>104.6</ele></trkpt>
<trkpt lat="43.264942" lon="-2.525798"><ele>104.6</ele></trkpt>
<trkpt lat="43.264940" lon="-2.525779"><ele>104.6</ele></trkpt>
<trkpt lat="43.264934" lon="-2.525762"><ele>104.7</ele></trkpt>
<trkpt lat="43.264929" lon="-2.525740"><ele>104.6</ele></trkpt>
<trkpt lat="43.264924" lon="-2.525721"><ele>104.6</ele></trkpt>
<trkpt lat="43.264919" lon="-2.525703"><ele>104.4</ele></trkpt>
<trkpt lat="43.264913" lon="-2.525684"><ele>104.4</ele></trkpt>
<trkpt lat="43.264913" lon="-2.525666"><ele>104.5</ele></trkpt>
<trkpt lat="43.264914" lon="-2.525648"><ele>104.4</ele></trkpt>
<trkpt lat="43.264915" lon="-2.525627"><ele>104.3</ele></trkpt>
<trkpt lat="43.264915" lon="-2.525607"><ele>104.2</ele></trkpt>
<trkpt lat="43.264912" lon="-2.525589"><ele>104.2</ele></trkpt>
<trkpt lat="43.264911" lon="-2.525566"><ele>104.3</ele></trkpt>
<trkpt lat="43.264910" lon="-2.525540"><ele>104.1</ele></trkpt>
<trkpt lat="43.264914" lon="-2.525520"><ele>104.1</ele></trkpt>
<trkpt lat="43.264916" lon="-2.525494"><ele>104.1</ele></trkpt>
<trkpt lat="43.264916" lon="-2.525476"><ele>104.0</ele></trkpt>
<trkpt lat="43.264915" lon="-2.525450"><ele>104.0</ele></trkpt>
<trkpt lat="43.264912" lon="-2.525429"><ele>104.1</ele></trkpt>
<trkpt lat="43.264909" lon="-2.525408"><ele>103.9</ele></trkpt>
<trkpt lat="43.264909" lon="-2.525391"><ele>103.8</ele></trkpt>
<trkpt lat="43.264907" lon="-2.525376"><ele>103.6</ele></trkpt>
<trkpt lat="43.264902" lon="-2.525357"><ele>103.6</ele></trkpt>
<trkpt lat="43.264897" lon="-2.525341"><ele>103.6</ele></trkpt>
<trkpt lat="43.264894" lon="-2.525325"><ele>103.6</ele></trkpt>
<trkpt lat="43.264891" lon="-2.525308"><ele>103.6</ele></trkpt>
<trkpt lat="43.264884" lon="-2.525290"><ele>103.6</ele></trkpt>
<trkpt lat="43.264876" lon="-2.525272"><ele>103.6</ele></trkpt>
<trkpt lat="43.264874" lon="-2.525255"><ele>103.7</ele></trkpt>
<trkpt lat="43.264870" lon="-2.525235"><ele>103.4</ele></trkpt>
<trkpt lat="43.264864" lon="-2.525217"><ele>103.4</ele></trkpt>
<trkpt lat="43.264860" lon="-2.525204"><ele>103.3</ele></trkpt>
<trkpt lat="43.264854" lon="-2.525188"><ele>103.2</ele></trkpt>
<trkpt lat="43.264844" lon="-2.525168"><ele>103.3</ele></trkpt>
<trkpt lat="43.264838" lon="-2.525153"><ele>103.3</ele></trkpt>
<trkpt lat="43.264836" lon="-2.525135"><ele>103.1</ele></trkpt>
<trkpt lat="43.264831" lon="-2.525116"><ele>103.0</ele></trkpt>
<trkpt lat="43.264828" lon="-2.525097"><ele>103.1</ele></trkpt>
<trkpt lat="43.264825" lon="-2.525078"><ele>102.8</ele></trkpt>
<trkpt lat="43.264820" lon="-2.525061"><ele>102.8</ele></trkpt>
<trkpt lat="43.264814" lon="-2.525041"><ele>102.9</ele></trkpt>
<trkpt lat="43.264810" lon="-2.525018"><ele>102.9</ele></trkpt>
<trkpt lat="43.264801" lon="-2.524998"><ele>102.6</ele></trkpt>
<trkpt lat="43.264794" lon="-2.524983"><ele>102.6</ele></trkpt>
<trkpt lat="43.264791" lon="-2.524960"><ele>102.7</ele></trkpt>
<trkpt lat="43.264784" lon="-2.524938"><ele>102.7</ele></trkpt>
<trkpt lat="43.264782" lon="-2.524922"><ele>102.7</ele></trkpt>
<trkpt lat="43.264776" lon="-2.524904"><ele>102.5</ele></trkpt>
<trkpt lat="43.264771" lon="-2.524885"><ele>102.4</ele></trkpt>
<trkpt lat="43.264767" lon="-2.524868"><ele>102.5</ele></trkpt>
<trkpt lat="43.264764" lon="-2.524849"><ele>102.5</ele></trkpt>
<trkpt lat="43.264759" lon="-2.524827"><ele>102.5</ele></trkpt>
<trkpt lat="43.264758" lon="-2.524807"><ele>102.4</ele></trkpt>
<trkpt lat="43.264757" lon="-2.524786"><ele>102.6</ele></trkpt>
<trkpt lat="43.264753" lon="-2.524771"><ele>102.6</ele></trkpt>
<trkpt lat="43.264750" lon="-2.524748"><ele>102.6</ele></trkpt>
<trkpt lat="43.264746" lon="-2.524729"><ele>102.6</ele></trkpt>
<trkpt lat="43.264741" lon="-2.524709"><ele>102.7</ele></trkpt>
<trkpt lat="43.264737" lon="-2.524691"><ele>102.4</ele></trkpt>
<trkpt lat="43.264732" lon="-2.524669"><ele>102.4</ele></trkpt>
<trkpt lat="43.264728" lon="-2.524652"><ele>102.3</ele></trkpt>
<trkpt lat="43.264728" lon="-2.524652"><ele>102.3</ele></trkpt>
<trkpt lat="43.264720" lon="-2.524634"><ele>102.3</ele></trkpt>
<trkpt lat="43.264716" lon="-2.524606"><ele>102.3</ele></trkpt>
<trkpt lat="43.264707" lon="-2.524567"><ele>102.4</ele></trkpt>
<trkpt lat="43.264704" lon="-2.524546"><ele>102.5</ele></trkpt>
<trkpt lat="43.264699" lon="-2.524533"><ele>102.4</ele></trkpt>
<trkpt lat="43.264690" lon="-2.524513"><ele>102.7</ele></trkpt>
<trkpt lat="43.264686" lon="-2.524496"><ele>102.6</ele></trkpt>
<trkpt lat="43.264681" lon="-2.524476"><ele>102.6</ele></trkpt>
<trkpt lat="43.264678" lon="-2.524465"><ele>102.7</ele></trkpt>
<trkpt lat="43.264672" lon="-2.524448"><ele>102.6</ele></trkpt>
<trkpt lat="43.264663" lon="-2.524423"><ele>102.7</ele></trkpt>
<trkpt lat="43.264661" lon="-2.524403"><ele>102.5</ele></trkpt>
<trkpt lat="43.264663" lon="-2.524392"><ele>102.4</ele></trkpt>
<trkpt lat="43.264660" lon="-2.524367"><ele>102.4</ele></trkpt>
<trkpt lat="43.264655" lon="-2.524348"><ele>102.5</ele></trkpt>
<trkpt lat="43.264654" lon="-2.524334"><ele>102.6</ele></trkpt>
<trkpt lat="43.264649" lon="-2.524316"><ele>102.8</ele></trkpt>
<trkpt lat="43.264645" lon="-2.524303"><ele>102.8</ele></trkpt>
<trkpt lat="43.264644" lon="-2.524284"><ele>103.0</ele></trkpt>
<trkpt lat="43.264640" lon="-2.524265"><ele>103.0</ele></trkpt>
<trkpt lat="43.264630" lon="-2.524248"><ele>103.0</ele></trkpt>
<trkpt lat="43.264627" lon="-2.524235"><ele>103.0</ele></trkpt>
<trkpt lat="43.264622" lon="-2.524216"><ele>103.3</ele></trkpt>
<trkpt lat="43.264614" lon="-2.524196"><ele>103.3</ele></trkpt>
<trkpt lat="43.264607" lon="-2.524177"><ele>103.1</ele></trkpt>
<trkpt lat="43.264604" lon="-2.524161"><ele>103.1</ele></trkpt>
<trkpt lat="43.264599" lon="-2.524140"><ele>103.0</ele></trkpt>
<trkpt lat="43.264594" lon="-2.524119"><ele>103.0</ele></trkpt>
<trkpt lat="43.264589" lon="-2.524099"><ele>103.1</ele></trkpt>
<trkpt lat="43.264583" lon="-2.524079"><ele>103.0</ele></trkpt>
<trkpt lat="43.264582" lon="-2.524057"><ele>103.0</ele></trkpt>
<trkpt lat="43.264576" lon="-2.524035"><ele>103.0</ele></trkpt>
<trkpt lat="43.264570" lon="-2.524017"><ele>103.0</ele></trkpt>
<trkpt lat="43.264565" lon="-2.523997"><ele>103.0</ele></trkpt>
<trkpt lat="43.264559" lon="-2.523982"><ele>102.9</ele></trkpt>
<trkpt lat="43.264553" lon="-2.523961"><ele>102.9</ele></trkpt>
<trkpt lat="43.264550" lon="-2.523943"><ele>102.8</ele></trkpt>
<trkpt lat="43.264547" lon="-2.523923"><ele>102.9</ele></trkpt>
<trkpt lat="43.264546" lon="-2.523904"><ele>102.6</ele></trkpt>
<trkpt lat="43.264537" lon="-2.523886"><ele>102.5</ele></trkpt>
<trkpt lat="43.264532" lon="-2.523870"><ele>102.5</ele></trkpt>
<trkpt lat="43.264529" lon="-2.523848"><ele>102.4</ele></trkpt>
<trkpt lat="43.264528" lon="-2.523829"><ele>102.2</ele></trkpt>
<trkpt lat="43.264523" lon="-2.523811"><ele>102.3</ele></trkpt>
<trkpt lat="43.264515" lon="-2.523796"><ele>102.2</ele></trkpt>
<trkpt lat="43.264514" lon="-2.523778"><ele>102.2</ele></trkpt>
<trkpt lat="43.264509" lon="-2.523759"><ele>102.2</ele></trkpt>
<trkpt lat="43.264506" lon="-2.523742"><ele>102.0</ele></trkpt>
<trkpt lat="43.264505" lon="-2.523718"><ele>102.1</ele></trkpt>
<trkpt lat="43.264503" lon="-2.523697"><ele>102.0</ele></trkpt>
<trkpt lat="43.264499" lon="-2.523677"><ele>102.0</ele></trkpt>
<trkpt lat="43.264495" lon="-2.523653"><ele>102.0</ele></trkpt>
<trkpt lat="43.264490" lon="-2.523634"><ele>102.3</ele></trkpt>
<trkpt lat="43.264482" lon="-2.523615"><ele>102.2</ele></trkpt>
<trkpt lat="43.264476" lon="-2.523599"><ele>102.5</ele></trkpt>
<trkpt lat="43.264471" lon="-2.523580"><ele>102.5</ele></trkpt>
<trkpt lat="43.264472" lon="-2.523566"><ele>102.5</ele></trkpt>
<trkpt lat="43.264470" lon="-2.523545"><ele>102.5</ele></trkpt>
<trkpt lat="43.264467" lon="-2.523523"><ele>102.4</ele></trkpt>
<trkpt lat="43.264462" lon="-2.523509"><ele>102.6</ele></trkpt>
<trkpt lat="43.264459" lon="-2.523493"><ele>102.5</ele></trkpt>
<trkpt lat="43.264455" lon="-2.523476"><ele>102.5</ele></trkpt>
<trkpt lat="43.264452" lon="-2.523461"><ele>102.4</ele></trkpt>
<trkpt lat="43.264448" lon="-2.523445"><ele>102.5</ele></trkpt>
<trkpt lat="43.264444" lon="-2.523423"><ele>102.5</ele></trkpt>
<trkpt lat="43.264438" lon="-2.523404"><ele>102.5</ele></trkpt>
<trkpt lat="43.264432" lon="-2.523385"><ele>102.5</ele></trkpt>
<trkpt lat="43.264426" lon="-2.523363"><ele>102.4</ele></trkpt>
<trkpt lat="43.264425" lon="-2.523342"><ele>102.4</ele></trkpt>
<trkpt lat="43.264424" lon="-2.523323"><ele>102.4</ele></trkpt>
<trkpt lat="43.264420" lon="-2.523304"><ele>102.5</ele></trkpt>
<trkpt lat="43.264418" lon="-2.523283"><ele>102.4</ele></trkpt>
<trkpt lat="43.264419" lon="-2.523262"><ele>102.6</ele></trkpt>
<trkpt lat="43.264419" lon="-2.523247"><ele>102.6</ele></trkpt>
<trkpt lat="43.264418" lon="-2.523228"><ele>102.7</ele></trkpt>
<trkpt lat="43.264420" lon="-2.523206"><ele>102.7</ele></trkpt>
<trkpt lat="43.264420" lon="-2.523183"><ele>102.6</ele></trkpt>
<trkpt lat="43.264420" lon="-2.523160"><ele>102.6</ele></trkpt>
<trkpt lat="43.264424" lon="-2.523143"><ele>102.5</ele></trkpt>
<trkpt lat="43.264428" lon="-2.523120"><ele>102.5</ele></trkpt>
<trkpt lat="43.264431" lon="-2.523100"><ele>102.5</ele></trkpt>
<trkpt lat="43.264436" lon="-2.523080"><ele>102.4</ele></trkpt>
<trkpt lat="43.264442" lon="-2.523060"><ele>102.5</ele></trkpt>
<trkpt lat="43.264449" lon="-2.523044"><ele>102.4</ele></trkpt>
<trkpt lat="43.264458" lon="-2.523032"><ele>102.4</ele></trkpt>
<trkpt lat="43.264470" lon="-2.523037"><ele>102.4</ele></trkpt>
<trkpt lat="43.264484" lon="-2.523038"><ele>102.5</ele></trkpt>
<trkpt lat="43.264498" lon="-2.523039"><ele>102.5</ele></trkpt>
<trkpt lat="43.264511" lon="-2.523042"><ele>102.3</ele></trkpt>
<trkpt lat="43.264520" lon="-2.523052"><ele>102.2</ele></trkpt>
<trkpt lat="43.264534" lon="-2.523058"><ele>102.2</ele></trkpt>
<trkpt lat="43.264549" lon="-2.523067"><ele>102.3</ele></trkpt>
<trkpt lat="43.264560" lon="-2.523071"><ele>102.3</ele></trkpt>
<trkpt lat="43.264569" lon="-2.523082"><ele>102.5</ele></trkpt>
<trkpt lat="43.264570" lon="-2.523104"><ele>102.5</ele></trkpt>
<trkpt lat="43.264575" lon="-2.523129"><ele>102.5</ele></trkpt>
<trkpt lat="43.264582" lon="-2.523148"><ele>102.6</ele></trkpt>
<trkpt lat="43.264592" lon="-2.523164"><ele>102.6</ele></trkpt>
<trkpt lat="43.264603" lon="-2.523186"><ele>102.6</ele></trkpt>
<trkpt lat="43.264612" lon="-2.523201"><ele>102.6</ele></trkpt>
<trkpt lat="43.264620" lon="-2.523216"><ele>102.4</ele></trkpt>
<trkpt lat="43.264631" lon="-2.523231"><ele>102.6</ele></trkpt>
<trkpt lat="43.264639" lon="-2.523244"><ele>102.4</ele></trkpt>
<trkpt lat="43.264650" lon="-2.523259"><ele>102.4</ele></trkpt>
<trkpt lat="43.264660" lon="-2.523275"><ele>102.7</ele></trkpt>
<trkpt lat="43.264665" lon="-2.523287"><ele>102.6</ele></trkpt>
<trkpt lat="43.264673" lon="-2.523299"><ele>102.9</ele></trkpt>
<trkpt lat="43.264681" lon="-2.523307"><ele>102.8</ele></trkpt>
<trkpt lat="43.264687" lon="-2.523319"><ele>102.8</ele></trkpt>
<trkpt lat="43.264695" lon="-2.523334"><ele>103.1</ele></trkpt>
<trkpt lat="43.264705" lon="-2.523347"><ele>103.0</ele></trkpt>
<trkpt lat="43.264718" lon="-2.523357"><ele>103.0</ele></trkpt>
<trkpt lat="43.264729" lon="-2.523366"><ele>103.3</ele></trkpt>
<trkpt lat="43.264741" lon="-2.523377"><ele>103.5</ele></trkpt>
<trkpt lat="43.264753" lon="-2.523386"><ele>103.5</ele></trkpt>
<trkpt lat="43.264763" lon="-2.523396"><ele>103.7</ele></trkpt>
<trkpt lat="43.264773" lon="-2.523406"><ele>103.8</ele></trkpt>
<trkpt lat="43.264783" lon="-2.523419"><ele>103.9</ele></trkpt>
<trkpt lat="43.264795" lon="-2.523433"><ele>103.8</ele></trkpt>
<trkpt lat="43.264807" lon="-2.523448"><ele>103.8</ele></trkpt>
<trkpt lat="43.264814" lon="-2.523462"><ele>103.8</ele></trkpt>
<trkpt lat="43.264822" lon="-2.523477"><ele>103.0</ele></trkpt>
<trkpt lat="43.264830" lon="-2.523490"><ele>102.9</ele></trkpt>
<trkpt lat="43.264838" lon="-2.523501"><ele>102.8</ele></trkpt>
<trkpt lat="43.264845" lon="-2.523514"><ele>102.8</ele></trkpt>
<trkpt lat="43.264853" lon="-2.523526"><ele>102.8</ele></trkpt>
<trkpt lat="43.264859" lon="-2.523537"><ele>102.8</ele></trkpt>
<trkpt lat="43.264866" lon="-2.523547"><ele>102.8</ele></trkpt>
<trkpt lat="43.264875" lon="-2.523561"><ele>103.1</ele></trkpt>
<trkpt lat="43.264881" lon="-2.523574"><ele>103.0</ele></trkpt>
<trkpt lat="43.264890" lon="-2.523588"><ele>103.2</ele></trkpt>
<trkpt lat="43.264898" lon="-2.523603"><ele>103.4</ele></trkpt>
<trkpt lat="43.264904" lon="-2.523616"><ele>103.6</ele></trkpt>
<trkpt lat="43.264912" lon="-2.523630"><ele>103.9</ele></trkpt>
<trkpt lat="43.264919" lon="-2.523645"><ele>104.1</ele></trkpt>
<trkpt lat="43.264927" lon="-2.523661"><ele>104.2</ele></trkpt>
<trkpt lat="43.264934" lon="-2.523676"><ele>104.2</ele></trkpt>
<trkpt lat="43.264941" lon="-2.523688"><ele>104.2</ele></trkpt>
<trkpt lat="43.264950" lon="-2.523704"><ele>104.4</ele></trkpt>
<trkpt lat="43.264959" lon="-2.523721"><ele>104.4</ele></trkpt>
<trkpt lat="43.264966" lon="-2.523733"><ele>104.7</ele></trkpt>
<trkpt lat="43.264974" lon="-2.523744"><ele>104.8</ele></trkpt>
<trkpt lat="43.264982" lon="-2.523759"><ele>105.3</ele></trkpt>
<trkpt lat="43.264989" lon="-2.523776"><ele>105.5</ele></trkpt>
<trkpt lat="43.264995" lon="-2.523788"><ele>105.7</ele></trkpt>
<trkpt lat="43.265004" lon="-2.523800"><ele>105.6</ele></trkpt>
<trkpt lat="43.265013" lon="-2.523814"><ele>105.6</ele></trkpt>
<trkpt lat="43.265020" lon="-2.523825"><ele>105.9</ele></trkpt>
<trkpt lat="43.265027" lon="-2.523835"><ele>105.8</ele></trkpt>
<trkpt lat="43.265034" lon="-2.523847"><ele>106.0</ele></trkpt>
<trkpt lat="43.265041" lon="-2.523860"><ele>106.4</ele></trkpt>
<trkpt lat="43.265047" lon="-2.523872"><ele>106.7</ele></trkpt>
<trkpt lat="43.265054" lon="-2.523885"><ele>106.8</ele></trkpt>
<trkpt lat="43.265063" lon="-2.523901"><ele>106.8</ele></trkpt>
<trkpt lat="43.265072" lon="-2.523912"><ele>107.3</ele></trkpt>
<trkpt lat="43.265079" lon="-2.523921"><ele>107.4</ele></trkpt>
<trkpt lat="43.265088" lon="-2.523932"><ele>107.5</ele></trkpt>
<trkpt lat="43.265096" lon="-2.523940"><ele>107.7</ele></trkpt>
<trkpt lat="43.265105" lon="-2.523950"><ele>107.8</ele></trkpt>
<trkpt lat="43.265112" lon="-2.523961"><ele>108.1</ele></trkpt>
<trkpt lat="43.265119" lon="-2.523969"><ele>108.1</ele></trkpt>
<trkpt lat="43.265128" lon="-2.523980"><ele>108.3</ele></trkpt>
<trkpt lat="43.265136" lon="-2.523992"><ele>108.4</ele></trkpt>
<trkpt lat="43.265145" lon="-2.524002"><ele>108.6</ele></trkpt>
<trkpt lat="43.265153" lon="-2.524009"><ele>108.7</ele></trkpt>
<trkpt lat="43.265164" lon="-2.524019"><ele>108.8</ele></trkpt>
<trkpt lat="43.265173" lon="-2.524029"><ele>108.9</ele></trkpt>
<trkpt lat="43.265180" lon="-2.524035"><ele>109.0</ele></trkpt>
<trkpt lat="43.265188" lon="-2.524045"><ele>109.1</ele></trkpt>
<trkpt lat="43.265195" lon="-2.524056"><ele>109.5</ele></trkpt>
<trkpt lat="43.265203" lon="-2.524063"><ele>109.7</ele></trkpt>
<trkpt lat="43.265210" lon="-2.524072"><ele>109.6</ele></trkpt>
<trkpt lat="43.265218" lon="-2.524081"><ele>109.7</ele></trkpt>
<trkpt lat="43.265229" lon="-2.524090"><ele>109.9</ele></trkpt>
<trkpt lat="43.265237" lon="-2.524098"><ele>109.8</ele></trkpt>
<trkpt lat="43.265247" lon="-2.524108"><ele>109.8</ele></trkpt>
<trkpt lat="43.265260" lon="-2.524117"><ele>110.0</ele></trkpt>
<trkpt lat="43.265273" lon="-2.524123"><ele>110.1</ele></trkpt>
<trkpt lat="43.265283" lon="-2.524130"><ele>110.2</ele></trkpt>
<trkpt lat="43.265292" lon="-2.524136"><ele>110.3</ele></trkpt>
<trkpt lat="43.265292" lon="-2.524136"><ele>110.5</ele></trkpt>
<trkpt lat="43.265302" lon="-2.524142"><ele>110.6</ele></trkpt>
<trkpt lat="43.265312" lon="-2.524150"><ele>110.7</ele></trkpt>
<trkpt lat="43.265319" lon="-2.524158"><ele>110.8</ele></trkpt>
<trkpt lat="43.265327" lon="-2.524166"><ele>111.0</ele></trkpt>
<trkpt lat="43.265327" lon="-2.524166"><ele>111.1</ele></trkpt>
<trkpt lat="43.265344" lon="-2.524187"><ele>111.0</ele></trkpt>
<trkpt lat="43.265356" lon="-2.524192"><ele>111.5</ele></trkpt>
<trkpt lat="43.265375" lon="-2.524214"><ele>111.4</ele></trkpt>
<trkpt lat="43.265385" lon="-2.524222"><ele>111.6</ele></trkpt>
<trkpt lat="43.265393" lon="-2.524232"><ele>111.6</ele></trkpt>
<trkpt lat="43.265400" lon="-2.524244"><ele>111.9</ele></trkpt>
<trkpt lat="43.265407" lon="-2.524256"><ele>112.3</ele></trkpt>
<trkpt lat="43.265414" lon="-2.524262"><ele>112.9</ele></trkpt>
<trkpt lat="43.265425" lon="-2.524271"><ele>113.5</ele></trkpt>
<trkpt lat="43.265433" lon="-2.524278"><ele>113.9</ele></trkpt>
<trkpt lat="43.265440" lon="-2.524287"><ele>113.9</ele></trkpt>
<trkpt lat="43.265450" lon="-2.524294"><ele>114.3</ele></trkpt>
<trkpt lat="43.265459" lon="-2.524300"><ele>114.4</ele></trkpt>
<trkpt lat="43.265469" lon="-2.524307"><ele>114.8</ele></trkpt>
<trkpt lat="43.265474" lon="-2.524317"><ele>114.8</ele></trkpt>
<trkpt lat="43.265481" lon="-2.524326"><ele>115.0</ele></trkpt>
<trkpt lat="43.265485" lon="-2.524335"><ele>115.0</ele></trkpt>
<trkpt lat="43.265494" lon="-2.524349"><ele>115.5</ele></trkpt>
<trkpt lat="43.265502" lon="-2.524361"><ele>115.5</ele></trkpt>
<trkpt lat="43.265509" lon="-2.524372"><ele>115.7</ele></trkpt>
<trkpt lat="43.265513" lon="-2.524382"><ele>115.7</ele></trkpt>
<trkpt lat="43.265519" lon="-2.524391"><ele>116.1</ele></trkpt>
<trkpt lat="43.265526" lon="-2.524403"><ele>116.0</ele></trkpt>
<trkpt lat="43.265531" lon="-2.524417"><ele>116.3</ele></trkpt>
<trkpt lat="43.265537" lon="-2.524430"><ele>116.3</ele></trkpt>
<trkpt lat="43.265538" lon="-2.524437"><ele>116.4</ele></trkpt>
<trkpt lat="43.265544" lon="-2.524452"><ele>116.7</ele></trkpt>
<trkpt lat="43.265550" lon="-2.524463"><ele>116.6</ele></trkpt>
<trkpt lat="43.265557" lon="-2.524471"><ele>116.8</ele></trkpt>
<trkpt lat="43.265563" lon="-2.524479"><ele>117.2</ele></trkpt>
<trkpt lat="43.265567" lon="-2.524488"><ele>117.3</ele></trkpt>
<trkpt lat="43.265574" lon="-2.524499"><ele>117.9</ele></trkpt>
<trkpt lat="43.265580" lon="-2.524513"><ele>118.1</ele></trkpt>
<trkpt lat="43.265585" lon="-2.524523"><ele>118.2</ele></trkpt>
<trkpt lat="43.265589" lon="-2.524535"><ele>118.5</ele></trkpt>
<trkpt lat="43.265596" lon="-2.524549"><ele>118.4</ele></trkpt>
<trkpt lat="43.265604" lon="-2.524561"><ele>118.7</ele></trkpt>
<trkpt lat="43.265611" lon="-2.524572"><ele>118.7</ele></trkpt>
<trkpt lat="43.265618" lon="-2.524583"><ele>118.9</ele></trkpt>
<trkpt lat="43.265625" lon="-2.524594"><ele>118.9</ele></trkpt>
<trkpt lat="43.265632" lon="-2.524607"><ele>119.0</ele></trkpt>
<trkpt lat="43.265638" lon="-2.524618"><ele>119.0</ele></trkpt>
<trkpt lat="43.265644" lon="-2.524629"><ele>119.2</ele></trkpt>
<trkpt lat="43.265649" lon="-2.524641"><ele>119.5</ele></trkpt>
<trkpt lat="43.265653" lon="-2.524653"><ele>119.6</ele></trkpt>
<trkpt lat="43.265658" lon="-2.524664"><ele>119.9</ele></trkpt>
<trkpt lat="43.265663" lon="-2.524675"><ele>119.9</ele></trkpt>
<trkpt lat="43.265669" lon="-2.524688"><ele>120.0</ele></trkpt>
<trkpt lat="43.265674" lon="-2.524697"><ele>120.3</ele></trkpt>
<trkpt lat="43.265679" lon="-2.524707"><ele>120.2</ele></trkpt>
<trkpt lat="43.265684" lon="-2.524718"><ele>120.6</ele></trkpt>
<trkpt lat="43.265690" lon="-2.524730"><ele>120.9</ele></trkpt>
<trkpt lat="43.265694" lon="-2.524740"><ele>121.0</ele></trkpt>
<trkpt lat="43.265698" lon="-2.524751"><ele>121.1</ele></trkpt>
<trkpt lat="43.265702" lon="-2.524763"><ele>121.2</ele></trkpt>
<trkpt lat="43.265706" lon="-2.524772"><ele>121.6</ele></trkpt>
<trkpt lat="43.265709" lon="-2.524782"><ele>121.8</ele></trkpt>
<trkpt lat="43.265714" lon="-2.524793"><ele>122.0</ele></trkpt>
<trkpt lat="43.265718" lon="-2.524798"><ele>122.2</ele></trkpt>
<trkpt lat="43.265724" lon="-2.524807"><ele>122.5</ele></trkpt>
<trkpt lat="43.265729" lon="-2.524819"><ele>122.6</ele></trkpt>
<trkpt lat="43.265734" lon="-2.524827"><ele>122.9</ele></trkpt>
<trkpt lat="43.265738" lon="-2.524836"><ele>122.9</ele></trkpt>
<trkpt lat="43.265741" lon="-2.524845"><ele>123.1</ele></trkpt>
<trkpt lat="43.265747" lon="-2.524855"><ele>123.2</ele></trkpt>
<trkpt lat="43.265751" lon="-2.524862"><ele>123.6</ele></trkpt>
<trkpt lat="43.265756" lon="-2.524870"><ele>123.9</ele></trkpt>
<trkpt lat="43.265762" lon="-2.524878"><ele>124.0</ele></trkpt>
<trkpt lat="43.265769" lon="-2.524885"><ele>124.2</ele></trkpt>
<trkpt lat="43.265775" lon="-2.524896"><ele>124.5</ele></trkpt>
<trkpt lat="43.265781" lon="-2.524906"><ele>124.6</ele></trkpt>
<trkpt lat="43.265790" lon="-2.524916"><ele>124.8</ele></trkpt>
<trkpt lat="43.265801" lon="-2.524926"><ele>125.1</ele></trkpt>
<trkpt lat="43.265806" lon="-2.524932"><ele>125.1</ele></trkpt>
<trkpt lat="43.265811" lon="-2.524939"><ele>125.0</ele></trkpt>
<trkpt lat="43.265818" lon="-2.524947"><ele>125.3</ele></trkpt>
<trkpt lat="43.265824" lon="-2.524957"><ele>125.4</ele></trkpt>
<trkpt lat="43.265829" lon="-2.524967"><ele>125.7</ele></trkpt>
<trkpt lat="43.265835" lon="-2.524978"><ele>126.0</ele></trkpt>
<trkpt lat="43.265838" lon="-2.524982"><ele>126.3</ele></trkpt>
<trkpt lat="43.265843" lon="-2.524993"><ele>126.4</ele></trkpt>
<trkpt lat="43.265848" lon="-2.525000"><ele>126.6</ele></trkpt>
<trkpt lat="43.265853" lon="-2.525010"><ele>126.8</ele></trkpt>
<trkpt lat="43.265860" lon="-2.525013"><ele>127.3</ele></trkpt>
<trkpt lat="43.265868" lon="-2.525021"><ele>127.3</ele></trkpt>
<trkpt lat="43.265877" lon="-2.525031"><ele>127.3</ele></trkpt>
<trkpt lat="43.265885" lon="-2.525044"><ele>127.4</ele></trkpt>
<trkpt lat="43.265895" lon="-2.525054"><ele>127.7</ele></trkpt>
<trkpt lat="43.265907" lon="-2.525061"><ele>127.7</ele></trkpt>
<trkpt lat="43.265912" lon="-2.525069"><ele>128.0</ele></trkpt>
<trkpt lat="43.265922" lon="-2.525094"><ele>128.0</ele></trkpt>
<trkpt lat="43.265928" lon="-2.525110"><ele>128.3</ele></trkpt>
<trkpt lat="43.265932" lon="-2.525118"><ele>128.2</ele></trkpt>
<trkpt lat="43.265934" lon="-2.525131"><ele>128.2</ele></trkpt>
<trkpt lat="43.265939" lon="-2.525147"><ele>128.4</ele></trkpt>
<trkpt lat="43.265949" lon="-2.525168"><ele>128.5</ele></trkpt>
<trkpt lat="43.265953" lon="-2.525180"><ele>128.9</ele></trkpt>
<trkpt lat="43.265956" lon="-2.525192"><ele>128.9</ele></trkpt>
<trkpt lat="43.265963" lon="-2.525208"><ele>128.9</ele></trkpt>
<trkpt lat="43.265967" lon="-2.525227"><ele>129.0</ele></trkpt>
<trkpt lat="43.265970" lon="-2.525242"><ele>129.0</ele></trkpt>
<trkpt lat="43.265975" lon="-2.525253"><ele>129.3</ele></trkpt>
<trkpt lat="43.265980" lon="-2.525270"><ele>129.5</ele></trkpt>
<trkpt lat="43.265985" lon="-2.525284"><ele>129.7</ele></trkpt>
<trkpt lat="43.265989" lon="-2.525298"><ele>129.9</ele></trkpt>
<trkpt lat="43.265992" lon="-2.525311"><ele>129.9</ele></trkpt>
<trkpt lat="43.265996" lon="-2.525322"><ele>130.0</ele></trkpt>
<trkpt lat="43.266000" lon="-2.525336"><ele>130.0</ele></trkpt>
<trkpt lat="43.266005" lon="-2.525351"><ele>130.2</ele></trkpt>
<trkpt lat="43.266010" lon="-2.525363"><ele>130.3</ele></trkpt>
<trkpt lat="43.266014" lon="-2.525376"><ele>130.2</ele></trkpt>
<trkpt lat="43.266018" lon="-2.525387"><ele>130.5</ele></trkpt>
<trkpt lat="43.266019" lon="-2.525403"><ele>130.6</ele></trkpt>
<trkpt lat="43.266026" lon="-2.525416"><ele>130.7</ele></trkpt>
<trkpt lat="43.266031" lon="-2.525432"><ele>130.9</ele></trkpt>
<trkpt lat="43.266037" lon="-2.525449"><ele>130.9</ele></trkpt>
<trkpt lat="43.266043" lon="-2.525463"><ele>131.0</ele></trkpt>
<trkpt lat="43.266046" lon="-2.525475"><ele>131.0</ele></trkpt>
<trkpt lat="43.266048" lon="-2.525488"><ele>131.4</ele></trkpt>
<trkpt lat="43.266053" lon="-2.525500"><ele>131.6</ele></trkpt>
<trkpt lat="43.266061" lon="-2.525514"><ele>131.6</ele></trkpt>
<trkpt lat="43.266066" lon="-2.525527"><ele>131.7</ele></trkpt>
<trkpt lat="43.266070" lon="-2.525541"><ele>131.8</ele></trkpt>
<trkpt lat="43.266076" lon="-2.525555"><ele>131.9</ele></trkpt>
<trkpt lat="43.266079" lon="-2.525570"><ele>131.9</ele></trkpt>
<trkpt lat="43.266084" lon="-2.525582"><ele>132.1</ele></trkpt>
<trkpt lat="43.266092" lon="-2.525598"><ele>132.2</ele></trkpt>
<trkpt lat="43.266101" lon="-2.525612"><ele>132.2</ele></trkpt>
<trkpt lat="43.266108" lon="-2.525625"><ele>132.3</ele></trkpt>
<trkpt lat="43.266117" lon="-2.525638"><ele>132.2</ele></trkpt>
<trkpt lat="43.266124" lon="-2.525648"><ele>132.3</ele></trkpt>
<trkpt lat="43.266128" lon="-2.525660"><ele>132.2</ele></trkpt>
<trkpt lat="43.266133" lon="-2.525672"><ele>132.2</ele></trkpt>
<trkpt lat="43.266139" lon="-2.525687"><ele>132.2</ele></trkpt>
<trkpt lat="43.266146" lon="-2.525701"><ele>132.4</ele></trkpt>
<trkpt lat="43.266152" lon="-2.525716"><ele>132.7</ele></trkpt>
<trkpt lat="43.266158" lon="-2.525730"><ele>133.0</ele></trkpt>
<trkpt lat="43.266164" lon="-2.525747"><ele>133.2</ele></trkpt>
<trkpt lat="43.266173" lon="-2.525763"><ele>133.2</ele></trkpt>
<trkpt lat="43.266180" lon="-2.525777"><ele>133.2</ele></trkpt>
<trkpt lat="43.266189" lon="-2.525793"><ele>133.2</ele></trkpt>
<trkpt lat="43.266198" lon="-2.525808"><ele>133.5</ele></trkpt>
<trkpt lat="43.266205" lon="-2.525825"><ele>133.5</ele></trkpt>
<trkpt lat="43.266212" lon="-2.525840"><ele>133.4</ele></trkpt>
<trkpt lat="43.266219" lon="-2.525853"><ele>133.4</ele></trkpt>
<trkpt lat="43.266226" lon="-2.525864"><ele>133.4</ele></trkpt>
<trkpt lat="43.266231" lon="-2.525876"><ele>133.8</ele></trkpt>
<trkpt lat="43.266237" lon="-2.525888"><ele>133.9</ele></trkpt>
<trkpt lat="43.266241" lon="-2.525900"><ele>134.0</ele></trkpt>
<trkpt lat="43.266245" lon="-2.525910"><ele>134.4</ele></trkpt>
<trkpt lat="43.266248" lon="-2.525922"><ele>134.9</ele></trkpt>
<trkpt lat="43.266251" lon="-2.525935"><ele>135.1</ele></trkpt>
<trkpt lat="43.266259" lon="-2.525953"><ele>135.3</ele></trkpt>
<trkpt lat="43.266265" lon="-2.525968"><ele>135.5</ele></trkpt>
<trkpt lat="43.266271" lon="-2.525981"><ele>135.4</ele></trkpt>
<trkpt lat="43.266277" lon="-2.525998"><ele>135.7</ele></trkpt>
<trkpt lat="43.266290" lon="-2.526013"><ele>135.9</ele></trkpt>
<trkpt lat="43.266295" lon="-2.526025"><ele>136.3</ele></trkpt>
<trkpt lat="43.266301" lon="-2.526038"><ele>136.2</ele></trkpt>
<trkpt lat="43.266308" lon="-2.526046"><ele>136.2</ele></trkpt>
<trkpt lat="43.266315" lon="-2.526060"><ele>136.3</ele></trkpt>
<trkpt lat="43.266320" lon="-2.526077"><ele>136.2</ele></trkpt>
<trkpt lat="43.266327" lon="-2.526090"><ele>136.3</ele></trkpt>
<trkpt lat="43.266334" lon="-2.526102"><ele>136.3</ele></trkpt>
<trkpt lat="43.266342" lon="-2.526111"><ele>136.4</ele></trkpt>
<trkpt lat="43.266349" lon="-2.526120"><ele>137.1</ele></trkpt>
<trkpt lat="43.266356" lon="-2.526129"><ele>137.7</ele></trkpt>
<trkpt lat="43.266363" lon="-2.526140"><ele>137.8</ele></trkpt>
<trkpt lat="43.266371" lon="-2.526153"><ele>138.1</ele></trkpt>
<trkpt lat="43.266380" lon="-2.526164"><ele>138.0</ele></trkpt>
<trkpt lat="43.266393" lon="-2.526181"><ele>138.3</ele></trkpt>
<trkpt lat="43.266404" lon="-2.526195"><ele>138.4</ele></trkpt>
<trkpt lat="43.266414" lon="-2.526208"><ele>138.4</ele></trkpt>
<trkpt lat="43.266424" lon="-2.526221"><ele>138.4</ele></trkpt>
<trkpt lat="43.266433" lon="-2.526233"><ele>138.4</ele></trkpt>
<trkpt lat="43.266441" lon="-2.526247"><ele>138.4</ele></trkpt>
<trkpt lat="43.266452" lon="-2.526259"><ele>138.6</ele></trkpt>
<trkpt lat="43.266462" lon="-2.526269"><ele>138.7</ele></trkpt>
<trkpt lat="43.266473" lon="-2.526277"><ele>138.8</ele></trkpt>
<trkpt lat="43.266484" lon="-2.526279"><ele>138.9</ele></trkpt>
<trkpt lat="43.266495" lon="-2.526284"><ele>139.1</ele></trkpt>
<trkpt lat="43.266504" lon="-2.526292"><ele>139.2</ele></trkpt>
<trkpt lat="43.266513" lon="-2.526305"><ele>139.5</ele></trkpt>
<trkpt lat="43.266526" lon="-2.526315"><ele>139.4</ele></trkpt>
<trkpt lat="43.266537" lon="-2.526326"><ele>139.6</ele></trkpt>
<trkpt lat="43.266553" lon="-2.526335"><ele>139.6</ele></trkpt>
<trkpt lat="43.266565" lon="-2.526342"><ele>139.6</ele></trkpt>
<trkpt lat="43.266577" lon="-2.526350"><ele>139.7</ele></trkpt>
<trkpt lat="43.266592" lon="-2.526356"><ele>139.9</ele></trkpt>
<trkpt lat="43.266609" lon="-2.526361"><ele>139.9</ele></trkpt>
<trkpt lat="43.266624" lon="-2.526367"><ele>139.8</ele></trkpt>
<trkpt lat="43.266641" lon="-2.526370"><ele>140.0</ele></trkpt>
<trkpt lat="43.266658" lon="-2.526370"><ele>140.1</ele></trkpt>
<trkpt lat="43.266675" lon="-2.526367"><ele>140.3</ele></trkpt>
<trkpt lat="43.266692" lon="-2.526367"><ele>140.2</ele></trkpt>
<trkpt lat="43.266708" lon="-2.526363"><ele>140.5</ele></trkpt>
<trkpt lat="43.266721" lon="-2.526354"><ele>140.6</ele></trkpt>
<trkpt lat="43.266736" lon="-2.526346"><ele>140.6</ele></trkpt>
<trkpt lat="43.266748" lon="-2.526335"><ele>140.8</ele></trkpt>
<trkpt lat="43.266760" lon="-2.526327"><ele>140.9</ele></trkpt>
<trkpt lat="43.266773" lon="-2.526319"><ele>141.1</ele></trkpt>
<trkpt lat="43.266784" lon="-2.526312"><ele>141.0</ele></trkpt>
<trkpt lat="43.266794" lon="-2.526305"><ele>141.1</ele></trkpt>
<trkpt lat="43.266801" lon="-2.526298"><ele>141.5</ele></trkpt>
<trkpt lat="43.266810" lon="-2.526292"><ele>141.6</ele></trkpt>
<trkpt lat="43.266818" lon="-2.526288"><ele>141.9</ele></trkpt>
<trkpt lat="43.266829" lon="-2.526283"><ele>142.3</ele></trkpt>
<trkpt lat="43.266842" lon="-2.526276"><ele>142.2</ele></trkpt>
<trkpt lat="43.266853" lon="-2.526275"><ele>142.3</ele></trkpt>
<trkpt lat="43.266863" lon="-2.526271"><ele>142.4</ele></trkpt>
<trkpt lat="43.266872" lon="-2.526274"><ele>142.4</ele></trkpt>
<trkpt lat="43.266882" lon="-2.526275"><ele>142.4</ele></trkpt>
<trkpt lat="43.266896" lon="-2.526278"><ele>142.5</ele></trkpt>
<trkpt lat="43.266907" lon="-2.526279"><ele>142.5</ele></trkpt>
<trkpt lat="43.266919" lon="-2.526279"><ele>142.3</ele></trkpt>
<trkpt lat="43.266934" lon="-2.526274"><ele>142.0</ele></trkpt>
<trkpt lat="43.266942" lon="-2.526265"><ele>141.9</ele></trkpt>
<trkpt lat="43.266954" lon="-2.526257"><ele>141.9</ele></trkpt>
<trkpt lat="43.266963" lon="-2.526255"><ele>141.8</ele></trkpt>
<trkpt lat="43.266974" lon="-2.526252"><ele>141.6</ele></trkpt>
<trkpt lat="43.266987" lon="-2.526247"><ele>141.7</ele></trkpt>
<trkpt lat="43.266997" lon="-2.526246"><ele>141.6</ele></trkpt>
<trkpt lat="43.267007" lon="-2.526244"><ele>141.6</ele></trkpt>
<trkpt lat="43.267016" lon="-2.526229"><ele>141.6</ele></trkpt>
<trkpt lat="43.267026" lon="-2.526216"><ele>141.8</ele></trkpt>
<trkpt lat="43.267039" lon="-2.526205"><ele>141.9</ele></trkpt>
<trkpt lat="43.267051" lon="-2.526190"><ele>142.1</ele></trkpt>
<trkpt lat="43.267062" lon="-2.526179"><ele>142.3</ele></trkpt>
<trkpt lat="43.267072" lon="-2.526173"><ele>142.7</ele></trkpt>
<trkpt lat="43.267081" lon="-2.526163"><ele>143.4</ele></trkpt>
<trkpt lat="43.267089" lon="-2.526150"><ele>143.7</ele></trkpt>
<trkpt lat="43.267097" lon="-2.526142"><ele>143.9</ele></trkpt>
<trkpt lat="43.267103" lon="-2.526130"><ele>144.3</ele></trkpt>
<trkpt lat="43.267107" lon="-2.526117"><ele>144.7</ele></trkpt>
<trkpt lat="43.267116" lon="-2.526107"><ele>145.1</ele></trkpt>
<trkpt lat="43.267125" lon="-2.526098"><ele>145.4</ele></trkpt>
<trkpt lat="43.267134" lon="-2.526086"><ele>145.8</ele></trkpt>
<trkpt lat="43.267142" lon="-2.526073"><ele>146.0</ele></trkpt>
<trkpt lat="43.267150" lon="-2.526061"><ele>146.4</ele></trkpt>
<trkpt lat="43.267156" lon="-2.526048"><ele>146.5</ele></trkpt>
<trkpt lat="43.267160" lon="-2.526036"><ele>146.7</ele></trkpt>
<trkpt lat="43.267166" lon="-2.526019"><ele>146.7</ele></trkpt>
<trkpt lat="43.267170" lon="-2.526001"><ele>146.7</ele></trkpt>
<trkpt lat="43.267175" lon="-2.525985"><ele>146.8</ele></trkpt>
<trkpt lat="43.267179" lon="-2.525969"><ele>147.4</ele></trkpt>
<trkpt lat="43.267182" lon="-2.525949"><ele>147.6</ele></trkpt>
<trkpt lat="43.267186" lon="-2.525930"><ele>148.0</ele></trkpt>
<trkpt lat="43.267189" lon="-2.525911"><ele>148.3</ele></trkpt>
<trkpt lat="43.267185" lon="-2.525891"><ele>148.4</ele></trkpt>
<trkpt lat="43.267182" lon="-2.525873"><ele>148.6</ele></trkpt>
<trkpt lat="43.267180" lon="-2.525851"><ele>148.6</ele></trkpt>
<trkpt lat="43.267176" lon="-2.525834"><ele>148.6</ele></trkpt>
<trkpt lat="43.267174" lon="-2.525815"><ele>148.6</ele></trkpt>
<trkpt lat="43.267172" lon="-2.525798"><ele>148.6</ele></trkpt>
<trkpt lat="43.267168" lon="-2.525784"><ele>148.7</ele></trkpt>
<trkpt lat="43.267167" lon="-2.525771"><ele>148.7</ele></trkpt>
<trkpt lat="43.267166" lon="-2.525753"><ele>148.7</ele></trkpt>
<trkpt lat="43.267162" lon="-2.525735"><ele>148.9</ele></trkpt>
<trkpt lat="43.267155" lon="-2.525719"><ele>149.0</ele></trkpt>
<trkpt lat="43.267147" lon="-2.525700"><ele>149.0</ele></trkpt>
<trkpt lat="43.267139" lon="-2.525678"><ele>149.1</ele></trkpt>
<trkpt lat="43.267131" lon="-2.525658"><ele>149.2</ele></trkpt>
<trkpt lat="43.267129" lon="-2.525640"><ele>149.4</ele></trkpt>
<trkpt lat="43.267124" lon="-2.525626"><ele>149.4</ele></trkpt>
<trkpt lat="43.267122" lon="-2.525611"><ele>149.6</ele></trkpt>
<trkpt lat="43.267120" lon="-2.525594"><ele>149.9</ele></trkpt>
<trkpt lat="43.267115" lon="-2.525575"><ele>150.1</ele></trkpt>
<trkpt lat="43.267107" lon="-2.525563"><ele>150.6</ele></trkpt>
<trkpt lat="43.267101" lon="-2.525551"><ele>151.3</ele></trkpt>
<trkpt lat="43.267096" lon="-2.525540"><ele>151.6</ele></trkpt>
<trkpt lat="43.267094" lon="-2.525524"><ele>151.6</ele></trkpt>
<trkpt lat="43.267090" lon="-2.525513"><ele>151.8</ele></trkpt>
<trkpt lat="43.267088" lon="-2.525498"><ele>152.3</ele></trkpt>
<trkpt lat="43.267082" lon="-2.525475"><ele>152.4</ele></trkpt>
<trkpt lat="43.267078" lon="-2.525458"><ele>152.9</ele></trkpt>
<trkpt lat="43.267075" lon="-2.525441"><ele>153.2</ele></trkpt>
<trkpt lat="43.267072" lon="-2.525426"><ele>153.4</ele></trkpt>
<trkpt lat="43.267070" lon="-2.525411"><ele>153.7</ele></trkpt>
<trkpt lat="43.267066" lon="-2.525395"><ele>153.7</ele></trkpt>
<trkpt lat="43.267064" lon="-2.525380"><ele>153.7</ele></trkpt>
<trkpt lat="43.267061" lon="-2.525371"><ele>153.9</ele></trkpt>
<trkpt lat="43.267057" lon="-2.525359"><ele>154.2</ele></trkpt>
<trkpt lat="43.267052" lon="-2.525347"><ele>154.5</ele></trkpt>
<trkpt lat="43.267050" lon="-2.525333"><ele>154.8</ele></trkpt>
<trkpt lat="43.267044" lon="-2.525317"><ele>155.2</ele></trkpt>
<trkpt lat="43.267039" lon="-2.525302"><ele>155.6</ele></trkpt>
<trkpt lat="43.267034" lon="-2.525286"><ele>155.8</ele></trkpt>
<trkpt lat="43.267028" lon="-2.525270"><ele>156.1</ele></trkpt>
<trkpt lat="43.267022" lon="-2.525254"><ele>156.2</ele></trkpt>
<trkpt lat="43.267016" lon="-2.525239"><ele>156.4</ele></trkpt>
<trkpt lat="43.267015" lon="-2.525220"><ele>156.7</ele></trkpt>
<trkpt lat="43.267012" lon="-2.525202"><ele>156.9</ele></trkpt>
<trkpt lat="43.267009" lon="-2.525182"><ele>156.9</ele></trkpt>
<trkpt lat="43.267004" lon="-2.525162"><ele>157.1</ele></trkpt>
<trkpt lat="43.266998" lon="-2.525143"><ele>157.2</ele></trkpt>
<trkpt lat="43.266994" lon="-2.525130"><ele>157.4</ele></trkpt>
<trkpt lat="43.266990" lon="-2.525114"><ele>157.5</ele></trkpt>
<trkpt lat="43.266987" lon="-2.525097"><ele>157.7</ele></trkpt>
<trkpt lat="43.266983" lon="-2.525081"><ele>157.9</ele></trkpt>
<trkpt lat="43.266978" lon="-2.525064"><ele>158.1</ele></trkpt>
<trkpt lat="43.266973" lon="-2.525045"><ele>158.2</ele></trkpt>
<trkpt lat="43.266967" lon="-2.525028"><ele>158.2</ele></trkpt>
<trkpt lat="43.266962" lon="-2.525009"><ele>158.4</ele></trkpt>
<trkpt lat="43.266959" lon="-2.524991"><ele>158.7</ele></trkpt>
<trkpt lat="43.266955" lon="-2.524972"><ele>159.1</ele></trkpt>
<trkpt lat="43.266952" lon="-2.524956"><ele>159.0</ele></trkpt>
<trkpt lat="43.266950" lon="-2.524938"><ele>159.3</ele></trkpt>
<trkpt lat="43.266950" lon="-2.524938"><ele>159.5</ele></trkpt>
<trkpt lat="43.266948" lon="-2.524920"><ele>159.5</ele></trkpt>
<trkpt lat="43.266946" lon="-2.524903"><ele>159.5</ele></trkpt>
<trkpt lat="43.266943" lon="-2.524885"><ele>159.6</ele></trkpt>
<trkpt lat="43.266940" lon="-2.524862"><ele>159.9</ele></trkpt>
<trkpt lat="43.266943" lon="-2.524846"><ele>159.8</ele></trkpt>
<trkpt lat="43.266942" lon="-2.524829"><ele>159.8</ele></trkpt>
<trkpt lat="43.266941" lon="-2.524811"><ele>159.8</ele></trkpt>
<trkpt lat="43.266945" lon="-2.524798"><ele>159.8</ele></trkpt>
<trkpt lat="43.266947" lon="-2.524781"><ele>160.1</ele></trkpt>
<trkpt lat="43.266949" lon="-2.524763"><ele>160.3</ele></trkpt>
<trkpt lat="43.266948" lon="-2.524745"><ele>160.8</ele></trkpt>
<trkpt lat="43.266948" lon="-2.524726"><ele>160.9</ele></trkpt>
<trkpt lat="43.266948" lon="-2.524711"><ele>161.0</ele></trkpt>
<trkpt lat="43.266949" lon="-2.524694"><ele>161.3</ele></trkpt>
<trkpt lat="43.266954" lon="-2.524680"><ele>161.5</ele></trkpt>
<trkpt lat="43.266958" lon="-2.524662"><ele>161.4</ele></trkpt>
<trkpt lat="43.266963" lon="-2.524648"><ele>161.8</ele></trkpt>
<trkpt lat="43.266966" lon="-2.524635"><ele>161.9</ele></trkpt>
<trkpt lat="43.266970" lon="-2.524619"><ele>162.0</ele></trkpt>
<trkpt lat="43.266973" lon="-2.524602"><ele>162.2</ele></trkpt>
<trkpt lat="43.266975" lon="-2.524586"><ele>162.2</ele></trkpt>
<trkpt lat="43.266978" lon="-2.524570"><ele>162.5</ele></trkpt>
<trkpt lat="43.266981" lon="-2.524554"><ele>162.7</ele></trkpt>
<trkpt lat="43.266985" lon="-2.524536"><ele>162.8</ele></trkpt>
<trkpt lat="43.266988" lon="-2.524519"><ele>162.9</ele></trkpt>
<trkpt lat="43.266991" lon="-2.524500"><ele>163.1</ele></trkpt>
<trkpt lat="43.266993" lon="-2.524482"><ele>163.0</ele></trkpt>
<trkpt lat="43.266998" lon="-2.524466"><ele>163.5</ele></trkpt>
<trkpt lat="43.267003" lon="-2.524453"><ele>163.6</ele></trkpt>
<trkpt lat="43.267005" lon="-2.524433"><ele>163.6</ele></trkpt>
<trkpt lat="43.267004" lon="-2.524412"><ele>163.7</ele></trkpt>
<trkpt lat="43.267009" lon="-2.524392"><ele>163.6</ele></trkpt>
<trkpt lat="43.267015" lon="-2.524375"><ele>163.6</ele></trkpt>
<trkpt lat="43.267023" lon="-2.524359"><ele>163.6</ele></trkpt>
<trkpt lat="43.267040" lon="-2.524337"><ele>163.7</ele></trkpt>
<trkpt lat="43.267049" lon="-2.524321"><ele>163.7</ele></trkpt>
<trkpt lat="43.267057" lon="-2.524310"><ele>163.8</ele></trkpt>
<trkpt lat="43.267068" lon="-2.524294"><ele>164.4</ele></trkpt>
<trkpt lat="43.267077" lon="-2.524284"><ele>164.6</ele></trkpt>
<trkpt lat="43.267084" lon="-2.524280"><ele>165.1</ele></trkpt>
<trkpt lat="43.267093" lon="-2.524277"><ele>165.1</ele></trkpt>
<trkpt lat="43.267108" lon="-2.524266"><ele>165.3</ele></trkpt>
<trkpt lat="43.267120" lon="-2.524260"><ele>165.6</ele></trkpt>
<trkpt lat="43.267130" lon="-2.524252"><ele>165.9</ele></trkpt>
<trkpt lat="43.267143" lon="-2.524245"><ele>165.8</ele></trkpt>
<trkpt lat="43.267154" lon="-2.524238"><ele>165.8</ele></trkpt>
<trkpt lat="43.267165" lon="-2.524233"><ele>165.8</ele></trkpt>
<trkpt lat="43.267178" lon="-2.524228"><ele>166.1</ele></trkpt>
<trkpt lat="43.267194" lon="-2.524225"><ele>166.4</ele></trkpt>
<trkpt lat="43.267205" lon="-2.524222"><ele>166.8</ele></trkpt>
<trkpt lat="43.267215" lon="-2.524217"><ele>167.1</ele></trkpt>
<trkpt lat="43.267226" lon="-2.524215"><ele>167.0</ele></trkpt>
<trkpt lat="43.267239" lon="-2.524212"><ele>167.2</ele></trkpt>
<trkpt lat="43.267252" lon="-2.524204"><ele>167.3</ele></trkpt>
<trkpt lat="43.267263" lon="-2.524198"><ele>167.3</ele></trkpt>
<trkpt lat="43.267274" lon="-2.524192"><ele>167.6</ele></trkpt>
<trkpt lat="43.267284" lon="-2.524187"><ele>167.6</ele></trkpt>
<trkpt lat="43.267298" lon="-2.524182"><ele>167.8</ele></trkpt>
<trkpt lat="43.267311" lon="-2.524176"><ele>168.0</ele></trkpt>
<trkpt lat="43.267319" lon="-2.524181"><ele>168.0</ele></trkpt>
<trkpt lat="43.267329" lon="-2.524180"><ele>168.3</ele></trkpt>
<trkpt lat="43.267339" lon="-2.524176"><ele>168.2</ele></trkpt>
<trkpt lat="43.267350" lon="-2.524172"><ele>168.7</ele></trkpt>
<trkpt lat="43.267361" lon="-2.524174"><ele>169.0</ele></trkpt>
<trkpt lat="43.267372" lon="-2.524171"><ele>169.2</ele></trkpt>
<trkpt lat="43.267384" lon="-2.524166"><ele>169.7</ele></trkpt>
<trkpt lat="43.267396" lon="-2.524163"><ele>169.8</ele></trkpt>
<trkpt lat="43.267406" lon="-2.524160"><ele>169.8</ele></trkpt>
<trkpt lat="43.267418" lon="-2.524155"><ele>170.2</ele></trkpt>
<trkpt lat="43.267429" lon="-2.524152"><ele>170.5</ele></trkpt>
<trkpt lat="43.267442" lon="-2.524144"><ele>170.5</ele></trkpt>
<trkpt lat="43.267455" lon="-2.524138"><ele>170.6</ele></trkpt>
<trkpt lat="43.267469" lon="-2.524130"><ele>171.0</ele></trkpt>
<trkpt lat="43.267479" lon="-2.524122"><ele>171.2</ele></trkpt>
<trkpt lat="43.267490" lon="-2.524117"><ele>171.3</ele></trkpt>
<trkpt lat="43.267505" lon="-2.524114"><ele>171.3</ele></trkpt>
<trkpt lat="43.267517" lon="-2.524106"><ele>171.4</ele></trkpt>
<trkpt lat="43.267530" lon="-2.524101"><ele>171.8</ele></trkpt>
<trkpt lat="43.267541" lon="-2.524098"><ele>171.9</ele></trkpt>
<trkpt lat="43.267551" lon="-2.524093"><ele>172.0</ele></trkpt>
<trkpt lat="43.267562" lon="-2.524081"><ele>172.1</ele></trkpt>
<trkpt lat="43.267570" lon="-2.524069"><ele>172.4</ele></trkpt>
<trkpt lat="43.267579" lon="-2.524060"><ele>172.6</ele></trkpt>
<trkpt lat="43.267589" lon="-2.524049"><ele>173.0</ele></trkpt>
<trkpt lat="43.267599" lon="-2.524038"><ele>173.4</ele></trkpt>
<trkpt lat="43.267610" lon="-2.524028"><ele>173.4</ele></trkpt>
<trkpt lat="43.267621" lon="-2.524010"><ele>173.6</ele></trkpt>
<trkpt lat="43.267629" lon="-2.523993"><ele>173.6</ele></trkpt>
<trkpt lat="43.267638" lon="-2.523979"><ele>173.6</ele></trkpt>
<trkpt lat="43.267643" lon="-2.523959"><ele>173.6</ele></trkpt>
<trkpt lat="43.267645" lon="-2.523943"><ele>173.9</ele></trkpt>
<trkpt lat="43.267641" lon="-2.523932"><ele>174.2</ele></trkpt>
<trkpt lat="43.267634" lon="-2.523928"><ele>174.3</ele></trkpt>
<trkpt lat="43.267631" lon="-2.523931"><ele>174.3</ele></trkpt>
<trkpt lat="43.267632" lon="-2.523935"><ele>174.2</ele></trkpt>
<trkpt lat="43.267638" lon="-2.523927"><ele>174.3</ele></trkpt>
<trkpt lat="43.267642" lon="-2.523917"><ele>174.2</ele></trkpt>
<trkpt lat="43.267649" lon="-2.523907"><ele>174.2</ele></trkpt>
<trkpt lat="43.267656" lon="-2.523898"><ele>174.2</ele></trkpt>
<trkpt lat="43.267661" lon="-2.523885"><ele>174.3</ele></trkpt>
<trkpt lat="43.267666" lon="-2.523870"><ele>174.3</ele></trkpt>
<trkpt lat="43.267669" lon="-2.523855"><ele>174.3</ele></trkpt>
<trkpt lat="43.267671" lon="-2.523836"><ele>174.3</ele></trkpt>
<trkpt lat="43.267671" lon="-2.523813"><ele>174.5</ele></trkpt>
<trkpt lat="43.267671" lon="-2.523792"><ele>174.7</ele></trkpt>
<trkpt lat="43.267672" lon="-2.523771"><ele>174.6</ele></trkpt>
<trkpt lat="43.267672" lon="-2.523751"><ele>174.9</ele></trkpt>
<trkpt lat="43.267672" lon="-2.523729"><ele>174.8</ele></trkpt>
<trkpt lat="43.267670" lon="-2.523713"><ele>175.1</ele></trkpt>
<trkpt lat="43.267669" lon="-2.523694"><ele>175.0</ele></trkpt>
<trkpt lat="43.267671" lon="-2.523676"><ele>175.2</ele></trkpt>
<trkpt lat="43.267673" lon="-2.523660"><ele>175.2</ele></trkpt>
<trkpt lat="43.267673" lon="-2.523640"><ele>175.5</ele></trkpt>
<trkpt lat="43.267673" lon="-2.523621"><ele>175.7</ele></trkpt>
<trkpt lat="43.267672" lon="-2.523600"><ele>175.9</ele></trkpt>
<trkpt lat="43.267669" lon="-2.523582"><ele>176.0</ele></trkpt>
<trkpt lat="43.267670" lon="-2.523565"><ele>176.3</ele></trkpt>
<trkpt lat="43.267670" lon="-2.523547"><ele>176.2</ele></trkpt>
<trkpt lat="43.267672" lon="-2.523533"><ele>176.3</ele></trkpt>
<trkpt lat="43.267674" lon="-2.523516"><ele>176.5</ele></trkpt>
<trkpt lat="43.267672" lon="-2.523498"><ele>176.4</ele></trkpt>
<trkpt lat="43.267670" lon="-2.523481"><ele>176.7</ele></trkpt>
<trkpt lat="43.267671" lon="-2.523465"><ele>176.7</ele></trkpt>
<trkpt lat="43.267670" lon="-2.523446"><ele>176.8</ele></trkpt>
<trkpt lat="43.267670" lon="-2.523429"><ele>177.0</ele></trkpt>
<trkpt lat="43.267670" lon="-2.523413"><ele>177.1</ele></trkpt>
<trkpt lat="43.267671" lon="-2.523395"><ele>177.0</ele></trkpt>
<trkpt lat="43.267671" lon="-2.523378"><ele>177.3</ele></trkpt>
<trkpt lat="43.267671" lon="-2.523361"><ele>177.3</ele></trkpt>
<trkpt lat="43.267669" lon="-2.523344"><ele>177.2</ele></trkpt>
<trkpt lat="43.267667" lon="-2.523327"><ele>177.4</ele></trkpt>
<trkpt lat="43.267668" lon="-2.523311"><ele>177.6</ele></trkpt>
<trkpt lat="43.267675" lon="-2.523292"><ele>177.7</ele></trkpt>
<trkpt lat="43.267676" lon="-2.523274"><ele>177.9</ele></trkpt>
<trkpt lat="43.267676" lon="-2.523257"><ele>177.8</ele></trkpt>
<trkpt lat="43.267675" lon="-2.523238"><ele>178.2</ele></trkpt>
<trkpt lat="43.267674" lon="-2.523217"><ele>178.6</ele></trkpt>
<trkpt lat="43.267675" lon="-2.523191"><ele>178.6</ele></trkpt>
<trkpt lat="43.267681" lon="-2.523178"><ele>178.9</ele></trkpt>
<trkpt lat="43.267685" lon="-2.523159"><ele>178.9</ele></trkpt>
<trkpt lat="43.267679" lon="-2.523131"><ele>178.8</ele></trkpt>
<trkpt lat="43.267677" lon="-2.523112"><ele>178.9</ele></trkpt>
<trkpt lat="43.267679" lon="-2.523095"><ele>179.0</ele></trkpt>
<trkpt lat="43.267679" lon="-2.523076"><ele>179.0</ele></trkpt>
<trkpt lat="43.267679" lon="-2.523056"><ele>179.1</ele></trkpt>
<trkpt lat="43.267677" lon="-2.523037"><ele>179.0</ele></trkpt>
<trkpt lat="43.267677" lon="-2.523019"><ele>179.0</ele></trkpt>
<trkpt lat="43.267676" lon="-2.523001"><ele>179.0</ele></trkpt>
<trkpt lat="43.267676" lon="-2.522984"><ele>179.1</ele></trkpt>
<trkpt lat="43.267674" lon="-2.522969"><ele>179.2</ele></trkpt>
<trkpt lat="43.267674" lon="-2.522953"><ele>179.4</ele></trkpt>
<trkpt lat="43.267674" lon="-2.522937"><ele>179.5</ele></trkpt>
<trkpt lat="43.267675" lon="-2.522924"><ele>179.7</ele></trkpt>
<trkpt lat="43.267674" lon="-2.522906"><ele>179.7</ele></trkpt>
<trkpt lat="43.267678" lon="-2.522892"><ele>179.8</ele></trkpt>
<trkpt lat="43.267684" lon="-2.522880"><ele>180.0</ele></trkpt>
<trkpt lat="43.267687" lon="-2.522860"><ele>180.3</ele></trkpt>
<trkpt lat="43.267687" lon="-2.522840"><ele>180.4</ele></trkpt>
<trkpt lat="43.267690" lon="-2.522818"><ele>180.7</ele></trkpt>
<trkpt lat="43.267694" lon="-2.522802"><ele>181.1</ele></trkpt>
<trkpt lat="43.267695" lon="-2.522788"><ele>181.3</ele></trkpt>
<trkpt lat="43.267696" lon="-2.522770"><ele>181.4</ele></trkpt>
<trkpt lat="43.267696" lon="-2.522748"><ele>181.4</ele></trkpt>
<trkpt lat="43.267697" lon="-2.522732"><ele>181.4</ele></trkpt>
<trkpt lat="43.267697" lon="-2.522714"><ele>181.6</ele></trkpt>
<trkpt lat="43.267695" lon="-2.522695"><ele>181.9</ele></trkpt>
<trkpt lat="43.267695" lon="-2.522676"><ele>181.8</ele></trkpt>
<trkpt lat="43.267695" lon="-2.522654"><ele>182.0</ele></trkpt>
<trkpt lat="43.267701" lon="-2.522637"><ele>182.3</ele></trkpt>
<trkpt lat="43.267702" lon="-2.522618"><ele>182.4</ele></trkpt>
<trkpt lat="43.267705" lon="-2.522602"><ele>182.4</ele></trkpt>
<trkpt lat="43.267704" lon="-2.522586"><ele>182.8</ele></trkpt>
<trkpt lat="43.267704" lon="-2.522570"><ele>183.1</ele></trkpt>
<trkpt lat="43.267706" lon="-2.522552"><ele>183.2</ele></trkpt>
<trkpt lat="43.267709" lon="-2.522531"><ele>183.2</ele></trkpt>
<trkpt lat="43.267713" lon="-2.522517"><ele>183.4</ele></trkpt>
<trkpt lat="43.267714" lon="-2.522500"><ele>183.8</ele></trkpt>
<trkpt lat="43.267714" lon="-2.522500"><ele>183.9</ele></trkpt>
<trkpt lat="43.267715" lon="-2.522485"><ele>184.0</ele></trkpt>
<trkpt lat="43.267715" lon="-2.522465"><ele>184.0</ele></trkpt>
<trkpt lat="43.267716" lon="-2.522445"><ele>184.0</ele></trkpt>
<trkpt lat="43.267717" lon="-2.522397"><ele>184.1</ele></trkpt>
<trkpt lat="43.267718" lon="-2.522379"><ele>184.1</ele></trkpt>
<trkpt lat="43.267719" lon="-2.522362"><ele>184.1</ele></trkpt>
<trkpt lat="43.267720" lon="-2.522344"><ele>184.0</ele></trkpt>
<trkpt lat="43.267721" lon="-2.522325"><ele>184.1</ele></trkpt>
<trkpt lat="43.267730" lon="-2.522313"><ele>184.2</ele></trkpt>
<trkpt lat="43.267735" lon="-2.522300"><ele>184.2</ele></trkpt>
<trkpt lat="43.267742" lon="-2.522285"><ele>184.2</ele></trkpt>
<trkpt lat="43.267743" lon="-2.522266"><ele>184.4</ele></trkpt>
<trkpt lat="43.267746" lon="-2.522249"><ele>184.5</ele></trkpt>
<trkpt lat="43.267750" lon="-2.522232"><ele>184.4</ele></trkpt>
<trkpt lat="43.267754" lon="-2.522216"><ele>184.4</ele></trkpt>
<trkpt lat="43.267758" lon="-2.522197"><ele>184.5</ele></trkpt>
<trkpt lat="43.267763" lon="-2.522182"><ele>184.4</ele></trkpt>
<trkpt lat="43.267765" lon="-2.522167"><ele>184.5</ele></trkpt>
<trkpt lat="43.267772" lon="-2.522148"><ele>184.5</ele></trkpt>
<trkpt lat="43.267782" lon="-2.522137"><ele>184.5</ele></trkpt>
<trkpt lat="43.267790" lon="-2.522125"><ele>184.4</ele></trkpt>
<trkpt lat="43.267801" lon="-2.522110"><ele>185.1</ele></trkpt>
<trkpt lat="43.267810" lon="-2.522087"><ele>185.0</ele></trkpt>
<trkpt lat="43.267817" lon="-2.522069"><ele>185.0</ele></trkpt>
<trkpt lat="43.267824" lon="-2.522049"><ele>185.0</ele></trkpt>
<trkpt lat="43.267830" lon="-2.522027"><ele>184.9</ele></trkpt>
<trkpt lat="43.267837" lon="-2.522012"><ele>184.2</ele></trkpt>
<trkpt lat="43.267844" lon="-2.521994"><ele>184.3</ele></trkpt>
<trkpt lat="43.267846" lon="-2.521978"><ele>184.2</ele></trkpt>
<trkpt lat="43.267847" lon="-2.521958"><ele>184.2</ele></trkpt>
<trkpt lat="43.267850" lon="-2.521939"><ele>184.4</ele></trkpt>
<trkpt lat="43.267853" lon="-2.521918"><ele>184.7</ele></trkpt>
<trkpt lat="43.267857" lon="-2.521897"><ele>184.7</ele></trkpt>
<trkpt lat="43.267860" lon="-2.521877"><ele>184.6</ele></trkpt>
<trkpt lat="43.267866" lon="-2.521854"><ele>184.7</ele></trkpt>
<trkpt lat="43.267868" lon="-2.521836"><ele>184.4</ele></trkpt>
<trkpt lat="43.267876" lon="-2.521813"><ele>184.2</ele></trkpt>
<trkpt lat="43.267879" lon="-2.521791"><ele>184.2</ele></trkpt>
<trkpt lat="43.267880" lon="-2.521775"><ele>184.0</ele></trkpt>
<trkpt lat="43.267885" lon="-2.521758"><ele>184.0</ele></trkpt>
<trkpt lat="43.267889" lon="-2.521739"><ele>183.5</ele></trkpt>
<trkpt lat="43.267893" lon="-2.521718"><ele>183.5</ele></trkpt>
<trkpt lat="43.267898" lon="-2.521699"><ele>183.4</ele></trkpt>
<trkpt lat="43.267903" lon="-2.521679"><ele>183.5</ele></trkpt>
<trkpt lat="43.267905" lon="-2.521659"><ele>183.5</ele></trkpt>
<trkpt lat="43.267910" lon="-2.521643"><ele>183.3</ele></trkpt>
<trkpt lat="43.267917" lon="-2.521623"><ele>183.5</ele></trkpt>
<trkpt lat="43.267923" lon="-2.521609"><ele>183.5</ele></trkpt>
<trkpt lat="43.267927" lon="-2.521589"><ele>183.5</ele></trkpt>
<trkpt lat="43.267933" lon="-2.521570"><ele>183.4</ele></trkpt>
<trkpt lat="43.267937" lon="-2.521546"><ele>183.6</ele></trkpt>
<trkpt lat="43.267938" lon="-2.521527"><ele>184.1</ele></trkpt>
<trkpt lat="43.267939" lon="-2.521505"><ele>184.3</ele></trkpt>
<trkpt lat="43.267941" lon="-2.521485"><ele>184.3</ele></trkpt>
<trkpt lat="43.267946" lon="-2.521468"><ele>184.2</ele></trkpt>
<trkpt lat="43.267951" lon="-2.521453"><ele>183.8</ele></trkpt>
<trkpt lat="43.267953" lon="-2.521435"><ele>183.4</ele></trkpt>
<trkpt lat="43.267956" lon="-2.521416"><ele>183.3</ele></trkpt>
<trkpt lat="43.267960" lon="-2.521402"><ele>183.0</ele></trkpt>
<trkpt lat="43.267965" lon="-2.521385"><ele>183.0</ele></trkpt>
<trkpt lat="43.267969" lon="-2.521365"><ele>183.1</ele></trkpt>
<trkpt lat="43.267973" lon="-2.521345"><ele>183.1</ele></trkpt>
<trkpt lat="43.267976" lon="-2.521327"><ele>183.0</ele></trkpt>
<trkpt lat="43.267977" lon="-2.521309"><ele>182.8</ele></trkpt>
<trkpt lat="43.267979" lon="-2.521290"><ele>182.8</ele></trkpt>
<trkpt lat="43.267985" lon="-2.521270"><ele>182.7</ele></trkpt>
<trkpt lat="43.267990" lon="-2.521252"><ele>182.6</ele></trkpt>
<trkpt lat="43.267996" lon="-2.521234"><ele>182.7</ele></trkpt>
<trkpt lat="43.268000" lon="-2.521217"><ele>182.7</ele></trkpt>
<trkpt lat="43.268005" lon="-2.521192"><ele>182.7</ele></trkpt>
<trkpt lat="43.268006" lon="-2.521168"><ele>182.7</ele></trkpt>
<trkpt lat="43.268011" lon="-2.521149"><ele>182.6</ele></trkpt>
<trkpt lat="43.268018" lon="-2.521127"><ele>182.8</ele></trkpt>
<trkpt lat="43.268021" lon="-2.521104"><ele>183.0</ele></trkpt>
<trkpt lat="43.268022" lon="-2.521081"><ele>183.0</ele></trkpt>
<trkpt lat="43.268026" lon="-2.521058"><ele>183.0</ele></trkpt>
<trkpt lat="43.268032" lon="-2.521036"><ele>183.0</ele></trkpt>
<trkpt lat="43.268037" lon="-2.521018"><ele>182.9</ele></trkpt>
<trkpt lat="43.268042" lon="-2.520999"><ele>182.9</ele></trkpt>
<trkpt lat="43.268046" lon="-2.520985"><ele>182.4</ele></trkpt>
<trkpt lat="43.268050" lon="-2.520963"><ele>182.5</ele></trkpt>
<trkpt lat="43.268050" lon="-2.520947"><ele>182.5</ele></trkpt>
<trkpt lat="43.268053" lon="-2.520929"><ele>182.5</ele></trkpt>
<trkpt lat="43.268053" lon="-2.520910"><ele>182.7</ele></trkpt>
<trkpt lat="43.268055" lon="-2.520894"><ele>182.7</ele></trkpt>
<trkpt lat="43.268056" lon="-2.520872"><ele>182.6</ele></trkpt>
<trkpt lat="43.268061" lon="-2.520851"><ele>182.6</ele></trkpt>
<trkpt lat="43.268067" lon="-2.520830"><ele>182.5</ele></trkpt>
<trkpt lat="43.268074" lon="-2.520807"><ele>182.4</ele></trkpt>
<trkpt lat="43.268081" lon="-2.520786"><ele>182.2</ele></trkpt>
<trkpt lat="43.268086" lon="-2.520768"><ele>182.3</ele></trkpt>
<trkpt lat="43.268091" lon="-2.520751"><ele>182.2</ele></trkpt>
<trkpt lat="43.268099" lon="-2.520736"><ele>182.3</ele></trkpt>
<trkpt lat="43.268104" lon="-2.520723"><ele>182.4</ele></trkpt>
<trkpt lat="43.268109" lon="-2.520709"><ele>182.8</ele></trkpt>
<trkpt lat="43.268120" lon="-2.520707"><ele>183.1</ele></trkpt>
<trkpt lat="43.268122" lon="-2.520723"><ele>183.3</ele></trkpt>
<trkpt lat="43.268130" lon="-2.520731"><ele>183.5</ele></trkpt>
<trkpt lat="43.268133" lon="-2.520736"><ele>183.5</ele></trkpt>
<trkpt lat="43.268129" lon="-2.520726"><ele>183.6</ele></trkpt>
<trkpt lat="43.268126" lon="-2.520716"><ele>183.7</ele></trkpt>
<trkpt lat="43.268119" lon="-2.520697"><ele>183.8</ele></trkpt>
<trkpt lat="43.268110" lon="-2.520684"><ele>183.8</ele></trkpt>
<trkpt lat="43.268103" lon="-2.520672"><ele>183.8</ele></trkpt>
<trkpt lat="43.268101" lon="-2.520658"><ele>183.9</ele></trkpt>
<trkpt lat="43.268100" lon="-2.520648"><ele>184.0</ele></trkpt>
<trkpt lat="43.268096" lon="-2.520640"><ele>184.1</ele></trkpt>
<trkpt lat="43.268092" lon="-2.520633"><ele>184.0</ele></trkpt>
<trkpt lat="43.268090" lon="-2.520630"><ele>184.1</ele></trkpt>
<trkpt lat="43.268089" lon="-2.520631"><ele>184.3</ele></trkpt>
<trkpt lat="43.268090" lon="-2.520637"><ele>184.3</ele></trkpt>
<trkpt lat="43.268094" lon="-2.520643"><ele>184.3</ele></trkpt>
<trkpt lat="43.268096" lon="-2.520635"><ele>184.4</ele></trkpt>
<trkpt lat="43.268094" lon="-2.520610"><ele>184.5</ele></trkpt>
<trkpt lat="43.268091" lon="-2.520601"><ele>184.8</ele></trkpt>
<trkpt lat="43.268088" lon="-2.520598"><ele>184.8</ele></trkpt>
<trkpt lat="43.268090" lon="-2.520597"><ele>185.1</ele></trkpt>
<trkpt lat="43.268091" lon="-2.520596"><ele>185.0</ele></trkpt>
<trkpt lat="43.268093" lon="-2.520586"><ele>185.1</ele></trkpt>
<trkpt lat="43.268093" lon="-2.520574"><ele>185.2</ele></trkpt>
<trkpt lat="43.268095" lon="-2.520557"><ele>185.3</ele></trkpt>
<trkpt lat="43.268100" lon="-2.520535"><ele>185.3</ele></trkpt>
<trkpt lat="43.268105" lon="-2.520533"><ele>185.5</ele></trkpt>
<trkpt lat="43.268116" lon="-2.520529"><ele>185.4</ele></trkpt>
<trkpt lat="43.268128" lon="-2.520522"><ele>185.7</ele></trkpt>
<trkpt lat="43.268131" lon="-2.520510"><ele>185.7</ele></trkpt>
<trkpt lat="43.268137" lon="-2.520502"><ele>185.5</ele></trkpt>
<trkpt lat="43.268137" lon="-2.520502"><ele>185.4</ele></trkpt>
<trkpt lat="43.268142" lon="-2.520488"><ele>185.4</ele></trkpt>
<trkpt lat="43.268148" lon="-2.520472"><ele>185.4</ele></trkpt>
<trkpt lat="43.268154" lon="-2.520466"><ele>186.2</ele></trkpt>
<trkpt lat="43.268154" lon="-2.520466"><ele>186.2</ele></trkpt>
<trkpt lat="43.268162" lon="-2.520446"><ele>186.5</ele></trkpt>
<trkpt lat="43.268166" lon="-2.520434"><ele>187.5</ele></trkpt>
<trkpt lat="43.268178" lon="-2.520414"><ele>187.7</ele></trkpt>
<trkpt lat="43.268179" lon="-2.520406"><ele>188.2</ele></trkpt>
<trkpt lat="43.268177" lon="-2.520396"><ele>188.7</ele></trkpt>
<trkpt lat="43.268178" lon="-2.520388"><ele>188.7</ele></trkpt>
<trkpt lat="43.268177" lon="-2.520375"><ele>189.1</ele></trkpt>
<trkpt lat="43.268171" lon="-2.520367"><ele>189.0</ele></trkpt>
<trkpt lat="43.268167" lon="-2.520359"><ele>189.0</ele></trkpt>
<trkpt lat="43.268163" lon="-2.520347"><ele>189.0</ele></trkpt>
<trkpt lat="43.268166" lon="-2.520338"><ele>189.1</ele></trkpt>
<trkpt lat="43.268165" lon="-2.520323"><ele>189.0</ele></trkpt>
<trkpt lat="43.268165" lon="-2.520306"><ele>189.0</ele></trkpt>
<trkpt lat="43.268167" lon="-2.520289"><ele>189.1</ele></trkpt>
<trkpt lat="43.268170" lon="-2.520274"><ele>189.2</ele></trkpt>
<trkpt lat="43.268172" lon="-2.520267"><ele>189.9</ele></trkpt>
<trkpt lat="43.268174" lon="-2.520257"><ele>190.1</ele></trkpt>
<trkpt lat="43.268174" lon="-2.520241"><ele>190.3</ele></trkpt>
<trkpt lat="43.268176" lon="-2.520225"><ele>190.5</ele></trkpt>
<trkpt lat="43.268177" lon="-2.520209"><ele>190.7</ele></trkpt>
<trkpt lat="43.268178" lon="-2.520198"><ele>191.3</ele></trkpt>
<trkpt lat="43.268179" lon="-2.520186"><ele>191.6</ele></trkpt>
<trkpt lat="43.268178" lon="-2.520175"><ele>192.2</ele></trkpt>
<trkpt lat="43.268178" lon="-2.520161"><ele>193.1</ele></trkpt>
<trkpt lat="43.268177" lon="-2.520146"><ele>193.2</ele></trkpt>
<trkpt lat="43.268177" lon="-2.520131"><ele>193.6</ele></trkpt>
<trkpt lat="43.268173" lon="-2.520111"><ele>194.0</ele></trkpt>
<trkpt lat="43.268172" lon="-2.520092"><ele>194.0</ele></trkpt>
<trkpt lat="43.268172" lon="-2.520080"><ele>194.3</ele></trkpt>
<trkpt lat="43.268170" lon="-2.520058"><ele>194.5</ele></trkpt>
<trkpt lat="43.268166" lon="-2.520040"><ele>194.4</ele></trkpt>
<trkpt lat="43.268165" lon="-2.520026"><ele>194.6</ele></trkpt>
<trkpt lat="43.268163" lon="-2.520009"><ele>195.1</ele></trkpt>
<trkpt lat="43.268160" lon="-2.519985"><ele>195.0</ele></trkpt>
<trkpt lat="43.268159" lon="-2.519967"><ele>195.0</ele></trkpt>
<trkpt lat="43.268160" lon="-2.519949"><ele>195.0</ele></trkpt>
<trkpt lat="43.268162" lon="-2.519934"><ele>195.1</ele></trkpt>
<trkpt lat="43.268165" lon="-2.519920"><ele>194.7</ele></trkpt>
<trkpt lat="43.268168" lon="-2.519908"><ele>194.6</ele></trkpt>
<trkpt lat="43.268166" lon="-2.519899"><ele>194.6</ele></trkpt>
<trkpt lat="43.268165" lon="-2.519885"><ele>194.6</ele></trkpt>
<trkpt lat="43.268165" lon="-2.519876"><ele>194.8</ele></trkpt>
<trkpt lat="43.268166" lon="-2.519872"><ele>195.2</ele></trkpt>
<trkpt lat="43.268171" lon="-2.519868"><ele>195.7</ele></trkpt>
<trkpt lat="43.268176" lon="-2.519860"><ele>196.0</ele></trkpt>
<trkpt lat="43.268178" lon="-2.519846"><ele>196.4</ele></trkpt>
<trkpt lat="43.268179" lon="-2.519836"><ele>196.8</ele></trkpt>
<trkpt lat="43.268183" lon="-2.519828"><ele>197.2</ele></trkpt>
<trkpt lat="43.268185" lon="-2.519821"><ele>197.4</ele></trkpt>
<trkpt lat="43.268187" lon="-2.519814"><ele>197.8</ele></trkpt>
<trkpt lat="43.268189" lon="-2.519804"><ele>198.2</ele></trkpt>
<trkpt lat="43.268190" lon="-2.519797"><ele>198.8</ele></trkpt>
<trkpt lat="43.268192" lon="-2.519790"><ele>199.4</ele></trkpt>
<trkpt lat="43.268195" lon="-2.519781"><ele>199.7</ele></trkpt>
<trkpt lat="43.268196" lon="-2.519773"><ele>200.1</ele></trkpt>
<trkpt lat="43.268196" lon="-2.519761"><ele>200.3</ele></trkpt>
<trkpt lat="43.268198" lon="-2.519752"><ele>200.6</ele></trkpt>
<trkpt lat="43.268197" lon="-2.519740"><ele>201.0</ele></trkpt>
<trkpt lat="43.268196" lon="-2.519735"><ele>201.2</ele></trkpt>
<trkpt lat="43.268195" lon="-2.519727"><ele>201.5</ele></trkpt>
<trkpt lat="43.268194" lon="-2.519716"><ele>201.6</ele></trkpt>
<trkpt lat="43.268199" lon="-2.519704"><ele>202.0</ele></trkpt>
<trkpt lat="43.268202" lon="-2.519691"><ele>202.3</ele></trkpt>
<trkpt lat="43.268205" lon="-2.519677"><ele>202.5</ele></trkpt>
<trkpt lat="43.268206" lon="-2.519655"><ele>202.7</ele></trkpt>
<trkpt lat="43.268207" lon="-2.519634"><ele>202.6</ele></trkpt>
<trkpt lat="43.268205" lon="-2.519613"><ele>203.2</ele></trkpt>
<trkpt lat="43.268204" lon="-2.519599"><ele>203.5</ele></trkpt>
<trkpt lat="43.268204" lon="-2.519585"><ele>203.7</ele></trkpt>
<trkpt lat="43.268206" lon="-2.519569"><ele>203.6</ele></trkpt>
<trkpt lat="43.268207" lon="-2.519557"><ele>203.6</ele></trkpt>
<trkpt lat="43.268206" lon="-2.519551"><ele>203.7</ele></trkpt>
<trkpt lat="43.268206" lon="-2.519545"><ele>203.7</ele></trkpt>
<trkpt lat="43.268210" lon="-2.519540"><ele>203.6</ele></trkpt>
<trkpt lat="43.268213" lon="-2.519536"><ele>203.8</ele></trkpt>
<trkpt lat="43.268215" lon="-2.519526"><ele>204.1</ele></trkpt>
<trkpt lat="43.268220" lon="-2.519524"><ele>204.3</ele></trkpt>
<trkpt lat="43.268222" lon="-2.519519"><ele>204.5</ele></trkpt>
<trkpt lat="43.268221" lon="-2.519509"><ele>204.4</ele></trkpt>
<trkpt lat="43.268219" lon="-2.519498"><ele>204.7</ele></trkpt>
<trkpt lat="43.268226" lon="-2.519486"><ele>204.8</ele></trkpt>
<trkpt lat="43.268230" lon="-2.519480"><ele>205.2</ele></trkpt>
<trkpt lat="43.268234" lon="-2.519470"><ele>205.4</ele></trkpt>
<trkpt lat="43.268235" lon="-2.519456"><ele>205.5</ele></trkpt>
<trkpt lat="43.268238" lon="-2.519449"><ele>205.8</ele></trkpt>
<trkpt lat="43.268238" lon="-2.519434"><ele>206.4</ele></trkpt>
<trkpt lat="43.268239" lon="-2.519428"><ele>206.4</ele></trkpt>
<trkpt lat="43.268242" lon="-2.519418"><ele>206.4</ele></trkpt>
<trkpt lat="43.268247" lon="-2.519402"><ele>206.6</ele></trkpt>
<trkpt lat="43.268246" lon="-2.519391"><ele>206.9</ele></trkpt>
<trkpt lat="43.268245" lon="-2.519380"><ele>207.1</ele></trkpt>
<trkpt lat="43.268245" lon="-2.519371"><ele>207.5</ele></trkpt>
<trkpt lat="43.268242" lon="-2.519359"><ele>207.5</ele></trkpt>
<trkpt lat="43.268243" lon="-2.519351"><ele>207.6</ele></trkpt>
<trkpt lat="43.268246" lon="-2.519342"><ele>207.9</ele></trkpt>
<trkpt lat="43.268246" lon="-2.519332"><ele>208.2</ele></trkpt>
<trkpt lat="43.268248" lon="-2.519325"><ele>208.5</ele></trkpt>
<trkpt lat="43.268249" lon="-2.519320"><ele>208.8</ele></trkpt>
<trkpt lat="43.268252" lon="-2.519315"><ele>209.3</ele></trkpt>
<trkpt lat="43.268252" lon="-2.519307"><ele>209.2</ele></trkpt>
<trkpt lat="43.268251" lon="-2.519296"><ele>209.6</ele></trkpt>
<trkpt lat="43.268246" lon="-2.519285"><ele>209.9</ele></trkpt>
<trkpt lat="43.268242" lon="-2.519272"><ele>210.0</ele></trkpt>
<trkpt lat="43.268237" lon="-2.519263"><ele>210.6</ele></trkpt>
<trkpt lat="43.268233" lon="-2.519250"><ele>211.1</ele></trkpt>
<trkpt lat="43.268233" lon="-2.519235"><ele>211.3</ele></trkpt>
<trkpt lat="43.268231" lon="-2.519221"><ele>211.5</ele></trkpt>
<trkpt lat="43.268230" lon="-2.519208"><ele>211.5</ele></trkpt>
<trkpt lat="43.268229" lon="-2.519194"><ele>211.6</ele></trkpt>
<trkpt lat="43.268225" lon="-2.519182"><ele>211.9</ele></trkpt>
<trkpt lat="43.268221" lon="-2.519171"><ele>211.9</ele></trkpt>
<trkpt lat="43.268221" lon="-2.519161"><ele>212.0</ele></trkpt>
<trkpt lat="43.268224" lon="-2.519147"><ele>212.4</ele></trkpt>
<trkpt lat="43.268227" lon="-2.519141"><ele>212.4</ele></trkpt>
<trkpt lat="43.268230" lon="-2.519128"><ele>212.7</ele></trkpt>
<trkpt lat="43.268234" lon="-2.519120"><ele>212.7</ele></trkpt>
<trkpt lat="43.268233" lon="-2.519116"><ele>213.1</ele></trkpt>
<trkpt lat="43.268234" lon="-2.519113"><ele>213.5</ele></trkpt>
<trkpt lat="43.268235" lon="-2.519100"><ele>213.7</ele></trkpt>
<trkpt lat="43.268236" lon="-2.519085"><ele>213.9</ele></trkpt>
<trkpt lat="43.268234" lon="-2.519073"><ele>214.1</ele></trkpt>
<trkpt lat="43.268234" lon="-2.519061"><ele>214.7</ele></trkpt>
<trkpt lat="43.268236" lon="-2.519048"><ele>215.2</ele></trkpt>
<trkpt lat="43.268237" lon="-2.519034"><ele>215.5</ele></trkpt>
<trkpt lat="43.268238" lon="-2.519021"><ele>215.6</ele></trkpt>
<trkpt lat="43.268239" lon="-2.519007"><ele>215.8</ele></trkpt>
<trkpt lat="43.268238" lon="-2.518992"><ele>216.0</ele></trkpt>
<trkpt lat="43.268238" lon="-2.518984"><ele>216.2</ele></trkpt>
<trkpt lat="43.268237" lon="-2.518978"><ele>216.4</ele></trkpt>
<trkpt lat="43.268233" lon="-2.518966"><ele>216.9</ele></trkpt>
<trkpt lat="43.268232" lon="-2.518959"><ele>217.0</ele></trkpt>
<trkpt lat="43.268230" lon="-2.518947"><ele>217.3</ele></trkpt>
<trkpt lat="43.268231" lon="-2.518935"><ele>217.5</ele></trkpt>
<trkpt lat="43.268229" lon="-2.518917"><ele>217.4</ele></trkpt>
<trkpt lat="43.268229" lon="-2.518903"><ele>217.6</ele></trkpt>
<trkpt lat="43.268229" lon="-2.518890"><ele>217.7</ele></trkpt>
<trkpt lat="43.268228" lon="-2.518874"><ele>217.9</ele></trkpt>
<trkpt lat="43.268230" lon="-2.518866"><ele>217.8</ele></trkpt>
<trkpt lat="43.268230" lon="-2.518851"><ele>218.0</ele></trkpt>
<trkpt lat="43.268230" lon="-2.518840"><ele>218.2</ele></trkpt>
<trkpt lat="43.268230" lon="-2.518831"><ele>218.4</ele></trkpt>
<trkpt lat="43.268235" lon="-2.518821"><ele>218.9</ele></trkpt>
<trkpt lat="43.268237" lon="-2.518808"><ele>219.1</ele></trkpt>
<trkpt lat="43.268239" lon="-2.518798"><ele>219.2</ele></trkpt>
<trkpt lat="43.268239" lon="-2.518788"><ele>219.4</ele></trkpt>
<trkpt lat="43.268239" lon="-2.518777"><ele>219.6</ele></trkpt>
<trkpt lat="43.268242" lon="-2.518766"><ele>219.7</ele></trkpt>
<trkpt lat="43.268244" lon="-2.518761"><ele>219.6</ele></trkpt>
<trkpt lat="43.268244" lon="-2.518756"><ele>219.8</ele></trkpt>
<trkpt lat="43.268245" lon="-2.518749"><ele>220.0</ele></trkpt>
<trkpt lat="43.268245" lon="-2.518744"><ele>220.4</ele></trkpt>
<trkpt lat="43.268244" lon="-2.518738"><ele>220.6</ele></trkpt>
<trkpt lat="43.268245" lon="-2.518731"><ele>220.8</ele></trkpt>
<trkpt lat="43.268247" lon="-2.518722"><ele>221.0</ele></trkpt>
<trkpt lat="43.268252" lon="-2.518716"><ele>221.4</ele></trkpt>
<trkpt lat="43.268253" lon="-2.518707"><ele>221.7</ele></trkpt>
<trkpt lat="43.268254" lon="-2.518700"><ele>221.9</ele></trkpt>
<trkpt lat="43.268252" lon="-2.518692"><ele>222.3</ele></trkpt>
<trkpt lat="43.268250" lon="-2.518680"><ele>222.5</ele></trkpt>
<trkpt lat="43.268252" lon="-2.518671"><ele>222.7</ele></trkpt>
<trkpt lat="43.268253" lon="-2.518659"><ele>222.8</ele></trkpt>
<trkpt lat="43.268256" lon="-2.518640"><ele>223.1</ele></trkpt>
<trkpt lat="43.268258" lon="-2.518627"><ele>223.1</ele></trkpt>
<trkpt lat="43.268259" lon="-2.518613"><ele>223.6</ele></trkpt>
<trkpt lat="43.268261" lon="-2.518598"><ele>223.6</ele></trkpt>
<trkpt lat="43.268262" lon="-2.518588"><ele>223.8</ele></trkpt>
<trkpt lat="43.268261" lon="-2.518581"><ele>223.8</ele></trkpt>
<trkpt lat="43.268264" lon="-2.518563"><ele>223.9</ele></trkpt>
<trkpt lat="43.268265" lon="-2.518556"><ele>224.0</ele></trkpt>
<trkpt lat="43.268268" lon="-2.518541"><ele>224.4</ele></trkpt>
<trkpt lat="43.268270" lon="-2.518530"><ele>225.1</ele></trkpt>
<trkpt lat="43.268271" lon="-2.518518"><ele>225.5</ele></trkpt>
<trkpt lat="43.268271" lon="-2.518506"><ele>225.7</ele></trkpt>
<trkpt lat="43.268270" lon="-2.518495"><ele>225.6</ele></trkpt>
<trkpt lat="43.268271" lon="-2.518485"><ele>225.9</ele></trkpt>
<trkpt lat="43.268271" lon="-2.518472"><ele>225.9</ele></trkpt>
<trkpt lat="43.268272" lon="-2.518456"><ele>226.0</ele></trkpt>
<trkpt lat="43.268272" lon="-2.518445"><ele>226.4</ele></trkpt>
<trkpt lat="43.268270" lon="-2.518446"><ele>226.6</ele></trkpt>
<trkpt lat="43.268271" lon="-2.518432"><ele>226.6</ele></trkpt>
<trkpt lat="43.268271" lon="-2.518419"><ele>226.9</ele></trkpt>
<trkpt lat="43.268274" lon="-2.518405"><ele>226.8</ele></trkpt>
<trkpt lat="43.268277" lon="-2.518393"><ele>226.9</ele></trkpt>
<trkpt lat="43.268278" lon="-2.518385"><ele>226.9</ele></trkpt>
<trkpt lat="43.268279" lon="-2.518376"><ele>227.0</ele></trkpt>
<trkpt lat="43.268281" lon="-2.518368"><ele>227.0</ele></trkpt>
<trkpt lat="43.268283" lon="-2.518356"><ele>227.0</ele></trkpt>
<trkpt lat="43.268286" lon="-2.518344"><ele>227.5</ele></trkpt>
<trkpt lat="43.268289" lon="-2.518335"><ele>227.7</ele></trkpt>
<trkpt lat="43.268292" lon="-2.518324"><ele>228.0</ele></trkpt>
<trkpt lat="43.268297" lon="-2.518315"><ele>228.4</ele></trkpt>
<trkpt lat="43.268300" lon="-2.518305"><ele>228.4</ele></trkpt>
<trkpt lat="43.268301" lon="-2.518298"><ele>228.7</ele></trkpt>
<trkpt lat="43.268302" lon="-2.518287"><ele>228.7</ele></trkpt>
<trkpt lat="43.268301" lon="-2.518283"><ele>228.7</ele></trkpt>
<trkpt lat="43.268299" lon="-2.518276"><ele>228.6</ele></trkpt>
<trkpt lat="43.268301" lon="-2.518265"><ele>228.9</ele></trkpt>
<trkpt lat="43.268306" lon="-2.518247"><ele>229.5</ele></trkpt>
<trkpt lat="43.268307" lon="-2.518230"><ele>230.1</ele></trkpt>
<trkpt lat="43.268307" lon="-2.518222"><ele>230.2</ele></trkpt>
<trkpt lat="43.268307" lon="-2.518212"><ele>230.9</ele></trkpt>
<trkpt lat="43.268307" lon="-2.518199"><ele>231.1</ele></trkpt>
<trkpt lat="43.268309" lon="-2.518187"><ele>231.5</ele></trkpt>
<trkpt lat="43.268310" lon="-2.518175"><ele>231.6</ele></trkpt>
<trkpt lat="43.268311" lon="-2.518170"><ele>232.0</ele></trkpt>
<trkpt lat="43.268317" lon="-2.518163"><ele>232.1</ele></trkpt>
<trkpt lat="43.268325" lon="-2.518157"><ele>232.2</ele></trkpt>
<trkpt lat="43.268329" lon="-2.518152"><ele>232.3</ele></trkpt>
<trkpt lat="43.268332" lon="-2.518144"><ele>232.5</ele></trkpt>
<trkpt lat="43.268338" lon="-2.518138"><ele>232.9</ele></trkpt>
<trkpt lat="43.268341" lon="-2.518135"><ele>233.5</ele></trkpt>
<trkpt lat="43.268343" lon="-2.518125"><ele>233.5</ele></trkpt>
<trkpt lat="43.268341" lon="-2.518114"><ele>233.8</ele></trkpt>
<trkpt lat="43.268340" lon="-2.518107"><ele>234.1</ele></trkpt>
<trkpt lat="43.268343" lon="-2.518099"><ele>234.2</ele></trkpt>
<trkpt lat="43.268346" lon="-2.518092"><ele>234.6</ele></trkpt>
<trkpt lat="43.268349" lon="-2.518081"><ele>234.8</ele></trkpt>
<trkpt lat="43.268350" lon="-2.518073"><ele>235.0</ele></trkpt>
<trkpt lat="43.268351" lon="-2.518064"><ele>235.3</ele></trkpt>
<trkpt lat="43.268354" lon="-2.518060"><ele>235.5</ele></trkpt>
<trkpt lat="43.268358" lon="-2.518054"><ele>236.0</ele></trkpt>
<trkpt lat="43.268361" lon="-2.518045"><ele>236.4</ele></trkpt>
<trkpt lat="43.268362" lon="-2.518036"><ele>236.9</ele></trkpt>
<trkpt lat="43.268362" lon="-2.518032"><ele>237.0</ele></trkpt>
<trkpt lat="43.268364" lon="-2.518033"><ele>237.4</ele></trkpt>
<trkpt lat="43.268365" lon="-2.518030"><ele>237.6</ele></trkpt>
<trkpt lat="43.268376" lon="-2.518023"><ele>237.9</ele></trkpt>
<trkpt lat="43.268384" lon="-2.518025"><ele>238.2</ele></trkpt>
<trkpt lat="43.268391" lon="-2.518025"><ele>238.3</ele></trkpt>
<trkpt lat="43.268398" lon="-2.518030"><ele>238.6</ele></trkpt>
<trkpt lat="43.268400" lon="-2.518041"><ele>239.0</ele></trkpt>
<trkpt lat="43.268404" lon="-2.518056"><ele>239.0</ele></trkpt>
<trkpt lat="43.268408" lon="-2.518065"><ele>239.2</ele></trkpt>
<trkpt lat="43.268416" lon="-2.518075"><ele>239.2</ele></trkpt>
<trkpt lat="43.268425" lon="-2.518087"><ele>239.2</ele></trkpt>
<trkpt lat="43.268432" lon="-2.518099"><ele>239.7</ele></trkpt>
<trkpt lat="43.268440" lon="-2.518109"><ele>239.8</ele></trkpt>
<trkpt lat="43.268448" lon="-2.518116"><ele>240.0</ele></trkpt>
<trkpt lat="43.268451" lon="-2.518125"><ele>240.4</ele></trkpt>
<trkpt lat="43.268458" lon="-2.518140"><ele>240.8</ele></trkpt>
<trkpt lat="43.268463" lon="-2.518155"><ele>240.9</ele></trkpt>
<trkpt lat="43.268468" lon="-2.518168"><ele>241.0</ele></trkpt>
<trkpt lat="43.268471" lon="-2.518182"><ele>241.0</ele></trkpt>
<trkpt lat="43.268475" lon="-2.518196"><ele>241.2</ele></trkpt>
<trkpt lat="43.268481" lon="-2.518210"><ele>241.5</ele></trkpt>
<trkpt lat="43.268485" lon="-2.518226"><ele>241.9</ele></trkpt>
<trkpt lat="43.268488" lon="-2.518237"><ele>242.2</ele></trkpt>
<trkpt lat="43.268490" lon="-2.518250"><ele>242.4</ele></trkpt>
<trkpt lat="43.268495" lon="-2.518272"><ele>242.5</ele></trkpt>
<trkpt lat="43.268499" lon="-2.518285"><ele>242.9</ele></trkpt>
<trkpt lat="43.268502" lon="-2.518295"><ele>243.0</ele></trkpt>
<trkpt lat="43.268506" lon="-2.518309"><ele>243.5</ele></trkpt>
<trkpt lat="43.268505" lon="-2.518329"><ele>243.7</ele></trkpt>
<trkpt lat="43.268508" lon="-2.518349"><ele>244.0</ele></trkpt>
<trkpt lat="43.268511" lon="-2.518372"><ele>244.2</ele></trkpt>
<trkpt lat="43.268516" lon="-2.518394"><ele>244.4</ele></trkpt>
<trkpt lat="43.268523" lon="-2.518409"><ele>244.8</ele></trkpt>
<trkpt lat="43.268530" lon="-2.518420"><ele>245.1</ele></trkpt>
<trkpt lat="43.268538" lon="-2.518431"><ele>245.1</ele></trkpt>
<trkpt lat="43.268546" lon="-2.518439"><ele>245.3</ele></trkpt>
<trkpt lat="43.268556" lon="-2.518445"><ele>245.5</ele></trkpt>
<trkpt lat="43.268565" lon="-2.518452"><ele>245.7</ele></trkpt>
<trkpt lat="43.268571" lon="-2.518461"><ele>245.8</ele></trkpt>
<trkpt lat="43.268582" lon="-2.518467"><ele>246.1</ele></trkpt>
<trkpt lat="43.268596" lon="-2.518465"><ele>246.0</ele></trkpt>
<trkpt lat="43.268606" lon="-2.518461"><ele>246.2</ele></trkpt>
<trkpt lat="43.268613" lon="-2.518455"><ele>246.3</ele></trkpt>
<trkpt lat="43.268622" lon="-2.518450"><ele>246.5</ele></trkpt>
<trkpt lat="43.268634" lon="-2.518444"><ele>246.6</ele></trkpt>
<trkpt lat="43.268641" lon="-2.518446"><ele>246.8</ele></trkpt>
<trkpt lat="43.268646" lon="-2.518442"><ele>246.8</ele></trkpt>
<trkpt lat="43.268651" lon="-2.518435"><ele>247.1</ele></trkpt>
<trkpt lat="43.268659" lon="-2.518436"><ele>247.1</ele></trkpt>
<trkpt lat="43.268670" lon="-2.518434"><ele>247.2</ele></trkpt>
<trkpt lat="43.268677" lon="-2.518430"><ele>247.5</ele></trkpt>
<trkpt lat="43.268684" lon="-2.518424"><ele>247.7</ele></trkpt>
<trkpt lat="43.268691" lon="-2.518421"><ele>247.8</ele></trkpt>
<trkpt lat="43.268698" lon="-2.518418"><ele>247.9</ele></trkpt>
<trkpt lat="43.268710" lon="-2.518408"><ele>248.1</ele></trkpt>
<trkpt lat="43.268717" lon="-2.518405"><ele>248.3</ele></trkpt>
<trkpt lat="43.268724" lon="-2.518398"><ele>248.4</ele></trkpt>
<trkpt lat="43.268730" lon="-2.518394"><ele>248.6</ele></trkpt>
<trkpt lat="43.268740" lon="-2.518392"><ele>248.8</ele></trkpt>
<trkpt lat="43.268748" lon="-2.518392"><ele>249.3</ele></trkpt>
<trkpt lat="43.268755" lon="-2.518393"><ele>249.5</ele></trkpt>
<trkpt lat="43.268762" lon="-2.518395"><ele>249.7</ele></trkpt>
<trkpt lat="43.268772" lon="-2.518396"><ele>250.0</ele></trkpt>
<trkpt lat="43.268782" lon="-2.518393"><ele>250.5</ele></trkpt>
<trkpt lat="43.268790" lon="-2.518388"><ele>250.8</ele></trkpt>
<trkpt lat="43.268797" lon="-2.518382"><ele>251.2</ele></trkpt>
<trkpt lat="43.268804" lon="-2.518378"><ele>251.4</ele></trkpt>
<trkpt lat="43.268810" lon="-2.518371"><ele>252.1</ele></trkpt>
<trkpt lat="43.268816" lon="-2.518361"><ele>252.2</ele></trkpt>
<trkpt lat="43.268822" lon="-2.518348"><ele>252.5</ele></trkpt>
<trkpt lat="43.268828" lon="-2.518335"><ele>252.8</ele></trkpt>
<trkpt lat="43.268832" lon="-2.518329"><ele>253.2</ele></trkpt>
<trkpt lat="43.268837" lon="-2.518322"><ele>253.7</ele></trkpt>
<trkpt lat="43.268841" lon="-2.518313"><ele>254.0</ele></trkpt>
<trkpt lat="43.268845" lon="-2.518308"><ele>254.4</ele></trkpt>
<trkpt lat="43.268846" lon="-2.518302"><ele>254.6</ele></trkpt>
<trkpt lat="43.268848" lon="-2.518298"><ele>254.9</ele></trkpt>
<trkpt lat="43.268850" lon="-2.518293"><ele>255.1</ele></trkpt>
<trkpt lat="43.268853" lon="-2.518293"><ele>255.3</ele></trkpt>
<trkpt lat="43.268856" lon="-2.518302"><ele>255.8</ele></trkpt>
<trkpt lat="43.268858" lon="-2.518305"><ele>256.3</ele></trkpt>
<trkpt lat="43.268858" lon="-2.518308"><ele>256.7</ele></trkpt>
<trkpt lat="43.268862" lon="-2.518305"><ele>256.9</ele></trkpt>
<trkpt lat="43.268869" lon="-2.518302"><ele>257.0</ele></trkpt>
<trkpt lat="43.268873" lon="-2.518304"><ele>257.4</ele></trkpt>
<trkpt lat="43.268877" lon="-2.518308"><ele>257.9</ele></trkpt>
<trkpt lat="43.268880" lon="-2.518311"><ele>258.0</ele></trkpt>
<trkpt lat="43.268885" lon="-2.518316"><ele>258.6</ele></trkpt>
<trkpt lat="43.268891" lon="-2.518320"><ele>258.9</ele></trkpt>
<trkpt lat="43.268897" lon="-2.518327"><ele>259.0</ele></trkpt>
<trkpt lat="43.268901" lon="-2.518334"><ele>259.3</ele></trkpt>
<trkpt lat="43.268909" lon="-2.518339"><ele>259.5</ele></trkpt>
<trkpt lat="43.268917" lon="-2.518345"><ele>259.6</ele></trkpt>
<trkpt lat="43.268924" lon="-2.518351"><ele>259.7</ele></trkpt>
<trkpt lat="43.268933" lon="-2.518357"><ele>259.9</ele></trkpt>
<trkpt lat="43.268941" lon="-2.518360"><ele>259.8</ele></trkpt>
<trkpt lat="43.268950" lon="-2.518362"><ele>260.2</ele></trkpt>
<trkpt lat="43.268955" lon="-2.518360"><ele>260.4</ele></trkpt>
<trkpt lat="43.268960" lon="-2.518355"><ele>260.7</ele></trkpt>
<trkpt lat="43.268965" lon="-2.518352"><ele>260.6</ele></trkpt>
<trkpt lat="43.268968" lon="-2.518348"><ele>260.8</ele></trkpt>
<trkpt lat="43.268976" lon="-2.518342"><ele>261.3</ele></trkpt>
<trkpt lat="43.268982" lon="-2.518336"><ele>261.2</ele></trkpt>
<trkpt lat="43.268987" lon="-2.518333"><ele>261.5</ele></trkpt>
<trkpt lat="43.268991" lon="-2.518329"><ele>262.0</ele></trkpt>
<trkpt lat="43.269004" lon="-2.518331"><ele>262.3</ele></trkpt>
<trkpt lat="43.269009" lon="-2.518328"><ele>262.5</ele></trkpt>
<trkpt lat="43.269018" lon="-2.518326"><ele>262.4</ele></trkpt>
<trkpt lat="43.269019" lon="-2.518320"><ele>262.7</ele></trkpt>
<trkpt lat="43.269021" lon="-2.518311"><ele>263.2</ele></trkpt>
<trkpt lat="43.269022" lon="-2.518303"><ele>263.4</ele></trkpt>
<trkpt lat="43.269022" lon="-2.518296"><ele>263.9</ele></trkpt>
<trkpt lat="43.269018" lon="-2.518285"><ele>263.9</ele></trkpt>
<trkpt lat="43.269016" lon="-2.518277"><ele>264.0</ele></trkpt>
<trkpt lat="43.269020" lon="-2.518267"><ele>264.4</ele></trkpt>
<trkpt lat="43.269021" lon="-2.518260"><ele>264.9</ele></trkpt>
<trkpt lat="43.269018" lon="-2.518244"><ele>265.0</ele></trkpt>
<trkpt lat="43.269019" lon="-2.518229"><ele>265.0</ele></trkpt>
<trkpt lat="43.269021" lon="-2.518217"><ele>265.1</ele></trkpt>
<trkpt lat="43.269019" lon="-2.518204"><ele>265.2</ele></trkpt>
<trkpt lat="43.269015" lon="-2.518192"><ele>265.4</ele></trkpt>
<trkpt lat="43.269011" lon="-2.518180"><ele>265.5</ele></trkpt>
<trkpt lat="43.269007" lon="-2.518167"><ele>265.8</ele></trkpt>
<trkpt lat="43.269001" lon="-2.518155"><ele>266.0</ele></trkpt>
<trkpt lat="43.268998" lon="-2.518144"><ele>266.3</ele></trkpt>
<trkpt lat="43.268996" lon="-2.518135"><ele>266.4</ele></trkpt>
<trkpt lat="43.268994" lon="-2.518126"><ele>266.6</ele></trkpt>
<trkpt lat="43.268991" lon="-2.518111"><ele>266.6</ele></trkpt>
<trkpt lat="43.268988" lon="-2.518097"><ele>266.7</ele></trkpt>
<trkpt lat="43.268990" lon="-2.518087"><ele>266.9</ele></trkpt>
<trkpt lat="43.268990" lon="-2.518076"><ele>267.1</ele></trkpt>
<trkpt lat="43.268990" lon="-2.518062"><ele>267.2</ele></trkpt>
<trkpt lat="43.268992" lon="-2.518049"><ele>267.3</ele></trkpt>
<trkpt lat="43.268997" lon="-2.518044"><ele>267.5</ele></trkpt>
<trkpt lat="43.269000" lon="-2.518040"><ele>267.6</ele></trkpt>
<trkpt lat="43.268999" lon="-2.518030"><ele>267.6</ele></trkpt>
<trkpt lat="43.268997" lon="-2.518020"><ele>267.8</ele></trkpt>
<trkpt lat="43.268999" lon="-2.518009"><ele>268.2</ele></trkpt>
<trkpt lat="43.269000" lon="-2.518002"><ele>268.7</ele></trkpt>
<trkpt lat="43.269000" lon="-2.517996"><ele>269.0</ele></trkpt>
<trkpt lat="43.268998" lon="-2.517985"><ele>269.7</ele></trkpt>
<trkpt lat="43.268997" lon="-2.517977"><ele>269.6</ele></trkpt>
<trkpt lat="43.268998" lon="-2.517969"><ele>269.6</ele></trkpt>
<trkpt lat="43.268999" lon="-2.517957"><ele>269.8</ele></trkpt>
<trkpt lat="43.268998" lon="-2.517947"><ele>269.8</ele></trkpt>
<trkpt lat="43.268997" lon="-2.517940"><ele>270.1</ele></trkpt>
<trkpt lat="43.268992" lon="-2.517925"><ele>270.5</ele></trkpt>
<trkpt lat="43.268989" lon="-2.517917"><ele>270.9</ele></trkpt>
<trkpt lat="43.268987" lon="-2.517903"><ele>271.2</ele></trkpt>
<trkpt lat="43.268984" lon="-2.517887"><ele>271.4</ele></trkpt>
<trkpt lat="43.268982" lon="-2.517874"><ele>271.7</ele></trkpt>
<trkpt lat="43.268979" lon="-2.517862"><ele>271.8</ele></trkpt>
<trkpt lat="43.268978" lon="-2.517854"><ele>272.1</ele></trkpt>
<trkpt lat="43.268976" lon="-2.517841"><ele>272.3</ele></trkpt>
<trkpt lat="43.268978" lon="-2.517830"><ele>272.7</ele></trkpt>
<trkpt lat="43.268979" lon="-2.517820"><ele>272.9</ele></trkpt>
<trkpt lat="43.268979" lon="-2.517815"><ele>273.1</ele></trkpt>
<trkpt lat="43.268974" lon="-2.517811"><ele>273.3</ele></trkpt>
<trkpt lat="43.268971" lon="-2.517807"><ele>273.3</ele></trkpt>
<trkpt lat="43.268974" lon="-2.517810"><ele>273.3</ele></trkpt>
<trkpt lat="43.268971" lon="-2.517805"><ele>273.4</ele></trkpt>
<trkpt lat="43.268969" lon="-2.517791"><ele>273.8</ele></trkpt>
<trkpt lat="43.268970" lon="-2.517787"><ele>274.2</ele></trkpt>
<trkpt lat="43.268971" lon="-2.517782"><ele>274.3</ele></trkpt>
<trkpt lat="43.268970" lon="-2.517774"><ele>274.4</ele></trkpt>
<trkpt lat="43.268970" lon="-2.517766"><ele>274.4</ele></trkpt>
<trkpt lat="43.268970" lon="-2.517762"><ele>274.8</ele></trkpt>
<trkpt lat="43.268970" lon="-2.517755"><ele>275.2</ele></trkpt>
<trkpt lat="43.268968" lon="-2.517745"><ele>275.3</ele></trkpt>
<trkpt lat="43.268970" lon="-2.517738"><ele>275.4</ele></trkpt>
<trkpt lat="43.268972" lon="-2.517734"><ele>276.1</ele></trkpt>
<trkpt lat="43.268971" lon="-2.517725"><ele>276.5</ele></trkpt>
<trkpt lat="43.268969" lon="-2.517717"><ele>276.7</ele></trkpt>
<trkpt lat="43.268969" lon="-2.517711"><ele>277.0</ele></trkpt>
<trkpt lat="43.268970" lon="-2.517699"><ele>277.2</ele></trkpt>
<trkpt lat="43.268967" lon="-2.517682"><ele>277.2</ele></trkpt>
<trkpt lat="43.268965" lon="-2.517670"><ele>277.7</ele></trkpt>
<trkpt lat="43.268965" lon="-2.517656"><ele>277.9</ele></trkpt>
<trkpt lat="43.268965" lon="-2.517649"><ele>277.9</ele></trkpt>
<trkpt lat="43.268966" lon="-2.517640"><ele>277.9</ele></trkpt>
<trkpt lat="43.268969" lon="-2.517632"><ele>278.2</ele></trkpt>
<trkpt lat="43.268970" lon="-2.517625"><ele>278.4</ele></trkpt>
<trkpt lat="43.268974" lon="-2.517616"><ele>278.6</ele></trkpt>
<trkpt lat="43.268975" lon="-2.517607"><ele>278.8</ele></trkpt>
<trkpt lat="43.268977" lon="-2.517599"><ele>279.3</ele></trkpt>
<trkpt lat="43.268978" lon="-2.517585"><ele>279.3</ele></trkpt>
<trkpt lat="43.268980" lon="-2.517575"><ele>279.4</ele></trkpt>
<trkpt lat="43.268982" lon="-2.517567"><ele>279.6</ele></trkpt>
<trkpt lat="43.268985" lon="-2.517560"><ele>279.8</ele></trkpt>
<trkpt lat="43.268988" lon="-2.517555"><ele>279.8</ele></trkpt>
<trkpt lat="43.268990" lon="-2.517554"><ele>279.9</ele></trkpt>
<trkpt lat="43.268993" lon="-2.517551"><ele>279.8</ele></trkpt>
<trkpt lat="43.268995" lon="-2.517547"><ele>280.0</ele></trkpt>
<trkpt lat="43.269000" lon="-2.517542"><ele>280.2</ele></trkpt>
<trkpt lat="43.269000" lon="-2.517535"><ele>280.5</ele></trkpt>
<trkpt lat="43.269000" lon="-2.517530"><ele>280.7</ele></trkpt>
<trkpt lat="43.269002" lon="-2.517525"><ele>281.0</ele></trkpt>
<trkpt lat="43.269005" lon="-2.517518"><ele>281.3</ele></trkpt>
<trkpt lat="43.269011" lon="-2.517509"><ele>281.7</ele></trkpt>
<trkpt lat="43.269013" lon="-2.517501"><ele>282.0</ele></trkpt>
<trkpt lat="43.269016" lon="-2.517493"><ele>282.2</ele></trkpt>
<trkpt lat="43.269017" lon="-2.517485"><ele>282.4</ele></trkpt>
<trkpt lat="43.269019" lon="-2.517478"><ele>282.6</ele></trkpt>
<trkpt lat="43.269023" lon="-2.517468"><ele>283.1</ele></trkpt>
<trkpt lat="43.269025" lon="-2.517461"><ele>283.5</ele></trkpt>
<trkpt lat="43.269027" lon="-2.517453"><ele>283.8</ele></trkpt>
<trkpt lat="43.269031" lon="-2.517447"><ele>284.2</ele></trkpt>
<trkpt lat="43.269033" lon="-2.517446"><ele>284.4</ele></trkpt>
<trkpt lat="43.269042" lon="-2.517432"><ele>284.8</ele></trkpt>
<trkpt lat="43.269045" lon="-2.517428"><ele>284.9</ele></trkpt>
<trkpt lat="43.269047" lon="-2.517424"><ele>285.0</ele></trkpt>
<trkpt lat="43.269050" lon="-2.517418"><ele>285.5</ele></trkpt>
<trkpt lat="43.269052" lon="-2.517411"><ele>285.7</ele></trkpt>
<trkpt lat="43.269056" lon="-2.517403"><ele>286.2</ele></trkpt>
<trkpt lat="43.269058" lon="-2.517397"><ele>286.4</ele></trkpt>
<trkpt lat="43.269061" lon="-2.517390"><ele>286.6</ele></trkpt>
<trkpt lat="43.269063" lon="-2.517381"><ele>286.9</ele></trkpt>
<trkpt lat="43.269065" lon="-2.517374"><ele>287.1</ele></trkpt>
<trkpt lat="43.269068" lon="-2.517367"><ele>287.4</ele></trkpt>
<trkpt lat="43.269070" lon="-2.517363"><ele>287.7</ele></trkpt>
<trkpt lat="43.269071" lon="-2.517360"><ele>287.6</ele></trkpt>
<trkpt lat="43.269073" lon="-2.517357"><ele>287.8</ele></trkpt>
<trkpt lat="43.269079" lon="-2.517350"><ele>288.0</ele></trkpt>
<trkpt lat="43.269083" lon="-2.517348"><ele>288.3</ele></trkpt>
<trkpt lat="43.269087" lon="-2.517348"><ele>288.3</ele></trkpt>
<trkpt lat="43.269090" lon="-2.517345"><ele>288.5</ele></trkpt>
<trkpt lat="43.269093" lon="-2.517336"><ele>288.8</ele></trkpt>
<trkpt lat="43.269096" lon="-2.517329"><ele>288.8</ele></trkpt>
<trkpt lat="43.269099" lon="-2.517329"><ele>289.1</ele></trkpt>
<trkpt lat="43.269101" lon="-2.517325"><ele>289.5</ele></trkpt>
<trkpt lat="43.269101" lon="-2.517322"><ele>289.9</ele></trkpt>
<trkpt lat="43.269101" lon="-2.517320"><ele>289.9</ele></trkpt>
<trkpt lat="43.269103" lon="-2.517312"><ele>289.9</ele></trkpt>
<trkpt lat="43.269103" lon="-2.517308"><ele>290.0</ele></trkpt>
<trkpt lat="43.269107" lon="-2.517300"><ele>290.0</ele></trkpt>
<trkpt lat="43.269111" lon="-2.517295"><ele>290.2</ele></trkpt>
<trkpt lat="43.269114" lon="-2.517294"><ele>290.2</ele></trkpt>
<trkpt lat="43.269117" lon="-2.517287"><ele>290.9</ele></trkpt>
<trkpt lat="43.269121" lon="-2.517280"><ele>291.3</ele></trkpt>
<trkpt lat="43.269127" lon="-2.517279"><ele>292.0</ele></trkpt>
<trkpt lat="43.269133" lon="-2.517274"><ele>292.4</ele></trkpt>
<trkpt lat="43.269136" lon="-2.517267"><ele>292.6</ele></trkpt>
<trkpt lat="43.269140" lon="-2.517257"><ele>293.1</ele></trkpt>
<trkpt lat="43.269146" lon="-2.517256"><ele>293.7</ele></trkpt>
<trkpt lat="43.269147" lon="-2.517252"><ele>293.6</ele></trkpt>
<trkpt lat="43.269146" lon="-2.517240"><ele>293.8</ele></trkpt>
<trkpt lat="43.269150" lon="-2.517232"><ele>293.9</ele></trkpt>
<trkpt lat="43.269152" lon="-2.517226"><ele>293.9</ele></trkpt>
<trkpt lat="43.269152" lon="-2.517219"><ele>293.9</ele></trkpt>
<trkpt lat="43.269154" lon="-2.517211"><ele>294.1</ele></trkpt>
<trkpt lat="43.269155" lon="-2.517199"><ele>294.1</ele></trkpt>
<trkpt lat="43.269158" lon="-2.517189"><ele>294.4</ele></trkpt>
<trkpt lat="43.269159" lon="-2.517182"><ele>294.6</ele></trkpt>
<trkpt lat="43.269156" lon="-2.517165"><ele>294.6</ele></trkpt>
<trkpt lat="43.269156" lon="-2.517155"><ele>294.8</ele></trkpt>
<trkpt lat="43.269162" lon="-2.517145"><ele>295.3</ele></trkpt>
<trkpt lat="43.269163" lon="-2.517136"><ele>295.8</ele></trkpt>
<trkpt lat="43.269165" lon="-2.517127"><ele>296.0</ele></trkpt>
<trkpt lat="43.269169" lon="-2.517119"><ele>296.7</ele></trkpt>
<trkpt lat="43.269169" lon="-2.517113"><ele>297.0</ele></trkpt>
<trkpt lat="43.269169" lon="-2.517098"><ele>297.2</ele></trkpt>
<trkpt lat="43.269168" lon="-2.517090"><ele>297.6</ele></trkpt>
<trkpt lat="43.269169" lon="-2.517077"><ele>297.6</ele></trkpt>
<trkpt lat="43.269168" lon="-2.517069"><ele>297.7</ele></trkpt>
<trkpt lat="43.269165" lon="-2.517059"><ele>297.7</ele></trkpt>
<trkpt lat="43.269164" lon="-2.517051"><ele>297.8</ele></trkpt>
<trkpt lat="43.269165" lon="-2.517041"><ele>297.8</ele></trkpt>
<trkpt lat="43.269167" lon="-2.517031"><ele>297.8</ele></trkpt>
<trkpt lat="43.269166" lon="-2.517023"><ele>297.9</ele></trkpt>
<trkpt lat="43.269165" lon="-2.517018"><ele>298.1</ele></trkpt>
<trkpt lat="43.269165" lon="-2.517012"><ele>298.0</ele></trkpt>
<trkpt lat="43.269165" lon="-2.516999"><ele>298.5</ele></trkpt>
<trkpt lat="43.269165" lon="-2.516987"><ele>298.7</ele></trkpt>
<trkpt lat="43.269165" lon="-2.516982"><ele>298.9</ele></trkpt>
<trkpt lat="43.269167" lon="-2.516974"><ele>299.0</ele></trkpt>
<trkpt lat="43.269169" lon="-2.516970"><ele>299.0</ele></trkpt>
<trkpt lat="43.269170" lon="-2.516965"><ele>299.5</ele></trkpt>
<trkpt lat="43.269172" lon="-2.516959"><ele>300.0</ele></trkpt>
<trkpt lat="43.269175" lon="-2.516952"><ele>300.0</ele></trkpt>
<trkpt lat="43.269178" lon="-2.516943"><ele>300.2</ele></trkpt>
<trkpt lat="43.269179" lon="-2.516931"><ele>300.4</ele></trkpt>
<trkpt lat="43.269177" lon="-2.516928"><ele>300.6</ele></trkpt>
<trkpt lat="43.269179" lon="-2.516923"><ele>300.9</ele></trkpt>
<trkpt lat="43.269184" lon="-2.516918"><ele>301.2</ele></trkpt>
<trkpt lat="43.269187" lon="-2.516912"><ele>301.4</ele></trkpt>
<trkpt lat="43.269189" lon="-2.516909"><ele>301.8</ele></trkpt>
<trkpt lat="43.269192" lon="-2.516899"><ele>301.9</ele></trkpt>
<trkpt lat="43.269195" lon="-2.516892"><ele>301.9</ele></trkpt>
<trkpt lat="43.269199" lon="-2.516883"><ele>302.0</ele></trkpt>
<trkpt lat="43.269201" lon="-2.516878"><ele>302.1</ele></trkpt>
<trkpt lat="43.269203" lon="-2.516873"><ele>302.0</ele></trkpt>
<trkpt lat="43.269204" lon="-2.516865"><ele>302.0</ele></trkpt>
<trkpt lat="43.269208" lon="-2.516850"><ele>302.2</ele></trkpt>
<trkpt lat="43.269206" lon="-2.516844"><ele>302.4</ele></trkpt>
<trkpt lat="43.269205" lon="-2.516836"><ele>302.7</ele></trkpt>
<trkpt lat="43.269205" lon="-2.516827"><ele>302.8</ele></trkpt>
<trkpt lat="43.269203" lon="-2.516812"><ele>303.3</ele></trkpt>
<trkpt lat="43.269199" lon="-2.516795"><ele>303.6</ele></trkpt>
<trkpt lat="43.269200" lon="-2.516787"><ele>304.5</ele></trkpt>
<trkpt lat="43.269203" lon="-2.516782"><ele>304.7</ele></trkpt>
<trkpt lat="43.269203" lon="-2.516773"><ele>304.8</ele></trkpt>
<trkpt lat="43.269203" lon="-2.516762"><ele>305.0</ele></trkpt>
<trkpt lat="43.269201" lon="-2.516753"><ele>305.4</ele></trkpt>
<trkpt lat="43.269202" lon="-2.516744"><ele>306.0</ele></trkpt>
<trkpt lat="43.269203" lon="-2.516731"><ele>306.4</ele></trkpt>
<trkpt lat="43.269203" lon="-2.516723"><ele>306.8</ele></trkpt>
<trkpt lat="43.269203" lon="-2.516712"><ele>307.3</ele></trkpt>
<trkpt lat="43.269205" lon="-2.516702"><ele>307.9</ele></trkpt>
<trkpt lat="43.269207" lon="-2.516694"><ele>308.5</ele></trkpt>
<trkpt lat="43.269208" lon="-2.516683"><ele>308.9</ele></trkpt>
<trkpt lat="43.269208" lon="-2.516672"><ele>309.5</ele></trkpt>
<trkpt lat="43.269213" lon="-2.516666"><ele>309.9</ele></trkpt>
<trkpt lat="43.269215" lon="-2.516656"><ele>310.0</ele></trkpt>
<trkpt lat="43.269216" lon="-2.516649"><ele>310.1</ele></trkpt>
<trkpt lat="43.269217" lon="-2.516644"><ele>310.2</ele></trkpt>
<trkpt lat="43.269219" lon="-2.516636"><ele>310.3</ele></trkpt>
<trkpt lat="43.269222" lon="-2.516631"><ele>310.4</ele></trkpt>
<trkpt lat="43.269225" lon="-2.516623"><ele>310.6</ele></trkpt>
<trkpt lat="43.269225" lon="-2.516618"><ele>310.8</ele></trkpt>
<trkpt lat="43.269224" lon="-2.516612"><ele>311.3</ele></trkpt>
<trkpt lat="43.269225" lon="-2.516604"><ele>311.4</ele></trkpt>
<trkpt lat="43.269228" lon="-2.516594"><ele>311.4</ele></trkpt>
<trkpt lat="43.269228" lon="-2.516587"><ele>311.8</ele></trkpt>
<trkpt lat="43.269227" lon="-2.516580"><ele>312.2</ele></trkpt>
<trkpt lat="43.269223" lon="-2.516570"><ele>312.6</ele></trkpt>
<trkpt lat="43.269220" lon="-2.516555"><ele>312.9</ele></trkpt>
<trkpt lat="43.269216" lon="-2.516541"><ele>313.0</ele></trkpt>
<trkpt lat="43.269213" lon="-2.516528"><ele>313.5</ele></trkpt>
<trkpt lat="43.269210" lon="-2.516518"><ele>313.9</ele></trkpt>
<trkpt lat="43.269207" lon="-2.516504"><ele>314.1</ele></trkpt>
<trkpt lat="43.269207" lon="-2.516495"><ele>314.2</ele></trkpt>
<trkpt lat="43.269209" lon="-2.516488"><ele>314.2</ele></trkpt>
<trkpt lat="43.269208" lon="-2.516479"><ele>314.5</ele></trkpt>
<trkpt lat="43.269207" lon="-2.516471"><ele>314.7</ele></trkpt>
<trkpt lat="43.269208" lon="-2.516464"><ele>314.9</ele></trkpt>
<trkpt lat="43.269209" lon="-2.516450"><ele>315.1</ele></trkpt>
<trkpt lat="43.269209" lon="-2.516440"><ele>315.4</ele></trkpt>
<trkpt lat="43.269213" lon="-2.516433"><ele>315.7</ele></trkpt>
<trkpt lat="43.269216" lon="-2.516425"><ele>315.9</ele></trkpt>
<trkpt lat="43.269218" lon="-2.516419"><ele>315.9</ele></trkpt>
<trkpt lat="43.269222" lon="-2.516412"><ele>315.9</ele></trkpt>
<trkpt lat="43.269225" lon="-2.516406"><ele>316.1</ele></trkpt>
<trkpt lat="43.269233" lon="-2.516394"><ele>316.0</ele></trkpt>
<trkpt lat="43.269237" lon="-2.516381"><ele>316.6</ele></trkpt>
<trkpt lat="43.269240" lon="-2.516370"><ele>316.6</ele></trkpt>
<trkpt lat="43.269242" lon="-2.516358"><ele>316.9</ele></trkpt>
<trkpt lat="43.269247" lon="-2.516346"><ele>316.9</ele></trkpt>
<trkpt lat="43.269248" lon="-2.516340"><ele>317.1</ele></trkpt>
<trkpt lat="43.269250" lon="-2.516334"><ele>317.2</ele></trkpt>
<trkpt lat="43.269251" lon="-2.516328"><ele>317.5</ele></trkpt>
<trkpt lat="43.269251" lon="-2.516324"><ele>317.6</ele></trkpt>
<trkpt lat="43.269252" lon="-2.516319"><ele>318.1</ele></trkpt>
<trkpt lat="43.269255" lon="-2.516313"><ele>318.3</ele></trkpt>
<trkpt lat="43.269258" lon="-2.516306"><ele>318.6</ele></trkpt>
<trkpt lat="43.269259" lon="-2.516303"><ele>318.8</ele></trkpt>
<trkpt lat="43.269262" lon="-2.516298"><ele>319.1</ele></trkpt>
<trkpt lat="43.269269" lon="-2.516292"><ele>319.2</ele></trkpt>
<trkpt lat="43.269272" lon="-2.516287"><ele>319.4</ele></trkpt>
<trkpt lat="43.269272" lon="-2.516284"><ele>319.6</ele></trkpt>
<trkpt lat="43.269273" lon="-2.516282"><ele>320.1</ele></trkpt>
<trkpt lat="43.269282" lon="-2.516274"><ele>320.4</ele></trkpt>
<trkpt lat="43.269285" lon="-2.516268"><ele>320.6</ele></trkpt>
<trkpt lat="43.269285" lon="-2.516261"><ele>321.2</ele></trkpt>
<trkpt lat="43.269288" lon="-2.516260"><ele>321.5</ele></trkpt>
<trkpt lat="43.269292" lon="-2.516256"><ele>321.8</ele></trkpt>
<trkpt lat="43.269296" lon="-2.516255"><ele>321.8</ele></trkpt>
<trkpt lat="43.269301" lon="-2.516251"><ele>322.1</ele></trkpt>
<trkpt lat="43.269305" lon="-2.516248"><ele>322.4</ele></trkpt>
<trkpt lat="43.269309" lon="-2.516248"><ele>322.9</ele></trkpt>
<trkpt lat="43.269314" lon="-2.516245"><ele>322.8</ele></trkpt>
<trkpt lat="43.269315" lon="-2.516238"><ele>323.4</ele></trkpt>
<trkpt lat="43.269318" lon="-2.516228"><ele>323.6</ele></trkpt>
<trkpt lat="43.269318" lon="-2.516213"><ele>324.2</ele></trkpt>
<trkpt lat="43.269319" lon="-2.516204"><ele>324.8</ele></trkpt>
<trkpt lat="43.269318" lon="-2.516193"><ele>325.3</ele></trkpt>
<trkpt lat="43.269319" lon="-2.516183"><ele>325.4</ele></trkpt>
<trkpt lat="43.269321" lon="-2.516169"><ele>325.7</ele></trkpt>
<trkpt lat="43.269322" lon="-2.516153"><ele>325.7</ele></trkpt>
<trkpt lat="43.269321" lon="-2.516144"><ele>325.8</ele></trkpt>
<trkpt lat="43.269321" lon="-2.516132"><ele>325.8</ele></trkpt>
<trkpt lat="43.269319" lon="-2.516119"><ele>325.9</ele></trkpt>
<trkpt lat="43.269320" lon="-2.516106"><ele>325.8</ele></trkpt>
<trkpt lat="43.269320" lon="-2.516091"><ele>326.0</ele></trkpt>
<trkpt lat="43.269319" lon="-2.516078"><ele>326.2</ele></trkpt>
<trkpt lat="43.269324" lon="-2.516064"><ele>326.3</ele></trkpt>
<trkpt lat="43.269324" lon="-2.516050"><ele>326.5</ele></trkpt>
<trkpt lat="43.269322" lon="-2.516037"><ele>326.5</ele></trkpt>
<trkpt lat="43.269319" lon="-2.516023"><ele>326.4</ele></trkpt>
<trkpt lat="43.269323" lon="-2.516013"><ele>326.6</ele></trkpt>
<trkpt lat="43.269323" lon="-2.516002"><ele>326.8</ele></trkpt>
<trkpt lat="43.269322" lon="-2.515988"><ele>327.0</ele></trkpt>
<trkpt lat="43.269320" lon="-2.515972"><ele>327.5</ele></trkpt>
<trkpt lat="43.269321" lon="-2.515958"><ele>327.9</ele></trkpt>
<trkpt lat="43.269323" lon="-2.515944"><ele>327.9</ele></trkpt>
<trkpt lat="43.269323" lon="-2.515932"><ele>327.8</ele></trkpt>
<trkpt lat="43.269322" lon="-2.515918"><ele>327.8</ele></trkpt>
<trkpt lat="43.269323" lon="-2.515907"><ele>327.8</ele></trkpt>
<trkpt lat="43.269325" lon="-2.515893"><ele>328.1</ele></trkpt>
<trkpt lat="43.269329" lon="-2.515887"><ele>328.5</ele></trkpt>
<trkpt lat="43.269329" lon="-2.515875"><ele>328.7</ele></trkpt>
<trkpt lat="43.269331" lon="-2.515867"><ele>328.9</ele></trkpt>
<trkpt lat="43.269337" lon="-2.515860"><ele>329.1</ele></trkpt>
<trkpt lat="43.269339" lon="-2.515853"><ele>329.6</ele></trkpt>
<trkpt lat="43.269339" lon="-2.515847"><ele>329.9</ele></trkpt>
<trkpt lat="43.269341" lon="-2.515840"><ele>330.3</ele></trkpt>
<trkpt lat="43.269343" lon="-2.515833"><ele>330.7</ele></trkpt>
<trkpt lat="43.269344" lon="-2.515825"><ele>330.9</ele></trkpt>
<trkpt lat="43.269341" lon="-2.515823"><ele>330.8</ele></trkpt>
<trkpt lat="43.269342" lon="-2.515817"><ele>331.0</ele></trkpt>
<trkpt lat="43.269344" lon="-2.515818"><ele>331.2</ele></trkpt>
<trkpt lat="43.269346" lon="-2.515818"><ele>331.3</ele></trkpt>
<trkpt lat="43.269350" lon="-2.515815"><ele>331.6</ele></trkpt>
<trkpt lat="43.269350" lon="-2.515814"><ele>331.8</ele></trkpt>
<trkpt lat="43.269355" lon="-2.515801"><ele>332.0</ele></trkpt>
<trkpt lat="43.269357" lon="-2.515795"><ele>332.2</ele></trkpt>
<trkpt lat="43.269360" lon="-2.515791"><ele>332.5</ele></trkpt>
<trkpt lat="43.269363" lon="-2.515789"><ele>332.8</ele></trkpt>
<trkpt lat="43.269366" lon="-2.515788"><ele>333.2</ele></trkpt>
<trkpt lat="43.269370" lon="-2.515783"><ele>333.5</ele></trkpt>
<trkpt lat="43.269374" lon="-2.515778"><ele>333.9</ele></trkpt>
<trkpt lat="43.269379" lon="-2.515776"><ele>334.0</ele></trkpt>
<trkpt lat="43.269383" lon="-2.515775"><ele>334.2</ele></trkpt>
<trkpt lat="43.269389" lon="-2.515775"><ele>334.6</ele></trkpt>
<trkpt lat="43.269394" lon="-2.515774"><ele>334.8</ele></trkpt>
<trkpt lat="43.269393" lon="-2.515781"><ele>335.1</ele></trkpt>
<trkpt lat="43.269397" lon="-2.515785"><ele>335.3</ele></trkpt>
<trkpt lat="43.269400" lon="-2.515789"><ele>335.5</ele></trkpt>
<trkpt lat="43.269404" lon="-2.515792"><ele>335.4</ele></trkpt>
<trkpt lat="43.269411" lon="-2.515790"><ele>335.7</ele></trkpt>
<trkpt lat="43.269415" lon="-2.515788"><ele>335.6</ele></trkpt>
<trkpt lat="43.269419" lon="-2.515788"><ele>335.9</ele></trkpt>
<trkpt lat="43.269420" lon="-2.515780"><ele>336.1</ele></trkpt>
<trkpt lat="43.269425" lon="-2.515779"><ele>336.4</ele></trkpt>
<trkpt lat="43.269432" lon="-2.515774"><ele>337.0</ele></trkpt>
<trkpt lat="43.269435" lon="-2.515777"><ele>337.2</ele></trkpt>
<trkpt lat="43.269440" lon="-2.515781"><ele>337.4</ele></trkpt>
<trkpt lat="43.269442" lon="-2.515785"><ele>337.6</ele></trkpt>
<trkpt lat="43.269446" lon="-2.515788"><ele>337.7</ele></trkpt>
<trkpt lat="43.269446" lon="-2.515793"><ele>338.0</ele></trkpt>
<trkpt lat="43.269453" lon="-2.515799"><ele>338.3</ele></trkpt>
<trkpt lat="43.269456" lon="-2.515803"><ele>338.4</ele></trkpt>
<trkpt lat="43.269457" lon="-2.515806"><ele>338.6</ele></trkpt>
<trkpt lat="43.269457" lon="-2.515810"><ele>338.8</ele></trkpt>
<trkpt lat="43.269463" lon="-2.515810"><ele>339.3</ele></trkpt>
<trkpt lat="43.269467" lon="-2.515811"><ele>339.4</ele></trkpt>
<trkpt lat="43.269473" lon="-2.515813"><ele>339.7</ele></trkpt>
<trkpt lat="43.269476" lon="-2.515814"><ele>339.8</ele></trkpt>
<trkpt lat="43.269477" lon="-2.515819"><ele>340.0</ele></trkpt>
<trkpt lat="43.269483" lon="-2.515824"><ele>340.2</ele></trkpt>
<trkpt lat="43.269488" lon="-2.515828"><ele>340.5</ele></trkpt>
<trkpt lat="43.269493" lon="-2.515827"><ele>340.6</ele></trkpt>
<trkpt lat="43.269497" lon="-2.515827"><ele>340.8</ele></trkpt>
<trkpt lat="43.269501" lon="-2.515830"><ele>341.1</ele></trkpt>
<trkpt lat="43.269506" lon="-2.515835"><ele>341.0</ele></trkpt>
<trkpt lat="43.269513" lon="-2.515838"><ele>341.1</ele></trkpt>
<trkpt lat="43.269517" lon="-2.515839"><ele>341.2</ele></trkpt>
<trkpt lat="43.269522" lon="-2.515839"><ele>341.2</ele></trkpt>
<trkpt lat="43.269528" lon="-2.515842"><ele>341.3</ele></trkpt>
<trkpt lat="43.269532" lon="-2.515843"><ele>341.3</ele></trkpt>
<trkpt lat="43.269538" lon="-2.515845"><ele>341.4</ele></trkpt>
<trkpt lat="43.269545" lon="-2.515845"><ele>341.6</ele></trkpt>
<trkpt lat="43.269550" lon="-2.515844"><ele>341.8</ele></trkpt>
<trkpt lat="43.269554" lon="-2.515838"><ele>341.9</ele></trkpt>
<trkpt lat="43.269557" lon="-2.515834"><ele>342.0</ele></trkpt>
<trkpt lat="43.269562" lon="-2.515829"><ele>342.6</ele></trkpt>
<trkpt lat="43.269566" lon="-2.515822"><ele>343.2</ele></trkpt>
<trkpt lat="43.269569" lon="-2.515821"><ele>343.8</ele></trkpt>
<trkpt lat="43.269572" lon="-2.515820"><ele>344.3</ele></trkpt>
<trkpt lat="43.269576" lon="-2.515815"><ele>344.6</ele></trkpt>
<trkpt lat="43.269579" lon="-2.515814"><ele>345.0</ele></trkpt>
<trkpt lat="43.269583" lon="-2.515814"><ele>345.4</ele></trkpt>
<trkpt lat="43.269587" lon="-2.515815"><ele>345.9</ele></trkpt>
<trkpt lat="43.269590" lon="-2.515813"><ele>346.0</ele></trkpt>
<trkpt lat="43.269593" lon="-2.515811"><ele>346.4</ele></trkpt>
<trkpt lat="43.269594" lon="-2.515814"><ele>346.6</ele></trkpt>
<trkpt lat="43.269591" lon="-2.515806"><ele>346.8</ele></trkpt>
<trkpt lat="43.269589" lon="-2.515805"><ele>347.3</ele></trkpt>
<trkpt lat="43.269590" lon="-2.515801"><ele>347.4</ele></trkpt>
<trkpt lat="43.269589" lon="-2.515793"><ele>347.6</ele></trkpt>
<trkpt lat="43.269593" lon="-2.515788"><ele>348.1</ele></trkpt>
<trkpt lat="43.269596" lon="-2.515783"><ele>348.3</ele></trkpt>
<trkpt lat="43.269600" lon="-2.515780"><ele>348.8</ele></trkpt>
<trkpt lat="43.269604" lon="-2.515780"><ele>349.1</ele></trkpt>
<trkpt lat="43.269612" lon="-2.515776"><ele>349.4</ele></trkpt>
<trkpt lat="43.269615" lon="-2.515768"><ele>349.6</ele></trkpt>
<trkpt lat="43.269618" lon="-2.515764"><ele>350.0</ele></trkpt>
<trkpt lat="43.269621" lon="-2.515763"><ele>350.0</ele></trkpt>
<trkpt lat="43.269626" lon="-2.515764"><ele>350.4</ele></trkpt>
<trkpt lat="43.269627" lon="-2.515756"><ele>350.6</ele></trkpt>
<trkpt lat="43.269630" lon="-2.515749"><ele>350.6</ele></trkpt>
<trkpt lat="43.269636" lon="-2.515741"><ele>351.1</ele></trkpt>
<trkpt lat="43.269636" lon="-2.515735"><ele>351.2</ele></trkpt>
<trkpt lat="43.269635" lon="-2.515724"><ele>351.4</ele></trkpt>
<trkpt lat="43.269629" lon="-2.515717"><ele>351.5</ele></trkpt>
<trkpt lat="43.269626" lon="-2.515706"><ele>351.8</ele></trkpt>
<trkpt lat="43.269625" lon="-2.515687"><ele>351.9</ele></trkpt>
<trkpt lat="43.269629" lon="-2.515674"><ele>351.8</ele></trkpt>
<trkpt lat="43.269633" lon="-2.515665"><ele>351.8</ele></trkpt>
<trkpt lat="43.269630" lon="-2.515655"><ele>352.0</ele></trkpt>
<trkpt lat="43.269634" lon="-2.515650"><ele>352.0</ele></trkpt>
<trkpt lat="43.269635" lon="-2.515639"><ele>352.0</ele></trkpt>
<trkpt lat="43.269634" lon="-2.515626"><ele>352.2</ele></trkpt>
<trkpt lat="43.269633" lon="-2.515617"><ele>352.4</ele></trkpt>
<trkpt lat="43.269626" lon="-2.515600"><ele>352.6</ele></trkpt>
<trkpt lat="43.269622" lon="-2.515584"><ele>352.7</ele></trkpt>
<trkpt lat="43.269621" lon="-2.515571"><ele>352.7</ele></trkpt>
<trkpt lat="43.269620" lon="-2.515562"><ele>352.8</ele></trkpt>
<trkpt lat="43.269620" lon="-2.515556"><ele>352.9</ele></trkpt>
<trkpt lat="43.269620" lon="-2.515546"><ele>352.8</ele></trkpt>
<trkpt lat="43.269618" lon="-2.515532"><ele>353.1</ele></trkpt>
<trkpt lat="43.269614" lon="-2.515518"><ele>353.4</ele></trkpt>
<trkpt lat="43.269612" lon="-2.515497"><ele>353.7</ele></trkpt>
<trkpt lat="43.269607" lon="-2.515477"><ele>353.6</ele></trkpt>
<trkpt lat="43.269602" lon="-2.515462"><ele>353.8</ele></trkpt>
<trkpt lat="43.269600" lon="-2.515456"><ele>353.9</ele></trkpt>
<trkpt lat="43.269598" lon="-2.515441"><ele>354.1</ele></trkpt>
<trkpt lat="43.269597" lon="-2.515433"><ele>354.0</ele></trkpt>
<trkpt lat="43.269598" lon="-2.515418"><ele>354.2</ele></trkpt>
<trkpt lat="43.269597" lon="-2.515415"><ele>354.3</ele></trkpt>
<trkpt lat="43.269599" lon="-2.515408"><ele>354.4</ele></trkpt>
<trkpt lat="43.269599" lon="-2.515401"><ele>354.4</ele></trkpt>
<trkpt lat="43.269601" lon="-2.515395"><ele>354.6</ele></trkpt>
<trkpt lat="43.269601" lon="-2.515391"><ele>355.3</ele></trkpt>
<trkpt lat="43.269607" lon="-2.515381"><ele>355.5</ele></trkpt>
<trkpt lat="43.269609" lon="-2.515369"><ele>355.6</ele></trkpt>
<trkpt lat="43.269606" lon="-2.515363"><ele>355.6</ele></trkpt>
<trkpt lat="43.269607" lon="-2.515352"><ele>356.0</ele></trkpt>
<trkpt lat="43.269611" lon="-2.515341"><ele>356.4</ele></trkpt>
<trkpt lat="43.269609" lon="-2.515331"><ele>357.0</ele></trkpt>
<trkpt lat="43.269598" lon="-2.515314"><ele>357.2</ele></trkpt>
<trkpt lat="43.269597" lon="-2.515305"><ele>357.4</ele></trkpt>
<trkpt lat="43.269592" lon="-2.515288"><ele>357.4</ele></trkpt>
<trkpt lat="43.269588" lon="-2.515271"><ele>357.4</ele></trkpt>
<trkpt lat="43.269591" lon="-2.515255"><ele>357.4</ele></trkpt>
<trkpt lat="43.269591" lon="-2.515241"><ele>357.5</ele></trkpt>
<trkpt lat="43.269587" lon="-2.515223"><ele>357.3</ele></trkpt>
<trkpt lat="43.269586" lon="-2.515209"><ele>357.1</ele></trkpt>
<trkpt lat="43.269587" lon="-2.515196"><ele>357.1</ele></trkpt>
<trkpt lat="43.269588" lon="-2.515186"><ele>357.0</ele></trkpt>
<trkpt lat="43.269586" lon="-2.515182"><ele>357.0</ele></trkpt>
<trkpt lat="43.269581" lon="-2.515172"><ele>357.2</ele></trkpt>
<trkpt lat="43.269576" lon="-2.515158"><ele>357.5</ele></trkpt>
<trkpt lat="43.269575" lon="-2.515154"><ele>357.5</ele></trkpt>
<trkpt lat="43.269580" lon="-2.515145"><ele>357.4</ele></trkpt>
<trkpt lat="43.269577" lon="-2.515122"><ele>357.5</ele></trkpt>
<trkpt lat="43.269571" lon="-2.515108"><ele>357.2</ele></trkpt>
<trkpt lat="43.269566" lon="-2.515102"><ele>356.9</ele></trkpt>
<trkpt lat="43.269557" lon="-2.515086"><ele>356.9</ele></trkpt>
<trkpt lat="43.269550" lon="-2.515073"><ele>356.9</ele></trkpt>
<trkpt lat="43.269544" lon="-2.515058"><ele>356.8</ele></trkpt>
<trkpt lat="43.269543" lon="-2.515052"><ele>356.8</ele></trkpt>
<trkpt lat="43.269548" lon="-2.515036"><ele>356.8</ele></trkpt>
<trkpt lat="43.269548" lon="-2.515027"><ele>356.8</ele></trkpt>
<trkpt lat="43.269551" lon="-2.515018"><ele>356.8</ele></trkpt>
<trkpt lat="43.269553" lon="-2.515009"><ele>356.9</ele></trkpt>
<trkpt lat="43.269553" lon="-2.514994"><ele>356.9</ele></trkpt>
<trkpt lat="43.269552" lon="-2.514977"><ele>357.1</ele></trkpt>
<trkpt lat="43.269550" lon="-2.514957"><ele>357.2</ele></trkpt>
<trkpt lat="43.269547" lon="-2.514947"><ele>357.4</ele></trkpt>
<trkpt lat="43.269544" lon="-2.514933"><ele>357.9</ele></trkpt>
<trkpt lat="43.269542" lon="-2.514921"><ele>358.1</ele></trkpt>
<trkpt lat="43.269545" lon="-2.514913"><ele>358.3</ele></trkpt>
<trkpt lat="43.269546" lon="-2.514906"><ele>358.5</ele></trkpt>
<trkpt lat="43.269548" lon="-2.514903"><ele>358.4</ele></trkpt>
<trkpt lat="43.269550" lon="-2.514894"><ele>358.8</ele></trkpt>
<trkpt lat="43.269555" lon="-2.514889"><ele>358.8</ele></trkpt>
<trkpt lat="43.269557" lon="-2.514885"><ele>359.5</ele></trkpt>
<trkpt lat="43.269556" lon="-2.514878"><ele>359.7</ele></trkpt>
<trkpt lat="43.269555" lon="-2.514866"><ele>360.1</ele></trkpt>
<trkpt lat="43.269554" lon="-2.514860"><ele>360.5</ele></trkpt>
<trkpt lat="43.269561" lon="-2.514851"><ele>360.8</ele></trkpt>
<trkpt lat="43.269564" lon="-2.514843"><ele>360.8</ele></trkpt>
<trkpt lat="43.269567" lon="-2.514831"><ele>361.0</ele></trkpt>
<trkpt lat="43.269569" lon="-2.514826"><ele>361.4</ele></trkpt>
<trkpt lat="43.269570" lon="-2.514817"><ele>361.5</ele></trkpt>
<trkpt lat="43.269570" lon="-2.514811"><ele>361.5</ele></trkpt>
<trkpt lat="43.269573" lon="-2.514801"><ele>361.6</ele></trkpt>
<trkpt lat="43.269577" lon="-2.514787"><ele>361.6</ele></trkpt>
<trkpt lat="43.269580" lon="-2.514782"><ele>361.6</ele></trkpt>
<trkpt lat="43.269582" lon="-2.514777"><ele>362.3</ele></trkpt>
<trkpt lat="43.269584" lon="-2.514772"><ele>362.5</ele></trkpt>
<trkpt lat="43.269590" lon="-2.514767"><ele>362.9</ele></trkpt>
<trkpt lat="43.269591" lon="-2.514760"><ele>363.0</ele></trkpt>
<trkpt lat="43.269592" lon="-2.514747"><ele>363.5</ele></trkpt>
<trkpt lat="43.269592" lon="-2.514741"><ele>363.4</ele></trkpt>
<trkpt lat="43.269585" lon="-2.514734"><ele>363.7</ele></trkpt>
<trkpt lat="43.269581" lon="-2.514727"><ele>363.7</ele></trkpt>
<trkpt lat="43.269577" lon="-2.514714"><ele>363.7</ele></trkpt>
<trkpt lat="43.269577" lon="-2.514704"><ele>363.9</ele></trkpt>
<trkpt lat="43.269581" lon="-2.514691"><ele>364.1</ele></trkpt>
<trkpt lat="43.269584" lon="-2.514690"><ele>364.0</ele></trkpt>
<trkpt lat="43.269586" lon="-2.514683"><ele>364.0</ele></trkpt>
<trkpt lat="43.269588" lon="-2.514676"><ele>364.2</ele></trkpt>
<trkpt lat="43.269590" lon="-2.514671"><ele>364.3</ele></trkpt>
<trkpt lat="43.269592" lon="-2.514665"><ele>364.2</ele></trkpt>
<trkpt lat="43.269593" lon="-2.514658"><ele>364.9</ele></trkpt>
<trkpt lat="43.269593" lon="-2.514654"><ele>365.0</ele></trkpt>
<trkpt lat="43.269593" lon="-2.514649"><ele>365.5</ele></trkpt>
<trkpt lat="43.269598" lon="-2.514643"><ele>365.6</ele></trkpt>
<trkpt lat="43.269603" lon="-2.514641"><ele>365.7</ele></trkpt>
<trkpt lat="43.269605" lon="-2.514642"><ele>366.3</ele></trkpt>
<trkpt lat="43.269611" lon="-2.514647"><ele>366.8</ele></trkpt>
<trkpt lat="43.269612" lon="-2.514657"><ele>367.2</ele></trkpt>
<trkpt lat="43.269615" lon="-2.514661"><ele>367.4</ele></trkpt>
<trkpt lat="43.269619" lon="-2.514666"><ele>367.6</ele></trkpt>
<trkpt lat="43.269627" lon="-2.514680"><ele>368.1</ele></trkpt>
<trkpt lat="43.269632" lon="-2.514690"><ele>368.1</ele></trkpt>
<trkpt lat="43.269635" lon="-2.514699"><ele>368.4</ele></trkpt>
<trkpt lat="43.269642" lon="-2.514720"><ele>368.7</ele></trkpt>
<trkpt lat="43.269650" lon="-2.514729"><ele>368.9</ele></trkpt>
<trkpt lat="43.269655" lon="-2.514738"><ele>369.0</ele></trkpt>
<trkpt lat="43.269660" lon="-2.514742"><ele>369.3</ele></trkpt>
<trkpt lat="43.269662" lon="-2.514741"><ele>369.5</ele></trkpt>
<trkpt lat="43.269666" lon="-2.514737"><ele>369.8</ele></trkpt>
<trkpt lat="43.269667" lon="-2.514732"><ele>370.1</ele></trkpt>
<trkpt lat="43.269670" lon="-2.514732"><ele>370.4</ele></trkpt>
<trkpt lat="43.269673" lon="-2.514730"><ele>370.6</ele></trkpt>
<trkpt lat="43.269676" lon="-2.514730"><ele>370.8</ele></trkpt>
<trkpt lat="43.269679" lon="-2.514731"><ele>371.2</ele></trkpt>
<trkpt lat="43.269681" lon="-2.514730"><ele>371.6</ele></trkpt>
<trkpt lat="43.269689" lon="-2.514727"><ele>372.3</ele></trkpt>
<trkpt lat="43.269693" lon="-2.514722"><ele>372.4</ele></trkpt>
<trkpt lat="43.269695" lon="-2.514718"><ele>372.8</ele></trkpt>
<trkpt lat="43.269697" lon="-2.514719"><ele>373.4</ele></trkpt>
<trkpt lat="43.269698" lon="-2.514720"><ele>373.9</ele></trkpt>
<trkpt lat="43.269697" lon="-2.514721"><ele>374.1</ele></trkpt>
<trkpt lat="43.269699" lon="-2.514721"><ele>374.5</ele></trkpt>
<trkpt lat="43.269706" lon="-2.514733"><ele>374.8</ele></trkpt>
<trkpt lat="43.269709" lon="-2.514738"><ele>374.8</ele></trkpt>
<trkpt lat="43.269709" lon="-2.514740"><ele>375.0</ele></trkpt>
<trkpt lat="43.269714" lon="-2.514745"><ele>375.2</ele></trkpt>
<trkpt lat="43.269717" lon="-2.514748"><ele>375.2</ele></trkpt>
<trkpt lat="43.269725" lon="-2.514752"><ele>375.4</ele></trkpt>
<trkpt lat="43.269730" lon="-2.514754"><ele>375.4</ele></trkpt>
<trkpt lat="43.269734" lon="-2.514757"><ele>375.7</ele></trkpt>
<trkpt lat="43.269738" lon="-2.514755"><ele>375.9</ele></trkpt>
<trkpt lat="43.269738" lon="-2.514753"><ele>375.9</ele></trkpt>
<trkpt lat="43.269742" lon="-2.514748"><ele>376.2</ele></trkpt>
<trkpt lat="43.269748" lon="-2.514746"><ele>376.6</ele></trkpt>
<trkpt lat="43.269748" lon="-2.514746"><ele>376.6</ele></trkpt>
<trkpt lat="43.269750" lon="-2.514744"><ele>377.3</ele></trkpt>
<trkpt lat="43.269751" lon="-2.514750"><ele>377.4</ele></trkpt>
<trkpt lat="43.269756" lon="-2.514749"><ele>377.8</ele></trkpt>
<trkpt lat="43.269760" lon="-2.514744"><ele>378.2</ele></trkpt>
<trkpt lat="43.269764" lon="-2.514744"><ele>378.5</ele></trkpt>
<trkpt lat="43.269766" lon="-2.514745"><ele>378.6</ele></trkpt>
<trkpt lat="43.269768" lon="-2.514752"><ele>379.1</ele></trkpt>
<trkpt lat="43.269772" lon="-2.514757"><ele>379.3</ele></trkpt>
<trkpt lat="43.269775" lon="-2.514760"><ele>379.4</ele></trkpt>
<trkpt lat="43.269781" lon="-2.514765"><ele>380.5</ele></trkpt>
<trkpt lat="43.269789" lon="-2.514757"><ele>381.0</ele></trkpt>
<trkpt lat="43.269789" lon="-2.514749"><ele>381.2</ele></trkpt>
<trkpt lat="43.269791" lon="-2.514738"><ele>381.5</ele></trkpt>
<trkpt lat="43.269788" lon="-2.514731"><ele>381.6</ele></trkpt>
<trkpt lat="43.269784" lon="-2.514728"><ele>381.8</ele></trkpt>
<trkpt lat="43.269782" lon="-2.514724"><ele>382.4</ele></trkpt>
<trkpt lat="43.269781" lon="-2.514710"><ele>383.0</ele></trkpt>
<trkpt lat="43.269783" lon="-2.514701"><ele>383.1</ele></trkpt>
<trkpt lat="43.269783" lon="-2.514682"><ele>383.3</ele></trkpt>
<trkpt lat="43.269783" lon="-2.514676"><ele>383.3</ele></trkpt>
<trkpt lat="43.269785" lon="-2.514671"><ele>383.3</ele></trkpt>
<trkpt lat="43.269790" lon="-2.514657"><ele>383.3</ele></trkpt>
<trkpt lat="43.269791" lon="-2.514644"><ele>383.3</ele></trkpt>
<trkpt lat="43.269794" lon="-2.514629"><ele>383.5</ele></trkpt>
<trkpt lat="43.269794" lon="-2.514623"><ele>383.4</ele></trkpt>
<trkpt lat="43.269797" lon="-2.514611"><ele>383.4</ele></trkpt>
<trkpt lat="43.269799" lon="-2.514602"><ele>383.4</ele></trkpt>
<trkpt lat="43.269801" lon="-2.514595"><ele>383.4</ele></trkpt>
<trkpt lat="43.269802" lon="-2.514592"><ele>383.4</ele></trkpt>
<trkpt lat="43.269805" lon="-2.514586"><ele>383.4</ele></trkpt>
<trkpt lat="43.269808" lon="-2.514579"><ele>383.4</ele></trkpt>
<trkpt lat="43.269805" lon="-2.514564"><ele>383.6</ele></trkpt>
<trkpt lat="43.269804" lon="-2.514557"><ele>384.6</ele></trkpt>
<trkpt lat="43.269803" lon="-2.514542"><ele>386.1</ele></trkpt>
<trkpt lat="43.269801" lon="-2.514527"><ele>386.4</ele></trkpt>
<trkpt lat="43.269803" lon="-2.514514"><ele>386.6</ele></trkpt>
<trkpt lat="43.269805" lon="-2.514500"><ele>387.0</ele></trkpt>
<trkpt lat="43.269805" lon="-2.514491"><ele>387.0</ele></trkpt>
<trkpt lat="43.269807" lon="-2.514479"><ele>387.3</ele></trkpt>
<trkpt lat="43.269810" lon="-2.514473"><ele>387.3</ele></trkpt>
<trkpt lat="43.269815" lon="-2.514469"><ele>387.2</ele></trkpt>
<trkpt lat="43.269816" lon="-2.514459"><ele>387.2</ele></trkpt>
<trkpt lat="43.269819" lon="-2.514458"><ele>387.2</ele></trkpt>
<trkpt lat="43.269823" lon="-2.514455"><ele>387.3</ele></trkpt>
<trkpt lat="43.269828" lon="-2.514458"><ele>387.3</ele></trkpt>
<trkpt lat="43.269832" lon="-2.514457"><ele>387.2</ele></trkpt>
<trkpt lat="43.269837" lon="-2.514457"><ele>387.3</ele></trkpt>
<trkpt lat="43.269843" lon="-2.514456"><ele>387.4</ele></trkpt>
<trkpt lat="43.269849" lon="-2.514453"><ele>388.3</ele></trkpt>
<trkpt lat="43.269849" lon="-2.514447"><ele>388.7</ele></trkpt>
<trkpt lat="43.269853" lon="-2.514438"><ele>388.9</ele></trkpt>
<trkpt lat="43.269854" lon="-2.514425"><ele>389.5</ele></trkpt>
<trkpt lat="43.269858" lon="-2.514419"><ele>390.5</ele></trkpt>
<trkpt lat="43.269861" lon="-2.514411"><ele>390.7</ele></trkpt>
<trkpt lat="43.269864" lon="-2.514396"><ele>390.6</ele></trkpt>
<trkpt lat="43.269865" lon="-2.514383"><ele>390.8</ele></trkpt>
<trkpt lat="43.269868" lon="-2.514374"><ele>391.1</ele></trkpt>
<trkpt lat="43.269873" lon="-2.514360"><ele>391.2</ele></trkpt>
<trkpt lat="43.269879" lon="-2.514353"><ele>391.2</ele></trkpt>
<trkpt lat="43.269882" lon="-2.514350"><ele>391.3</ele></trkpt>
<trkpt lat="43.269885" lon="-2.514345"><ele>391.3</ele></trkpt>
<trkpt lat="43.269887" lon="-2.514336"><ele>391.3</ele></trkpt>
<trkpt lat="43.269887" lon="-2.514322"><ele>391.5</ele></trkpt>
<trkpt lat="43.269886" lon="-2.514314"><ele>391.5</ele></trkpt>
<trkpt lat="43.269884" lon="-2.514301"><ele>391.5</ele></trkpt>
<trkpt lat="43.269885" lon="-2.514290"><ele>391.7</ele></trkpt>
<trkpt lat="43.269886" lon="-2.514269"><ele>392.7</ele></trkpt>
<trkpt lat="43.269885" lon="-2.514252"><ele>393.6</ele></trkpt>
<trkpt lat="43.269889" lon="-2.514250"><ele>394.0</ele></trkpt>
<trkpt lat="43.269893" lon="-2.514250"><ele>394.7</ele></trkpt>
<trkpt lat="43.269897" lon="-2.514246"><ele>394.8</ele></trkpt>
<trkpt lat="43.269898" lon="-2.514244"><ele>395.4</ele></trkpt>
<trkpt lat="43.269899" lon="-2.514240"><ele>396.0</ele></trkpt>
<trkpt lat="43.269897" lon="-2.514237"><ele>396.5</ele></trkpt>
<trkpt lat="43.269898" lon="-2.514234"><ele>396.9</ele></trkpt>
<trkpt lat="43.269902" lon="-2.514226"><ele>397.1</ele></trkpt>
<trkpt lat="43.269904" lon="-2.514221"><ele>397.2</ele></trkpt>
<trkpt lat="43.269905" lon="-2.514222"><ele>397.3</ele></trkpt>
<trkpt lat="43.269906" lon="-2.514221"><ele>397.5</ele></trkpt>
<trkpt lat="43.269912" lon="-2.514218"><ele>397.5</ele></trkpt>
<trkpt lat="43.269913" lon="-2.514220"><ele>397.6</ele></trkpt>
<trkpt lat="43.269918" lon="-2.514221"><ele>398.0</ele></trkpt>
<trkpt lat="43.269920" lon="-2.514214"><ele>398.4</ele></trkpt>
<trkpt lat="43.269926" lon="-2.514211"><ele>398.7</ele></trkpt>
<trkpt lat="43.269922" lon="-2.514216"><ele>399.1</ele></trkpt>
<trkpt lat="43.269932" lon="-2.514220"><ele>399.3</ele></trkpt>
<trkpt lat="43.269937" lon="-2.514222"><ele>399.5</ele></trkpt>
<trkpt lat="43.269945" lon="-2.514225"><ele>399.5</ele></trkpt>
<trkpt lat="43.269951" lon="-2.514219"><ele>399.4</ele></trkpt>
<trkpt lat="43.269951" lon="-2.514213"><ele>399.5</ele></trkpt>
<trkpt lat="43.269957" lon="-2.514212"><ele>399.0</ele></trkpt>
<trkpt lat="43.269960" lon="-2.514212"><ele>399.1</ele></trkpt>
<trkpt lat="43.269968" lon="-2.514215"><ele>399.1</ele></trkpt>
<trkpt lat="43.269971" lon="-2.514218"><ele>399.0</ele></trkpt>
<trkpt lat="43.269973" lon="-2.514213"><ele>399.4</ele></trkpt>
<trkpt lat="43.269976" lon="-2.514204"><ele>399.8</ele></trkpt>
<trkpt lat="43.269982" lon="-2.514193"><ele>400.1</ele></trkpt>
<trkpt lat="43.269988" lon="-2.514192"><ele>400.2</ele></trkpt>
<trkpt lat="43.269991" lon="-2.514183"><ele>400.5</ele></trkpt>
<trkpt lat="43.269995" lon="-2.514175"><ele>401.1</ele></trkpt>
<trkpt lat="43.269996" lon="-2.514165"><ele>401.4</ele></trkpt>
<trkpt lat="43.269997" lon="-2.514153"><ele>402.1</ele></trkpt>
<trkpt lat="43.269995" lon="-2.514152"><ele>402.5</ele></trkpt>
<trkpt lat="43.269993" lon="-2.514141"><ele>402.9</ele></trkpt>
<trkpt lat="43.269992" lon="-2.514133"><ele>403.0</ele></trkpt>
<trkpt lat="43.269994" lon="-2.514125"><ele>403.2</ele></trkpt>
<trkpt lat="43.269998" lon="-2.514121"><ele>403.4</ele></trkpt>
<trkpt lat="43.269998" lon="-2.514115"><ele>403.6</ele></trkpt>
<trkpt lat="43.269998" lon="-2.514111"><ele>403.6</ele></trkpt>
<trkpt lat="43.270001" lon="-2.514107"><ele>403.9</ele></trkpt>
<trkpt lat="43.270003" lon="-2.514097"><ele>404.3</ele></trkpt>
<trkpt lat="43.270006" lon="-2.514103"><ele>405.0</ele></trkpt>
<trkpt lat="43.270006" lon="-2.514090"><ele>405.6</ele></trkpt>
<trkpt lat="43.270013" lon="-2.514085"><ele>405.7</ele></trkpt>
<trkpt lat="43.270020" lon="-2.514076"><ele>405.6</ele></trkpt>
<trkpt lat="43.270029" lon="-2.514060"><ele>405.6</ele></trkpt>
<trkpt lat="43.270027" lon="-2.514051"><ele>405.8</ele></trkpt>
<trkpt lat="43.270033" lon="-2.514041"><ele>405.9</ele></trkpt>
<trkpt lat="43.270036" lon="-2.514035"><ele>405.8</ele></trkpt>
<trkpt lat="43.270042" lon="-2.514031"><ele>406.6</ele></trkpt>
<trkpt lat="43.270043" lon="-2.514032"><ele>407.2</ele></trkpt>
<trkpt lat="43.270047" lon="-2.514038"><ele>407.3</ele></trkpt>
<trkpt lat="43.270051" lon="-2.514045"><ele>407.4</ele></trkpt>
<trkpt lat="43.270060" lon="-2.514049"><ele>407.4</ele></trkpt>
<trkpt lat="43.270064" lon="-2.514049"><ele>407.7</ele></trkpt>
<trkpt lat="43.270065" lon="-2.514053"><ele>407.6</ele></trkpt>
<trkpt lat="43.270067" lon="-2.514057"><ele>407.7</ele></trkpt>
<trkpt lat="43.270070" lon="-2.514059"><ele>407.9</ele></trkpt>
<trkpt lat="43.270072" lon="-2.514059"><ele>408.3</ele></trkpt>
<trkpt lat="43.270074" lon="-2.514057"><ele>408.6</ele></trkpt>
<trkpt lat="43.270079" lon="-2.514054"><ele>409.2</ele></trkpt>
<trkpt lat="43.270083" lon="-2.514053"><ele>410.2</ele></trkpt>
<trkpt lat="43.270085" lon="-2.514065"><ele>410.4</ele></trkpt>
<trkpt lat="43.270080" lon="-2.514066"><ele>410.6</ele></trkpt>
<trkpt lat="43.270088" lon="-2.514061"><ele>410.7</ele></trkpt>
<trkpt lat="43.270093" lon="-2.514052"><ele>410.9</ele></trkpt>
<trkpt lat="43.270095" lon="-2.514050"><ele>410.9</ele></trkpt>
<trkpt lat="43.270098" lon="-2.514050"><ele>411.0</ele></trkpt>
<trkpt lat="43.270103" lon="-2.514049"><ele>411.7</ele></trkpt>
<trkpt lat="43.270114" lon="-2.514049"><ele>412.3</ele></trkpt>
<trkpt lat="43.270113" lon="-2.514045"><ele>412.3</ele></trkpt>
<trkpt lat="43.270114" lon="-2.514040"><ele>412.7</ele></trkpt>
<trkpt lat="43.270122" lon="-2.514040"><ele>412.8</ele></trkpt>
<trkpt lat="43.270120" lon="-2.514040"><ele>413.1</ele></trkpt>
<trkpt lat="43.270121" lon="-2.514038"><ele>413.4</ele></trkpt>
<trkpt lat="43.270121" lon="-2.514038"><ele>413.6</ele></trkpt>
<trkpt lat="43.270120" lon="-2.514042"><ele>414.0</ele></trkpt>
<trkpt lat="43.270124" lon="-2.514051"><ele>414.9</ele></trkpt>
<trkpt lat="43.270132" lon="-2.514052"><ele>415.3</ele></trkpt>
<trkpt lat="43.270136" lon="-2.514051"><ele>415.7</ele></trkpt>
<trkpt lat="43.270136" lon="-2.514051"><ele>416.2</ele></trkpt>
<trkpt lat="43.270143" lon="-2.514046"><ele>416.4</ele></trkpt>
<trkpt lat="43.270144" lon="-2.514046"><ele>416.9</ele></trkpt>
<trkpt lat="43.270148" lon="-2.514046"><ele>416.9</ele></trkpt>
<trkpt lat="43.270157" lon="-2.514034"><ele>417.1</ele></trkpt>
<trkpt lat="43.270162" lon="-2.514036"><ele>417.1</ele></trkpt>
<trkpt lat="43.270172" lon="-2.514026"><ele>417.3</ele></trkpt>
<trkpt lat="43.270175" lon="-2.514018"><ele>417.6</ele></trkpt>
<trkpt lat="43.270177" lon="-2.514014"><ele>417.6</ele></trkpt>
<trkpt lat="43.270184" lon="-2.514013"><ele>418.0</ele></trkpt>
<trkpt lat="43.270187" lon="-2.514002"><ele>418.5</ele></trkpt>
<trkpt lat="43.270190" lon="-2.513998"><ele>418.9</ele></trkpt>
<trkpt lat="43.270191" lon="-2.513992"><ele>419.4</ele></trkpt>
<trkpt lat="43.270194" lon="-2.513986"><ele>420.0</ele></trkpt>
<trkpt lat="43.270197" lon="-2.513979"><ele>420.8</ele></trkpt>
<trkpt lat="43.270202" lon="-2.513974"><ele>421.1</ele></trkpt>
<trkpt lat="43.270206" lon="-2.513968"><ele>421.1</ele></trkpt>
<trkpt lat="43.270208" lon="-2.513972"><ele>421.1</ele></trkpt>
<trkpt lat="43.270211" lon="-2.513967"><ele>420.5</ele></trkpt>
<trkpt lat="43.270211" lon="-2.513960"><ele>420.1</ele></trkpt>
<trkpt lat="43.270219" lon="-2.513949"><ele>420.1</ele></trkpt>
<trkpt lat="43.270221" lon="-2.513949"><ele>420.0</ele></trkpt>
<trkpt lat="43.270224" lon="-2.513940"><ele>420.4</ele></trkpt>
<trkpt lat="43.270221" lon="-2.513935"><ele>421.3</ele></trkpt>
<trkpt lat="43.270220" lon="-2.513935"><ele>421.8</ele></trkpt>
<trkpt lat="43.270221" lon="-2.513926"><ele>422.1</ele></trkpt>
<trkpt lat="43.270223" lon="-2.513923"><ele>422.5</ele></trkpt>
<trkpt lat="43.270225" lon="-2.513923"><ele>423.5</ele></trkpt>
<trkpt lat="43.270229" lon="-2.513924"><ele>423.8</ele></trkpt>
<trkpt lat="43.270232" lon="-2.513924"><ele>424.1</ele></trkpt>
<trkpt lat="43.270235" lon="-2.513926"><ele>424.2</ele></trkpt>
<trkpt lat="43.270243" lon="-2.513923"><ele>424.4</ele></trkpt>
<trkpt lat="43.270247" lon="-2.513921"><ele>424.7</ele></trkpt>
<trkpt lat="43.270250" lon="-2.513918"><ele>424.7</ele></trkpt>
<trkpt lat="43.270247" lon="-2.513910"><ele>424.8</ele></trkpt>
<trkpt lat="43.270247" lon="-2.513893"><ele>424.8</ele></trkpt>
<trkpt lat="43.270251" lon="-2.513879"><ele>425.0</ele></trkpt>
<trkpt lat="43.270251" lon="-2.513869"><ele>425.2</ele></trkpt>
<trkpt lat="43.270253" lon="-2.513862"><ele>425.9</ele></trkpt>
<trkpt lat="43.270257" lon="-2.513858"><ele>426.3</ele></trkpt>
<trkpt lat="43.270260" lon="-2.513858"><ele>426.2</ele></trkpt>
<trkpt lat="43.270263" lon="-2.513858"><ele>426.5</ele></trkpt>
<trkpt lat="43.270268" lon="-2.513855"><ele>426.5</ele></trkpt>
<trkpt lat="43.270270" lon="-2.513861"><ele>426.8</ele></trkpt>
<trkpt lat="43.270273" lon="-2.513876"><ele>427.3</ele></trkpt>
<trkpt lat="43.270278" lon="-2.513876"><ele>427.5</ele></trkpt>
<trkpt lat="43.270283" lon="-2.513880"><ele>427.9</ele></trkpt>
<trkpt lat="43.270288" lon="-2.513882"><ele>428.2</ele></trkpt>
<trkpt lat="43.270290" lon="-2.513880"><ele>428.6</ele></trkpt>
<trkpt lat="43.270294" lon="-2.513882"><ele>429.1</ele></trkpt>
<trkpt lat="43.270298" lon="-2.513882"><ele>429.6</ele></trkpt>
<trkpt lat="43.270306" lon="-2.513879"><ele>429.8</ele></trkpt>
<trkpt lat="43.270309" lon="-2.513881"><ele>430.2</ele></trkpt>
<trkpt lat="43.270309" lon="-2.513885"><ele>430.4</ele></trkpt>
<trkpt lat="43.270312" lon="-2.513890"><ele>430.6</ele></trkpt>
<trkpt lat="43.270313" lon="-2.513894"><ele>431.1</ele></trkpt>
<trkpt lat="43.270315" lon="-2.513900"><ele>431.1</ele></trkpt>
<trkpt lat="43.270325" lon="-2.513914"><ele>431.5</ele></trkpt>
<trkpt lat="43.270326" lon="-2.513925"><ele>432.0</ele></trkpt>
<trkpt lat="43.270331" lon="-2.513932"><ele>432.4</ele></trkpt>
<trkpt lat="43.270335" lon="-2.513937"><ele>432.8</ele></trkpt>
<trkpt lat="43.270337" lon="-2.513946"><ele>432.8</ele></trkpt>
<trkpt lat="43.270346" lon="-2.513954"><ele>432.8</ele></trkpt>
<trkpt lat="43.270352" lon="-2.513959"><ele>432.8</ele></trkpt>
<trkpt lat="43.270358" lon="-2.513972"><ele>433.1</ele></trkpt>
<trkpt lat="43.270363" lon="-2.513979"><ele>433.5</ele></trkpt>
<trkpt lat="43.270363" lon="-2.513983"><ele>433.5</ele></trkpt>
<trkpt lat="43.270365" lon="-2.513983"><ele>434.0</ele></trkpt>
<trkpt lat="43.270365" lon="-2.513981"><ele>434.1</ele></trkpt>
<trkpt lat="43.270367" lon="-2.513975"><ele>434.2</ele></trkpt>
<trkpt lat="43.270373" lon="-2.513979"><ele>434.5</ele></trkpt>
<trkpt lat="43.270379" lon="-2.513981"><ele>434.7</ele></trkpt>
<trkpt lat="43.270383" lon="-2.513980"><ele>434.6</ele></trkpt>
<trkpt lat="43.270392" lon="-2.513979"><ele>434.6</ele></trkpt>
<trkpt lat="43.270393" lon="-2.513975"><ele>435.4</ele></trkpt>
<trkpt lat="43.270400" lon="-2.513969"><ele>435.7</ele></trkpt>
<trkpt lat="43.270404" lon="-2.513963"><ele>435.9</ele></trkpt>
<trkpt lat="43.270411" lon="-2.513958"><ele>436.8</ele></trkpt>
<trkpt lat="43.270416" lon="-2.513954"><ele>437.0</ele></trkpt>
<trkpt lat="43.270416" lon="-2.513952"><ele>437.1</ele></trkpt>
<trkpt lat="43.270422" lon="-2.513947"><ele>437.1</ele></trkpt>
<trkpt lat="43.270422" lon="-2.513947"><ele>437.6</ele></trkpt>
<trkpt lat="43.270430" lon="-2.513940"><ele>438.3</ele></trkpt>
<trkpt lat="43.270438" lon="-2.513934"><ele>438.2</ele></trkpt>
<trkpt lat="43.270443" lon="-2.513931"><ele>438.5</ele></trkpt>
<trkpt lat="43.270444" lon="-2.513934"><ele>438.7</ele></trkpt>
<trkpt lat="43.270452" lon="-2.513928"><ele>438.8</ele></trkpt>
<trkpt lat="43.270457" lon="-2.513916"><ele>439.0</ele></trkpt>
<trkpt lat="43.270457" lon="-2.513916"><ele>439.2</ele></trkpt>
<trkpt lat="43.270468" lon="-2.513898"><ele>439.4</ele></trkpt>
<trkpt lat="43.270472" lon="-2.513893"><ele>439.6</ele></trkpt>
<trkpt lat="43.270479" lon="-2.513886"><ele>439.7</ele></trkpt>
<trkpt lat="43.270482" lon="-2.513892"><ele>439.6</ele></trkpt>
<trkpt lat="43.270479" lon="-2.513896"><ele>439.6</ele></trkpt>
<trkpt lat="43.270480" lon="-2.513898"><ele>439.8</ele></trkpt>
<trkpt lat="43.270488" lon="-2.513888"><ele>439.9</ele></trkpt>
<trkpt lat="43.270490" lon="-2.513868"><ele>440.1</ele></trkpt>
<trkpt lat="43.270490" lon="-2.513868"><ele>440.2</ele></trkpt>
<trkpt lat="43.270487" lon="-2.513838"><ele>440.3</ele></trkpt>
<trkpt lat="43.270484" lon="-2.513823"><ele>440.2</ele></trkpt>
<trkpt lat="43.270484" lon="-2.513823"><ele>440.2</ele></trkpt>
<trkpt lat="43.270479" lon="-2.513794"><ele>440.1</ele></trkpt>
<trkpt lat="43.270478" lon="-2.513777"><ele>439.7</ele></trkpt>
<trkpt lat="43.270478" lon="-2.513777"><ele>439.5</ele></trkpt>
<trkpt lat="43.270468" lon="-2.513748"><ele>439.3</ele></trkpt>
<trkpt lat="43.270462" lon="-2.513744"><ele>439.1</ele></trkpt>
<trkpt lat="43.270462" lon="-2.513744"><ele>438.7</ele></trkpt>
<trkpt lat="43.270462" lon="-2.513744"><ele>438.3</ele></trkpt>
<trkpt lat="43.270462" lon="-2.513736"><ele>438.3</ele></trkpt>
<trkpt lat="43.270464" lon="-2.513734"><ele>438.2</ele></trkpt>
<trkpt lat="43.270464" lon="-2.513734"><ele>438.3</ele></trkpt>
<trkpt lat="43.270463" lon="-2.513735"><ele>437.7</ele></trkpt>
<trkpt lat="43.270464" lon="-2.513736"><ele>437.6</ele></trkpt>
<trkpt lat="43.270464" lon="-2.513736"><ele>437.4</ele></trkpt>
<trkpt lat="43.270464" lon="-2.513736"><ele>437.2</ele></trkpt>
<trkpt lat="43.270464" lon="-2.513736"><ele>437.0</ele></trkpt>
<trkpt lat="43.270464" lon="-2.513736"><ele>437.1</ele></trkpt>
<trkpt lat="43.270465" lon="-2.513737"><ele>437.1</ele></trkpt>
<trkpt lat="43.270465" lon="-2.513737"><ele>437.1</ele></trkpt>
<trkpt lat="43.270465" lon="-2.513737"><ele>437.1</ele></trkpt>
<trkpt lat="43.270465" lon="-2.513737"><ele>437.3</ele></trkpt>
<trkpt lat="43.270465" lon="-2.513737"><ele>437.5</ele></trkpt>
<trkpt lat="43.270465" lon="-2.513738"><ele>437.6</ele></trkpt>
<trkpt lat="43.270462" lon="-2.513744"><ele>437.8</ele></trkpt>
<trkpt lat="43.270462" lon="-2.513744"><ele>438.1</ele></trkpt>
<trkpt lat="43.270477" lon="-2.513733"><ele>438.0</ele></trkpt>
<trkpt lat="43.270482" lon="-2.513727"><ele>438.0</ele></trkpt>
<trkpt lat="43.270484" lon="-2.513724"><ele>438.0</ele></trkpt>
<trkpt lat="43.270483" lon="-2.513723"><ele>437.8</ele></trkpt>
<trkpt lat="43.270484" lon="-2.513718"><ele>437.7</ele></trkpt>
<trkpt lat="43.270479" lon="-2.513729"><ele>437.6</ele></trkpt>
<trkpt lat="43.270474" lon="-2.513728"><ele>437.5</ele></trkpt>
<trkpt lat="43.270473" lon="-2.513735"><ele>437.5</ele></trkpt>
<trkpt lat="43.270475" lon="-2.513744"><ele>437.5</ele></trkpt>
<trkpt lat="43.270477" lon="-2.513747"><ele>437.5</ele></trkpt>
<trkpt lat="43.270478" lon="-2.513745"><ele>437.4</ele></trkpt>
<trkpt lat="43.270474" lon="-2.513746"><ele>437.7</ele></trkpt>
<trkpt lat="43.270473" lon="-2.513747"><ele>437.7</ele></trkpt>
<trkpt lat="43.270473" lon="-2.513747"><ele>437.6</ele></trkpt>
<trkpt lat="43.270473" lon="-2.513747"><ele>437.6</ele></trkpt>
<trkpt lat="43.270473" lon="-2.513748"><ele>437.6</ele></trkpt>
<trkpt lat="43.270473" lon="-2.513748"><ele>437.7</ele></trkpt>
<trkpt lat="43.270468" lon="-2.513760"><ele>437.8</ele></trkpt>
<trkpt lat="43.270466" lon="-2.513773"><ele>437.8</ele></trkpt>
<trkpt lat="43.270464" lon="-2.513786"><ele>437.8</ele></trkpt>
<trkpt lat="43.270468" lon="-2.513793"><ele>438.1</ele></trkpt>
<trkpt lat="43.270470" lon="-2.513804"><ele>438.1</ele></trkpt>
<trkpt lat="43.270471" lon="-2.513813"><ele>438.2</ele></trkpt>
<trkpt lat="43.270473" lon="-2.513823"><ele>438.8</ele></trkpt>
<trkpt lat="43.270477" lon="-2.513832"><ele>438.8</ele></trkpt>
<trkpt lat="43.270481" lon="-2.513842"><ele>439.0</ele></trkpt>
<trkpt lat="43.270479" lon="-2.513851"><ele>439.4</ele></trkpt>
<trkpt lat="43.270481" lon="-2.513864"><ele>439.4</ele></trkpt>
<trkpt lat="43.270483" lon="-2.513878"><ele>439.6</ele></trkpt>
<trkpt lat="43.270486" lon="-2.513883"><ele>439.9</ele></trkpt>
<trkpt lat="43.270489" lon="-2.513897"><ele>439.8</ele></trkpt>
<trkpt lat="43.270491" lon="-2.513909"><ele>440.0</ele></trkpt>
<trkpt lat="43.270497" lon="-2.513917"><ele>440.3</ele></trkpt>
<trkpt lat="43.270508" lon="-2.513919"><ele>440.8</ele></trkpt>
<trkpt lat="43.270515" lon="-2.513918"><ele>441.1</ele></trkpt>
<trkpt lat="43.270523" lon="-2.513913"><ele>441.6</ele></trkpt>
<trkpt lat="43.270531" lon="-2.513906"><ele>441.9</ele></trkpt>
<trkpt lat="43.270539" lon="-2.513900"><ele>441.9</ele></trkpt>
<trkpt lat="43.270546" lon="-2.513896"><ele>442.2</ele></trkpt>
<trkpt lat="43.270553" lon="-2.513886"><ele>442.4</ele></trkpt>
<trkpt lat="43.270560" lon="-2.513885"><ele>442.8</ele></trkpt>
<trkpt lat="43.270569" lon="-2.513880"><ele>442.8</ele></trkpt>
<trkpt lat="43.270575" lon="-2.513882"><ele>443.1</ele></trkpt>
<trkpt lat="43.270585" lon="-2.513879"><ele>443.1</ele></trkpt>
<trkpt lat="43.270591" lon="-2.513879"><ele>443.0</ele></trkpt>
<trkpt lat="43.270597" lon="-2.513881"><ele>443.1</ele></trkpt>
<trkpt lat="43.270599" lon="-2.513882"><ele>443.3</ele></trkpt>
<trkpt lat="43.270603" lon="-2.513890"><ele>443.2</ele></trkpt>
<trkpt lat="43.270604" lon="-2.513895"><ele>443.4</ele></trkpt>
<trkpt lat="43.270608" lon="-2.513909"><ele>444.0</ele></trkpt>
<trkpt lat="43.270612" lon="-2.513916"><ele>444.7</ele></trkpt>
<trkpt lat="43.270614" lon="-2.513921"><ele>444.9</ele></trkpt>
<trkpt lat="43.270619" lon="-2.513925"><ele>445.4</ele></trkpt>
<trkpt lat="43.270624" lon="-2.513932"><ele>445.6</ele></trkpt>
<trkpt lat="43.270626" lon="-2.513938"><ele>445.7</ele></trkpt>
<trkpt lat="43.270628" lon="-2.513941"><ele>445.8</ele></trkpt>
<trkpt lat="43.270628" lon="-2.513947"><ele>446.1</ele></trkpt>
<trkpt lat="43.270629" lon="-2.513957"><ele>446.2</ele></trkpt>
<trkpt lat="43.270631" lon="-2.513961"><ele>446.5</ele></trkpt>
<trkpt lat="43.270628" lon="-2.513966"><ele>446.7</ele></trkpt>
<trkpt lat="43.270625" lon="-2.513971"><ele>446.8</ele></trkpt>
<trkpt lat="43.270625" lon="-2.513993"><ele>447.5</ele></trkpt>
<trkpt lat="43.270628" lon="-2.514010"><ele>447.5</ele></trkpt>
<trkpt lat="43.270632" lon="-2.514023"><ele>447.6</ele></trkpt>
<trkpt lat="43.270632" lon="-2.514035"><ele>447.7</ele></trkpt>
<trkpt lat="43.270637" lon="-2.514049"><ele>448.2</ele></trkpt>
<trkpt lat="43.270644" lon="-2.514057"><ele>448.6</ele></trkpt>
<trkpt lat="43.270652" lon="-2.514059"><ele>448.9</ele></trkpt>
<trkpt lat="43.270661" lon="-2.514061"><ele>449.0</ele></trkpt>
<trkpt lat="43.270667" lon="-2.514067"><ele>449.2</ele></trkpt>
<trkpt lat="43.270673" lon="-2.514069"><ele>449.5</ele></trkpt>
<trkpt lat="43.270682" lon="-2.514069"><ele>449.7</ele></trkpt>
<trkpt lat="43.270694" lon="-2.514068"><ele>450.1</ele></trkpt>
<trkpt lat="43.270700" lon="-2.514073"><ele>450.7</ele></trkpt>
<trkpt lat="43.270712" lon="-2.514080"><ele>450.9</ele></trkpt>
<trkpt lat="43.270723" lon="-2.514088"><ele>451.0</ele></trkpt>
<trkpt lat="43.270734" lon="-2.514100"><ele>451.0</ele></trkpt>
<trkpt lat="43.270743" lon="-2.514112"><ele>451.1</ele></trkpt>
<trkpt lat="43.270750" lon="-2.514128"><ele>451.2</ele></trkpt>
<trkpt lat="43.270756" lon="-2.514144"><ele>451.6</ele></trkpt>
<trkpt lat="43.270759" lon="-2.514163"><ele>452.2</ele></trkpt>
<trkpt lat="43.270762" lon="-2.514182"><ele>452.4</ele></trkpt>
<trkpt lat="43.270767" lon="-2.514203"><ele>452.5</ele></trkpt>
<trkpt lat="43.270773" lon="-2.514217"><ele>452.7</ele></trkpt>
<trkpt lat="43.270776" lon="-2.514227"><ele>452.6</ele></trkpt>
<trkpt lat="43.270780" lon="-2.514237"><ele>453.1</ele></trkpt>
<trkpt lat="43.270795" lon="-2.514247"><ele>453.2</ele></trkpt>
<trkpt lat="43.270805" lon="-2.514251"><ele>453.3</ele></trkpt>
<trkpt lat="43.270812" lon="-2.514253"><ele>453.4</ele></trkpt>
<trkpt lat="43.270816" lon="-2.514256"><ele>453.4</ele></trkpt>
<trkpt lat="43.270825" lon="-2.514264"><ele>453.8</ele></trkpt>
<trkpt lat="43.270831" lon="-2.514270"><ele>454.0</ele></trkpt>
<trkpt lat="43.270836" lon="-2.514275"><ele>454.2</ele></trkpt>
<trkpt lat="43.270841" lon="-2.514282"><ele>454.3</ele></trkpt>
<trkpt lat="43.270845" lon="-2.514284"><ele>454.7</ele></trkpt>
<trkpt lat="43.270851" lon="-2.514297"><ele>454.9</ele></trkpt>
<trkpt lat="43.270857" lon="-2.514305"><ele>455.2</ele></trkpt>
<trkpt lat="43.270871" lon="-2.514310"><ele>455.5</ele></trkpt>
<trkpt lat="43.270876" lon="-2.514308"><ele>455.6</ele></trkpt>
<trkpt lat="43.270882" lon="-2.514308"><ele>455.8</ele></trkpt>
<trkpt lat="43.270889" lon="-2.514312"><ele>455.9</ele></trkpt>
<trkpt lat="43.270896" lon="-2.514322"><ele>456.1</ele></trkpt>
<trkpt lat="43.270904" lon="-2.514332"><ele>456.0</ele></trkpt>
<trkpt lat="43.270909" lon="-2.514342"><ele>456.1</ele></trkpt>
<trkpt lat="43.270914" lon="-2.514352"><ele>456.2</ele></trkpt>
<trkpt lat="43.270919" lon="-2.514362"><ele>456.4</ele></trkpt>
<trkpt lat="43.270922" lon="-2.514374"><ele>456.7</ele></trkpt>
<trkpt lat="43.270923" lon="-2.514389"><ele>456.6</ele></trkpt>
<trkpt lat="43.270926" lon="-2.514417"><ele>456.9</ele></trkpt>
<trkpt lat="43.270929" lon="-2.514435"><ele>457.1</ele></trkpt>
<trkpt lat="43.270931" lon="-2.514455"><ele>457.5</ele></trkpt>
<trkpt lat="43.270934" lon="-2.514468"><ele>457.5</ele></trkpt>
<trkpt lat="43.270935" lon="-2.514486"><ele>457.7</ele></trkpt>
<trkpt lat="43.270939" lon="-2.514500"><ele>457.7</ele></trkpt>
<trkpt lat="43.270936" lon="-2.514511"><ele>457.7</ele></trkpt>
<trkpt lat="43.270935" lon="-2.514523"><ele>457.6</ele></trkpt>
<trkpt lat="43.270932" lon="-2.514541"><ele>457.5</ele></trkpt>
<trkpt lat="43.270932" lon="-2.514560"><ele>457.2</ele></trkpt>
<trkpt lat="43.270934" lon="-2.514573"><ele>457.2</ele></trkpt>
<trkpt lat="43.270934" lon="-2.514589"><ele>457.3</ele></trkpt>
<trkpt lat="43.270936" lon="-2.514600"><ele>457.3</ele></trkpt>
<trkpt lat="43.270939" lon="-2.514607"><ele>457.3</ele></trkpt>
<trkpt lat="43.270943" lon="-2.514614"><ele>457.4</ele></trkpt>
<trkpt lat="43.270948" lon="-2.514628"><ele>457.5</ele></trkpt>
<trkpt lat="43.270952" lon="-2.514639"><ele>457.5</ele></trkpt>
<trkpt lat="43.270961" lon="-2.514658"><ele>457.4</ele></trkpt>
<trkpt lat="43.270965" lon="-2.514667"><ele>457.6</ele></trkpt>
<trkpt lat="43.270971" lon="-2.514671"><ele>457.7</ele></trkpt>
<trkpt lat="43.270976" lon="-2.514675"><ele>457.8</ele></trkpt>
<trkpt lat="43.270983" lon="-2.514679"><ele>458.7</ele></trkpt>
<trkpt lat="43.270987" lon="-2.514680"><ele>459.2</ele></trkpt>
<trkpt lat="43.270995" lon="-2.514683"><ele>459.6</ele></trkpt>
<trkpt lat="43.271005" lon="-2.514687"><ele>460.3</ele></trkpt>
<trkpt lat="43.271020" lon="-2.514695"><ele>460.7</ele></trkpt>
<trkpt lat="43.271030" lon="-2.514693"><ele>461.0</ele></trkpt>
<trkpt lat="43.271031" lon="-2.514698"><ele>461.1</ele></trkpt>
<trkpt lat="43.271037" lon="-2.514700"><ele>461.2</ele></trkpt>
<trkpt lat="43.271038" lon="-2.514706"><ele>461.4</ele></trkpt>
<trkpt lat="43.271043" lon="-2.514712"><ele>462.0</ele></trkpt>
<trkpt lat="43.271050" lon="-2.514724"><ele>462.3</ele></trkpt>
<trkpt lat="43.271058" lon="-2.514735"><ele>462.2</ele></trkpt>
<trkpt lat="43.271064" lon="-2.514747"><ele>462.4</ele></trkpt>
<trkpt lat="43.271068" lon="-2.514760"><ele>462.4</ele></trkpt>
<trkpt lat="43.271072" lon="-2.514774"><ele>462.6</ele></trkpt>
<trkpt lat="43.271077" lon="-2.514786"><ele>462.8</ele></trkpt>
<trkpt lat="43.271082" lon="-2.514799"><ele>463.2</ele></trkpt>
<trkpt lat="43.271089" lon="-2.514809"><ele>463.6</ele></trkpt>
<trkpt lat="43.271095" lon="-2.514814"><ele>464.3</ele></trkpt>
<trkpt lat="43.271104" lon="-2.514821"><ele>464.3</ele></trkpt>
<trkpt lat="43.271109" lon="-2.514826"><ele>464.5</ele></trkpt>
<trkpt lat="43.271117" lon="-2.514828"><ele>464.4</ele></trkpt>
<trkpt lat="43.271130" lon="-2.514826"><ele>464.7</ele></trkpt>
<trkpt lat="43.271139" lon="-2.514827"><ele>465.0</ele></trkpt>
<trkpt lat="43.271153" lon="-2.514834"><ele>465.6</ele></trkpt>
<trkpt lat="43.271165" lon="-2.514838"><ele>465.6</ele></trkpt>
<trkpt lat="43.271177" lon="-2.514839"><ele>465.8</ele></trkpt>
<trkpt lat="43.271188" lon="-2.514838"><ele>465.8</ele></trkpt>
<trkpt lat="43.271197" lon="-2.514839"><ele>466.0</ele></trkpt>
<trkpt lat="43.271202" lon="-2.514842"><ele>466.3</ele></trkpt>
<trkpt lat="43.271212" lon="-2.514850"><ele>466.3</ele></trkpt>
<trkpt lat="43.271217" lon="-2.514857"><ele>466.4</ele></trkpt>
<trkpt lat="43.271213" lon="-2.514866"><ele>466.7</ele></trkpt>
<trkpt lat="43.271212" lon="-2.514878"><ele>466.9</ele></trkpt>
<trkpt lat="43.271209" lon="-2.514887"><ele>467.1</ele></trkpt>
<trkpt lat="43.271201" lon="-2.514904"><ele>467.1</ele></trkpt>
<trkpt lat="43.271202" lon="-2.514923"><ele>467.7</ele></trkpt>
<trkpt lat="43.271204" lon="-2.514938"><ele>467.6</ele></trkpt>
<trkpt lat="43.271204" lon="-2.514944"><ele>467.8</ele></trkpt>
<trkpt lat="43.271207" lon="-2.514950"><ele>468.1</ele></trkpt>
<trkpt lat="43.271212" lon="-2.514955"><ele>468.0</ele></trkpt>
<trkpt lat="43.271218" lon="-2.514964"><ele>468.2</ele></trkpt>
<trkpt lat="43.271220" lon="-2.514964"><ele>468.3</ele></trkpt>
<trkpt lat="43.271227" lon="-2.514963"><ele>468.9</ele></trkpt>
<trkpt lat="43.271237" lon="-2.514975"><ele>469.3</ele></trkpt>
<trkpt lat="43.271246" lon="-2.514982"><ele>469.3</ele></trkpt>
<trkpt lat="43.271259" lon="-2.514988"><ele>469.9</ele></trkpt>
<trkpt lat="43.271263" lon="-2.514996"><ele>470.1</ele></trkpt>
<trkpt lat="43.271271" lon="-2.515006"><ele>470.3</ele></trkpt>
<trkpt lat="43.271277" lon="-2.515015"><ele>470.3</ele></trkpt>
<trkpt lat="43.271278" lon="-2.515019"><ele>470.2</ele></trkpt>
<trkpt lat="43.271286" lon="-2.515028"><ele>470.4</ele></trkpt>
<trkpt lat="43.271296" lon="-2.515037"><ele>470.4</ele></trkpt>
<trkpt lat="43.271304" lon="-2.515046"><ele>470.4</ele></trkpt>
<trkpt lat="43.271310" lon="-2.515054"><ele>471.0</ele></trkpt>
<trkpt lat="43.271316" lon="-2.515063"><ele>471.5</ele></trkpt>
<trkpt lat="43.271321" lon="-2.515076"><ele>471.7</ele></trkpt>
<trkpt lat="43.271328" lon="-2.515089"><ele>471.6</ele></trkpt>
<trkpt lat="43.271332" lon="-2.515097"><ele>471.9</ele></trkpt>
<trkpt lat="43.271337" lon="-2.515103"><ele>472.3</ele></trkpt>
<trkpt lat="43.271346" lon="-2.515115"><ele>472.4</ele></trkpt>
<trkpt lat="43.271350" lon="-2.515125"><ele>472.8</ele></trkpt>
<trkpt lat="43.271353" lon="-2.515132"><ele>473.1</ele></trkpt>
<trkpt lat="43.271356" lon="-2.515141"><ele>473.3</ele></trkpt>
<trkpt lat="43.271361" lon="-2.515154"><ele>473.5</ele></trkpt>
<trkpt lat="43.271366" lon="-2.515169"><ele>473.4</ele></trkpt>
<trkpt lat="43.271376" lon="-2.515184"><ele>473.4</ele></trkpt>
<trkpt lat="43.271386" lon="-2.515194"><ele>473.6</ele></trkpt>
<trkpt lat="43.271399" lon="-2.515205"><ele>473.7</ele></trkpt>
<trkpt lat="43.271406" lon="-2.515215"><ele>473.9</ele></trkpt>
<trkpt lat="43.271413" lon="-2.515225"><ele>473.9</ele></trkpt>
<trkpt lat="43.271424" lon="-2.515237"><ele>474.3</ele></trkpt>
<trkpt lat="43.271430" lon="-2.515250"><ele>474.8</ele></trkpt>
<trkpt lat="43.271433" lon="-2.515262"><ele>475.3</ele></trkpt>
<trkpt lat="43.271442" lon="-2.515274"><ele>475.4</ele></trkpt>
<trkpt lat="43.271448" lon="-2.515278"><ele>475.7</ele></trkpt>
<trkpt lat="43.271460" lon="-2.515280"><ele>476.1</ele></trkpt>
<trkpt lat="43.271468" lon="-2.515283"><ele>476.5</ele></trkpt>
<trkpt lat="43.271478" lon="-2.515288"><ele>476.9</ele></trkpt>
<trkpt lat="43.271485" lon="-2.515292"><ele>477.0</ele></trkpt>
<trkpt lat="43.271489" lon="-2.515301"><ele>477.4</ele></trkpt>
<trkpt lat="43.271499" lon="-2.515311"><ele>477.7</ele></trkpt>
<trkpt lat="43.271503" lon="-2.515325"><ele>477.9</ele></trkpt>
<trkpt lat="43.271506" lon="-2.515338"><ele>478.0</ele></trkpt>
<trkpt lat="43.271506" lon="-2.515361"><ele>478.3</ele></trkpt>
<trkpt lat="43.271506" lon="-2.515379"><ele>478.3</ele></trkpt>
<trkpt lat="43.271509" lon="-2.515402"><ele>478.3</ele></trkpt>
<trkpt lat="43.271512" lon="-2.515423"><ele>478.2</ele></trkpt>
<trkpt lat="43.271517" lon="-2.515441"><ele>478.3</ele></trkpt>
<trkpt lat="43.271525" lon="-2.515460"><ele>478.3</ele></trkpt>
<trkpt lat="43.271532" lon="-2.515472"><ele>478.3</ele></trkpt>
<trkpt lat="43.271539" lon="-2.515494"><ele>478.4</ele></trkpt>
<trkpt lat="43.271547" lon="-2.515508"><ele>478.4</ele></trkpt>
<trkpt lat="43.271555" lon="-2.515528"><ele>478.8</ele></trkpt>
<trkpt lat="43.271563" lon="-2.515541"><ele>479.3</ele></trkpt>
<trkpt lat="43.271572" lon="-2.515561"><ele>479.7</ele></trkpt>
<trkpt lat="43.271579" lon="-2.515581"><ele>479.6</ele></trkpt>
<trkpt lat="43.271587" lon="-2.515595"><ele>479.6</ele></trkpt>
<trkpt lat="43.271593" lon="-2.515610"><ele>479.7</ele></trkpt>
<trkpt lat="43.271593" lon="-2.515627"><ele>479.5</ele></trkpt>
<trkpt lat="43.271598" lon="-2.515644"><ele>479.6</ele></trkpt>
<trkpt lat="43.271600" lon="-2.515655"><ele>479.6</ele></trkpt>
<trkpt lat="43.271603" lon="-2.515669"><ele>479.8</ele></trkpt>
<trkpt lat="43.271608" lon="-2.515686"><ele>480.6</ele></trkpt>
<trkpt lat="43.271616" lon="-2.515705"><ele>480.8</ele></trkpt>
<trkpt lat="43.271621" lon="-2.515717"><ele>480.8</ele></trkpt>
<trkpt lat="43.271629" lon="-2.515743"><ele>480.8</ele></trkpt>
<trkpt lat="43.271637" lon="-2.515757"><ele>480.9</ele></trkpt>
<trkpt lat="43.271642" lon="-2.515766"><ele>480.8</ele></trkpt>
<trkpt lat="43.271649" lon="-2.515785"><ele>480.9</ele></trkpt>
<trkpt lat="43.271655" lon="-2.515799"><ele>480.8</ele></trkpt>
<trkpt lat="43.271661" lon="-2.515815"><ele>480.9</ele></trkpt>
<trkpt lat="43.271669" lon="-2.515831"><ele>481.1</ele></trkpt>
<trkpt lat="43.271675" lon="-2.515847"><ele>481.0</ele></trkpt>
<trkpt lat="43.271681" lon="-2.515872"><ele>481.1</ele></trkpt>
<trkpt lat="43.271689" lon="-2.515886"><ele>481.3</ele></trkpt>
<trkpt lat="43.271696" lon="-2.515902"><ele>481.5</ele></trkpt>
<trkpt lat="43.271702" lon="-2.515918"><ele>481.9</ele></trkpt>
<trkpt lat="43.271711" lon="-2.515934"><ele>481.8</ele></trkpt>
<trkpt lat="43.271724" lon="-2.515950"><ele>482.0</ele></trkpt>
<trkpt lat="43.271730" lon="-2.515963"><ele>482.3</ele></trkpt>
<trkpt lat="43.271735" lon="-2.515976"><ele>482.5</ele></trkpt>
<trkpt lat="43.271744" lon="-2.515989"><ele>482.8</ele></trkpt>
<trkpt lat="43.271754" lon="-2.516009"><ele>483.3</ele></trkpt>
<trkpt lat="43.271763" lon="-2.516021"><ele>483.7</ele></trkpt>
<trkpt lat="43.271770" lon="-2.516029"><ele>483.7</ele></trkpt>
<trkpt lat="43.271775" lon="-2.516043"><ele>483.8</ele></trkpt>
<trkpt lat="43.271787" lon="-2.516064"><ele>483.8</ele></trkpt>
<trkpt lat="43.271800" lon="-2.516075"><ele>484.1</ele></trkpt>
<trkpt lat="43.271811" lon="-2.516092"><ele>483.8</ele></trkpt>
<trkpt lat="43.271819" lon="-2.516107"><ele>483.8</ele></trkpt>
<trkpt lat="43.271828" lon="-2.516119"><ele>483.8</ele></trkpt>
<trkpt lat="43.271836" lon="-2.516135"><ele>484.0</ele></trkpt>
<trkpt lat="43.271840" lon="-2.516156"><ele>484.1</ele></trkpt>
<trkpt lat="43.271845" lon="-2.516170"><ele>484.3</ele></trkpt>
<trkpt lat="43.271853" lon="-2.516183"><ele>484.2</ele></trkpt>
<trkpt lat="43.271861" lon="-2.516196"><ele>484.9</ele></trkpt>
<trkpt lat="43.271868" lon="-2.516207"><ele>485.0</ele></trkpt>
<trkpt lat="43.271876" lon="-2.516221"><ele>485.1</ele></trkpt>
<trkpt lat="43.271884" lon="-2.516235"><ele>485.1</ele></trkpt>
<trkpt lat="43.271892" lon="-2.516245"><ele>485.1</ele></trkpt>
<trkpt lat="43.271899" lon="-2.516262"><ele>485.1</ele></trkpt>
<trkpt lat="43.271902" lon="-2.516275"><ele>485.0</ele></trkpt>
<trkpt lat="43.271905" lon="-2.516291"><ele>485.1</ele></trkpt>
<trkpt lat="43.271910" lon="-2.516304"><ele>485.0</ele></trkpt>
<trkpt lat="43.271917" lon="-2.516316"><ele>485.0</ele></trkpt>
<trkpt lat="43.271924" lon="-2.516330"><ele>485.1</ele></trkpt>
<trkpt lat="43.271932" lon="-2.516344"><ele>485.1</ele></trkpt>
<trkpt lat="43.271939" lon="-2.516356"><ele>485.2</ele></trkpt>
<trkpt lat="43.271948" lon="-2.516366"><ele>485.2</ele></trkpt>
<trkpt lat="43.271962" lon="-2.516379"><ele>485.7</ele></trkpt>
<trkpt lat="43.271974" lon="-2.516388"><ele>485.7</ele></trkpt>
<trkpt lat="43.271984" lon="-2.516399"><ele>485.8</ele></trkpt>
<trkpt lat="43.271995" lon="-2.516410"><ele>486.0</ele></trkpt>
<trkpt lat="43.272002" lon="-2.516423"><ele>486.1</ele></trkpt>
<trkpt lat="43.272016" lon="-2.516440"><ele>485.9</ele></trkpt>
<trkpt lat="43.272025" lon="-2.516456"><ele>485.9</ele></trkpt>
<trkpt lat="43.272034" lon="-2.516472"><ele>486.0</ele></trkpt>
<trkpt lat="43.272041" lon="-2.516484"><ele>486.0</ele></trkpt>
<trkpt lat="43.272045" lon="-2.516497"><ele>486.1</ele></trkpt>
<trkpt lat="43.272055" lon="-2.516506"><ele>486.8</ele></trkpt>
<trkpt lat="43.272059" lon="-2.516518"><ele>486.9</ele></trkpt>
<trkpt lat="43.272068" lon="-2.516528"><ele>486.9</ele></trkpt>
<trkpt lat="43.272075" lon="-2.516541"><ele>486.8</ele></trkpt>
<trkpt lat="43.272076" lon="-2.516559"><ele>486.9</ele></trkpt>
<trkpt lat="43.272081" lon="-2.516588"><ele>486.8</ele></trkpt>
<trkpt lat="43.272088" lon="-2.516610"><ele>486.9</ele></trkpt>
<trkpt lat="43.272094" lon="-2.516630"><ele>486.9</ele></trkpt>
<trkpt lat="43.272100" lon="-2.516646"><ele>486.6</ele></trkpt>
<trkpt lat="43.272111" lon="-2.516659"><ele>486.9</ele></trkpt>
<trkpt lat="43.272118" lon="-2.516674"><ele>486.8</ele></trkpt>
<trkpt lat="43.272127" lon="-2.516685"><ele>486.8</ele></trkpt>
<trkpt lat="43.272134" lon="-2.516699"><ele>486.9</ele></trkpt>
<trkpt lat="43.272142" lon="-2.516719"><ele>487.1</ele></trkpt>
<trkpt lat="43.272152" lon="-2.516733"><ele>487.0</ele></trkpt>
<trkpt lat="43.272161" lon="-2.516749"><ele>487.3</ele></trkpt>
<trkpt lat="43.272167" lon="-2.516769"><ele>487.3</ele></trkpt>
<trkpt lat="43.272173" lon="-2.516786"><ele>487.3</ele></trkpt>
<trkpt lat="43.272182" lon="-2.516799"><ele>487.1</ele></trkpt>
<trkpt lat="43.272193" lon="-2.516808"><ele>487.0</ele></trkpt>
<trkpt lat="43.272202" lon="-2.516821"><ele>487.7</ele></trkpt>
<trkpt lat="43.272210" lon="-2.516838"><ele>487.7</ele></trkpt>
<trkpt lat="43.272220" lon="-2.516851"><ele>487.6</ele></trkpt>
<trkpt lat="43.272226" lon="-2.516869"><ele>487.8</ele></trkpt>
<trkpt lat="43.272230" lon="-2.516887"><ele>487.8</ele></trkpt>
<trkpt lat="43.272237" lon="-2.516904"><ele>488.0</ele></trkpt>
<trkpt lat="43.272243" lon="-2.516922"><ele>488.2</ele></trkpt>
<trkpt lat="43.272247" lon="-2.516936"><ele>488.4</ele></trkpt>
<trkpt lat="43.272252" lon="-2.516953"><ele>488.6</ele></trkpt>
<trkpt lat="43.272256" lon="-2.516969"><ele>488.9</ele></trkpt>
<trkpt lat="43.272261" lon="-2.516984"><ele>489.1</ele></trkpt>
<trkpt lat="43.272267" lon="-2.517000"><ele>489.3</ele></trkpt>
<trkpt lat="43.272272" lon="-2.517017"><ele>489.3</ele></trkpt>
<trkpt lat="43.272283" lon="-2.517034"><ele>489.3</ele></trkpt>
<trkpt lat="43.272291" lon="-2.517047"><ele>489.3</ele></trkpt>
<trkpt lat="43.272304" lon="-2.517059"><ele>488.8</ele></trkpt>
<trkpt lat="43.272313" lon="-2.517070"><ele>488.6</ele></trkpt>
<trkpt lat="43.272320" lon="-2.517085"><ele>488.6</ele></trkpt>
<trkpt lat="43.272326" lon="-2.517098"><ele>488.7</ele></trkpt>
<trkpt lat="43.272334" lon="-2.517115"><ele>488.6</ele></trkpt>
<trkpt lat="43.272343" lon="-2.517130"><ele>488.6</ele></trkpt>
<trkpt lat="43.272353" lon="-2.517146"><ele>489.1</ele></trkpt>
<trkpt lat="43.272360" lon="-2.517157"><ele>489.3</ele></trkpt>
<trkpt lat="43.272372" lon="-2.517164"><ele>490.2</ele></trkpt>
<trkpt lat="43.272384" lon="-2.517173"><ele>490.4</ele></trkpt>
<trkpt lat="43.272391" lon="-2.517180"><ele>490.4</ele></trkpt>
<trkpt lat="43.272399" lon="-2.517195"><ele>490.7</ele></trkpt>
<trkpt lat="43.272405" lon="-2.517212"><ele>490.8</ele></trkpt>
<trkpt lat="43.272413" lon="-2.517230"><ele>490.8</ele></trkpt>
<trkpt lat="43.272412" lon="-2.517246"><ele>490.8</ele></trkpt>
<trkpt lat="43.272416" lon="-2.517262"><ele>490.8</ele></trkpt>
<trkpt lat="43.272424" lon="-2.517280"><ele>490.8</ele></trkpt>
<trkpt lat="43.272430" lon="-2.517301"><ele>491.0</ele></trkpt>
<trkpt lat="43.272439" lon="-2.517319"><ele>491.0</ele></trkpt>
<trkpt lat="43.272445" lon="-2.517338"><ele>491.0</ele></trkpt>
<trkpt lat="43.272452" lon="-2.517352"><ele>491.9</ele></trkpt>
<trkpt lat="43.272458" lon="-2.517367"><ele>491.9</ele></trkpt>
<trkpt lat="43.272462" lon="-2.517393"><ele>492.1</ele></trkpt>
<trkpt lat="43.272466" lon="-2.517412"><ele>492.0</ele></trkpt>
<trkpt lat="43.272472" lon="-2.517430"><ele>492.3</ele></trkpt>
<trkpt lat="43.272481" lon="-2.517442"><ele>492.2</ele></trkpt>
<trkpt lat="43.272490" lon="-2.517459"><ele>492.2</ele></trkpt>
<trkpt lat="43.272500" lon="-2.517473"><ele>492.6</ele></trkpt>
<trkpt lat="43.272509" lon="-2.517486"><ele>492.8</ele></trkpt>
<trkpt lat="43.272514" lon="-2.517498"><ele>492.8</ele></trkpt>
<trkpt lat="43.272519" lon="-2.517520"><ele>493.2</ele></trkpt>
<trkpt lat="43.272526" lon="-2.517531"><ele>493.3</ele></trkpt>
<trkpt lat="43.272532" lon="-2.517549"><ele>493.5</ele></trkpt>
<trkpt lat="43.272535" lon="-2.517568"><ele>493.9</ele></trkpt>
<trkpt lat="43.272539" lon="-2.517584"><ele>494.0</ele></trkpt>
<trkpt lat="43.272544" lon="-2.517599"><ele>494.3</ele></trkpt>
<trkpt lat="43.272555" lon="-2.517612"><ele>494.4</ele></trkpt>
<trkpt lat="43.272564" lon="-2.517626"><ele>494.7</ele></trkpt>
<trkpt lat="43.272570" lon="-2.517642"><ele>494.8</ele></trkpt>
<trkpt lat="43.272577" lon="-2.517658"><ele>495.1</ele></trkpt>
<trkpt lat="43.272585" lon="-2.517673"><ele>495.2</ele></trkpt>
<trkpt lat="43.272591" lon="-2.517687"><ele>495.2</ele></trkpt>
<trkpt lat="43.272595" lon="-2.517699"><ele>495.4</ele></trkpt>
<trkpt lat="43.272601" lon="-2.517717"><ele>495.7</ele></trkpt>
<trkpt lat="43.272608" lon="-2.517734"><ele>495.7</ele></trkpt>
<trkpt lat="43.272612" lon="-2.517751"><ele>496.0</ele></trkpt>
<trkpt lat="43.272614" lon="-2.517767"><ele>496.3</ele></trkpt>
<trkpt lat="43.272617" lon="-2.517781"><ele>496.5</ele></trkpt>
<trkpt lat="43.272620" lon="-2.517797"><ele>496.4</ele></trkpt>
<trkpt lat="43.272624" lon="-2.517812"><ele>496.4</ele></trkpt>
<trkpt lat="43.272627" lon="-2.517825"><ele>496.3</ele></trkpt>
<trkpt lat="43.272633" lon="-2.517838"><ele>496.2</ele></trkpt>
<trkpt lat="43.272636" lon="-2.517853"><ele>496.5</ele></trkpt>
<trkpt lat="43.272642" lon="-2.517871"><ele>496.4</ele></trkpt>
<trkpt lat="43.272646" lon="-2.517886"><ele>496.6</ele></trkpt>
<trkpt lat="43.272653" lon="-2.517899"><ele>496.6</ele></trkpt>
<trkpt lat="43.272657" lon="-2.517914"><ele>496.9</ele></trkpt>
<trkpt lat="43.272668" lon="-2.517923"><ele>496.9</ele></trkpt>
<trkpt lat="43.272673" lon="-2.517937"><ele>497.1</ele></trkpt>
<trkpt lat="43.272679" lon="-2.517949"><ele>497.1</ele></trkpt>
<trkpt lat="43.272684" lon="-2.517962"><ele>497.0</ele></trkpt>
<trkpt lat="43.272693" lon="-2.517974"><ele>497.3</ele></trkpt>
<trkpt lat="43.272700" lon="-2.517987"><ele>497.2</ele></trkpt>
<trkpt lat="43.272704" lon="-2.517998"><ele>497.3</ele></trkpt>
<trkpt lat="43.272709" lon="-2.518010"><ele>497.5</ele></trkpt>
<trkpt lat="43.272715" lon="-2.518025"><ele>497.4</ele></trkpt>
<trkpt lat="43.272726" lon="-2.518036"><ele>497.8</ele></trkpt>
<trkpt lat="43.272734" lon="-2.518048"><ele>498.2</ele></trkpt>
<trkpt lat="43.272741" lon="-2.518065"><ele>498.3</ele></trkpt>
<trkpt lat="43.272749" lon="-2.518081"><ele>498.3</ele></trkpt>
<trkpt lat="43.272759" lon="-2.518090"><ele>498.5</ele></trkpt>
<trkpt lat="43.272768" lon="-2.518103"><ele>498.5</ele></trkpt>
<trkpt lat="43.272775" lon="-2.518116"><ele>498.7</ele></trkpt>
<trkpt lat="43.272783" lon="-2.518126"><ele>498.7</ele></trkpt>
<trkpt lat="43.272789" lon="-2.518138"><ele>498.9</ele></trkpt>
<trkpt lat="43.272794" lon="-2.518151"><ele>498.9</ele></trkpt>
<trkpt lat="43.272797" lon="-2.518162"><ele>499.1</ele></trkpt>
<trkpt lat="43.272797" lon="-2.518176"><ele>499.4</ele></trkpt>
<trkpt lat="43.272799" lon="-2.518188"><ele>500.1</ele></trkpt>
<trkpt lat="43.272803" lon="-2.518200"><ele>500.4</ele></trkpt>
<trkpt lat="43.272807" lon="-2.518216"><ele>500.4</ele></trkpt>
<trkpt lat="43.272810" lon="-2.518229"><ele>500.5</ele></trkpt>
<trkpt lat="43.272816" lon="-2.518241"><ele>500.5</ele></trkpt>
<trkpt lat="43.272820" lon="-2.518253"><ele>500.7</ele></trkpt>
<trkpt lat="43.272827" lon="-2.518264"><ele>500.8</ele></trkpt>
<trkpt lat="43.272836" lon="-2.518276"><ele>501.1</ele></trkpt>
<trkpt lat="43.272844" lon="-2.518290"><ele>501.5</ele></trkpt>
<trkpt lat="43.272851" lon="-2.518304"><ele>501.8</ele></trkpt>
<trkpt lat="43.272856" lon="-2.518315"><ele>501.8</ele></trkpt>
<trkpt lat="43.272857" lon="-2.518328"><ele>502.1</ele></trkpt>
<trkpt lat="43.272863" lon="-2.518341"><ele>502.2</ele></trkpt>
<trkpt lat="43.272863" lon="-2.518341"><ele>502.2</ele></trkpt>
<trkpt lat="43.272866" lon="-2.518358"><ele>502.2</ele></trkpt>
<trkpt lat="43.272872" lon="-2.518373"><ele>502.4</ele></trkpt>
<trkpt lat="43.272879" lon="-2.518386"><ele>502.6</ele></trkpt>
<trkpt lat="43.272883" lon="-2.518399"><ele>502.9</ele></trkpt>
<trkpt lat="43.272889" lon="-2.518413"><ele>502.9</ele></trkpt>
<trkpt lat="43.272896" lon="-2.518425"><ele>503.3</ele></trkpt>
<trkpt lat="43.272903" lon="-2.518435"><ele>503.3</ele></trkpt>
<trkpt lat="43.272913" lon="-2.518461"><ele>503.3</ele></trkpt>
<trkpt lat="43.272915" lon="-2.518475"><ele>503.3</ele></trkpt>
<trkpt lat="43.272922" lon="-2.518489"><ele>503.3</ele></trkpt>
<trkpt lat="43.272928" lon="-2.518499"><ele>503.4</ele></trkpt>
<trkpt lat="43.272930" lon="-2.518512"><ele>503.5</ele></trkpt>
<trkpt lat="43.272933" lon="-2.518526"><ele>503.6</ele></trkpt>
<trkpt lat="43.272938" lon="-2.518541"><ele>503.6</ele></trkpt>
<trkpt lat="43.272944" lon="-2.518553"><ele>503.6</ele></trkpt>
<trkpt lat="43.272947" lon="-2.518567"><ele>503.6</ele></trkpt>
<trkpt lat="43.272951" lon="-2.518579"><ele>503.6</ele></trkpt>
<trkpt lat="43.272954" lon="-2.518590"><ele>503.5</ele></trkpt>
<trkpt lat="43.272960" lon="-2.518606"><ele>503.3</ele></trkpt>
<trkpt lat="43.272965" lon="-2.518620"><ele>503.2</ele></trkpt>
<trkpt lat="43.272973" lon="-2.518631"><ele>503.2</ele></trkpt>
<trkpt lat="43.272979" lon="-2.518645"><ele>503.3</ele></trkpt>
<trkpt lat="43.272986" lon="-2.518659"><ele>503.2</ele></trkpt>
<trkpt lat="43.272991" lon="-2.518675"><ele>503.8</ele></trkpt>
<trkpt lat="43.272996" lon="-2.518690"><ele>504.4</ele></trkpt>
<trkpt lat="43.273001" lon="-2.518707"><ele>504.9</ele></trkpt>
<trkpt lat="43.273007" lon="-2.518723"><ele>505.0</ele></trkpt>
<trkpt lat="43.273014" lon="-2.518738"><ele>505.2</ele></trkpt>
<trkpt lat="43.273021" lon="-2.518754"><ele>505.3</ele></trkpt>
<trkpt lat="43.273027" lon="-2.518769"><ele>505.5</ele></trkpt>
<trkpt lat="43.273033" lon="-2.518786"><ele>505.4</ele></trkpt>
<trkpt lat="43.273036" lon="-2.518800"><ele>505.5</ele></trkpt>
<trkpt lat="43.273041" lon="-2.518816"><ele>505.4</ele></trkpt>
<trkpt lat="43.273045" lon="-2.518835"><ele>505.5</ele></trkpt>
<trkpt lat="43.273054" lon="-2.518882"><ele>505.5</ele></trkpt>
<trkpt lat="43.273059" lon="-2.518899"><ele>505.7</ele></trkpt>
<trkpt lat="43.273066" lon="-2.518922"><ele>505.9</ele></trkpt>
<trkpt lat="43.273070" lon="-2.518937"><ele>506.1</ele></trkpt>
<trkpt lat="43.273076" lon="-2.518947"><ele>506.7</ele></trkpt>
<trkpt lat="43.273082" lon="-2.518959"><ele>506.6</ele></trkpt>
<trkpt lat="43.273088" lon="-2.518969"><ele>506.8</ele></trkpt>
<trkpt lat="43.273093" lon="-2.518983"><ele>506.8</ele></trkpt>
<trkpt lat="43.273098" lon="-2.518996"><ele>507.1</ele></trkpt>
<trkpt lat="43.273104" lon="-2.519007"><ele>507.2</ele></trkpt>
<trkpt lat="43.273110" lon="-2.519021"><ele>507.4</ele></trkpt>
<trkpt lat="43.273117" lon="-2.519033"><ele>507.4</ele></trkpt>
<trkpt lat="43.273125" lon="-2.519046"><ele>507.4</ele></trkpt>
<trkpt lat="43.273132" lon="-2.519060"><ele>507.4</ele></trkpt>
<trkpt lat="43.273137" lon="-2.519079"><ele>507.6</ele></trkpt>
<trkpt lat="43.273144" lon="-2.519096"><ele>507.6</ele></trkpt>
<trkpt lat="43.273150" lon="-2.519106"><ele>507.7</ele></trkpt>
<trkpt lat="43.273159" lon="-2.519123"><ele>508.1</ele></trkpt>
<trkpt lat="43.273169" lon="-2.519136"><ele>508.4</ele></trkpt>
<trkpt lat="43.273179" lon="-2.519152"><ele>508.6</ele></trkpt>
<trkpt lat="43.273185" lon="-2.519166"><ele>508.7</ele></trkpt>
<trkpt lat="43.273191" lon="-2.519178"><ele>508.9</ele></trkpt>
<trkpt lat="43.273198" lon="-2.519190"><ele>509.0</ele></trkpt>
<trkpt lat="43.273206" lon="-2.519205"><ele>509.5</ele></trkpt>
<trkpt lat="43.273216" lon="-2.519217"><ele>510.1</ele></trkpt>
<trkpt lat="43.273224" lon="-2.519227"><ele>510.0</ele></trkpt>
<trkpt lat="43.273228" lon="-2.519237"><ele>510.4</ele></trkpt>
<trkpt lat="43.273237" lon="-2.519248"><ele>510.9</ele></trkpt>
<trkpt lat="43.273249" lon="-2.519258"><ele>511.3</ele></trkpt>
<trkpt lat="43.273260" lon="-2.519264"><ele>511.5</ele></trkpt>
<trkpt lat="43.273274" lon="-2.519269"><ele>511.6</ele></trkpt>
<trkpt lat="43.273286" lon="-2.519274"><ele>511.8</ele></trkpt>
<trkpt lat="43.273300" lon="-2.519281"><ele>511.8</ele></trkpt>
<trkpt lat="43.273315" lon="-2.519285"><ele>512.1</ele></trkpt>
<trkpt lat="43.273332" lon="-2.519285"><ele>512.2</ele></trkpt>
<trkpt lat="43.273345" lon="-2.519290"><ele>512.2</ele></trkpt>
<trkpt lat="43.273357" lon="-2.519296"><ele>512.8</ele></trkpt>
<trkpt lat="43.273375" lon="-2.519295"><ele>512.8</ele></trkpt>
<trkpt lat="43.273394" lon="-2.519295"><ele>512.9</ele></trkpt>
<trkpt lat="43.273409" lon="-2.519291"><ele>512.9</ele></trkpt>
<trkpt lat="43.273423" lon="-2.519291"><ele>512.8</ele></trkpt>
<trkpt lat="43.273436" lon="-2.519290"><ele>512.8</ele></trkpt>
<trkpt lat="43.273449" lon="-2.519285"><ele>513.0</ele></trkpt>
<trkpt lat="43.273461" lon="-2.519281"><ele>513.1</ele></trkpt>
<trkpt lat="43.273474" lon="-2.519282"><ele>513.0</ele></trkpt>
<trkpt lat="43.273490" lon="-2.519267"><ele>513.4</ele></trkpt>
<trkpt lat="43.273503" lon="-2.519262"><ele>513.9</ele></trkpt>
<trkpt lat="43.273517" lon="-2.519261"><ele>514.5</ele></trkpt>
<trkpt lat="43.273527" lon="-2.519248"><ele>514.6</ele></trkpt>
<trkpt lat="43.273537" lon="-2.519241"><ele>514.7</ele></trkpt>
<trkpt lat="43.273541" lon="-2.519231"><ele>514.9</ele></trkpt>
<trkpt lat="43.273548" lon="-2.519225"><ele>515.1</ele></trkpt>
<trkpt lat="43.273552" lon="-2.519216"><ele>515.0</ele></trkpt>
<trkpt lat="43.273554" lon="-2.519211"><ele>515.2</ele></trkpt>
<trkpt lat="43.273556" lon="-2.519206"><ele>515.5</ele></trkpt>
<trkpt lat="43.273559" lon="-2.519202"><ele>515.5</ele></trkpt>
<trkpt lat="43.273562" lon="-2.519198"><ele>515.6</ele></trkpt>
<trkpt lat="43.273563" lon="-2.519194"><ele>515.6</ele></trkpt>
<trkpt lat="43.273567" lon="-2.519188"><ele>515.8</ele></trkpt>
<trkpt lat="43.273575" lon="-2.519184"><ele>516.0</ele></trkpt>
<trkpt lat="43.273593" lon="-2.519163"><ele>516.0</ele></trkpt>
<trkpt lat="43.273613" lon="-2.519142"><ele>516.5</ele></trkpt>
<trkpt lat="43.273638" lon="-2.519131"><ele>516.5</ele></trkpt>
<trkpt lat="43.273651" lon="-2.519124"><ele>516.4</ele></trkpt>
<trkpt lat="43.273669" lon="-2.519117"><ele>516.4</ele></trkpt>
<trkpt lat="43.273680" lon="-2.519114"><ele>516.4</ele></trkpt>
<trkpt lat="43.273694" lon="-2.519119"><ele>516.5</ele></trkpt>
<trkpt lat="43.273704" lon="-2.519119"><ele>516.5</ele></trkpt>
<trkpt lat="43.273717" lon="-2.519115"><ele>516.6</ele></trkpt>
<trkpt lat="43.273732" lon="-2.519112"><ele>516.7</ele></trkpt>
<trkpt lat="43.273750" lon="-2.519109"><ele>517.0</ele></trkpt>
<trkpt lat="43.273764" lon="-2.519111"><ele>517.2</ele></trkpt>
<trkpt lat="43.273779" lon="-2.519109"><ele>517.4</ele></trkpt>
<trkpt lat="43.273788" lon="-2.519110"><ele>517.4</ele></trkpt>
<trkpt lat="43.273802" lon="-2.519111"><ele>517.6</ele></trkpt>
<trkpt lat="43.273819" lon="-2.519116"><ele>517.7</ele></trkpt>
<trkpt lat="43.273832" lon="-2.519123"><ele>517.7</ele></trkpt>
<trkpt lat="43.273845" lon="-2.519130"><ele>517.7</ele></trkpt>
<trkpt lat="43.273861" lon="-2.519137"><ele>517.7</ele></trkpt>
<trkpt lat="43.273872" lon="-2.519144"><ele>517.7</ele></trkpt>
<trkpt lat="43.273884" lon="-2.519153"><ele>517.6</ele></trkpt>
<trkpt lat="43.273894" lon="-2.519165"><ele>517.7</ele></trkpt>
<trkpt lat="43.273902" lon="-2.519178"><ele>517.6</ele></trkpt>
<trkpt lat="43.273914" lon="-2.519193"><ele>517.8</ele></trkpt>
<trkpt lat="43.273914" lon="-2.519193"><ele>518.2</ele></trkpt>
<trkpt lat="43.273925" lon="-2.519208"><ele>518.7</ele></trkpt>
<trkpt lat="43.273936" lon="-2.519226"><ele>518.6</ele></trkpt>
<trkpt lat="43.273942" lon="-2.519242"><ele>518.6</ele></trkpt>
<trkpt lat="43.273949" lon="-2.519259"><ele>518.5</ele></trkpt>
<trkpt lat="43.273958" lon="-2.519278"><ele>517.8</ele></trkpt>
<trkpt lat="43.273975" lon="-2.519311"><ele>517.8</ele></trkpt>
<trkpt lat="43.273980" lon="-2.519328"><ele>517.9</ele></trkpt>
<trkpt lat="43.273984" lon="-2.519327"><ele>517.8</ele></trkpt>
<trkpt lat="43.273980" lon="-2.519307"><ele>517.9</ele></trkpt>
<trkpt lat="43.273973" lon="-2.519288"><ele>518.4</ele></trkpt>
<trkpt lat="43.273967" lon="-2.519270"><ele>518.7</ele></trkpt>
<trkpt lat="43.273964" lon="-2.519245"><ele>519.0</ele></trkpt>
<trkpt lat="43.273961" lon="-2.519220"><ele>519.4</ele></trkpt>
<trkpt lat="43.273958" lon="-2.519195"><ele>519.7</ele></trkpt>
<trkpt lat="43.273960" lon="-2.519169"><ele>519.7</ele></trkpt>
<trkpt lat="43.273962" lon="-2.519146"><ele>519.6</ele></trkpt>
<trkpt lat="43.273963" lon="-2.519128"><ele>519.6</ele></trkpt>
<trkpt lat="43.273967" lon="-2.519113"><ele>519.4</ele></trkpt>
<trkpt lat="43.273975" lon="-2.519101"><ele>519.1</ele></trkpt>
<trkpt lat="43.273984" lon="-2.519094"><ele>519.0</ele></trkpt>
<trkpt lat="43.273991" lon="-2.519092"><ele>519.1</ele></trkpt>
<trkpt lat="43.273997" lon="-2.519089"><ele>519.0</ele></trkpt>
<trkpt lat="43.274005" lon="-2.519088"><ele>519.0</ele></trkpt>
<trkpt lat="43.274016" lon="-2.519088"><ele>519.4</ele></trkpt>
<trkpt lat="43.274022" lon="-2.519093"><ele>519.4</ele></trkpt>
<trkpt lat="43.274032" lon="-2.519093"><ele>519.4</ele></trkpt>
<trkpt lat="43.274053" lon="-2.519091"><ele>519.5</ele></trkpt>
<trkpt lat="43.274065" lon="-2.519089"><ele>519.7</ele></trkpt>
<trkpt lat="43.274076" lon="-2.519084"><ele>519.6</ele></trkpt>
<trkpt lat="43.274081" lon="-2.519078"><ele>519.6</ele></trkpt>
<trkpt lat="43.274088" lon="-2.519067"><ele>519.8</ele></trkpt>
<trkpt lat="43.274093" lon="-2.519059"><ele>520.2</ele></trkpt>
<trkpt lat="43.274100" lon="-2.519057"><ele>520.6</ele></trkpt>
<trkpt lat="43.274106" lon="-2.519052"><ele>521.0</ele></trkpt>
<trkpt lat="43.274111" lon="-2.519049"><ele>521.3</ele></trkpt>
<trkpt lat="43.274117" lon="-2.519043"><ele>521.7</ele></trkpt>
<trkpt lat="43.274119" lon="-2.519035"><ele>522.0</ele></trkpt>
<trkpt lat="43.274125" lon="-2.519025"><ele>522.6</ele></trkpt>
<trkpt lat="43.274136" lon="-2.519014"><ele>522.8</ele></trkpt>
<trkpt lat="43.274142" lon="-2.519005"><ele>523.3</ele></trkpt>
<trkpt lat="43.274147" lon="-2.519000"><ele>523.7</ele></trkpt>
<trkpt lat="43.274154" lon="-2.518991"><ele>524.3</ele></trkpt>
<trkpt lat="43.274154" lon="-2.518977"><ele>524.6</ele></trkpt>
<trkpt lat="43.274157" lon="-2.518968"><ele>525.1</ele></trkpt>
<trkpt lat="43.274161" lon="-2.518965"><ele>525.0</ele></trkpt>
<trkpt lat="43.274165" lon="-2.518959"><ele>525.3</ele></trkpt>
<trkpt lat="43.274170" lon="-2.518957"><ele>525.5</ele></trkpt>
<trkpt lat="43.274178" lon="-2.518960"><ele>525.6</ele></trkpt>
<trkpt lat="43.274192" lon="-2.518967"><ele>525.7</ele></trkpt>
<trkpt lat="43.274204" lon="-2.518962"><ele>525.8</ele></trkpt>
<trkpt lat="43.274209" lon="-2.518953"><ele>526.0</ele></trkpt>
<trkpt lat="43.274213" lon="-2.518942"><ele>526.4</ele></trkpt>
<trkpt lat="43.274213" lon="-2.518923"><ele>526.9</ele></trkpt>
<trkpt lat="43.274221" lon="-2.518906"><ele>527.2</ele></trkpt>
<trkpt lat="43.274226" lon="-2.518891"><ele>527.9</ele></trkpt>
<trkpt lat="43.274232" lon="-2.518885"><ele>528.1</ele></trkpt>
<trkpt lat="43.274235" lon="-2.518880"><ele>528.0</ele></trkpt>
<trkpt lat="43.274240" lon="-2.518877"><ele>528.2</ele></trkpt>
<trkpt lat="43.274246" lon="-2.518876"><ele>528.5</ele></trkpt>
<trkpt lat="43.274251" lon="-2.518866"><ele>528.8</ele></trkpt>
<trkpt lat="43.274254" lon="-2.518854"><ele>529.3</ele></trkpt>
<trkpt lat="43.274261" lon="-2.518840"><ele>529.3</ele></trkpt>
<trkpt lat="43.274266" lon="-2.518828"><ele>529.2</ele></trkpt>
<trkpt lat="43.274272" lon="-2.518810"><ele>529.2</ele></trkpt>
<trkpt lat="43.274278" lon="-2.518800"><ele>529.4</ele></trkpt>
<trkpt lat="43.274285" lon="-2.518783"><ele>529.5</ele></trkpt>
<trkpt lat="43.274288" lon="-2.518772"><ele>530.1</ele></trkpt>
<trkpt lat="43.274289" lon="-2.518752"><ele>530.2</ele></trkpt>
<trkpt lat="43.274290" lon="-2.518739"><ele>530.4</ele></trkpt>
<trkpt lat="43.274293" lon="-2.518724"><ele>530.6</ele></trkpt>
<trkpt lat="43.274292" lon="-2.518714"><ele>530.8</ele></trkpt>
<trkpt lat="43.274295" lon="-2.518701"><ele>531.3</ele></trkpt>
<trkpt lat="43.274300" lon="-2.518696"><ele>531.8</ele></trkpt>
<trkpt lat="43.274304" lon="-2.518694"><ele>532.0</ele></trkpt>
<trkpt lat="43.274308" lon="-2.518692"><ele>532.2</ele></trkpt>
<trkpt lat="43.274310" lon="-2.518689"><ele>532.4</ele></trkpt>
<trkpt lat="43.274319" lon="-2.518678"><ele>532.4</ele></trkpt>
<trkpt lat="43.274320" lon="-2.518665"><ele>532.6</ele></trkpt>
<trkpt lat="43.274322" lon="-2.518648"><ele>532.7</ele></trkpt>
<trkpt lat="43.274324" lon="-2.518629"><ele>532.7</ele></trkpt>
<trkpt lat="43.274326" lon="-2.518607"><ele>532.6</ele></trkpt>
<trkpt lat="43.274327" lon="-2.518586"><ele>532.7</ele></trkpt>
<trkpt lat="43.274328" lon="-2.518567"><ele>532.5</ele></trkpt>
<trkpt lat="43.274327" lon="-2.518556"><ele>532.2</ele></trkpt>
<trkpt lat="43.274323" lon="-2.518547"><ele>532.3</ele></trkpt>
<trkpt lat="43.274319" lon="-2.518534"><ele>532.2</ele></trkpt>
<trkpt lat="43.274315" lon="-2.518521"><ele>532.3</ele></trkpt>
<trkpt lat="43.274309" lon="-2.518510"><ele>534.0</ele></trkpt>
<trkpt lat="43.274299" lon="-2.518503"><ele>535.2</ele></trkpt>
<trkpt lat="43.274292" lon="-2.518495"><ele>535.6</ele></trkpt>
<trkpt lat="43.274291" lon="-2.518491"><ele>535.8</ele></trkpt>
<trkpt lat="43.274286" lon="-2.518481"><ele>535.9</ele></trkpt>
<trkpt lat="43.274282" lon="-2.518469"><ele>535.8</ele></trkpt>
<trkpt lat="43.274280" lon="-2.518460"><ele>535.9</ele></trkpt>
<trkpt lat="43.274279" lon="-2.518449"><ele>535.9</ele></trkpt>
<trkpt lat="43.274275" lon="-2.518435"><ele>535.9</ele></trkpt>
<trkpt lat="43.274273" lon="-2.518420"><ele>535.8</ele></trkpt>
<trkpt lat="43.274270" lon="-2.518409"><ele>535.8</ele></trkpt>
<trkpt lat="43.274267" lon="-2.518403"><ele>536.1</ele></trkpt>
<trkpt lat="43.274267" lon="-2.518392"><ele>536.5</ele></trkpt>
<trkpt lat="43.274269" lon="-2.518381"><ele>537.0</ele></trkpt>
<trkpt lat="43.274268" lon="-2.518369"><ele>537.4</ele></trkpt>
<trkpt lat="43.274266" lon="-2.518355"><ele>537.6</ele></trkpt>
<trkpt lat="43.274262" lon="-2.518346"><ele>538.0</ele></trkpt>
<trkpt lat="43.274260" lon="-2.518340"><ele>538.3</ele></trkpt>
<trkpt lat="43.274260" lon="-2.518327"><ele>538.3</ele></trkpt>
<trkpt lat="43.274258" lon="-2.518317"><ele>538.5</ele></trkpt>
<trkpt lat="43.274257" lon="-2.518309"><ele>539.0</ele></trkpt>
<trkpt lat="43.274259" lon="-2.518297"><ele>539.3</ele></trkpt>
<trkpt lat="43.274257" lon="-2.518286"><ele>539.2</ele></trkpt>
<trkpt lat="43.274259" lon="-2.518274"><ele>539.5</ele></trkpt>
<trkpt lat="43.274258" lon="-2.518265"><ele>539.4</ele></trkpt>
<trkpt lat="43.274259" lon="-2.518252"><ele>539.6</ele></trkpt>
<trkpt lat="43.274257" lon="-2.518229"><ele>540.0</ele></trkpt>
<trkpt lat="43.274259" lon="-2.518213"><ele>540.1</ele></trkpt>
<trkpt lat="43.274260" lon="-2.518196"><ele>540.0</ele></trkpt>
<trkpt lat="43.274260" lon="-2.518182"><ele>540.0</ele></trkpt>
<trkpt lat="43.274258" lon="-2.518171"><ele>540.0</ele></trkpt>
<trkpt lat="43.274252" lon="-2.518167"><ele>540.0</ele></trkpt>
<trkpt lat="43.274245" lon="-2.518170"><ele>540.0</ele></trkpt>
<trkpt lat="43.274239" lon="-2.518172"><ele>540.1</ele></trkpt>
<trkpt lat="43.274234" lon="-2.518165"><ele>540.5</ele></trkpt>
<trkpt lat="43.274225" lon="-2.518157"><ele>541.3</ele></trkpt>
<trkpt lat="43.274218" lon="-2.518149"><ele>541.8</ele></trkpt>
<trkpt lat="43.274207" lon="-2.518133"><ele>542.9</ele></trkpt>
<trkpt lat="43.274198" lon="-2.518119"><ele>543.2</ele></trkpt>
<trkpt lat="43.274187" lon="-2.518105"><ele>543.6</ele></trkpt>
<trkpt lat="43.274184" lon="-2.518098"><ele>543.6</ele></trkpt>
<trkpt lat="43.274177" lon="-2.518087"><ele>543.6</ele></trkpt>
<trkpt lat="43.274167" lon="-2.518071"><ele>543.6</ele></trkpt>
<trkpt lat="43.274156" lon="-2.518053"><ele>543.9</ele></trkpt>
<trkpt lat="43.274148" lon="-2.518043"><ele>543.9</ele></trkpt>
<trkpt lat="43.274142" lon="-2.518036"><ele>544.3</ele></trkpt>
<trkpt lat="43.274139" lon="-2.518024"><ele>544.7</ele></trkpt>
<trkpt lat="43.274139" lon="-2.518014"><ele>544.7</ele></trkpt>
<trkpt lat="43.274140" lon="-2.518002"><ele>545.1</ele></trkpt>
<trkpt lat="43.274143" lon="-2.517990"><ele>545.5</ele></trkpt>
<trkpt lat="43.274151" lon="-2.517977"><ele>546.4</ele></trkpt>
<trkpt lat="43.274158" lon="-2.517958"><ele>547.0</ele></trkpt>
<trkpt lat="43.274163" lon="-2.517940"><ele>547.2</ele></trkpt>
<trkpt lat="43.274160" lon="-2.517912"><ele>547.5</ele></trkpt>
<trkpt lat="43.274152" lon="-2.517899"><ele>547.4</ele></trkpt>
<trkpt lat="43.274145" lon="-2.517896"><ele>547.4</ele></trkpt>
<trkpt lat="43.274139" lon="-2.517890"><ele>547.2</ele></trkpt>
<trkpt lat="43.274137" lon="-2.517880"><ele>547.1</ele></trkpt>
<trkpt lat="43.274131" lon="-2.517869"><ele>547.1</ele></trkpt>
<trkpt lat="43.274126" lon="-2.517855"><ele>547.0</ele></trkpt>
<trkpt lat="43.274124" lon="-2.517842"><ele>547.0</ele></trkpt>
<trkpt lat="43.274124" lon="-2.517827"><ele>547.7</ele></trkpt>
<trkpt lat="43.274121" lon="-2.517816"><ele>548.1</ele></trkpt>
<trkpt lat="43.274121" lon="-2.517806"><ele>548.3</ele></trkpt>
<trkpt lat="43.274120" lon="-2.517791"><ele>548.7</ele></trkpt>
<trkpt lat="43.274117" lon="-2.517769"><ele>549.3</ele></trkpt>
<trkpt lat="43.274115" lon="-2.517753"><ele>549.2</ele></trkpt>
<trkpt lat="43.274111" lon="-2.517735"><ele>549.2</ele></trkpt>
<trkpt lat="43.274107" lon="-2.517721"><ele>549.4</ele></trkpt>
<trkpt lat="43.274102" lon="-2.517711"><ele>549.6</ele></trkpt>
<trkpt lat="43.274098" lon="-2.517702"><ele>549.7</ele></trkpt>
<trkpt lat="43.274093" lon="-2.517700"><ele>549.6</ele></trkpt>
<trkpt lat="43.274088" lon="-2.517695"><ele>550.0</ele></trkpt>
<trkpt lat="43.274082" lon="-2.517694"><ele>550.3</ele></trkpt>
<trkpt lat="43.274074" lon="-2.517693"><ele>550.2</ele></trkpt>
<trkpt lat="43.274065" lon="-2.517692"><ele>550.3</ele></trkpt>
<trkpt lat="43.274058" lon="-2.517692"><ele>550.3</ele></trkpt>
<trkpt lat="43.274053" lon="-2.517690"><ele>550.3</ele></trkpt>
<trkpt lat="43.274050" lon="-2.517687"><ele>550.3</ele></trkpt>
<trkpt lat="43.274044" lon="-2.517684"><ele>550.4</ele></trkpt>
<trkpt lat="43.274038" lon="-2.517682"><ele>551.6</ele></trkpt>
<trkpt lat="43.274032" lon="-2.517675"><ele>552.4</ele></trkpt>
<trkpt lat="43.274024" lon="-2.517672"><ele>552.9</ele></trkpt>
<trkpt lat="43.274016" lon="-2.517672"><ele>552.9</ele></trkpt>
<trkpt lat="43.274009" lon="-2.517669"><ele>553.0</ele></trkpt>
<trkpt lat="43.274001" lon="-2.517664"><ele>553.2</ele></trkpt>
<trkpt lat="43.274002" lon="-2.517663"><ele>554.3</ele></trkpt>
<trkpt lat="43.273995" lon="-2.517660"><ele>554.9</ele></trkpt>
<trkpt lat="43.273987" lon="-2.517655"><ele>555.3</ele></trkpt>
<trkpt lat="43.273978" lon="-2.517657"><ele>555.3</ele></trkpt>
<trkpt lat="43.273966" lon="-2.517656"><ele>555.5</ele></trkpt>
<trkpt lat="43.273966" lon="-2.517656"><ele>555.5</ele></trkpt>
<trkpt lat="43.273944" lon="-2.517649"><ele>555.3</ele></trkpt>
<trkpt lat="43.273937" lon="-2.517633"><ele>555.2</ele></trkpt>
<trkpt lat="43.273937" lon="-2.517633"><ele>555.2</ele></trkpt>
<trkpt lat="43.273937" lon="-2.517605"><ele>555.2</ele></trkpt>
<trkpt lat="43.273940" lon="-2.517593"><ele>555.2</ele></trkpt>
<trkpt lat="43.273938" lon="-2.517586"><ele>555.5</ele></trkpt>
<trkpt lat="43.273938" lon="-2.517586"><ele>556.5</ele></trkpt>
<trkpt lat="43.273942" lon="-2.517577"><ele>556.5</ele></trkpt>
<trkpt lat="43.273947" lon="-2.517565"><ele>556.7</ele></trkpt>
<trkpt lat="43.273947" lon="-2.517552"><ele>556.8</ele></trkpt>
<trkpt lat="43.273945" lon="-2.517550"><ele>557.1</ele></trkpt>
<trkpt lat="43.273944" lon="-2.517550"><ele>557.3</ele></trkpt>
<trkpt lat="43.273945" lon="-2.517550"><ele>557.5</ele></trkpt>
<trkpt lat="43.273945" lon="-2.517550"><ele>557.6</ele></trkpt>
<trkpt lat="43.273945" lon="-2.517550"><ele>557.6</ele></trkpt>
<trkpt lat="43.273945" lon="-2.517550"><ele>557.6</ele></trkpt>
<trkpt lat="43.273946" lon="-2.517550"><ele>557.7</ele></trkpt>
<trkpt lat="43.273946" lon="-2.517550"><ele>557.8</ele></trkpt>
<trkpt lat="43.273946" lon="-2.517550"><ele>557.7</ele></trkpt>
<trkpt lat="43.273961" lon="-2.517534"><ele>557.5</ele></trkpt>
<trkpt lat="43.273970" lon="-2.517521"><ele>557.5</ele></trkpt>
<trkpt lat="43.273970" lon="-2.517521"><ele>557.4</ele></trkpt>
<trkpt lat="43.273970" lon="-2.517521"><ele>557.4</ele></trkpt>
<trkpt lat="43.273972" lon="-2.517497"><ele>557.2</ele></trkpt>
<trkpt lat="43.273974" lon="-2.517496"><ele>557.2</ele></trkpt>
<trkpt lat="43.273974" lon="-2.517496"><ele>557.3</ele></trkpt>
<trkpt lat="43.273976" lon="-2.517469"><ele>557.0</ele></trkpt>
<trkpt lat="43.273972" lon="-2.517463"><ele>557.0</ele></trkpt>
<trkpt lat="43.273972" lon="-2.517463"><ele>556.8</ele></trkpt>
<trkpt lat="43.273972" lon="-2.517463"><ele>556.9</ele></trkpt>
<trkpt lat="43.273972" lon="-2.517463"><ele>556.8</ele></trkpt>
<trkpt lat="43.273972" lon="-2.517463"><ele>556.8</ele></trkpt>
<trkpt lat="43.273972" lon="-2.517463"><ele>556.7</ele></trkpt>
<trkpt lat="43.273972" lon="-2.517463"><ele>556.2</ele></trkpt>
<trkpt lat="43.273972" lon="-2.517463"><ele>556.1</ele></trkpt>
<trkpt lat="43.273972" lon="-2.517463"><ele>556.1</ele></trkpt>
<trkpt lat="43.273972" lon="-2.517463"><ele>556.1</ele></trkpt>
<trkpt lat="43.273972" lon="-2.517463"><ele>555.8</ele></trkpt>
<trkpt lat="43.273972" lon="-2.517463"><ele>555.9</ele></trkpt>
<trkpt lat="43.273972" lon="-2.517463"><ele>555.8</ele></trkpt>
<trkpt lat="43.273972" lon="-2.517463"><ele>556.0</ele></trkpt>
<trkpt lat="43.273972" lon="-2.517463"><ele>556.2</ele></trkpt>
<trkpt lat="43.273972" lon="-2.517463"><ele>556.2</ele></trkpt>
<trkpt lat="43.273972" lon="-2.517463"><ele>556.1</ele></trkpt>
<trkpt lat="43.273970" lon="-2.517463"><ele>556.1</ele></trkpt>
<trkpt lat="43.273972" lon="-2.517460"><ele>556.1</ele></trkpt>
<trkpt lat="43.273973" lon="-2.517460"><ele>556.3</ele></trkpt>
<trkpt lat="43.273975" lon="-2.517459"><ele>556.1</ele></trkpt>
<trkpt lat="43.273976" lon="-2.517459"><ele>556.1</ele></trkpt>
<trkpt lat="43.273976" lon="-2.517459"><ele>556.0</ele></trkpt>
<trkpt lat="43.273976" lon="-2.517459"><ele>555.7</ele></trkpt>
<trkpt lat="43.273976" lon="-2.517459"><ele>555.8</ele></trkpt>
<trkpt lat="43.273976" lon="-2.517459"><ele>556.1</ele></trkpt>
<trkpt lat="43.273976" lon="-2.517458"><ele>556.2</ele></trkpt>
<trkpt lat="43.273976" lon="-2.517458"><ele>556.4</ele></trkpt>
<trkpt lat="43.273976" lon="-2.517458"><ele>556.5</ele></trkpt>
<trkpt lat="43.273977" lon="-2.517458"><ele>556.4</ele></trkpt>
<trkpt lat="43.273977" lon="-2.517458"><ele>556.2</ele></trkpt>
<trkpt lat="43.273977" lon="-2.517457"><ele>556.5</ele></trkpt>
<trkpt lat="43.273977" lon="-2.517439"><ele>556.5</ele></trkpt>
<trkpt lat="43.273977" lon="-2.517426"><ele>556.4</ele></trkpt>
<trkpt lat="43.273973" lon="-2.517416"><ele>556.3</ele></trkpt>
<trkpt lat="43.273968" lon="-2.517415"><ele>556.0</ele></trkpt>
<trkpt lat="43.273963" lon="-2.517409"><ele>555.8</ele></trkpt>
<trkpt lat="43.273967" lon="-2.517399"><ele>555.9</ele></trkpt>
<trkpt lat="43.273969" lon="-2.517388"><ele>555.4</ele></trkpt>
<trkpt lat="43.273972" lon="-2.517380"><ele>555.2</ele></trkpt>
<trkpt lat="43.273974" lon="-2.517373"><ele>554.6</ele></trkpt>
<trkpt lat="43.273977" lon="-2.517363"><ele>554.3</ele></trkpt>
<trkpt lat="43.273980" lon="-2.517355"><ele>554.3</ele></trkpt>
<trkpt lat="43.273981" lon="-2.517343"><ele>554.0</ele></trkpt>
<trkpt lat="43.273987" lon="-2.517333"><ele>553.7</ele></trkpt>
<trkpt lat="43.273994" lon="-2.517331"><ele>553.7</ele></trkpt>
<trkpt lat="43.273997" lon="-2.517321"><ele>553.5</ele></trkpt>
<trkpt lat="43.273999" lon="-2.517313"><ele>552.7</ele></trkpt>
<trkpt lat="43.274000" lon="-2.517309"><ele>552.5</ele></trkpt>
<trkpt lat="43.274003" lon="-2.517307"><ele>551.8</ele></trkpt>
<trkpt lat="43.274007" lon="-2.517301"><ele>551.5</ele></trkpt>
<trkpt lat="43.274011" lon="-2.517294"><ele>551.2</ele></trkpt>
<trkpt lat="43.274015" lon="-2.517291"><ele>551.2</ele></trkpt>
<trkpt lat="43.274022" lon="-2.517286"><ele>551.0</ele></trkpt>
<trkpt lat="43.274027" lon="-2.517273"><ele>550.7</ele></trkpt>
<trkpt lat="43.274032" lon="-2.517259"><ele>550.2</ele></trkpt>
<trkpt lat="43.274038" lon="-2.517247"><ele>549.7</ele></trkpt>
<trkpt lat="43.274049" lon="-2.517233"><ele>548.9</ele></trkpt>
<trkpt lat="43.274059" lon="-2.517227"><ele>547.8</ele></trkpt>
<trkpt lat="43.274065" lon="-2.517219"><ele>547.4</ele></trkpt>
<trkpt lat="43.274070" lon="-2.517216"><ele>546.9</ele></trkpt>
<trkpt lat="43.274078" lon="-2.517208"><ele>546.5</ele></trkpt>
<trkpt lat="43.274085" lon="-2.517202"><ele>546.1</ele></trkpt>
<trkpt lat="43.274091" lon="-2.517196"><ele>545.8</ele></trkpt>
<trkpt lat="43.274093" lon="-2.517185"><ele>545.5</ele></trkpt>
<trkpt lat="43.274098" lon="-2.517174"><ele>544.6</ele></trkpt>
<trkpt lat="43.274102" lon="-2.517165"><ele>544.2</ele></trkpt>
<trkpt lat="43.274110" lon="-2.517153"><ele>543.9</ele></trkpt>
<trkpt lat="43.274119" lon="-2.517150"><ele>543.5</ele></trkpt>
<trkpt lat="43.274130" lon="-2.517152"><ele>543.5</ele></trkpt>
<trkpt lat="43.274140" lon="-2.517144"><ele>543.3</ele></trkpt>
<trkpt lat="43.274148" lon="-2.517131"><ele>543.1</ele></trkpt>
<trkpt lat="43.274154" lon="-2.517111"><ele>542.6</ele></trkpt>
<trkpt lat="43.274163" lon="-2.517096"><ele>541.9</ele></trkpt>
<trkpt lat="43.274174" lon="-2.517090"><ele>541.2</ele></trkpt>
<trkpt lat="43.274181" lon="-2.517081"><ele>540.6</ele></trkpt>
<trkpt lat="43.274184" lon="-2.517067"><ele>539.8</ele></trkpt>
<trkpt lat="43.274190" lon="-2.517056"><ele>539.3</ele></trkpt>
<trkpt lat="43.274198" lon="-2.517043"><ele>539.0</ele></trkpt>
<trkpt lat="43.274204" lon="-2.517034"><ele>538.6</ele></trkpt>
<trkpt lat="43.274210" lon="-2.517022"><ele>538.6</ele></trkpt>
<trkpt lat="43.274218" lon="-2.517017"><ele>538.0</ele></trkpt>
<trkpt lat="43.274227" lon="-2.517007"><ele>538.0</ele></trkpt>
<trkpt lat="43.274234" lon="-2.516993"><ele>537.5</ele></trkpt>
<trkpt lat="43.274236" lon="-2.516972"><ele>537.1</ele></trkpt>
<trkpt lat="43.274241" lon="-2.516957"><ele>536.2</ele></trkpt>
<trkpt lat="43.274245" lon="-2.516937"><ele>535.7</ele></trkpt>
<trkpt lat="43.274249" lon="-2.516915"><ele>535.1</ele></trkpt>
<trkpt lat="43.274250" lon="-2.516895"><ele>534.9</ele></trkpt>
<trkpt lat="43.274251" lon="-2.516873"><ele>534.5</ele></trkpt>
<trkpt lat="43.274253" lon="-2.516854"><ele>533.7</ele></trkpt>
<trkpt lat="43.274254" lon="-2.516841"><ele>533.4</ele></trkpt>
<trkpt lat="43.274262" lon="-2.516839"><ele>533.2</ele></trkpt>
<trkpt lat="43.274268" lon="-2.516843"><ele>532.7</ele></trkpt>
<trkpt lat="43.274274" lon="-2.516847"><ele>532.3</ele></trkpt>
<trkpt lat="43.274280" lon="-2.516854"><ele>532.1</ele></trkpt>
<trkpt lat="43.274291" lon="-2.516861"><ele>531.5</ele></trkpt>
<trkpt lat="43.274306" lon="-2.516859"><ele>531.2</ele></trkpt>
<trkpt lat="43.274316" lon="-2.516853"><ele>531.1</ele></trkpt>
<trkpt lat="43.274328" lon="-2.516842"><ele>531.0</ele></trkpt>
<trkpt lat="43.274337" lon="-2.516834"><ele>530.9</ele></trkpt>
<trkpt lat="43.274348" lon="-2.516828"><ele>530.5</ele></trkpt>
<trkpt lat="43.274360" lon="-2.516826"><ele>529.5</ele></trkpt>
<trkpt lat="43.274370" lon="-2.516826"><ele>529.0</ele></trkpt>
<trkpt lat="43.274378" lon="-2.516831"><ele>528.4</ele></trkpt>
<trkpt lat="43.274387" lon="-2.516842"><ele>527.6</ele></trkpt>
<trkpt lat="43.274399" lon="-2.516854"><ele>527.0</ele></trkpt>
<trkpt lat="43.274409" lon="-2.516863"><ele>526.9</ele></trkpt>
<trkpt lat="43.274421" lon="-2.516872"><ele>526.8</ele></trkpt>
<trkpt lat="43.274433" lon="-2.516879"><ele>526.7</ele></trkpt>
<trkpt lat="43.274445" lon="-2.516887"><ele>526.5</ele></trkpt>
<trkpt lat="43.274456" lon="-2.516899"><ele>525.7</ele></trkpt>
<trkpt lat="43.274464" lon="-2.516911"><ele>525.3</ele></trkpt>
<trkpt lat="43.274471" lon="-2.516921"><ele>525.1</ele></trkpt>
<trkpt lat="43.274476" lon="-2.516930"><ele>524.9</ele></trkpt>
<trkpt lat="43.274485" lon="-2.516944"><ele>524.8</ele></trkpt>
<trkpt lat="43.274494" lon="-2.516953"><ele>524.8</ele></trkpt>
<trkpt lat="43.274502" lon="-2.516961"><ele>524.8</ele></trkpt>
<trkpt lat="43.274509" lon="-2.516965"><ele>524.6</ele></trkpt>
<trkpt lat="43.274520" lon="-2.516961"><ele>524.7</ele></trkpt>
<trkpt lat="43.274533" lon="-2.516959"><ele>524.6</ele></trkpt>
<trkpt lat="43.274544" lon="-2.516953"><ele>524.5</ele></trkpt>
<trkpt lat="43.274551" lon="-2.516950"><ele>523.5</ele></trkpt>
<trkpt lat="43.274562" lon="-2.516939"><ele>522.9</ele></trkpt>
<trkpt lat="43.274562" lon="-2.516939"><ele>522.3</ele></trkpt>
<trkpt lat="43.274579" lon="-2.516915"><ele>521.8</ele></trkpt>
<trkpt lat="43.274586" lon="-2.516903"><ele>521.5</ele></trkpt>
<trkpt lat="43.274592" lon="-2.516897"><ele>521.1</ele></trkpt>
<trkpt lat="43.274597" lon="-2.516890"><ele>520.2</ele></trkpt>
<trkpt lat="43.274600" lon="-2.516886"><ele>519.6</ele></trkpt>
<trkpt lat="43.274600" lon="-2.516886"><ele>519.4</ele></trkpt>
<trkpt lat="43.274614" lon="-2.516877"><ele>519.2</ele></trkpt>
<trkpt lat="43.274625" lon="-2.516866"><ele>518.9</ele></trkpt>
<trkpt lat="43.274635" lon="-2.516858"><ele>518.6</ele></trkpt>
<trkpt lat="43.274639" lon="-2.516856"><ele>518.4</ele></trkpt>
<trkpt lat="43.274639" lon="-2.516860"><ele>517.9</ele></trkpt>
<trkpt lat="43.274637" lon="-2.516866"><ele>517.0</ele></trkpt>
<trkpt lat="43.274638" lon="-2.516867"><ele>516.7</ele></trkpt>
<trkpt lat="43.274638" lon="-2.516867"><ele>516.4</ele></trkpt>
<trkpt lat="43.274638" lon="-2.516867"><ele>516.5</ele></trkpt>
<trkpt lat="43.274637" lon="-2.516870"><ele>516.4</ele></trkpt>
<trkpt lat="43.274636" lon="-2.516873"><ele>516.4</ele></trkpt>
<trkpt lat="43.274639" lon="-2.516873"><ele>516.4</ele></trkpt>
<trkpt lat="43.274639" lon="-2.516873"><ele>516.4</ele></trkpt>
<trkpt lat="43.274638" lon="-2.516873"><ele>516.4</ele></trkpt>
<trkpt lat="43.274638" lon="-2.516872"><ele>516.4</ele></trkpt>
<trkpt lat="43.274638" lon="-2.516872"><ele>516.4</ele></trkpt>
<trkpt lat="43.274649" lon="-2.516865"><ele>516.4</ele></trkpt>
<trkpt lat="43.274659" lon="-2.516855"><ele>516.2</ele></trkpt>
<trkpt lat="43.274669" lon="-2.516835"><ele>516.3</ele></trkpt>
<trkpt lat="43.274676" lon="-2.516811"><ele>516.3</ele></trkpt>
<trkpt lat="43.274680" lon="-2.516789"><ele>515.9</ele></trkpt>
<trkpt lat="43.274680" lon="-2.516767"><ele>515.0</ele></trkpt>
<trkpt lat="43.274682" lon="-2.516749"><ele>514.4</ele></trkpt>
<trkpt lat="43.274683" lon="-2.516732"><ele>514.2</ele></trkpt>
<trkpt lat="43.274686" lon="-2.516705"><ele>514.1</ele></trkpt>
<trkpt lat="43.274687" lon="-2.516681"><ele>513.8</ele></trkpt>
<trkpt lat="43.274691" lon="-2.516660"><ele>513.6</ele></trkpt>
<trkpt lat="43.274696" lon="-2.516642"><ele>513.2</ele></trkpt>
<trkpt lat="43.274706" lon="-2.516620"><ele>512.6</ele></trkpt>
<trkpt lat="43.274715" lon="-2.516606"><ele>512.5</ele></trkpt>
<trkpt lat="43.274724" lon="-2.516588"><ele>512.1</ele></trkpt>
<trkpt lat="43.274730" lon="-2.516569"><ele>511.8</ele></trkpt>
<trkpt lat="43.274737" lon="-2.516555"><ele>511.5</ele></trkpt>
<trkpt lat="43.274743" lon="-2.516536"><ele>510.6</ele></trkpt>
<trkpt lat="43.274746" lon="-2.516515"><ele>510.4</ele></trkpt>
<trkpt lat="43.274747" lon="-2.516494"><ele>510.1</ele></trkpt>
<trkpt lat="43.274754" lon="-2.516482"><ele>510.0</ele></trkpt>
<trkpt lat="43.274763" lon="-2.516473"><ele>509.8</ele></trkpt>
<trkpt lat="43.274772" lon="-2.516457"><ele>509.8</ele></trkpt>
<trkpt lat="43.274781" lon="-2.516442"><ele>509.4</ele></trkpt>
<trkpt lat="43.274791" lon="-2.516425"><ele>508.8</ele></trkpt>
<trkpt lat="43.274797" lon="-2.516407"><ele>508.0</ele></trkpt>
<trkpt lat="43.274807" lon="-2.516390"><ele>507.6</ele></trkpt>
<trkpt lat="43.274814" lon="-2.516377"><ele>507.7</ele></trkpt>
<trkpt lat="43.274823" lon="-2.516362"><ele>507.4</ele></trkpt>
<trkpt lat="43.274831" lon="-2.516344"><ele>507.5</ele></trkpt>
<trkpt lat="43.274835" lon="-2.516327"><ele>506.6</ele></trkpt>
<trkpt lat="43.274839" lon="-2.516310"><ele>506.3</ele></trkpt>
<trkpt lat="43.274843" lon="-2.516294"><ele>505.7</ele></trkpt>
<trkpt lat="43.274846" lon="-2.516281"><ele>505.3</ele></trkpt>
<trkpt lat="43.274853" lon="-2.516271"><ele>504.9</ele></trkpt>
<trkpt lat="43.274855" lon="-2.516268"><ele>504.6</ele></trkpt>
<trkpt lat="43.274849" lon="-2.516264"><ele>504.4</ele></trkpt>
<trkpt lat="43.274850" lon="-2.516255"><ele>504.2</ele></trkpt>
<trkpt lat="43.274850" lon="-2.516244"><ele>504.1</ele></trkpt>
<trkpt lat="43.274848" lon="-2.516232"><ele>503.8</ele></trkpt>
<trkpt lat="43.274848" lon="-2.516232"><ele>503.5</ele></trkpt>
<trkpt lat="43.274838" lon="-2.516214"><ele>502.9</ele></trkpt>
<trkpt lat="43.274836" lon="-2.516211"><ele>502.8</ele></trkpt>
<trkpt lat="43.274835" lon="-2.516211"><ele>502.7</ele></trkpt>
<trkpt lat="43.274838" lon="-2.516208"><ele>502.7</ele></trkpt>
<trkpt lat="43.274838" lon="-2.516207"><ele>502.7</ele></trkpt>
<trkpt lat="43.274836" lon="-2.516208"><ele>502.7</ele></trkpt>
<trkpt lat="43.274839" lon="-2.516215"><ele>502.6</ele></trkpt>
<trkpt lat="43.274841" lon="-2.516222"><ele>502.6</ele></trkpt>
<trkpt lat="43.274843" lon="-2.516231"><ele>502.6</ele></trkpt>
<trkpt lat="43.274845" lon="-2.516242"><ele>502.8</ele></trkpt>
<trkpt lat="43.274847" lon="-2.516250"><ele>502.9</ele></trkpt>
<trkpt lat="43.274849" lon="-2.516253"><ele>502.8</ele></trkpt>
<trkpt lat="43.274845" lon="-2.516255"><ele>502.9</ele></trkpt>
<trkpt lat="43.274845" lon="-2.516255"><ele>502.8</ele></trkpt>
<trkpt lat="43.274845" lon="-2.516255"><ele>502.7</ele></trkpt>
<trkpt lat="43.274846" lon="-2.516255"><ele>502.4</ele></trkpt>
<trkpt lat="43.274846" lon="-2.516255"><ele>502.4</ele></trkpt>
<trkpt lat="43.274847" lon="-2.516268"><ele>502.3</ele></trkpt>
<trkpt lat="43.274849" lon="-2.516283"><ele>502.3</ele></trkpt>
<trkpt lat="43.274851" lon="-2.516295"><ele>502.2</ele></trkpt>
<trkpt lat="43.274855" lon="-2.516311"><ele>502.2</ele></trkpt>
<trkpt lat="43.274858" lon="-2.516323"><ele>502.2</ele></trkpt>
<trkpt lat="43.274863" lon="-2.516335"><ele>502.3</ele></trkpt>
<trkpt lat="43.274866" lon="-2.516341"><ele>502.3</ele></trkpt>
<trkpt lat="43.274867" lon="-2.516340"><ele>502.3</ele></trkpt>
<trkpt lat="43.274872" lon="-2.516343"><ele>502.3</ele></trkpt>
<trkpt lat="43.274873" lon="-2.516336"><ele>502.2</ele></trkpt>
<trkpt lat="43.274873" lon="-2.516326"><ele>502.5</ele></trkpt>
<trkpt lat="43.274876" lon="-2.516320"><ele>502.4</ele></trkpt>
<trkpt lat="43.274874" lon="-2.516312"><ele>502.5</ele></trkpt>
<trkpt lat="43.274874" lon="-2.516314"><ele>502.6</ele></trkpt>
<trkpt lat="43.274874" lon="-2.516314"><ele>502.7</ele></trkpt>
<trkpt lat="43.274873" lon="-2.516310"><ele>502.7</ele></trkpt>
<trkpt lat="43.274874" lon="-2.516307"><ele>502.6</ele></trkpt>
<trkpt lat="43.274874" lon="-2.516307"><ele>502.6</ele></trkpt>
<trkpt lat="43.274875" lon="-2.516307"><ele>502.6</ele></trkpt>
<trkpt lat="43.274875" lon="-2.516294"><ele>502.6</ele></trkpt>
<trkpt lat="43.274875" lon="-2.516280"><ele>502.9</ele></trkpt>
<trkpt lat="43.274874" lon="-2.516285"><ele>503.0</ele></trkpt>
<trkpt lat="43.274872" lon="-2.516295"><ele>503.3</ele></trkpt>
<trkpt lat="43.274870" lon="-2.516301"><ele>503.3</ele></trkpt>
<trkpt lat="43.274875" lon="-2.516316"><ele>503.2</ele></trkpt>
<trkpt lat="43.274876" lon="-2.516330"><ele>503.2</ele></trkpt>
<trkpt lat="43.274876" lon="-2.516346"><ele>503.2</ele></trkpt>
<trkpt lat="43.274878" lon="-2.516363"><ele>503.2</ele></trkpt>
<trkpt lat="43.274879" lon="-2.516373"><ele>503.3</ele></trkpt>
<trkpt lat="43.274881" lon="-2.516385"><ele>503.2</ele></trkpt>
<trkpt lat="43.274884" lon="-2.516399"><ele>503.2</ele></trkpt>
<trkpt lat="43.274886" lon="-2.516408"><ele>503.2</ele></trkpt>
<trkpt lat="43.274891" lon="-2.516423"><ele>503.4</ele></trkpt>
<trkpt lat="43.274897" lon="-2.516440"><ele>503.4</ele></trkpt>
<trkpt lat="43.274902" lon="-2.516464"><ele>503.5</ele></trkpt>
<trkpt lat="43.274905" lon="-2.516486"><ele>503.3</ele></trkpt>
<trkpt lat="43.274907" lon="-2.516501"><ele>503.2</ele></trkpt>
<trkpt lat="43.274908" lon="-2.516516"><ele>503.3</ele></trkpt>
<trkpt lat="43.274908" lon="-2.516516"><ele>503.3</ele></trkpt>
<trkpt lat="43.274913" lon="-2.516555"><ele>503.2</ele></trkpt>
<trkpt lat="43.274919" lon="-2.516572"><ele>503.0</ele></trkpt>
<trkpt lat="43.274919" lon="-2.516572"><ele>503.1</ele></trkpt>
<trkpt lat="43.274930" lon="-2.516610"><ele>503.0</ele></trkpt>
<trkpt lat="43.274938" lon="-2.516630"><ele>503.0</ele></trkpt>
<trkpt lat="43.274946" lon="-2.516643"><ele>503.0</ele></trkpt>
<trkpt lat="43.274953" lon="-2.516656"><ele>503.0</ele></trkpt>
<trkpt lat="43.274956" lon="-2.516667"><ele>503.1</ele></trkpt>
<trkpt lat="43.274959" lon="-2.516670"><ele>502.7</ele></trkpt>
<trkpt lat="43.274961" lon="-2.516672"><ele>502.1</ele></trkpt>
<trkpt lat="43.274963" lon="-2.516675"><ele>501.7</ele></trkpt>
<trkpt lat="43.274963" lon="-2.516679"><ele>501.4</ele></trkpt>
<trkpt lat="43.274962" lon="-2.516680"><ele>501.1</ele></trkpt>
<trkpt lat="43.274962" lon="-2.516680"><ele>500.8</ele></trkpt>
<trkpt lat="43.274962" lon="-2.516681"><ele>500.9</ele></trkpt>
<trkpt lat="43.274961" lon="-2.516681"><ele>500.6</ele></trkpt>
<trkpt lat="43.274962" lon="-2.516681"><ele>500.6</ele></trkpt>
<trkpt lat="43.274962" lon="-2.516682"><ele>500.6</ele></trkpt>
<trkpt lat="43.274968" lon="-2.516696"><ele>500.7</ele></trkpt>
<trkpt lat="43.274976" lon="-2.516718"><ele>500.5</ele></trkpt>
<trkpt lat="43.274977" lon="-2.516735"><ele>500.5</ele></trkpt>
<trkpt lat="43.274982" lon="-2.516750"><ele>500.5</ele></trkpt>
<trkpt lat="43.274990" lon="-2.516780"><ele>500.4</ele></trkpt>
<trkpt lat="43.274993" lon="-2.516803"><ele>500.2</ele></trkpt>
<trkpt lat="43.274997" lon="-2.516827"><ele>500.3</ele></trkpt>
<trkpt lat="43.275000" lon="-2.516846"><ele>500.3</ele></trkpt>
<trkpt lat="43.275006" lon="-2.516871"><ele>500.3</ele></trkpt>
<trkpt lat="43.275009" lon="-2.516887"><ele>500.3</ele></trkpt>
<trkpt lat="43.275013" lon="-2.516903"><ele>500.2</ele></trkpt>
<trkpt lat="43.275018" lon="-2.516911"><ele>500.2</ele></trkpt>
<trkpt lat="43.275021" lon="-2.516925"><ele>500.2</ele></trkpt>
<trkpt lat="43.275025" lon="-2.516940"><ele>500.1</ele></trkpt>
<trkpt lat="43.275029" lon="-2.516957"><ele>500.0</ele></trkpt>
<trkpt lat="43.275034" lon="-2.516972"><ele>499.9</ele></trkpt>
<trkpt lat="43.275039" lon="-2.516985"><ele>499.6</ele></trkpt>
<trkpt lat="43.275045" lon="-2.517007"><ele>499.5</ele></trkpt>
<trkpt lat="43.275050" lon="-2.517034"><ele>499.3</ele></trkpt>
<trkpt lat="43.275059" lon="-2.517062"><ele>499.1</ele></trkpt>
<trkpt lat="43.275069" lon="-2.517085"><ele>498.8</ele></trkpt>
<trkpt lat="43.275076" lon="-2.517102"><ele>498.7</ele></trkpt>
<trkpt lat="43.275083" lon="-2.517116"><ele>498.2</ele></trkpt>
<trkpt lat="43.275093" lon="-2.517133"><ele>497.6</ele></trkpt>
<trkpt lat="43.275099" lon="-2.517146"><ele>497.0</ele></trkpt>
<trkpt lat="43.275104" lon="-2.517159"><ele>496.6</ele></trkpt>
<trkpt lat="43.275111" lon="-2.517178"><ele>496.3</ele></trkpt>
<trkpt lat="43.275118" lon="-2.517192"><ele>496.1</ele></trkpt>
<trkpt lat="43.275123" lon="-2.517195"><ele>495.9</ele></trkpt>
<trkpt lat="43.275125" lon="-2.517187"><ele>495.6</ele></trkpt>
<trkpt lat="43.275127" lon="-2.517183"><ele>495.3</ele></trkpt>
<trkpt lat="43.275127" lon="-2.517181"><ele>495.0</ele></trkpt>
<trkpt lat="43.275127" lon="-2.517179"><ele>495.1</ele></trkpt>
<trkpt lat="43.275125" lon="-2.517178"><ele>495.1</ele></trkpt>
<trkpt lat="43.275124" lon="-2.517178"><ele>495.0</ele></trkpt>
<trkpt lat="43.275126" lon="-2.517179"><ele>494.8</ele></trkpt>
<trkpt lat="43.275127" lon="-2.517181"><ele>494.9</ele></trkpt>
<trkpt lat="43.275127" lon="-2.517181"><ele>494.8</ele></trkpt>
<trkpt lat="43.275127" lon="-2.517181"><ele>494.8</ele></trkpt>
<trkpt lat="43.275127" lon="-2.517181"><ele>494.8</ele></trkpt>
<trkpt lat="43.275130" lon="-2.517190"><ele>494.9</ele></trkpt>
<trkpt lat="43.275136" lon="-2.517201"><ele>494.9</ele></trkpt>
<trkpt lat="43.275141" lon="-2.517213"><ele>494.8</ele></trkpt>
<trkpt lat="43.275150" lon="-2.517229"><ele>494.8</ele></trkpt>
<trkpt lat="43.275157" lon="-2.517249"><ele>494.8</ele></trkpt>
<trkpt lat="43.275163" lon="-2.517264"><ele>494.7</ele></trkpt>
<trkpt lat="43.275171" lon="-2.517276"><ele>494.5</ele></trkpt>
<trkpt lat="43.275184" lon="-2.517285"><ele>494.2</ele></trkpt>
<trkpt lat="43.275196" lon="-2.517298"><ele>493.5</ele></trkpt>
<trkpt lat="43.275202" lon="-2.517317"><ele>493.3</ele></trkpt>
<trkpt lat="43.275215" lon="-2.517346"><ele>492.8</ele></trkpt>
<trkpt lat="43.275225" lon="-2.517375"><ele>492.2</ele></trkpt>
<trkpt lat="43.275236" lon="-2.517396"><ele>492.1</ele></trkpt>
<trkpt lat="43.275236" lon="-2.517418"><ele>491.8</ele></trkpt>
<trkpt lat="43.275235" lon="-2.517447"><ele>491.6</ele></trkpt>
<trkpt lat="43.275234" lon="-2.517474"><ele>491.6</ele></trkpt>
<trkpt lat="43.275242" lon="-2.517494"><ele>491.7</ele></trkpt>
<trkpt lat="43.275250" lon="-2.517518"><ele>491.7</ele></trkpt>
<trkpt lat="43.275253" lon="-2.517541"><ele>491.7</ele></trkpt>
<trkpt lat="43.275254" lon="-2.517569"><ele>491.8</ele></trkpt>
<trkpt lat="43.275254" lon="-2.517594"><ele>491.8</ele></trkpt>
<trkpt lat="43.275255" lon="-2.517619"><ele>492.1</ele></trkpt>
<trkpt lat="43.275261" lon="-2.517646"><ele>492.0</ele></trkpt>
<trkpt lat="43.275269" lon="-2.517668"><ele>492.0</ele></trkpt>
<trkpt lat="43.275278" lon="-2.517694"><ele>492.2</ele></trkpt>
<trkpt lat="43.275289" lon="-2.517721"><ele>492.3</ele></trkpt>
<trkpt lat="43.275299" lon="-2.517744"><ele>492.3</ele></trkpt>
<trkpt lat="43.275314" lon="-2.517769"><ele>492.2</ele></trkpt>
<trkpt lat="43.275328" lon="-2.517796"><ele>492.2</ele></trkpt>
<trkpt lat="43.275338" lon="-2.517823"><ele>492.0</ele></trkpt>
<trkpt lat="43.275345" lon="-2.517845"><ele>492.0</ele></trkpt>
<trkpt lat="43.275356" lon="-2.517865"><ele>492.2</ele></trkpt>
<trkpt lat="43.275366" lon="-2.517879"><ele>492.2</ele></trkpt>
<trkpt lat="43.275379" lon="-2.517891"><ele>492.4</ele></trkpt>
<trkpt lat="43.275390" lon="-2.517904"><ele>492.6</ele></trkpt>
<trkpt lat="43.275403" lon="-2.517915"><ele>492.8</ele></trkpt>
<trkpt lat="43.275409" lon="-2.517930"><ele>492.8</ele></trkpt>
<trkpt lat="43.275416" lon="-2.517946"><ele>493.0</ele></trkpt>
<trkpt lat="43.275426" lon="-2.517962"><ele>493.3</ele></trkpt>
<trkpt lat="43.275442" lon="-2.517967"><ele>493.3</ele></trkpt>
<trkpt lat="43.275455" lon="-2.517972"><ele>493.2</ele></trkpt>
<trkpt lat="43.275469" lon="-2.517978"><ele>493.3</ele></trkpt>
<trkpt lat="43.275481" lon="-2.517987"><ele>493.2</ele></trkpt>
<trkpt lat="43.275497" lon="-2.518003"><ele>493.3</ele></trkpt>
<trkpt lat="43.275510" lon="-2.518021"><ele>493.3</ele></trkpt>
<trkpt lat="43.275516" lon="-2.518038"><ele>493.0</ele></trkpt>
<trkpt lat="43.275522" lon="-2.518050"><ele>493.1</ele></trkpt>
<trkpt lat="43.275532" lon="-2.518063"><ele>492.9</ele></trkpt>
<trkpt lat="43.275546" lon="-2.518073"><ele>492.7</ele></trkpt>
<trkpt lat="43.275557" lon="-2.518087"><ele>492.6</ele></trkpt>
<trkpt lat="43.275573" lon="-2.518100"><ele>492.4</ele></trkpt>
<trkpt lat="43.275585" lon="-2.518109"><ele>492.4</ele></trkpt>
<trkpt lat="43.275593" lon="-2.518124"><ele>492.4</ele></trkpt>
<trkpt lat="43.275600" lon="-2.518143"><ele>492.2</ele></trkpt>
<trkpt lat="43.275613" lon="-2.518165"><ele>492.1</ele></trkpt>
<trkpt lat="43.275620" lon="-2.518183"><ele>492.0</ele></trkpt>
<trkpt lat="43.275627" lon="-2.518201"><ele>492.0</ele></trkpt>
<trkpt lat="43.275630" lon="-2.518226"><ele>492.0</ele></trkpt>
<trkpt lat="43.275633" lon="-2.518248"><ele>492.0</ele></trkpt>
<trkpt lat="43.275639" lon="-2.518276"><ele>492.3</ele></trkpt>
<trkpt lat="43.275645" lon="-2.518305"><ele>492.5</ele></trkpt>
<trkpt lat="43.275656" lon="-2.518336"><ele>492.5</ele></trkpt>
<trkpt lat="43.275668" lon="-2.518367"><ele>492.6</ele></trkpt>
<trkpt lat="43.275672" lon="-2.518397"><ele>492.6</ele></trkpt>
<trkpt lat="43.275678" lon="-2.518428"><ele>492.8</ele></trkpt>
<trkpt lat="43.275682" lon="-2.518455"><ele>493.0</ele></trkpt>
<trkpt lat="43.275685" lon="-2.518490"><ele>493.0</ele></trkpt>
<trkpt lat="43.275690" lon="-2.518518"><ele>493.3</ele></trkpt>
<trkpt lat="43.275694" lon="-2.518556"><ele>493.4</ele></trkpt>
<trkpt lat="43.275695" lon="-2.518585"><ele>493.7</ele></trkpt>
<trkpt lat="43.275696" lon="-2.518615"><ele>493.6</ele></trkpt>
<trkpt lat="43.275699" lon="-2.518636"><ele>493.7</ele></trkpt>
<trkpt lat="43.275699" lon="-2.518660"><ele>493.7</ele></trkpt>
<trkpt lat="43.275697" lon="-2.518680"><ele>493.6</ele></trkpt>
<trkpt lat="43.275698" lon="-2.518697"><ele>493.5</ele></trkpt>
<trkpt lat="43.275696" lon="-2.518720"><ele>493.4</ele></trkpt>
<trkpt lat="43.275695" lon="-2.518741"><ele>493.4</ele></trkpt>
<trkpt lat="43.275694" lon="-2.518760"><ele>493.4</ele></trkpt>
<trkpt lat="43.275691" lon="-2.518778"><ele>493.9</ele></trkpt>
<trkpt lat="43.275687" lon="-2.518795"><ele>494.0</ele></trkpt>
<trkpt lat="43.275684" lon="-2.518810"><ele>494.2</ele></trkpt>
<trkpt lat="43.275682" lon="-2.518814"><ele>494.4</ele></trkpt>
<trkpt lat="43.275686" lon="-2.518818"><ele>494.6</ele></trkpt>
<trkpt lat="43.275689" lon="-2.518834"><ele>495.0</ele></trkpt>
<trkpt lat="43.275690" lon="-2.518854"><ele>495.7</ele></trkpt>
<trkpt lat="43.275691" lon="-2.518866"><ele>495.8</ele></trkpt>
<trkpt lat="43.275692" lon="-2.518878"><ele>495.8</ele></trkpt>
<trkpt lat="43.275698" lon="-2.518896"><ele>496.1</ele></trkpt>
<trkpt lat="43.275708" lon="-2.518908"><ele>496.2</ele></trkpt>
<trkpt lat="43.275724" lon="-2.518922"><ele>496.2</ele></trkpt>
<trkpt lat="43.275736" lon="-2.518934"><ele>496.3</ele></trkpt>
<trkpt lat="43.275749" lon="-2.518945"><ele>496.2</ele></trkpt>
<trkpt lat="43.275760" lon="-2.518960"><ele>495.7</ele></trkpt>
<trkpt lat="43.275771" lon="-2.518974"><ele>495.3</ele></trkpt>
<trkpt lat="43.275779" lon="-2.518990"><ele>495.0</ele></trkpt>
<trkpt lat="43.275785" lon="-2.519007"><ele>495.0</ele></trkpt>
<trkpt lat="43.275790" lon="-2.519022"><ele>494.9</ele></trkpt>
<trkpt lat="43.275800" lon="-2.519039"><ele>494.8</ele></trkpt>
<trkpt lat="43.275808" lon="-2.519056"><ele>494.8</ele></trkpt>
<trkpt lat="43.275815" lon="-2.519069"><ele>494.7</ele></trkpt>
<trkpt lat="43.275823" lon="-2.519092"><ele>494.7</ele></trkpt>
<trkpt lat="43.275831" lon="-2.519115"><ele>494.6</ele></trkpt>
<trkpt lat="43.275838" lon="-2.519132"><ele>494.6</ele></trkpt>
<trkpt lat="43.275848" lon="-2.519150"><ele>494.6</ele></trkpt>
<trkpt lat="43.275855" lon="-2.519171"><ele>494.8</ele></trkpt>
<trkpt lat="43.275860" lon="-2.519188"><ele>494.8</ele></trkpt>
<trkpt lat="43.275866" lon="-2.519208"><ele>495.1</ele></trkpt>
<trkpt lat="43.275875" lon="-2.519227"><ele>495.1</ele></trkpt>
<trkpt lat="43.275882" lon="-2.519244"><ele>495.1</ele></trkpt>
<trkpt lat="43.275889" lon="-2.519266"><ele>495.0</ele></trkpt>
<trkpt lat="43.275898" lon="-2.519285"><ele>495.0</ele></trkpt>
<trkpt lat="43.275909" lon="-2.519301"><ele>495.1</ele></trkpt>
<trkpt lat="43.275923" lon="-2.519316"><ele>494.9</ele></trkpt>
<trkpt lat="43.275935" lon="-2.519331"><ele>494.6</ele></trkpt>
<trkpt lat="43.275947" lon="-2.519348"><ele>494.6</ele></trkpt>
<trkpt lat="43.275957" lon="-2.519366"><ele>494.4</ele></trkpt>
<trkpt lat="43.275967" lon="-2.519380"><ele>494.3</ele></trkpt>
<trkpt lat="43.275978" lon="-2.519395"><ele>494.0</ele></trkpt>
<trkpt lat="43.275989" lon="-2.519408"><ele>494.1</ele></trkpt>
<trkpt lat="43.276003" lon="-2.519418"><ele>494.0</ele></trkpt>
<trkpt lat="43.276019" lon="-2.519429"><ele>494.1</ele></trkpt>
<trkpt lat="43.276032" lon="-2.519444"><ele>494.1</ele></trkpt>
<trkpt lat="43.276048" lon="-2.519460"><ele>494.0</ele></trkpt>
<trkpt lat="43.276062" lon="-2.519476"><ele>494.3</ele></trkpt>
<trkpt lat="43.276076" lon="-2.519488"><ele>494.2</ele></trkpt>
<trkpt lat="43.276092" lon="-2.519500"><ele>494.2</ele></trkpt>
<trkpt lat="43.276107" lon="-2.519512"><ele>494.2</ele></trkpt>
<trkpt lat="43.276124" lon="-2.519521"><ele>494.2</ele></trkpt>
<trkpt lat="43.276138" lon="-2.519532"><ele>494.2</ele></trkpt>
<trkpt lat="43.276152" lon="-2.519537"><ele>494.1</ele></trkpt>
<trkpt lat="43.276167" lon="-2.519549"><ele>493.1</ele></trkpt>
<trkpt lat="43.276181" lon="-2.519559"><ele>493.1</ele></trkpt>
<trkpt lat="43.276197" lon="-2.519568"><ele>493.0</ele></trkpt>
<trkpt lat="43.276213" lon="-2.519577"><ele>492.8</ele></trkpt>
<trkpt lat="43.276228" lon="-2.519588"><ele>492.9</ele></trkpt>
<trkpt lat="43.276243" lon="-2.519595"><ele>492.8</ele></trkpt>
<trkpt lat="43.276259" lon="-2.519606"><ele>492.9</ele></trkpt>
<trkpt lat="43.276272" lon="-2.519620"><ele>492.6</ele></trkpt>
<trkpt lat="43.276284" lon="-2.519631"><ele>492.7</ele></trkpt>
<trkpt lat="43.276297" lon="-2.519644"><ele>492.2</ele></trkpt>
<trkpt lat="43.276312" lon="-2.519654"><ele>492.2</ele></trkpt>
<trkpt lat="43.276327" lon="-2.519670"><ele>491.6</ele></trkpt>
<trkpt lat="43.276345" lon="-2.519688"><ele>491.3</ele></trkpt>
<trkpt lat="43.276355" lon="-2.519702"><ele>491.0</ele></trkpt>
<trkpt lat="43.276368" lon="-2.519716"><ele>490.8</ele></trkpt>
<trkpt lat="43.276386" lon="-2.519728"><ele>490.5</ele></trkpt>
<trkpt lat="43.276401" lon="-2.519735"><ele>490.5</ele></trkpt>
<trkpt lat="43.276414" lon="-2.519743"><ele>490.2</ele></trkpt>
<trkpt lat="43.276431" lon="-2.519750"><ele>490.0</ele></trkpt>
<trkpt lat="43.276446" lon="-2.519759"><ele>489.6</ele></trkpt>
<trkpt lat="43.276464" lon="-2.519764"><ele>488.8</ele></trkpt>
<trkpt lat="43.276485" lon="-2.519768"><ele>488.2</ele></trkpt>
<trkpt lat="43.276508" lon="-2.519770"><ele>488.1</ele></trkpt>
<trkpt lat="43.276534" lon="-2.519776"><ele>487.8</ele></trkpt>
<trkpt lat="43.276559" lon="-2.519779"><ele>487.2</ele></trkpt>
<trkpt lat="43.276577" lon="-2.519782"><ele>486.6</ele></trkpt>
<trkpt lat="43.276594" lon="-2.519784"><ele>486.1</ele></trkpt>
<trkpt lat="43.276610" lon="-2.519783"><ele>486.1</ele></trkpt>
<trkpt lat="43.276629" lon="-2.519785"><ele>485.9</ele></trkpt>
<trkpt lat="43.276648" lon="-2.519783"><ele>485.7</ele></trkpt>
<trkpt lat="43.276664" lon="-2.519782"><ele>485.6</ele></trkpt>
<trkpt lat="43.276675" lon="-2.519786"><ele>485.2</ele></trkpt>
<trkpt lat="43.276691" lon="-2.519792"><ele>485.1</ele></trkpt>
<trkpt lat="43.276709" lon="-2.519797"><ele>484.8</ele></trkpt>
<trkpt lat="43.276726" lon="-2.519798"><ele>484.7</ele></trkpt>
<trkpt lat="43.276743" lon="-2.519800"><ele>484.5</ele></trkpt>
<trkpt lat="43.276761" lon="-2.519804"><ele>484.4</ele></trkpt>
<trkpt lat="43.276776" lon="-2.519808"><ele>484.4</ele></trkpt>
<trkpt lat="43.276797" lon="-2.519806"><ele>484.5</ele></trkpt>
<trkpt lat="43.276815" lon="-2.519812"><ele>484.2</ele></trkpt>
<trkpt lat="43.276831" lon="-2.519824"><ele>484.2</ele></trkpt>
<trkpt lat="43.276849" lon="-2.519828"><ele>484.0</ele></trkpt>
<trkpt lat="43.276868" lon="-2.519834"><ele>483.6</ele></trkpt>
<trkpt lat="43.276882" lon="-2.519841"><ele>483.4</ele></trkpt>
<trkpt lat="43.276897" lon="-2.519849"><ele>483.4</ele></trkpt>
<trkpt lat="43.276909" lon="-2.519853"><ele>483.3</ele></trkpt>
<trkpt lat="43.276922" lon="-2.519858"><ele>482.8</ele></trkpt>
<trkpt lat="43.276936" lon="-2.519862"><ele>482.7</ele></trkpt>
<trkpt lat="43.276950" lon="-2.519869"><ele>482.6</ele></trkpt>
<trkpt lat="43.276965" lon="-2.519879"><ele>482.6</ele></trkpt>
<trkpt lat="43.276977" lon="-2.519887"><ele>482.4</ele></trkpt>
<trkpt lat="43.276989" lon="-2.519895"><ele>482.5</ele></trkpt>
<trkpt lat="43.276989" lon="-2.519895"><ele>482.5</ele></trkpt>
<trkpt lat="43.277008" lon="-2.519916"><ele>482.2</ele></trkpt>
<trkpt lat="43.277021" lon="-2.519928"><ele>482.1</ele></trkpt>
<trkpt lat="43.277031" lon="-2.519942"><ele>481.9</ele></trkpt>
<trkpt lat="43.277043" lon="-2.519954"><ele>481.4</ele></trkpt>
<trkpt lat="43.277043" lon="-2.519954"><ele>481.1</ele></trkpt>
<trkpt lat="43.277066" lon="-2.519972"><ele>480.7</ele></trkpt>
<trkpt lat="43.277076" lon="-2.519981"><ele>480.4</ele></trkpt>
<trkpt lat="43.277076" lon="-2.519981"><ele>479.9</ele></trkpt>
<trkpt lat="43.277076" lon="-2.519981"><ele>479.5</ele></trkpt>
<trkpt lat="43.277076" lon="-2.519981"><ele>479.2</ele></trkpt>
<trkpt lat="43.277076" lon="-2.519981"><ele>479.0</ele></trkpt>
<trkpt lat="43.277076" lon="-2.519981"><ele>479.0</ele></trkpt>
<trkpt lat="43.277076" lon="-2.519981"><ele>479.1</ele></trkpt>
<trkpt lat="43.277076" lon="-2.519981"><ele>479.1</ele></trkpt>
<trkpt lat="43.277076" lon="-2.519981"><ele>479.0</ele></trkpt>
<trkpt lat="43.277076" lon="-2.519981"><ele>479.0</ele></trkpt>
<trkpt lat="43.277076" lon="-2.519981"><ele>479.1</ele></trkpt>
<trkpt lat="43.277076" lon="-2.519981"><ele>479.1</ele></trkpt>
<trkpt lat="43.277076" lon="-2.519981"><ele>479.7</ele></trkpt>
<trkpt lat="43.277076" lon="-2.519981"><ele>479.8</ele></trkpt>
<trkpt lat="43.277076" lon="-2.519981"><ele>480.1</ele></trkpt>
<trkpt lat="43.277076" lon="-2.519981"><ele>480.2</ele></trkpt>
<trkpt lat="43.277076" lon="-2.519981"><ele>480.2</ele></trkpt>
<trkpt lat="43.277076" lon="-2.519981"><ele>480.4</ele></trkpt>
<trkpt lat="43.277076" lon="-2.519981"><ele>480.7</ele></trkpt>
<trkpt lat="43.277076" lon="-2.519981"><ele>480.7</ele></trkpt>
<trkpt lat="43.277076" lon="-2.519981"><ele>480.6</ele></trkpt>
<trkpt lat="43.277076" lon="-2.519981"><ele>480.9</ele></trkpt>
<trkpt lat="43.277076" lon="-2.519981"><ele>480.8</ele></trkpt>
<trkpt lat="43.277076" lon="-2.519981"><ele>480.9</ele></trkpt>
<trkpt lat="43.277076" lon="-2.519981"><ele>480.9</ele></trkpt>
<trkpt lat="43.277076" lon="-2.519981"><ele>480.8</ele></trkpt>
<trkpt lat="43.277076" lon="-2.519981"><ele>480.8</ele></trkpt>
<trkpt lat="43.277076" lon="-2.519981"><ele>480.9</ele></trkpt>
<trkpt lat="43.277076" lon="-2.519981"><ele>480.7</ele></trkpt>
<trkpt lat="43.277078" lon="-2.519981"><ele>480.6</ele></trkpt>
<trkpt lat="43.277078" lon="-2.519982"><ele>480.6</ele></trkpt>
<trkpt lat="43.277079" lon="-2.519982"><ele>480.5</ele></trkpt>
<trkpt lat="43.277080" lon="-2.519981"><ele>480.2</ele></trkpt>
<trkpt lat="43.277080" lon="-2.519982"><ele>480.3</ele></trkpt>
<trkpt lat="43.277080" lon="-2.519982"><ele>480.3</ele></trkpt>
<trkpt lat="43.277081" lon="-2.519981"><ele>480.2</ele></trkpt>
<trkpt lat="43.277081" lon="-2.519981"><ele>480.3</ele></trkpt>
<trkpt lat="43.277081" lon="-2.519981"><ele>480.3</ele></trkpt>
<trkpt lat="43.277082" lon="-2.519981"><ele>480.2</ele></trkpt>
<trkpt lat="43.277082" lon="-2.519981"><ele>480.5</ele></trkpt>
<trkpt lat="43.277083" lon="-2.519981"><ele>480.4</ele></trkpt>
<trkpt lat="43.277083" lon="-2.519981"><ele>480.7</ele></trkpt>
<trkpt lat="43.277083" lon="-2.519982"><ele>480.8</ele></trkpt>
<trkpt lat="43.277098" lon="-2.519994"><ele>480.8</ele></trkpt>
<trkpt lat="43.277110" lon="-2.520004"><ele>480.9</ele></trkpt>
<trkpt lat="43.277123" lon="-2.520016"><ele>480.8</ele></trkpt>
<trkpt lat="43.277136" lon="-2.520029"><ele>480.8</ele></trkpt>
<trkpt lat="43.277153" lon="-2.520041"><ele>480.9</ele></trkpt>
<trkpt lat="43.277173" lon="-2.520054"><ele>480.8</ele></trkpt>
<trkpt lat="43.277187" lon="-2.520068"><ele>480.5</ele></trkpt>
<trkpt lat="43.277199" lon="-2.520080"><ele>480.4</ele></trkpt>
<trkpt lat="43.277212" lon="-2.520098"><ele>479.9</ele></trkpt>
<trkpt lat="43.277230" lon="-2.520117"><ele>479.7</ele></trkpt>
<trkpt lat="43.277243" lon="-2.520140"><ele>479.4</ele></trkpt>
<trkpt lat="43.277253" lon="-2.520166"><ele>479.3</ele></trkpt>
<trkpt lat="43.277267" lon="-2.520195"><ele>479.0</ele></trkpt>
<trkpt lat="43.277275" lon="-2.520218"><ele>478.8</ele></trkpt>
<trkpt lat="43.277283" lon="-2.520247"><ele>477.8</ele></trkpt>
<trkpt lat="43.277291" lon="-2.520272"><ele>477.6</ele></trkpt>
<trkpt lat="43.277288" lon="-2.520288"><ele>477.3</ele></trkpt>
<trkpt lat="43.277287" lon="-2.520307"><ele>476.7</ele></trkpt>
<trkpt lat="43.277290" lon="-2.520330"><ele>476.3</ele></trkpt>
<trkpt lat="43.277297" lon="-2.520353"><ele>476.1</ele></trkpt>
<trkpt lat="43.277302" lon="-2.520378"><ele>475.8</ele></trkpt>
<trkpt lat="43.277304" lon="-2.520401"><ele>475.5</ele></trkpt>
<trkpt lat="43.277306" lon="-2.520424"><ele>475.3</ele></trkpt>
<trkpt lat="43.277307" lon="-2.520446"><ele>474.5</ele></trkpt>
<trkpt lat="43.277312" lon="-2.520466"><ele>474.0</ele></trkpt>
<trkpt lat="43.277325" lon="-2.520483"><ele>473.6</ele></trkpt>
<trkpt lat="43.277343" lon="-2.520478"><ele>473.4</ele></trkpt>
<trkpt lat="43.277352" lon="-2.520459"><ele>473.4</ele></trkpt>
<trkpt lat="43.277353" lon="-2.520439"><ele>473.1</ele></trkpt>
<trkpt lat="43.277351" lon="-2.520418"><ele>472.8</ele></trkpt>
<trkpt lat="43.277350" lon="-2.520400"><ele>472.9</ele></trkpt>
<trkpt lat="43.277348" lon="-2.520382"><ele>472.6</ele></trkpt>
<trkpt lat="43.277346" lon="-2.520363"><ele>472.7</ele></trkpt>
<trkpt lat="43.277347" lon="-2.520347"><ele>472.7</ele></trkpt>
<trkpt lat="43.277346" lon="-2.520330"><ele>472.6</ele></trkpt>
<trkpt lat="43.277344" lon="-2.520315"><ele>472.6</ele></trkpt>
<trkpt lat="43.277343" lon="-2.520298"><ele>472.6</ele></trkpt>
<trkpt lat="43.277343" lon="-2.520280"><ele>472.7</ele></trkpt>
<trkpt lat="43.277341" lon="-2.520263"><ele>472.6</ele></trkpt>
<trkpt lat="43.277340" lon="-2.520241"><ele>472.6</ele></trkpt>
<trkpt lat="43.277340" lon="-2.520220"><ele>472.7</ele></trkpt>
<trkpt lat="43.277340" lon="-2.520220"><ele>472.6</ele></trkpt>
<trkpt lat="43.277338" lon="-2.520190"><ele>472.6</ele></trkpt>
<trkpt lat="43.277336" lon="-2.520174"><ele>472.6</ele></trkpt>
<trkpt lat="43.277336" lon="-2.520174"><ele>472.7</ele></trkpt>
<trkpt lat="43.277337" lon="-2.520142"><ele>472.6</ele></trkpt>
<trkpt lat="43.277338" lon="-2.520124"><ele>472.7</ele></trkpt>
<trkpt lat="43.277338" lon="-2.520124"><ele>472.6</ele></trkpt>
<trkpt lat="43.277338" lon="-2.520089"><ele>472.6</ele></trkpt>
<trkpt lat="43.277342" lon="-2.520074"><ele>472.6</ele></trkpt>
<trkpt lat="43.277348" lon="-2.520061"><ele>472.7</ele></trkpt>
<trkpt lat="43.277348" lon="-2.520054"><ele>472.6</ele></trkpt>
<trkpt lat="43.277348" lon="-2.520060"><ele>472.6</ele></trkpt>
<trkpt lat="43.277349" lon="-2.520062"><ele>472.7</ele></trkpt>
<trkpt lat="43.277349" lon="-2.520062"><ele>472.7</ele></trkpt>
<trkpt lat="43.277348" lon="-2.520062"><ele>472.4</ele></trkpt>
<trkpt lat="43.277348" lon="-2.520062"><ele>472.6</ele></trkpt>
<trkpt lat="43.277348" lon="-2.520061"><ele>472.6</ele></trkpt>
<trkpt lat="43.277349" lon="-2.520061"><ele>472.6</ele></trkpt>
<trkpt lat="43.277349" lon="-2.520061"><ele>472.6</ele></trkpt>
<trkpt lat="43.277349" lon="-2.520061"><ele>472.7</ele></trkpt>
<trkpt lat="43.277349" lon="-2.520061"><ele>472.6</ele></trkpt>
<trkpt lat="43.277349" lon="-2.520060"><ele>472.6</ele></trkpt>
<trkpt lat="43.277349" lon="-2.520060"><ele>472.6</ele></trkpt>
<trkpt lat="43.277349" lon="-2.520060"><ele>472.6</ele></trkpt>
<trkpt lat="43.277345" lon="-2.520036"><ele>472.4</ele></trkpt>
<trkpt lat="43.277342" lon="-2.520017"><ele>472.5</ele></trkpt>
<trkpt lat="43.277342" lon="-2.519994"><ele>472.2</ele></trkpt>
<trkpt lat="43.277342" lon="-2.519970"><ele>472.1</ele></trkpt>
<trkpt lat="43.277342" lon="-2.519949"><ele>471.3</ele></trkpt>
<trkpt lat="43.277342" lon="-2.519928"><ele>470.8</ele></trkpt>
<trkpt lat="43.277342" lon="-2.519905"><ele>470.7</ele></trkpt>
<trkpt lat="43.277339" lon="-2.519882"><ele>470.5</ele></trkpt>
<trkpt lat="43.277338" lon="-2.519859"><ele>470.5</ele></trkpt>
<trkpt lat="43.277336" lon="-2.519838"><ele>470.3</ele></trkpt>
<trkpt lat="43.277333" lon="-2.519820"><ele>470.2</ele></trkpt>
<trkpt lat="43.277330" lon="-2.519803"><ele>470.0</ele></trkpt>
<trkpt lat="43.277325" lon="-2.519784"><ele>469.8</ele></trkpt>
<trkpt lat="43.277321" lon="-2.519763"><ele>469.6</ele></trkpt>
<trkpt lat="43.277319" lon="-2.519743"><ele>469.5</ele></trkpt>
<trkpt lat="43.277318" lon="-2.519723"><ele>469.3</ele></trkpt>
<trkpt lat="43.277317" lon="-2.519708"><ele>469.1</ele></trkpt>
<trkpt lat="43.277315" lon="-2.519692"><ele>469.1</ele></trkpt>
<trkpt lat="43.277311" lon="-2.519676"><ele>468.9</ele></trkpt>
<trkpt lat="43.277309" lon="-2.519660"><ele>468.3</ele></trkpt>
<trkpt lat="43.277307" lon="-2.519645"><ele>468.1</ele></trkpt>
<trkpt lat="43.277303" lon="-2.519626"><ele>467.9</ele></trkpt>
<trkpt lat="43.277298" lon="-2.519609"><ele>467.9</ele></trkpt>
<trkpt lat="43.277295" lon="-2.519591"><ele>467.9</ele></trkpt>
<trkpt lat="43.277292" lon="-2.519575"><ele>467.6</ele></trkpt>
<trkpt lat="43.277287" lon="-2.519558"><ele>467.6</ele></trkpt>
<trkpt lat="43.277281" lon="-2.519540"><ele>467.0</ele></trkpt>
<trkpt lat="43.277278" lon="-2.519522"><ele>467.1</ele></trkpt>
<trkpt lat="43.277274" lon="-2.519502"><ele>466.9</ele></trkpt>
<trkpt lat="43.277270" lon="-2.519486"><ele>466.7</ele></trkpt>
<trkpt lat="43.277266" lon="-2.519469"><ele>466.6</ele></trkpt>
<trkpt lat="43.277263" lon="-2.519453"><ele>466.5</ele></trkpt>
<trkpt lat="43.277258" lon="-2.519437"><ele>466.3</ele></trkpt>
<trkpt lat="43.277255" lon="-2.519419"><ele>466.0</ele></trkpt>
<trkpt lat="43.277248" lon="-2.519400"><ele>465.8</ele></trkpt>
<trkpt lat="43.277239" lon="-2.519380"><ele>465.5</ele></trkpt>
<trkpt lat="43.277234" lon="-2.519361"><ele>464.9</ele></trkpt>
<trkpt lat="43.277228" lon="-2.519339"><ele>464.1</ele></trkpt>
<trkpt lat="43.277221" lon="-2.519317"><ele>464.0</ele></trkpt>
<trkpt lat="43.277216" lon="-2.519297"><ele>464.0</ele></trkpt>
<trkpt lat="43.277212" lon="-2.519276"><ele>464.1</ele></trkpt>
<trkpt lat="43.277208" lon="-2.519257"><ele>464.2</ele></trkpt>
<trkpt lat="43.277205" lon="-2.519238"><ele>464.3</ele></trkpt>
<trkpt lat="43.277202" lon="-2.519219"><ele>464.3</ele></trkpt>
<trkpt lat="43.277197" lon="-2.519196"><ele>464.3</ele></trkpt>
<trkpt lat="43.277190" lon="-2.519175"><ele>464.1</ele></trkpt>
<trkpt lat="43.277183" lon="-2.519150"><ele>464.1</ele></trkpt>
<trkpt lat="43.277179" lon="-2.519122"><ele>464.1</ele></trkpt>
<trkpt lat="43.277177" lon="-2.519095"><ele>464.0</ele></trkpt>
<trkpt lat="43.277183" lon="-2.519072"><ele>464.3</ele></trkpt>
<trkpt lat="43.277191" lon="-2.519049"><ele>464.2</ele></trkpt>
<trkpt lat="43.277201" lon="-2.519033"><ele>464.4</ele></trkpt>
<trkpt lat="43.277217" lon="-2.519016"><ele>464.4</ele></trkpt>
<trkpt lat="43.277231" lon="-2.519010"><ele>464.3</ele></trkpt>
<trkpt lat="43.277242" lon="-2.519007"><ele>464.1</ele></trkpt>
<trkpt lat="43.277253" lon="-2.518995"><ele>464.0</ele></trkpt>
<trkpt lat="43.277265" lon="-2.518983"><ele>464.1</ele></trkpt>
<trkpt lat="43.277277" lon="-2.518974"><ele>464.1</ele></trkpt>
<trkpt lat="43.277283" lon="-2.518958"><ele>463.9</ele></trkpt>
<trkpt lat="43.277289" lon="-2.518932"><ele>463.7</ele></trkpt>
<trkpt lat="43.277295" lon="-2.518908"><ele>463.6</ele></trkpt>
<trkpt lat="43.277300" lon="-2.518887"><ele>463.6</ele></trkpt>
<trkpt lat="43.277306" lon="-2.518869"><ele>463.7</ele></trkpt>
<trkpt lat="43.277318" lon="-2.518852"><ele>463.4</ele></trkpt>
<trkpt lat="43.277328" lon="-2.518843"><ele>463.4</ele></trkpt>
<trkpt lat="43.277336" lon="-2.518833"><ele>463.2</ele></trkpt>
<trkpt lat="43.277348" lon="-2.518820"><ele>462.9</ele></trkpt>
<trkpt lat="43.277360" lon="-2.518813"><ele>462.1</ele></trkpt>
<trkpt lat="43.277369" lon="-2.518801"><ele>461.9</ele></trkpt>
<trkpt lat="43.277375" lon="-2.518785"><ele>461.7</ele></trkpt>
<trkpt lat="43.277382" lon="-2.518772"><ele>461.3</ele></trkpt>
<trkpt lat="43.277396" lon="-2.518765"><ele>460.9</ele></trkpt>
<trkpt lat="43.277410" lon="-2.518757"><ele>460.3</ele></trkpt>
<trkpt lat="43.277423" lon="-2.518754"><ele>459.8</ele></trkpt>
<trkpt lat="43.277438" lon="-2.518743"><ele>459.6</ele></trkpt>
<trkpt lat="43.277449" lon="-2.518724"><ele>459.2</ele></trkpt>
<trkpt lat="43.277454" lon="-2.518707"><ele>459.1</ele></trkpt>
<trkpt lat="43.277443" lon="-2.518682"><ele>458.8</ele></trkpt>
<trkpt lat="43.277437" lon="-2.518665"><ele>458.0</ele></trkpt>
<trkpt lat="43.277428" lon="-2.518645"><ele>456.8</ele></trkpt>
<trkpt lat="43.277415" lon="-2.518634"><ele>456.5</ele></trkpt>
<trkpt lat="43.277402" lon="-2.518622"><ele>456.0</ele></trkpt>
<trkpt lat="43.277391" lon="-2.518612"><ele>455.7</ele></trkpt>
<trkpt lat="43.277384" lon="-2.518596"><ele>455.4</ele></trkpt>
<trkpt lat="43.277387" lon="-2.518584"><ele>455.3</ele></trkpt>
<trkpt lat="43.277398" lon="-2.518573"><ele>454.8</ele></trkpt>
<trkpt lat="43.277407" lon="-2.518558"><ele>454.0</ele></trkpt>
<trkpt lat="43.277411" lon="-2.518546"><ele>453.7</ele></trkpt>
<trkpt lat="43.277419" lon="-2.518544"><ele>453.5</ele></trkpt>
<trkpt lat="43.277435" lon="-2.518533"><ele>452.2</ele></trkpt>
<trkpt lat="43.277450" lon="-2.518519"><ele>452.0</ele></trkpt>
<trkpt lat="43.277466" lon="-2.518510"><ele>451.6</ele></trkpt>
<trkpt lat="43.277484" lon="-2.518503"><ele>451.2</ele></trkpt>
<trkpt lat="43.277500" lon="-2.518493"><ele>451.0</ele></trkpt>
<trkpt lat="43.277516" lon="-2.518484"><ele>450.6</ele></trkpt>
<trkpt lat="43.277530" lon="-2.518480"><ele>449.9</ele></trkpt>
<trkpt lat="43.277544" lon="-2.518469"><ele>449.3</ele></trkpt>
<trkpt lat="43.277562" lon="-2.518449"><ele>448.4</ele></trkpt>
<trkpt lat="43.277578" lon="-2.518430"><ele>448.3</ele></trkpt>
<trkpt lat="43.277589" lon="-2.518428"><ele>448.1</ele></trkpt>
<trkpt lat="43.277606" lon="-2.518419"><ele>447.7</ele></trkpt>
<trkpt lat="43.277623" lon="-2.518399"><ele>446.8</ele></trkpt>
<trkpt lat="43.277636" lon="-2.518378"><ele>446.5</ele></trkpt>
<trkpt lat="43.277649" lon="-2.518347"><ele>446.0</ele></trkpt>
<trkpt lat="43.277662" lon="-2.518316"><ele>445.4</ele></trkpt>
<trkpt lat="43.277677" lon="-2.518283"><ele>445.3</ele></trkpt>
<trkpt lat="43.277682" lon="-2.518251"><ele>444.8</ele></trkpt>
<trkpt lat="43.277689" lon="-2.518219"><ele>444.5</ele></trkpt>
<trkpt lat="43.277690" lon="-2.518182"><ele>444.0</ele></trkpt>
<trkpt lat="43.277678" lon="-2.518165"><ele>443.9</ele></trkpt>
<trkpt lat="43.277671" lon="-2.518146"><ele>443.5</ele></trkpt>
<trkpt lat="43.277664" lon="-2.518124"><ele>443.5</ele></trkpt>
<trkpt lat="43.277656" lon="-2.518107"><ele>443.9</ele></trkpt>
<trkpt lat="43.277650" lon="-2.518094"><ele>443.9</ele></trkpt>
<trkpt lat="43.277643" lon="-2.518073"><ele>443.9</ele></trkpt>
<trkpt lat="43.277632" lon="-2.518055"><ele>444.0</ele></trkpt>
<trkpt lat="43.277624" lon="-2.518034"><ele>444.4</ele></trkpt>
<trkpt lat="43.277616" lon="-2.518015"><ele>444.4</ele></trkpt>
<trkpt lat="43.277604" lon="-2.517996"><ele>444.8</ele></trkpt>
<trkpt lat="43.277594" lon="-2.517984"><ele>444.9</ele></trkpt>
<trkpt lat="43.277585" lon="-2.517970"><ele>445.3</ele></trkpt>
<trkpt lat="43.277577" lon="-2.517956"><ele>445.4</ele></trkpt>
<trkpt lat="43.277569" lon="-2.517945"><ele>445.5</ele></trkpt>
<trkpt lat="43.277561" lon="-2.517934"><ele>446.0</ele></trkpt>
<trkpt lat="43.277551" lon="-2.517921"><ele>446.4</ele></trkpt>
<trkpt lat="43.277542" lon="-2.517908"><ele>446.8</ele></trkpt>
<trkpt lat="43.277534" lon="-2.517894"><ele>447.1</ele></trkpt>
<trkpt lat="43.277528" lon="-2.517877"><ele>447.5</ele></trkpt>
<trkpt lat="43.277521" lon="-2.517863"><ele>447.6</ele></trkpt>
<trkpt lat="43.277513" lon="-2.517850"><ele>448.0</ele></trkpt>
<trkpt lat="43.277504" lon="-2.517839"><ele>448.6</ele></trkpt>
<trkpt lat="43.277495" lon="-2.517827"><ele>449.1</ele></trkpt>
<trkpt lat="43.277478" lon="-2.517812"><ele>449.5</ele></trkpt>
<trkpt lat="43.277464" lon="-2.517801"><ele>449.8</ele></trkpt>
<trkpt lat="43.277450" lon="-2.517795"><ele>450.5</ele></trkpt>
<trkpt lat="43.277437" lon="-2.517788"><ele>450.6</ele></trkpt>
<trkpt lat="43.277425" lon="-2.517779"><ele>451.0</ele></trkpt>
<trkpt lat="43.277416" lon="-2.517766"><ele>451.1</ele></trkpt>
<trkpt lat="43.277416" lon="-2.517766"><ele>451.3</ele></trkpt>
<trkpt lat="43.277397" lon="-2.517743"><ele>451.3</ele></trkpt>
<trkpt lat="43.277387" lon="-2.517733"><ele>451.5</ele></trkpt>
<trkpt lat="43.277376" lon="-2.517723"><ele>451.7</ele></trkpt>
<trkpt lat="43.277365" lon="-2.517716"><ele>452.0</ele></trkpt>
<trkpt lat="43.277354" lon="-2.517702"><ele>452.0</ele></trkpt>
<trkpt lat="43.277342" lon="-2.517695"><ele>452.2</ele></trkpt>
<trkpt lat="43.277341" lon="-2.517695"><ele>452.4</ele></trkpt>
<trkpt lat="43.277339" lon="-2.517693"><ele>452.5</ele></trkpt>
<trkpt lat="43.277339" lon="-2.517693"><ele>452.6</ele></trkpt>
<trkpt lat="43.277339" lon="-2.517695"><ele>452.7</ele></trkpt>
<trkpt lat="43.277345" lon="-2.517707"><ele>452.6</ele></trkpt>
<trkpt lat="43.277343" lon="-2.517707"><ele>452.7</ele></trkpt>
<trkpt lat="43.277343" lon="-2.517707"><ele>452.4</ele></trkpt>
<trkpt lat="43.277343" lon="-2.517707"><ele>452.5</ele></trkpt>
<trkpt lat="43.277343" lon="-2.517707"><ele>452.5</ele></trkpt>
<trkpt lat="43.277343" lon="-2.517707"><ele>452.5</ele></trkpt>
<trkpt lat="43.277330" lon="-2.517701"><ele>452.6</ele></trkpt>
<trkpt lat="43.277318" lon="-2.517691"><ele>452.6</ele></trkpt>
<trkpt lat="43.277318" lon="-2.517691"><ele>452.6</ele></trkpt>
<trkpt lat="43.277305" lon="-2.517655"><ele>452.7</ele></trkpt>
<trkpt lat="43.277304" lon="-2.517640"><ele>452.7</ele></trkpt>
<trkpt lat="43.277304" lon="-2.517640"><ele>452.7</ele></trkpt>
<trkpt lat="43.277302" lon="-2.517613"><ele>452.6</ele></trkpt>
<trkpt lat="43.277304" lon="-2.517609"><ele>452.2</ele></trkpt>
<trkpt lat="43.277304" lon="-2.517609"><ele>451.9</ele></trkpt>
<trkpt lat="43.277304" lon="-2.517609"><ele>451.8</ele></trkpt>
<trkpt lat="43.277304" lon="-2.517609"><ele>451.6</ele></trkpt>
<trkpt lat="43.277304" lon="-2.517609"><ele>451.6</ele></trkpt>
<trkpt lat="43.277304" lon="-2.517609"><ele>451.6</ele></trkpt>
<trkpt lat="43.277304" lon="-2.517609"><ele>451.6</ele></trkpt>
<trkpt lat="43.277304" lon="-2.517609"><ele>451.6</ele></trkpt>
<trkpt lat="43.277304" lon="-2.517609"><ele>451.6</ele></trkpt>
<trkpt lat="43.277304" lon="-2.517609"><ele>451.7</ele></trkpt>
<trkpt lat="43.277304" lon="-2.517609"><ele>451.7</ele></trkpt>
<trkpt lat="43.277304" lon="-2.517609"><ele>451.7</ele></trkpt>
<trkpt lat="43.277304" lon="-2.517609"><ele>451.6</ele></trkpt>
<trkpt lat="43.277304" lon="-2.517609"><ele>451.6</ele></trkpt>
<trkpt lat="43.277304" lon="-2.517609"><ele>451.5</ele></trkpt>
<trkpt lat="43.277304" lon="-2.517609"><ele>451.4</ele></trkpt>
<trkpt lat="43.277304" lon="-2.517609"><ele>451.5</ele></trkpt>
<trkpt lat="43.277304" lon="-2.517609"><ele>451.4</ele></trkpt>
<trkpt lat="43.277304" lon="-2.517609"><ele>451.5</ele></trkpt>
<trkpt lat="43.277306" lon="-2.517619"><ele>451.4</ele></trkpt>
<trkpt lat="43.277303" lon="-2.517621"><ele>451.4</ele></trkpt>
<trkpt lat="43.277302" lon="-2.517622"><ele>451.4</ele></trkpt>
<trkpt lat="43.277301" lon="-2.517621"><ele>451.4</ele></trkpt>
<trkpt lat="43.277301" lon="-2.517620"><ele>451.5</ele></trkpt>
<trkpt lat="43.277301" lon="-2.517620"><ele>451.4</ele></trkpt>
<trkpt lat="43.277301" lon="-2.517619"><ele>451.3</ele></trkpt>
<trkpt lat="43.277301" lon="-2.517618"><ele>451.2</ele></trkpt>
<trkpt lat="43.277300" lon="-2.517618"><ele>451.0</ele></trkpt>
<trkpt lat="43.277300" lon="-2.517618"><ele>451.0</ele></trkpt>
<trkpt lat="43.277301" lon="-2.517617"><ele>451.0</ele></trkpt>
<trkpt lat="43.277301" lon="-2.517617"><ele>451.0</ele></trkpt>
<trkpt lat="43.277300" lon="-2.517618"><ele>451.0</ele></trkpt>
<trkpt lat="43.277300" lon="-2.517617"><ele>451.0</ele></trkpt>
<trkpt lat="43.277300" lon="-2.517617"><ele>451.0</ele></trkpt>
<trkpt lat="43.277295" lon="-2.517609"><ele>451.0</ele></trkpt>
<trkpt lat="43.277288" lon="-2.517598"><ele>451.0</ele></trkpt>
<trkpt lat="43.277281" lon="-2.517585"><ele>451.1</ele></trkpt>
<trkpt lat="43.277272" lon="-2.517573"><ele>451.0</ele></trkpt>
<trkpt lat="43.277263" lon="-2.517560"><ele>450.9</ele></trkpt>
<trkpt lat="43.277253" lon="-2.517549"><ele>450.6</ele></trkpt>
<trkpt lat="43.277242" lon="-2.517538"><ele>450.2</ele></trkpt>
<trkpt lat="43.277229" lon="-2.517524"><ele>450.1</ele></trkpt>
<trkpt lat="43.277216" lon="-2.517514"><ele>449.7</ele></trkpt>
<trkpt lat="43.277198" lon="-2.517500"><ele>449.3</ele></trkpt>
<trkpt lat="43.277186" lon="-2.517485"><ele>448.5</ele></trkpt>
<trkpt lat="43.277177" lon="-2.517466"><ele>448.0</ele></trkpt>
<trkpt lat="43.277166" lon="-2.517453"><ele>447.8</ele></trkpt>
<trkpt lat="43.277152" lon="-2.517439"><ele>447.3</ele></trkpt>
<trkpt lat="43.277139" lon="-2.517428"><ele>447.3</ele></trkpt>
<trkpt lat="43.277131" lon="-2.517414"><ele>447.0</ele></trkpt>
<trkpt lat="43.277121" lon="-2.517400"><ele>446.5</ele></trkpt>
<trkpt lat="43.277111" lon="-2.517386"><ele>446.0</ele></trkpt>
<trkpt lat="43.277103" lon="-2.517371"><ele>445.5</ele></trkpt>
<trkpt lat="43.277094" lon="-2.517359"><ele>445.2</ele></trkpt>
<trkpt lat="43.277085" lon="-2.517344"><ele>444.8</ele></trkpt>
<trkpt lat="43.277078" lon="-2.517328"><ele>444.5</ele></trkpt>
<trkpt lat="43.277070" lon="-2.517311"><ele>444.3</ele></trkpt>
<trkpt lat="43.277061" lon="-2.517293"><ele>443.8</ele></trkpt>
<trkpt lat="43.277054" lon="-2.517278"><ele>443.6</ele></trkpt>
<trkpt lat="43.277047" lon="-2.517262"><ele>443.4</ele></trkpt>
<trkpt lat="43.277042" lon="-2.517243"><ele>443.3</ele></trkpt>
<trkpt lat="43.277039" lon="-2.517225"><ele>442.9</ele></trkpt>
<trkpt lat="43.277035" lon="-2.517208"><ele>442.6</ele></trkpt>
<trkpt lat="43.277033" lon="-2.517190"><ele>442.4</ele></trkpt>
<trkpt lat="43.277032" lon="-2.517170"><ele>441.7</ele></trkpt>
<trkpt lat="43.277031" lon="-2.517149"><ele>441.0</ele></trkpt>
<trkpt lat="43.277027" lon="-2.517127"><ele>440.9</ele></trkpt>
<trkpt lat="43.277025" lon="-2.517105"><ele>440.7</ele></trkpt>
<trkpt lat="43.277026" lon="-2.517084"><ele>440.5</ele></trkpt>
<trkpt lat="43.277025" lon="-2.517063"><ele>440.5</ele></trkpt>
<trkpt lat="43.277030" lon="-2.517050"><ele>440.3</ele></trkpt>
<trkpt lat="43.277032" lon="-2.517035"><ele>440.0</ele></trkpt>
<trkpt lat="43.277038" lon="-2.517022"><ele>439.6</ele></trkpt>
<trkpt lat="43.277044" lon="-2.517010"><ele>438.8</ele></trkpt>
<trkpt lat="43.277051" lon="-2.516997"><ele>438.5</ele></trkpt>
<trkpt lat="43.277061" lon="-2.516980"><ele>438.3</ele></trkpt>
<trkpt lat="43.277074" lon="-2.516968"><ele>438.1</ele></trkpt>
<trkpt lat="43.277087" lon="-2.516953"><ele>437.8</ele></trkpt>
<trkpt lat="43.277101" lon="-2.516939"><ele>437.9</ele></trkpt>
<trkpt lat="43.277115" lon="-2.516928"><ele>437.6</ele></trkpt>
<trkpt lat="43.277127" lon="-2.516915"><ele>437.5</ele></trkpt>
<trkpt lat="43.277140" lon="-2.516899"><ele>437.2</ele></trkpt>
<trkpt lat="43.277152" lon="-2.516882"><ele>436.9</ele></trkpt>
<trkpt lat="43.277169" lon="-2.516870"><ele>436.6</ele></trkpt>
<trkpt lat="43.277182" lon="-2.516858"><ele>436.2</ele></trkpt>
<trkpt lat="43.277195" lon="-2.516848"><ele>436.0</ele></trkpt>
<trkpt lat="43.277210" lon="-2.516839"><ele>436.0</ele></trkpt>
<trkpt lat="43.277224" lon="-2.516829"><ele>435.8</ele></trkpt>
<trkpt lat="43.277237" lon="-2.516817"><ele>435.7</ele></trkpt>
<trkpt lat="43.277250" lon="-2.516806"><ele>435.7</ele></trkpt>
<trkpt lat="43.277262" lon="-2.516793"><ele>435.7</ele></trkpt>
<trkpt lat="43.277275" lon="-2.516782"><ele>435.4</ele></trkpt>
<trkpt lat="43.277289" lon="-2.516770"><ele>435.5</ele></trkpt>
<trkpt lat="43.277303" lon="-2.516758"><ele>435.4</ele></trkpt>
<trkpt lat="43.277317" lon="-2.516745"><ele>435.5</ele></trkpt>
<trkpt lat="43.277329" lon="-2.516732"><ele>435.5</ele></trkpt>
<trkpt lat="43.277342" lon="-2.516721"><ele>435.5</ele></trkpt>
<trkpt lat="43.277356" lon="-2.516706"><ele>435.6</ele></trkpt>
<trkpt lat="43.277369" lon="-2.516693"><ele>435.6</ele></trkpt>
<trkpt lat="43.277384" lon="-2.516684"><ele>435.6</ele></trkpt>
<trkpt lat="43.277398" lon="-2.516674"><ele>435.7</ele></trkpt>
<trkpt lat="43.277413" lon="-2.516665"><ele>435.6</ele></trkpt>
<trkpt lat="43.277428" lon="-2.516654"><ele>435.7</ele></trkpt>
<trkpt lat="43.277444" lon="-2.516652"><ele>436.0</ele></trkpt>
<trkpt lat="43.277459" lon="-2.516644"><ele>436.0</ele></trkpt>
<trkpt lat="43.277474" lon="-2.516638"><ele>436.2</ele></trkpt>
<trkpt lat="43.277487" lon="-2.516629"><ele>436.6</ele></trkpt>
<trkpt lat="43.277501" lon="-2.516618"><ele>436.8</ele></trkpt>
<trkpt lat="43.277514" lon="-2.516612"><ele>437.1</ele></trkpt>
<trkpt lat="43.277530" lon="-2.516605"><ele>437.0</ele></trkpt>
<trkpt lat="43.277545" lon="-2.516597"><ele>437.4</ele></trkpt>
<trkpt lat="43.277560" lon="-2.516592"><ele>437.4</ele></trkpt>
<trkpt lat="43.277570" lon="-2.516578"><ele>437.6</ele></trkpt>
<trkpt lat="43.277582" lon="-2.516563"><ele>437.7</ele></trkpt>
<trkpt lat="43.277591" lon="-2.516551"><ele>438.1</ele></trkpt>
<trkpt lat="43.277601" lon="-2.516535"><ele>438.0</ele></trkpt>
<trkpt lat="43.277609" lon="-2.516515"><ele>438.1</ele></trkpt>
<trkpt lat="43.277612" lon="-2.516491"><ele>438.1</ele></trkpt>
<trkpt lat="43.277615" lon="-2.516472"><ele>437.6</ele></trkpt>
<trkpt lat="43.277614" lon="-2.516450"><ele>437.0</ele></trkpt>
<trkpt lat="43.277615" lon="-2.516430"><ele>436.5</ele></trkpt>
<trkpt lat="43.277619" lon="-2.516407"><ele>436.2</ele></trkpt>
<trkpt lat="43.277624" lon="-2.516386"><ele>436.3</ele></trkpt>
<trkpt lat="43.277625" lon="-2.516365"><ele>435.6</ele></trkpt>
<trkpt lat="43.277623" lon="-2.516346"><ele>435.4</ele></trkpt>
<trkpt lat="43.277621" lon="-2.516327"><ele>434.9</ele></trkpt>
<trkpt lat="43.277620" lon="-2.516309"><ele>434.1</ele></trkpt>
<trkpt lat="43.277618" lon="-2.516291"><ele>433.4</ele></trkpt>
<trkpt lat="43.277618" lon="-2.516273"><ele>433.3</ele></trkpt>
<trkpt lat="43.277615" lon="-2.516254"><ele>433.1</ele></trkpt>
<trkpt lat="43.277611" lon="-2.516234"><ele>433.0</ele></trkpt>
<trkpt lat="43.277607" lon="-2.516213"><ele>432.9</ele></trkpt>
<trkpt lat="43.277605" lon="-2.516192"><ele>432.8</ele></trkpt>
<trkpt lat="43.277604" lon="-2.516174"><ele>432.4</ele></trkpt>
<trkpt lat="43.277601" lon="-2.516155"><ele>432.1</ele></trkpt>
<trkpt lat="43.277600" lon="-2.516139"><ele>431.5</ele></trkpt>
<trkpt lat="43.277598" lon="-2.516123"><ele>431.0</ele></trkpt>
<trkpt lat="43.277594" lon="-2.516111"><ele>430.6</ele></trkpt>
<trkpt lat="43.277593" lon="-2.516091"><ele>430.0</ele></trkpt>
<trkpt lat="43.277596" lon="-2.516075"><ele>429.9</ele></trkpt>
<trkpt lat="43.277596" lon="-2.516056"><ele>429.9</ele></trkpt>
<trkpt lat="43.277596" lon="-2.516038"><ele>429.9</ele></trkpt>
<trkpt lat="43.277594" lon="-2.516022"><ele>429.6</ele></trkpt>
<trkpt lat="43.277595" lon="-2.516007"><ele>429.5</ele></trkpt>
<trkpt lat="43.277589" lon="-2.515987"><ele>429.1</ele></trkpt>
<trkpt lat="43.277582" lon="-2.515966"><ele>428.9</ele></trkpt>
<trkpt lat="43.277575" lon="-2.515952"><ele>428.4</ele></trkpt>
<trkpt lat="43.277570" lon="-2.515931"><ele>427.8</ele></trkpt>
<trkpt lat="43.277566" lon="-2.515915"><ele>427.4</ele></trkpt>
<trkpt lat="43.277562" lon="-2.515899"><ele>426.8</ele></trkpt>
<trkpt lat="43.277559" lon="-2.515884"><ele>426.4</ele></trkpt>
<trkpt lat="43.277557" lon="-2.515865"><ele>426.3</ele></trkpt>
<trkpt lat="43.277551" lon="-2.515846"><ele>426.0</ele></trkpt>
<trkpt lat="43.277544" lon="-2.515826"><ele>426.1</ele></trkpt>
<trkpt lat="43.277539" lon="-2.515805"><ele>425.9</ele></trkpt>
<trkpt lat="43.277538" lon="-2.515786"><ele>425.6</ele></trkpt>
<trkpt lat="43.277536" lon="-2.515766"><ele>425.3</ele></trkpt>
<trkpt lat="43.277534" lon="-2.515751"><ele>425.1</ele></trkpt>
<trkpt lat="43.277532" lon="-2.515737"><ele>424.6</ele></trkpt>
<trkpt lat="43.277530" lon="-2.515722"><ele>424.2</ele></trkpt>
<trkpt lat="43.277529" lon="-2.515704"><ele>423.8</ele></trkpt>
<trkpt lat="43.277528" lon="-2.515685"><ele>423.5</ele></trkpt>
<trkpt lat="43.277529" lon="-2.515663"><ele>423.2</ele></trkpt>
<trkpt lat="43.277528" lon="-2.515640"><ele>423.0</ele></trkpt>
<trkpt lat="43.277524" lon="-2.515622"><ele>422.7</ele></trkpt>
<trkpt lat="43.277520" lon="-2.515603"><ele>422.4</ele></trkpt>
<trkpt lat="43.277513" lon="-2.515586"><ele>422.0</ele></trkpt>
<trkpt lat="43.277502" lon="-2.515569"><ele>421.8</ele></trkpt>
<trkpt lat="43.277491" lon="-2.515559"><ele>421.4</ele></trkpt>
<trkpt lat="43.277483" lon="-2.515539"><ele>421.0</ele></trkpt>
<trkpt lat="43.277478" lon="-2.515513"><ele>420.9</ele></trkpt>
<trkpt lat="43.277473" lon="-2.515490"><ele>420.6</ele></trkpt>
<trkpt lat="43.277468" lon="-2.515468"><ele>420.3</ele></trkpt>
<trkpt lat="43.277466" lon="-2.515451"><ele>419.8</ele></trkpt>
<trkpt lat="43.277461" lon="-2.515434"><ele>419.1</ele></trkpt>
<trkpt lat="43.277449" lon="-2.515419"><ele>418.6</ele></trkpt>
<trkpt lat="43.277435" lon="-2.515404"><ele>418.4</ele></trkpt>
<trkpt lat="43.277423" lon="-2.515388"><ele>418.1</ele></trkpt>
<trkpt lat="43.277412" lon="-2.515372"><ele>417.9</ele></trkpt>
<trkpt lat="43.277399" lon="-2.515355"><ele>417.6</ele></trkpt>
<trkpt lat="43.277385" lon="-2.515338"><ele>416.7</ele></trkpt>
<trkpt lat="43.277374" lon="-2.515326"><ele>416.5</ele></trkpt>
<trkpt lat="43.277361" lon="-2.515311"><ele>416.3</ele></trkpt>
<trkpt lat="43.277348" lon="-2.515293"><ele>416.1</ele></trkpt>
<trkpt lat="43.277338" lon="-2.515274"><ele>416.0</ele></trkpt>
<trkpt lat="43.277328" lon="-2.515255"><ele>416.0</ele></trkpt>
<trkpt lat="43.277320" lon="-2.515240"><ele>415.9</ele></trkpt>
<trkpt lat="43.277306" lon="-2.515223"><ele>415.7</ele></trkpt>
<trkpt lat="43.277293" lon="-2.515212"><ele>415.4</ele></trkpt>
<trkpt lat="43.277280" lon="-2.515203"><ele>415.4</ele></trkpt>
<trkpt lat="43.277269" lon="-2.515191"><ele>415.5</ele></trkpt>
<trkpt lat="43.277259" lon="-2.515175"><ele>415.1</ele></trkpt>
<trkpt lat="43.277249" lon="-2.515153"><ele>415.1</ele></trkpt>
<trkpt lat="43.277245" lon="-2.515131"><ele>414.9</ele></trkpt>
<trkpt lat="43.277236" lon="-2.515109"><ele>414.8</ele></trkpt>
<trkpt lat="43.277221" lon="-2.515085"><ele>414.8</ele></trkpt>
<trkpt lat="43.277209" lon="-2.515067"><ele>414.7</ele></trkpt>
<trkpt lat="43.277196" lon="-2.515048"><ele>414.6</ele></trkpt>
<trkpt lat="43.277188" lon="-2.515028"><ele>414.7</ele></trkpt>
<trkpt lat="43.277183" lon="-2.515009"><ele>414.4</ele></trkpt>
<trkpt lat="43.277186" lon="-2.514991"><ele>414.1</ele></trkpt>
<trkpt lat="43.277194" lon="-2.514972"><ele>413.8</ele></trkpt>
<trkpt lat="43.277198" lon="-2.514953"><ele>413.8</ele></trkpt>
<trkpt lat="43.277202" lon="-2.514927"><ele>413.8</ele></trkpt>
<trkpt lat="43.277210" lon="-2.514908"><ele>413.6</ele></trkpt>
<trkpt lat="43.277222" lon="-2.514887"><ele>413.2</ele></trkpt>
<trkpt lat="43.277238" lon="-2.514866"><ele>412.9</ele></trkpt>
<trkpt lat="43.277253" lon="-2.514856"><ele>412.7</ele></trkpt>
<trkpt lat="43.277267" lon="-2.514843"><ele>412.5</ele></trkpt>
<trkpt lat="43.277280" lon="-2.514828"><ele>412.3</ele></trkpt>
<trkpt lat="43.277295" lon="-2.514816"><ele>412.2</ele></trkpt>
<trkpt lat="43.277315" lon="-2.514808"><ele>412.1</ele></trkpt>
<trkpt lat="43.277327" lon="-2.514802"><ele>411.9</ele></trkpt>
<trkpt lat="43.277340" lon="-2.514793"><ele>411.4</ele></trkpt>
<trkpt lat="43.277355" lon="-2.514785"><ele>410.8</ele></trkpt>
<trkpt lat="43.277371" lon="-2.514774"><ele>410.6</ele></trkpt>
<trkpt lat="43.277386" lon="-2.514764"><ele>410.1</ele></trkpt>
<trkpt lat="43.277397" lon="-2.514752"><ele>409.9</ele></trkpt>
<trkpt lat="43.277410" lon="-2.514743"><ele>409.7</ele></trkpt>
<trkpt lat="43.277423" lon="-2.514740"><ele>409.1</ele></trkpt>
<trkpt lat="43.277439" lon="-2.514730"><ele>408.4</ele></trkpt>
<trkpt lat="43.277457" lon="-2.514715"><ele>407.7</ele></trkpt>
<trkpt lat="43.277471" lon="-2.514699"><ele>407.3</ele></trkpt>
<trkpt lat="43.277488" lon="-2.514692"><ele>407.1</ele></trkpt>
<trkpt lat="43.277502" lon="-2.514689"><ele>406.6</ele></trkpt>
<trkpt lat="43.277514" lon="-2.514677"><ele>406.2</ele></trkpt>
<trkpt lat="43.277532" lon="-2.514670"><ele>405.2</ele></trkpt>
<trkpt lat="43.277544" lon="-2.514665"><ele>404.8</ele></trkpt>
<trkpt lat="43.277558" lon="-2.514659"><ele>404.4</ele></trkpt>
<trkpt lat="43.277573" lon="-2.514652"><ele>403.9</ele></trkpt>
<trkpt lat="43.277588" lon="-2.514647"><ele>403.7</ele></trkpt>
<trkpt lat="43.277601" lon="-2.514641"><ele>403.5</ele></trkpt>
<trkpt lat="43.277615" lon="-2.514633"><ele>403.2</ele></trkpt>
<trkpt lat="43.277629" lon="-2.514626"><ele>403.0</ele></trkpt>
<trkpt lat="43.277640" lon="-2.514614"><ele>402.7</ele></trkpt>
<trkpt lat="43.277653" lon="-2.514608"><ele>402.3</ele></trkpt>
<trkpt lat="43.277665" lon="-2.514599"><ele>402.0</ele></trkpt>
<trkpt lat="43.277678" lon="-2.514592"><ele>401.7</ele></trkpt>
<trkpt lat="43.277690" lon="-2.514581"><ele>401.5</ele></trkpt>
<trkpt lat="43.277707" lon="-2.514574"><ele>401.5</ele></trkpt>
<trkpt lat="43.277725" lon="-2.514560"><ele>401.2</ele></trkpt>
<trkpt lat="43.277741" lon="-2.514547"><ele>401.0</ele></trkpt>
<trkpt lat="43.277759" lon="-2.514531"><ele>400.8</ele></trkpt>
<trkpt lat="43.277776" lon="-2.514516"><ele>400.8</ele></trkpt>
<trkpt lat="43.277797" lon="-2.514497"><ele>400.7</ele></trkpt>
<trkpt lat="43.277816" lon="-2.514484"><ele>400.2</ele></trkpt>
<trkpt lat="43.277835" lon="-2.514466"><ele>399.8</ele></trkpt>
<trkpt lat="43.277857" lon="-2.514449"><ele>399.6</ele></trkpt>
<trkpt lat="43.277880" lon="-2.514442"><ele>399.1</ele></trkpt>
<trkpt lat="43.277904" lon="-2.514437"><ele>398.8</ele></trkpt>
<trkpt lat="43.277926" lon="-2.514430"><ele>398.6</ele></trkpt>
<trkpt lat="43.277948" lon="-2.514426"><ele>398.5</ele></trkpt>
<trkpt lat="43.277968" lon="-2.514421"><ele>398.4</ele></trkpt>
<trkpt lat="43.277991" lon="-2.514420"><ele>398.4</ele></trkpt>
<trkpt lat="43.278014" lon="-2.514424"><ele>398.4</ele></trkpt>
<trkpt lat="43.278033" lon="-2.514425"><ele>398.7</ele></trkpt>
<trkpt lat="43.278049" lon="-2.514433"><ele>398.7</ele></trkpt>
<trkpt lat="43.278069" lon="-2.514445"><ele>398.9</ele></trkpt>
<trkpt lat="43.278088" lon="-2.514456"><ele>399.1</ele></trkpt>
<trkpt lat="43.278110" lon="-2.514462"><ele>399.5</ele></trkpt>
<trkpt lat="43.278129" lon="-2.514467"><ele>399.4</ele></trkpt>
<trkpt lat="43.278146" lon="-2.514470"><ele>399.4</ele></trkpt>
<trkpt lat="43.278166" lon="-2.514472"><ele>399.5</ele></trkpt>
<trkpt lat="43.278186" lon="-2.514476"><ele>399.5</ele></trkpt>
<trkpt lat="43.278199" lon="-2.514486"><ele>399.1</ele></trkpt>
<trkpt lat="43.278214" lon="-2.514493"><ele>399.0</ele></trkpt>
<trkpt lat="43.278230" lon="-2.514496"><ele>398.0</ele></trkpt>
<trkpt lat="43.278252" lon="-2.514504"><ele>397.6</ele></trkpt>
<trkpt lat="43.278269" lon="-2.514510"><ele>397.4</ele></trkpt>
<trkpt lat="43.278283" lon="-2.514515"><ele>397.3</ele></trkpt>
<trkpt lat="43.278299" lon="-2.514521"><ele>397.0</ele></trkpt>
<trkpt lat="43.278318" lon="-2.514527"><ele>396.8</ele></trkpt>
<trkpt lat="43.278341" lon="-2.514527"><ele>396.5</ele></trkpt>
<trkpt lat="43.278354" lon="-2.514532"><ele>396.1</ele></trkpt>
<trkpt lat="43.278371" lon="-2.514547"><ele>395.6</ele></trkpt>
<trkpt lat="43.278386" lon="-2.514558"><ele>394.5</ele></trkpt>
<trkpt lat="43.278403" lon="-2.514575"><ele>393.9</ele></trkpt>
<trkpt lat="43.278416" lon="-2.514595"><ele>393.4</ele></trkpt>
<trkpt lat="43.278429" lon="-2.514620"><ele>392.9</ele></trkpt>
<trkpt lat="43.278438" lon="-2.514638"><ele>392.6</ele></trkpt>
<trkpt lat="43.278449" lon="-2.514656"><ele>392.0</ele></trkpt>
<trkpt lat="43.278462" lon="-2.514673"><ele>391.9</ele></trkpt>
<trkpt lat="43.278477" lon="-2.514687"><ele>391.9</ele></trkpt>
<trkpt lat="43.278487" lon="-2.514705"><ele>391.6</ele></trkpt>
<trkpt lat="43.278499" lon="-2.514721"><ele>391.2</ele></trkpt>
<trkpt lat="43.278517" lon="-2.514734"><ele>390.5</ele></trkpt>
<trkpt lat="43.278531" lon="-2.514745"><ele>390.2</ele></trkpt>
<trkpt lat="43.278543" lon="-2.514755"><ele>389.8</ele></trkpt>
<trkpt lat="43.278558" lon="-2.514764"><ele>389.6</ele></trkpt>
<trkpt lat="43.278571" lon="-2.514778"><ele>389.6</ele></trkpt>
<trkpt lat="43.278571" lon="-2.514778"><ele>389.7</ele></trkpt>
<trkpt lat="43.278582" lon="-2.514784"><ele>389.6</ele></trkpt>
<trkpt lat="43.278594" lon="-2.514797"><ele>389.6</ele></trkpt>
<trkpt lat="43.278607" lon="-2.514813"><ele>389.4</ele></trkpt>
<trkpt lat="43.278621" lon="-2.514830"><ele>389.2</ele></trkpt>
<trkpt lat="43.278631" lon="-2.514849"><ele>389.0</ele></trkpt>
<trkpt lat="43.278641" lon="-2.514868"><ele>389.1</ele></trkpt>
<trkpt lat="43.278663" lon="-2.514895"><ele>388.7</ele></trkpt>
<trkpt lat="43.278675" lon="-2.514908"><ele>388.2</ele></trkpt>
<trkpt lat="43.278687" lon="-2.514922"><ele>388.0</ele></trkpt>
<trkpt lat="43.278700" lon="-2.514937"><ele>387.7</ele></trkpt>
<trkpt lat="43.278713" lon="-2.514953"><ele>387.5</ele></trkpt>
<trkpt lat="43.278727" lon="-2.514969"><ele>387.3</ele></trkpt>
<trkpt lat="43.278744" lon="-2.514980"><ele>387.2</ele></trkpt>
<trkpt lat="43.278757" lon="-2.514994"><ele>387.0</ele></trkpt>
<trkpt lat="43.278770" lon="-2.515007"><ele>387.0</ele></trkpt>
<trkpt lat="43.278783" lon="-2.515019"><ele>386.8</ele></trkpt>
<trkpt lat="43.278797" lon="-2.515032"><ele>386.9</ele></trkpt>
<trkpt lat="43.278812" lon="-2.515038"><ele>386.8</ele></trkpt>
<trkpt lat="43.278826" lon="-2.515045"><ele>386.9</ele></trkpt>
<trkpt lat="43.278838" lon="-2.515054"><ele>387.1</ele></trkpt>
<trkpt lat="43.278849" lon="-2.515059"><ele>387.4</ele></trkpt>
<trkpt lat="43.278853" lon="-2.515057"><ele>387.5</ele></trkpt>
<trkpt lat="43.278851" lon="-2.515058"><ele>387.4</ele></trkpt>
<trkpt lat="43.278851" lon="-2.515054"><ele>387.4</ele></trkpt>
<trkpt lat="43.278851" lon="-2.515054"><ele>387.4</ele></trkpt>
<trkpt lat="43.278839" lon="-2.515042"><ele>387.5</ele></trkpt>
<trkpt lat="43.278827" lon="-2.515034"><ele>387.4</ele></trkpt>
<trkpt lat="43.278813" lon="-2.515023"><ele>387.4</ele></trkpt>
<trkpt lat="43.278800" lon="-2.515009"><ele>387.2</ele></trkpt>
<trkpt lat="43.278791" lon="-2.514993"><ele>387.1</ele></trkpt>
<trkpt lat="43.278781" lon="-2.514975"><ele>386.7</ele></trkpt>
<trkpt lat="43.278770" lon="-2.514957"><ele>386.4</ele></trkpt>
<trkpt lat="43.278761" lon="-2.514940"><ele>386.3</ele></trkpt>
<trkpt lat="43.278756" lon="-2.514923"><ele>386.0</ele></trkpt>
<trkpt lat="43.278752" lon="-2.514905"><ele>385.9</ele></trkpt>
<trkpt lat="43.278746" lon="-2.514890"><ele>385.6</ele></trkpt>
<trkpt lat="43.278736" lon="-2.514870"><ele>385.3</ele></trkpt>
<trkpt lat="43.278728" lon="-2.514855"><ele>384.8</ele></trkpt>
<trkpt lat="43.278721" lon="-2.514838"><ele>384.7</ele></trkpt>
<trkpt lat="43.278717" lon="-2.514822"><ele>384.5</ele></trkpt>
<trkpt lat="43.278714" lon="-2.514807"><ele>384.0</ele></trkpt>
<trkpt lat="43.278710" lon="-2.514793"><ele>383.4</ele></trkpt>
<trkpt lat="43.278707" lon="-2.514780"><ele>383.5</ele></trkpt>
<trkpt lat="43.278703" lon="-2.514766"><ele>383.3</ele></trkpt>
<trkpt lat="43.278699" lon="-2.514750"><ele>383.1</ele></trkpt>
<trkpt lat="43.278695" lon="-2.514738"><ele>382.9</ele></trkpt>
<trkpt lat="43.278691" lon="-2.514722"><ele>382.6</ele></trkpt>
<trkpt lat="43.278688" lon="-2.514708"><ele>382.5</ele></trkpt>
<trkpt lat="43.278682" lon="-2.514692"><ele>382.2</ele></trkpt>
<trkpt lat="43.278678" lon="-2.514674"><ele>382.1</ele></trkpt>
<trkpt lat="43.278673" lon="-2.514652"><ele>381.8</ele></trkpt>
<trkpt lat="43.278667" lon="-2.514630"><ele>381.8</ele></trkpt>
<trkpt lat="43.278664" lon="-2.514610"><ele>381.6</ele></trkpt>
<trkpt lat="43.278660" lon="-2.514584"><ele>381.4</ele></trkpt>
<trkpt lat="43.278657" lon="-2.514560"><ele>381.2</ele></trkpt>
<trkpt lat="43.278654" lon="-2.514542"><ele>380.9</ele></trkpt>
<trkpt lat="43.278648" lon="-2.514518"><ele>380.7</ele></trkpt>
<trkpt lat="43.278647" lon="-2.514500"><ele>380.4</ele></trkpt>
<trkpt lat="43.278645" lon="-2.514479"><ele>380.2</ele></trkpt>
<trkpt lat="43.278644" lon="-2.514459"><ele>379.3</ele></trkpt>
<trkpt lat="43.278643" lon="-2.514442"><ele>378.9</ele></trkpt>
<trkpt lat="43.278643" lon="-2.514421"><ele>378.3</ele></trkpt>
<trkpt lat="43.278645" lon="-2.514397"><ele>377.9</ele></trkpt>
<trkpt lat="43.278644" lon="-2.514372"><ele>377.3</ele></trkpt>
<trkpt lat="43.278650" lon="-2.514345"><ele>376.7</ele></trkpt>
<trkpt lat="43.278658" lon="-2.514315"><ele>376.1</ele></trkpt>
<trkpt lat="43.278666" lon="-2.514291"><ele>375.2</ele></trkpt>
<trkpt lat="43.278674" lon="-2.514272"><ele>374.4</ele></trkpt>
<trkpt lat="43.278684" lon="-2.514255"><ele>373.6</ele></trkpt>
<trkpt lat="43.278697" lon="-2.514245"><ele>373.0</ele></trkpt>
<trkpt lat="43.278711" lon="-2.514228"><ele>372.6</ele></trkpt>
<trkpt lat="43.278721" lon="-2.514210"><ele>372.1</ele></trkpt>
<trkpt lat="43.278730" lon="-2.514198"><ele>371.8</ele></trkpt>
<trkpt lat="43.278744" lon="-2.514180"><ele>371.5</ele></trkpt>
<trkpt lat="43.278755" lon="-2.514168"><ele>370.8</ele></trkpt>
<trkpt lat="43.278768" lon="-2.514156"><ele>370.6</ele></trkpt>
<trkpt lat="43.278779" lon="-2.514145"><ele>370.0</ele></trkpt>
<trkpt lat="43.278793" lon="-2.514129"><ele>369.6</ele></trkpt>
<trkpt lat="43.278806" lon="-2.514119"><ele>369.1</ele></trkpt>
<trkpt lat="43.278823" lon="-2.514105"><ele>368.2</ele></trkpt>
<trkpt lat="43.278837" lon="-2.514097"><ele>367.8</ele></trkpt>
<trkpt lat="43.278854" lon="-2.514092"><ele>367.3</ele></trkpt>
<trkpt lat="43.278869" lon="-2.514084"><ele>366.4</ele></trkpt>
<trkpt lat="43.278880" lon="-2.514073"><ele>366.1</ele></trkpt>
<trkpt lat="43.278895" lon="-2.514058"><ele>365.9</ele></trkpt>
<trkpt lat="43.278911" lon="-2.514046"><ele>365.4</ele></trkpt>
<trkpt lat="43.278922" lon="-2.514036"><ele>365.3</ele></trkpt>
<trkpt lat="43.278938" lon="-2.514024"><ele>364.9</ele></trkpt>
<trkpt lat="43.278956" lon="-2.514010"><ele>364.5</ele></trkpt>
<trkpt lat="43.278968" lon="-2.514002"><ele>363.9</ele></trkpt>
<trkpt lat="43.278981" lon="-2.513994"><ele>363.5</ele></trkpt>
<trkpt lat="43.279000" lon="-2.513984"><ele>362.9</ele></trkpt>
<trkpt lat="43.279019" lon="-2.513973"><ele>362.4</ele></trkpt>
<trkpt lat="43.279031" lon="-2.513965"><ele>362.2</ele></trkpt>
<trkpt lat="43.279046" lon="-2.513949"><ele>361.7</ele></trkpt>
<trkpt lat="43.279065" lon="-2.513935"><ele>361.3</ele></trkpt>
<trkpt lat="43.279082" lon="-2.513931"><ele>360.7</ele></trkpt>
<trkpt lat="43.279100" lon="-2.513920"><ele>360.3</ele></trkpt>
<trkpt lat="43.279116" lon="-2.513913"><ele>359.0</ele></trkpt>
<trkpt lat="43.279132" lon="-2.513902"><ele>358.7</ele></trkpt>
<trkpt lat="43.279148" lon="-2.513892"><ele>357.9</ele></trkpt>
<trkpt lat="43.279163" lon="-2.513883"><ele>357.9</ele></trkpt>
<trkpt lat="43.279179" lon="-2.513879"><ele>357.4</ele></trkpt>
<trkpt lat="43.279195" lon="-2.513878"><ele>357.0</ele></trkpt>
<trkpt lat="43.279210" lon="-2.513876"><ele>357.1</ele></trkpt>
<trkpt lat="43.279225" lon="-2.513868"><ele>356.8</ele></trkpt>
<trkpt lat="43.279239" lon="-2.513862"><ele>356.6</ele></trkpt>
<trkpt lat="43.279255" lon="-2.513858"><ele>356.3</ele></trkpt>
<trkpt lat="43.279268" lon="-2.513854"><ele>355.8</ele></trkpt>
<trkpt lat="43.279282" lon="-2.513853"><ele>355.6</ele></trkpt>
<trkpt lat="43.279297" lon="-2.513848"><ele>355.5</ele></trkpt>
<trkpt lat="43.279310" lon="-2.513842"><ele>355.0</ele></trkpt>
<trkpt lat="43.279323" lon="-2.513838"><ele>354.5</ele></trkpt>
<trkpt lat="43.279338" lon="-2.513837"><ele>354.3</ele></trkpt>
<trkpt lat="43.279351" lon="-2.513830"><ele>353.9</ele></trkpt>
<trkpt lat="43.279364" lon="-2.513824"><ele>353.4</ele></trkpt>
<trkpt lat="43.279379" lon="-2.513818"><ele>353.0</ele></trkpt>
<trkpt lat="43.279391" lon="-2.513808"><ele>352.8</ele></trkpt>
<trkpt lat="43.279405" lon="-2.513797"><ele>352.6</ele></trkpt>
<trkpt lat="43.279418" lon="-2.513788"><ele>352.2</ele></trkpt>
<trkpt lat="43.279431" lon="-2.513777"><ele>352.0</ele></trkpt>
<trkpt lat="43.279444" lon="-2.513764"><ele>352.1</ele></trkpt>
<trkpt lat="43.279455" lon="-2.513748"><ele>351.8</ele></trkpt>
<trkpt lat="43.279461" lon="-2.513730"><ele>351.8</ele></trkpt>
<trkpt lat="43.279466" lon="-2.513709"><ele>351.9</ele></trkpt>
<trkpt lat="43.279474" lon="-2.513691"><ele>351.8</ele></trkpt>
<trkpt lat="43.279481" lon="-2.513674"><ele>351.9</ele></trkpt>
<trkpt lat="43.279488" lon="-2.513657"><ele>351.9</ele></trkpt>
<trkpt lat="43.279495" lon="-2.513644"><ele>351.9</ele></trkpt>
<trkpt lat="43.279501" lon="-2.513629"><ele>352.0</ele></trkpt>
<trkpt lat="43.279506" lon="-2.513610"><ele>352.0</ele></trkpt>
<trkpt lat="43.279513" lon="-2.513591"><ele>352.0</ele></trkpt>
<trkpt lat="43.279515" lon="-2.513570"><ele>352.2</ele></trkpt>
<trkpt lat="43.279509" lon="-2.513547"><ele>352.2</ele></trkpt>
<trkpt lat="43.279494" lon="-2.513528"><ele>352.3</ele></trkpt>
<trkpt lat="43.279477" lon="-2.513515"><ele>352.4</ele></trkpt>
<trkpt lat="43.279460" lon="-2.513503"><ele>352.5</ele></trkpt>
<trkpt lat="43.279442" lon="-2.513493"><ele>352.5</ele></trkpt>
<trkpt lat="43.279427" lon="-2.513484"><ele>352.2</ele></trkpt>
<trkpt lat="43.279412" lon="-2.513473"><ele>352.3</ele></trkpt>
<trkpt lat="43.279393" lon="-2.513468"><ele>352.3</ele></trkpt>
<trkpt lat="43.279374" lon="-2.513466"><ele>352.1</ele></trkpt>
<trkpt lat="43.279356" lon="-2.513465"><ele>352.1</ele></trkpt>
<trkpt lat="43.279342" lon="-2.513471"><ele>351.8</ele></trkpt>
<trkpt lat="43.279327" lon="-2.513479"><ele>351.8</ele></trkpt>
<trkpt lat="43.279325" lon="-2.513470"><ele>351.8</ele></trkpt>
<trkpt lat="43.279312" lon="-2.513457"><ele>351.8</ele></trkpt>
<trkpt lat="43.279293" lon="-2.513452"><ele>351.8</ele></trkpt>
<trkpt lat="43.279278" lon="-2.513449"><ele>351.7</ele></trkpt>
<trkpt lat="43.279266" lon="-2.513445"><ele>351.2</ele></trkpt>
<trkpt lat="43.279254" lon="-2.513445"><ele>350.6</ele></trkpt>
<trkpt lat="43.279241" lon="-2.513445"><ele>349.8</ele></trkpt>
<trkpt lat="43.279227" lon="-2.513446"><ele>349.6</ele></trkpt>
<trkpt lat="43.279209" lon="-2.513441"><ele>349.3</ele></trkpt>
<trkpt lat="43.279195" lon="-2.513445"><ele>348.7</ele></trkpt>
<trkpt lat="43.279181" lon="-2.513449"><ele>348.4</ele></trkpt>
<trkpt lat="43.279166" lon="-2.513460"><ele>348.5</ele></trkpt>
<trkpt lat="43.279150" lon="-2.513465"><ele>348.2</ele></trkpt>
<trkpt lat="43.279136" lon="-2.513471"><ele>347.8</ele></trkpt>
<trkpt lat="43.279121" lon="-2.513473"><ele>347.8</ele></trkpt>
<trkpt lat="43.279107" lon="-2.513478"><ele>347.5</ele></trkpt>
<trkpt lat="43.279094" lon="-2.513484"><ele>347.3</ele></trkpt>
<trkpt lat="43.279080" lon="-2.513489"><ele>347.3</ele></trkpt>
<trkpt lat="43.279066" lon="-2.513493"><ele>347.3</ele></trkpt>
<trkpt lat="43.279051" lon="-2.513496"><ele>347.1</ele></trkpt>
<trkpt lat="43.279035" lon="-2.513496"><ele>347.1</ele></trkpt>
<trkpt lat="43.279022" lon="-2.513491"><ele>346.9</ele></trkpt>
<trkpt lat="43.279008" lon="-2.513490"><ele>346.7</ele></trkpt>
<trkpt lat="43.278992" lon="-2.513488"><ele>346.4</ele></trkpt>
<trkpt lat="43.278976" lon="-2.513483"><ele>345.9</ele></trkpt>
<trkpt lat="43.278963" lon="-2.513476"><ele>345.8</ele></trkpt>
<trkpt lat="43.278949" lon="-2.513475"><ele>345.8</ele></trkpt>
<trkpt lat="43.278933" lon="-2.513474"><ele>345.9</ele></trkpt>
<trkpt lat="43.278912" lon="-2.513475"><ele>345.8</ele></trkpt>
<trkpt lat="43.278895" lon="-2.513474"><ele>345.6</ele></trkpt>
<trkpt lat="43.278880" lon="-2.513472"><ele>345.6</ele></trkpt>
<trkpt lat="43.278865" lon="-2.513469"><ele>345.7</ele></trkpt>
<trkpt lat="43.278852" lon="-2.513467"><ele>344.8</ele></trkpt>
<trkpt lat="43.278837" lon="-2.513466"><ele>344.4</ele></trkpt>
<trkpt lat="43.278821" lon="-2.513457"><ele>344.3</ele></trkpt>
<trkpt lat="43.278808" lon="-2.513453"><ele>344.0</ele></trkpt>
<trkpt lat="43.278794" lon="-2.513445"><ele>344.0</ele></trkpt>
<trkpt lat="43.278779" lon="-2.513438"><ele>343.6</ele></trkpt>
<trkpt lat="43.278762" lon="-2.513429"><ele>343.4</ele></trkpt>
<trkpt lat="43.278747" lon="-2.513426"><ele>343.0</ele></trkpt>
<trkpt lat="43.278733" lon="-2.513420"><ele>342.5</ele></trkpt>
<trkpt lat="43.278716" lon="-2.513413"><ele>342.1</ele></trkpt>
<trkpt lat="43.278701" lon="-2.513406"><ele>341.7</ele></trkpt>
<trkpt lat="43.278687" lon="-2.513397"><ele>341.6</ele></trkpt>
<trkpt lat="43.278675" lon="-2.513389"><ele>341.4</ele></trkpt>
<trkpt lat="43.278662" lon="-2.513385"><ele>341.2</ele></trkpt>
<trkpt lat="43.278648" lon="-2.513384"><ele>341.3</ele></trkpt>
<trkpt lat="43.278636" lon="-2.513375"><ele>341.0</ele></trkpt>
<trkpt lat="43.278623" lon="-2.513369"><ele>340.9</ele></trkpt>
<trkpt lat="43.278610" lon="-2.513365"><ele>340.6</ele></trkpt>
<trkpt lat="43.278598" lon="-2.513362"><ele>340.7</ele></trkpt>
<trkpt lat="43.278583" lon="-2.513351"><ele>339.8</ele></trkpt>
<trkpt lat="43.278566" lon="-2.513347"><ele>339.4</ele></trkpt>
<trkpt lat="43.278550" lon="-2.513335"><ele>339.5</ele></trkpt>
<trkpt lat="43.278534" lon="-2.513326"><ele>339.2</ele></trkpt>
<trkpt lat="43.278523" lon="-2.513317"><ele>339.1</ele></trkpt>
<trkpt lat="43.278508" lon="-2.513317"><ele>338.9</ele></trkpt>
<trkpt lat="43.278494" lon="-2.513312"><ele>338.6</ele></trkpt>
<trkpt lat="43.278478" lon="-2.513313"><ele>338.7</ele></trkpt>
<trkpt lat="43.278464" lon="-2.513311"><ele>338.4</ele></trkpt>
<trkpt lat="43.278452" lon="-2.513306"><ele>338.3</ele></trkpt>
<trkpt lat="43.278438" lon="-2.513302"><ele>338.2</ele></trkpt>
<trkpt lat="43.278426" lon="-2.513304"><ele>338.0</ele></trkpt>
<trkpt lat="43.278412" lon="-2.513320"><ele>338.0</ele></trkpt>
<trkpt lat="43.278402" lon="-2.513325"><ele>338.0</ele></trkpt>
<trkpt lat="43.278392" lon="-2.513324"><ele>337.8</ele></trkpt>
<trkpt lat="43.278383" lon="-2.513320"><ele>337.6</ele></trkpt>
<trkpt lat="43.278375" lon="-2.513314"><ele>337.5</ele></trkpt>
<trkpt lat="43.278363" lon="-2.513306"><ele>337.2</ele></trkpt>
<trkpt lat="43.278353" lon="-2.513308"><ele>337.1</ele></trkpt>
<trkpt lat="43.278341" lon="-2.513311"><ele>336.8</ele></trkpt>
<trkpt lat="43.278330" lon="-2.513308"><ele>336.6</ele></trkpt>
<trkpt lat="43.278316" lon="-2.513305"><ele>336.5</ele></trkpt>
<trkpt lat="43.278304" lon="-2.513300"><ele>336.4</ele></trkpt>
<trkpt lat="43.278292" lon="-2.513296"><ele>336.3</ele></trkpt>
<trkpt lat="43.278280" lon="-2.513293"><ele>336.1</ele></trkpt>
<trkpt lat="43.278267" lon="-2.513288"><ele>335.9</ele></trkpt>
<trkpt lat="43.278253" lon="-2.513279"><ele>335.6</ele></trkpt>
<trkpt lat="43.278243" lon="-2.513274"><ele>335.6</ele></trkpt>
<trkpt lat="43.278232" lon="-2.513269"><ele>335.2</ele></trkpt>
<trkpt lat="43.278219" lon="-2.513264"><ele>335.3</ele></trkpt>
<trkpt lat="43.278207" lon="-2.513257"><ele>335.0</ele></trkpt>
<trkpt lat="43.278203" lon="-2.513234"><ele>334.6</ele></trkpt>
<trkpt lat="43.278194" lon="-2.513218"><ele>334.7</ele></trkpt>
<trkpt lat="43.278184" lon="-2.513206"><ele>334.4</ele></trkpt>
<trkpt lat="43.278174" lon="-2.513196"><ele>334.3</ele></trkpt>
<trkpt lat="43.278163" lon="-2.513191"><ele>334.1</ele></trkpt>
<trkpt lat="43.278154" lon="-2.513187"><ele>333.9</ele></trkpt>
<trkpt lat="43.278143" lon="-2.513179"><ele>333.6</ele></trkpt>
<trkpt lat="43.278131" lon="-2.513171"><ele>333.4</ele></trkpt>
<trkpt lat="43.278118" lon="-2.513165"><ele>333.4</ele></trkpt>
<trkpt lat="43.278106" lon="-2.513160"><ele>333.2</ele></trkpt>
<trkpt lat="43.278094" lon="-2.513151"><ele>333.3</ele></trkpt>
<trkpt lat="43.278082" lon="-2.513141"><ele>332.9</ele></trkpt>
<trkpt lat="43.278069" lon="-2.513131"><ele>332.7</ele></trkpt>
<trkpt lat="43.278055" lon="-2.513121"><ele>332.4</ele></trkpt>
<trkpt lat="43.278043" lon="-2.513108"><ele>332.4</ele></trkpt>
<trkpt lat="43.278034" lon="-2.513095"><ele>332.4</ele></trkpt>
<trkpt lat="43.278021" lon="-2.513087"><ele>332.5</ele></trkpt>
<trkpt lat="43.278006" lon="-2.513078"><ele>332.3</ele></trkpt>
<trkpt lat="43.278006" lon="-2.513078"><ele>332.3</ele></trkpt>
<trkpt lat="43.277995" lon="-2.513067"><ele>332.3</ele></trkpt>
<trkpt lat="43.277983" lon="-2.513055"><ele>332.2</ele></trkpt>
<trkpt lat="43.277956" lon="-2.513027"><ele>332.2</ele></trkpt>
<trkpt lat="43.277941" lon="-2.513015"><ele>332.2</ele></trkpt>
<trkpt lat="43.277929" lon="-2.513002"><ele>332.2</ele></trkpt>
<trkpt lat="43.277918" lon="-2.512988"><ele>332.3</ele></trkpt>
<trkpt lat="43.277908" lon="-2.512975"><ele>332.4</ele></trkpt>
<trkpt lat="43.277901" lon="-2.512961"><ele>332.4</ele></trkpt>
<trkpt lat="43.277895" lon="-2.512946"><ele>332.4</ele></trkpt>
<trkpt lat="43.277887" lon="-2.512930"><ele>332.4</ele></trkpt>
<trkpt lat="43.277882" lon="-2.512913"><ele>332.3</ele></trkpt>
<trkpt lat="43.277875" lon="-2.512896"><ele>332.3</ele></trkpt>
<trkpt lat="43.277872" lon="-2.512887"><ele>332.3</ele></trkpt>
<trkpt lat="43.277866" lon="-2.512874"><ele>332.3</ele></trkpt>
<trkpt lat="43.277855" lon="-2.512864"><ele>332.2</ele></trkpt>
<trkpt lat="43.277848" lon="-2.512852"><ele>332.6</ele></trkpt>
<trkpt lat="43.277842" lon="-2.512837"><ele>332.8</ele></trkpt>
<trkpt lat="43.277835" lon="-2.512824"><ele>332.9</ele></trkpt>
<trkpt lat="43.277828" lon="-2.512810"><ele>332.8</ele></trkpt>
<trkpt lat="43.277818" lon="-2.512792"><ele>332.8</ele></trkpt>
<trkpt lat="43.277811" lon="-2.512775"><ele>332.8</ele></trkpt>
<trkpt lat="43.277805" lon="-2.512760"><ele>332.8</ele></trkpt>
<trkpt lat="43.277796" lon="-2.512740"><ele>332.9</ele></trkpt>
<trkpt lat="43.277789" lon="-2.512722"><ele>332.9</ele></trkpt>
<trkpt lat="43.277782" lon="-2.512700"><ele>332.8</ele></trkpt>
<trkpt lat="43.277779" lon="-2.512673"><ele>332.7</ele></trkpt>
<trkpt lat="43.277770" lon="-2.512658"><ele>332.7</ele></trkpt>
<trkpt lat="43.277765" lon="-2.512639"><ele>332.7</ele></trkpt>
<trkpt lat="43.277758" lon="-2.512623"><ele>332.8</ele></trkpt>
<trkpt lat="43.277751" lon="-2.512607"><ele>332.8</ele></trkpt>
<trkpt lat="43.277744" lon="-2.512590"><ele>332.7</ele></trkpt>
<trkpt lat="43.277736" lon="-2.512575"><ele>332.7</ele></trkpt>
<trkpt lat="43.277727" lon="-2.512558"><ele>332.7</ele></trkpt>
<trkpt lat="43.277721" lon="-2.512543"><ele>332.4</ele></trkpt>
<trkpt lat="43.277713" lon="-2.512526"><ele>332.4</ele></trkpt>
<trkpt lat="43.277707" lon="-2.512512"><ele>332.4</ele></trkpt>
<trkpt lat="43.277694" lon="-2.512496"><ele>332.5</ele></trkpt>
<trkpt lat="43.277680" lon="-2.512479"><ele>332.3</ele></trkpt>
<trkpt lat="43.277666" lon="-2.512467"><ele>332.1</ele></trkpt>
<trkpt lat="43.277651" lon="-2.512451"><ele>331.4</ele></trkpt>
<trkpt lat="43.277639" lon="-2.512439"><ele>331.2</ele></trkpt>
<trkpt lat="43.277625" lon="-2.512428"><ele>331.2</ele></trkpt>
<trkpt lat="43.277610" lon="-2.512417"><ele>331.0</ele></trkpt>
<trkpt lat="43.277597" lon="-2.512408"><ele>331.0</ele></trkpt>
<trkpt lat="43.277583" lon="-2.512398"><ele>330.8</ele></trkpt>
<trkpt lat="43.277572" lon="-2.512390"><ele>330.9</ele></trkpt>
<trkpt lat="43.277558" lon="-2.512383"><ele>330.7</ele></trkpt>
<trkpt lat="43.277541" lon="-2.512378"><ele>330.6</ele></trkpt>
<trkpt lat="43.277524" lon="-2.512372"><ele>330.6</ele></trkpt>
<trkpt lat="43.277505" lon="-2.512370"><ele>330.7</ele></trkpt>
<trkpt lat="43.277487" lon="-2.512369"><ele>330.5</ele></trkpt>
<trkpt lat="43.277469" lon="-2.512370"><ele>330.5</ele></trkpt>
<trkpt lat="43.277456" lon="-2.512366"><ele>330.2</ele></trkpt>
<trkpt lat="43.277441" lon="-2.512360"><ele>330.1</ele></trkpt>
<trkpt lat="43.277428" lon="-2.512354"><ele>329.4</ele></trkpt>
<trkpt lat="43.277415" lon="-2.512350"><ele>328.6</ele></trkpt>
<trkpt lat="43.277402" lon="-2.512348"><ele>328.5</ele></trkpt>
<trkpt lat="43.277390" lon="-2.512349"><ele>328.2</ele></trkpt>
<trkpt lat="43.277377" lon="-2.512348"><ele>328.1</ele></trkpt>
<trkpt lat="43.277365" lon="-2.512344"><ele>327.9</ele></trkpt>
<trkpt lat="43.277355" lon="-2.512338"><ele>327.4</ele></trkpt>
<trkpt lat="43.277345" lon="-2.512334"><ele>327.2</ele></trkpt>
<trkpt lat="43.277334" lon="-2.512331"><ele>327.2</ele></trkpt>
<trkpt lat="43.277322" lon="-2.512330"><ele>327.0</ele></trkpt>
<trkpt lat="43.277311" lon="-2.512333"><ele>327.0</ele></trkpt>
<trkpt lat="43.277299" lon="-2.512327"><ele>327.0</ele></trkpt>
<trkpt lat="43.277289" lon="-2.512318"><ele>326.8</ele></trkpt>
<trkpt lat="43.277277" lon="-2.512312"><ele>326.6</ele></trkpt>
<trkpt lat="43.277266" lon="-2.512304"><ele>326.6</ele></trkpt>
<trkpt lat="43.277256" lon="-2.512296"><ele>326.6</ele></trkpt>
<trkpt lat="43.277245" lon="-2.512288"><ele>326.3</ele></trkpt>
<trkpt lat="43.277233" lon="-2.512279"><ele>326.0</ele></trkpt>
<trkpt lat="43.277222" lon="-2.512267"><ele>326.0</ele></trkpt>
<trkpt lat="43.277211" lon="-2.512256"><ele>326.0</ele></trkpt>
<trkpt lat="43.277200" lon="-2.512246"><ele>325.7</ele></trkpt>
<trkpt lat="43.277189" lon="-2.512236"><ele>325.3</ele></trkpt>
<trkpt lat="43.277178" lon="-2.512227"><ele>325.1</ele></trkpt>
<trkpt lat="43.277168" lon="-2.512223"><ele>324.9</ele></trkpt>
<trkpt lat="43.277156" lon="-2.512215"><ele>324.6</ele></trkpt>
<trkpt lat="43.277146" lon="-2.512202"><ele>324.5</ele></trkpt>
<trkpt lat="43.277135" lon="-2.512195"><ele>324.2</ele></trkpt>
<trkpt lat="43.277122" lon="-2.512186"><ele>324.0</ele></trkpt>
<trkpt lat="43.277109" lon="-2.512179"><ele>323.6</ele></trkpt>
<trkpt lat="43.277098" lon="-2.512169"><ele>323.6</ele></trkpt>
<trkpt lat="43.277084" lon="-2.512163"><ele>323.5</ele></trkpt>
<trkpt lat="43.277073" lon="-2.512154"><ele>323.3</ele></trkpt>
<trkpt lat="43.277062" lon="-2.512143"><ele>323.1</ele></trkpt>
<trkpt lat="43.277053" lon="-2.512132"><ele>322.9</ele></trkpt>
<trkpt lat="43.277042" lon="-2.512130"><ele>322.8</ele></trkpt>
<trkpt lat="43.277029" lon="-2.512125"><ele>322.6</ele></trkpt>
<trkpt lat="43.277018" lon="-2.512117"><ele>322.5</ele></trkpt>
<trkpt lat="43.277008" lon="-2.512108"><ele>322.3</ele></trkpt>
<trkpt lat="43.276997" lon="-2.512098"><ele>321.8</ele></trkpt>
<trkpt lat="43.276986" lon="-2.512088"><ele>321.6</ele></trkpt>
<trkpt lat="43.276975" lon="-2.512079"><ele>321.6</ele></trkpt>
<trkpt lat="43.276965" lon="-2.512070"><ele>321.2</ele></trkpt>
<trkpt lat="43.276955" lon="-2.512062"><ele>321.1</ele></trkpt>
<trkpt lat="43.276944" lon="-2.512059"><ele>320.9</ele></trkpt>
<trkpt lat="43.276936" lon="-2.512046"><ele>320.6</ele></trkpt>
<trkpt lat="43.276922" lon="-2.512031"><ele>320.5</ele></trkpt>
<trkpt lat="43.276901" lon="-2.512018"><ele>320.2</ele></trkpt>
<trkpt lat="43.276887" lon="-2.512006"><ele>320.0</ele></trkpt>
<trkpt lat="43.276876" lon="-2.511995"><ele>319.9</ele></trkpt>
<trkpt lat="43.276868" lon="-2.511985"><ele>319.2</ele></trkpt>
<trkpt lat="43.276852" lon="-2.511972"><ele>318.7</ele></trkpt>
<trkpt lat="43.276840" lon="-2.511962"><ele>318.5</ele></trkpt>
<trkpt lat="43.276832" lon="-2.511950"><ele>318.2</ele></trkpt>
<trkpt lat="43.276819" lon="-2.511937"><ele>318.0</ele></trkpt>
<trkpt lat="43.276804" lon="-2.511930"><ele>317.8</ele></trkpt>
<trkpt lat="43.276787" lon="-2.511920"><ele>317.9</ele></trkpt>
<trkpt lat="43.276775" lon="-2.511911"><ele>317.6</ele></trkpt>
<trkpt lat="43.276762" lon="-2.511904"><ele>317.7</ele></trkpt>
<trkpt lat="43.276750" lon="-2.511894"><ele>317.5</ele></trkpt>
<trkpt lat="43.276732" lon="-2.511883"><ele>317.0</ele></trkpt>
<trkpt lat="43.276721" lon="-2.511873"><ele>316.7</ele></trkpt>
<trkpt lat="43.276708" lon="-2.511859"><ele>316.5</ele></trkpt>
<trkpt lat="43.276693" lon="-2.511844"><ele>316.0</ele></trkpt>
<trkpt lat="43.276680" lon="-2.511833"><ele>315.8</ele></trkpt>
<trkpt lat="43.276666" lon="-2.511825"><ele>315.8</ele></trkpt>
<trkpt lat="43.276652" lon="-2.511814"><ele>315.6</ele></trkpt>
<trkpt lat="43.276641" lon="-2.511805"><ele>315.4</ele></trkpt>
<trkpt lat="43.276625" lon="-2.511791"><ele>314.9</ele></trkpt>
<trkpt lat="43.276609" lon="-2.511781"><ele>314.7</ele></trkpt>
<trkpt lat="43.276596" lon="-2.511765"><ele>314.4</ele></trkpt>
<trkpt lat="43.276585" lon="-2.511749"><ele>314.0</ele></trkpt>
<trkpt lat="43.276573" lon="-2.511731"><ele>312.7</ele></trkpt>
<trkpt lat="43.276564" lon="-2.511715"><ele>311.8</ele></trkpt>
<trkpt lat="43.276556" lon="-2.511701"><ele>311.6</ele></trkpt>
<trkpt lat="43.276550" lon="-2.511690"><ele>311.5</ele></trkpt>
<trkpt lat="43.276542" lon="-2.511677"><ele>311.5</ele></trkpt>
<trkpt lat="43.276536" lon="-2.511661"><ele>311.5</ele></trkpt>
<trkpt lat="43.276530" lon="-2.511646"><ele>311.2</ele></trkpt>
<trkpt lat="43.276521" lon="-2.511628"><ele>311.4</ele></trkpt>
<trkpt lat="43.276513" lon="-2.511614"><ele>311.4</ele></trkpt>
<trkpt lat="43.276507" lon="-2.511596"><ele>311.5</ele></trkpt>
<trkpt lat="43.276500" lon="-2.511582"><ele>311.3</ele></trkpt>
<trkpt lat="43.276493" lon="-2.511566"><ele>310.9</ele></trkpt>
<trkpt lat="43.276483" lon="-2.511549"><ele>310.7</ele></trkpt>
<trkpt lat="43.276474" lon="-2.511535"><ele>310.6</ele></trkpt>
<trkpt lat="43.276465" lon="-2.511519"><ele>310.4</ele></trkpt>
<trkpt lat="43.276454" lon="-2.511501"><ele>309.4</ele></trkpt>
<trkpt lat="43.276445" lon="-2.511482"><ele>308.6</ele></trkpt>
<trkpt lat="43.276430" lon="-2.511467"><ele>308.4</ele></trkpt>
<trkpt lat="43.276419" lon="-2.511451"><ele>308.3</ele></trkpt>
<trkpt lat="43.276411" lon="-2.511434"><ele>308.1</ele></trkpt>
<trkpt lat="43.276402" lon="-2.511415"><ele>307.8</ele></trkpt>
<trkpt lat="43.276394" lon="-2.511399"><ele>307.6</ele></trkpt>
<trkpt lat="43.276385" lon="-2.511383"><ele>307.1</ele></trkpt>
<trkpt lat="43.276375" lon="-2.511369"><ele>306.8</ele></trkpt>
<trkpt lat="43.276365" lon="-2.511353"><ele>306.7</ele></trkpt>
<trkpt lat="43.276352" lon="-2.511339"><ele>306.4</ele></trkpt>
<trkpt lat="43.276342" lon="-2.511325"><ele>306.3</ele></trkpt>
<trkpt lat="43.276339" lon="-2.511312"><ele>306.1</ele></trkpt>
<trkpt lat="43.276334" lon="-2.511298"><ele>305.9</ele></trkpt>
<trkpt lat="43.276325" lon="-2.511292"><ele>305.8</ele></trkpt>
<trkpt lat="43.276318" lon="-2.511278"><ele>305.6</ele></trkpt>
<trkpt lat="43.276312" lon="-2.511261"><ele>305.6</ele></trkpt>
<trkpt lat="43.276306" lon="-2.511244"><ele>305.4</ele></trkpt>
<trkpt lat="43.276298" lon="-2.511228"><ele>305.0</ele></trkpt>
<trkpt lat="43.276288" lon="-2.511210"><ele>304.8</ele></trkpt>
<trkpt lat="43.276282" lon="-2.511197"><ele>304.6</ele></trkpt>
<trkpt lat="43.276276" lon="-2.511185"><ele>304.5</ele></trkpt>
<trkpt lat="43.276264" lon="-2.511171"><ele>304.3</ele></trkpt>
<trkpt lat="43.276254" lon="-2.511157"><ele>304.0</ele></trkpt>
<trkpt lat="43.276249" lon="-2.511140"><ele>303.9</ele></trkpt>
<trkpt lat="43.276235" lon="-2.511118"><ele>303.2</ele></trkpt>
<trkpt lat="43.276224" lon="-2.511097"><ele>302.9</ele></trkpt>
<trkpt lat="43.276218" lon="-2.511077"><ele>302.6</ele></trkpt>
<trkpt lat="43.276215" lon="-2.511060"><ele>302.5</ele></trkpt>
<trkpt lat="43.276209" lon="-2.511043"><ele>302.4</ele></trkpt>
<trkpt lat="43.276202" lon="-2.511024"><ele>302.1</ele></trkpt>
<trkpt lat="43.276195" lon="-2.511002"><ele>301.8</ele></trkpt>
<trkpt lat="43.276189" lon="-2.510979"><ele>301.8</ele></trkpt>
<trkpt lat="43.276177" lon="-2.510962"><ele>301.4</ele></trkpt>
<trkpt lat="43.276168" lon="-2.510944"><ele>301.2</ele></trkpt>
<trkpt lat="43.276160" lon="-2.510927"><ele>301.1</ele></trkpt>
<trkpt lat="43.276153" lon="-2.510911"><ele>300.0</ele></trkpt>
<trkpt lat="43.276149" lon="-2.510898"><ele>299.6</ele></trkpt>
<trkpt lat="43.276138" lon="-2.510875"><ele>299.4</ele></trkpt>
<trkpt lat="43.276132" lon="-2.510857"><ele>299.3</ele></trkpt>
<trkpt lat="43.276122" lon="-2.510839"><ele>299.3</ele></trkpt>
<trkpt lat="43.276111" lon="-2.510821"><ele>299.0</ele></trkpt>
<trkpt lat="43.276100" lon="-2.510803"><ele>298.8</ele></trkpt>
<trkpt lat="43.276089" lon="-2.510783"><ele>298.9</ele></trkpt>
<trkpt lat="43.276077" lon="-2.510764"><ele>298.8</ele></trkpt>
<trkpt lat="43.276066" lon="-2.510749"><ele>298.6</ele></trkpt>
<trkpt lat="43.276058" lon="-2.510735"><ele>298.6</ele></trkpt>
<trkpt lat="43.276051" lon="-2.510722"><ele>298.2</ele></trkpt>
<trkpt lat="43.276038" lon="-2.510706"><ele>298.0</ele></trkpt>
<trkpt lat="43.276027" lon="-2.510694"><ele>297.5</ele></trkpt>
<trkpt lat="43.276016" lon="-2.510684"><ele>297.3</ele></trkpt>
<trkpt lat="43.276001" lon="-2.510671"><ele>297.1</ele></trkpt>
<trkpt lat="43.275987" lon="-2.510661"><ele>296.6</ele></trkpt>
<trkpt lat="43.275972" lon="-2.510646"><ele>296.0</ele></trkpt>
<trkpt lat="43.275960" lon="-2.510635"><ele>295.8</ele></trkpt>
<trkpt lat="43.275949" lon="-2.510622"><ele>295.5</ele></trkpt>
<trkpt lat="43.275936" lon="-2.510604"><ele>295.5</ele></trkpt>
<trkpt lat="43.275926" lon="-2.510586"><ele>295.2</ele></trkpt>
<trkpt lat="43.275915" lon="-2.510564"><ele>295.0</ele></trkpt>
<trkpt lat="43.275908" lon="-2.510542"><ele>294.9</ele></trkpt>
<trkpt lat="43.275899" lon="-2.510523"><ele>294.5</ele></trkpt>
<trkpt lat="43.275893" lon="-2.510506"><ele>294.1</ele></trkpt>
<trkpt lat="43.275888" lon="-2.510490"><ele>294.1</ele></trkpt>
<trkpt lat="43.275881" lon="-2.510478"><ele>293.9</ele></trkpt>
<trkpt lat="43.275868" lon="-2.510466"><ele>293.7</ele></trkpt>
<trkpt lat="43.275860" lon="-2.510450"><ele>293.2</ele></trkpt>
<trkpt lat="43.275849" lon="-2.510430"><ele>293.2</ele></trkpt>
<trkpt lat="43.275840" lon="-2.510412"><ele>293.0</ele></trkpt>
<trkpt lat="43.275831" lon="-2.510393"><ele>292.9</ele></trkpt>
<trkpt lat="43.275821" lon="-2.510375"><ele>292.6</ele></trkpt>
<trkpt lat="43.275810" lon="-2.510360"><ele>292.4</ele></trkpt>
<trkpt lat="43.275799" lon="-2.510350"><ele>292.2</ele></trkpt>
<trkpt lat="43.275786" lon="-2.510336"><ele>292.2</ele></trkpt>
<trkpt lat="43.275771" lon="-2.510321"><ele>291.7</ele></trkpt>
<trkpt lat="43.275759" lon="-2.510305"><ele>291.5</ele></trkpt>
<trkpt lat="43.275747" lon="-2.510291"><ele>291.2</ele></trkpt>
<trkpt lat="43.275735" lon="-2.510277"><ele>290.3</ele></trkpt>
<trkpt lat="43.275724" lon="-2.510264"><ele>289.3</ele></trkpt>
<trkpt lat="43.275711" lon="-2.510249"><ele>288.8</ele></trkpt>
<trkpt lat="43.275698" lon="-2.510239"><ele>288.5</ele></trkpt>
<trkpt lat="43.275684" lon="-2.510230"><ele>288.3</ele></trkpt>
<trkpt lat="43.275673" lon="-2.510220"><ele>288.3</ele></trkpt>
<trkpt lat="43.275662" lon="-2.510210"><ele>288.2</ele></trkpt>
<trkpt lat="43.275649" lon="-2.510201"><ele>288.2</ele></trkpt>
<trkpt lat="43.275635" lon="-2.510190"><ele>288.2</ele></trkpt>
<trkpt lat="43.275622" lon="-2.510178"><ele>288.2</ele></trkpt>
<trkpt lat="43.275608" lon="-2.510163"><ele>288.2</ele></trkpt>
<trkpt lat="43.275598" lon="-2.510150"><ele>288.2</ele></trkpt>
<trkpt lat="43.275585" lon="-2.510139"><ele>288.1</ele></trkpt>
<trkpt lat="43.275573" lon="-2.510128"><ele>287.7</ele></trkpt>
<trkpt lat="43.275562" lon="-2.510115"><ele>287.5</ele></trkpt>
<trkpt lat="43.275555" lon="-2.510101"><ele>287.3</ele></trkpt>
<trkpt lat="43.275548" lon="-2.510084"><ele>287.3</ele></trkpt>
<trkpt lat="43.275539" lon="-2.510069"><ele>287.1</ele></trkpt>
<trkpt lat="43.275528" lon="-2.510050"><ele>286.9</ele></trkpt>
<trkpt lat="43.275518" lon="-2.510036"><ele>286.3</ele></trkpt>
<trkpt lat="43.275508" lon="-2.510020"><ele>286.0</ele></trkpt>
<trkpt lat="43.275497" lon="-2.510003"><ele>285.6</ele></trkpt>
<trkpt lat="43.275488" lon="-2.509983"><ele>285.7</ele></trkpt>
<trkpt lat="43.275480" lon="-2.509964"><ele>285.5</ele></trkpt>
<trkpt lat="43.275471" lon="-2.509946"><ele>285.0</ele></trkpt>
<trkpt lat="43.275463" lon="-2.509929"><ele>284.6</ele></trkpt>
<trkpt lat="43.275457" lon="-2.509914"><ele>284.4</ele></trkpt>
<trkpt lat="43.275447" lon="-2.509898"><ele>284.1</ele></trkpt>
<trkpt lat="43.275439" lon="-2.509879"><ele>283.6</ele></trkpt>
<trkpt lat="43.275429" lon="-2.509859"><ele>283.7</ele></trkpt>
<trkpt lat="43.275418" lon="-2.509839"><ele>283.5</ele></trkpt>
<trkpt lat="43.275406" lon="-2.509820"><ele>283.3</ele></trkpt>
<trkpt lat="43.275396" lon="-2.509803"><ele>283.1</ele></trkpt>
<trkpt lat="43.275387" lon="-2.509786"><ele>282.6</ele></trkpt>
<trkpt lat="43.275380" lon="-2.509770"><ele>282.4</ele></trkpt>
<trkpt lat="43.275371" lon="-2.509753"><ele>282.2</ele></trkpt>
<trkpt lat="43.275363" lon="-2.509740"><ele>281.9</ele></trkpt>
<trkpt lat="43.275355" lon="-2.509726"><ele>281.6</ele></trkpt>
<trkpt lat="43.275348" lon="-2.509708"><ele>281.7</ele></trkpt>
<trkpt lat="43.275343" lon="-2.509691"><ele>281.5</ele></trkpt>
<trkpt lat="43.275336" lon="-2.509674"><ele>281.2</ele></trkpt>
<trkpt lat="43.275326" lon="-2.509654"><ele>280.7</ele></trkpt>
<trkpt lat="43.275317" lon="-2.509640"><ele>280.4</ele></trkpt>
<trkpt lat="43.275308" lon="-2.509624"><ele>280.3</ele></trkpt>
<trkpt lat="43.275300" lon="-2.509610"><ele>280.1</ele></trkpt>
<trkpt lat="43.275291" lon="-2.509590"><ele>279.8</ele></trkpt>
<trkpt lat="43.275283" lon="-2.509570"><ele>279.4</ele></trkpt>
<trkpt lat="43.275273" lon="-2.509550"><ele>279.0</ele></trkpt>
<trkpt lat="43.275263" lon="-2.509528"><ele>279.0</ele></trkpt>
<trkpt lat="43.275252" lon="-2.509509"><ele>278.7</ele></trkpt>
<trkpt lat="43.275245" lon="-2.509497"><ele>278.5</ele></trkpt>
<trkpt lat="43.275238" lon="-2.509485"><ele>277.8</ele></trkpt>
<trkpt lat="43.275231" lon="-2.509470"><ele>277.3</ele></trkpt>
<trkpt lat="43.275222" lon="-2.509450"><ele>277.0</ele></trkpt>
<trkpt lat="43.275213" lon="-2.509432"><ele>276.9</ele></trkpt>
<trkpt lat="43.275205" lon="-2.509414"><ele>276.7</ele></trkpt>
<trkpt lat="43.275196" lon="-2.509392"><ele>276.2</ele></trkpt>
<trkpt lat="43.275185" lon="-2.509371"><ele>276.2</ele></trkpt>
<trkpt lat="43.275177" lon="-2.509356"><ele>276.0</ele></trkpt>
<trkpt lat="43.275168" lon="-2.509336"><ele>275.6</ele></trkpt>
<trkpt lat="43.275156" lon="-2.509318"><ele>275.4</ele></trkpt>
<trkpt lat="43.275150" lon="-2.509300"><ele>275.1</ele></trkpt>
<trkpt lat="43.275150" lon="-2.509300"><ele>274.8</ele></trkpt>
<trkpt lat="43.275136" lon="-2.509267"><ele>274.4</ele></trkpt>
<trkpt lat="43.275125" lon="-2.509245"><ele>273.5</ele></trkpt>
<trkpt lat="43.275119" lon="-2.509227"><ele>273.3</ele></trkpt>
<trkpt lat="43.275112" lon="-2.509208"><ele>272.8</ele></trkpt>
<trkpt lat="43.275107" lon="-2.509189"><ele>272.7</ele></trkpt>
<trkpt lat="43.275101" lon="-2.509168"><ele>272.3</ele></trkpt>
<trkpt lat="43.275095" lon="-2.509148"><ele>271.9</ele></trkpt>
<trkpt lat="43.275087" lon="-2.509130"><ele>271.6</ele></trkpt>
<trkpt lat="43.275081" lon="-2.509111"><ele>271.5</ele></trkpt>
<trkpt lat="43.275074" lon="-2.509095"><ele>271.2</ele></trkpt>
<trkpt lat="43.275072" lon="-2.509087"><ele>270.8</ele></trkpt>
<trkpt lat="43.275071" lon="-2.509084"><ele>270.6</ele></trkpt>
<trkpt lat="43.275069" lon="-2.509084"><ele>270.7</ele></trkpt>
<trkpt lat="43.275068" lon="-2.509084"><ele>270.5</ele></trkpt>
<trkpt lat="43.275067" lon="-2.509084"><ele>270.5</ele></trkpt>
<trkpt lat="43.275068" lon="-2.509084"><ele>270.5</ele></trkpt>
<trkpt lat="43.275066" lon="-2.509084"><ele>270.4</ele></trkpt>
<trkpt lat="43.275066" lon="-2.509084"><ele>270.3</ele></trkpt>
<trkpt lat="43.275065" lon="-2.509084"><ele>270.2</ele></trkpt>
<trkpt lat="43.275060" lon="-2.509073"><ele>270.3</ele></trkpt>
<trkpt lat="43.275056" lon="-2.509065"><ele>270.2</ele></trkpt>
<trkpt lat="43.275053" lon="-2.509058"><ele>269.8</ele></trkpt>
<trkpt lat="43.275049" lon="-2.509048"><ele>269.6</ele></trkpt>
<trkpt lat="43.275045" lon="-2.509033"><ele>269.4</ele></trkpt>
<trkpt lat="43.275041" lon="-2.509020"><ele>269.4</ele></trkpt>
<trkpt lat="43.275037" lon="-2.509006"><ele>269.2</ele></trkpt>
<trkpt lat="43.275036" lon="-2.508993"><ele>269.0</ele></trkpt>
<trkpt lat="43.275037" lon="-2.508987"><ele>269.0</ele></trkpt>
<trkpt lat="43.275039" lon="-2.508982"><ele>268.6</ele></trkpt>
<trkpt lat="43.275040" lon="-2.508974"><ele>268.7</ele></trkpt>
<trkpt lat="43.275044" lon="-2.508964"><ele>268.7</ele></trkpt>
<trkpt lat="43.275046" lon="-2.508962"><ele>268.5</ele></trkpt>
<trkpt lat="43.275048" lon="-2.508960"><ele>268.0</ele></trkpt>
<trkpt lat="43.275051" lon="-2.508959"><ele>267.8</ele></trkpt>
<trkpt lat="43.275055" lon="-2.508951"><ele>267.5</ele></trkpt>
<trkpt lat="43.275059" lon="-2.508944"><ele>267.2</ele></trkpt>
<trkpt lat="43.275066" lon="-2.508938"><ele>267.0</ele></trkpt>
<trkpt lat="43.275068" lon="-2.508928"><ele>266.6</ele></trkpt>
<trkpt lat="43.275066" lon="-2.508913"><ele>266.1</ele></trkpt>
<trkpt lat="43.275066" lon="-2.508904"><ele>265.7</ele></trkpt>
<trkpt lat="43.275064" lon="-2.508892"><ele>265.2</ele></trkpt>
<trkpt lat="43.275065" lon="-2.508873"><ele>264.9</ele></trkpt>
<trkpt lat="43.275063" lon="-2.508866"><ele>264.8</ele></trkpt>
<trkpt lat="43.275064" lon="-2.508857"><ele>264.7</ele></trkpt>
<trkpt lat="43.275066" lon="-2.508851"><ele>264.7</ele></trkpt>
<trkpt lat="43.275066" lon="-2.508845"><ele>264.4</ele></trkpt>
<trkpt lat="43.275067" lon="-2.508842"><ele>263.9</ele></trkpt>
<trkpt lat="43.275069" lon="-2.508840"><ele>263.6</ele></trkpt>
<trkpt lat="43.275073" lon="-2.508828"><ele>262.8</ele></trkpt>
<trkpt lat="43.275074" lon="-2.508812"><ele>262.4</ele></trkpt>
<trkpt lat="43.275070" lon="-2.508794"><ele>262.2</ele></trkpt>
<trkpt lat="43.275068" lon="-2.508780"><ele>261.9</ele></trkpt>
<trkpt lat="43.275066" lon="-2.508761"><ele>261.5</ele></trkpt>
<trkpt lat="43.275066" lon="-2.508743"><ele>261.3</ele></trkpt>
<trkpt lat="43.275061" lon="-2.508724"><ele>260.8</ele></trkpt>
<trkpt lat="43.275050" lon="-2.508715"><ele>260.3</ele></trkpt>
<trkpt lat="43.275044" lon="-2.508706"><ele>259.9</ele></trkpt>
<trkpt lat="43.275036" lon="-2.508703"><ele>259.8</ele></trkpt>
<trkpt lat="43.275029" lon="-2.508703"><ele>259.5</ele></trkpt>
<trkpt lat="43.275019" lon="-2.508695"><ele>259.2</ele></trkpt>
<trkpt lat="43.275022" lon="-2.508684"><ele>259.1</ele></trkpt>
<trkpt lat="43.275024" lon="-2.508669"><ele>258.8</ele></trkpt>
<trkpt lat="43.275025" lon="-2.508660"><ele>258.4</ele></trkpt>
<trkpt lat="43.275024" lon="-2.508649"><ele>257.9</ele></trkpt>
<trkpt lat="43.275022" lon="-2.508636"><ele>257.7</ele></trkpt>
<trkpt lat="43.275020" lon="-2.508627"><ele>257.2</ele></trkpt>
<trkpt lat="43.275018" lon="-2.508614"><ele>256.7</ele></trkpt>
<trkpt lat="43.275017" lon="-2.508605"><ele>256.6</ele></trkpt>
<trkpt lat="43.275021" lon="-2.508596"><ele>256.1</ele></trkpt>
<trkpt lat="43.275022" lon="-2.508584"><ele>255.6</ele></trkpt>
<trkpt lat="43.275014" lon="-2.508573"><ele>255.5</ele></trkpt>
<trkpt lat="43.275009" lon="-2.508566"><ele>255.1</ele></trkpt>
<trkpt lat="43.275011" lon="-2.508557"><ele>254.3</ele></trkpt>
<trkpt lat="43.275012" lon="-2.508545"><ele>254.1</ele></trkpt>
<trkpt lat="43.275012" lon="-2.508529"><ele>253.6</ele></trkpt>
<trkpt lat="43.275012" lon="-2.508520"><ele>253.4</ele></trkpt>
<trkpt lat="43.275012" lon="-2.508509"><ele>253.2</ele></trkpt>
<trkpt lat="43.275017" lon="-2.508497"><ele>252.9</ele></trkpt>
<trkpt lat="43.275021" lon="-2.508490"><ele>252.7</ele></trkpt>
<trkpt lat="43.275023" lon="-2.508475"><ele>252.5</ele></trkpt>
<trkpt lat="43.275023" lon="-2.508454"><ele>251.8</ele></trkpt>
<trkpt lat="43.275017" lon="-2.508441"><ele>251.5</ele></trkpt>
<trkpt lat="43.275009" lon="-2.508428"><ele>251.5</ele></trkpt>
<trkpt lat="43.275003" lon="-2.508409"><ele>251.1</ele></trkpt>
<trkpt lat="43.275002" lon="-2.508389"><ele>251.1</ele></trkpt>
<trkpt lat="43.274997" lon="-2.508373"><ele>250.9</ele></trkpt>
<trkpt lat="43.274985" lon="-2.508363"><ele>250.4</ele></trkpt>
<trkpt lat="43.274976" lon="-2.508352"><ele>250.2</ele></trkpt>
<trkpt lat="43.274967" lon="-2.508341"><ele>249.8</ele></trkpt>
<trkpt lat="43.274961" lon="-2.508330"><ele>249.5</ele></trkpt>
<trkpt lat="43.274955" lon="-2.508315"><ele>249.5</ele></trkpt>
<trkpt lat="43.274947" lon="-2.508301"><ele>249.2</ele></trkpt>
<trkpt lat="43.274939" lon="-2.508296"><ele>248.9</ele></trkpt>
<trkpt lat="43.274931" lon="-2.508289"><ele>248.5</ele></trkpt>
<trkpt lat="43.274926" lon="-2.508277"><ele>248.3</ele></trkpt>
<trkpt lat="43.274921" lon="-2.508266"><ele>247.8</ele></trkpt>
<trkpt lat="43.274915" lon="-2.508257"><ele>247.6</ele></trkpt>
<trkpt lat="43.274910" lon="-2.508245"><ele>247.7</ele></trkpt>
<trkpt lat="43.274905" lon="-2.508235"><ele>247.1</ele></trkpt>
<trkpt lat="43.274900" lon="-2.508228"><ele>246.8</ele></trkpt>
<trkpt lat="43.274898" lon="-2.508219"><ele>246.6</ele></trkpt>
<trkpt lat="43.274897" lon="-2.508217"><ele>246.2</ele></trkpt>
<trkpt lat="43.274896" lon="-2.508208"><ele>246.0</ele></trkpt>
<trkpt lat="43.274887" lon="-2.508205"><ele>245.7</ele></trkpt>
<trkpt lat="43.274881" lon="-2.508193"><ele>245.3</ele></trkpt>
<trkpt lat="43.274880" lon="-2.508184"><ele>244.7</ele></trkpt>
<trkpt lat="43.274880" lon="-2.508173"><ele>244.5</ele></trkpt>
<trkpt lat="43.274881" lon="-2.508160"><ele>243.9</ele></trkpt>
<trkpt lat="43.274880" lon="-2.508149"><ele>243.1</ele></trkpt>
<trkpt lat="43.274878" lon="-2.508142"><ele>242.7</ele></trkpt>
<trkpt lat="43.274876" lon="-2.508131"><ele>242.5</ele></trkpt>
<trkpt lat="43.274872" lon="-2.508118"><ele>242.5</ele></trkpt>
<trkpt lat="43.274868" lon="-2.508109"><ele>242.2</ele></trkpt>
<trkpt lat="43.274862" lon="-2.508096"><ele>242.0</ele></trkpt>
<trkpt lat="43.274858" lon="-2.508083"><ele>241.8</ele></trkpt>
<trkpt lat="43.274853" lon="-2.508068"><ele>241.9</ele></trkpt>
<trkpt lat="43.274849" lon="-2.508053"><ele>241.7</ele></trkpt>
<trkpt lat="43.274847" lon="-2.508035"><ele>241.4</ele></trkpt>
<trkpt lat="43.274841" lon="-2.508022"><ele>241.1</ele></trkpt>
<trkpt lat="43.274831" lon="-2.508008"><ele>240.9</ele></trkpt>
<trkpt lat="43.274824" lon="-2.507999"><ele>240.3</ele></trkpt>
<trkpt lat="43.274816" lon="-2.507985"><ele>240.0</ele></trkpt>
<trkpt lat="43.274820" lon="-2.507965"><ele>239.6</ele></trkpt>
<trkpt lat="43.274817" lon="-2.507942"><ele>239.3</ele></trkpt>
<trkpt lat="43.274814" lon="-2.507930"><ele>238.9</ele></trkpt>
<trkpt lat="43.274810" lon="-2.507917"><ele>238.0</ele></trkpt>
<trkpt lat="43.274807" lon="-2.507904"><ele>237.8</ele></trkpt>
<trkpt lat="43.274806" lon="-2.507892"><ele>237.6</ele></trkpt>
<trkpt lat="43.274806" lon="-2.507875"><ele>237.1</ele></trkpt>
<trkpt lat="43.274805" lon="-2.507850"><ele>236.3</ele></trkpt>
<trkpt lat="43.274804" lon="-2.507832"><ele>236.2</ele></trkpt>
<trkpt lat="43.274797" lon="-2.507815"><ele>236.1</ele></trkpt>
<trkpt lat="43.274790" lon="-2.507797"><ele>235.7</ele></trkpt>
<trkpt lat="43.274786" lon="-2.507782"><ele>235.4</ele></trkpt>
<trkpt lat="43.274782" lon="-2.507764"><ele>234.9</ele></trkpt>
<trkpt lat="43.274779" lon="-2.507746"><ele>234.4</ele></trkpt>
<trkpt lat="43.274771" lon="-2.507728"><ele>234.2</ele></trkpt>
<trkpt lat="43.274763" lon="-2.507713"><ele>234.3</ele></trkpt>
<trkpt lat="43.274755" lon="-2.507700"><ele>233.9</ele></trkpt>
<trkpt lat="43.274752" lon="-2.507688"><ele>233.6</ele></trkpt>
<trkpt lat="43.274750" lon="-2.507674"><ele>233.4</ele></trkpt>
<trkpt lat="43.274749" lon="-2.507668"><ele>233.3</ele></trkpt>
<trkpt lat="43.274749" lon="-2.507667"><ele>232.9</ele></trkpt>
<trkpt lat="43.274750" lon="-2.507673"><ele>232.3</ele></trkpt>
<trkpt lat="43.274752" lon="-2.507678"><ele>231.8</ele></trkpt>
<trkpt lat="43.274749" lon="-2.507673"><ele>231.7</ele></trkpt>
<trkpt lat="43.274744" lon="-2.507659"><ele>231.5</ele></trkpt>
<trkpt lat="43.274742" lon="-2.507647"><ele>231.5</ele></trkpt>
<trkpt lat="43.274741" lon="-2.507634"><ele>231.5</ele></trkpt>
<trkpt lat="43.274738" lon="-2.507623"><ele>231.2</ele></trkpt>
<trkpt lat="43.274737" lon="-2.507614"><ele>231.1</ele></trkpt>
<trkpt lat="43.274735" lon="-2.507600"><ele>230.6</ele></trkpt>
<trkpt lat="43.274731" lon="-2.507581"><ele>230.2</ele></trkpt>
<trkpt lat="43.274721" lon="-2.507559"><ele>230.0</ele></trkpt>
<trkpt lat="43.274706" lon="-2.507540"><ele>229.8</ele></trkpt>
<trkpt lat="43.274693" lon="-2.507529"><ele>229.7</ele></trkpt>
<trkpt lat="43.274686" lon="-2.507511"><ele>229.2</ele></trkpt>
<trkpt lat="43.274674" lon="-2.507488"><ele>228.9</ele></trkpt>
<trkpt lat="43.274660" lon="-2.507478"><ele>228.7</ele></trkpt>
<trkpt lat="43.274648" lon="-2.507466"><ele>228.7</ele></trkpt>
<trkpt lat="43.274633" lon="-2.507452"><ele>228.7</ele></trkpt>
<trkpt lat="43.274619" lon="-2.507442"><ele>228.5</ele></trkpt>
<trkpt lat="43.274610" lon="-2.507435"><ele>228.3</ele></trkpt>
<trkpt lat="43.274603" lon="-2.507427"><ele>228.3</ele></trkpt>
<trkpt lat="43.274601" lon="-2.507411"><ele>228.0</ele></trkpt>
<trkpt lat="43.274602" lon="-2.507390"><ele>228.0</ele></trkpt>
<trkpt lat="43.274602" lon="-2.507379"><ele>227.8</ele></trkpt>
<trkpt lat="43.274601" lon="-2.507373"><ele>227.6</ele></trkpt>
<trkpt lat="43.274604" lon="-2.507362"><ele>227.3</ele></trkpt>
<trkpt lat="43.274610" lon="-2.507345"><ele>226.8</ele></trkpt>
<trkpt lat="43.274612" lon="-2.507333"><ele>226.4</ele></trkpt>
<trkpt lat="43.274614" lon="-2.507315"><ele>225.8</ele></trkpt>
<trkpt lat="43.274614" lon="-2.507296"><ele>225.5</ele></trkpt>
<trkpt lat="43.274612" lon="-2.507277"><ele>225.0</ele></trkpt>
<trkpt lat="43.274608" lon="-2.507258"><ele>224.2</ele></trkpt>
<trkpt lat="43.274597" lon="-2.507239"><ele>223.7</ele></trkpt>
<trkpt lat="43.274587" lon="-2.507224"><ele>223.4</ele></trkpt>
<trkpt lat="43.274580" lon="-2.507208"><ele>223.1</ele></trkpt>
<trkpt lat="43.274575" lon="-2.507189"><ele>222.4</ele></trkpt>
<trkpt lat="43.274570" lon="-2.507170"><ele>222.0</ele></trkpt>
<trkpt lat="43.274564" lon="-2.507153"><ele>221.8</ele></trkpt>
<trkpt lat="43.274556" lon="-2.507134"><ele>221.2</ele></trkpt>
<trkpt lat="43.274557" lon="-2.507116"><ele>221.0</ele></trkpt>
<trkpt lat="43.274550" lon="-2.507096"><ele>220.7</ele></trkpt>
<trkpt lat="43.274543" lon="-2.507080"><ele>219.9</ele></trkpt>
<trkpt lat="43.274532" lon="-2.507065"><ele>219.5</ele></trkpt>
<trkpt lat="43.274519" lon="-2.507052"><ele>219.2</ele></trkpt>
<trkpt lat="43.274512" lon="-2.507042"><ele>219.0</ele></trkpt>
<trkpt lat="43.274504" lon="-2.507032"><ele>218.9</ele></trkpt>
<trkpt lat="43.274492" lon="-2.507020"><ele>217.8</ele></trkpt>
<trkpt lat="43.274481" lon="-2.507004"><ele>217.7</ele></trkpt>
<trkpt lat="43.274472" lon="-2.506990"><ele>217.4</ele></trkpt>
<trkpt lat="43.274457" lon="-2.506982"><ele>217.2</ele></trkpt>
<trkpt lat="43.274443" lon="-2.506973"><ele>216.9</ele></trkpt>
<trkpt lat="43.274432" lon="-2.506962"><ele>216.7</ele></trkpt>
<trkpt lat="43.274419" lon="-2.506948"><ele>216.4</ele></trkpt>
<trkpt lat="43.274402" lon="-2.506934"><ele>216.3</ele></trkpt>
<trkpt lat="43.274390" lon="-2.506929"><ele>215.9</ele></trkpt>
<trkpt lat="43.274377" lon="-2.506917"><ele>215.5</ele></trkpt>
<trkpt lat="43.274366" lon="-2.506904"><ele>215.3</ele></trkpt>
<trkpt lat="43.274357" lon="-2.506893"><ele>214.7</ele></trkpt>
<trkpt lat="43.274339" lon="-2.506887"><ele>214.2</ele></trkpt>
<trkpt lat="43.274327" lon="-2.506880"><ele>213.9</ele></trkpt>
<trkpt lat="43.274322" lon="-2.506868"><ele>213.6</ele></trkpt>
<trkpt lat="43.274309" lon="-2.506856"><ele>213.0</ele></trkpt>
<trkpt lat="43.274295" lon="-2.506854"><ele>212.6</ele></trkpt>
<trkpt lat="43.274281" lon="-2.506844"><ele>212.3</ele></trkpt>
<trkpt lat="43.274269" lon="-2.506831"><ele>212.3</ele></trkpt>
<trkpt lat="43.274256" lon="-2.506819"><ele>212.1</ele></trkpt>
<trkpt lat="43.274244" lon="-2.506811"><ele>212.0</ele></trkpt>
<trkpt lat="43.274229" lon="-2.506807"><ele>212.1</ele></trkpt>
<trkpt lat="43.274217" lon="-2.506802"><ele>211.8</ele></trkpt>
<trkpt lat="43.274204" lon="-2.506794"><ele>211.8</ele></trkpt>
<trkpt lat="43.274195" lon="-2.506784"><ele>211.7</ele></trkpt>
<trkpt lat="43.274180" lon="-2.506775"><ele>211.2</ele></trkpt>
<trkpt lat="43.274164" lon="-2.506774"><ele>210.1</ele></trkpt>
<trkpt lat="43.274152" lon="-2.506774"><ele>209.6</ele></trkpt>
<trkpt lat="43.274139" lon="-2.506768"><ele>209.4</ele></trkpt>
<trkpt lat="43.274125" lon="-2.506766"><ele>209.2</ele></trkpt>
<trkpt lat="43.274114" lon="-2.506766"><ele>209.1</ele></trkpt>
<trkpt lat="43.274099" lon="-2.506761"><ele>208.2</ele></trkpt>
<trkpt lat="43.274082" lon="-2.506758"><ele>207.7</ele></trkpt>
<trkpt lat="43.274063" lon="-2.506757"><ele>207.5</ele></trkpt>
<trkpt lat="43.274045" lon="-2.506760"><ele>206.8</ele></trkpt>
<trkpt lat="43.274025" lon="-2.506757"><ele>206.7</ele></trkpt>
<trkpt lat="43.274008" lon="-2.506755"><ele>206.3</ele></trkpt>
<trkpt lat="43.273989" lon="-2.506757"><ele>205.9</ele></trkpt>
<trkpt lat="43.273976" lon="-2.506757"><ele>205.7</ele></trkpt>
<trkpt lat="43.273961" lon="-2.506754"><ele>205.4</ele></trkpt>
<trkpt lat="43.273945" lon="-2.506744"><ele>205.1</ele></trkpt>
<trkpt lat="43.273942" lon="-2.506751"><ele>204.6</ele></trkpt>
<trkpt lat="43.273937" lon="-2.506761"><ele>204.4</ele></trkpt>
<trkpt lat="43.273922" lon="-2.506769"><ele>203.6</ele></trkpt>
<trkpt lat="43.273907" lon="-2.506766"><ele>203.7</ele></trkpt>
<trkpt lat="43.273894" lon="-2.506758"><ele>203.6</ele></trkpt>
<trkpt lat="43.273887" lon="-2.506738"><ele>203.5</ele></trkpt>
<trkpt lat="43.273897" lon="-2.506728"><ele>203.2</ele></trkpt>
<trkpt lat="43.273909" lon="-2.506731"><ele>203.3</ele></trkpt>
<trkpt lat="43.273928" lon="-2.506724"><ele>203.3</ele></trkpt>
<trkpt lat="43.273941" lon="-2.506716"><ele>203.0</ele></trkpt>
<trkpt lat="43.273949" lon="-2.506707"><ele>203.1</ele></trkpt>
<trkpt lat="43.273964" lon="-2.506693"><ele>202.9</ele></trkpt>
<trkpt lat="43.273979" lon="-2.506679"><ele>202.8</ele></trkpt>
<trkpt lat="43.273986" lon="-2.506662"><ele>202.2</ele></trkpt>
<trkpt lat="43.273976" lon="-2.506639"><ele>202.0</ele></trkpt>
<trkpt lat="43.273961" lon="-2.506627"><ele>201.8</ele></trkpt>
<trkpt lat="43.273950" lon="-2.506623"><ele>201.4</ele></trkpt>
<trkpt lat="43.273940" lon="-2.506624"><ele>200.6</ele></trkpt>
<trkpt lat="43.273929" lon="-2.506611"><ele>200.2</ele></trkpt>
<trkpt lat="43.273921" lon="-2.506594"><ele>199.9</ele></trkpt>
<trkpt lat="43.273922" lon="-2.506589"><ele>199.5</ele></trkpt>
<trkpt lat="43.273926" lon="-2.506585"><ele>198.9</ele></trkpt>
<trkpt lat="43.273927" lon="-2.506574"><ele>197.9</ele></trkpt>
<trkpt lat="43.273933" lon="-2.506577"><ele>197.3</ele></trkpt>
<trkpt lat="43.273937" lon="-2.506568"><ele>196.0</ele></trkpt>
<trkpt lat="43.273938" lon="-2.506560"><ele>195.8</ele></trkpt>
<trkpt lat="43.273943" lon="-2.506550"><ele>195.6</ele></trkpt>
<trkpt lat="43.273947" lon="-2.506534"><ele>195.2</ele></trkpt>
<trkpt lat="43.273945" lon="-2.506512"><ele>195.0</ele></trkpt>
<trkpt lat="43.273943" lon="-2.506498"><ele>195.1</ele></trkpt>
<trkpt lat="43.273938" lon="-2.506492"><ele>194.9</ele></trkpt>
<trkpt lat="43.273934" lon="-2.506477"><ele>194.7</ele></trkpt>
<trkpt lat="43.273937" lon="-2.506470"><ele>194.2</ele></trkpt>
<trkpt lat="43.273933" lon="-2.506456"><ele>194.1</ele></trkpt>
<trkpt lat="43.273931" lon="-2.506441"><ele>193.4</ele></trkpt>
<trkpt lat="43.273928" lon="-2.506426"><ele>193.2</ele></trkpt>
<trkpt lat="43.273920" lon="-2.506428"><ele>192.5</ele></trkpt>
<trkpt lat="43.273916" lon="-2.506430"><ele>192.0</ele></trkpt>
<trkpt lat="43.273920" lon="-2.506418"><ele>191.5</ele></trkpt>
<trkpt lat="43.273924" lon="-2.506408"><ele>190.8</ele></trkpt>
<trkpt lat="43.273927" lon="-2.506399"><ele>190.6</ele></trkpt>
<trkpt lat="43.273928" lon="-2.506387"><ele>190.3</ele></trkpt>
<trkpt lat="43.273920" lon="-2.506370"><ele>189.8</ele></trkpt>
<trkpt lat="43.273914" lon="-2.506365"><ele>189.5</ele></trkpt>
<trkpt lat="43.273910" lon="-2.506358"><ele>189.1</ele></trkpt>
<trkpt lat="43.273896" lon="-2.506346"><ele>188.6</ele></trkpt>
<trkpt lat="43.273887" lon="-2.506341"><ele>188.2</ele></trkpt>
<trkpt lat="43.273881" lon="-2.506332"><ele>187.6</ele></trkpt>
<trkpt lat="43.273881" lon="-2.506328"><ele>187.2</ele></trkpt>
<trkpt lat="43.273889" lon="-2.506330"><ele>187.1</ele></trkpt>
<trkpt lat="43.273893" lon="-2.506319"><ele>186.9</ele></trkpt>
<trkpt lat="43.273896" lon="-2.506306"><ele>186.4</ele></trkpt>
<trkpt lat="43.273896" lon="-2.506290"><ele>186.0</ele></trkpt>
<trkpt lat="43.273893" lon="-2.506276"><ele>185.6</ele></trkpt>
<trkpt lat="43.273886" lon="-2.506266"><ele>185.2</ele></trkpt>
<trkpt lat="43.273882" lon="-2.506259"><ele>184.8</ele></trkpt>
<trkpt lat="43.273876" lon="-2.506242"><ele>183.6</ele></trkpt>
<trkpt lat="43.273865" lon="-2.506227"><ele>183.5</ele></trkpt>
<trkpt lat="43.273857" lon="-2.506222"><ele>182.8</ele></trkpt>
<trkpt lat="43.273842" lon="-2.506209"><ele>182.0</ele></trkpt>
<trkpt lat="43.273832" lon="-2.506198"><ele>181.9</ele></trkpt>
<trkpt lat="43.273824" lon="-2.506186"><ele>181.4</ele></trkpt>
<trkpt lat="43.273818" lon="-2.506183"><ele>180.9</ele></trkpt>
<trkpt lat="43.273818" lon="-2.506179"><ele>180.5</ele></trkpt>
<trkpt lat="43.273817" lon="-2.506163"><ele>180.2</ele></trkpt>
<trkpt lat="43.273820" lon="-2.506149"><ele>180.0</ele></trkpt>
<trkpt lat="43.273821" lon="-2.506133"><ele>179.6</ele></trkpt>
<trkpt lat="43.273810" lon="-2.506122"><ele>179.0</ele></trkpt>
<trkpt lat="43.273794" lon="-2.506112"><ele>178.8</ele></trkpt>
<trkpt lat="43.273775" lon="-2.506106"><ele>178.3</ele></trkpt>
<trkpt lat="43.273763" lon="-2.506102"><ele>177.0</ele></trkpt>
<trkpt lat="43.273753" lon="-2.506105"><ele>176.4</ele></trkpt>
<trkpt lat="43.273746" lon="-2.506103"><ele>176.0</ele></trkpt>
<trkpt lat="43.273736" lon="-2.506094"><ele>175.7</ele></trkpt>
<trkpt lat="43.273732" lon="-2.506084"><ele>175.7</ele></trkpt>
<trkpt lat="43.273729" lon="-2.506076"><ele>175.4</ele></trkpt>
<trkpt lat="43.273732" lon="-2.506067"><ele>175.3</ele></trkpt>
<trkpt lat="43.273732" lon="-2.506054"><ele>175.0</ele></trkpt>
<trkpt lat="43.273725" lon="-2.506043"><ele>174.6</ele></trkpt>
<trkpt lat="43.273715" lon="-2.506035"><ele>174.6</ele></trkpt>
<trkpt lat="43.273709" lon="-2.506025"><ele>174.5</ele></trkpt>
<trkpt lat="43.273707" lon="-2.506015"><ele>174.5</ele></trkpt>
<trkpt lat="43.273700" lon="-2.506010"><ele>174.2</ele></trkpt>
<trkpt lat="43.273691" lon="-2.506005"><ele>173.8</ele></trkpt>
<trkpt lat="43.273688" lon="-2.505996"><ele>173.3</ele></trkpt>
<trkpt lat="43.273687" lon="-2.505973"><ele>172.9</ele></trkpt>
<trkpt lat="43.273683" lon="-2.505960"><ele>172.5</ele></trkpt>
<trkpt lat="43.273676" lon="-2.505952"><ele>172.1</ele></trkpt>
<trkpt lat="43.273669" lon="-2.505940"><ele>171.4</ele></trkpt>
<trkpt lat="43.273663" lon="-2.505926"><ele>171.1</ele></trkpt>
<trkpt lat="43.273659" lon="-2.505912"><ele>170.5</ele></trkpt>
<trkpt lat="43.273648" lon="-2.505898"><ele>169.8</ele></trkpt>
<trkpt lat="43.273636" lon="-2.505891"><ele>169.4</ele></trkpt>
<trkpt lat="43.273618" lon="-2.505881"><ele>169.2</ele></trkpt>
<trkpt lat="43.273606" lon="-2.505872"><ele>169.1</ele></trkpt>
<trkpt lat="43.273594" lon="-2.505867"><ele>168.3</ele></trkpt>
<trkpt lat="43.273584" lon="-2.505856"><ele>167.7</ele></trkpt>
<trkpt lat="43.273578" lon="-2.505845"><ele>167.4</ele></trkpt>
<trkpt lat="43.273573" lon="-2.505837"><ele>166.8</ele></trkpt>
<trkpt lat="43.273571" lon="-2.505827"><ele>166.5</ele></trkpt>
<trkpt lat="43.273563" lon="-2.505810"><ele>165.6</ele></trkpt>
<trkpt lat="43.273559" lon="-2.505793"><ele>165.4</ele></trkpt>
<trkpt lat="43.273553" lon="-2.505776"><ele>164.8</ele></trkpt>
<trkpt lat="43.273548" lon="-2.505764"><ele>164.1</ele></trkpt>
<trkpt lat="43.273543" lon="-2.505748"><ele>163.6</ele></trkpt>
<trkpt lat="43.273538" lon="-2.505738"><ele>163.2</ele></trkpt>
<trkpt lat="43.273531" lon="-2.505732"><ele>163.0</ele></trkpt>
<trkpt lat="43.273530" lon="-2.505728"><ele>163.1</ele></trkpt>
<trkpt lat="43.273525" lon="-2.505719"><ele>162.9</ele></trkpt>
<trkpt lat="43.273531" lon="-2.505709"><ele>162.9</ele></trkpt>
<trkpt lat="43.273526" lon="-2.505697"><ele>162.9</ele></trkpt>
<trkpt lat="43.273520" lon="-2.505686"><ele>162.8</ele></trkpt>
<trkpt lat="43.273518" lon="-2.505674"><ele>162.7</ele></trkpt>
<trkpt lat="43.273515" lon="-2.505658"><ele>162.7</ele></trkpt>
<trkpt lat="43.273505" lon="-2.505653"><ele>162.7</ele></trkpt>
<trkpt lat="43.273495" lon="-2.505645"><ele>162.7</ele></trkpt>
<trkpt lat="43.273489" lon="-2.505640"><ele>162.0</ele></trkpt>
<trkpt lat="43.273486" lon="-2.505630"><ele>161.8</ele></trkpt>
<trkpt lat="43.273482" lon="-2.505613"><ele>161.6</ele></trkpt>
<trkpt lat="43.273481" lon="-2.505597"><ele>161.7</ele></trkpt>
<trkpt lat="43.273481" lon="-2.505588"><ele>161.5</ele></trkpt>
<trkpt lat="43.273479" lon="-2.505574"><ele>160.9</ele></trkpt>
<trkpt lat="43.273476" lon="-2.505560"><ele>159.9</ele></trkpt>
<trkpt lat="43.273473" lon="-2.505545"><ele>159.1</ele></trkpt>
<trkpt lat="43.273464" lon="-2.505528"><ele>158.6</ele></trkpt>
<trkpt lat="43.273458" lon="-2.505517"><ele>157.7</ele></trkpt>
<trkpt lat="43.273454" lon="-2.505505"><ele>157.0</ele></trkpt>
<trkpt lat="43.273450" lon="-2.505495"><ele>156.7</ele></trkpt>
<trkpt lat="43.273443" lon="-2.505478"><ele>156.1</ele></trkpt>
<trkpt lat="43.273434" lon="-2.505458"><ele>155.8</ele></trkpt>
<trkpt lat="43.273433" lon="-2.505441"><ele>155.4</ele></trkpt>
<trkpt lat="43.273436" lon="-2.505420"><ele>155.2</ele></trkpt>
<trkpt lat="43.273435" lon="-2.505394"><ele>154.9</ele></trkpt>
<trkpt lat="43.273431" lon="-2.505375"><ele>154.6</ele></trkpt>
<trkpt lat="43.273431" lon="-2.505356"><ele>154.6</ele></trkpt>
<trkpt lat="43.273426" lon="-2.505331"><ele>154.4</ele></trkpt>
<trkpt lat="43.273414" lon="-2.505312"><ele>153.9</ele></trkpt>
<trkpt lat="43.273402" lon="-2.505300"><ele>153.4</ele></trkpt>
<trkpt lat="43.273388" lon="-2.505291"><ele>153.0</ele></trkpt>
<trkpt lat="43.273373" lon="-2.505289"><ele>152.7</ele></trkpt>
<trkpt lat="43.273357" lon="-2.505288"><ele>152.5</ele></trkpt>
<trkpt lat="43.273340" lon="-2.505286"><ele>152.5</ele></trkpt>
<trkpt lat="43.273323" lon="-2.505285"><ele>152.0</ele></trkpt>
<trkpt lat="43.273309" lon="-2.505285"><ele>151.8</ele></trkpt>
<trkpt lat="43.273295" lon="-2.505283"><ele>151.8</ele></trkpt>
<trkpt lat="43.273282" lon="-2.505281"><ele>151.9</ele></trkpt>
<trkpt lat="43.273268" lon="-2.505279"><ele>151.9</ele></trkpt>
<trkpt lat="43.273254" lon="-2.505280"><ele>151.9</ele></trkpt>
<trkpt lat="43.273238" lon="-2.505279"><ele>152.5</ele></trkpt>
<trkpt lat="43.273224" lon="-2.505283"><ele>152.6</ele></trkpt>
<trkpt lat="43.273209" lon="-2.505284"><ele>152.8</ele></trkpt>
<trkpt lat="43.273200" lon="-2.505284"><ele>152.8</ele></trkpt>
<trkpt lat="43.273192" lon="-2.505285"><ele>153.1</ele></trkpt>
<trkpt lat="43.273183" lon="-2.505287"><ele>153.1</ele></trkpt>
<trkpt lat="43.273174" lon="-2.505285"><ele>153.5</ele></trkpt>
<trkpt lat="43.273161" lon="-2.505287"><ele>153.7</ele></trkpt>
<trkpt lat="43.273145" lon="-2.505293"><ele>153.6</ele></trkpt>
<trkpt lat="43.273130" lon="-2.505296"><ele>153.6</ele></trkpt>
<trkpt lat="43.273115" lon="-2.505294"><ele>153.5</ele></trkpt>
<trkpt lat="43.273103" lon="-2.505298"><ele>152.8</ele></trkpt>
<trkpt lat="43.273092" lon="-2.505301"><ele>152.8</ele></trkpt>
<trkpt lat="43.273082" lon="-2.505301"><ele>152.9</ele></trkpt>
<trkpt lat="43.273070" lon="-2.505300"><ele>152.9</ele></trkpt>
<trkpt lat="43.273057" lon="-2.505301"><ele>152.9</ele></trkpt>
<trkpt lat="43.273042" lon="-2.505294"><ele>152.8</ele></trkpt>
<trkpt lat="43.273029" lon="-2.505289"><ele>152.6</ele></trkpt>
<trkpt lat="43.273016" lon="-2.505282"><ele>152.7</ele></trkpt>
<trkpt lat="43.273003" lon="-2.505271"><ele>152.2</ele></trkpt>
<trkpt lat="43.272991" lon="-2.505263"><ele>151.9</ele></trkpt>
<trkpt lat="43.272977" lon="-2.505253"><ele>151.0</ele></trkpt>
<trkpt lat="43.272964" lon="-2.505238"><ele>151.0</ele></trkpt>
<trkpt lat="43.272954" lon="-2.505226"><ele>151.1</ele></trkpt>
<trkpt lat="43.272943" lon="-2.505213"><ele>151.1</ele></trkpt>
<trkpt lat="43.272935" lon="-2.505195"><ele>151.2</ele></trkpt>
<trkpt lat="43.272928" lon="-2.505176"><ele>152.0</ele></trkpt>
<trkpt lat="43.272923" lon="-2.505157"><ele>152.2</ele></trkpt>
<trkpt lat="43.272920" lon="-2.505140"><ele>152.5</ele></trkpt>
<trkpt lat="43.272919" lon="-2.505119"><ele>152.6</ele></trkpt>
<trkpt lat="43.272919" lon="-2.505099"><ele>152.6</ele></trkpt>
<trkpt lat="43.272923" lon="-2.505085"><ele>152.7</ele></trkpt>
<trkpt lat="43.272929" lon="-2.505068"><ele>152.6</ele></trkpt>
<trkpt lat="43.272935" lon="-2.505054"><ele>152.9</ele></trkpt>
<trkpt lat="43.272948" lon="-2.505041"><ele>152.8</ele></trkpt>
<trkpt lat="43.272957" lon="-2.505028"><ele>152.8</ele></trkpt>
<trkpt lat="43.272968" lon="-2.505012"><ele>152.8</ele></trkpt>
<trkpt lat="43.272977" lon="-2.504998"><ele>152.7</ele></trkpt>
<trkpt lat="43.272987" lon="-2.504987"><ele>152.7</ele></trkpt>
<trkpt lat="43.272998" lon="-2.504977"><ele>152.5</ele></trkpt>
<trkpt lat="43.273012" lon="-2.504966"><ele>152.4</ele></trkpt>
<trkpt lat="43.273024" lon="-2.504952"><ele>152.3</ele></trkpt>
<trkpt lat="43.273036" lon="-2.504937"><ele>152.0</ele></trkpt>
<trkpt lat="43.273046" lon="-2.504925"><ele>152.0</ele></trkpt>
<trkpt lat="43.273059" lon="-2.504914"><ele>152.1</ele></trkpt>
<trkpt lat="43.273070" lon="-2.504904"><ele>152.1</ele></trkpt>
<trkpt lat="43.273085" lon="-2.504897"><ele>152.0</ele></trkpt>
<trkpt lat="43.273099" lon="-2.504890"><ele>152.0</ele></trkpt>
<trkpt lat="43.273111" lon="-2.504876"><ele>152.0</ele></trkpt>
<trkpt lat="43.273124" lon="-2.504864"><ele>152.1</ele></trkpt>
<trkpt lat="43.273137" lon="-2.504851"><ele>152.3</ele></trkpt>
<trkpt lat="43.273150" lon="-2.504838"><ele>152.2</ele></trkpt>
<trkpt lat="43.273163" lon="-2.504826"><ele>152.2</ele></trkpt>
<trkpt lat="43.273176" lon="-2.504814"><ele>152.3</ele></trkpt>
<trkpt lat="43.273187" lon="-2.504802"><ele>152.3</ele></trkpt>
<trkpt lat="43.273198" lon="-2.504791"><ele>152.3</ele></trkpt>
<trkpt lat="43.273206" lon="-2.504780"><ele>152.2</ele></trkpt>
<trkpt lat="43.273215" lon="-2.504768"><ele>152.3</ele></trkpt>
<trkpt lat="43.273224" lon="-2.504758"><ele>152.3</ele></trkpt>
<trkpt lat="43.273237" lon="-2.504751"><ele>152.2</ele></trkpt>
<trkpt lat="43.273252" lon="-2.504739"><ele>152.4</ele></trkpt>
<trkpt lat="43.273261" lon="-2.504726"><ele>152.8</ele></trkpt>
<trkpt lat="43.273272" lon="-2.504709"><ele>153.1</ele></trkpt>
<trkpt lat="43.273283" lon="-2.504694"><ele>153.0</ele></trkpt>
<trkpt lat="43.273293" lon="-2.504682"><ele>153.3</ele></trkpt>
<trkpt lat="43.273301" lon="-2.504666"><ele>153.3</ele></trkpt>
<trkpt lat="43.273309" lon="-2.504652"><ele>153.2</ele></trkpt>
<trkpt lat="43.273318" lon="-2.504636"><ele>153.2</ele></trkpt>
<trkpt lat="43.273329" lon="-2.504621"><ele>153.3</ele></trkpt>
<trkpt lat="43.273339" lon="-2.504603"><ele>153.4</ele></trkpt>
<trkpt lat="43.273349" lon="-2.504586"><ele>153.7</ele></trkpt>
<trkpt lat="43.273357" lon="-2.504568"><ele>153.7</ele></trkpt>
<trkpt lat="43.273368" lon="-2.504552"><ele>154.0</ele></trkpt>
<trkpt lat="43.273374" lon="-2.504530"><ele>154.0</ele></trkpt>
<trkpt lat="43.273380" lon="-2.504515"><ele>154.2</ele></trkpt>
<trkpt lat="43.273388" lon="-2.504501"><ele>154.3</ele></trkpt>
<trkpt lat="43.273395" lon="-2.504481"><ele>154.3</ele></trkpt>
<trkpt lat="43.273401" lon="-2.504464"><ele>154.3</ele></trkpt>
<trkpt lat="43.273408" lon="-2.504451"><ele>154.1</ele></trkpt>
<trkpt lat="43.273417" lon="-2.504440"><ele>153.9</ele></trkpt>
<trkpt lat="43.273421" lon="-2.504418"><ele>153.6</ele></trkpt>
<trkpt lat="43.273427" lon="-2.504402"><ele>153.6</ele></trkpt>
<trkpt lat="43.273437" lon="-2.504390"><ele>153.7</ele></trkpt>
<trkpt lat="43.273446" lon="-2.504376"><ele>153.7</ele></trkpt>
<trkpt lat="43.273457" lon="-2.504358"><ele>153.8</ele></trkpt>
<trkpt lat="43.273467" lon="-2.504339"><ele>153.8</ele></trkpt>
<trkpt lat="43.273475" lon="-2.504323"><ele>153.8</ele></trkpt>
<trkpt lat="43.273480" lon="-2.504305"><ele>153.8</ele></trkpt>
<trkpt lat="43.273485" lon="-2.504286"><ele>153.9</ele></trkpt>
<trkpt lat="43.273491" lon="-2.504269"><ele>153.9</ele></trkpt>
<trkpt lat="43.273495" lon="-2.504253"><ele>153.8</ele></trkpt>
<trkpt lat="43.273500" lon="-2.504238"><ele>153.9</ele></trkpt>
<trkpt lat="43.273504" lon="-2.504221"><ele>153.9</ele></trkpt>
<trkpt lat="43.273507" lon="-2.504207"><ele>153.9</ele></trkpt>
<trkpt lat="43.273511" lon="-2.504193"><ele>154.0</ele></trkpt>
<trkpt lat="43.273517" lon="-2.504178"><ele>154.0</ele></trkpt>
<trkpt lat="43.273522" lon="-2.504162"><ele>154.3</ele></trkpt>
<trkpt lat="43.273524" lon="-2.504143"><ele>154.2</ele></trkpt>
<trkpt lat="43.273525" lon="-2.504125"><ele>154.3</ele></trkpt>
<trkpt lat="43.273528" lon="-2.504106"><ele>154.4</ele></trkpt>
<trkpt lat="43.273531" lon="-2.504094"><ele>154.4</ele></trkpt>
<trkpt lat="43.273532" lon="-2.504077"><ele>154.4</ele></trkpt>
<trkpt lat="43.273532" lon="-2.504059"><ele>154.6</ele></trkpt>
<trkpt lat="43.273528" lon="-2.504039"><ele>154.5</ele></trkpt>
<trkpt lat="43.273530" lon="-2.504020"><ele>154.4</ele></trkpt>
<trkpt lat="43.273532" lon="-2.503995"><ele>154.5</ele></trkpt>
<trkpt lat="43.273533" lon="-2.503979"><ele>154.4</ele></trkpt>
<trkpt lat="43.273531" lon="-2.503957"><ele>154.3</ele></trkpt>
<trkpt lat="43.273529" lon="-2.503935"><ele>154.1</ele></trkpt>
<trkpt lat="43.273530" lon="-2.503916"><ele>154.1</ele></trkpt>
<trkpt lat="43.273533" lon="-2.503895"><ele>153.9</ele></trkpt>
<trkpt lat="43.273533" lon="-2.503874"><ele>153.8</ele></trkpt>
<trkpt lat="43.273532" lon="-2.503855"><ele>153.8</ele></trkpt>
<trkpt lat="43.273530" lon="-2.503830"><ele>153.8</ele></trkpt>
<trkpt lat="43.273533" lon="-2.503811"><ele>154.0</ele></trkpt>
<trkpt lat="43.273536" lon="-2.503793"><ele>154.1</ele></trkpt>
<trkpt lat="43.273535" lon="-2.503771"><ele>154.3</ele></trkpt>
<trkpt lat="43.273539" lon="-2.503753"><ele>154.6</ele></trkpt>
<trkpt lat="43.273541" lon="-2.503732"><ele>154.7</ele></trkpt>
<trkpt lat="43.273540" lon="-2.503717"><ele>154.6</ele></trkpt>
<trkpt lat="43.273536" lon="-2.503695"><ele>154.7</ele></trkpt>
<trkpt lat="43.273535" lon="-2.503678"><ele>154.7</ele></trkpt>
<trkpt lat="43.273535" lon="-2.503659"><ele>154.7</ele></trkpt>
<trkpt lat="43.273536" lon="-2.503636"><ele>154.8</ele></trkpt>
<trkpt lat="43.273542" lon="-2.503619"><ele>154.9</ele></trkpt>
<trkpt lat="43.273546" lon="-2.503597"><ele>154.8</ele></trkpt>
<trkpt lat="43.273551" lon="-2.503574"><ele>155.0</ele></trkpt>
<trkpt lat="43.273556" lon="-2.503557"><ele>155.1</ele></trkpt>
<trkpt lat="43.273563" lon="-2.503537"><ele>155.0</ele></trkpt>
<trkpt lat="43.273569" lon="-2.503521"><ele>155.3</ele></trkpt>
<trkpt lat="43.273574" lon="-2.503502"><ele>155.3</ele></trkpt>
<trkpt lat="43.273573" lon="-2.503485"><ele>155.5</ele></trkpt>
<trkpt lat="43.273574" lon="-2.503461"><ele>155.4</ele></trkpt>
<trkpt lat="43.273577" lon="-2.503442"><ele>155.5</ele></trkpt>
<trkpt lat="43.273578" lon="-2.503424"><ele>155.4</ele></trkpt>
<trkpt lat="43.273578" lon="-2.503405"><ele>155.4</ele></trkpt>
<trkpt lat="43.273584" lon="-2.503384"><ele>155.4</ele></trkpt>
<trkpt lat="43.273589" lon="-2.503367"><ele>155.4</ele></trkpt>
<trkpt lat="43.273590" lon="-2.503344"><ele>155.4</ele></trkpt>
<trkpt lat="43.273594" lon="-2.503324"><ele>155.4</ele></trkpt>
<trkpt lat="43.273594" lon="-2.503305"><ele>155.5</ele></trkpt>
<trkpt lat="43.273598" lon="-2.503292"><ele>155.4</ele></trkpt>
<trkpt lat="43.273599" lon="-2.503268"><ele>155.5</ele></trkpt>
<trkpt lat="43.273599" lon="-2.503245"><ele>155.7</ele></trkpt>
<trkpt lat="43.273600" lon="-2.503225"><ele>155.7</ele></trkpt>
<trkpt lat="43.273601" lon="-2.503205"><ele>155.7</ele></trkpt>
<trkpt lat="43.273601" lon="-2.503182"><ele>155.8</ele></trkpt>
<trkpt lat="43.273597" lon="-2.503163"><ele>155.8</ele></trkpt>
<trkpt lat="43.273597" lon="-2.503149"><ele>156.1</ele></trkpt>
<trkpt lat="43.273598" lon="-2.503130"><ele>156.3</ele></trkpt>
<trkpt lat="43.273596" lon="-2.503110"><ele>156.2</ele></trkpt>
<trkpt lat="43.273593" lon="-2.503092"><ele>156.4</ele></trkpt>
<trkpt lat="43.273590" lon="-2.503073"><ele>156.4</ele></trkpt>
<trkpt lat="43.273590" lon="-2.503054"><ele>156.5</ele></trkpt>
<trkpt lat="43.273588" lon="-2.503037"><ele>156.4</ele></trkpt>
<trkpt lat="43.273587" lon="-2.503017"><ele>156.5</ele></trkpt>
<trkpt lat="43.273582" lon="-2.502993"><ele>156.5</ele></trkpt>
<trkpt lat="43.273580" lon="-2.502974"><ele>156.5</ele></trkpt>
<trkpt lat="43.273581" lon="-2.502955"><ele>156.5</ele></trkpt>
<trkpt lat="43.273575" lon="-2.502933"><ele>156.1</ele></trkpt>
<trkpt lat="43.273571" lon="-2.502911"><ele>156.1</ele></trkpt>
<trkpt lat="43.273570" lon="-2.502891"><ele>156.1</ele></trkpt>
<trkpt lat="43.273568" lon="-2.502870"><ele>156.1</ele></trkpt>
<trkpt lat="43.273568" lon="-2.502847"><ele>156.0</ele></trkpt>
<trkpt lat="43.273565" lon="-2.502827"><ele>155.8</ele></trkpt>
<trkpt lat="43.273566" lon="-2.502810"><ele>156.0</ele></trkpt>
<trkpt lat="43.273565" lon="-2.502795"><ele>156.0</ele></trkpt>
<trkpt lat="43.273562" lon="-2.502774"><ele>156.1</ele></trkpt>
<trkpt lat="43.273558" lon="-2.502755"><ele>156.0</ele></trkpt>
<trkpt lat="43.273552" lon="-2.502731"><ele>156.0</ele></trkpt>
<trkpt lat="43.273552" lon="-2.502712"><ele>156.2</ele></trkpt>
<trkpt lat="43.273551" lon="-2.502696"><ele>156.3</ele></trkpt>
<trkpt lat="43.273552" lon="-2.502676"><ele>156.5</ele></trkpt>
<trkpt lat="43.273552" lon="-2.502662"><ele>156.5</ele></trkpt>
<trkpt lat="43.273549" lon="-2.502636"><ele>156.5</ele></trkpt>
<trkpt lat="43.273545" lon="-2.502612"><ele>156.5</ele></trkpt>
<trkpt lat="43.273536" lon="-2.502589"><ele>156.4</ele></trkpt>
<trkpt lat="43.273530" lon="-2.502564"><ele>156.4</ele></trkpt>
<trkpt lat="43.273527" lon="-2.502542"><ele>156.4</ele></trkpt>
<trkpt lat="43.273527" lon="-2.502528"><ele>156.2</ele></trkpt>
<trkpt lat="43.273524" lon="-2.502506"><ele>156.3</ele></trkpt>
<trkpt lat="43.273521" lon="-2.502482"><ele>156.3</ele></trkpt>
<trkpt lat="43.273517" lon="-2.502463"><ele>156.4</ele></trkpt>
<trkpt lat="43.273508" lon="-2.502446"><ele>156.3</ele></trkpt>
<trkpt lat="43.273502" lon="-2.502422"><ele>156.3</ele></trkpt>
<trkpt lat="43.273500" lon="-2.502407"><ele>156.5</ele></trkpt>
<trkpt lat="43.273497" lon="-2.502388"><ele>156.4</ele></trkpt>
<trkpt lat="43.273494" lon="-2.502368"><ele>156.4</ele></trkpt>
<trkpt lat="43.273486" lon="-2.502342"><ele>156.5</ele></trkpt>
<trkpt lat="43.273482" lon="-2.502323"><ele>156.5</ele></trkpt>
<trkpt lat="43.273481" lon="-2.502308"><ele>156.4</ele></trkpt>
<trkpt lat="43.273477" lon="-2.502284"><ele>156.4</ele></trkpt>
<trkpt lat="43.273472" lon="-2.502261"><ele>156.3</ele></trkpt>
<trkpt lat="43.273468" lon="-2.502242"><ele>156.2</ele></trkpt>
<trkpt lat="43.273462" lon="-2.502218"><ele>156.3</ele></trkpt>
<trkpt lat="43.273455" lon="-2.502197"><ele>156.2</ele></trkpt>
<trkpt lat="43.273452" lon="-2.502177"><ele>156.3</ele></trkpt>
<trkpt lat="43.273453" lon="-2.502156"><ele>156.3</ele></trkpt>
<trkpt lat="43.273452" lon="-2.502137"><ele>156.3</ele></trkpt>
<trkpt lat="43.273452" lon="-2.502120"><ele>156.3</ele></trkpt>
<trkpt lat="43.273445" lon="-2.502100"><ele>156.5</ele></trkpt>
<trkpt lat="43.273441" lon="-2.502082"><ele>156.4</ele></trkpt>
<trkpt lat="43.273437" lon="-2.502062"><ele>156.6</ele></trkpt>
<trkpt lat="43.273438" lon="-2.502043"><ele>156.6</ele></trkpt>
<trkpt lat="43.273436" lon="-2.502018"><ele>156.6</ele></trkpt>
<trkpt lat="43.273431" lon="-2.501998"><ele>156.9</ele></trkpt>
<trkpt lat="43.273421" lon="-2.501974"><ele>156.9</ele></trkpt>
<trkpt lat="43.273416" lon="-2.501952"><ele>156.9</ele></trkpt>
<trkpt lat="43.273413" lon="-2.501934"><ele>156.9</ele></trkpt>
<trkpt lat="43.273409" lon="-2.501920"><ele>156.9</ele></trkpt>
<trkpt lat="43.273402" lon="-2.501901"><ele>156.7</ele></trkpt>
<trkpt lat="43.273399" lon="-2.501886"><ele>156.3</ele></trkpt>
<trkpt lat="43.273396" lon="-2.501866"><ele>156.1</ele></trkpt>
<trkpt lat="43.273393" lon="-2.501847"><ele>156.1</ele></trkpt>
<trkpt lat="43.273389" lon="-2.501827"><ele>155.8</ele></trkpt>
<trkpt lat="43.273383" lon="-2.501807"><ele>155.8</ele></trkpt>
<trkpt lat="43.273385" lon="-2.501782"><ele>155.8</ele></trkpt>
<trkpt lat="43.273379" lon="-2.501755"><ele>155.8</ele></trkpt>
<trkpt lat="43.273374" lon="-2.501732"><ele>155.6</ele></trkpt>
<trkpt lat="43.273366" lon="-2.501709"><ele>155.7</ele></trkpt>
<trkpt lat="43.273362" lon="-2.501686"><ele>155.5</ele></trkpt>
<trkpt lat="43.273358" lon="-2.501664"><ele>155.2</ele></trkpt>
<trkpt lat="43.273356" lon="-2.501643"><ele>155.3</ele></trkpt>
<trkpt lat="43.273350" lon="-2.501623"><ele>155.0</ele></trkpt>
<trkpt lat="43.273344" lon="-2.501605"><ele>155.1</ele></trkpt>
<trkpt lat="43.273340" lon="-2.501586"><ele>154.7</ele></trkpt>
<trkpt lat="43.273335" lon="-2.501567"><ele>154.5</ele></trkpt>
<trkpt lat="43.273330" lon="-2.501547"><ele>154.0</ele></trkpt>
<trkpt lat="43.273324" lon="-2.501526"><ele>153.7</ele></trkpt>
<trkpt lat="43.273319" lon="-2.501504"><ele>153.4</ele></trkpt>
<trkpt lat="43.273315" lon="-2.501480"><ele>153.2</ele></trkpt>
<trkpt lat="43.273315" lon="-2.501459"><ele>152.8</ele></trkpt>
<trkpt lat="43.273312" lon="-2.501442"><ele>152.7</ele></trkpt>
<trkpt lat="43.273309" lon="-2.501423"><ele>152.4</ele></trkpt>
<trkpt lat="43.273305" lon="-2.501404"><ele>152.5</ele></trkpt>
<trkpt lat="43.273300" lon="-2.501387"><ele>152.0</ele></trkpt>
<trkpt lat="43.273299" lon="-2.501371"><ele>151.9</ele></trkpt>
<trkpt lat="43.273290" lon="-2.501353"><ele>151.6</ele></trkpt>
<trkpt lat="43.273283" lon="-2.501335"><ele>151.5</ele></trkpt>
<trkpt lat="43.273277" lon="-2.501324"><ele>151.2</ele></trkpt>
<trkpt lat="43.273276" lon="-2.501307"><ele>151.1</ele></trkpt>
<trkpt lat="43.273277" lon="-2.501288"><ele>150.6</ele></trkpt>
<trkpt lat="43.273270" lon="-2.501273"><ele>150.4</ele></trkpt>
<trkpt lat="43.273267" lon="-2.501256"><ele>150.4</ele></trkpt>
<trkpt lat="43.273261" lon="-2.501239"><ele>150.2</ele></trkpt>
<trkpt lat="43.273254" lon="-2.501219"><ele>150.3</ele></trkpt>
<trkpt lat="43.273251" lon="-2.501200"><ele>150.1</ele></trkpt>
<trkpt lat="43.273244" lon="-2.501181"><ele>150.1</ele></trkpt>
<trkpt lat="43.273234" lon="-2.501160"><ele>149.3</ele></trkpt>
<trkpt lat="43.273231" lon="-2.501136"><ele>148.2</ele></trkpt>
<trkpt lat="43.273230" lon="-2.501117"><ele>147.6</ele></trkpt>
<trkpt lat="43.273229" lon="-2.501097"><ele>147.1</ele></trkpt>
<trkpt lat="43.273232" lon="-2.501077"><ele>146.8</ele></trkpt>
<trkpt lat="43.273228" lon="-2.501060"><ele>146.7</ele></trkpt>
<trkpt lat="43.273222" lon="-2.501040"><ele>146.4</ele></trkpt>
<trkpt lat="43.273219" lon="-2.501022"><ele>146.2</ele></trkpt>
<trkpt lat="43.273219" lon="-2.501004"><ele>146.0</ele></trkpt>
<trkpt lat="43.273216" lon="-2.500989"><ele>145.4</ele></trkpt>
<trkpt lat="43.273218" lon="-2.500973"><ele>145.0</ele></trkpt>
<trkpt lat="43.273219" lon="-2.500957"><ele>145.1</ele></trkpt>
<trkpt lat="43.273219" lon="-2.500943"><ele>144.8</ele></trkpt>
<trkpt lat="43.273223" lon="-2.500928"><ele>144.2</ele></trkpt>
<trkpt lat="43.273226" lon="-2.500922"><ele>144.1</ele></trkpt>
<trkpt lat="43.273226" lon="-2.500908"><ele>143.8</ele></trkpt>
<trkpt lat="43.273224" lon="-2.500897"><ele>143.6</ele></trkpt>
<trkpt lat="43.273211" lon="-2.500877"><ele>143.2</ele></trkpt>
<trkpt lat="43.273196" lon="-2.500852"><ele>143.3</ele></trkpt>
<trkpt lat="43.273190" lon="-2.500838"><ele>143.0</ele></trkpt>
<trkpt lat="43.273187" lon="-2.500812"><ele>142.8</ele></trkpt>
<trkpt lat="43.273182" lon="-2.500789"><ele>142.6</ele></trkpt>
<trkpt lat="43.273174" lon="-2.500764"><ele>142.5</ele></trkpt>
<trkpt lat="43.273169" lon="-2.500742"><ele>142.1</ele></trkpt>
<trkpt lat="43.273163" lon="-2.500725"><ele>142.0</ele></trkpt>
<trkpt lat="43.273158" lon="-2.500707"><ele>141.9</ele></trkpt>
<trkpt lat="43.273152" lon="-2.500689"><ele>141.7</ele></trkpt>
<trkpt lat="43.273149" lon="-2.500669"><ele>141.4</ele></trkpt>
<trkpt lat="43.273142" lon="-2.500647"><ele>141.2</ele></trkpt>
<trkpt lat="43.273140" lon="-2.500628"><ele>140.8</ele></trkpt>
<trkpt lat="43.273135" lon="-2.500601"><ele>139.9</ele></trkpt>
<trkpt lat="43.273131" lon="-2.500578"><ele>139.2</ele></trkpt>
<trkpt lat="43.273125" lon="-2.500557"><ele>139.1</ele></trkpt>
<trkpt lat="43.273120" lon="-2.500536"><ele>138.8</ele></trkpt>
<trkpt lat="43.273112" lon="-2.500518"><ele>138.6</ele></trkpt>
<trkpt lat="43.273103" lon="-2.500501"><ele>138.5</ele></trkpt>
<trkpt lat="43.273096" lon="-2.500480"><ele>138.3</ele></trkpt>
<trkpt lat="43.273089" lon="-2.500464"><ele>137.8</ele></trkpt>
<trkpt lat="43.273081" lon="-2.500445"><ele>137.5</ele></trkpt>
<trkpt lat="43.273073" lon="-2.500430"><ele>136.9</ele></trkpt>
<trkpt lat="43.273063" lon="-2.500418"><ele>136.7</ele></trkpt>
<trkpt lat="43.273054" lon="-2.500404"><ele>136.4</ele></trkpt>
<trkpt lat="43.273044" lon="-2.500386"><ele>136.5</ele></trkpt>
<trkpt lat="43.273035" lon="-2.500366"><ele>136.1</ele></trkpt>
<trkpt lat="43.273024" lon="-2.500346"><ele>136.0</ele></trkpt>
<trkpt lat="43.273014" lon="-2.500326"><ele>135.6</ele></trkpt>
<trkpt lat="43.273004" lon="-2.500305"><ele>135.4</ele></trkpt>
<trkpt lat="43.272992" lon="-2.500291"><ele>134.8</ele></trkpt>
<trkpt lat="43.272986" lon="-2.500274"><ele>134.4</ele></trkpt>
<trkpt lat="43.272980" lon="-2.500253"><ele>134.3</ele></trkpt>
<trkpt lat="43.272970" lon="-2.500230"><ele>134.1</ele></trkpt>
<trkpt lat="43.272959" lon="-2.500212"><ele>133.6</ele></trkpt>
<trkpt lat="43.272959" lon="-2.500212"><ele>133.2</ele></trkpt>
<trkpt lat="43.272950" lon="-2.500192"><ele>133.0</ele></trkpt>
<trkpt lat="43.272941" lon="-2.500174"><ele>132.3</ele></trkpt>
<trkpt lat="43.272927" lon="-2.500139"><ele>131.7</ele></trkpt>
<trkpt lat="43.272916" lon="-2.500117"><ele>131.2</ele></trkpt>
<trkpt lat="43.272904" lon="-2.500096"><ele>130.9</ele></trkpt>
<trkpt lat="43.272894" lon="-2.500072"><ele>130.6</ele></trkpt>
<trkpt lat="43.272884" lon="-2.500049"><ele>129.6</ele></trkpt>
<trkpt lat="43.272876" lon="-2.500027"><ele>128.2</ele></trkpt>
<trkpt lat="43.272867" lon="-2.500006"><ele>127.9</ele></trkpt>
<trkpt lat="43.272858" lon="-2.499988"><ele>127.6</ele></trkpt>
<trkpt lat="43.272856" lon="-2.499976"><ele>127.4</ele></trkpt>
<trkpt lat="43.272847" lon="-2.499957"><ele>127.5</ele></trkpt>
<trkpt lat="43.272836" lon="-2.499941"><ele>127.5</ele></trkpt>
<trkpt lat="43.272824" lon="-2.499929"><ele>127.3</ele></trkpt>
<trkpt lat="43.272813" lon="-2.499914"><ele>127.3</ele></trkpt>
<trkpt lat="43.272803" lon="-2.499898"><ele>127.3</ele></trkpt>
<trkpt lat="43.272791" lon="-2.499884"><ele>127.3</ele></trkpt>
<trkpt lat="43.272776" lon="-2.499868"><ele>127.0</ele></trkpt>
<trkpt lat="43.272759" lon="-2.499852"><ele>126.8</ele></trkpt>
<trkpt lat="43.272745" lon="-2.499840"><ele>126.6</ele></trkpt>
<trkpt lat="43.272733" lon="-2.499829"><ele>126.2</ele></trkpt>
<trkpt lat="43.272720" lon="-2.499821"><ele>125.7</ele></trkpt>
<trkpt lat="43.272703" lon="-2.499817"><ele>125.2</ele></trkpt>
<trkpt lat="43.272685" lon="-2.499807"><ele>124.8</ele></trkpt>
<trkpt lat="43.272667" lon="-2.499802"><ele>124.0</ele></trkpt>
<trkpt lat="43.272646" lon="-2.499797"><ele>123.5</ele></trkpt>
<trkpt lat="43.272628" lon="-2.499791"><ele>123.4</ele></trkpt>
<trkpt lat="43.272611" lon="-2.499786"><ele>122.9</ele></trkpt>
<trkpt lat="43.272596" lon="-2.499781"><ele>122.7</ele></trkpt>
<trkpt lat="43.272579" lon="-2.499776"><ele>122.1</ele></trkpt>
<trkpt lat="43.272559" lon="-2.499777"><ele>121.7</ele></trkpt>
<trkpt lat="43.272539" lon="-2.499775"><ele>121.2</ele></trkpt>
<trkpt lat="43.272522" lon="-2.499775"><ele>121.0</ele></trkpt>
<trkpt lat="43.272507" lon="-2.499776"><ele>120.8</ele></trkpt>
<trkpt lat="43.272493" lon="-2.499783"><ele>120.5</ele></trkpt>
<trkpt lat="43.272475" lon="-2.499783"><ele>120.0</ele></trkpt>
<trkpt lat="43.272459" lon="-2.499779"><ele>119.9</ele></trkpt>
<trkpt lat="43.272442" lon="-2.499782"><ele>119.7</ele></trkpt>
<trkpt lat="43.272424" lon="-2.499779"><ele>119.4</ele></trkpt>
<trkpt lat="43.272407" lon="-2.499784"><ele>118.8</ele></trkpt>
<trkpt lat="43.272394" lon="-2.499784"><ele>118.5</ele></trkpt>
<trkpt lat="43.272376" lon="-2.499784"><ele>118.3</ele></trkpt>
<trkpt lat="43.272363" lon="-2.499791"><ele>117.2</ele></trkpt>
<trkpt lat="43.272349" lon="-2.499797"><ele>116.3</ele></trkpt>
<trkpt lat="43.272331" lon="-2.499802"><ele>116.1</ele></trkpt>
<trkpt lat="43.272314" lon="-2.499808"><ele>115.8</ele></trkpt>
<trkpt lat="43.272301" lon="-2.499812"><ele>115.4</ele></trkpt>
<trkpt lat="43.272290" lon="-2.499813"><ele>115.0</ele></trkpt>
<trkpt lat="43.272278" lon="-2.499817"><ele>114.8</ele></trkpt>
<trkpt lat="43.272263" lon="-2.499822"><ele>114.4</ele></trkpt>
<trkpt lat="43.272245" lon="-2.499825"><ele>114.1</ele></trkpt>
<trkpt lat="43.272231" lon="-2.499825"><ele>113.9</ele></trkpt>
<trkpt lat="43.272218" lon="-2.499830"><ele>113.4</ele></trkpt>
<trkpt lat="43.272204" lon="-2.499835"><ele>112.6</ele></trkpt>
<trkpt lat="43.272193" lon="-2.499835"><ele>112.2</ele></trkpt>
<trkpt lat="43.272177" lon="-2.499831"><ele>111.5</ele></trkpt>
<trkpt lat="43.272163" lon="-2.499829"><ele>111.3</ele></trkpt>
<trkpt lat="43.272147" lon="-2.499824"><ele>111.0</ele></trkpt>
<trkpt lat="43.272137" lon="-2.499814"><ele>110.8</ele></trkpt>
<trkpt lat="43.272126" lon="-2.499803"><ele>110.2</ele></trkpt>
<trkpt lat="43.272115" lon="-2.499791"><ele>110.2</ele></trkpt>
<trkpt lat="43.272106" lon="-2.499779"><ele>110.1</ele></trkpt>
<trkpt lat="43.272103" lon="-2.499766"><ele>110.0</ele></trkpt>
<trkpt lat="43.272097" lon="-2.499751"><ele>110.1</ele></trkpt>
<trkpt lat="43.272091" lon="-2.499736"><ele>109.8</ele></trkpt>
<trkpt lat="43.272089" lon="-2.499722"><ele>109.5</ele></trkpt>
<trkpt lat="43.272086" lon="-2.499708"><ele>109.3</ele></trkpt>
<trkpt lat="43.272086" lon="-2.499694"><ele>109.3</ele></trkpt>
<trkpt lat="43.272086" lon="-2.499676"><ele>108.8</ele></trkpt>
<trkpt lat="43.272085" lon="-2.499648"><ele>108.8</ele></trkpt>
<trkpt lat="43.272087" lon="-2.499626"><ele>108.7</ele></trkpt>
<trkpt lat="43.272089" lon="-2.499603"><ele>108.4</ele></trkpt>
<trkpt lat="43.272092" lon="-2.499582"><ele>108.2</ele></trkpt>
<trkpt lat="43.272097" lon="-2.499560"><ele>107.9</ele></trkpt>
<trkpt lat="43.272100" lon="-2.499535"><ele>107.9</ele></trkpt>
<trkpt lat="43.272105" lon="-2.499514"><ele>107.7</ele></trkpt>
<trkpt lat="43.272109" lon="-2.499495"><ele>107.4</ele></trkpt>
<trkpt lat="43.272114" lon="-2.499480"><ele>107.5</ele></trkpt>
<trkpt lat="43.272120" lon="-2.499456"><ele>107.2</ele></trkpt>
<trkpt lat="43.272124" lon="-2.499433"><ele>106.9</ele></trkpt>
<trkpt lat="43.272128" lon="-2.499414"><ele>106.7</ele></trkpt>
<trkpt lat="43.272133" lon="-2.499393"><ele>106.6</ele></trkpt>
<trkpt lat="43.272136" lon="-2.499369"><ele>106.5</ele></trkpt>
<trkpt lat="43.272138" lon="-2.499348"><ele>106.4</ele></trkpt>
<trkpt lat="43.272140" lon="-2.499328"><ele>106.0</ele></trkpt>
<trkpt lat="43.272143" lon="-2.499308"><ele>105.4</ele></trkpt>
<trkpt lat="43.272144" lon="-2.499285"><ele>105.3</ele></trkpt>
<trkpt lat="43.272145" lon="-2.499262"><ele>105.1</ele></trkpt>
<trkpt lat="43.272141" lon="-2.499240"><ele>104.9</ele></trkpt>
<trkpt lat="43.272136" lon="-2.499221"><ele>104.9</ele></trkpt>
<trkpt lat="43.272123" lon="-2.499202"><ele>104.9</ele></trkpt>
<trkpt lat="43.272114" lon="-2.499184"><ele>104.8</ele></trkpt>
<trkpt lat="43.272101" lon="-2.499165"><ele>104.9</ele></trkpt>
<trkpt lat="43.272092" lon="-2.499149"><ele>104.6</ele></trkpt>
<trkpt lat="43.272076" lon="-2.499130"><ele>104.6</ele></trkpt>
<trkpt lat="43.272064" lon="-2.499113"><ele>104.1</ele></trkpt>
<trkpt lat="43.272058" lon="-2.499103"><ele>103.6</ele></trkpt>
<trkpt lat="43.272047" lon="-2.499090"><ele>103.2</ele></trkpt>
<trkpt lat="43.272031" lon="-2.499083"><ele>102.8</ele></trkpt>
<trkpt lat="43.272022" lon="-2.499072"><ele>102.9</ele></trkpt>
<trkpt lat="43.272012" lon="-2.499060"><ele>102.6</ele></trkpt>
<trkpt lat="43.271999" lon="-2.499051"><ele>102.5</ele></trkpt>
<trkpt lat="43.271983" lon="-2.499043"><ele>102.5</ele></trkpt>
<trkpt lat="43.271966" lon="-2.499029"><ele>102.5</ele></trkpt>
<trkpt lat="43.271947" lon="-2.499020"><ele>102.3</ele></trkpt>
<trkpt lat="43.271930" lon="-2.499009"><ele>102.1</ele></trkpt>
<trkpt lat="43.271912" lon="-2.498998"><ele>102.1</ele></trkpt>
<trkpt lat="43.271896" lon="-2.498984"><ele>101.9</ele></trkpt>
<trkpt lat="43.271883" lon="-2.498973"><ele>101.9</ele></trkpt>
<trkpt lat="43.271866" lon="-2.498964"><ele>101.6</ele></trkpt>
<trkpt lat="43.271849" lon="-2.498956"><ele>101.2</ele></trkpt>
<trkpt lat="43.271834" lon="-2.498947"><ele>101.0</ele></trkpt>
<trkpt lat="43.271818" lon="-2.498940"><ele>100.6</ele></trkpt>
<trkpt lat="43.271804" lon="-2.498932"><ele>100.7</ele></trkpt>
<trkpt lat="43.271789" lon="-2.498926"><ele>100.5</ele></trkpt>
<trkpt lat="43.271773" lon="-2.498915"><ele>99.5</ele></trkpt>
<trkpt lat="43.271762" lon="-2.498902"><ele>99.3</ele></trkpt>
<trkpt lat="43.271750" lon="-2.498894"><ele>99.1</ele></trkpt>
<trkpt lat="43.271737" lon="-2.498886"><ele>98.9</ele></trkpt>
<trkpt lat="43.271720" lon="-2.498883"><ele>98.6</ele></trkpt>
<trkpt lat="43.271707" lon="-2.498874"><ele>98.4</ele></trkpt>
<trkpt lat="43.271695" lon="-2.498861"><ele>98.5</ele></trkpt>
<trkpt lat="43.271680" lon="-2.498853"><ele>98.3</ele></trkpt>
<trkpt lat="43.271667" lon="-2.498844"><ele>97.2</ele></trkpt>
<trkpt lat="43.271654" lon="-2.498834"><ele>97.0</ele></trkpt>
<trkpt lat="43.271641" lon="-2.498825"><ele>96.8</ele></trkpt>
<trkpt lat="43.271628" lon="-2.498816"><ele>96.8</ele></trkpt>
<trkpt lat="43.271618" lon="-2.498801"><ele>96.9</ele></trkpt>
<trkpt lat="43.271605" lon="-2.498784"><ele>96.9</ele></trkpt>
<trkpt lat="43.271597" lon="-2.498735"><ele>96.8</ele></trkpt>
<trkpt lat="43.271619" lon="-2.498629"><ele>96.9</ele></trkpt>
<trkpt lat="43.271594" lon="-2.498582"><ele>96.6</ele></trkpt>
<trkpt lat="43.271604" lon="-2.498490"><ele>96.6</ele></trkpt>
<trkpt lat="43.271600" lon="-2.498451"><ele>96.5</ele></trkpt>
<trkpt lat="43.271591" lon="-2.498456"><ele>96.3</ele></trkpt>
<trkpt lat="43.271572" lon="-2.498485"><ele>96.3</ele></trkpt>
<trkpt lat="43.271548" lon="-2.498513"><ele>96.2</ele></trkpt>
<trkpt lat="43.271527" lon="-2.498546"><ele>96.2</ele></trkpt>
<trkpt lat="43.271506" lon="-2.498576"><ele>96.5</ele></trkpt>
<trkpt lat="43.271488" lon="-2.498602"><ele>96.4</ele></trkpt>
<trkpt lat="43.271469" lon="-2.498630"><ele>96.5</ele></trkpt>
<trkpt lat="43.271453" lon="-2.498662"><ele>96.5</ele></trkpt>
<trkpt lat="43.271426" lon="-2.498678"><ele>96.3</ele></trkpt>
<trkpt lat="43.271375" lon="-2.498693"><ele>96.2</ele></trkpt>
<trkpt lat="43.271326" lon="-2.498730"><ele>96.0</ele></trkpt>
<trkpt lat="43.271339" lon="-2.498716"><ele>95.9</ele></trkpt>
<trkpt lat="43.271322" lon="-2.498726"><ele>95.8</ele></trkpt>
<trkpt lat="43.271303" lon="-2.498728"><ele>95.8</ele></trkpt>
<trkpt lat="43.271290" lon="-2.498734"><ele>95.9</ele></trkpt>
<trkpt lat="43.271277" lon="-2.498735"><ele>95.8</ele></trkpt>
<trkpt lat="43.271262" lon="-2.498743"><ele>95.6</ele></trkpt>
<trkpt lat="43.271250" lon="-2.498749"><ele>95.4</ele></trkpt>
<trkpt lat="43.271233" lon="-2.498761"><ele>95.4</ele></trkpt>
<trkpt lat="43.271220" lon="-2.498769"><ele>95.4</ele></trkpt>
<trkpt lat="43.271207" lon="-2.498776"><ele>95.4</ele></trkpt>
<trkpt lat="43.271193" lon="-2.498785"><ele>95.5</ele></trkpt>
<trkpt lat="43.271185" lon="-2.498795"><ele>95.3</ele></trkpt>
<trkpt lat="43.271174" lon="-2.498807"><ele>95.3</ele></trkpt>
<trkpt lat="43.271166" lon="-2.498810"><ele>95.2</ele></trkpt>
<trkpt lat="43.271156" lon="-2.498816"><ele>95.5</ele></trkpt>
<trkpt lat="43.271146" lon="-2.498825"><ele>95.4</ele></trkpt>
<trkpt lat="43.271137" lon="-2.498831"><ele>95.4</ele></trkpt>
<trkpt lat="43.271125" lon="-2.498840"><ele>95.6</ele></trkpt>
<trkpt lat="43.271109" lon="-2.498846"><ele>95.8</ele></trkpt>
<trkpt lat="43.271099" lon="-2.498850"><ele>96.1</ele></trkpt>
<trkpt lat="43.271084" lon="-2.498865"><ele>96.1</ele></trkpt>
<trkpt lat="43.271073" lon="-2.498872"><ele>96.0</ele></trkpt>
<trkpt lat="43.271059" lon="-2.498875"><ele>96.1</ele></trkpt>
<trkpt lat="43.271044" lon="-2.498881"><ele>96.0</ele></trkpt>
<trkpt lat="43.271031" lon="-2.498890"><ele>95.4</ele></trkpt>
<trkpt lat="43.271017" lon="-2.498896"><ele>95.1</ele></trkpt>
<trkpt lat="43.271004" lon="-2.498900"><ele>94.8</ele></trkpt>
<trkpt lat="43.270990" lon="-2.498906"><ele>94.6</ele></trkpt>
<trkpt lat="43.270977" lon="-2.498912"><ele>94.7</ele></trkpt>
<trkpt lat="43.270966" lon="-2.498918"><ele>94.6</ele></trkpt>
<trkpt lat="43.270956" lon="-2.498925"><ele>94.6</ele></trkpt>
<trkpt lat="43.270946" lon="-2.498931"><ele>94.8</ele></trkpt>
<trkpt lat="43.270946" lon="-2.498931"><ele>95.3</ele></trkpt>
<trkpt lat="43.270936" lon="-2.498938"><ele>95.4</ele></trkpt>
<trkpt lat="43.270926" lon="-2.498942"><ele>95.5</ele></trkpt>
<trkpt lat="43.270916" lon="-2.498946"><ele>95.4</ele></trkpt>
<trkpt lat="43.270906" lon="-2.498949"><ele>95.4</ele></trkpt>
<trkpt lat="43.270894" lon="-2.498951"><ele>95.5</ele></trkpt>
<trkpt lat="43.270880" lon="-2.498951"><ele>95.2</ele></trkpt>
<trkpt lat="43.270854" lon="-2.498948"><ele>95.0</ele></trkpt>
<trkpt lat="43.270854" lon="-2.498948"><ele>95.0</ele></trkpt>
<trkpt lat="43.270841" lon="-2.498945"><ele>95.1</ele></trkpt>
<trkpt lat="43.270830" lon="-2.498942"><ele>95.1</ele></trkpt>
<trkpt lat="43.270807" lon="-2.498933"><ele>95.0</ele></trkpt>
<trkpt lat="43.270795" lon="-2.498927"><ele>95.0</ele></trkpt>
<trkpt lat="43.270784" lon="-2.498921"><ele>95.1</ele></trkpt>
<trkpt lat="43.270774" lon="-2.498915"><ele>95.1</ele></trkpt>
<trkpt lat="43.270763" lon="-2.498908"><ele>94.6</ele></trkpt>
<trkpt lat="43.270751" lon="-2.498901"><ele>94.7</ele></trkpt>
<trkpt lat="43.270739" lon="-2.498893"><ele>94.6</ele></trkpt>
<trkpt lat="43.270727" lon="-2.498884"><ele>94.7</ele></trkpt>
<trkpt lat="43.270716" lon="-2.498876"><ele>94.6</ele></trkpt>
<trkpt lat="43.270704" lon="-2.498868"><ele>94.9</ele></trkpt>
<trkpt lat="43.270690" lon="-2.498859"><ele>94.9</ele></trkpt>
<trkpt lat="43.270677" lon="-2.498850"><ele>95.5</ele></trkpt>
<trkpt lat="43.270663" lon="-2.498842"><ele>95.7</ele></trkpt>
<trkpt lat="43.270649" lon="-2.498836"><ele>95.6</ele></trkpt>
<trkpt lat="43.270634" lon="-2.498829"><ele>95.6</ele></trkpt>
<trkpt lat="43.270621" lon="-2.498821"><ele>95.4</ele></trkpt>
<trkpt lat="43.270609" lon="-2.498812"><ele>94.9</ele></trkpt>
<trkpt lat="43.270597" lon="-2.498804"><ele>94.8</ele></trkpt>
<trkpt lat="43.270584" lon="-2.498792"><ele>94.9</ele></trkpt>
<trkpt lat="43.270573" lon="-2.498782"><ele>94.6</ele></trkpt>
<trkpt lat="43.270562" lon="-2.498773"><ele>94.6</ele></trkpt>
<trkpt lat="43.270551" lon="-2.498762"><ele>94.6</ele></trkpt>
<trkpt lat="43.270538" lon="-2.498749"><ele>94.7</ele></trkpt>
<trkpt lat="43.270528" lon="-2.498739"><ele>94.5</ele></trkpt>
<trkpt lat="43.270520" lon="-2.498731"><ele>94.3</ele></trkpt>
<trkpt lat="43.270524" lon="-2.498742"><ele>94.3</ele></trkpt>
<trkpt lat="43.270532" lon="-2.498759"><ele>94.0</ele></trkpt>
<trkpt lat="43.270542" lon="-2.498771"><ele>94.0</ele></trkpt>
<trkpt lat="43.270555" lon="-2.498783"><ele>94.2</ele></trkpt>
<trkpt lat="43.270564" lon="-2.498793"><ele>94.3</ele></trkpt>
<trkpt lat="43.270575" lon="-2.498803"><ele>94.4</ele></trkpt>
<trkpt lat="43.270584" lon="-2.498817"><ele>94.5</ele></trkpt>
<trkpt lat="43.270587" lon="-2.498831"><ele>94.7</ele></trkpt>
<trkpt lat="43.270596" lon="-2.498844"><ele>94.7</ele></trkpt>
<trkpt lat="43.270604" lon="-2.498858"><ele>94.6</ele></trkpt>
<trkpt lat="43.270615" lon="-2.498871"><ele>94.9</ele></trkpt>
<trkpt lat="43.270627" lon="-2.498885"><ele>95.5</ele></trkpt>
<trkpt lat="43.270636" lon="-2.498896"><ele>95.7</ele></trkpt>
<trkpt lat="43.270647" lon="-2.498911"><ele>95.8</ele></trkpt>
<trkpt lat="43.270653" lon="-2.498926"><ele>95.8</ele></trkpt>
<trkpt lat="43.270654" lon="-2.498944"><ele>96.0</ele></trkpt>
<trkpt lat="43.270647" lon="-2.498969"><ele>96.3</ele></trkpt>
<trkpt lat="43.270637" lon="-2.498986"><ele>96.2</ele></trkpt>
<trkpt lat="43.270625" lon="-2.499001"><ele>96.4</ele></trkpt>
<trkpt lat="43.270613" lon="-2.499017"><ele>96.4</ele></trkpt>
<trkpt lat="43.270602" lon="-2.499031"><ele>96.7</ele></trkpt>
<trkpt lat="43.270591" lon="-2.499042"><ele>96.6</ele></trkpt>
<trkpt lat="43.270578" lon="-2.499051"><ele>96.7</ele></trkpt>
<trkpt lat="43.270567" lon="-2.499062"><ele>96.8</ele></trkpt>
<trkpt lat="43.270570" lon="-2.499065"><ele>96.8</ele></trkpt>
<trkpt lat="43.270581" lon="-2.499059"><ele>96.9</ele></trkpt>
<trkpt lat="43.270592" lon="-2.499046"><ele>97.1</ele></trkpt>
<trkpt lat="43.270590" lon="-2.499038"><ele>97.0</ele></trkpt>
<trkpt lat="43.270582" lon="-2.499041"><ele>97.0</ele></trkpt>
<trkpt lat="43.270571" lon="-2.499047"><ele>97.2</ele></trkpt>
<trkpt lat="43.270562" lon="-2.499051"><ele>97.4</ele></trkpt>
<trkpt lat="43.270553" lon="-2.499052"><ele>97.5</ele></trkpt>
<trkpt lat="43.270541" lon="-2.499056"><ele>97.2</ele></trkpt>
<trkpt lat="43.270529" lon="-2.499065"><ele>97.4</ele></trkpt>
<trkpt lat="43.270518" lon="-2.499075"><ele>97.2</ele></trkpt>
<trkpt lat="43.270507" lon="-2.499085"><ele>97.3</ele></trkpt>
<trkpt lat="43.270496" lon="-2.499097"><ele>97.1</ele></trkpt>
<trkpt lat="43.270486" lon="-2.499108"><ele>97.2</ele></trkpt>
<trkpt lat="43.270477" lon="-2.499115"><ele>97.3</ele></trkpt>
<trkpt lat="43.270469" lon="-2.499126"><ele>97.3</ele></trkpt>
<trkpt lat="43.270457" lon="-2.499134"><ele>97.4</ele></trkpt>
<trkpt lat="43.270444" lon="-2.499146"><ele>97.4</ele></trkpt>
<trkpt lat="43.270430" lon="-2.499160"><ele>97.5</ele></trkpt>
<trkpt lat="43.270416" lon="-2.499173"><ele>97.7</ele></trkpt>
<trkpt lat="43.270399" lon="-2.499187"><ele>97.6</ele></trkpt>
<trkpt lat="43.270386" lon="-2.499199"><ele>98.1</ele></trkpt>
<trkpt lat="43.270372" lon="-2.499215"><ele>98.0</ele></trkpt>
<trkpt lat="43.270359" lon="-2.499227"><ele>98.3</ele></trkpt>
<trkpt lat="43.270347" lon="-2.499238"><ele>98.3</ele></trkpt>
<trkpt lat="43.270337" lon="-2.499244"><ele>98.3</ele></trkpt>
<trkpt lat="43.270322" lon="-2.499255"><ele>98.3</ele></trkpt>
<trkpt lat="43.270305" lon="-2.499269"><ele>98.3</ele></trkpt>
<trkpt lat="43.270289" lon="-2.499279"><ele>98.2</ele></trkpt>
<trkpt lat="43.270272" lon="-2.499282"><ele>98.8</ele></trkpt>
<trkpt lat="43.270257" lon="-2.499290"><ele>99.0</ele></trkpt>
<trkpt lat="43.270241" lon="-2.499300"><ele>99.0</ele></trkpt>
<trkpt lat="43.270226" lon="-2.499313"><ele>99.0</ele></trkpt>
<trkpt lat="43.270211" lon="-2.499324"><ele>99.1</ele></trkpt>
<trkpt lat="43.270196" lon="-2.499339"><ele>99.2</ele></trkpt>
<trkpt lat="43.270186" lon="-2.499349"><ele>99.2</ele></trkpt>
<trkpt lat="43.270172" lon="-2.499363"><ele>99.0</ele></trkpt>
<trkpt lat="43.270157" lon="-2.499381"><ele>99.0</ele></trkpt>
<trkpt lat="43.270143" lon="-2.499390"><ele>99.1</ele></trkpt>
<trkpt lat="43.270129" lon="-2.499400"><ele>98.8</ele></trkpt>
<trkpt lat="43.270116" lon="-2.499412"><ele>98.1</ele></trkpt>
<trkpt lat="43.270101" lon="-2.499424"><ele>98.0</ele></trkpt>
<trkpt lat="43.270088" lon="-2.499436"><ele>98.0</ele></trkpt>
<trkpt lat="43.270073" lon="-2.499450"><ele>98.0</ele></trkpt>
<trkpt lat="43.270060" lon="-2.499464"><ele>98.2</ele></trkpt>
<trkpt lat="43.270047" lon="-2.499480"><ele>98.5</ele></trkpt>
<trkpt lat="43.270033" lon="-2.499494"><ele>98.5</ele></trkpt>
<trkpt lat="43.270020" lon="-2.499508"><ele>98.4</ele></trkpt>
<trkpt lat="43.270006" lon="-2.499516"><ele>98.4</ele></trkpt>
<trkpt lat="43.269991" lon="-2.499532"><ele>98.5</ele></trkpt>
<trkpt lat="43.269977" lon="-2.499547"><ele>98.5</ele></trkpt>
<trkpt lat="43.269961" lon="-2.499559"><ele>98.5</ele></trkpt>
<trkpt lat="43.269953" lon="-2.499572"><ele>98.4</ele></trkpt>
<trkpt lat="43.269943" lon="-2.499586"><ele>98.2</ele></trkpt>
<trkpt lat="43.269933" lon="-2.499598"><ele>98.5</ele></trkpt>
<trkpt lat="43.269922" lon="-2.499613"><ele>98.2</ele></trkpt>
<trkpt lat="43.269911" lon="-2.499623"><ele>98.0</ele></trkpt>
<trkpt lat="43.269898" lon="-2.499635"><ele>98.1</ele></trkpt>
<trkpt lat="43.269884" lon="-2.499643"><ele>97.7</ele></trkpt>
<trkpt lat="43.269872" lon="-2.499642"><ele>97.5</ele></trkpt>
<trkpt lat="43.269858" lon="-2.499641"><ele>97.4</ele></trkpt>
<trkpt lat="43.269852" lon="-2.499637"><ele>97.5</ele></trkpt>
<trkpt lat="43.269845" lon="-2.499632"><ele>97.2</ele></trkpt>
<trkpt lat="43.269837" lon="-2.499634"><ele>97.5</ele></trkpt>
<trkpt lat="43.269828" lon="-2.499640"><ele>97.5</ele></trkpt>
<trkpt lat="43.269821" lon="-2.499649"><ele>97.5</ele></trkpt>
<trkpt lat="43.269811" lon="-2.499660"><ele>97.4</ele></trkpt>
<trkpt lat="43.269805" lon="-2.499669"><ele>97.5</ele></trkpt>
<trkpt lat="43.269800" lon="-2.499676"><ele>97.4</ele></trkpt>
<trkpt lat="43.269790" lon="-2.499682"><ele>97.4</ele></trkpt>
<trkpt lat="43.269780" lon="-2.499692"><ele>97.3</ele></trkpt>
<trkpt lat="43.269768" lon="-2.499706"><ele>97.3</ele></trkpt>
<trkpt lat="43.269750" lon="-2.499720"><ele>97.1</ele></trkpt>
<trkpt lat="43.269735" lon="-2.499736"><ele>97.1</ele></trkpt>
<trkpt lat="43.269720" lon="-2.499753"><ele>97.1</ele></trkpt>
<trkpt lat="43.269704" lon="-2.499756"><ele>96.9</ele></trkpt>
<trkpt lat="43.269691" lon="-2.499767"><ele>96.8</ele></trkpt>
<trkpt lat="43.269679" lon="-2.499784"><ele>96.9</ele></trkpt>
<trkpt lat="43.269668" lon="-2.499805"><ele>96.6</ele></trkpt>
<trkpt lat="43.269656" lon="-2.499831"><ele>96.5</ele></trkpt>
<trkpt lat="43.269644" lon="-2.499848"><ele>96.4</ele></trkpt>
<trkpt lat="43.269633" lon="-2.499866"><ele>96.2</ele></trkpt>
<trkpt lat="43.269620" lon="-2.499887"><ele>95.4</ele></trkpt>
<trkpt lat="43.269608" lon="-2.499907"><ele>95.5</ele></trkpt>
<trkpt lat="43.269599" lon="-2.499928"><ele>95.4</ele></trkpt>
<trkpt lat="43.269588" lon="-2.499947"><ele>95.5</ele></trkpt>
<trkpt lat="43.269578" lon="-2.499967"><ele>95.5</ele></trkpt>
<trkpt lat="43.269569" lon="-2.499985"><ele>95.6</ele></trkpt>
<trkpt lat="43.269559" lon="-2.500002"><ele>95.7</ele></trkpt>
<trkpt lat="43.269548" lon="-2.500020"><ele>95.7</ele></trkpt>
<trkpt lat="43.269537" lon="-2.500034"><ele>95.7</ele></trkpt>
<trkpt lat="43.269526" lon="-2.500050"><ele>95.7</ele></trkpt>
<trkpt lat="43.269515" lon="-2.500068"><ele>95.6</ele></trkpt>
<trkpt lat="43.269505" lon="-2.500086"><ele>95.7</ele></trkpt>
<trkpt lat="43.269495" lon="-2.500101"><ele>95.6</ele></trkpt>
<trkpt lat="43.269486" lon="-2.500113"><ele>95.6</ele></trkpt>
<trkpt lat="43.269482" lon="-2.500112"><ele>95.7</ele></trkpt>
<trkpt lat="43.269479" lon="-2.500121"><ele>95.6</ele></trkpt>
<trkpt lat="43.269474" lon="-2.500137"><ele>95.7</ele></trkpt>
<trkpt lat="43.269469" lon="-2.500154"><ele>95.7</ele></trkpt>
<trkpt lat="43.269463" lon="-2.500175"><ele>96.1</ele></trkpt>
<trkpt lat="43.269460" lon="-2.500196"><ele>96.2</ele></trkpt>
<trkpt lat="43.269457" lon="-2.500220"><ele>96.2</ele></trkpt>
<trkpt lat="43.269453" lon="-2.500240"><ele>96.3</ele></trkpt>
<trkpt lat="43.269449" lon="-2.500259"><ele>96.3</ele></trkpt>
<trkpt lat="43.269447" lon="-2.500285"><ele>96.7</ele></trkpt>
<trkpt lat="43.269443" lon="-2.500302"><ele>97.1</ele></trkpt>
<trkpt lat="43.269439" lon="-2.500316"><ele>97.4</ele></trkpt>
<trkpt lat="43.269437" lon="-2.500332"><ele>97.4</ele></trkpt>
<trkpt lat="43.269434" lon="-2.500346"><ele>97.6</ele></trkpt>
<trkpt lat="43.269432" lon="-2.500361"><ele>97.8</ele></trkpt>
<trkpt lat="43.269429" lon="-2.500376"><ele>98.1</ele></trkpt>
<trkpt lat="43.269427" lon="-2.500391"><ele>98.3</ele></trkpt>
<trkpt lat="43.269424" lon="-2.500403"><ele>98.5</ele></trkpt>
<trkpt lat="43.269421" lon="-2.500418"><ele>98.8</ele></trkpt>
<trkpt lat="43.269418" lon="-2.500436"><ele>99.3</ele></trkpt>
<trkpt lat="43.269412" lon="-2.500455"><ele>99.5</ele></trkpt>
<trkpt lat="43.269406" lon="-2.500464"><ele>99.5</ele></trkpt>
<trkpt lat="43.269397" lon="-2.500475"><ele>99.7</ele></trkpt>
<trkpt lat="43.269386" lon="-2.500484"><ele>99.6</ele></trkpt>
<trkpt lat="43.269376" lon="-2.500493"><ele>99.8</ele></trkpt>
<trkpt lat="43.269366" lon="-2.500504"><ele>100.2</ele></trkpt>
<trkpt lat="43.269355" lon="-2.500514"><ele>100.3</ele></trkpt>
<trkpt lat="43.269340" lon="-2.500531"><ele>100.3</ele></trkpt>
<trkpt lat="43.269329" lon="-2.500543"><ele>100.2</ele></trkpt>
<trkpt lat="43.269317" lon="-2.500556"><ele>100.0</ele></trkpt>
<trkpt lat="43.269303" lon="-2.500565"><ele>99.6</ele></trkpt>
<trkpt lat="43.269292" lon="-2.500573"><ele>99.3</ele></trkpt>
<trkpt lat="43.269282" lon="-2.500584"><ele>99.3</ele></trkpt>
<trkpt lat="43.269270" lon="-2.500594"><ele>99.3</ele></trkpt>
<trkpt lat="43.269258" lon="-2.500603"><ele>99.1</ele></trkpt>
<trkpt lat="43.269245" lon="-2.500612"><ele>99.0</ele></trkpt>
<trkpt lat="43.269235" lon="-2.500626"><ele>98.9</ele></trkpt>
<trkpt lat="43.269224" lon="-2.500639"><ele>99.0</ele></trkpt>
<trkpt lat="43.269213" lon="-2.500652"><ele>99.2</ele></trkpt>
<trkpt lat="43.269201" lon="-2.500665"><ele>99.3</ele></trkpt>
<trkpt lat="43.269190" lon="-2.500669"><ele>99.0</ele></trkpt>
<trkpt lat="43.269177" lon="-2.500677"><ele>99.3</ele></trkpt>
<trkpt lat="43.269164" lon="-2.500691"><ele>99.3</ele></trkpt>
<trkpt lat="43.269154" lon="-2.500701"><ele>99.3</ele></trkpt>
<trkpt lat="43.269143" lon="-2.500712"><ele>99.0</ele></trkpt>
<trkpt lat="43.269130" lon="-2.500721"><ele>99.1</ele></trkpt>
<trkpt lat="43.269115" lon="-2.500731"><ele>99.1</ele></trkpt>
<trkpt lat="43.269099" lon="-2.500742"><ele>99.1</ele></trkpt>
<trkpt lat="43.269090" lon="-2.500755"><ele>98.8</ele></trkpt>
<trkpt lat="43.269074" lon="-2.500767"><ele>98.5</ele></trkpt>
<trkpt lat="43.269061" lon="-2.500778"><ele>98.4</ele></trkpt>
<trkpt lat="43.269045" lon="-2.500787"><ele>98.4</ele></trkpt>
<trkpt lat="43.269032" lon="-2.500800"><ele>98.5</ele></trkpt>
<trkpt lat="43.269020" lon="-2.500816"><ele>98.5</ele></trkpt>
<trkpt lat="43.269010" lon="-2.500828"><ele>98.7</ele></trkpt>
<trkpt lat="43.268999" lon="-2.500838"><ele>98.8</ele></trkpt>
<trkpt lat="43.268985" lon="-2.500849"><ele>98.8</ele></trkpt>
<trkpt lat="43.268972" lon="-2.500859"><ele>98.9</ele></trkpt>
<trkpt lat="43.268960" lon="-2.500868"><ele>98.9</ele></trkpt>
<trkpt lat="43.268949" lon="-2.500878"><ele>98.9</ele></trkpt>
<trkpt lat="43.268938" lon="-2.500889"><ele>98.9</ele></trkpt>
<trkpt lat="43.268930" lon="-2.500900"><ele>98.9</ele></trkpt>
<trkpt lat="43.268921" lon="-2.500911"><ele>98.9</ele></trkpt>
<trkpt lat="43.268910" lon="-2.500921"><ele>98.8</ele></trkpt>
<trkpt lat="43.268898" lon="-2.500932"><ele>98.8</ele></trkpt>
<trkpt lat="43.268885" lon="-2.500945"><ele>98.7</ele></trkpt>
<trkpt lat="43.268872" lon="-2.500960"><ele>98.7</ele></trkpt>
<trkpt lat="43.268859" lon="-2.500974"><ele>98.6</ele></trkpt>
<trkpt lat="43.268844" lon="-2.500984"><ele>98.7</ele></trkpt>
<trkpt lat="43.268828" lon="-2.500995"><ele>98.5</ele></trkpt>
<trkpt lat="43.268812" lon="-2.501012"><ele>98.4</ele></trkpt>
<trkpt lat="43.268796" lon="-2.501029"><ele>98.4</ele></trkpt>
<trkpt lat="43.268784" lon="-2.501041"><ele>98.4</ele></trkpt>
<trkpt lat="43.268771" lon="-2.501049"><ele>98.3</ele></trkpt>
<trkpt lat="43.268757" lon="-2.501059"><ele>98.3</ele></trkpt>
<trkpt lat="43.268746" lon="-2.501070"><ele>98.3</ele></trkpt>
<trkpt lat="43.268734" lon="-2.501080"><ele>98.2</ele></trkpt>
<trkpt lat="43.268722" lon="-2.501086"><ele>98.0</ele></trkpt>
<trkpt lat="43.268712" lon="-2.501097"><ele>98.1</ele></trkpt>
<trkpt lat="43.268699" lon="-2.501111"><ele>98.0</ele></trkpt>
<trkpt lat="43.268684" lon="-2.501125"><ele>97.8</ele></trkpt>
<trkpt lat="43.268670" lon="-2.501138"><ele>97.8</ele></trkpt>
<trkpt lat="43.268657" lon="-2.501155"><ele>97.9</ele></trkpt>
<trkpt lat="43.268642" lon="-2.501171"><ele>97.8</ele></trkpt>
<trkpt lat="43.268628" lon="-2.501186"><ele>97.8</ele></trkpt>
<trkpt lat="43.268616" lon="-2.501199"><ele>97.8</ele></trkpt>
<trkpt lat="43.268605" lon="-2.501212"><ele>97.8</ele></trkpt>
<trkpt lat="43.268592" lon="-2.501221"><ele>97.6</ele></trkpt>
<trkpt lat="43.268581" lon="-2.501233"><ele>97.6</ele></trkpt>
<trkpt lat="43.268567" lon="-2.501249"><ele>97.4</ele></trkpt>
<trkpt lat="43.268555" lon="-2.501267"><ele>97.4</ele></trkpt>
<trkpt lat="43.268541" lon="-2.501287"><ele>97.3</ele></trkpt>
<trkpt lat="43.268525" lon="-2.501300"><ele>97.0</ele></trkpt>
<trkpt lat="43.268512" lon="-2.501316"><ele>96.9</ele></trkpt>
<trkpt lat="43.268497" lon="-2.501330"><ele>96.8</ele></trkpt>
<trkpt lat="43.268489" lon="-2.501341"><ele>96.1</ele></trkpt>
<trkpt lat="43.268476" lon="-2.501350"><ele>96.0</ele></trkpt>
<trkpt lat="43.268466" lon="-2.501363"><ele>95.8</ele></trkpt>
<trkpt lat="43.268455" lon="-2.501374"><ele>95.9</ele></trkpt>
<trkpt lat="43.268444" lon="-2.501385"><ele>95.9</ele></trkpt>
<trkpt lat="43.268433" lon="-2.501396"><ele>95.9</ele></trkpt>
<trkpt lat="43.268422" lon="-2.501406"><ele>95.9</ele></trkpt>
<trkpt lat="43.268410" lon="-2.501417"><ele>96.0</ele></trkpt>
<trkpt lat="43.268399" lon="-2.501427"><ele>96.4</ele></trkpt>
<trkpt lat="43.268382" lon="-2.501432"><ele>96.6</ele></trkpt>
<trkpt lat="43.268369" lon="-2.501441"><ele>96.7</ele></trkpt>
<trkpt lat="43.268358" lon="-2.501455"><ele>96.7</ele></trkpt>
<trkpt lat="43.268349" lon="-2.501467"><ele>96.6</ele></trkpt>
<trkpt lat="43.268336" lon="-2.501477"><ele>96.7</ele></trkpt>
<trkpt lat="43.268323" lon="-2.501490"><ele>96.6</ele></trkpt>
<trkpt lat="43.268309" lon="-2.501504"><ele>96.6</ele></trkpt>
<trkpt lat="43.268295" lon="-2.501514"><ele>96.4</ele></trkpt>
<trkpt lat="43.268280" lon="-2.501523"><ele>96.4</ele></trkpt>
<trkpt lat="43.268269" lon="-2.501534"><ele>96.5</ele></trkpt>
<trkpt lat="43.268258" lon="-2.501554"><ele>96.4</ele></trkpt>
<trkpt lat="43.268248" lon="-2.501575"><ele>96.6</ele></trkpt>
<trkpt lat="43.268238" lon="-2.501590"><ele>96.6</ele></trkpt>
<trkpt lat="43.268229" lon="-2.501601"><ele>96.8</ele></trkpt>
<trkpt lat="43.268218" lon="-2.501612"><ele>96.8</ele></trkpt>
<trkpt lat="43.268207" lon="-2.501621"><ele>96.8</ele></trkpt>
<trkpt lat="43.268196" lon="-2.501630"><ele>96.9</ele></trkpt>
<trkpt lat="43.268183" lon="-2.501637"><ele>97.0</ele></trkpt>
<trkpt lat="43.268173" lon="-2.501648"><ele>97.0</ele></trkpt>
<trkpt lat="43.268161" lon="-2.501666"><ele>97.0</ele></trkpt>
<trkpt lat="43.268147" lon="-2.501674"><ele>97.1</ele></trkpt>
<trkpt lat="43.268135" lon="-2.501686"><ele>97.0</ele></trkpt>
<trkpt lat="43.268122" lon="-2.501697"><ele>96.8</ele></trkpt>
<trkpt lat="43.268108" lon="-2.501709"><ele>96.9</ele></trkpt>
<trkpt lat="43.268094" lon="-2.501726"><ele>96.8</ele></trkpt>
<trkpt lat="43.268079" lon="-2.501740"><ele>96.8</ele></trkpt>
<trkpt lat="43.268066" lon="-2.501749"><ele>96.9</ele></trkpt>
<trkpt lat="43.268052" lon="-2.501761"><ele>96.9</ele></trkpt>
<trkpt lat="43.268038" lon="-2.501774"><ele>96.9</ele></trkpt>
<trkpt lat="43.268025" lon="-2.501786"><ele>96.9</ele></trkpt>
<trkpt lat="43.268012" lon="-2.501800"><ele>96.9</ele></trkpt>
<trkpt lat="43.268000" lon="-2.501815"><ele>96.9</ele></trkpt>
<trkpt lat="43.267988" lon="-2.501830"><ele>96.9</ele></trkpt>
<trkpt lat="43.267974" lon="-2.501842"><ele>96.8</ele></trkpt>
<trkpt lat="43.267962" lon="-2.501857"><ele>96.9</ele></trkpt>
<trkpt lat="43.267951" lon="-2.501871"><ele>96.8</ele></trkpt>
<trkpt lat="43.267938" lon="-2.501887"><ele>96.7</ele></trkpt>
<trkpt lat="43.267925" lon="-2.501894"><ele>96.6</ele></trkpt>
<trkpt lat="43.267914" lon="-2.501904"><ele>96.6</ele></trkpt>
<trkpt lat="43.267903" lon="-2.501914"><ele>96.7</ele></trkpt>
<trkpt lat="43.267892" lon="-2.501923"><ele>96.6</ele></trkpt>
<trkpt lat="43.267880" lon="-2.501932"><ele>96.6</ele></trkpt>
<trkpt lat="43.267869" lon="-2.501937"><ele>96.7</ele></trkpt>
<trkpt lat="43.267861" lon="-2.501946"><ele>96.7</ele></trkpt>
<trkpt lat="43.267852" lon="-2.501959"><ele>96.7</ele></trkpt>
<trkpt lat="43.267843" lon="-2.501971"><ele>96.7</ele></trkpt>
<trkpt lat="43.267831" lon="-2.501978"><ele>96.7</ele></trkpt>
<trkpt lat="43.267819" lon="-2.501986"><ele>96.7</ele></trkpt>
<trkpt lat="43.267805" lon="-2.501993"><ele>96.7</ele></trkpt>
<trkpt lat="43.267791" lon="-2.502001"><ele>96.6</ele></trkpt>
<trkpt lat="43.267780" lon="-2.502015"><ele>96.6</ele></trkpt>
<trkpt lat="43.267767" lon="-2.502029"><ele>96.6</ele></trkpt>
<trkpt lat="43.267754" lon="-2.502044"><ele>96.7</ele></trkpt>
<trkpt lat="43.267739" lon="-2.502057"><ele>96.6</ele></trkpt>
<trkpt lat="43.267725" lon="-2.502070"><ele>96.6</ele></trkpt>
<trkpt lat="43.267713" lon="-2.502086"><ele>96.6</ele></trkpt>
<trkpt lat="43.267701" lon="-2.502098"><ele>96.6</ele></trkpt>
<trkpt lat="43.267688" lon="-2.502111"><ele>96.4</ele></trkpt>
<trkpt lat="43.267677" lon="-2.502125"><ele>96.4</ele></trkpt>
<trkpt lat="43.267667" lon="-2.502139"><ele>96.5</ele></trkpt>
<trkpt lat="43.267659" lon="-2.502150"><ele>96.3</ele></trkpt>
<trkpt lat="43.267647" lon="-2.502161"><ele>96.0</ele></trkpt>
<trkpt lat="43.267636" lon="-2.502172"><ele>96.0</ele></trkpt>
<trkpt lat="43.267626" lon="-2.502186"><ele>95.8</ele></trkpt>
<trkpt lat="43.267614" lon="-2.502200"><ele>95.8</ele></trkpt>
<trkpt lat="43.267602" lon="-2.502214"><ele>95.8</ele></trkpt>
<trkpt lat="43.267590" lon="-2.502230"><ele>95.8</ele></trkpt>
<trkpt lat="43.267579" lon="-2.502245"><ele>95.8</ele></trkpt>
<trkpt lat="43.267568" lon="-2.502261"><ele>95.8</ele></trkpt>
<trkpt lat="43.267557" lon="-2.502273"><ele>95.9</ele></trkpt>
<trkpt lat="43.267544" lon="-2.502283"><ele>95.9</ele></trkpt>
<trkpt lat="43.267528" lon="-2.502293"><ele>95.9</ele></trkpt>
<trkpt lat="43.267511" lon="-2.502297"><ele>95.8</ele></trkpt>
<trkpt lat="43.267495" lon="-2.502294"><ele>95.9</ele></trkpt>
<trkpt lat="43.267478" lon="-2.502290"><ele>95.8</ele></trkpt>
<trkpt lat="43.267463" lon="-2.502291"><ele>95.9</ele></trkpt>
<trkpt lat="43.267443" lon="-2.502292"><ele>95.8</ele></trkpt>
<trkpt lat="43.267433" lon="-2.502283"><ele>95.8</ele></trkpt>
<trkpt lat="43.267419" lon="-2.502282"><ele>95.8</ele></trkpt>
<trkpt lat="43.267407" lon="-2.502280"><ele>95.5</ele></trkpt>
<trkpt lat="43.267400" lon="-2.502278"><ele>95.5</ele></trkpt>
<trkpt lat="43.267388" lon="-2.502282"><ele>95.4</ele></trkpt>
<trkpt lat="43.267374" lon="-2.502286"><ele>95.5</ele></trkpt>
<trkpt lat="43.267360" lon="-2.502284"><ele>95.5</ele></trkpt>
<trkpt lat="43.267345" lon="-2.502285"><ele>95.6</ele></trkpt>
<trkpt lat="43.267329" lon="-2.502287"><ele>95.7</ele></trkpt>
<trkpt lat="43.267317" lon="-2.502281"><ele>95.9</ele></trkpt>
<trkpt lat="43.267304" lon="-2.502274"><ele>95.9</ele></trkpt>
<trkpt lat="43.267291" lon="-2.502265"><ele>95.9</ele></trkpt>
<trkpt lat="43.267277" lon="-2.502254"><ele>95.8</ele></trkpt>
<trkpt lat="43.267263" lon="-2.502243"><ele>95.8</ele></trkpt>
<trkpt lat="43.267244" lon="-2.502240"><ele>95.6</ele></trkpt>
<trkpt lat="43.267237" lon="-2.502242"><ele>95.6</ele></trkpt>
<trkpt lat="43.267234" lon="-2.502244"><ele>95.4</ele></trkpt>
<trkpt lat="43.267228" lon="-2.502247"><ele>95.4</ele></trkpt>
<trkpt lat="43.267224" lon="-2.502244"><ele>95.2</ele></trkpt>
<trkpt lat="43.267224" lon="-2.502244"><ele>95.0</ele></trkpt>
<trkpt lat="43.267224" lon="-2.502244"><ele>95.1</ele></trkpt>
<trkpt lat="43.267224" lon="-2.502244"><ele>95.1</ele></trkpt>
<trkpt lat="43.267224" lon="-2.502244"><ele>95.0</ele></trkpt>
<trkpt lat="43.267224" lon="-2.502244"><ele>95.0</ele></trkpt>
<trkpt lat="43.267224" lon="-2.502244"><ele>95.1</ele></trkpt>
<trkpt lat="43.267224" lon="-2.502244"><ele>95.2</ele></trkpt>
<trkpt lat="43.267224" lon="-2.502244"><ele>95.2</ele></trkpt>
<trkpt lat="43.267220" lon="-2.502227"><ele>95.2</ele></trkpt>
<trkpt lat="43.267221" lon="-2.502226"><ele>95.2</ele></trkpt>
<trkpt lat="43.267218" lon="-2.502218"><ele>95.3</ele></trkpt>
<trkpt lat="43.267219" lon="-2.502219"><ele>95.2</ele></trkpt>
<trkpt lat="43.267220" lon="-2.502221"><ele>95.3</ele></trkpt>
<trkpt lat="43.267223" lon="-2.502216"><ele>95.3</ele></trkpt>
<trkpt lat="43.267224" lon="-2.502215"><ele>95.2</ele></trkpt>
<trkpt lat="43.267224" lon="-2.502215"><ele>95.2</ele></trkpt>
<trkpt lat="43.267224" lon="-2.502216"><ele>95.3</ele></trkpt>
<trkpt lat="43.267225" lon="-2.502216"><ele>95.3</ele></trkpt>
<trkpt lat="43.267226" lon="-2.502216"><ele>95.2</ele></trkpt>
<trkpt lat="43.267226" lon="-2.502216"><ele>95.4</ele></trkpt>
<trkpt lat="43.267226" lon="-2.502216"><ele>95.4</ele></trkpt>
<trkpt lat="43.267226" lon="-2.502216"><ele>96.1</ele></trkpt>
<trkpt lat="43.267227" lon="-2.502216"><ele>96.9</ele></trkpt>
<trkpt lat="43.267227" lon="-2.502216"><ele>97.1</ele></trkpt>
<trkpt lat="43.267226" lon="-2.502216"><ele>97.1</ele></trkpt>
<trkpt lat="43.267223" lon="-2.502216"><ele>97.0</ele></trkpt>
<trkpt lat="43.267225" lon="-2.502213"><ele>97.1</ele></trkpt>
<trkpt lat="43.267218" lon="-2.502216"><ele>97.3</ele></trkpt>
<trkpt lat="43.267212" lon="-2.502228"><ele>98.1</ele></trkpt>
<trkpt lat="43.267203" lon="-2.502239"><ele>100.2</ele></trkpt>
<trkpt lat="43.267192" lon="-2.502245"><ele>100.7</ele></trkpt>
<trkpt lat="43.267183" lon="-2.502252"><ele>100.9</ele></trkpt>
<trkpt lat="43.267167" lon="-2.502262"><ele>101.0</ele></trkpt>
<trkpt lat="43.267150" lon="-2.502277"><ele>101.0</ele></trkpt>
<trkpt lat="43.267134" lon="-2.502291"><ele>101.3</ele></trkpt>
<trkpt lat="43.267123" lon="-2.502302"><ele>101.3</ele></trkpt>
<trkpt lat="43.267111" lon="-2.502309"><ele>101.3</ele></trkpt>
<trkpt lat="43.267094" lon="-2.502317"><ele>101.3</ele></trkpt>
<trkpt lat="43.267080" lon="-2.502332"><ele>101.0</ele></trkpt>
<trkpt lat="43.267067" lon="-2.502350"><ele>101.3</ele></trkpt>
<trkpt lat="43.267057" lon="-2.502368"><ele>101.5</ele></trkpt>
<trkpt lat="43.267041" lon="-2.502385"><ele>101.6</ele></trkpt>
<trkpt lat="43.267028" lon="-2.502402"><ele>101.6</ele></trkpt>
<trkpt lat="43.267018" lon="-2.502418"><ele>101.9</ele></trkpt>
<trkpt lat="43.267009" lon="-2.502434"><ele>102.1</ele></trkpt>
<trkpt lat="43.266997" lon="-2.502448"><ele>102.0</ele></trkpt>
<trkpt lat="43.266992" lon="-2.502465"><ele>101.6</ele></trkpt>
<trkpt lat="43.266984" lon="-2.502487"><ele>101.4</ele></trkpt>
<trkpt lat="43.266980" lon="-2.502512"><ele>101.2</ele></trkpt>
<trkpt lat="43.266982" lon="-2.502540"><ele>101.4</ele></trkpt>
<trkpt lat="43.266985" lon="-2.502566"><ele>101.3</ele></trkpt>
<trkpt lat="43.266990" lon="-2.502586"><ele>101.1</ele></trkpt>
<trkpt lat="43.266993" lon="-2.502608"><ele>101.0</ele></trkpt>
<trkpt lat="43.266994" lon="-2.502626"><ele>101.4</ele></trkpt>
<trkpt lat="43.267000" lon="-2.502651"><ele>101.4</ele></trkpt>
<trkpt lat="43.267007" lon="-2.502672"><ele>101.5</ele></trkpt>
<trkpt lat="43.267014" lon="-2.502694"><ele>101.0</ele></trkpt>
<trkpt lat="43.267022" lon="-2.502717"><ele>101.1</ele></trkpt>
<trkpt lat="43.267025" lon="-2.502739"><ele>101.4</ele></trkpt>
<trkpt lat="43.267026" lon="-2.502758"><ele>101.6</ele></trkpt>
<trkpt lat="43.267030" lon="-2.502778"><ele>101.5</ele></trkpt>
<trkpt lat="43.267038" lon="-2.502800"><ele>101.4</ele></trkpt>
<trkpt lat="43.267043" lon="-2.502825"><ele>101.5</ele></trkpt>
<trkpt lat="43.267044" lon="-2.502853"><ele>101.6</ele></trkpt>
<trkpt lat="43.267040" lon="-2.502879"><ele>101.6</ele></trkpt>
<trkpt lat="43.267030" lon="-2.502895"><ele>101.5</ele></trkpt>
<trkpt lat="43.267019" lon="-2.502908"><ele>101.4</ele></trkpt>
<trkpt lat="43.267006" lon="-2.502921"><ele>101.5</ele></trkpt>
<trkpt lat="43.266995" lon="-2.502937"><ele>100.6</ele></trkpt>
<trkpt lat="43.266983" lon="-2.502955"><ele>100.3</ele></trkpt>
<trkpt lat="43.266970" lon="-2.502975"><ele>100.3</ele></trkpt>
<trkpt lat="43.266970" lon="-2.502975"><ele>100.2</ele></trkpt>
<trkpt lat="43.266957" lon="-2.502991"><ele>100.2</ele></trkpt>
<trkpt lat="43.266945" lon="-2.503001"><ele>100.8</ele></trkpt>
<trkpt lat="43.266928" lon="-2.503015"><ele>101.4</ele></trkpt>
<trkpt lat="43.266915" lon="-2.503028"><ele>101.7</ele></trkpt>
<trkpt lat="43.266885" lon="-2.503055"><ele>102.1</ele></trkpt>
<trkpt lat="43.266874" lon="-2.503072"><ele>102.4</ele></trkpt>
<trkpt lat="43.266864" lon="-2.503090"><ele>102.4</ele></trkpt>
<trkpt lat="43.266850" lon="-2.503102"><ele>102.7</ele></trkpt>
<trkpt lat="43.266841" lon="-2.503110"><ele>102.8</ele></trkpt>
<trkpt lat="43.266830" lon="-2.503124"><ele>102.6</ele></trkpt>
<trkpt lat="43.266816" lon="-2.503138"><ele>102.6</ele></trkpt>
<trkpt lat="43.266804" lon="-2.503138"><ele>102.7</ele></trkpt>
<trkpt lat="43.266789" lon="-2.503151"><ele>101.0</ele></trkpt>
<trkpt lat="43.266777" lon="-2.503162"><ele>100.6</ele></trkpt>
<trkpt lat="43.266765" lon="-2.503174"><ele>97.5</ele></trkpt>
<trkpt lat="43.266753" lon="-2.503185"><ele>96.3</ele></trkpt>
<trkpt lat="43.266741" lon="-2.503202"><ele>96.0</ele></trkpt>
<trkpt lat="43.266728" lon="-2.503221"><ele>96.1</ele></trkpt>
<trkpt lat="43.266715" lon="-2.503238"><ele>95.9</ele></trkpt>
<trkpt lat="43.266702" lon="-2.503253"><ele>95.9</ele></trkpt>
<trkpt lat="43.266691" lon="-2.503265"><ele>95.8</ele></trkpt>
<trkpt lat="43.266679" lon="-2.503278"><ele>95.8</ele></trkpt>
<trkpt lat="43.266665" lon="-2.503289"><ele>95.9</ele></trkpt>
<trkpt lat="43.266651" lon="-2.503304"><ele>95.9</ele></trkpt>
<trkpt lat="43.266637" lon="-2.503320"><ele>95.8</ele></trkpt>
<trkpt lat="43.266625" lon="-2.503337"><ele>95.8</ele></trkpt>
<trkpt lat="43.266612" lon="-2.503351"><ele>95.8</ele></trkpt>
<trkpt lat="43.266600" lon="-2.503364"><ele>95.7</ele></trkpt>
<trkpt lat="43.266586" lon="-2.503379"><ele>95.6</ele></trkpt>
<trkpt lat="43.266573" lon="-2.503396"><ele>95.6</ele></trkpt>
<trkpt lat="43.266562" lon="-2.503413"><ele>95.6</ele></trkpt>
<trkpt lat="43.266549" lon="-2.503434"><ele>95.6</ele></trkpt>
<trkpt lat="43.266535" lon="-2.503449"><ele>95.7</ele></trkpt>
<trkpt lat="43.266520" lon="-2.503466"><ele>95.6</ele></trkpt>
<trkpt lat="43.266509" lon="-2.503477"><ele>95.9</ele></trkpt>
<trkpt lat="43.266497" lon="-2.503489"><ele>95.9</ele></trkpt>
<trkpt lat="43.266482" lon="-2.503505"><ele>95.9</ele></trkpt>
<trkpt lat="43.266470" lon="-2.503525"><ele>95.8</ele></trkpt>
<trkpt lat="43.266458" lon="-2.503541"><ele>95.8</ele></trkpt>
<trkpt lat="43.266446" lon="-2.503554"><ele>95.8</ele></trkpt>
<trkpt lat="43.266431" lon="-2.503573"><ele>95.8</ele></trkpt>
<trkpt lat="43.266418" lon="-2.503586"><ele>95.8</ele></trkpt>
<trkpt lat="43.266406" lon="-2.503598"><ele>95.8</ele></trkpt>
<trkpt lat="43.266392" lon="-2.503613"><ele>95.7</ele></trkpt>
<trkpt lat="43.266379" lon="-2.503627"><ele>95.7</ele></trkpt>
<trkpt lat="43.266364" lon="-2.503638"><ele>95.6</ele></trkpt>
<trkpt lat="43.266350" lon="-2.503650"><ele>95.7</ele></trkpt>
<trkpt lat="43.266336" lon="-2.503662"><ele>95.6</ele></trkpt>
<trkpt lat="43.266323" lon="-2.503674"><ele>95.7</ele></trkpt>
<trkpt lat="43.266309" lon="-2.503690"><ele>95.8</ele></trkpt>
<trkpt lat="43.266293" lon="-2.503709"><ele>95.8</ele></trkpt>
<trkpt lat="43.266283" lon="-2.503730"><ele>95.8</ele></trkpt>
<trkpt lat="43.266271" lon="-2.503745"><ele>95.8</ele></trkpt>
<trkpt lat="43.266259" lon="-2.503760"><ele>95.6</ele></trkpt>
<trkpt lat="43.266248" lon="-2.503776"><ele>95.7</ele></trkpt>
<trkpt lat="43.266235" lon="-2.503796"><ele>95.5</ele></trkpt>
<trkpt lat="43.266226" lon="-2.503815"><ele>95.3</ele></trkpt>
<trkpt lat="43.266216" lon="-2.503833"><ele>95.2</ele></trkpt>
<trkpt lat="43.266205" lon="-2.503849"><ele>94.8</ele></trkpt>
<trkpt lat="43.266193" lon="-2.503867"><ele>94.9</ele></trkpt>
<trkpt lat="43.266182" lon="-2.503884"><ele>94.8</ele></trkpt>
<trkpt lat="43.266172" lon="-2.503898"><ele>94.8</ele></trkpt>
<trkpt lat="43.266161" lon="-2.503913"><ele>95.3</ele></trkpt>
<trkpt lat="43.266151" lon="-2.503933"><ele>95.9</ele></trkpt>
<trkpt lat="43.266141" lon="-2.503947"><ele>95.8</ele></trkpt>
<trkpt lat="43.266129" lon="-2.503966"><ele>96.0</ele></trkpt>
<trkpt lat="43.266118" lon="-2.503982"><ele>96.3</ele></trkpt>
<trkpt lat="43.266109" lon="-2.503999"><ele>96.3</ele></trkpt>
<trkpt lat="43.266100" lon="-2.504015"><ele>96.4</ele></trkpt>
<trkpt lat="43.266090" lon="-2.504035"><ele>96.4</ele></trkpt>
<trkpt lat="43.266080" lon="-2.504050"><ele>96.5</ele></trkpt>
<trkpt lat="43.266069" lon="-2.504066"><ele>96.2</ele></trkpt>
<trkpt lat="43.266056" lon="-2.504085"><ele>96.2</ele></trkpt>
<trkpt lat="43.266043" lon="-2.504104"><ele>96.1</ele></trkpt>
<trkpt lat="43.266034" lon="-2.504126"><ele>96.1</ele></trkpt>
<trkpt lat="43.266025" lon="-2.504146"><ele>95.8</ele></trkpt>
<trkpt lat="43.266016" lon="-2.504162"><ele>95.8</ele></trkpt>
<trkpt lat="43.266005" lon="-2.504180"><ele>95.8</ele></trkpt>
<trkpt lat="43.265991" lon="-2.504197"><ele>95.8</ele></trkpt>
<trkpt lat="43.265979" lon="-2.504209"><ele>95.9</ele></trkpt>
<trkpt lat="43.265966" lon="-2.504227"><ele>95.9</ele></trkpt>
<trkpt lat="43.265955" lon="-2.504247"><ele>95.8</ele></trkpt>
<trkpt lat="43.265944" lon="-2.504263"><ele>96.0</ele></trkpt>
<trkpt lat="43.265935" lon="-2.504279"><ele>96.0</ele></trkpt>
<trkpt lat="43.265927" lon="-2.504300"><ele>96.1</ele></trkpt>
<trkpt lat="43.265918" lon="-2.504315"><ele>96.0</ele></trkpt>
<trkpt lat="43.265908" lon="-2.504330"><ele>96.1</ele></trkpt>
<trkpt lat="43.265896" lon="-2.504349"><ele>96.0</ele></trkpt>
<trkpt lat="43.265886" lon="-2.504367"><ele>96.1</ele></trkpt>
<trkpt lat="43.265876" lon="-2.504385"><ele>96.0</ele></trkpt>
<trkpt lat="43.265867" lon="-2.504400"><ele>96.0</ele></trkpt>
<trkpt lat="43.265856" lon="-2.504419"><ele>96.0</ele></trkpt>
<trkpt lat="43.265846" lon="-2.504436"><ele>96.3</ele></trkpt>
<trkpt lat="43.265837" lon="-2.504453"><ele>96.3</ele></trkpt>
<trkpt lat="43.265824" lon="-2.504460"><ele>96.2</ele></trkpt>
<trkpt lat="43.265814" lon="-2.504478"><ele>96.5</ele></trkpt>
<trkpt lat="43.265801" lon="-2.504494"><ele>96.4</ele></trkpt>
<trkpt lat="43.265794" lon="-2.504511"><ele>96.7</ele></trkpt>
<trkpt lat="43.265788" lon="-2.504528"><ele>96.7</ele></trkpt>
<trkpt lat="43.265782" lon="-2.504546"><ele>96.9</ele></trkpt>
<trkpt lat="43.265774" lon="-2.504563"><ele>96.8</ele></trkpt>
<trkpt lat="43.265767" lon="-2.504580"><ele>96.6</ele></trkpt>
<trkpt lat="43.265759" lon="-2.504597"><ele>96.7</ele></trkpt>
<trkpt lat="43.265751" lon="-2.504613"><ele>96.6</ele></trkpt>
<trkpt lat="43.265740" lon="-2.504624"><ele>96.6</ele></trkpt>
<trkpt lat="43.265729" lon="-2.504637"><ele>96.6</ele></trkpt>
<trkpt lat="43.265712" lon="-2.504644"><ele>96.4</ele></trkpt>
<trkpt lat="43.265701" lon="-2.504649"><ele>96.5</ele></trkpt>
<trkpt lat="43.265686" lon="-2.504653"><ele>96.5</ele></trkpt>
<trkpt lat="43.265671" lon="-2.504660"><ele>96.4</ele></trkpt>
<trkpt lat="43.265661" lon="-2.504680"><ele>96.2</ele></trkpt>
<trkpt lat="43.265653" lon="-2.504698"><ele>96.2</ele></trkpt>
<trkpt lat="43.265644" lon="-2.504714"><ele>96.3</ele></trkpt>
<trkpt lat="43.265631" lon="-2.504728"><ele>96.2</ele></trkpt>
<trkpt lat="43.265621" lon="-2.504751"><ele>96.2</ele></trkpt>
<trkpt lat="43.265615" lon="-2.504771"><ele>96.2</ele></trkpt>
<trkpt lat="43.265606" lon="-2.504789"><ele>96.2</ele></trkpt>
<trkpt lat="43.265597" lon="-2.504801"><ele>96.2</ele></trkpt>
<trkpt lat="43.265589" lon="-2.504820"><ele>96.5</ele></trkpt>
<trkpt lat="43.265579" lon="-2.504836"><ele>96.4</ele></trkpt>
<trkpt lat="43.265573" lon="-2.504851"><ele>96.5</ele></trkpt>
<trkpt lat="43.265565" lon="-2.504867"><ele>96.5</ele></trkpt>
<trkpt lat="43.265556" lon="-2.504885"><ele>96.5</ele></trkpt>
<trkpt lat="43.265551" lon="-2.504905"><ele>96.2</ele></trkpt>
<trkpt lat="43.265543" lon="-2.504925"><ele>96.0</ele></trkpt>
<trkpt lat="43.265531" lon="-2.504945"><ele>96.1</ele></trkpt>
<trkpt lat="43.265522" lon="-2.504960"><ele>96.1</ele></trkpt>
<trkpt lat="43.265515" lon="-2.504979"><ele>95.9</ele></trkpt>
<trkpt lat="43.265508" lon="-2.504996"><ele>95.8</ele></trkpt>
<trkpt lat="43.265500" lon="-2.505012"><ele>95.8</ele></trkpt>
<trkpt lat="43.265494" lon="-2.505024"><ele>95.8</ele></trkpt>
<trkpt lat="43.265488" lon="-2.505039"><ele>95.8</ele></trkpt>
<trkpt lat="43.265480" lon="-2.505056"><ele>95.8</ele></trkpt>
<trkpt lat="43.265472" lon="-2.505081"><ele>95.7</ele></trkpt>
<trkpt lat="43.265467" lon="-2.505103"><ele>95.7</ele></trkpt>
<trkpt lat="43.265462" lon="-2.505129"><ele>95.6</ele></trkpt>
<trkpt lat="43.265462" lon="-2.505153"><ele>95.4</ele></trkpt>
<trkpt lat="43.265459" lon="-2.505177"><ele>95.4</ele></trkpt>
<trkpt lat="43.265451" lon="-2.505198"><ele>95.3</ele></trkpt>
<trkpt lat="43.265446" lon="-2.505219"><ele>94.6</ele></trkpt>
<trkpt lat="43.265434" lon="-2.505241"><ele>94.5</ele></trkpt>
<trkpt lat="43.265430" lon="-2.505263"><ele>94.1</ele></trkpt>
<trkpt lat="43.265427" lon="-2.505285"><ele>93.8</ele></trkpt>
<trkpt lat="43.265433" lon="-2.505307"><ele>93.6</ele></trkpt>
<trkpt lat="43.265456" lon="-2.505324"><ele>93.5</ele></trkpt>
<trkpt lat="43.265480" lon="-2.505341"><ele>93.4</ele></trkpt>
<trkpt lat="43.265506" lon="-2.505358"><ele>93.7</ele></trkpt>
<trkpt lat="43.265516" lon="-2.505385"><ele>93.9</ele></trkpt>
<trkpt lat="43.265521" lon="-2.505417"><ele>93.8</ele></trkpt>
<trkpt lat="43.265521" lon="-2.505436"><ele>93.8</ele></trkpt>
<trkpt lat="43.265517" lon="-2.505454"><ele>93.9</ele></trkpt>
<trkpt lat="43.265514" lon="-2.505472"><ele>93.9</ele></trkpt>
<trkpt lat="43.265513" lon="-2.505491"><ele>93.8</ele></trkpt>
<trkpt lat="43.265514" lon="-2.505519"><ele>93.8</ele></trkpt>
<trkpt lat="43.265527" lon="-2.505539"><ele>93.8</ele></trkpt>
<trkpt lat="43.265536" lon="-2.505554"><ele>93.8</ele></trkpt>
<trkpt lat="43.265540" lon="-2.505567"><ele>93.8</ele></trkpt>
<trkpt lat="43.265545" lon="-2.505579"><ele>93.9</ele></trkpt>
<trkpt lat="43.265557" lon="-2.505574"><ele>93.9</ele></trkpt>
<trkpt lat="43.265565" lon="-2.505585"><ele>93.8</ele></trkpt>
<trkpt lat="43.265569" lon="-2.505603"><ele>93.7</ele></trkpt>
<trkpt lat="43.265572" lon="-2.505625"><ele>93.2</ele></trkpt>
<trkpt lat="43.265575" lon="-2.505644"><ele>93.3</ele></trkpt>
<trkpt lat="43.265573" lon="-2.505661"><ele>93.3</ele></trkpt>
<trkpt lat="43.265576" lon="-2.505678"><ele>93.3</ele></trkpt>
<trkpt lat="43.265577" lon="-2.505695"><ele>94.1</ele></trkpt>
<trkpt lat="43.265577" lon="-2.505711"><ele>94.2</ele></trkpt>
<trkpt lat="43.265576" lon="-2.505725"><ele>94.3</ele></trkpt>
<trkpt lat="43.265579" lon="-2.505742"><ele>94.4</ele></trkpt>
<trkpt lat="43.265582" lon="-2.505762"><ele>94.6</ele></trkpt>
<trkpt lat="43.265581" lon="-2.505783"><ele>94.6</ele></trkpt>
<trkpt lat="43.265579" lon="-2.505803"><ele>94.7</ele></trkpt>
<trkpt lat="43.265577" lon="-2.505824"><ele>94.8</ele></trkpt>
<trkpt lat="43.265576" lon="-2.505848"><ele>94.8</ele></trkpt>
<trkpt lat="43.265576" lon="-2.505871"><ele>94.7</ele></trkpt>
<trkpt lat="43.265576" lon="-2.505889"><ele>94.8</ele></trkpt>
<trkpt lat="43.265573" lon="-2.505909"><ele>94.8</ele></trkpt>
<trkpt lat="43.265574" lon="-2.505928"><ele>95.1</ele></trkpt>
<trkpt lat="43.265574" lon="-2.505948"><ele>95.3</ele></trkpt>
<trkpt lat="43.265570" lon="-2.505968"><ele>95.4</ele></trkpt>
<trkpt lat="43.265565" lon="-2.505989"><ele>95.4</ele></trkpt>
<trkpt lat="43.265562" lon="-2.506009"><ele>95.6</ele></trkpt>
<trkpt lat="43.265562" lon="-2.506023"><ele>95.6</ele></trkpt>
<trkpt lat="43.265561" lon="-2.506040"><ele>95.7</ele></trkpt>
<trkpt lat="43.265556" lon="-2.506063"><ele>95.7</ele></trkpt>
<trkpt lat="43.265554" lon="-2.506088"><ele>95.6</ele></trkpt>
<trkpt lat="43.265547" lon="-2.506109"><ele>95.7</ele></trkpt>
<trkpt lat="43.265539" lon="-2.506126"><ele>95.7</ele></trkpt>
<trkpt lat="43.265534" lon="-2.506138"><ele>95.9</ele></trkpt>
<trkpt lat="43.265533" lon="-2.506156"><ele>95.8</ele></trkpt>
<trkpt lat="43.265533" lon="-2.506175"><ele>96.0</ele></trkpt>
<trkpt lat="43.265532" lon="-2.506195"><ele>96.1</ele></trkpt>
<trkpt lat="43.265530" lon="-2.506217"><ele>96.2</ele></trkpt>
<trkpt lat="43.265529" lon="-2.506238"><ele>96.3</ele></trkpt>
<trkpt lat="43.265526" lon="-2.506259"><ele>96.2</ele></trkpt>
<trkpt lat="43.265523" lon="-2.506280"><ele>96.2</ele></trkpt>
<trkpt lat="43.265520" lon="-2.506302"><ele>96.4</ele></trkpt>
<trkpt lat="43.265517" lon="-2.506322"><ele>96.5</ele></trkpt>
<trkpt lat="43.265510" lon="-2.506345"><ele>96.7</ele></trkpt>
<trkpt lat="43.265505" lon="-2.506369"><ele>96.6</ele></trkpt>
<trkpt lat="43.265501" lon="-2.506388"><ele>96.7</ele></trkpt>
<trkpt lat="43.265499" lon="-2.506409"><ele>96.5</ele></trkpt>
<trkpt lat="43.265495" lon="-2.506428"><ele>96.5</ele></trkpt>
<trkpt lat="43.265495" lon="-2.506446"><ele>96.4</ele></trkpt>
<trkpt lat="43.265493" lon="-2.506467"><ele>96.4</ele></trkpt>
<trkpt lat="43.265490" lon="-2.506488"><ele>96.5</ele></trkpt>
<trkpt lat="43.265487" lon="-2.506506"><ele>96.5</ele></trkpt>
<trkpt lat="43.265486" lon="-2.506525"><ele>96.6</ele></trkpt>
<trkpt lat="43.265484" lon="-2.506540"><ele>96.6</ele></trkpt>
<trkpt lat="43.265485" lon="-2.506559"><ele>96.8</ele></trkpt>
<trkpt lat="43.265490" lon="-2.506577"><ele>96.8</ele></trkpt>
<trkpt lat="43.265500" lon="-2.506594"><ele>97.2</ele></trkpt>
<trkpt lat="43.265514" lon="-2.506603"><ele>97.7</ele></trkpt>
<trkpt lat="43.265528" lon="-2.506598"><ele>97.7</ele></trkpt>
<trkpt lat="43.265546" lon="-2.506585"><ele>97.6</ele></trkpt>
<trkpt lat="43.265560" lon="-2.506580"><ele>97.8</ele></trkpt>
<trkpt lat="43.265571" lon="-2.506584"><ele>97.8</ele></trkpt>
<trkpt lat="43.265586" lon="-2.506582"><ele>97.9</ele></trkpt>
<trkpt lat="43.265599" lon="-2.506576"><ele>98.1</ele></trkpt>
<trkpt lat="43.265613" lon="-2.506569"><ele>98.5</ele></trkpt>
<trkpt lat="43.265628" lon="-2.506562"><ele>98.8</ele></trkpt>
<trkpt lat="43.265642" lon="-2.506552"><ele>99.0</ele></trkpt>
<trkpt lat="43.265656" lon="-2.506543"><ele>99.1</ele></trkpt>
<trkpt lat="43.265667" lon="-2.506539"><ele>99.2</ele></trkpt>
<trkpt lat="43.265678" lon="-2.506546"><ele>99.2</ele></trkpt>
<trkpt lat="43.265688" lon="-2.506557"><ele>99.5</ele></trkpt>
<trkpt lat="43.265700" lon="-2.506570"><ele>99.8</ele></trkpt>
<trkpt lat="43.265711" lon="-2.506581"><ele>99.8</ele></trkpt>
<trkpt lat="43.265724" lon="-2.506595"><ele>99.9</ele></trkpt>
<trkpt lat="43.265735" lon="-2.506609"><ele>99.9</ele></trkpt>
<trkpt lat="43.265742" lon="-2.506628"><ele>99.9</ele></trkpt>
<trkpt lat="43.265742" lon="-2.506654"><ele>99.8</ele></trkpt>
<trkpt lat="43.265745" lon="-2.506679"><ele>99.8</ele></trkpt>
<trkpt lat="43.265748" lon="-2.506706"><ele>99.8</ele></trkpt>
<trkpt lat="43.265754" lon="-2.506729"><ele>99.8</ele></trkpt>
<trkpt lat="43.265760" lon="-2.506750"><ele>99.8</ele></trkpt>
<trkpt lat="43.265764" lon="-2.506774"><ele>99.9</ele></trkpt>
<trkpt lat="43.265770" lon="-2.506797"><ele>100.1</ele></trkpt>
<trkpt lat="43.265778" lon="-2.506818"><ele>100.0</ele></trkpt>
<trkpt lat="43.265789" lon="-2.506835"><ele>99.9</ele></trkpt>
<trkpt lat="43.265794" lon="-2.506851"><ele>99.8</ele></trkpt>
<trkpt lat="43.265793" lon="-2.506871"><ele>99.8</ele></trkpt>
<trkpt lat="43.265796" lon="-2.506882"><ele>99.5</ele></trkpt>
<trkpt lat="43.265783" lon="-2.506890"><ele>99.2</ele></trkpt>
<trkpt lat="43.265767" lon="-2.506896"><ele>99.1</ele></trkpt>
<trkpt lat="43.265752" lon="-2.506890"><ele>99.1</ele></trkpt>
<trkpt lat="43.265733" lon="-2.506887"><ele>99.0</ele></trkpt>
<trkpt lat="43.265721" lon="-2.506881"><ele>98.8</ele></trkpt>
<trkpt lat="43.265708" lon="-2.506880"><ele>98.5</ele></trkpt>
<trkpt lat="43.265695" lon="-2.506876"><ele>98.1</ele></trkpt>
<trkpt lat="43.265678" lon="-2.506873"><ele>97.9</ele></trkpt>
<trkpt lat="43.265664" lon="-2.506872"><ele>97.9</ele></trkpt>
<trkpt lat="43.265648" lon="-2.506870"><ele>97.6</ele></trkpt>
<trkpt lat="43.265632" lon="-2.506871"><ele>97.6</ele></trkpt>
<trkpt lat="43.265616" lon="-2.506880"><ele>97.7</ele></trkpt>
<trkpt lat="43.265599" lon="-2.506893"><ele>97.7</ele></trkpt>
<trkpt lat="43.265587" lon="-2.506913"><ele>97.8</ele></trkpt>
<trkpt lat="43.265575" lon="-2.506935"><ele>98.0</ele></trkpt>
<trkpt lat="43.265564" lon="-2.506959"><ele>98.4</ele></trkpt>
<trkpt lat="43.265557" lon="-2.506985"><ele>98.4</ele></trkpt>
<trkpt lat="43.265551" lon="-2.507010"><ele>98.4</ele></trkpt>
<trkpt lat="43.265548" lon="-2.507032"><ele>98.4</ele></trkpt>
<trkpt lat="43.265548" lon="-2.507053"><ele>98.3</ele></trkpt>
<trkpt lat="43.265549" lon="-2.507077"><ele>97.9</ele></trkpt>
<trkpt lat="43.265545" lon="-2.507099"><ele>97.9</ele></trkpt>
<trkpt lat="43.265546" lon="-2.507125"><ele>97.9</ele></trkpt>
<trkpt lat="43.265547" lon="-2.507146"><ele>97.9</ele></trkpt>
<trkpt lat="43.265549" lon="-2.507170"><ele>98.0</ele></trkpt>
<trkpt lat="43.265551" lon="-2.507193"><ele>98.1</ele></trkpt>
<trkpt lat="43.265547" lon="-2.507216"><ele>98.2</ele></trkpt>
<trkpt lat="43.265544" lon="-2.507236"><ele>98.3</ele></trkpt>
<trkpt lat="43.265542" lon="-2.507253"><ele>98.3</ele></trkpt>
<trkpt lat="43.265542" lon="-2.507271"><ele>98.2</ele></trkpt>
<trkpt lat="43.265541" lon="-2.507293"><ele>98.0</ele></trkpt>
<trkpt lat="43.265542" lon="-2.507315"><ele>97.8</ele></trkpt>
<trkpt lat="43.265538" lon="-2.507334"><ele>97.7</ele></trkpt>
<trkpt lat="43.265537" lon="-2.507357"><ele>97.7</ele></trkpt>
<trkpt lat="43.265537" lon="-2.507377"><ele>97.5</ele></trkpt>
<trkpt lat="43.265538" lon="-2.507396"><ele>97.4</ele></trkpt>
<trkpt lat="43.265540" lon="-2.507418"><ele>97.6</ele></trkpt>
<trkpt lat="43.265540" lon="-2.507440"><ele>97.6</ele></trkpt>
<trkpt lat="43.265540" lon="-2.507459"><ele>97.9</ele></trkpt>
<trkpt lat="43.265540" lon="-2.507483"><ele>98.3</ele></trkpt>
<trkpt lat="43.265547" lon="-2.507500"><ele>98.5</ele></trkpt>
<trkpt lat="43.265563" lon="-2.507518"><ele>98.4</ele></trkpt>
<trkpt lat="43.265575" lon="-2.507529"><ele>98.6</ele></trkpt>
<trkpt lat="43.265587" lon="-2.507541"><ele>98.6</ele></trkpt>
<trkpt lat="43.265598" lon="-2.507551"><ele>98.7</ele></trkpt>
<trkpt lat="43.265611" lon="-2.507555"><ele>98.6</ele></trkpt>
<trkpt lat="43.265623" lon="-2.507559"><ele>98.5</ele></trkpt>
<trkpt lat="43.265630" lon="-2.507572"><ele>98.5</ele></trkpt>
<trkpt lat="43.265635" lon="-2.507580"><ele>98.4</ele></trkpt>
<trkpt lat="43.265634" lon="-2.507601"><ele>98.4</ele></trkpt>
<trkpt lat="43.265635" lon="-2.507614"><ele>98.3</ele></trkpt>
<trkpt lat="43.265636" lon="-2.507631"><ele>98.0</ele></trkpt>
<trkpt lat="43.265636" lon="-2.507646"><ele>98.1</ele></trkpt>
<trkpt lat="43.265637" lon="-2.507663"><ele>98.1</ele></trkpt>
<trkpt lat="43.265638" lon="-2.507678"><ele>98.1</ele></trkpt>
<trkpt lat="43.265639" lon="-2.507695"><ele>97.8</ele></trkpt>
<trkpt lat="43.265641" lon="-2.507724"><ele>97.8</ele></trkpt>
<trkpt lat="43.265642" lon="-2.507750"><ele>97.9</ele></trkpt>
<trkpt lat="43.265643" lon="-2.507774"><ele>97.9</ele></trkpt>
<trkpt lat="43.265645" lon="-2.507794"><ele>97.8</ele></trkpt>
<trkpt lat="43.265646" lon="-2.507810"><ele>97.9</ele></trkpt>
<trkpt lat="43.265647" lon="-2.507825"><ele>97.8</ele></trkpt>
<trkpt lat="43.265649" lon="-2.507838"><ele>98.0</ele></trkpt>
<trkpt lat="43.265651" lon="-2.507851"><ele>98.0</ele></trkpt>
<trkpt lat="43.265650" lon="-2.507865"><ele>98.1</ele></trkpt>
<trkpt lat="43.265649" lon="-2.507880"><ele>98.0</ele></trkpt>
<trkpt lat="43.265648" lon="-2.507895"><ele>98.1</ele></trkpt>
<trkpt lat="43.265648" lon="-2.507913"><ele>98.0</ele></trkpt>
<trkpt lat="43.265649" lon="-2.507932"><ele>97.8</ele></trkpt>
<trkpt lat="43.265650" lon="-2.507955"><ele>97.6</ele></trkpt>
<trkpt lat="43.265653" lon="-2.507975"><ele>97.6</ele></trkpt>
<trkpt lat="43.265658" lon="-2.507996"><ele>97.3</ele></trkpt>
<trkpt lat="43.265663" lon="-2.508015"><ele>97.2</ele></trkpt>
<trkpt lat="43.265667" lon="-2.508035"><ele>97.3</ele></trkpt>
<trkpt lat="43.265669" lon="-2.508053"><ele>97.3</ele></trkpt>
<trkpt lat="43.265671" lon="-2.508072"><ele>97.3</ele></trkpt>
<trkpt lat="43.265674" lon="-2.508090"><ele>97.3</ele></trkpt>
<trkpt lat="43.265675" lon="-2.508107"><ele>97.1</ele></trkpt>
<trkpt lat="43.265677" lon="-2.508123"><ele>97.1</ele></trkpt>
<trkpt lat="43.265683" lon="-2.508141"><ele>97.0</ele></trkpt>
<trkpt lat="43.265689" lon="-2.508158"><ele>97.3</ele></trkpt>
<trkpt lat="43.265694" lon="-2.508175"><ele>97.2</ele></trkpt>
<trkpt lat="43.265695" lon="-2.508192"><ele>97.4</ele></trkpt>
<trkpt lat="43.265694" lon="-2.508208"><ele>97.5</ele></trkpt>
<trkpt lat="43.265694" lon="-2.508208"><ele>97.4</ele></trkpt>
<trkpt lat="43.265695" lon="-2.508228"><ele>97.5</ele></trkpt>
<trkpt lat="43.265700" lon="-2.508248"><ele>97.4</ele></trkpt>
<trkpt lat="43.265706" lon="-2.508286"><ele>97.4</ele></trkpt>
<trkpt lat="43.265708" lon="-2.508303"><ele>97.5</ele></trkpt>
<trkpt lat="43.265710" lon="-2.508323"><ele>97.1</ele></trkpt>
<trkpt lat="43.265712" lon="-2.508345"><ele>96.9</ele></trkpt>
<trkpt lat="43.265712" lon="-2.508365"><ele>96.8</ele></trkpt>
<trkpt lat="43.265712" lon="-2.508384"><ele>96.8</ele></trkpt>
<trkpt lat="43.265713" lon="-2.508402"><ele>96.9</ele></trkpt>
<trkpt lat="43.265716" lon="-2.508420"><ele>96.8</ele></trkpt>
<trkpt lat="43.265719" lon="-2.508439"><ele>97.0</ele></trkpt>
<trkpt lat="43.265721" lon="-2.508460"><ele>96.9</ele></trkpt>
<trkpt lat="43.265722" lon="-2.508481"><ele>96.8</ele></trkpt>
<trkpt lat="43.265724" lon="-2.508503"><ele>96.9</ele></trkpt>
<trkpt lat="43.265724" lon="-2.508524"><ele>96.9</ele></trkpt>
<trkpt lat="43.265727" lon="-2.508545"><ele>96.8</ele></trkpt>
<trkpt lat="43.265731" lon="-2.508564"><ele>96.9</ele></trkpt>
<trkpt lat="43.265732" lon="-2.508580"><ele>96.9</ele></trkpt>
<trkpt lat="43.265732" lon="-2.508589"><ele>97.1</ele></trkpt>
<trkpt lat="43.265734" lon="-2.508603"><ele>97.3</ele></trkpt>
<trkpt lat="43.265737" lon="-2.508614"><ele>97.6</ele></trkpt>
<trkpt lat="43.265740" lon="-2.508628"><ele>98.0</ele></trkpt>
<trkpt lat="43.265742" lon="-2.508644"><ele>98.2</ele></trkpt>
<trkpt lat="43.265740" lon="-2.508660"><ele>98.2</ele></trkpt>
<trkpt lat="43.265735" lon="-2.508676"><ele>98.3</ele></trkpt>
<trkpt lat="43.265730" lon="-2.508708"><ele>98.2</ele></trkpt>
<trkpt lat="43.265733" lon="-2.508739"><ele>98.2</ele></trkpt>
<trkpt lat="43.265735" lon="-2.508773"><ele>98.3</ele></trkpt>
<trkpt lat="43.265736" lon="-2.508803"><ele>98.5</ele></trkpt>
<trkpt lat="43.265734" lon="-2.508833"><ele>98.5</ele></trkpt>
<trkpt lat="43.265735" lon="-2.508860"><ele>98.5</ele></trkpt>
<trkpt lat="43.265738" lon="-2.508886"><ele>98.5</ele></trkpt>
<trkpt lat="43.265738" lon="-2.508908"><ele>98.4</ele></trkpt>
<trkpt lat="43.265740" lon="-2.508930"><ele>98.4</ele></trkpt>
<trkpt lat="43.265742" lon="-2.508947"><ele>98.4</ele></trkpt>
<trkpt lat="43.265745" lon="-2.508975"><ele>98.4</ele></trkpt>
<trkpt lat="43.265745" lon="-2.508998"><ele>98.4</ele></trkpt>
<trkpt lat="43.265747" lon="-2.509019"><ele>98.5</ele></trkpt>
<trkpt lat="43.265748" lon="-2.509043"><ele>98.3</ele></trkpt>
<trkpt lat="43.265749" lon="-2.509065"><ele>98.1</ele></trkpt>
<trkpt lat="43.265748" lon="-2.509084"><ele>97.8</ele></trkpt>
<trkpt lat="43.265743" lon="-2.509097"><ele>97.8</ele></trkpt>
<trkpt lat="43.265742" lon="-2.509112"><ele>97.9</ele></trkpt>
<trkpt lat="43.265742" lon="-2.509131"><ele>97.9</ele></trkpt>
<trkpt lat="43.265741" lon="-2.509148"><ele>97.6</ele></trkpt>
<trkpt lat="43.265744" lon="-2.509167"><ele>97.7</ele></trkpt>
<trkpt lat="43.265744" lon="-2.509183"><ele>97.7</ele></trkpt>
<trkpt lat="43.265746" lon="-2.509198"><ele>97.7</ele></trkpt>
<trkpt lat="43.265747" lon="-2.509216"><ele>97.6</ele></trkpt>
<trkpt lat="43.265743" lon="-2.509245"><ele>97.6</ele></trkpt>
<trkpt lat="43.265742" lon="-2.509270"><ele>97.4</ele></trkpt>
<trkpt lat="43.265745" lon="-2.509294"><ele>97.5</ele></trkpt>
<trkpt lat="43.265746" lon="-2.509319"><ele>97.4</ele></trkpt>
<trkpt lat="43.265746" lon="-2.509342"><ele>97.3</ele></trkpt>
<trkpt lat="43.265746" lon="-2.509364"><ele>97.2</ele></trkpt>
<trkpt lat="43.265748" lon="-2.509386"><ele>97.2</ele></trkpt>
<trkpt lat="43.265752" lon="-2.509412"><ele>97.3</ele></trkpt>
<trkpt lat="43.265755" lon="-2.509435"><ele>97.7</ele></trkpt>
<trkpt lat="43.265757" lon="-2.509458"><ele>97.9</ele></trkpt>
<trkpt lat="43.265756" lon="-2.509482"><ele>98.2</ele></trkpt>
<trkpt lat="43.265755" lon="-2.509505"><ele>98.2</ele></trkpt>
<trkpt lat="43.265753" lon="-2.509526"><ele>98.4</ele></trkpt>
<trkpt lat="43.265751" lon="-2.509546"><ele>99.0</ele></trkpt>
<trkpt lat="43.265749" lon="-2.509561"><ele>99.1</ele></trkpt>
<trkpt lat="43.265742" lon="-2.509579"><ele>99.1</ele></trkpt>
<trkpt lat="43.265740" lon="-2.509595"><ele>99.0</ele></trkpt>
<trkpt lat="43.265740" lon="-2.509613"><ele>99.1</ele></trkpt>
<trkpt lat="43.265741" lon="-2.509632"><ele>99.0</ele></trkpt>
<trkpt lat="43.265744" lon="-2.509654"><ele>99.0</ele></trkpt>
<trkpt lat="43.265745" lon="-2.509678"><ele>99.1</ele></trkpt>
<trkpt lat="43.265743" lon="-2.509701"><ele>98.9</ele></trkpt>
<trkpt lat="43.265742" lon="-2.509721"><ele>98.9</ele></trkpt>
<trkpt lat="43.265742" lon="-2.509744"><ele>98.9</ele></trkpt>
<trkpt lat="43.265740" lon="-2.509766"><ele>98.9</ele></trkpt>
<trkpt lat="43.265735" lon="-2.509787"><ele>98.6</ele></trkpt>
<trkpt lat="43.265732" lon="-2.509811"><ele>98.6</ele></trkpt>
<trkpt lat="43.265726" lon="-2.509833"><ele>98.6</ele></trkpt>
<trkpt lat="43.265722" lon="-2.509854"><ele>98.6</ele></trkpt>
<trkpt lat="43.265716" lon="-2.509872"><ele>98.5</ele></trkpt>
<trkpt lat="43.265711" lon="-2.509893"><ele>98.4</ele></trkpt>
<trkpt lat="43.265705" lon="-2.509914"><ele>98.2</ele></trkpt>
<trkpt lat="43.265698" lon="-2.509936"><ele>98.1</ele></trkpt>
<trkpt lat="43.265694" lon="-2.509957"><ele>97.9</ele></trkpt>
<trkpt lat="43.265688" lon="-2.509975"><ele>97.7</ele></trkpt>
<trkpt lat="43.265681" lon="-2.509997"><ele>97.7</ele></trkpt>
<trkpt lat="43.265675" lon="-2.510025"><ele>97.5</ele></trkpt>
<trkpt lat="43.265669" lon="-2.510044"><ele>97.5</ele></trkpt>
<trkpt lat="43.265664" lon="-2.510065"><ele>97.2</ele></trkpt>
<trkpt lat="43.265661" lon="-2.510080"><ele>97.2</ele></trkpt>
<trkpt lat="43.265660" lon="-2.510100"><ele>97.2</ele></trkpt>
<trkpt lat="43.265657" lon="-2.510117"><ele>97.2</ele></trkpt>
<trkpt lat="43.265652" lon="-2.510136"><ele>97.4</ele></trkpt>
<trkpt lat="43.265649" lon="-2.510157"><ele>97.5</ele></trkpt>
<trkpt lat="43.265638" lon="-2.510178"><ele>97.4</ele></trkpt>
<trkpt lat="43.265630" lon="-2.510200"><ele>97.5</ele></trkpt>
<trkpt lat="43.265626" lon="-2.510221"><ele>97.6</ele></trkpt>
<trkpt lat="43.265621" lon="-2.510242"><ele>97.6</ele></trkpt>
<trkpt lat="43.265614" lon="-2.510260"><ele>97.8</ele></trkpt>
<trkpt lat="43.265610" lon="-2.510274"><ele>97.9</ele></trkpt>
<trkpt lat="43.265604" lon="-2.510293"><ele>97.8</ele></trkpt>
<trkpt lat="43.265600" lon="-2.510310"><ele>97.8</ele></trkpt>
<trkpt lat="43.265592" lon="-2.510331"><ele>97.8</ele></trkpt>
<trkpt lat="43.265583" lon="-2.510349"><ele>97.9</ele></trkpt>
<trkpt lat="43.265576" lon="-2.510370"><ele>97.6</ele></trkpt>
<trkpt lat="43.265571" lon="-2.510388"><ele>97.7</ele></trkpt>
<trkpt lat="43.265563" lon="-2.510409"><ele>97.7</ele></trkpt>
<trkpt lat="43.265555" lon="-2.510429"><ele>97.6</ele></trkpt>
<trkpt lat="43.265549" lon="-2.510452"><ele>97.9</ele></trkpt>
<trkpt lat="43.265540" lon="-2.510472"><ele>98.0</ele></trkpt>
<trkpt lat="43.265530" lon="-2.510490"><ele>98.0</ele></trkpt>
<trkpt lat="43.265521" lon="-2.510510"><ele>98.0</ele></trkpt>
<trkpt lat="43.265510" lon="-2.510531"><ele>98.0</ele></trkpt>
<trkpt lat="43.265502" lon="-2.510549"><ele>97.9</ele></trkpt>
<trkpt lat="43.265493" lon="-2.510565"><ele>97.8</ele></trkpt>
<trkpt lat="43.265486" lon="-2.510580"><ele>97.8</ele></trkpt>
<trkpt lat="43.265479" lon="-2.510597"><ele>97.7</ele></trkpt>
<trkpt lat="43.265472" lon="-2.510614"><ele>97.9</ele></trkpt>
<trkpt lat="43.265463" lon="-2.510638"><ele>97.6</ele></trkpt>
<trkpt lat="43.265452" lon="-2.510650"><ele>97.6</ele></trkpt>
<trkpt lat="43.265438" lon="-2.510669"><ele>97.7</ele></trkpt>
<trkpt lat="43.265426" lon="-2.510689"><ele>97.5</ele></trkpt>
<trkpt lat="43.265415" lon="-2.510710"><ele>97.3</ele></trkpt>
<trkpt lat="43.265405" lon="-2.510727"><ele>97.1</ele></trkpt>
<trkpt lat="43.265396" lon="-2.510739"><ele>97.1</ele></trkpt>
<trkpt lat="43.265386" lon="-2.510755"><ele>97.1</ele></trkpt>
<trkpt lat="43.265379" lon="-2.510772"><ele>97.0</ele></trkpt>
<trkpt lat="43.265371" lon="-2.510793"><ele>97.2</ele></trkpt>
<trkpt lat="43.265361" lon="-2.510817"><ele>97.6</ele></trkpt>
<trkpt lat="43.265354" lon="-2.510832"><ele>97.7</ele></trkpt>
<trkpt lat="43.265346" lon="-2.510844"><ele>97.6</ele></trkpt>
<trkpt lat="43.265338" lon="-2.510857"><ele>97.9</ele></trkpt>
<trkpt lat="43.265330" lon="-2.510869"><ele>97.9</ele></trkpt>
<trkpt lat="43.265321" lon="-2.510885"><ele>97.8</ele></trkpt>
<trkpt lat="43.265315" lon="-2.510901"><ele>97.8</ele></trkpt>
<trkpt lat="43.265307" lon="-2.510917"><ele>97.9</ele></trkpt>
<trkpt lat="43.265300" lon="-2.510934"><ele>98.0</ele></trkpt>
<trkpt lat="43.265294" lon="-2.510951"><ele>98.3</ele></trkpt>
<trkpt lat="43.265288" lon="-2.510965"><ele>98.3</ele></trkpt>
<trkpt lat="43.265278" lon="-2.510984"><ele>98.2</ele></trkpt>
<trkpt lat="43.265267" lon="-2.511000"><ele>98.2</ele></trkpt>
<trkpt lat="43.265259" lon="-2.511015"><ele>98.2</ele></trkpt>
<trkpt lat="43.265252" lon="-2.511030"><ele>98.3</ele></trkpt>
<trkpt lat="43.265246" lon="-2.511048"><ele>98.3</ele></trkpt>
<trkpt lat="43.265236" lon="-2.511069"><ele>98.3</ele></trkpt>
<trkpt lat="43.265226" lon="-2.511087"><ele>98.2</ele></trkpt>
<trkpt lat="43.265217" lon="-2.511105"><ele>98.5</ele></trkpt>
<trkpt lat="43.265208" lon="-2.511124"><ele>98.5</ele></trkpt>
<trkpt lat="43.265200" lon="-2.511143"><ele>98.5</ele></trkpt>
<trkpt lat="43.265191" lon="-2.511161"><ele>98.4</ele></trkpt>
<trkpt lat="43.265181" lon="-2.511176"><ele>98.4</ele></trkpt>
<trkpt lat="43.265171" lon="-2.511188"><ele>98.5</ele></trkpt>
<trkpt lat="43.265168" lon="-2.511204"><ele>98.2</ele></trkpt>
<trkpt lat="43.265159" lon="-2.511224"><ele>98.2</ele></trkpt>
<trkpt lat="43.265151" lon="-2.511242"><ele>98.2</ele></trkpt>
<trkpt lat="43.265148" lon="-2.511262"><ele>98.2</ele></trkpt>
<trkpt lat="43.265145" lon="-2.511284"><ele>98.2</ele></trkpt>
<trkpt lat="43.265142" lon="-2.511304"><ele>98.1</ele></trkpt>
<trkpt lat="43.265139" lon="-2.511321"><ele>98.0</ele></trkpt>
<trkpt lat="43.265132" lon="-2.511336"><ele>98.3</ele></trkpt>
<trkpt lat="43.265128" lon="-2.511352"><ele>98.2</ele></trkpt>
<trkpt lat="43.265122" lon="-2.511373"><ele>98.4</ele></trkpt>
<trkpt lat="43.265117" lon="-2.511394"><ele>98.4</ele></trkpt>
<trkpt lat="43.265114" lon="-2.511422"><ele>98.6</ele></trkpt>
<trkpt lat="43.265112" lon="-2.511444"><ele>98.7</ele></trkpt>
<trkpt lat="43.265113" lon="-2.511461"><ele>98.7</ele></trkpt>
<trkpt lat="43.265115" lon="-2.511480"><ele>98.4</ele></trkpt>
<trkpt lat="43.265117" lon="-2.511497"><ele>97.8</ele></trkpt>
<trkpt lat="43.265116" lon="-2.511523"><ele>97.7</ele></trkpt>
<trkpt lat="43.265116" lon="-2.511545"><ele>97.4</ele></trkpt>
<trkpt lat="43.265117" lon="-2.511564"><ele>97.4</ele></trkpt>
<trkpt lat="43.265118" lon="-2.511580"><ele>97.5</ele></trkpt>
<trkpt lat="43.265121" lon="-2.511605"><ele>97.5</ele></trkpt>
<trkpt lat="43.265125" lon="-2.511621"><ele>97.5</ele></trkpt>
<trkpt lat="43.265126" lon="-2.511624"><ele>97.6</ele></trkpt>
<trkpt lat="43.265120" lon="-2.511627"><ele>97.8</ele></trkpt>
<trkpt lat="43.265120" lon="-2.511627"><ele>98.1</ele></trkpt>
<trkpt lat="43.265120" lon="-2.511627"><ele>98.5</ele></trkpt>
<trkpt lat="43.265120" lon="-2.511627"><ele>99.0</ele></trkpt>
<trkpt lat="43.265120" lon="-2.511627"><ele>99.2</ele></trkpt>
<trkpt lat="43.265120" lon="-2.511627"><ele>99.2</ele></trkpt>
<trkpt lat="43.265120" lon="-2.511627"><ele>99.2</ele></trkpt>
<trkpt lat="43.265120" lon="-2.511627"><ele>99.3</ele></trkpt>
<trkpt lat="43.265116" lon="-2.511630"><ele>99.3</ele></trkpt>
<trkpt lat="43.265117" lon="-2.511643"><ele>99.0</ele></trkpt>
<trkpt lat="43.265119" lon="-2.511663"><ele>98.9</ele></trkpt>
<trkpt lat="43.265120" lon="-2.511671"><ele>98.8</ele></trkpt>
<trkpt lat="43.265118" lon="-2.511678"><ele>98.7</ele></trkpt>
<trkpt lat="43.265114" lon="-2.511681"><ele>98.7</ele></trkpt>
<trkpt lat="43.265114" lon="-2.511684"><ele>98.7</ele></trkpt>
<trkpt lat="43.265114" lon="-2.511686"><ele>98.7</ele></trkpt>
<trkpt lat="43.265114" lon="-2.511686"><ele>98.6</ele></trkpt>
<trkpt lat="43.265113" lon="-2.511687"><ele>98.8</ele></trkpt>
<trkpt lat="43.265113" lon="-2.511687"><ele>99.2</ele></trkpt>
<trkpt lat="43.265113" lon="-2.511687"><ele>99.3</ele></trkpt>
<trkpt lat="43.265112" lon="-2.511687"><ele>99.2</ele></trkpt>
<trkpt lat="43.265112" lon="-2.511687"><ele>99.3</ele></trkpt>
<trkpt lat="43.265112" lon="-2.511688"><ele>99.2</ele></trkpt>
<trkpt lat="43.265114" lon="-2.511703"><ele>99.3</ele></trkpt>
<trkpt lat="43.265114" lon="-2.511722"><ele>99.0</ele></trkpt>
<trkpt lat="43.265114" lon="-2.511739"><ele>99.0</ele></trkpt>
<trkpt lat="43.265117" lon="-2.511757"><ele>99.0</ele></trkpt>
<trkpt lat="43.265119" lon="-2.511776"><ele>98.8</ele></trkpt>
<trkpt lat="43.265122" lon="-2.511801"><ele>98.6</ele></trkpt>
<trkpt lat="43.265123" lon="-2.511822"><ele>98.3</ele></trkpt>
<trkpt lat="43.265124" lon="-2.511842"><ele>98.2</ele></trkpt>
<trkpt lat="43.265129" lon="-2.511860"><ele>98.2</ele></trkpt>
<trkpt lat="43.265130" lon="-2.511881"><ele>98.3</ele></trkpt>
<trkpt lat="43.265132" lon="-2.511901"><ele>98.7</ele></trkpt>
<trkpt lat="43.265136" lon="-2.511924"><ele>98.8</ele></trkpt>
<trkpt lat="43.265139" lon="-2.511944"><ele>99.0</ele></trkpt>
<trkpt lat="43.265139" lon="-2.511962"><ele>99.1</ele></trkpt>
<trkpt lat="43.265143" lon="-2.511977"><ele>99.1</ele></trkpt>
<trkpt lat="43.265152" lon="-2.511995"><ele>99.3</ele></trkpt>
<trkpt lat="43.265161" lon="-2.512012"><ele>99.6</ele></trkpt>
<trkpt lat="43.265172" lon="-2.512030"><ele>99.7</ele></trkpt>
<trkpt lat="43.265183" lon="-2.512047"><ele>99.7</ele></trkpt>
<trkpt lat="43.265194" lon="-2.512061"><ele>99.6</ele></trkpt>
<trkpt lat="43.265205" lon="-2.512078"><ele>99.6</ele></trkpt>
<trkpt lat="43.265211" lon="-2.512095"><ele>99.6</ele></trkpt>
<trkpt lat="43.265209" lon="-2.512115"><ele>99.7</ele></trkpt>
<trkpt lat="43.265199" lon="-2.512129"><ele>99.6</ele></trkpt>
<trkpt lat="43.265191" lon="-2.512146"><ele>99.7</ele></trkpt>
<trkpt lat="43.265178" lon="-2.512158"><ele>99.6</ele></trkpt>
<trkpt lat="43.265168" lon="-2.512171"><ele>99.6</ele></trkpt>
<trkpt lat="43.265155" lon="-2.512182"><ele>99.6</ele></trkpt>
<trkpt lat="43.265137" lon="-2.512195"><ele>99.7</ele></trkpt>
<trkpt lat="43.265122" lon="-2.512204"><ele>99.9</ele></trkpt>
<trkpt lat="43.265110" lon="-2.512208"><ele>99.8</ele></trkpt>
<trkpt lat="43.265098" lon="-2.512206"><ele>99.9</ele></trkpt>
<trkpt lat="43.265085" lon="-2.512202"><ele>99.8</ele></trkpt>
<trkpt lat="43.265068" lon="-2.512203"><ele>100.0</ele></trkpt>
<trkpt lat="43.265055" lon="-2.512203"><ele>100.0</ele></trkpt>
<trkpt lat="43.265044" lon="-2.512203"><ele>100.0</ele></trkpt>
<trkpt lat="43.265034" lon="-2.512205"><ele>100.3</ele></trkpt>
<trkpt lat="43.265019" lon="-2.512217"><ele>100.3</ele></trkpt>
<trkpt lat="43.265005" lon="-2.512234"><ele>100.5</ele></trkpt>
<trkpt lat="43.264999" lon="-2.512254"><ele>100.7</ele></trkpt>
<trkpt lat="43.264994" lon="-2.512273"><ele>100.9</ele></trkpt>
<trkpt lat="43.264993" lon="-2.512291"><ele>101.1</ele></trkpt>
<trkpt lat="43.264996" lon="-2.512308"><ele>101.3</ele></trkpt>
<trkpt lat="43.264993" lon="-2.512324"><ele>101.3</ele></trkpt>
<trkpt lat="43.264989" lon="-2.512348"><ele>101.3</ele></trkpt>
<trkpt lat="43.264988" lon="-2.512369"><ele>101.2</ele></trkpt>
<trkpt lat="43.264987" lon="-2.512389"><ele>101.2</ele></trkpt>
<trkpt lat="43.264987" lon="-2.512414"><ele>101.2</ele></trkpt>
<trkpt lat="43.264982" lon="-2.512439"><ele>101.2</ele></trkpt>
<trkpt lat="43.264976" lon="-2.512460"><ele>101.1</ele></trkpt>
<trkpt lat="43.264973" lon="-2.512482"><ele>100.9</ele></trkpt>
<trkpt lat="43.264970" lon="-2.512505"><ele>100.8</ele></trkpt>
<trkpt lat="43.264971" lon="-2.512528"><ele>100.5</ele></trkpt>
<trkpt lat="43.264970" lon="-2.512550"><ele>100.3</ele></trkpt>
<trkpt lat="43.264965" lon="-2.512571"><ele>100.0</ele></trkpt>
<trkpt lat="43.264959" lon="-2.512590"><ele>99.7</ele></trkpt>
<trkpt lat="43.264957" lon="-2.512616"><ele>99.7</ele></trkpt>
<trkpt lat="43.264955" lon="-2.512642"><ele>99.7</ele></trkpt>
<trkpt lat="43.264949" lon="-2.512665"><ele>99.7</ele></trkpt>
<trkpt lat="43.264946" lon="-2.512689"><ele>100.0</ele></trkpt>
<trkpt lat="43.264943" lon="-2.512709"><ele>100.0</ele></trkpt>
<trkpt lat="43.264939" lon="-2.512727"><ele>100.0</ele></trkpt>
<trkpt lat="43.264936" lon="-2.512746"><ele>100.0</ele></trkpt>
<trkpt lat="43.264930" lon="-2.512759"><ele>100.1</ele></trkpt>
<trkpt lat="43.264925" lon="-2.512781"><ele>100.0</ele></trkpt>
<trkpt lat="43.264921" lon="-2.512804"><ele>100.0</ele></trkpt>
<trkpt lat="43.264917" lon="-2.512827"><ele>99.9</ele></trkpt>
<trkpt lat="43.264914" lon="-2.512846"><ele>100.1</ele></trkpt>
<trkpt lat="43.264920" lon="-2.512866"><ele>100.2</ele></trkpt>
<trkpt lat="43.264920" lon="-2.512890"><ele>100.5</ele></trkpt>
<trkpt lat="43.264922" lon="-2.512919"><ele>100.6</ele></trkpt>
<trkpt lat="43.264920" lon="-2.512941"><ele>100.6</ele></trkpt>
<trkpt lat="43.264917" lon="-2.512958"><ele>100.6</ele></trkpt>
<trkpt lat="43.264916" lon="-2.512983"><ele>100.6</ele></trkpt>
<trkpt lat="43.264915" lon="-2.513002"><ele>100.6</ele></trkpt>
<trkpt lat="43.264912" lon="-2.513018"><ele>100.7</ele></trkpt>
<trkpt lat="43.264910" lon="-2.513041"><ele>100.7</ele></trkpt>
<trkpt lat="43.264911" lon="-2.513062"><ele>100.7</ele></trkpt>
<trkpt lat="43.264912" lon="-2.513081"><ele>100.7</ele></trkpt>
<trkpt lat="43.264911" lon="-2.513097"><ele>100.7</ele></trkpt>
<trkpt lat="43.264905" lon="-2.513119"><ele>100.3</ele></trkpt>
<trkpt lat="43.264899" lon="-2.513141"><ele>100.3</ele></trkpt>
<trkpt lat="43.264900" lon="-2.513164"><ele>100.2</ele></trkpt>
<trkpt lat="43.264901" lon="-2.513190"><ele>100.2</ele></trkpt>
<trkpt lat="43.264903" lon="-2.513218"><ele>100.5</ele></trkpt>
<trkpt lat="43.264906" lon="-2.513239"><ele>100.4</ele></trkpt>
<trkpt lat="43.264908" lon="-2.513259"><ele>100.4</ele></trkpt>
<trkpt lat="43.264906" lon="-2.513286"><ele>100.5</ele></trkpt>
<trkpt lat="43.264908" lon="-2.513309"><ele>100.4</ele></trkpt>
<trkpt lat="43.264909" lon="-2.513329"><ele>100.7</ele></trkpt>
<trkpt lat="43.264911" lon="-2.513353"><ele>100.7</ele></trkpt>
<trkpt lat="43.264911" lon="-2.513371"><ele>100.6</ele></trkpt>
<trkpt lat="43.264910" lon="-2.513394"><ele>100.7</ele></trkpt>
<trkpt lat="43.264909" lon="-2.513420"><ele>100.7</ele></trkpt>
<trkpt lat="43.264908" lon="-2.513439"><ele>100.6</ele></trkpt>
<trkpt lat="43.264906" lon="-2.513461"><ele>100.7</ele></trkpt>
<trkpt lat="43.264909" lon="-2.513488"><ele>100.7</ele></trkpt>
<trkpt lat="43.264912" lon="-2.513504"><ele>100.6</ele></trkpt>
<trkpt lat="43.264911" lon="-2.513523"><ele>100.6</ele></trkpt>
<trkpt lat="43.264908" lon="-2.513547"><ele>100.4</ele></trkpt>
<trkpt lat="43.264910" lon="-2.513569"><ele>100.3</ele></trkpt>
<trkpt lat="43.264910" lon="-2.513592"><ele>100.3</ele></trkpt>
<trkpt lat="43.264907" lon="-2.513613"><ele>100.3</ele></trkpt>
<trkpt lat="43.264908" lon="-2.513637"><ele>100.3</ele></trkpt>
<trkpt lat="43.264908" lon="-2.513654"><ele>100.5</ele></trkpt>
<trkpt lat="43.264906" lon="-2.513672"><ele>100.4</ele></trkpt>
<trkpt lat="43.264903" lon="-2.513695"><ele>100.6</ele></trkpt>
<trkpt lat="43.264898" lon="-2.513717"><ele>100.7</ele></trkpt>
<trkpt lat="43.264895" lon="-2.513738"><ele>100.6</ele></trkpt>
<trkpt lat="43.264889" lon="-2.513755"><ele>100.7</ele></trkpt>
<trkpt lat="43.264881" lon="-2.513771"><ele>100.4</ele></trkpt>
<trkpt lat="43.264870" lon="-2.513786"><ele>100.4</ele></trkpt>
<trkpt lat="43.264858" lon="-2.513807"><ele>100.4</ele></trkpt>
<trkpt lat="43.264852" lon="-2.513831"><ele>100.4</ele></trkpt>
<trkpt lat="43.264847" lon="-2.513854"><ele>100.5</ele></trkpt>
<trkpt lat="43.264843" lon="-2.513882"><ele>101.1</ele></trkpt>
<trkpt lat="43.264842" lon="-2.513904"><ele>101.0</ele></trkpt>
<trkpt lat="43.264836" lon="-2.513924"><ele>101.0</ele></trkpt>
<trkpt lat="43.264830" lon="-2.513944"><ele>101.3</ele></trkpt>
<trkpt lat="43.264829" lon="-2.513961"><ele>101.3</ele></trkpt>
<trkpt lat="43.264827" lon="-2.513979"><ele>101.3</ele></trkpt>
<trkpt lat="43.264824" lon="-2.514001"><ele>101.5</ele></trkpt>
<trkpt lat="43.264820" lon="-2.514019"><ele>101.7</ele></trkpt>
<trkpt lat="43.264815" lon="-2.514038"><ele>101.6</ele></trkpt>
<trkpt lat="43.264810" lon="-2.514056"><ele>101.8</ele></trkpt>
<trkpt lat="43.264804" lon="-2.514069"><ele>102.0</ele></trkpt>
<trkpt lat="43.264797" lon="-2.514090"><ele>102.2</ele></trkpt>
<trkpt lat="43.264792" lon="-2.514116"><ele>102.3</ele></trkpt>
<trkpt lat="43.264789" lon="-2.514137"><ele>102.3</ele></trkpt>
<trkpt lat="43.264785" lon="-2.514155"><ele>102.5</ele></trkpt>
<trkpt lat="43.264779" lon="-2.514170"><ele>102.5</ele></trkpt>
<trkpt lat="43.264774" lon="-2.514190"><ele>102.4</ele></trkpt>
<trkpt lat="43.264769" lon="-2.514207"><ele>102.4</ele></trkpt>
<trkpt lat="43.264762" lon="-2.514224"><ele>102.4</ele></trkpt>
<trkpt lat="43.264756" lon="-2.514242"><ele>102.2</ele></trkpt>
<trkpt lat="43.264749" lon="-2.514258"><ele>102.2</ele></trkpt>
<trkpt lat="43.264738" lon="-2.514271"><ele>102.1</ele></trkpt>
<trkpt lat="43.264730" lon="-2.514290"><ele>102.0</ele></trkpt>
<trkpt lat="43.264721" lon="-2.514307"><ele>102.0</ele></trkpt>
<trkpt lat="43.264718" lon="-2.514327"><ele>102.3</ele></trkpt>
<trkpt lat="43.264715" lon="-2.514351"><ele>102.3</ele></trkpt>
<trkpt lat="43.264712" lon="-2.514370"><ele>102.3</ele></trkpt>
<trkpt lat="43.264713" lon="-2.514387"><ele>102.4</ele></trkpt>
<trkpt lat="43.264716" lon="-2.514400"><ele>102.5</ele></trkpt>
<trkpt lat="43.264719" lon="-2.514404"><ele>102.4</ele></trkpt>
<trkpt lat="43.264718" lon="-2.514410"><ele>102.6</ele></trkpt>
<trkpt lat="43.264716" lon="-2.514430"><ele>102.6</ele></trkpt>
<trkpt lat="43.264718" lon="-2.514446"><ele>102.8</ele></trkpt>
<trkpt lat="43.264718" lon="-2.514461"><ele>103.5</ele></trkpt>
<trkpt lat="43.264714" lon="-2.514484"><ele>103.7</ele></trkpt>
<trkpt lat="43.264715" lon="-2.514507"><ele>103.6</ele></trkpt>
<trkpt lat="43.264718" lon="-2.514526"><ele>103.8</ele></trkpt>
<trkpt lat="43.264720" lon="-2.514549"><ele>103.9</ele></trkpt>
<trkpt lat="43.264721" lon="-2.514572"><ele>103.9</ele></trkpt>
<trkpt lat="43.264721" lon="-2.514596"><ele>103.9</ele></trkpt>
<trkpt lat="43.264723" lon="-2.514618"><ele>103.8</ele></trkpt>
<trkpt lat="43.264726" lon="-2.514638"><ele>103.9</ele></trkpt>
<trkpt lat="43.264729" lon="-2.514663"><ele>103.9</ele></trkpt>
<trkpt lat="43.264730" lon="-2.514689"><ele>103.6</ele></trkpt>
<trkpt lat="43.264733" lon="-2.514714"><ele>103.6</ele></trkpt>
<trkpt lat="43.264739" lon="-2.514737"><ele>103.7</ele></trkpt>
<trkpt lat="43.264750" lon="-2.514776"><ele>103.7</ele></trkpt>
<trkpt lat="43.264755" lon="-2.514791"><ele>103.7</ele></trkpt>
<trkpt lat="43.264756" lon="-2.514812"><ele>103.6</ele></trkpt>
<trkpt lat="43.264756" lon="-2.514830"><ele>103.6</ele></trkpt>
<trkpt lat="43.264758" lon="-2.514845"><ele>103.7</ele></trkpt>
<trkpt lat="43.264763" lon="-2.514864"><ele>103.7</ele></trkpt>
<trkpt lat="43.264765" lon="-2.514875"><ele>103.7</ele></trkpt>
<trkpt lat="43.264767" lon="-2.514894"><ele>103.6</ele></trkpt>
<trkpt lat="43.264768" lon="-2.514916"><ele>103.7</ele></trkpt>
<trkpt lat="43.264766" lon="-2.514939"><ele>103.6</ele></trkpt>
<trkpt lat="43.264768" lon="-2.514920"><ele>97.7</ele></trkpt>
<trkpt lat="43.264762" lon="-2.514883"><ele>97.8</ele></trkpt>
<trkpt lat="43.264755" lon="-2.514842"><ele>97.9</ele></trkpt>
<trkpt lat="43.264749" lon="-2.514797"><ele>97.8</ele></trkpt>
<trkpt lat="43.264739" lon="-2.514753"><ele>97.9</ele></trkpt>
<trkpt lat="43.264739" lon="-2.514712"><ele>97.9</ele></trkpt>
<trkpt lat="43.264736" lon="-2.514673"><ele>97.7</ele></trkpt>
<trkpt lat="43.264733" lon="-2.514633"><ele>97.3</ele></trkpt>
<trkpt lat="43.264730" lon="-2.514595"><ele>97.1</ele></trkpt>
<trkpt lat="43.264730" lon="-2.514563"><ele>96.9</ele></trkpt>
<trkpt lat="43.264723" lon="-2.514533"><ele>96.7</ele></trkpt>
<trkpt lat="43.264714" lon="-2.514485"><ele>96.5</ele></trkpt>
<trkpt lat="43.264710" lon="-2.514447"><ele>96.3</ele></trkpt>
<trkpt lat="43.264710" lon="-2.514407"><ele>96.0</ele></trkpt>
<trkpt lat="43.264701" lon="-2.514380"><ele>96.0</ele></trkpt>
<trkpt lat="43.264710" lon="-2.514352"><ele>95.6</ele></trkpt>
<trkpt lat="43.264720" lon="-2.514315"><ele>95.1</ele></trkpt>
<trkpt lat="43.264736" lon="-2.514277"><ele>94.8</ele></trkpt>
<trkpt lat="43.264758" lon="-2.514230"><ele>94.6</ele></trkpt>
<trkpt lat="43.264774" lon="-2.514198"><ele>94.4</ele></trkpt>
<trkpt lat="43.264787" lon="-2.514148"><ele>94.2</ele></trkpt>
<trkpt lat="43.264797" lon="-2.514103"><ele>94.2</ele></trkpt>
<trkpt lat="43.264806" lon="-2.514060"><ele>94.1</ele></trkpt>
<trkpt lat="43.264816" lon="-2.514015"><ele>94.1</ele></trkpt>
<trkpt lat="43.264819" lon="-2.513967"><ele>93.8</ele></trkpt>
<trkpt lat="43.264829" lon="-2.513918"><ele>93.8</ele></trkpt>
<trkpt lat="43.264838" lon="-2.513870"><ele>93.6</ele></trkpt>
<trkpt lat="43.264848" lon="-2.513820"><ele>93.6</ele></trkpt>
<trkpt lat="43.264861" lon="-2.513768"><ele>93.5</ele></trkpt>
<trkpt lat="43.264877" lon="-2.513718"><ele>93.4</ele></trkpt>
<trkpt lat="43.264890" lon="-2.513667"><ele>93.3</ele></trkpt>
<trkpt lat="43.264893" lon="-2.513613"><ele>93.2</ele></trkpt>
<trkpt lat="43.264893" lon="-2.513547"><ele>93.3</ele></trkpt>
<trkpt lat="43.264890" lon="-2.513503"><ele>93.3</ele></trkpt>
<trkpt lat="43.264890" lon="-2.513445"><ele>93.3</ele></trkpt>
<trkpt lat="43.264893" lon="-2.513407"><ele>93.2</ele></trkpt>
<trkpt lat="43.264896" lon="-2.513357"><ele>93.2</ele></trkpt>
<trkpt lat="43.264899" lon="-2.513303"><ele>93.1</ele></trkpt>
<trkpt lat="43.264899" lon="-2.513248"><ele>93.1</ele></trkpt>
<trkpt lat="43.264896" lon="-2.513185"><ele>93.1</ele></trkpt>
<trkpt lat="43.264896" lon="-2.513122"><ele>93.1</ele></trkpt>
<trkpt lat="43.264899" lon="-2.513055"><ele>93.2</ele></trkpt>
<trkpt lat="43.264899" lon="-2.512993"><ele>93.1</ele></trkpt>
<trkpt lat="43.264906" lon="-2.512932"><ele>93.1</ele></trkpt>
<trkpt lat="43.264906" lon="-2.512868"><ele>93.1</ele></trkpt>
<trkpt lat="43.264909" lon="-2.512810"><ele>93.1</ele></trkpt>
<trkpt lat="43.264915" lon="-2.512745"><ele>92.8</ele></trkpt>
<trkpt lat="43.264928" lon="-2.512683"><ele>92.4</ele></trkpt>
<trkpt lat="43.264938" lon="-2.512623"><ele>92.2</ele></trkpt>
<trkpt lat="43.264947" lon="-2.512567"><ele>91.9</ele></trkpt>
<trkpt lat="43.264954" lon="-2.512507"><ele>91.6</ele></trkpt>
<trkpt lat="43.264960" lon="-2.512448"><ele>91.6</ele></trkpt>
<trkpt lat="43.264966" lon="-2.512393"><ele>91.7</ele></trkpt>
<trkpt lat="43.264966" lon="-2.512340"><ele>91.8</ele></trkpt>
<trkpt lat="43.264973" lon="-2.512293"><ele>91.9</ele></trkpt>
<trkpt lat="43.264986" lon="-2.512258"><ele>92.0</ele></trkpt>
<trkpt lat="43.265005" lon="-2.512227"><ele>92.1</ele></trkpt>
<trkpt lat="43.265030" lon="-2.512208"><ele>92.0</ele></trkpt>
<trkpt lat="43.265059" lon="-2.512202"><ele>92.0</ele></trkpt>
<trkpt lat="43.265085" lon="-2.512193"><ele>92.0</ele></trkpt>
<trkpt lat="43.265107" lon="-2.512180"><ele>92.2</ele></trkpt>
<trkpt lat="43.265133" lon="-2.512162"><ele>92.2</ele></trkpt>
<trkpt lat="43.265155" lon="-2.512137"><ele>92.3</ele></trkpt>
<trkpt lat="43.265178" lon="-2.512107"><ele>92.3</ele></trkpt>
<trkpt lat="43.265190" lon="-2.512072"><ele>92.4</ele></trkpt>
<trkpt lat="43.265190" lon="-2.512038"><ele>92.6</ele></trkpt>
<trkpt lat="43.265184" lon="-2.512007"><ele>92.6</ele></trkpt>
<trkpt lat="43.265171" lon="-2.511975"><ele>92.6</ele></trkpt>
<trkpt lat="43.265158" lon="-2.511935"><ele>92.7</ele></trkpt>
<trkpt lat="43.265149" lon="-2.511890"><ele>92.7</ele></trkpt>
<trkpt lat="43.265149" lon="-2.511838"><ele>92.6</ele></trkpt>
<trkpt lat="43.265146" lon="-2.511787"><ele>92.7</ele></trkpt>
<trkpt lat="43.265139" lon="-2.511725"><ele>92.6</ele></trkpt>
<trkpt lat="43.265136" lon="-2.511665"><ele>92.6</ele></trkpt>
<trkpt lat="43.265136" lon="-2.511605"><ele>92.5</ele></trkpt>
<trkpt lat="43.265136" lon="-2.511545"><ele>92.5</ele></trkpt>
<trkpt lat="43.265136" lon="-2.511487"><ele>92.5</ele></trkpt>
<trkpt lat="43.265136" lon="-2.511430"><ele>92.6</ele></trkpt>
<trkpt lat="43.265146" lon="-2.511377"><ele>92.6</ele></trkpt>
<trkpt lat="43.265149" lon="-2.511325"><ele>92.5</ele></trkpt>
<trkpt lat="43.265152" lon="-2.511280"><ele>92.3</ele></trkpt>
<trkpt lat="43.265158" lon="-2.511240"><ele>92.2</ele></trkpt>
<trkpt lat="43.265165" lon="-2.511202"><ele>92.1</ele></trkpt>
<trkpt lat="43.265174" lon="-2.511170"><ele>91.9</ele></trkpt>
<trkpt lat="43.265190" lon="-2.511140"><ele>91.9</ele></trkpt>
<trkpt lat="43.265206" lon="-2.511095"><ele>91.7</ele></trkpt>
<trkpt lat="43.265219" lon="-2.511060"><ele>91.4</ele></trkpt>
<trkpt lat="43.265238" lon="-2.511030"><ele>91.2</ele></trkpt>
<trkpt lat="43.265251" lon="-2.511003"><ele>90.9</ele></trkpt>
<trkpt lat="43.265264" lon="-2.510985"><ele>90.8</ele></trkpt>
<trkpt lat="43.265283" lon="-2.510953"><ele>90.4</ele></trkpt>
<trkpt lat="43.265309" lon="-2.510915"><ele>90.4</ele></trkpt>
<trkpt lat="43.265331" lon="-2.510867"><ele>90.2</ele></trkpt>
<trkpt lat="43.265350" lon="-2.510808"><ele>90.2</ele></trkpt>
<trkpt lat="43.265373" lon="-2.510748"><ele>90.4</ele></trkpt>
<trkpt lat="43.265398" lon="-2.510693"><ele>90.6</ele></trkpt>
<trkpt lat="43.265430" lon="-2.510640"><ele>90.8</ele></trkpt>
<trkpt lat="43.265466" lon="-2.510583"><ele>90.8</ele></trkpt>
<trkpt lat="43.265494" lon="-2.510527"><ele>90.7</ele></trkpt>
<trkpt lat="43.265517" lon="-2.510465"><ele>90.6</ele></trkpt>
<trkpt lat="43.265546" lon="-2.510402"><ele>90.5</ele></trkpt>
<trkpt lat="43.265565" lon="-2.510337"><ele>90.5</ele></trkpt>
<trkpt lat="43.265584" lon="-2.510272"><ele>90.6</ele></trkpt>
<trkpt lat="43.265597" lon="-2.510215"><ele>90.5</ele></trkpt>
<trkpt lat="43.265613" lon="-2.510162"><ele>90.6</ele></trkpt>
<trkpt lat="43.265629" lon="-2.510105"><ele>90.6</ele></trkpt>
<trkpt lat="43.265645" lon="-2.510048"><ele>90.5</ele></trkpt>
<trkpt lat="43.265654" lon="-2.509992"><ele>90.5</ele></trkpt>
<trkpt lat="43.265670" lon="-2.509933"><ele>90.5</ele></trkpt>
<trkpt lat="43.265686" lon="-2.509875"><ele>90.7</ele></trkpt>
<trkpt lat="43.265696" lon="-2.509818"><ele>90.8</ele></trkpt>
<trkpt lat="43.265709" lon="-2.509765"><ele>90.7</ele></trkpt>
<trkpt lat="43.265715" lon="-2.509722"><ele>90.7</ele></trkpt>
<trkpt lat="43.265722" lon="-2.509683"><ele>90.7</ele></trkpt>
<trkpt lat="43.265715" lon="-2.509655"><ele>90.7</ele></trkpt>
<trkpt lat="43.265712" lon="-2.509607"><ele>90.6</ele></trkpt>
<trkpt lat="43.265712" lon="-2.509582"><ele>90.4</ele></trkpt>
<trkpt lat="43.265712" lon="-2.509553"><ele>90.3</ele></trkpt>
<trkpt lat="43.265715" lon="-2.509520"><ele>90.4</ele></trkpt>
<trkpt lat="43.265725" lon="-2.509472"><ele>90.4</ele></trkpt>
<trkpt lat="43.265722" lon="-2.509410"><ele>90.2</ele></trkpt>
<trkpt lat="43.265715" lon="-2.509342"><ele>90.1</ele></trkpt>
<trkpt lat="43.265715" lon="-2.509272"><ele>90.0</ele></trkpt>
<trkpt lat="43.265715" lon="-2.509200"><ele>89.8</ele></trkpt>
<trkpt lat="43.265715" lon="-2.509130"><ele>89.7</ele></trkpt>
<trkpt lat="43.265715" lon="-2.509058"><ele>89.7</ele></trkpt>
<trkpt lat="43.265722" lon="-2.508988"><ele>89.9</ele></trkpt>
<trkpt lat="43.265722" lon="-2.508915"><ele>89.9</ele></trkpt>
<trkpt lat="43.265715" lon="-2.508845"><ele>89.6</ele></trkpt>
<trkpt lat="43.265715" lon="-2.508778"><ele>89.6</ele></trkpt>
<trkpt lat="43.265715" lon="-2.508700"><ele>89.4</ele></trkpt>
<trkpt lat="43.265722" lon="-2.508643"><ele>89.3</ele></trkpt>
<trkpt lat="43.265722" lon="-2.508570"><ele>89.3</ele></trkpt>
<trkpt lat="43.265722" lon="-2.508490"><ele>89.2</ele></trkpt>
<trkpt lat="43.265715" lon="-2.508410"><ele>89.1</ele></trkpt>
<trkpt lat="43.265709" lon="-2.508332"><ele>89.1</ele></trkpt>
<trkpt lat="43.265702" lon="-2.508252"><ele>88.9</ele></trkpt>
<trkpt lat="43.265696" lon="-2.508177"><ele>88.8</ele></trkpt>
<trkpt lat="43.265686" lon="-2.508098"><ele>88.5</ele></trkpt>
<trkpt lat="43.265680" lon="-2.508022"><ele>88.3</ele></trkpt>
<trkpt lat="43.265670" lon="-2.507938"><ele>88.3</ele></trkpt>
<trkpt lat="43.265664" lon="-2.507853"><ele>88.3</ele></trkpt>
<trkpt lat="43.265661" lon="-2.507778"><ele>88.1</ele></trkpt>
<trkpt lat="43.265654" lon="-2.507712"><ele>88.2</ele></trkpt>
<trkpt lat="43.265651" lon="-2.507647"><ele>88.0</ele></trkpt>
<trkpt lat="43.265648" lon="-2.507597"><ele>88.0</ele></trkpt>
<trkpt lat="43.265642" lon="-2.507563"><ele>87.9</ele></trkpt>
<trkpt lat="43.265626" lon="-2.507547"><ele>87.8</ele></trkpt>
<trkpt lat="43.265606" lon="-2.507510"><ele>87.5</ele></trkpt>
<trkpt lat="43.265587" lon="-2.507498"><ele>87.3</ele></trkpt>
<trkpt lat="43.265562" lon="-2.507475"><ele>87.2</ele></trkpt>
<trkpt lat="43.265549" lon="-2.507428"><ele>87.1</ele></trkpt>
<trkpt lat="43.265546" lon="-2.507397"><ele>87.2</ele></trkpt>
<trkpt lat="43.265549" lon="-2.507357"><ele>87.2</ele></trkpt>
<trkpt lat="43.265552" lon="-2.507317"><ele>87.0</ele></trkpt>
<trkpt lat="43.265562" lon="-2.507275"><ele>87.2</ele></trkpt>
<trkpt lat="43.265562" lon="-2.507233"><ele>87.1</ele></trkpt>
<trkpt lat="43.265562" lon="-2.507195"><ele>87.1</ele></trkpt>
<trkpt lat="43.265555" lon="-2.507157"><ele>87.3</ele></trkpt>
<trkpt lat="43.265562" lon="-2.507113"><ele>87.4</ele></trkpt>
<trkpt lat="43.265565" lon="-2.507072"><ele>87.6</ele></trkpt>
<trkpt lat="43.265571" lon="-2.507030"><ele>87.9</ele></trkpt>
<trkpt lat="43.265581" lon="-2.506992"><ele>87.9</ele></trkpt>
<trkpt lat="43.265581" lon="-2.506962"><ele>88.0</ele></trkpt>
<trkpt lat="43.265590" lon="-2.506922"><ele>88.3</ele></trkpt>
<trkpt lat="43.265606" lon="-2.506898"><ele>88.5</ele></trkpt>
<trkpt lat="43.265626" lon="-2.506888"><ele>88.6</ele></trkpt>
<trkpt lat="43.265651" lon="-2.506887"><ele>88.8</ele></trkpt>
<trkpt lat="43.265686" lon="-2.506885"><ele>88.9</ele></trkpt>
<trkpt lat="43.265722" lon="-2.506883"><ele>88.9</ele></trkpt>
<trkpt lat="43.265747" lon="-2.506883"><ele>89.0</ele></trkpt>
<trkpt lat="43.265770" lon="-2.506870"><ele>89.1</ele></trkpt>
<trkpt lat="43.265789" lon="-2.506837"><ele>89.3</ele></trkpt>
<trkpt lat="43.265786" lon="-2.506800"><ele>89.5</ele></trkpt>
<trkpt lat="43.265770" lon="-2.506748"><ele>89.7</ele></trkpt>
<trkpt lat="43.265760" lon="-2.506695"><ele>90.0</ele></trkpt>
<trkpt lat="43.265747" lon="-2.506645"><ele>90.0</ele></trkpt>
<trkpt lat="43.265747" lon="-2.506598"><ele>90.0</ele></trkpt>
<trkpt lat="43.265744" lon="-2.506555"><ele>89.9</ele></trkpt>
<trkpt lat="43.265728" lon="-2.506520"><ele>89.8</ele></trkpt>
<trkpt lat="43.265706" lon="-2.506503"><ele>89.5</ele></trkpt>
<trkpt lat="43.265680" lon="-2.506507"><ele>89.3</ele></trkpt>
<trkpt lat="43.265651" lon="-2.506523"><ele>89.2</ele></trkpt>
<trkpt lat="43.265632" lon="-2.506538"><ele>89.1</ele></trkpt>
<trkpt lat="43.265606" lon="-2.506557"><ele>89.1</ele></trkpt>
<trkpt lat="43.265574" lon="-2.506577"><ele>89.1</ele></trkpt>
<trkpt lat="43.265542" lon="-2.506585"><ele>89.3</ele></trkpt>
<trkpt lat="43.265507" lon="-2.506577"><ele>89.3</ele></trkpt>
<trkpt lat="43.265485" lon="-2.506552"><ele>89.2</ele></trkpt>
<trkpt lat="43.265475" lon="-2.506502"><ele>88.8</ele></trkpt>
<trkpt lat="43.265482" lon="-2.506443"><ele>88.3</ele></trkpt>
<trkpt lat="43.265488" lon="-2.506382"><ele>87.7</ele></trkpt>
<trkpt lat="43.265494" lon="-2.506320"><ele>87.6</ele></trkpt>
<trkpt lat="43.265504" lon="-2.506258"><ele>87.3</ele></trkpt>
<trkpt lat="43.265510" lon="-2.506197"><ele>87.0</ele></trkpt>
<trkpt lat="43.265523" lon="-2.506142"><ele>86.6</ele></trkpt>
<trkpt lat="43.265533" lon="-2.506085"><ele>86.3</ele></trkpt>
<trkpt lat="43.265546" lon="-2.506032"><ele>86.1</ele></trkpt>
<trkpt lat="43.265552" lon="-2.505980"><ele>86.0</ele></trkpt>
<trkpt lat="43.265562" lon="-2.505927"><ele>86.1</ele></trkpt>
<trkpt lat="43.265562" lon="-2.505873"><ele>86.2</ele></trkpt>
<trkpt lat="43.265565" lon="-2.505820"><ele>86.2</ele></trkpt>
<trkpt lat="43.265568" lon="-2.505765"><ele>86.2</ele></trkpt>
<trkpt lat="43.265568" lon="-2.505710"><ele>86.2</ele></trkpt>
<trkpt lat="43.265565" lon="-2.505657"><ele>86.0</ele></trkpt>
<trkpt lat="43.265562" lon="-2.505610"><ele>86.0</ele></trkpt>
<trkpt lat="43.265552" lon="-2.505557"><ele>86.0</ele></trkpt>
<trkpt lat="43.265542" lon="-2.505512"><ele>86.3</ele></trkpt>
<trkpt lat="43.265523" lon="-2.505482"><ele>86.6</ele></trkpt>
<trkpt lat="43.265498" lon="-2.505460"><ele>86.8</ele></trkpt>
<trkpt lat="43.265482" lon="-2.505438"><ele>87.0</ele></trkpt>
<trkpt lat="43.265466" lon="-2.505412"><ele>87.3</ele></trkpt>
<trkpt lat="43.265453" lon="-2.505368"><ele>87.4</ele></trkpt>
<trkpt lat="43.265434" lon="-2.505338"><ele>87.5</ele></trkpt>
<trkpt lat="43.265430" lon="-2.505310"><ele>87.5</ele></trkpt>
<trkpt lat="43.265446" lon="-2.505265"><ele>87.5</ele></trkpt>
<trkpt lat="43.265466" lon="-2.505207"><ele>87.5</ele></trkpt>
<trkpt lat="43.265485" lon="-2.505132"><ele>87.7</ele></trkpt>
<trkpt lat="43.265510" lon="-2.505057"><ele>87.8</ele></trkpt>
<trkpt lat="43.265533" lon="-2.504988"><ele>88.0</ele></trkpt>
<trkpt lat="43.265562" lon="-2.504925"><ele>88.0</ele></trkpt>
<trkpt lat="43.265581" lon="-2.504868"><ele>88.0</ele></trkpt>
<trkpt lat="43.265597" lon="-2.504812"><ele>87.9</ele></trkpt>
<trkpt lat="43.265613" lon="-2.504755"><ele>87.8</ele></trkpt>
<trkpt lat="43.265613" lon="-2.504698"><ele>87.7</ele></trkpt>
<trkpt lat="43.265590" lon="-2.504640"><ele>87.6</ele></trkpt>
<trkpt lat="43.265565" lon="-2.504585"><ele>87.6</ele></trkpt>
<trkpt lat="43.265533" lon="-2.504510"><ele>87.4</ele></trkpt>
<trkpt lat="43.265514" lon="-2.504458"><ele>87.3</ele></trkpt>
<trkpt lat="43.265504" lon="-2.504398"><ele>87.1</ele></trkpt>
<trkpt lat="43.265504" lon="-2.504335"><ele>86.9</ele></trkpt>
<trkpt lat="43.265507" lon="-2.504272"><ele>86.8</ele></trkpt>
<trkpt lat="43.265514" lon="-2.504205"><ele>86.5</ele></trkpt>
<trkpt lat="43.265526" lon="-2.504135"><ele>86.4</ele></trkpt>
<trkpt lat="43.265536" lon="-2.504068"><ele>86.6</ele></trkpt>
<trkpt lat="43.265546" lon="-2.503998"><ele>86.7</ele></trkpt>
<trkpt lat="43.265552" lon="-2.503923"><ele>86.9</ele></trkpt>
<trkpt lat="43.265562" lon="-2.503852"><ele>87.2</ele></trkpt>
<trkpt lat="43.265562" lon="-2.503773"><ele>87.5</ele></trkpt>
<trkpt lat="43.265571" lon="-2.503700"><ele>87.7</ele></trkpt>
<trkpt lat="43.265581" lon="-2.503625"><ele>87.9</ele></trkpt>
<trkpt lat="43.265590" lon="-2.503550"><ele>88.0</ele></trkpt>
<trkpt lat="43.265610" lon="-2.503478"><ele>88.2</ele></trkpt>
<trkpt lat="43.265629" lon="-2.503415"><ele>88.2</ele></trkpt>
<trkpt lat="43.265645" lon="-2.503353"><ele>88.3</ele></trkpt>
<trkpt lat="43.265654" lon="-2.503280"><ele>88.4</ele></trkpt>
<trkpt lat="43.265664" lon="-2.503198"><ele>88.2</ele></trkpt>
<trkpt lat="43.265667" lon="-2.503117"><ele>88.2</ele></trkpt>
<trkpt lat="43.265667" lon="-2.503037"><ele>88.1</ele></trkpt>
<trkpt lat="43.265661" lon="-2.502952"><ele>88.5</ele></trkpt>
<trkpt lat="43.265651" lon="-2.502870"><ele>88.8</ele></trkpt>
<trkpt lat="43.265654" lon="-2.502788"><ele>89.0</ele></trkpt>
<trkpt lat="43.265664" lon="-2.502703"><ele>89.3</ele></trkpt>
<trkpt lat="43.265670" lon="-2.502620"><ele>89.4</ele></trkpt>
<trkpt lat="43.265680" lon="-2.502540"><ele>89.6</ele></trkpt>
<trkpt lat="43.265686" lon="-2.502460"><ele>89.6</ele></trkpt>
<trkpt lat="43.265693" lon="-2.502378"><ele>89.7</ele></trkpt>
<trkpt lat="43.265706" lon="-2.502300"><ele>89.8</ele></trkpt>
<trkpt lat="43.265712" lon="-2.502227"><ele>90.0</ele></trkpt>
<trkpt lat="43.265722" lon="-2.502152"><ele>89.9</ele></trkpt>
<trkpt lat="43.265728" lon="-2.502080"><ele>89.8</ele></trkpt>
<trkpt lat="43.265734" lon="-2.502013"><ele>89.8</ele></trkpt>
<trkpt lat="43.265744" lon="-2.501943"><ele>89.7</ele></trkpt>
<trkpt lat="43.265747" lon="-2.501878"><ele>89.6</ele></trkpt>
<trkpt lat="43.265754" lon="-2.501817"><ele>89.6</ele></trkpt>
<trkpt lat="43.265760" lon="-2.501758"><ele>89.5</ele></trkpt>
<trkpt lat="43.265770" lon="-2.501707"><ele>89.6</ele></trkpt>
<trkpt lat="43.265776" lon="-2.501658"><ele>89.4</ele></trkpt>
<trkpt lat="43.265795" lon="-2.501620"><ele>89.4</ele></trkpt>
<trkpt lat="43.265824" lon="-2.501598"><ele>89.4</ele></trkpt>
<trkpt lat="43.265859" lon="-2.501590"><ele>89.1</ele></trkpt>
<trkpt lat="43.265891" lon="-2.501593"><ele>88.9</ele></trkpt>
<trkpt lat="43.265930" lon="-2.501598"><ele>88.6</ele></trkpt>
<trkpt lat="43.265958" lon="-2.501610"><ele>88.3</ele></trkpt>
<trkpt lat="43.265990" lon="-2.501628"><ele>87.9</ele></trkpt>
<trkpt lat="43.266022" lon="-2.501632"><ele>87.8</ele></trkpt>
<trkpt lat="43.266051" lon="-2.501635"><ele>87.5</ele></trkpt>
<trkpt lat="43.266070" lon="-2.501645"><ele>87.4</ele></trkpt>
<trkpt lat="43.266090" lon="-2.501665"><ele>87.3</ele></trkpt>
<trkpt lat="43.266112" lon="-2.501687"><ele>87.1</ele></trkpt>
<trkpt lat="43.266141" lon="-2.501712"><ele>87.0</ele></trkpt>
<trkpt lat="43.266179" lon="-2.501743"><ele>87.0</ele></trkpt>
<trkpt lat="43.266211" lon="-2.501762"><ele>87.0</ele></trkpt>
<trkpt lat="43.266246" lon="-2.501787"><ele>86.8</ele></trkpt>
<trkpt lat="43.266288" lon="-2.501808"><ele>86.6</ele></trkpt>
<trkpt lat="43.266326" lon="-2.501837"><ele>86.5</ele></trkpt>
<trkpt lat="43.266365" lon="-2.501862"><ele>86.2</ele></trkpt>
<trkpt lat="43.266403" lon="-2.501883"><ele>86.1</ele></trkpt>
<trkpt lat="43.266438" lon="-2.501907"><ele>85.9</ele></trkpt>
<trkpt lat="43.266470" lon="-2.501933"><ele>85.8</ele></trkpt>
<trkpt lat="43.266509" lon="-2.501963"><ele>85.6</ele></trkpt>
<trkpt lat="43.266547" lon="-2.501988"><ele>85.3</ele></trkpt>
<trkpt lat="43.266582" lon="-2.502013"><ele>85.1</ele></trkpt>
<trkpt lat="43.266614" lon="-2.502040"><ele>84.9</ele></trkpt>
<trkpt lat="43.266634" lon="-2.502068"><ele>84.8</ele></trkpt>
<trkpt lat="43.266666" lon="-2.502102"><ele>84.5</ele></trkpt>
<trkpt lat="43.266685" lon="-2.502090"><ele>84.4</ele></trkpt>
<trkpt lat="43.266701" lon="-2.502057"><ele>84.4</ele></trkpt>
<trkpt lat="43.266717" lon="-2.502012"><ele>84.4</ele></trkpt>
<trkpt lat="43.266742" lon="-2.501962"><ele>84.3</ele></trkpt>
<trkpt lat="43.266774" lon="-2.501910"><ele>84.0</ele></trkpt>
<trkpt lat="43.266800" lon="-2.501853"><ele>84.0</ele></trkpt>
<trkpt lat="43.266832" lon="-2.501793"><ele>83.9</ele></trkpt>
<trkpt lat="43.266861" lon="-2.501735"><ele>83.7</ele></trkpt>
<trkpt lat="43.266893" lon="-2.501675"><ele>83.5</ele></trkpt>
<trkpt lat="43.266922" lon="-2.501617"><ele>83.5</ele></trkpt>
<trkpt lat="43.266954" lon="-2.501558"><ele>83.5</ele></trkpt>
<trkpt lat="43.266986" lon="-2.501500"><ele>83.5</ele></trkpt>
<trkpt lat="43.267024" lon="-2.501445"><ele>83.7</ele></trkpt>
<trkpt lat="43.267062" lon="-2.501395"><ele>83.7</ele></trkpt>
<trkpt lat="43.267104" lon="-2.501340"><ele>83.4</ele></trkpt>
<trkpt lat="43.267142" lon="-2.501285"><ele>83.3</ele></trkpt>
<trkpt lat="43.267184" lon="-2.501237"><ele>83.1</ele></trkpt>
<trkpt lat="43.267226" lon="-2.501188"><ele>83.0</ele></trkpt>
<trkpt lat="43.267274" lon="-2.501143"><ele>82.8</ele></trkpt>
<trkpt lat="43.267315" lon="-2.501102"><ele>82.3</ele></trkpt>
<trkpt lat="43.267360" lon="-2.501060"><ele>82.1</ele></trkpt>
<trkpt lat="43.267408" lon="-2.501023"><ele>81.9</ele></trkpt>
<trkpt lat="43.267450" lon="-2.500985"><ele>81.8</ele></trkpt>
<trkpt lat="43.267491" lon="-2.500948"><ele>81.7</ele></trkpt>
<trkpt lat="43.267539" lon="-2.500918"><ele>81.8</ele></trkpt>
<trkpt lat="43.267581" lon="-2.500882"><ele>81.8</ele></trkpt>
<trkpt lat="43.267622" lon="-2.500848"><ele>81.6</ele></trkpt>
<trkpt lat="43.267658" lon="-2.500812"><ele>81.6</ele></trkpt>
<trkpt lat="43.267696" lon="-2.500775"><ele>81.5</ele></trkpt>
<trkpt lat="43.267728" lon="-2.500742"><ele>81.6</ele></trkpt>
<trkpt lat="43.267760" lon="-2.500708"><ele>81.5</ele></trkpt>
<trkpt lat="43.267795" lon="-2.500675"><ele>81.5</ele></trkpt>
<trkpt lat="43.267834" lon="-2.500635"><ele>81.5</ele></trkpt>
<trkpt lat="43.267878" lon="-2.500590"><ele>81.4</ele></trkpt>
<trkpt lat="43.267920" lon="-2.500542"><ele>81.0</ele></trkpt>
<trkpt lat="43.267965" lon="-2.500492"><ele>81.0</ele></trkpt>
<trkpt lat="43.268006" lon="-2.500442"><ele>81.0</ele></trkpt>
<trkpt lat="43.268048" lon="-2.500387"><ele>81.3</ele></trkpt>
<trkpt lat="43.268090" lon="-2.500333"><ele>81.4</ele></trkpt>
<trkpt lat="43.268125" lon="-2.500275"><ele>81.5</ele></trkpt>
<trkpt lat="43.268163" lon="-2.500217"><ele>81.2</ele></trkpt>
<trkpt lat="43.268195" lon="-2.500157"><ele>80.9</ele></trkpt>
<trkpt lat="43.268227" lon="-2.500095"><ele>80.6</ele></trkpt>
<trkpt lat="43.268266" lon="-2.500035"><ele>80.3</ele></trkpt>
<trkpt lat="43.268304" lon="-2.499977"><ele>80.2</ele></trkpt>
<trkpt lat="43.268342" lon="-2.499920"><ele>80.2</ele></trkpt>
<trkpt lat="43.268381" lon="-2.499863"><ele>80.3</ele></trkpt>
<trkpt lat="43.268422" lon="-2.499807"><ele>80.2</ele></trkpt>
<trkpt lat="43.268461" lon="-2.499753"><ele>80.1</ele></trkpt>
<trkpt lat="43.268496" lon="-2.499697"><ele>79.9</ele></trkpt>
<trkpt lat="43.268544" lon="-2.499642"><ele>80.0</ele></trkpt>
<trkpt lat="43.268586" lon="-2.499590"><ele>80.0</ele></trkpt>
</trkseg></trk></gpx>
