<?xml version="1.0" encoding="UTF-8"?>
<kml xmlns="http://www.opengis.net/kml/2.2">
<Document>
<name>Markina, Kobau, Berriatua y Larruskain</name>
<Style id="track">
<LineStyle><color>ff2fe0f5</color><width>4</width></LineStyle>
</Style>
<Placemark>
<name>Markina, Kobau, Berriatua y Larruskain</name>
<styleUrl>#track</styleUrl>
<LineString>
<tessellate>1</tessellate>
<altitudeMode>clampToGround</altitudeMode>
<coordinates>-2.499577,43.268592,80.2 -2.499547,43.268611,80.3 -2.499512,43.268634,80.3 -2.499480,43.268659,80.3 -2.499453,43.268675,80.4 -2.499435,43.268691,80.2 -2.499422,43.268710,80.1 -2.499405,43.268726,80.0 -2.499385,43.268749,79.7 -2.499365,43.268768,79.7 -2.499350,43.268794,79.6 -2.499340,43.268813,79.5 -2.499327,43.268832,79.3 -2.499307,43.268848,79.3 -2.499285,43.268870,79.3 -2.499260,43.268902,79.3 -2.499237,43.268928,79.4 -2.499217,43.268950,79.4 -2.499197,43.268973,79.3 -2.499167,43.269005,79.3 -2.499125,43.269037,79.1 -2.499108,43.269056,79.2 -2.499092,43.269072,79.0 -2.499075,43.269091,79.0 -2.499060,43.269117,79.0 -2.499037,43.269136,79.1 -2.499013,43.269158,79.1 -2.498993,43.269184,79.2 -2.498972,43.269203,79.4 -2.498948,43.269229,79.3 -2.498930,43.269245,79.5 -2.498897,43.269277,79.5 -2.498870,43.269299,79.5 -2.498847,43.269318,79.5 -2.498810,43.269341,79.4 -2.498787,43.269357,79.3 -2.498753,43.269382,79.2 -2.498730,43.269414,79.2 -2.498708,43.269440,79.0 -2.498693,43.269462,78.9 -2.498668,43.269488,78.7 -2.498640,43.269514,78.5 -2.498617,43.269533,78.4 -2.498593,43.269549,78.4 -2.498563,43.269574,78.3 -2.498537,43.269594,78.4 -2.498510,43.269622,78.3 -2.498478,43.269654,78.4 -2.498455,43.269680,78.4 -2.498425,43.269702,78.4 -2.498398,43.269718,78.6 -2.498368,43.269744,78.6 -2.498348,43.269773,78.7 -2.498333,43.269805,78.4 -2.498327,43.269827,78.3 -2.498313,43.269853,78.2 -2.498297,43.269878,78.1 -2.498277,43.269904,77.8 -2.498252,43.269926,77.7 -2.498228,43.269952,77.8 -2.498205,43.269974,77.6 -2.498192,43.269997,77.6 -2.498205,43.270032,77.5 -2.498228,43.270058,77.4 -2.498250,43.270093,77.4 -2.498273,43.270122,77.5 -2.498293,43.270138,77.5 -2.498315,43.270157,77.7 -2.498338,43.270182,77.8 -2.498353,43.270198,77.9 -2.498375,43.270214,77.9 -2.498397,43.270234,78.2 -2.498418,43.270250,78.3 -2.498442,43.270272,78.5 -2.498465,43.270288,78.5 -2.498487,43.270310,78.7 -2.498518,43.270333,79.0 -2.498535,43.270349,79.1 -2.498560,43.270368,79.1 -2.498578,43.270387,79.4 -2.498598,43.270400,79.4 -2.498622,43.270419,79.7 -2.498642,43.270432,79.8 -2.498667,43.270451,79.9 -2.498697,43.270470,80.2 -2.498735,43.270496,80.4 -2.498753,43.270509,80.4 -2.498772,43.270528,80.5 -2.498810,43.270554,80.7 -2.498828,43.270570,81.0 -2.498842,43.270589,81.2 -2.498867,43.270621,81.5 -2.498880,43.270637,81.6 -2.498892,43.270653,81.8 -2.498908,43.270685,82.3 -2.498918,43.270710,82.5 -2.498930,43.270733,82.8 -2.498943,43.270752,83.2 -2.498955,43.270768,83.4 -2.498970,43.270787,83.6 -2.498983,43.270813,83.9 -2.498992,43.270835,84.1 -2.498995,43.270864,84.2 -2.498995,43.270890,84.3 -2.498990,43.270915,84.2 -2.498980,43.270938,84.2 -2.498967,43.270963,84.0 -2.498950,43.270989,83.8 -2.498935,43.271008,83.7 -2.498917,43.271034,83.5 -2.498900,43.271062,83.2 -2.498882,43.271088,83.0 -2.498862,43.271114,83.0 -2.498843,43.271142,83.3 -2.498823,43.271165,83.4 -2.498805,43.271187,83.5 -2.498788,43.271210,83.5 -2.498768,43.271232,83.6 -2.498753,43.271251,83.6 -2.498745,43.271274,83.7 -2.498732,43.271296,83.7 -2.498718,43.271315,83.6 -2.498708,43.271341,83.6 -2.498818,43.271587,84.0 -2.498847,43.271610,84.1 -2.498880,43.271622,84.2 -2.498902,43.271645,84.4 -2.498917,43.271686,84.7 -2.498933,43.271725,85.4 -2.498952,43.271763,85.9 -2.498958,43.271792,86.1 -2.498968,43.271811,86.4 -2.498982,43.271830,86.7 -2.498997,43.271846,87.0 -2.499013,43.271862,87.1 -2.499025,43.271882,87.4 -2.499047,43.271917,87.8 -2.499062,43.271939,87.9 -2.499077,43.271962,88.0 -2.499092,43.271984,88.2 -2.499105,43.272003,88.3 -2.499120,43.272022,88.4 -2.499135,43.272042,88.5 -2.499152,43.272058,88.5 -2.499170,43.272070,88.6 -2.499185,43.272086,88.7 -2.499205,43.272102,88.8 -2.499253,43.272118,89.2 -2.499278,43.272122,89.5 -2.499228,43.272141,89.0 -2.499215,43.272160,88.7 -2.499215,43.272179,88.8 -2.499225,43.272214,88.7 -2.499238,43.272237,88.9 -2.499252,43.272266,88.9 -2.499260,43.272294,89.0 -2.499268,43.272323,89.2 -2.499277,43.272349,89.2 -2.499283,43.272374,89.3 -2.499288,43.272397,89.3 -2.499297,43.272426,89.5 -2.499300,43.272448,89.5 -2.499302,43.272477,89.6 -2.499302,43.272502,89.5 -2.499298,43.272525,89.6 -2.499293,43.272554,89.9 -2.499287,43.272579,90.1 -2.499278,43.272605,90.2 -2.499268,43.272624,90.3 -2.499257,43.272653,90.4 -2.499247,43.272675,90.3 -2.499232,43.272701,90.3 -2.499220,43.272720,90.3 -2.499203,43.272742,90.3 -2.499185,43.272765,90.3 -2.499170,43.272784,90.2 -2.499153,43.272813,90.5 -2.499125,43.272854,90.8 -2.499110,43.272874,90.9 -2.499097,43.272890,91.0 -2.499075,43.272912,91.1 -2.499045,43.272944,91.0 -2.499035,43.272970,91.2 -2.499028,43.272989,91.3 -2.499018,43.273014,91.4 -2.499013,43.273037,91.6 -2.499008,43.273062,91.9 -2.499010,43.273088,92.1 -2.499012,43.273107,92.2 -2.499013,43.273136,92.4 -2.499015,43.273158,92.6 -2.499015,43.273190,92.8 -2.499015,43.273216,93.0 -2.499018,43.273235,93.2 -2.499020,43.273261,93.4 -2.499020,43.273290,93.6 -2.499020,43.273312,93.8 -2.499018,43.273334,94.0 -2.499023,43.273360,94.1 -2.499025,43.273386,94.3 -2.499028,43.273408,94.6 -2.499030,43.273430,94.7 -2.499037,43.273456,95.1 -2.499040,43.273485,95.3 -2.499043,43.273526,95.7 -2.499043,43.273549,95.8 -2.499045,43.273568,95.9 -2.499050,43.273590,96.2 -2.499053,43.273613,96.4 -2.499057,43.273632,96.4 -2.499068,43.273654,96.5 -2.499077,43.273674,96.6 -2.499082,43.273696,96.6 -2.499087,43.273715,96.7 -2.499093,43.273738,96.7 -2.499098,43.273763,96.6 -2.499107,43.273782,96.7 -2.499120,43.273818,96.7 -2.499128,43.273843,96.7 -2.499135,43.273862,96.7 -2.499142,43.273882,96.9 -2.499152,43.273907,96.9 -2.499163,43.273926,97.1 -2.499173,43.273952,97.3 -2.499185,43.273974,97.6 -2.499195,43.274003,97.9 -2.499202,43.274026,97.9 -2.499210,43.274051,98.1 -2.499213,43.274074,98.3 -2.499215,43.274102,98.3 -2.499213,43.274122,98.4 -2.499218,43.274144,98.5 -2.499222,43.274166,98.6 -2.499228,43.274189,98.9 -2.499233,43.274214,99.1 -2.499238,43.274240,99.3 -2.499242,43.274262,99.5 -2.499245,43.274288,99.7 -2.499247,43.274314,99.8 -2.499245,43.274339,99.9 -2.499242,43.274365,100.1 -2.499232,43.274390,100.1 -2.499215,43.274413,100.1 -2.499198,43.274438,100.2 -2.499182,43.274461,100.3 -2.499165,43.274486,100.3 -2.499148,43.274506,100.5 -2.499127,43.274528,100.8 -2.499110,43.274557,100.8 -2.499095,43.274579,101.0 -2.499080,43.274602,101.2 -2.499068,43.274624,101.3 -2.499055,43.274646,101.3 -2.499043,43.274666,101.3 -2.499025,43.274685,101.4 -2.499008,43.274707,101.4 -2.498993,43.274730,101.5 -2.498978,43.274752,101.2 -2.498962,43.274778,101.1 -2.498950,43.274803,101.1 -2.498933,43.274826,100.9 -2.498918,43.274848,100.8 -2.498903,43.274867,100.6 -2.498888,43.274883,100.4 -2.498872,43.274909,100.4 -2.498860,43.274938,100.2 -2.498848,43.274963,100.1 -2.498837,43.274986,100.0 -2.498828,43.275008,100.1 -2.498818,43.275037,99.8 -2.498810,43.275062,99.8 -2.498798,43.275088,99.6 -2.498797,43.275117,99.3 -2.498793,43.275139,99.3 -2.498787,43.275162,99.1 -2.498780,43.275194,98.9 -2.498773,43.275216,98.6 -2.498765,43.275245,98.4 -2.498758,43.275277,98.1 -2.498755,43.275306,97.7 -2.498752,43.275328,97.5 -2.498748,43.275357,97.1 -2.498742,43.275382,96.7 -2.498740,43.275405,96.4 -2.498732,43.275427,96.1 -2.498727,43.275453,95.7 -2.498717,43.275478,95.2 -2.498708,43.275510,94.7 -2.498703,43.275539,94.3 -2.498697,43.275565,93.9 -2.498688,43.275597,93.2 -2.498680,43.275622,92.7 -2.498670,43.275651,92.2 -2.498658,43.275677,91.7 -2.498648,43.275699,91.3 -2.498645,43.275722,90.9 -2.498668,43.275738,90.8 -2.498682,43.275754,90.6 -2.498697,43.275770,90.5 -2.498715,43.275782,90.3 -2.498738,43.275798,90.1 -2.498760,43.275811,90.0 -2.498783,43.275821,89.9 -2.498807,43.275837,89.6 -2.498832,43.275850,89.5 -2.498855,43.275862,89.4 -2.498880,43.275872,89.1 -2.498908,43.275882,89.0 -2.498940,43.275891,89.0 -2.498967,43.275901,89.0 -2.498993,43.275914,88.8 -2.499020,43.275923,88.5 -2.499047,43.275930,88.6 -2.499073,43.275942,88.3 -2.499100,43.275955,87.9 -2.499127,43.275968,87.6 -2.499153,43.275981,87.3 -2.499178,43.276000,86.6 -2.499200,43.276019,86.2 -2.499225,43.276035,85.6 -2.499243,43.276054,85.1 -2.499260,43.276070,84.7 -2.499272,43.276086,84.2 -2.499290,43.276099,83.9 -2.499303,43.276128,83.4 -2.499318,43.276157,83.1 -2.499358,43.276179,83.0 -2.499382,43.276192,83.0 -2.499415,43.276198,83.1 -2.499450,43.276202,83.1 -2.499485,43.276202,83.1 -2.499517,43.276198,83.2 -2.499543,43.276195,83.1 -2.499590,43.276192,83.1 -2.499613,43.276186,83.3 -2.499638,43.276176,83.4 -2.499665,43.276170,83.4 -2.499692,43.276160,83.5 -2.499718,43.276154,83.5 -2.499748,43.276157,83.5 -2.499772,43.276173,83.3 -2.499788,43.276192,83.1 -2.499818,43.276214,82.9 -2.499832,43.276230,82.6 -2.499843,43.276246,82.4 -2.499855,43.276266,82.1 -2.499872,43.276294,81.8 -2.499883,43.276310,81.5 -2.499897,43.276330,81.2 -2.499905,43.276349,81.0 -2.499917,43.276368,80.6 -2.499933,43.276390,80.2 -2.499945,43.276410,80.1 -2.499955,43.276429,80.1 -2.499973,43.276458,79.9 -2.499985,43.276483,79.8 -2.500005,43.276518,79.6 -2.500018,43.276538,79.5 -2.500032,43.276563,79.5 -2.500045,43.276582,79.4 -2.500060,43.276598,79.2 -2.500077,43.276614,79.3 -2.500097,43.276634,79.1 -2.500113,43.276653,79.0 -2.500125,43.276669,79.0 -2.500145,43.276688,79.4 -2.500155,43.276707,79.7 -2.500150,43.276730,80.2 -2.500138,43.276749,80.4 -2.500123,43.276771,80.7 -2.500102,43.276787,80.8 -2.500080,43.276806,80.7 -2.500050,43.276826,80.7 -2.500018,43.276851,80.5 -2.499995,43.276867,80.4 -2.499970,43.276890,80.3 -2.499945,43.276909,80.3 -2.499920,43.276931,80.2 -2.499893,43.276960,80.3 -2.499878,43.276976,80.4 -2.499848,43.277014,80.7 -2.499825,43.277040,80.7 -2.499810,43.277059,80.8 -2.499790,43.277075,80.7 -2.499770,43.277094,80.5 -2.499757,43.277114,80.6 -2.499742,43.277139,80.5 -2.499720,43.277162,80.3 -2.499698,43.277181,80.2 -2.499673,43.277200,80.1 -2.499653,43.277222,80.0 -2.499632,43.277242,80.0 -2.499612,43.277261,79.9 -2.499585,43.277280,79.8 -2.499558,43.277299,79.4 -2.499535,43.277318,79.2 -2.499527,43.277338,79.2 -2.499555,43.277366,79.9 -2.499577,43.277382,80.6 -2.499597,43.277398,81.2 -2.499622,43.277418,82.2 -2.499658,43.277424,83.1 -2.499698,43.277421,84.1 -2.499742,43.277411,84.9 -2.499765,43.277405,85.6 -2.499802,43.277389,86.3 -2.499840,43.277370,86.9 -2.499875,43.277350,87.5 -2.499902,43.277328,87.7 -2.499920,43.277309,87.8 -2.499963,43.277302,88.8 -2.500005,43.277299,89.8 -2.500052,43.277293,90.8 -2.500082,43.277293,91.5 -2.500112,43.277293,92.3 -2.500138,43.277286,92.8 -2.500158,43.277264,92.8 -2.500180,43.277238,92.8 -2.500215,43.277213,93.2 -2.500238,43.277187,92.9 -2.500250,43.277171,92.8 -2.500282,43.277152,92.9 -2.500310,43.277146,93.3 -2.500350,43.277139,94.0 -2.500390,43.277130,94.8 -2.500422,43.277114,95.0 -2.500447,43.277104,95.3 -2.500468,43.277094,95.7 -2.500515,43.277088,96.6 -2.500553,43.277082,97.4 -2.500592,43.277066,98.1 -2.500628,43.277040,98.2 -2.500650,43.277030,98.5 -2.500687,43.277024,99.2 -2.500730,43.277014,99.8 -2.500770,43.277002,100.4 -2.500790,43.276986,100.4 -2.500807,43.276970,100.3 -2.500858,43.276960,101.1 -2.500888,43.276950,101.5 -2.500918,43.276944,101.9 -2.500947,43.276931,101.9 -2.500968,43.276915,101.8 -2.500990,43.276906,101.9 -2.501015,43.276902,102.3 -2.501038,43.276890,102.2 -2.501057,43.276874,102.0 -2.501098,43.276851,102.0 -2.501120,43.276842,102.1 -2.501143,43.276832,102.2 -2.501165,43.276822,102.0 -2.501190,43.276813,102.2 -2.501215,43.276806,102.2 -2.501233,43.276790,101.8 -2.501252,43.276778,101.6 -2.501278,43.276762,101.5 -2.501298,43.276746,101.1 -2.501322,43.276730,100.8 -2.501367,43.276714,100.7 -2.501397,43.276704,100.7 -2.501432,43.276694,100.8 -2.501463,43.276688,100.8 -2.501497,43.276678,100.8 -2.501535,43.276675,101.0 -2.501582,43.276678,101.6 -2.501617,43.276678,102.1 -2.501647,43.276678,102.4 -2.501685,43.276669,102.2 -2.501715,43.276666,102.4 -2.501745,43.276656,102.1 -2.501798,43.276650,102.0 -2.501830,43.276646,102.0 -2.501860,43.276646,102.3 -2.501888,43.276646,102.4 -2.501915,43.276650,102.8 -2.501940,43.276653,103.3 -2.501970,43.276662,103.9 -2.502002,43.276669,104.4 -2.502037,43.276669,104.5 -2.502072,43.276672,104.8 -2.502103,43.276675,105.1 -2.502143,43.276669,104.8 -2.502178,43.276669,105.0 -2.502213,43.276666,104.9 -2.502245,43.276669,105.1 -2.502280,43.276669,104.9 -2.502315,43.276669,104.9 -2.502350,43.276672,104.8 -2.502385,43.276675,104.8 -2.502418,43.276675,104.8 -2.502450,43.276678,104.9 -2.502480,43.276685,105.0 -2.502512,43.276694,105.3 -2.502543,43.276694,105.2 -2.502572,43.276698,105.3 -2.502600,43.276707,105.7 -2.502627,43.276710,105.8 -2.502675,43.276723,106.2 -2.502708,43.276733,106.7 -2.502737,43.276746,107.2 -2.502763,43.276752,107.5 -2.502787,43.276765,108.1 -2.502812,43.276774,108.5 -2.502837,43.276790,109.3 -2.502865,43.276797,109.7 -2.502887,43.276810,110.3 -2.502908,43.276822,110.8 -2.502933,43.276829,111.1 -2.502958,43.276832,111.3 -2.502997,43.276848,111.9 -2.503027,43.276864,112.6 -2.503062,43.276877,113.1 -2.503105,43.276886,113.6 -2.503152,43.276886,113.6 -2.503197,43.276890,113.8 -2.503223,43.276893,113.9 -2.503248,43.276896,114.1 -2.503295,43.276902,114.4 -2.503320,43.276906,114.5 -2.503348,43.276909,114.6 -2.503375,43.276912,114.8 -2.503402,43.276915,115.0 -2.503427,43.276922,115.1 -2.503450,43.276928,115.5 -2.503492,43.276931,115.5 -2.503533,43.276944,116.1 -2.503567,43.276963,116.9 -2.503603,43.276982,117.9 -2.503647,43.276986,118.1 -2.503690,43.276992,118.4 -2.503730,43.276995,118.6 -2.503772,43.277005,119.2 -2.503812,43.277008,119.4 -2.503858,43.277005,119.4 -2.503887,43.277008,119.6 -2.503915,43.277014,119.8 -2.503938,43.277024,120.0 -2.503983,43.277040,120.5 -2.504028,43.277050,120.8 -2.504058,43.277059,121.0 -2.504087,43.277066,121.2 -2.504115,43.277069,121.1 -2.504158,43.277082,121.5 -2.504198,43.277091,121.9 -2.504222,43.277101,122.5 -2.504247,43.277104,122.6 -2.504272,43.277110,123.0 -2.504317,43.277114,123.4 -2.504342,43.277120,123.6 -2.504367,43.277120,123.8 -2.504412,43.277120,123.9 -2.504437,43.277123,124.0 -2.504478,43.277114,124.0 -2.504523,43.277114,124.6 -2.504570,43.277120,125.1 -2.504612,43.277114,125.3 -2.504648,43.277123,126.1 -2.504685,43.277139,127.1 -2.504727,43.277149,128.0 -2.504760,43.277165,129.0 -2.504798,43.277165,129.5 -2.504828,43.277165,129.7 -2.504858,43.277165,130.1 -2.504885,43.277162,130.4 -2.504918,43.277165,130.8 -2.504962,43.277165,131.3 -2.505002,43.277158,131.5 -2.505027,43.277158,132.0 -2.505075,43.277162,133.1 -2.505113,43.277158,133.6 -2.505150,43.277152,134.2 -2.505185,43.277130,134.0 -2.505223,43.277114,134.0 -2.505260,43.277107,134.5 -2.505300,43.277101,135.2 -2.505320,43.277088,135.1 -2.505358,43.277072,135.2 -2.505400,43.277062,135.7 -2.505438,43.277053,136.0 -2.505482,43.277043,136.5 -2.505505,43.277034,136.6 -2.505543,43.277040,137.5 -2.505582,43.277034,138.3 -2.505615,43.277027,138.9 -2.505650,43.277024,139.5 -2.505683,43.277024,140.5 -2.505713,43.277027,141.2 -2.505742,43.277021,141.8 -2.505778,43.277011,142.2 -2.505813,43.277011,143.2 -2.505842,43.277008,143.7 -2.505875,43.276995,144.1 -2.505912,43.276986,144.7 -2.505950,43.276970,145.0 -2.505990,43.276950,145.2 -2.506030,43.276931,145.4 -2.506068,43.276912,145.8 -2.506107,43.276896,146.1 -2.506142,43.276883,146.6 -2.506173,43.276861,146.6 -2.506212,43.276845,147.1 -2.506230,43.276832,146.9 -2.506252,43.276822,147.1 -2.506273,43.276813,147.3 -2.506293,43.276797,147.3 -2.506337,43.276787,148.0 -2.506357,43.276771,148.1 -2.506400,43.276752,148.4 -2.506423,43.276746,148.7 -2.506445,43.276736,148.8 -2.506483,43.276733,149.5 -2.506518,43.276723,149.9 -2.506550,43.276717,150.4 -2.506592,43.276714,151.2 -2.506628,43.276704,151.5 -2.506665,43.276698,152.1 -2.506702,43.276688,152.4 -2.506733,43.276675,152.2 -2.506773,43.276666,152.6 -2.506808,43.276650,152.4 -2.506847,43.276646,152.9 -2.506882,43.276643,153.2 -2.506917,43.276643,153.7 -2.506952,43.276637,153.9 -2.506975,43.276643,154.6 -2.507008,43.276643,155.0 -2.507043,43.276650,155.8 -2.507072,43.276656,156.4 -2.507107,43.276653,156.9 -2.507140,43.276666,157.8 -2.507172,43.276678,158.6 -2.507195,43.276691,159.2 -2.507227,43.276707,159.8 -2.507257,43.276723,160.7 -2.507272,43.276742,161.2 -2.507297,43.276755,161.8 -2.507318,43.276771,162.4 -2.507332,43.276797,163.0 -2.507347,43.276822,163.5 -2.507375,43.276842,164.2 -2.507400,43.276864,164.9 -2.507408,43.276886,165.2 -2.507413,43.276906,165.6 -2.507413,43.276931,166.0 -2.507408,43.276963,166.1 -2.507408,43.276992,166.4 -2.507405,43.277024,166.6 -2.507425,43.277053,166.9 -2.507432,43.277072,167.0 -2.507442,43.277107,167.3 -2.507447,43.277126,167.3 -2.507462,43.277158,167.6 -2.507472,43.277187,167.8 -2.507480,43.277206,167.9 -2.507507,43.277232,168.4 -2.507520,43.277264,168.9 -2.507538,43.277302,169.7 -2.507560,43.277328,170.3 -2.507573,43.277347,170.6 -2.507587,43.277366,171.0 -2.507603,43.277392,171.4 -2.507610,43.277411,171.7 -2.507622,43.277446,172.0 -2.507632,43.277478,172.3 -2.507652,43.277507,172.8 -2.507678,43.277539,173.7 -2.507697,43.277552,174.0 -2.507718,43.277565,174.4 -2.507740,43.277578,174.6 -2.507785,43.277587,174.7 -2.507830,43.277590,174.9 -2.507872,43.277606,175.3 -2.507895,43.277616,175.4 -2.507945,43.277616,175.5 -2.507970,43.277619,175.6 -2.507995,43.277619,175.7 -2.508037,43.277619,175.8 -2.508072,43.277626,176.1 -2.508113,43.277638,176.8 -2.508152,43.277658,177.4 -2.508192,43.277664,178.0 -2.508238,43.277670,178.7 -2.508262,43.277677,179.1 -2.508305,43.277677,179.5 -2.508352,43.277670,180.1 -2.508397,43.277667,180.7 -2.508425,43.277664,181.0 -2.508448,43.277670,181.4 -2.508468,43.277683,181.9 -2.508507,43.277699,182.4 -2.508543,43.277709,183.0 -2.508577,43.277709,183.4 -2.508608,43.277725,183.8 -2.508627,43.277738,184.2 -2.508653,43.277750,184.6 -2.508690,43.277763,185.2 -2.508718,43.277776,185.6 -2.508748,43.277789,186.4 -2.508777,43.277808,187.5 -2.508783,43.277834,188.6 -2.508778,43.277856,189.4 -2.508743,43.277859,189.1 -2.508715,43.277859,188.7 -2.508678,43.277862,188.3 -2.508660,43.277878,188.7 -2.508640,43.277894,189.0 -2.508617,43.277907,189.3 -2.508593,43.277926,189.7 -2.508567,43.277946,190.3 -2.508543,43.277962,190.7 -2.508523,43.277984,191.4 -2.508498,43.278000,191.9 -2.508482,43.278022,192.7 -2.508473,43.278042,193.4 -2.508468,43.278064,194.4 -2.508485,43.278083,195.6 -2.508505,43.278096,196.5 -2.508538,43.278112,197.5 -2.508570,43.278118,197.9 -2.508605,43.278128,198.7 -2.508648,43.278125,199.0 -2.508688,43.278125,199.4 -2.508727,43.278125,199.8 -2.508763,43.278134,200.6 -2.508800,43.278144,201.5 -2.508838,43.278157,202.6 -2.508877,43.278173,203.9 -2.508912,43.278176,204.2 -2.508953,43.278186,205.1 -2.508975,43.278195,205.7 -2.509008,43.278198,206.0 -2.509037,43.278211,206.8 -2.509072,43.278218,207.5 -2.509102,43.278227,208.0 -2.509127,43.278253,209.3 -2.509155,43.278266,210.0 -2.509188,43.278278,210.8 -2.509220,43.278278,210.8 -2.509250,43.278278,211.1 -2.509293,43.278291,211.8 -2.509328,43.278304,212.4 -2.509362,43.278314,212.9 -2.509392,43.278333,213.8 -2.509417,43.278342,214.4 -2.509440,43.278358,215.4 -2.509480,43.278358,215.6 -2.509520,43.278346,215.2 -2.509567,43.278346,215.6 -2.509602,43.278355,216.3 -2.509628,43.278355,216.6 -2.509653,43.278355,216.7 -2.509693,43.278371,217.9 -2.509727,43.278378,218.5 -2.509760,43.278384,219.1 -2.509790,43.278390,219.8 -2.509822,43.278384,219.7 -2.509845,43.278390,220.4 -2.509880,43.278394,221.0 -2.509910,43.278397,221.3 -2.509945,43.278397,221.7 -2.509972,43.278394,221.9 -2.510002,43.278394,222.2 -2.510023,43.278403,223.0 -2.510042,43.278416,224.0 -2.510063,43.278432,225.1 -2.510075,43.278454,226.4 -2.510073,43.278477,227.4 -2.510073,43.278496,228.4 -2.510048,43.278502,228.3 -2.510002,43.278499,227.4 -2.509953,43.278490,226.5 -2.509928,43.278477,225.6 -2.509895,43.278464,224.7 -2.509843,43.278464,224.2 -2.509815,43.278461,223.7 -2.509788,43.278461,223.6 -2.509758,43.278461,223.3 -2.509723,43.278458,222.8 -2.509692,43.278458,222.5 -2.509667,43.278454,222.2 -2.509618,43.278454,221.9 -2.509590,43.278461,222.0 -2.509563,43.278464,221.9 -2.509537,43.278470,222.0 -2.509507,43.278477,222.2 -2.509478,43.278483,222.3 -2.509457,43.278496,223.0 -2.509433,43.278502,223.0 -2.509388,43.278512,223.2 -2.509363,43.278515,223.1 -2.509340,43.278522,223.3 -2.509315,43.278531,223.5 -2.509272,43.278544,223.9 -2.509245,43.278573,225.0 -2.509220,43.278595,225.8 -2.509200,43.278618,226.8 -2.509168,43.278630,227.2 -2.509152,43.278653,228.5 -2.509137,43.278672,229.8 -2.509117,43.278688,230.7 -2.509093,43.278710,232.0 -2.509068,43.278730,233.0 -2.509037,43.278742,233.7 -2.509013,43.278755,234.3 -2.508985,43.278762,234.6 -2.508960,43.278778,235.3 -2.508932,43.278790,235.9 -2.508907,43.278800,236.3 -2.508880,43.278816,237.2 -2.508858,43.278832,238.0 -2.508837,43.278848,238.9 -2.508810,43.278854,239.2 -2.508792,43.278870,240.1 -2.508768,43.278886,240.9 -2.508750,43.278899,241.7 -2.508717,43.278899,241.7 -2.508685,43.278899,241.6 -2.508662,43.278912,242.5 -2.508627,43.278928,243.4 -2.508593,43.278938,244.0 -2.508572,43.278954,245.1 -2.508550,43.278973,246.2 -2.508520,43.278986,246.9 -2.508488,43.278976,246.4 -2.508467,43.278986,247.0 -2.508440,43.278989,247.2 -2.508412,43.279008,248.4 -2.508390,43.279018,249.0 -2.508363,43.279014,248.8 -2.508338,43.279027,249.6 -2.508308,43.279040,250.2 -2.508285,43.279056,251.2 -2.508260,43.279066,251.8 -2.508233,43.279072,252.2 -2.508187,43.279091,253.5 -2.508160,43.279094,253.7 -2.508138,43.279107,254.4 -2.508113,43.279117,255.1 -2.508097,43.279133,256.0 -2.508070,43.279139,256.4 -2.508048,43.279152,257.2 -2.508020,43.279158,257.4 -2.507990,43.279171,258.0 -2.507967,43.279187,258.7 -2.507935,43.279197,259.1 -2.507907,43.279206,259.4 -2.507875,43.279229,260.4 -2.507843,43.279238,260.8 -2.507798,43.279245,260.9 -2.507770,43.279258,261.2 -2.507747,43.279267,261.4 -2.507722,43.279286,262.1 -2.507703,43.279309,263.0 -2.507678,43.279331,263.6 -2.507670,43.279350,264.4 -2.507667,43.279379,265.7 -2.507680,43.279398,266.8 -2.507727,43.279414,268.1 -2.507758,43.279427,269.1 -2.507800,43.279437,270.0 -2.507830,43.279434,270.1 -2.507860,43.279434,270.5 -2.507895,43.279434,270.7 -2.507928,43.279430,271.0 -2.507967,43.279427,271.1 -2.507993,43.279424,271.3 -2.508015,43.279414,270.9 -2.508042,43.279411,271.1 -2.508072,43.279408,271.2 -2.508105,43.279398,271.0 -2.508142,43.279395,271.1 -2.508177,43.279392,271.3 -2.508207,43.279392,271.6 -2.508238,43.279379,271.1 -2.508275,43.279373,270.9 -2.508308,43.279373,271.3 -2.508350,43.279366,271.0 -2.508392,43.279366,270.8 -2.508417,43.279363,270.5 -2.508448,43.279363,270.4 -2.508488,43.279370,270.8 -2.508513,43.279373,270.9 -2.508540,43.279373,270.8 -2.508572,43.279376,270.9 -2.508602,43.279386,271.4 -2.508628,43.279395,271.9 -2.508680,43.279395,271.8 -2.508715,43.279398,271.8 -2.508742,43.279405,272.2 -2.508780,43.279414,272.7 -2.508805,43.279427,273.3 -2.508830,43.279427,273.2 -2.508875,43.279427,273.0 -2.508927,43.279427,273.0 -2.508957,43.279430,273.3 -2.508993,43.279437,273.6 -2.509027,43.279453,274.6 -2.509072,43.279472,275.9 -2.509112,43.279488,276.9 -2.509165,43.279494,277.4 -2.509223,43.279510,279.2 -2.509260,43.279517,280.1 -2.509303,43.279523,281.1 -2.509353,43.279533,282.3 -2.509395,43.279533,282.9 -2.509422,43.279523,282.6 -2.509442,43.279536,283.7 -2.509487,43.279555,285.2 -2.509520,43.279565,286.1 -2.509547,43.279578,287.2 -2.509578,43.279590,288.1 -2.509603,43.279597,288.7 -2.509597,43.279552,286.0 -2.509633,43.279546,286.0 -2.509672,43.279523,285.0 -2.509708,43.279514,284.9 -2.509738,43.279507,285.0 -2.509758,43.279491,284.4 -2.509797,43.279494,285.2 -2.509840,43.279498,286.2 -2.509867,43.279507,287.2 -2.509892,43.279507,287.6 -2.509917,43.279507,288.0 -2.509953,43.279494,288.0 -2.509977,43.279472,287.2 -2.509993,43.279446,286.1 -2.510022,43.279434,285.8 -2.510072,43.279430,286.4 -2.510102,43.279427,286.9 -2.510133,43.279427,287.3 -2.510173,43.279427,288.0 -2.510218,43.279434,289.4 -2.510267,43.279443,290.8 -2.510308,43.279450,291.9 -2.510340,43.279450,292.5 -2.510370,43.279443,292.7 -2.510402,43.279418,291.6 -2.510430,43.279418,292.1 -2.510467,43.279427,293.3 -2.510505,43.279427,294.0 -2.510542,43.279418,294.1 -2.510575,43.279405,293.8 -2.510605,43.279392,293.4 -2.510632,43.279408,294.8 -2.510662,43.279392,294.1 -2.510672,43.279373,293.0 -2.510685,43.279354,292.0 -2.510712,43.279331,290.8 -2.510757,43.279325,290.9 -2.510798,43.279325,291.4 -2.510825,43.279331,292.1 -2.510857,43.279347,293.4 -2.510887,43.279350,293.8 -2.510918,43.279354,294.2 -2.510938,43.279366,295.0 -2.510997,43.279376,295.8 -2.511030,43.279373,295.7 -2.511057,43.279370,295.6 -2.511085,43.279370,295.7 -2.511137,43.279370,295.7 -2.511163,43.279366,295.6 -2.511188,43.279366,295.5 -2.511235,43.279373,295.9 -2.511278,43.279376,296.0 -2.511302,43.279389,296.8 -2.511327,43.279392,296.9 -2.511360,43.279395,297.0 -2.511392,43.279392,296.8 -2.511420,43.279392,296.8 -2.511450,43.279395,297.0 -2.511487,43.279398,297.1 -2.511512,43.279405,297.3 -2.511545,43.279398,297.0 -2.511573,43.279395,297.0 -2.511598,43.279392,296.8 -2.511642,43.279408,297.2 -2.511653,43.279427,297.7 -2.511635,43.279446,298.2 -2.511610,43.279446,298.4 -2.511585,43.279453,298.8 -2.511547,43.279469,299.6 -2.511518,43.279485,300.3 -2.511485,43.279507,301.2 -2.511460,43.279517,301.6 -2.511433,43.279517,301.7 -2.511393,43.279523,301.8 -2.511377,43.279546,302.7 -2.511352,43.279536,302.5 -2.511368,43.279562,303.3 -2.511365,43.279590,304.5 -2.511348,43.279610,305.3 -2.511318,43.279626,306.0 -2.511302,43.279648,307.0 -2.511260,43.279654,307.4 -2.511238,43.279667,308.1 -2.511212,43.279670,308.3 -2.511175,43.279686,309.1 -2.511145,43.279696,309.8 -2.511115,43.279715,310.7 -2.511087,43.279731,311.4 -2.511065,43.279747,312.0 -2.511037,43.279770,312.8 -2.511015,43.279795,313.6 -2.511008,43.279821,314.5 -2.511012,43.279840,314.9 -2.511012,43.279875,315.9 -2.511003,43.279901,316.6 -2.510995,43.279930,317.4 -2.510988,43.279952,318.0 -2.510995,43.279971,318.5 -2.511017,43.279994,318.9 -2.511060,43.280019,319.4 -2.511087,43.280032,319.8 -2.511130,43.280051,320.5 -2.511158,43.280064,321.4 -2.511190,43.280074,322.1 -2.511218,43.280090,322.9 -2.511242,43.280106,323.8 -2.511272,43.280122,324.6 -2.511297,43.280128,325.1 -2.511343,43.280138,325.7 -2.511385,43.280128,325.6 -2.511428,43.280122,325.6 -2.511470,43.280118,325.8 -2.511495,43.280112,325.9 -2.511520,43.280118,326.2 -2.511545,43.280112,326.2 -2.511572,43.280086,325.6 -2.511598,43.280074,325.5 -2.511647,43.280061,325.6 -2.511675,43.280045,325.4 -2.511723,43.280048,325.4 -2.511768,43.280054,325.5 -2.511787,43.280074,326.1 -2.511757,43.280070,325.9 -2.511720,43.280067,325.9 -2.511702,43.280086,326.4 -2.511683,43.280099,326.8 -2.511663,43.280122,327.6 -2.511650,43.280138,327.9 -2.511637,43.280154,328.2 -2.511628,43.280179,329.1 -2.511613,43.280202,329.6 -2.511605,43.280221,330.2 -2.511612,43.280246,331.0 -2.511635,43.280262,331.5 -2.511658,43.280285,332.2 -2.511678,43.280301,332.7 -2.511703,43.280317,333.1 -2.511722,43.280336,333.7 -2.511743,43.280352,334.1 -2.511768,43.280368,334.4 -2.511788,43.280381,334.8 -2.511803,43.280400,335.3 -2.511842,43.280419,335.6 -2.511872,43.280442,336.1 -2.511905,43.280458,336.5 -2.511927,43.280480,336.9 -2.511948,43.280490,337.1 -2.511968,43.280502,337.1 -2.512000,43.280506,336.8 -2.512027,43.280515,336.8 -2.512067,43.280563,337.5 -2.512090,43.280595,337.8 -2.512110,43.280608,337.7 -2.512135,43.280618,337.4 -2.512155,43.280634,337.3 -2.512183,43.280646,337.1 -2.512205,43.280678,337.1 -2.512208,43.280701,337.5 -2.512205,43.280723,337.8 -2.512203,43.280749,338.2 -2.512203,43.280774,338.6 -2.512197,43.280800,339.1 -2.512208,43.280822,339.3 -2.512222,43.280845,339.3 -2.512237,43.280874,339.6 -2.512257,43.280899,339.7 -2.512257,43.280934,340.5 -2.512255,43.280957,341.1 -2.512272,43.280982,341.3 -2.512285,43.281002,341.6 -2.512297,43.281024,341.9 -2.512313,43.281053,342.3 -2.512305,43.281075,343.1 -2.512303,43.281094,343.5 -2.512312,43.281114,343.8 -2.512337,43.281142,344.3 -2.512343,43.281165,345.1 -2.512338,43.281194,346.0 -2.512315,43.281210,346.7 -2.512303,43.281238,347.7 -2.512275,43.281254,348.2 -2.512242,43.281261,348.7 -2.512217,43.281264,349.0 -2.512193,43.281283,350.2 -2.512177,43.281302,351.1 -2.512172,43.281331,352.1 -2.512158,43.281357,353.1 -2.512143,43.281376,354.0 -2.512120,43.281395,355.1 -2.512112,43.281418,355.8 -2.512107,43.281437,356.4 -2.512100,43.281459,357.2 -2.512093,43.281478,357.7 -2.512090,43.281504,358.4 -2.512083,43.281523,358.9 -2.512093,43.281552,359.3 -2.512110,43.281578,359.5 -2.512120,43.281603,359.8 -2.512132,43.281622,359.9 -2.512148,43.281642,360.0 -2.512188,43.281651,359.5 -2.512228,43.281651,358.8 -2.512268,43.281648,359.1 -2.512308,43.281658,359.8 -2.512333,43.281648,359.7 -2.512365,43.281632,359.5 -2.512412,43.281622,359.6 -2.512435,43.281629,360.0 -2.512465,43.281632,360.5 -2.512510,43.281629,360.9 -2.512552,43.281616,361.1 -2.512585,43.281613,361.4 -2.512612,43.281610,361.7 -2.512638,43.281610,362.2 -2.512660,43.281619,362.9 -2.512683,43.281629,363.8 -2.512657,43.281642,363.8 -2.512625,43.281654,363.7 -2.512580,43.281661,363.2 -2.512555,43.281670,363.1 -2.512518,43.281690,363.2 -2.512493,43.281715,363.9 -2.512458,43.281738,364.4 -2.512430,43.281754,364.9 -2.512402,43.281776,365.4 -2.512390,43.281792,366.1 -2.512357,43.281814,366.7 -2.512327,43.281837,367.3 -2.512308,43.281850,367.7 -2.512275,43.281869,368.3 -2.512240,43.281885,368.6 -2.512203,43.281907,369.6 -2.512168,43.281926,370.8 -2.512148,43.281952,372.0 -2.512127,43.281974,372.4 -2.512118,43.281994,372.6 -2.512117,43.282013,372.8 -2.512120,43.282035,373.0 -2.512127,43.282070,373.2 -2.512135,43.282090,373.3 -2.512160,43.282109,373.3 -2.512203,43.282134,373.2 -2.512237,43.282163,373.6 -2.512257,43.282186,374.2 -2.512270,43.282208,374.8 -2.512295,43.282237,375.3 -2.512305,43.282266,375.5 -2.512307,43.282285,375.4 -2.512307,43.282307,375.4 -2.512298,43.282346,375.2 -2.512302,43.282368,375.1 -2.512298,43.282387,375.1 -2.512297,43.282406,375.0 -2.512295,43.282426,374.8 -2.512287,43.282461,374.4 -2.512288,43.282483,374.4 -2.512292,43.282512,374.7 -2.512297,43.282531,375.2 -2.512303,43.282566,376.1 -2.512293,43.282589,376.1 -2.512287,43.282614,376.5 -2.512280,43.282634,376.6 -2.512280,43.282669,377.2 -2.512278,43.282691,377.4 -2.512275,43.282726,378.1 -2.512283,43.282762,379.0 -2.512280,43.282790,379.5 -2.512277,43.282810,380.0 -2.512273,43.282845,381.0 -2.512272,43.282864,381.6 -2.512272,43.282886,382.4 -2.512270,43.282922,383.6 -2.512267,43.282941,384.0 -2.512258,43.282960,384.4 -2.512212,43.282982,384.4 -2.512187,43.282989,384.5 -2.512162,43.283002,385.0 -2.512138,43.283011,385.1 -2.512100,43.283021,385.4 -2.512062,43.283027,385.5 -2.512017,43.283046,385.9 -2.511978,43.283059,386.2 -2.511948,43.283062,386.3 -2.511910,43.283059,386.3 -2.511867,43.283066,386.8 -2.511822,43.283072,387.2 -2.511778,43.283069,387.4 -2.511730,43.283078,387.8 -2.511703,43.283082,388.0 -2.511653,43.283085,388.2 -2.511628,43.283085,388.3 -2.511607,43.283098,388.3 -2.511587,43.283126,388.2 -2.511612,43.283162,388.1 -2.511632,43.283178,388.3 -2.511670,43.283200,388.6 -2.511692,43.283210,388.8 -2.511723,43.283226,389.2 -2.511753,43.283245,389.6 -2.511785,43.283264,390.2 -2.511820,43.283280,390.8 -2.511862,43.283299,391.8 -2.511887,43.283315,392.5 -2.511910,43.283328,393.2 -2.511932,43.283344,394.0 -2.511948,43.283360,394.3 -2.511972,43.283370,394.7 -2.511998,43.283382,395.0 -2.512025,43.283398,395.3 -2.512048,43.283405,395.7 -2.512078,43.283421,396.3 -2.512105,43.283427,396.6 -2.512142,43.283437,397.2 -2.512182,43.283443,397.7 -2.512207,43.283440,397.9 -2.512238,43.283437,398.2 -2.512262,43.283427,398.3 -2.512285,43.283421,398.5 -2.512332,43.283408,398.8 -2.512355,43.283402,399.0 -2.512375,43.283386,398.7 -2.512397,43.283363,398.5 -2.512418,43.283347,398.3 -2.512438,43.283325,397.9 -2.512468,43.283299,397.8 -2.512493,43.283290,397.8 -2.512540,43.283280,398.3 -2.512562,43.283270,398.4 -2.512587,43.283258,398.7 -2.512620,43.283245,399.0 -2.512657,43.283235,399.4 -2.512697,43.283235,400.2 -2.512735,43.283226,400.7 -2.512765,43.283216,401.2 -2.512788,43.283203,401.4 -2.512800,43.283187,401.4 -2.512812,43.283168,401.4 -2.512823,43.283152,401.4 -2.512847,43.283142,401.8 -2.512878,43.283142,402.4 -2.512915,43.283139,403.2 -2.512952,43.283149,404.2 -2.512985,43.283152,404.8 -2.513010,43.283149,405.4 -2.513055,43.283162,406.5 -2.513078,43.283178,406.7 -2.513113,43.283187,407.0 -2.513147,43.283200,407.3 -2.513172,43.283210,407.4 -2.513200,43.283222,407.5 -2.513225,43.283235,407.7 -2.513255,43.283261,407.8 -2.513273,43.283286,408.0 -2.513297,43.283322,408.0 -2.513310,43.283344,408.1 -2.513315,43.283376,408.7 -2.513320,43.283405,409.1 -2.513335,43.283427,409.4 -2.513353,43.283456,409.8 -2.513385,43.283482,410.4 -2.513402,43.283498,410.7 -2.513430,43.283530,411.0 -2.513460,43.283549,411.3 -2.513483,43.283562,411.5 -2.513508,43.283568,411.6 -2.513525,43.283594,411.9 -2.513535,43.283626,412.0 -2.513548,43.283654,411.9 -2.513578,43.283680,411.8 -2.513593,43.283696,411.7 -2.513633,43.283696,412.0 -2.513678,43.283680,412.5 -2.513702,43.283674,412.7 -2.513720,43.283661,412.9 -2.513723,43.283680,412.8 -2.513737,43.283696,412.8 -2.513757,43.283680,413.2 -2.513778,43.283654,413.5 -2.513807,43.283638,414.0 -2.513828,43.283619,414.4 -2.513853,43.283619,414.6 -2.513880,43.283626,414.8 -2.513913,43.283638,415.4 -2.513950,43.283638,416.2 -2.513972,43.283619,417.1 -2.513997,43.283613,417.7 -2.514025,43.283606,418.5 -2.514045,43.283587,419.2 -2.514065,43.283558,420.0 -2.514088,43.283530,420.9 -2.514122,43.283530,421.8 -2.514142,43.283514,422.4 -2.514167,43.283507,423.1 -2.514197,43.283494,424.1 -2.514225,43.283494,424.8 -2.514257,43.283485,425.7 -2.514292,43.283498,426.6 -2.514322,43.283498,427.2 -2.514357,43.283507,428.1 -2.514382,43.283507,428.7 -2.514412,43.283507,429.5 -2.514438,43.283504,430.3 -2.514463,43.283494,430.9 -2.514480,43.283478,431.3 -2.514500,43.283466,431.8 -2.514512,43.283482,432.2 -2.514518,43.283501,432.3 -2.514550,43.283514,433.2 -2.514585,43.283507,434.2 -2.514590,43.283530,434.5 -2.514617,43.283536,435.3 -2.514603,43.283555,435.1 -2.514623,43.283578,436.0 -2.514640,43.283600,436.9 -2.514665,43.283600,437.8 -2.514718,43.283603,439.8 -2.514740,43.283613,440.0 -2.514758,43.283629,439.7 -2.514747,43.283645,439.7 -2.514757,43.283664,439.5 -2.514742,43.283645,439.6 -2.514770,43.283629,439.6 -2.514797,43.283616,439.4 -2.514820,43.283603,439.1 -2.514830,43.283626,439.3 -2.514853,43.283638,439.0 -2.514882,43.283645,438.7 -2.514913,43.283645,438.7 -2.514920,43.283664,438.6 -2.514907,43.283686,438.6 -2.514905,43.283706,438.5 -2.514898,43.283728,438.5 -2.514875,43.283744,438.6 -2.514848,43.283725,438.6 -2.514820,43.283722,438.8 -2.514845,43.283734,438.6 -2.514850,43.283760,438.5 -2.514850,43.283786,438.5 -2.514843,43.283805,438.3 -2.514835,43.283824,438.4 -2.514825,43.283862,438.1 -2.514823,43.283885,438.1 -2.514827,43.283914,437.5 -2.514825,43.283933,436.9 -2.514817,43.283955,436.4 -2.514802,43.283971,436.0 -2.514787,43.283990,435.5 -2.514768,43.284010,435.0 -2.514742,43.284013,435.0 -2.514707,43.284010,434.3 -2.514687,43.283990,434.1 -2.514665,43.283974,433.5 -2.514633,43.283974,432.3 -2.514608,43.283971,431.2 -2.514582,43.283952,430.6 -2.514553,43.283942,429.7 -2.514525,43.283936,428.5 -2.514493,43.283917,427.6 -2.514470,43.283901,426.9 -2.514442,43.283878,426.1 -2.514415,43.283866,425.6 -2.514390,43.283853,425.0 -2.514360,43.283827,424.6 -2.514327,43.283821,423.7 -2.514288,43.283818,422.5 -2.514263,43.283811,422.0 -2.514240,43.283798,421.4 -2.514205,43.283776,420.7 -2.514158,43.283773,419.5 -2.514130,43.283773,418.9 -2.514092,43.283763,418.1 -2.514067,43.283773,417.4 -2.514048,43.283760,417.1 -2.514017,43.283744,416.6 -2.513965,43.283744,415.4 -2.513938,43.283760,414.6 -2.513910,43.283773,413.7 -2.513872,43.283776,413.1 -2.513828,43.283757,413.1 -2.513797,43.283728,413.0 -2.513782,43.283693,413.2 -2.513772,43.283667,413.4 -2.513753,43.283648,413.3 -2.513728,43.283638,413.1 -2.513680,43.283622,412.8 -2.513655,43.283606,412.5 -2.513622,43.283584,412.0 -2.513598,43.283562,411.7 -2.513577,43.283530,411.3 -2.513553,43.283504,411.2 -2.513532,43.283482,410.9 -2.513512,43.283462,410.5 -2.513485,43.283440,410.3 -2.513463,43.283418,410.0 -2.513443,43.283376,409.3 -2.513432,43.283347,408.9 -2.513413,43.283322,408.6 -2.513393,43.283299,408.5 -2.513370,43.283280,408.4 -2.513352,43.283264,408.5 -2.513318,43.283242,408.2 -2.513287,43.283216,408.2 -2.513257,43.283190,408.1 -2.513232,43.283171,407.9 -2.513203,43.283158,407.6 -2.513170,43.283136,407.3 -2.513145,43.283110,407.0 -2.513117,43.283091,406.7 -2.513085,43.283085,406.5 -2.513048,43.283085,405.9 -2.513003,43.283091,404.9 -2.512970,43.283104,404.2 -2.512923,43.283123,403.2 -2.512875,43.283146,402.5 -2.512833,43.283158,401.7 -2.512782,43.283168,400.7 -2.512742,43.283187,400.2 -2.512702,43.283197,399.6 -2.512648,43.283216,398.9 -2.512605,43.283222,398.2 -2.512563,43.283235,397.8 -2.512527,43.283245,397.4 -2.512480,43.283264,397.0 -2.512443,43.283270,396.5 -2.512408,43.283286,396.5 -2.512385,43.283302,396.5 -2.512358,43.283322,396.6 -2.512330,43.283341,396.9 -2.512300,43.283357,396.9 -2.512273,43.283366,396.8 -2.512243,43.283370,396.4 -2.512210,43.283366,395.9 -2.512183,43.283360,395.6 -2.512152,43.283347,395.2 -2.512115,43.283334,394.7 -2.512087,43.283318,394.2 -2.512053,43.283296,393.4 -2.512005,43.283261,392.2 -2.511975,43.283242,391.5 -2.511942,43.283226,391.0 -2.511903,43.283210,390.2 -2.511868,43.283203,389.8 -2.511813,43.283190,389.2 -2.511772,43.283184,388.9 -2.511743,43.283178,388.7 -2.511698,43.283162,388.6 -2.511667,43.283146,388.4 -2.511630,43.283126,388.3 -2.511602,43.283110,388.4 -2.511568,43.283091,388.5 -2.511528,43.283069,388.9 -2.511492,43.283053,389.3 -2.511457,43.283043,389.4 -2.511388,43.283027,390.0 -2.511347,43.283002,390.0 -2.511325,43.282982,390.1 -2.511308,43.282963,390.3 -2.511292,43.282938,390.3 -2.511273,43.282918,390.4 -2.511247,43.282909,390.6 -2.511213,43.282902,390.9 -2.511180,43.282899,391.0 -2.511148,43.282893,391.4 -2.511115,43.282890,391.7 -2.511077,43.282883,391.8 -2.511047,43.282880,391.7 -2.511015,43.282874,391.8 -2.510988,43.282867,391.8 -2.510962,43.282861,391.9 -2.510940,43.282851,392.0 -2.510905,43.282829,392.1 -2.510882,43.282819,392.1 -2.510857,43.282822,392.0 -2.510828,43.282826,392.1 -2.510793,43.282832,392.6 -2.510765,43.282842,393.0 -2.510720,43.282842,393.5 -2.510682,43.282838,394.0 -2.510642,43.282826,394.7 -2.510613,43.282810,395.4 -2.510597,43.282794,396.1 -2.510568,43.282768,396.9 -2.510537,43.282758,397.7 -2.510507,43.282752,398.4 -2.510480,43.282749,399.0 -2.510447,43.282746,399.5 -2.510423,43.282752,400.0 -2.510400,43.282758,400.2 -2.510375,43.282758,400.8 -2.510340,43.282758,401.3 -2.510313,43.282768,401.6 -2.510292,43.282784,401.5 -2.510272,43.282800,401.3 -2.510232,43.282800,402.1 -2.510205,43.282790,402.9 -2.510180,43.282784,403.7 -2.510155,43.282784,404.1 -2.510112,43.282774,405.2 -2.510082,43.282765,405.9 -2.510050,43.282758,406.8 -2.510025,43.282758,407.1 -2.509998,43.282746,408.0 -2.509970,43.282746,408.5 -2.509973,43.282723,409.1 -2.509965,43.282704,409.8 -2.509965,43.282685,410.4 -2.509967,43.282666,410.9 -2.509955,43.282650,411.7 -2.509933,43.282640,412.3 -2.509922,43.282624,413.1 -2.509903,43.282602,414.1 -2.509880,43.282589,414.9 -2.509853,43.282586,415.6 -2.509823,43.282586,416.2 -2.509798,43.282582,416.8 -2.509762,43.282586,417.4 -2.509740,43.282576,418.3 -2.509713,43.282566,419.0 -2.509692,43.282550,419.7 -2.509665,43.282547,420.2 -2.509640,43.282541,420.5 -2.509620,43.282528,421.3 -2.509600,43.282509,422.1 -2.509565,43.282490,423.0 -2.509538,43.282477,423.4 -2.509507,43.282464,423.9 -2.509485,43.282442,424.4 -2.509462,43.282426,424.9 -2.509442,43.282410,425.4 -2.509422,43.282390,425.3 -2.509405,43.282374,425.1 -2.509420,43.282355,425.6 -2.509452,43.282349,426.2 -2.509472,43.282333,426.2 -2.509485,43.282317,426.4 -2.509455,43.282333,426.3 -2.509425,43.282342,425.9 -2.509380,43.282352,424.9 -2.509342,43.282371,424.1 -2.509320,43.282384,423.7 -2.509283,43.282406,423.1 -2.509272,43.282426,422.8 -2.509267,43.282451,422.8 -2.509255,43.282467,422.6 -2.509272,43.282451,422.9 -2.509308,43.282448,423.3 -2.509345,43.282461,423.6 -2.509375,43.282467,423.8 -2.509405,43.282474,424.1 -2.509443,43.282493,424.2 -2.509463,43.282509,423.5 -2.509500,43.282522,422.6 -2.509540,43.282525,422.1 -2.509567,43.282531,421.7 -2.509607,43.282541,420.9 -2.509635,43.282544,420.6 -2.509665,43.282550,420.1 -2.509690,43.282550,419.8 -2.509725,43.282554,419.2 -2.509737,43.282576,418.3 -2.509757,43.282592,417.3 -2.509778,43.282608,416.4 -2.509807,43.282627,415.2 -2.509827,43.282643,414.3 -2.509830,43.282666,413.5 -2.509832,43.282685,413.0 -2.509832,43.282707,412.3 -2.509840,43.282726,411.5 -2.509847,43.282746,410.8 -2.509863,43.282768,409.8 -2.509898,43.282784,408.8 -2.509922,43.282794,408.0 -2.509940,43.282806,407.4 -2.509967,43.282819,406.5 -2.509990,43.282826,406.0 -2.510018,43.282845,404.9 -2.510043,43.282861,404.1 -2.510077,43.282886,402.6 -2.510112,43.282909,401.2 -2.510130,43.282922,400.4 -2.510170,43.282947,398.6 -2.510202,43.282960,397.3 -2.510233,43.282963,396.6 -2.510267,43.282963,395.7 -2.510303,43.282963,395.1 -2.510338,43.282954,395.2 -2.510367,43.282947,395.1 -2.510395,43.282944,394.9 -2.510427,43.282950,394.5 -2.510460,43.282960,394.0 -2.510495,43.282966,393.4 -2.510527,43.282973,393.1 -2.510552,43.282982,392.7 -2.510593,43.282989,392.5 -2.510623,43.282989,392.4 -2.510637,43.282973,392.6 -2.510608,43.282986,392.4 -2.510618,43.283008,392.0 -2.510628,43.283037,391.6 -2.510635,43.283062,390.9 -2.510605,43.283072,390.2 -2.510563,43.283069,390.3 -2.510543,43.283091,388.9 -2.510543,43.283117,387.4 -2.510567,43.283130,386.6 -2.510595,43.283142,386.0 -2.510612,43.283162,384.8 -2.510615,43.283181,383.6 -2.510597,43.283200,382.4 -2.510605,43.283219,381.3 -2.510620,43.283235,380.2 -2.510638,43.283251,379.3 -2.510603,43.283258,378.9 -2.510578,43.283258,378.8 -2.510553,43.283277,377.5 -2.510528,43.283299,376.0 -2.510530,43.283318,374.9 -2.510537,43.283338,373.9 -2.510543,43.283357,373.5 -2.510552,43.283379,373.2 -2.510562,43.283402,372.8 -2.510557,43.283421,372.5 -2.510543,43.283443,371.9 -2.510525,43.283456,371.4 -2.510480,43.283462,370.9 -2.510453,43.283469,370.4 -2.510420,43.283469,370.0 -2.510388,43.283482,369.2 -2.510365,43.283501,368.3 -2.510325,43.283523,366.9 -2.510292,43.283536,365.9 -2.510267,43.283546,365.3 -2.510248,43.283562,364.6 -2.510223,43.283568,364.3 -2.510210,43.283584,363.5 -2.510175,43.283600,362.4 -2.510163,43.283616,361.9 -2.510142,43.283642,362.1 -2.510135,43.283661,362.3 -2.510093,43.283664,361.5 -2.510045,43.283654,360.7 -2.510008,43.283629,360.1 -2.509975,43.283619,360.7 -2.509945,43.283613,361.4 -2.509918,43.283603,362.7 -2.509887,43.283594,364.2 -2.509858,43.283578,366.3 -2.509823,43.283565,368.3 -2.509792,43.283578,368.1 -2.509758,43.283581,368.7 -2.509728,43.283597,368.2 -2.509707,43.283616,368.2 -2.509683,43.283648,369.7 -2.509675,43.283667,370.0 -2.509662,43.283693,370.3 -2.509685,43.283706,368.3 -2.509677,43.283725,368.6 -2.509657,43.283706,370.4 -2.509685,43.283712,368.1 -2.509723,43.283718,365.1 -2.509762,43.283706,364.6 -2.509795,43.283686,364.3 -2.509830,43.283667,363.8 -2.509860,43.283664,363.0 -2.509883,43.283680,362.4 -2.509830,43.283741,363.0 -2.509803,43.283766,363.0 -2.509732,43.283798,363.5 -2.509755,43.283837,362.6 -2.509758,43.283866,362.2 -2.509743,43.283894,362.0 -2.509745,43.283920,362.9 -2.509740,43.283946,363.9 -2.509715,43.283958,365.0 -2.509672,43.283955,367.4 -2.509655,43.283990,369.4 -2.509613,43.283990,371.7 -2.509613,43.283942,370.4 -2.509563,43.283920,373.0 -2.509437,43.283920,380.7 -2.509427,43.283894,381.0 -2.509422,43.283917,381.3 -2.510252,43.283498,367.2 -2.510283,43.283514,366.6 -2.510295,43.283536,366.0 -2.510287,43.283558,365.1 -2.510280,43.283587,364.0 -2.510273,43.283616,363.2 -2.510263,43.283648,363.8 -2.510252,43.283677,364.5 -2.510237,43.283706,364.9 -2.510223,43.283734,365.2 -2.510215,43.283760,365.6 -2.510218,43.283798,366.7 -2.510220,43.283824,367.2 -2.510212,43.283853,367.6 -2.510208,43.283872,368.0 -2.510142,43.283875,365.5 -2.510103,43.283878,364.1 -2.510077,43.283894,363.1 -2.510060,43.283917,362.6 -2.510047,43.283936,362.3 -2.510040,43.283958,362.2 -2.510033,43.283994,362.4 -2.510035,43.284013,362.7 -2.510022,43.284042,362.6 -2.510013,43.284061,362.7 -2.510017,43.284096,363.2 -2.510012,43.284115,363.4 -2.510008,43.284134,363.6 -2.510007,43.284157,364.0 -2.510003,43.284182,363.6 -2.509992,43.284211,363.2 -2.509980,43.284237,362.9 -2.509963,43.284259,362.8 -2.509935,43.284275,363.2 -2.509912,43.284291,363.5 -2.509890,43.284317,363.5 -2.509845,43.284330,364.3 -2.509803,43.284352,365.0 -2.509778,43.284362,365.6 -2.509760,43.284374,365.8 -2.509717,43.284381,366.8 -2.509690,43.284394,367.3 -2.509662,43.284429,367.2 -2.509635,43.284438,367.7 -2.509625,43.284461,367.5 -2.509608,43.284499,367.3 -2.509597,43.284522,367.2 -2.509585,43.284538,367.4 -2.509567,43.284560,367.4 -2.509552,43.284579,367.5 -2.509528,43.284595,368.0 -2.509500,43.284602,368.6 -2.509473,43.284611,369.3 -2.509453,43.284627,369.6 -2.509420,43.284650,369.8 -2.509402,43.284678,369.6 -2.509395,43.284698,369.5 -2.509393,43.284726,368.9 -2.509385,43.284752,368.7 -2.509377,43.284774,368.4 -2.509357,43.284794,368.5 -2.509333,43.284800,368.8 -2.509308,43.284819,368.9 -2.509287,43.284845,368.8 -2.509268,43.284867,368.9 -2.509247,43.284886,368.9 -2.509213,43.284899,369.2 -2.509172,43.284915,369.5 -2.509148,43.284928,369.1 -2.509122,43.284931,368.8 -2.509097,43.284938,368.3 -2.509070,43.284947,367.9 -2.509043,43.284950,367.4 -2.509010,43.284947,367.0 -2.508973,43.284947,366.6 -2.508927,43.284947,366.1 -2.508902,43.284938,366.0 -2.508877,43.284925,365.9 -2.508852,43.284906,365.7 -2.508827,43.284886,365.3 -2.508780,43.284877,364.2 -2.508733,43.284858,363.1 -2.508705,43.284845,362.5 -2.508672,43.284819,361.9 -2.508643,43.284797,361.5 -2.508623,43.284778,361.2 -2.508602,43.284758,361.1 -2.508577,43.284733,360.9 -2.508552,43.284720,360.4 -2.508523,43.284694,360.2 -2.508478,43.284678,359.3 -2.508455,43.284669,358.9 -2.508427,43.284666,358.2 -2.508393,43.284656,357.4 -2.508355,43.284646,356.6 -2.508317,43.284637,355.8 -2.508278,43.284630,354.7 -2.508237,43.284618,353.8 -2.508212,43.284630,352.8 -2.508185,43.284630,352.0 -2.508133,43.284614,350.8 -2.508112,43.284595,350.9 -2.508075,43.284566,350.7 -2.508045,43.284538,350.6 -2.508012,43.284515,350.3 -2.507977,43.284490,349.9 -2.507952,43.284474,349.4 -2.507930,43.284458,349.1 -2.507893,43.284442,348.2 -2.507872,43.284432,347.7 -2.507830,43.284416,346.7 -2.507800,43.284403,345.9 -2.507765,43.284390,345.1 -2.507723,43.284378,344.0 -2.507682,43.284362,343.3 -2.507653,43.284362,342.4 -2.507625,43.284358,341.7 -2.507590,43.284358,340.6 -2.507553,43.284355,339.5 -2.507527,43.284352,338.8 -2.507493,43.284352,337.9 -2.507462,43.284371,336.9 -2.507428,43.284397,335.8 -2.507422,43.284429,334.7 -2.507420,43.284461,333.9 -2.507423,43.284493,333.5 -2.507428,43.284515,333.2 -2.507435,43.284534,333.0 -2.507425,43.284557,332.7 -2.507425,43.284579,332.4 -2.507423,43.284611,331.9 -2.507423,43.284630,331.6 -2.507422,43.284650,331.2 -2.507417,43.284672,330.8 -2.507417,43.284694,330.5 -2.507418,43.284717,330.3 -2.507417,43.284736,330.0 -2.507412,43.284771,329.3 -2.507417,43.284790,329.1 -2.507417,43.284813,328.7 -2.507397,43.284845,327.9 -2.507387,43.284877,327.3 -2.507383,43.284909,326.8 -2.507375,43.284934,326.3 -2.507365,43.284963,325.6 -2.507353,43.284992,325.1 -2.507345,43.285018,324.7 -2.507352,43.285050,324.1 -2.507357,43.285069,323.7 -2.507383,43.285091,323.4 -2.507417,43.285123,322.8 -2.507442,43.285149,322.4 -2.507472,43.285174,321.7 -2.507503,43.285194,321.2 -2.507528,43.285213,320.5 -2.507558,43.285232,319.9 -2.507587,43.285251,319.2 -2.507617,43.285270,318.4 -2.507647,43.285293,317.4 -2.507675,43.285315,316.4 -2.507698,43.285341,315.4 -2.507717,43.285363,314.5 -2.507727,43.285392,313.4 -2.507735,43.285421,312.2 -2.507733,43.285440,311.7 -2.507728,43.285462,310.8 -2.507733,43.285485,310.0 -2.507737,43.285504,309.3 -2.507740,43.285526,308.5 -2.507747,43.285549,307.6 -2.507742,43.285571,307.1 -2.507733,43.285594,306.8 -2.507727,43.285626,306.1 -2.507715,43.285645,305.8 -2.507700,43.285661,305.5 -2.507688,43.285683,304.9 -2.507670,43.285702,304.5 -2.507638,43.285718,304.2 -2.507600,43.285738,303.5 -2.507595,43.285782,302.3 -2.507578,43.285808,301.3 -2.507558,43.285824,300.7 -2.507537,43.285843,300.1 -2.507515,43.285853,299.7 -2.507500,43.285872,299.0 -2.507487,43.285891,298.9 -2.507488,43.285917,298.1 -2.507502,43.285939,297.4 -2.507508,43.285965,296.8 -2.507517,43.285987,296.3 -2.507515,43.286019,295.6 -2.507523,43.286058,294.6 -2.507532,43.286099,293.8 -2.507535,43.286134,292.8 -2.507547,43.286163,292.1 -2.507562,43.286186,291.7 -2.507577,43.286208,291.3 -2.507592,43.286240,290.6 -2.507597,43.286262,290.2 -2.507598,43.286294,289.2 -2.507608,43.286326,288.5 -2.507613,43.286362,287.7 -2.507615,43.286406,286.8 -2.507607,43.286438,286.3 -2.507597,43.286464,285.9 -2.507592,43.286493,285.6 -2.507582,43.286522,285.2 -2.507560,43.286557,284.5 -2.507532,43.286579,283.9 -2.507497,43.286605,283.2 -2.507460,43.286640,282.6 -2.507423,43.286672,281.8 -2.507388,43.286682,280.8 -2.507370,43.286704,279.9 -2.507338,43.286717,279.0 -2.507312,43.286723,278.3 -2.507273,43.286733,277.3 -2.507240,43.286742,276.5 -2.507225,43.286771,275.4 -2.507177,43.286771,274.7 -2.507147,43.286765,274.4 -2.507120,43.286771,273.8 -2.507113,43.286790,272.9 -2.507067,43.286816,271.4 -2.507042,43.286826,270.8 -2.507023,43.286838,270.2 -2.506977,43.286851,269.2 -2.506937,43.286851,268.6 -2.506917,43.286870,267.6 -2.506900,43.286896,266.5 -2.506893,43.286922,265.7 -2.506892,43.286941,265.0 -2.506888,43.286963,264.3 -2.506893,43.286992,263.7 -2.506887,43.287014,262.9 -2.506872,43.287050,261.8 -2.506865,43.287072,261.1 -2.506855,43.287098,260.3 -2.506850,43.287123,259.6 -2.506847,43.287155,258.6 -2.506852,43.287181,258.0 -2.506852,43.287203,257.5 -2.506852,43.287235,256.7 -2.506850,43.287270,256.0 -2.506843,43.287299,255.3 -2.506812,43.287318,254.5 -2.506785,43.287331,254.0 -2.506757,43.287338,253.6 -2.506730,43.287334,253.3 -2.506708,43.287322,253.4 -2.506688,43.287309,253.4 -2.506667,43.287290,253.5 -2.506647,43.287274,253.5 -2.506630,43.287258,253.6 -2.506608,43.287238,253.6 -2.506597,43.287219,253.8 -2.506605,43.287248,253.5 -2.506562,43.287251,252.6 -2.506535,43.287258,252.0 -2.506502,43.287258,251.3 -2.506470,43.287267,250.7 -2.506445,43.287286,249.9 -2.506418,43.287302,249.2 -2.506397,43.287315,248.6 -2.506373,43.287347,247.6 -2.506343,43.287379,246.8 -2.506328,43.287398,246.4 -2.506313,43.287418,245.9 -2.506303,43.287440,245.5 -2.506303,43.287466,245.0 -2.506298,43.287491,244.5 -2.506288,43.287530,244.0 -2.506275,43.287558,243.6 -2.506258,43.287581,243.2 -2.506228,43.287600,242.8 -2.506187,43.287613,242.2 -2.506155,43.287619,241.7 -2.506127,43.287632,241.3 -2.506102,43.287645,240.7 -2.506077,43.287658,239.9 -2.506050,43.287677,239.0 -2.506018,43.287693,238.1 -2.505985,43.287709,237.4 -2.505942,43.287709,236.4 -2.505905,43.287718,235.6 -2.505883,43.287734,235.0 -2.505853,43.287750,234.5 -2.505820,43.287763,233.8 -2.505798,43.287789,233.3 -2.505773,43.287824,232.2 -2.505737,43.287846,231.4 -2.505702,43.287869,230.7 -2.505667,43.287894,229.9 -2.505620,43.287907,229.2 -2.505588,43.287933,228.7 -2.505548,43.287955,228.1 -2.505510,43.287968,227.5 -2.505470,43.287984,227.0 -2.505437,43.287994,226.6 -2.505407,43.288006,226.2 -2.505380,43.288022,225.9 -2.505337,43.288032,225.5 -2.505285,43.288029,225.1 -2.505245,43.288051,224.8 -2.505208,43.288093,223.7 -2.505185,43.288131,222.8 -2.505150,43.288163,222.0 -2.505117,43.288176,221.7 -2.505088,43.288176,221.6 -2.505060,43.288176,221.5 -2.505023,43.288186,221.3 -2.504990,43.288192,221.1 -2.504953,43.288195,220.7 -2.504920,43.288205,220.4 -2.504880,43.288205,220.2 -2.504842,43.288205,220.1 -2.504800,43.288208,219.8 -2.504762,43.288205,219.7 -2.504722,43.288205,219.6 -2.504678,43.288202,219.2 -2.504643,43.288205,218.8 -2.504607,43.288208,218.5 -2.504570,43.288214,218.1 -2.504540,43.288240,217.6 -2.504513,43.288256,217.2 -2.504487,43.288275,216.8 -2.504462,43.288288,216.6 -2.504432,43.288301,216.2 -2.504408,43.288310,216.2 -2.504390,43.288323,216.2 -2.504383,43.288342,216.0 -2.504385,43.288362,215.6 -2.504348,43.288362,215.5 -2.504323,43.288368,215.4 -2.504325,43.288390,215.0 -2.504355,43.288419,214.6 -2.504383,43.288432,214.4 -2.504413,43.288448,214.3 -2.504437,43.288464,214.1 -2.504483,43.288490,214.2 -2.504510,43.288512,214.2 -2.504540,43.288531,214.2 -2.504570,43.288554,214.3 -2.504607,43.288573,214.4 -2.504637,43.288592,214.4 -2.504675,43.288621,214.2 -2.504707,43.288643,213.8 -2.504743,43.288666,213.2 -2.504782,43.288688,212.6 -2.504820,43.288710,212.2 -2.504853,43.288730,211.9 -2.504880,43.288746,211.8 -2.504912,43.288765,211.7 -2.504948,43.288787,211.8 -2.504978,43.288803,211.9 -2.505008,43.288826,212.0 -2.505035,43.288845,212.0 -2.505063,43.288867,212.1 -2.505088,43.288886,212.4 -2.505112,43.288909,212.4 -2.505132,43.288928,212.2 -2.505150,43.288947,212.3 -2.505172,43.288963,212.5 -2.505190,43.288976,212.6 -2.505197,43.289014,212.4 -2.505213,43.289037,212.5 -2.505225,43.289056,212.5 -2.505242,43.289075,212.7 -2.505258,43.289094,213.0 -2.505277,43.289117,213.3 -2.505300,43.289139,213.7 -2.505318,43.289162,214.0 -2.505343,43.289184,214.0 -2.505362,43.289203,213.9 -2.505382,43.289226,213.9 -2.505413,43.289254,214.0 -2.505428,43.289277,214.0 -2.505450,43.289296,214.3 -2.505477,43.289322,214.5 -2.505508,43.289354,214.8 -2.505527,43.289382,215.1 -2.505550,43.289411,215.4 -2.505577,43.289437,215.7 -2.505603,43.289462,215.7 -2.505627,43.289485,215.6 -2.505650,43.289504,215.7 -2.505672,43.289520,215.9 -2.505698,43.289542,215.9 -2.505728,43.289565,215.9 -2.505752,43.289590,215.9 -2.505780,43.289613,215.8 -2.505805,43.289622,216.3 -2.505847,43.289651,216.4 -2.505882,43.289658,216.8 -2.505927,43.289674,217.1 -2.505963,43.289683,217.4 -2.505997,43.289696,217.6 -2.506043,43.289712,218.0 -2.506075,43.289718,218.5 -2.506107,43.289725,218.9 -2.506145,43.289734,218.8 -2.506177,43.289744,218.8 -2.506218,43.289757,218.5 -2.506255,43.289763,218.7 -2.506295,43.289773,218.9 -2.506327,43.289779,219.0 -2.506353,43.289782,219.2 -2.506393,43.289795,219.3 -2.506432,43.289798,219.4 -2.506468,43.289805,219.5 -2.506507,43.289811,219.7 -2.506533,43.289818,219.9 -2.506573,43.289834,219.8 -2.506608,43.289843,219.9 -2.506640,43.289856,219.9 -2.506672,43.289862,220.1 -2.506702,43.289875,220.3 -2.506733,43.289888,220.5 -2.506762,43.289894,220.9 -2.506793,43.289901,221.1 -2.506827,43.289901,221.7 -2.506858,43.289904,222.2 -2.506893,43.289910,222.8 -2.506927,43.289917,223.2 -2.506960,43.289930,223.3 -2.506993,43.289936,223.6 -2.507018,43.289939,223.7 -2.507050,43.289955,223.6 -2.507088,43.289971,223.6 -2.507143,43.289974,224.1 -2.507170,43.289981,224.3 -2.507210,43.289987,224.4 -2.507248,43.289997,224.8 -2.507293,43.289997,225.9 -2.507320,43.290010,226.1 -2.507348,43.290019,226.5 -2.507375,43.290035,226.5 -2.507402,43.290048,226.6 -2.507452,43.290067,227.0 -2.507487,43.290080,227.3 -2.507517,43.290099,227.3 -2.507548,43.290115,227.4 -2.507572,43.290122,227.7 -2.507593,43.290131,227.9 -2.507622,43.290150,227.8 -2.507647,43.290166,227.7 -2.507660,43.290195,226.9 -2.507672,43.290218,226.1 -2.507693,43.290230,226.0 -2.507717,43.290246,225.9 -2.507772,43.290272,226.2 -2.507792,43.290288,226.2 -2.507828,43.290307,226.6 -2.507860,43.290310,227.6 -2.507885,43.290317,228.2 -2.507913,43.290326,228.7 -2.507937,43.290336,229.2 -2.507958,43.290349,229.4 -2.507998,43.290374,230.0 -2.508023,43.290381,230.7 -2.508045,43.290397,230.8 -2.508068,43.290413,231.2 -2.508087,43.290429,231.4 -2.508130,43.290464,232.0 -2.508158,43.290496,232.1 -2.508188,43.290515,232.6 -2.508210,43.290534,232.8 -2.508223,43.290557,232.7 -2.508243,43.290573,233.1 -2.508262,43.290595,233.5 -2.508272,43.290614,233.6 -2.508292,43.290637,234.0 -2.508305,43.290656,234.2 -2.508322,43.290678,234.4 -2.508342,43.290710,234.5 -2.508357,43.290730,234.8 -2.508368,43.290746,234.8 -2.508380,43.290762,234.9 -2.508397,43.290787,235.1 -2.508410,43.290803,235.2 -2.508425,43.290822,235.2 -2.508438,43.290842,235.3 -2.508460,43.290864,235.7 -2.508478,43.290877,236.2 -2.508495,43.290893,236.5 -2.508515,43.290909,236.8 -2.508542,43.290922,237.5 -2.508562,43.290934,238.1 -2.508582,43.290954,238.4 -2.508600,43.290966,238.8 -2.508620,43.290982,239.3 -2.508712,43.291075,240.9 -2.508738,43.291107,241.2 -2.508750,43.291126,241.6 -2.508762,43.291149,242.3 -2.508772,43.291181,242.8 -2.508777,43.291203,243.1 -2.508780,43.291222,243.4 -2.508780,43.291242,243.5 -2.508787,43.291264,244.0 -2.508788,43.291286,244.1 -2.508787,43.291322,244.4 -2.508782,43.291354,244.5 -2.508773,43.291379,244.4 -2.508763,43.291398,244.5 -2.508755,43.291418,244.9 -2.508733,43.291446,245.4 -2.508712,43.291466,245.5 -2.508690,43.291482,245.5 -2.508650,43.291504,245.6 -2.508625,43.291520,245.5 -2.508585,43.291539,245.6 -2.508538,43.291562,245.8 -2.508515,43.291568,245.7 -2.508495,43.291581,245.8 -2.508462,43.291603,246.2 -2.508443,43.291619,246.5 -2.508408,43.291642,246.9 -2.508377,43.291651,246.9 -2.508335,43.291664,247.0 -2.508287,43.291683,246.3 -2.508258,43.291696,245.8 -2.508230,43.291706,245.3 -2.508197,43.291725,244.5 -2.508168,43.291738,244.1 -2.508143,43.291757,243.5 -2.508105,43.291798,242.5 -2.508075,43.291824,241.6 -2.508060,43.291856,241.0 -2.508055,43.291882,240.7 -2.508058,43.291904,240.5 -2.508065,43.291936,240.4 -2.508073,43.291974,239.9 -2.508075,43.292000,239.5 -2.508080,43.292029,239.2 -2.508088,43.292058,238.9 -2.508098,43.292086,238.5 -2.508112,43.292122,238.2 -2.508122,43.292154,237.7 -2.508127,43.292186,237.2 -2.508137,43.292218,236.7 -2.508145,43.292246,236.4 -2.508147,43.292278,236.3 -2.508148,43.292314,235.9 -2.508150,43.292342,235.7 -2.508152,43.292378,235.5 -2.508147,43.292406,235.1 -2.508145,43.292442,234.8 -2.508143,43.292477,234.6 -2.508142,43.292496,234.4 -2.508142,43.292531,234.4 -2.508143,43.292560,234.6 -2.508140,43.292589,234.5 -2.508140,43.292618,234.6 -2.508145,43.292650,234.8 -2.508152,43.292678,234.9 -2.508155,43.292710,234.9 -2.508158,43.292739,235.0 -2.508160,43.292771,235.0 -2.508162,43.292797,235.2 -2.508163,43.292819,235.1 -2.508162,43.292848,235.3 -2.508157,43.292874,235.4 -2.508153,43.292902,235.3 -2.508162,43.292941,235.4 -2.508165,43.292973,235.6 -2.508160,43.293002,235.7 -2.508160,43.293030,235.8 -2.508163,43.293059,235.8 -2.508170,43.293091,235.8 -2.508177,43.293120,235.6 -2.508180,43.293146,235.7 -2.508188,43.293174,235.5 -2.508198,43.293200,235.6 -2.508205,43.293229,235.6 -2.508213,43.293258,235.4 -2.508223,43.293286,235.4 -2.508235,43.293315,235.4 -2.508243,43.293344,235.4 -2.508253,43.293373,235.6 -2.508265,43.293405,235.8 -2.508277,43.293434,236.0 -2.508287,43.293469,236.2 -2.508295,43.293488,236.3 -2.508302,43.293514,236.5 -2.508305,43.293546,236.6 -2.508305,43.293571,236.7 -2.508303,43.293594,236.6 -2.508298,43.293622,236.6 -2.508293,43.293648,236.6 -2.508288,43.293677,236.5 -2.508275,43.293715,236.4 -2.508270,43.293744,236.4 -2.508262,43.293773,236.5 -2.508258,43.293802,236.5 -2.508257,43.293840,236.4 -2.508255,43.293866,236.5 -2.508250,43.293888,236.4 -2.508252,43.293920,236.5 -2.508255,43.293946,236.4 -2.508255,43.293974,236.4 -2.508253,43.294006,236.4 -2.508250,43.294032,236.3 -2.508243,43.294061,236.3 -2.508233,43.294086,236.4 -2.508220,43.294112,236.4 -2.508213,43.294138,236.4 -2.508215,43.294163,236.4 -2.508222,43.294189,236.5 -2.508230,43.294208,236.6 -2.508243,43.294227,236.6 -2.508247,43.294250,236.6 -2.508240,43.294269,236.6 -2.508228,43.294291,236.7 -2.508210,43.294310,237.0 -2.508187,43.294339,237.2 -2.508168,43.294358,237.4 -2.508147,43.294371,237.8 -2.508120,43.294387,238.0 -2.508097,43.294397,238.4 -2.508072,43.294406,238.7 -2.508043,43.294419,239.0 -2.508012,43.294422,239.1 -2.507987,43.294426,239.4 -2.507960,43.294429,239.5 -2.507930,43.294432,239.7 -2.507902,43.294438,240.1 -2.507877,43.294445,240.3 -2.507852,43.294448,240.5 -2.507823,43.294458,241.0 -2.507793,43.294461,241.2 -2.507770,43.294470,241.5 -2.507747,43.294483,241.8 -2.507702,43.294499,242.3 -2.507677,43.294509,242.7 -2.507655,43.294525,243.1 -2.507632,43.294531,243.3 -2.507608,43.294544,243.7 -2.507583,43.294550,244.0 -2.507558,43.294563,244.3 -2.507537,43.294576,244.7 -2.507513,43.294586,244.9 -2.507492,43.294598,245.3 -2.507468,43.294608,245.6 -2.507448,43.294621,246.1 -2.507403,43.294640,246.8 -2.507380,43.294646,247.1 -2.507357,43.294659,247.4 -2.507315,43.294675,248.1 -2.507273,43.294685,248.7 -2.507223,43.294698,249.5 -2.507197,43.294701,249.9 -2.507153,43.294714,250.7 -2.507115,43.294720,251.2 -2.507068,43.294726,251.9 -2.507042,43.294726,252.1 -2.507007,43.294723,252.5 -2.506972,43.294723,252.7 -2.506927,43.294726,253.4 -2.506905,43.294736,254.2 -2.506867,43.294736,254.6 -2.506828,43.294736,255.2 -2.506800,43.294739,255.7 -2.506760,43.294739,256.4 -2.506717,43.294742,257.2 -2.506690,43.294739,257.5 -2.506650,43.294739,257.8 -2.506602,43.294736,257.9 -2.506577,43.294736,257.9 -2.506535,43.294739,258.3 -2.506498,43.294746,258.8 -2.506463,43.294755,259.3 -2.506425,43.294762,259.8 -2.506393,43.294774,260.6 -2.506360,43.294787,261.3 -2.506320,43.294797,261.8 -2.506282,43.294803,261.9 -2.506258,43.294813,262.5 -2.506217,43.294826,263.1 -2.506180,43.294829,263.3 -2.506150,43.294835,263.5 -2.506127,43.294842,263.9 -2.506088,43.294854,264.9 -2.506052,43.294861,265.9 -2.506022,43.294861,266.3 -2.505973,43.294858,266.8 -2.505937,43.294848,266.8 -2.505900,43.294838,266.8 -2.505875,43.294819,266.3 -2.505850,43.294816,266.5 -2.505815,43.294806,266.6 -2.505773,43.294800,266.9 -2.505747,43.294794,267.0 -2.505720,43.294787,267.0 -2.505693,43.294784,267.3 -2.505668,43.294784,267.8 -2.505623,43.294781,268.3 -2.505577,43.294778,268.9 -2.505552,43.294781,269.4 -2.505525,43.294784,269.3 -2.505500,43.294784,269.1 -2.505475,43.294794,269.3 -2.505435,43.294806,269.4 -2.505412,43.294816,269.7 -2.505387,43.294826,269.9 -2.505358,43.294838,270.3 -2.505323,43.294858,270.8 -2.505297,43.294867,270.9 -2.505262,43.294896,271.6 -2.505228,43.294922,272.0 -2.505210,43.294938,272.5 -2.505185,43.294960,272.9 -2.505165,43.294976,273.3 -2.505150,43.294995,274.0 -2.505128,43.295011,274.3 -2.505107,43.295021,274.3 -2.505067,43.295053,274.9 -2.505028,43.295075,275.3 -2.504990,43.295094,275.7 -2.504965,43.295107,275.8 -2.504940,43.295120,276.1 -2.504900,43.295136,276.3 -2.504860,43.295155,276.7 -2.504825,43.295174,277.2 -2.504793,43.295200,278.1 -2.504775,43.295213,278.4 -2.504738,43.295232,279.0 -2.504705,43.295245,279.4 -2.504672,43.295261,279.9 -2.504633,43.295283,280.4 -2.504613,43.295296,280.5 -2.504583,43.295318,280.6 -2.504557,43.295350,280.9 -2.504525,43.295370,281.0 -2.504480,43.295392,281.3 -2.504442,43.295398,281.2 -2.504398,43.295411,281.2 -2.504355,43.295418,281.0 -2.504315,43.295421,280.8 -2.504287,43.295424,280.7 -2.504260,43.295430,280.6 -2.504230,43.295430,280.3 -2.504200,43.295430,280.2 -2.504162,43.295430,280.0 -2.504112,43.295430,279.7 -2.504080,43.295424,279.4 -2.504040,43.295430,279.6 -2.503995,43.295434,279.4 -2.503962,43.295434,279.3 -2.503922,43.295434,279.3 -2.503882,43.295430,279.0 -2.503845,43.295430,278.8 -2.503803,43.295430,278.6 -2.503763,43.295434,278.4 -2.503712,43.295437,278.2 -2.503677,43.295440,278.1 -2.503633,43.295450,278.1 -2.503592,43.295453,278.1 -2.503555,43.295459,278.3 -2.503530,43.295462,278.5 -2.503510,43.295475,278.8 -2.503480,43.295472,278.7 -2.503447,43.295472,278.8 -2.503412,43.295469,278.8 -2.503373,43.295462,278.7 -2.503333,43.295459,278.6 -2.503288,43.295453,278.6 -2.503243,43.295453,278.6 -2.503200,43.295450,278.5 -2.503157,43.295453,278.6 -2.503112,43.295453,278.7 -2.503068,43.295453,278.7 -2.503033,43.295450,278.8 -2.502995,43.295440,278.7 -2.502952,43.295437,278.7 -2.502910,43.295434,278.9 -2.502870,43.295430,279.0 -2.502830,43.295421,278.9 -2.502797,43.295418,279.0 -2.502752,43.295411,279.1 -2.502717,43.295402,279.2 -2.502680,43.295398,279.4 -2.502643,43.295392,279.6 -2.502603,43.295389,279.8 -2.502567,43.295379,280.0 -2.502525,43.295373,280.3 -2.502483,43.295360,280.7 -2.502452,43.295357,280.9 -2.502402,43.295350,281.4 -2.502362,43.295354,281.8 -2.502325,43.295357,282.0 -2.502288,43.295357,282.4 -2.502253,43.295357,282.6 -2.502218,43.295360,282.8 -2.502183,43.295370,283.1 -2.502155,43.295370,283.2 -2.502123,43.295376,283.4 -2.502082,43.295389,283.5 -2.502045,43.295395,283.6 -2.502005,43.295405,283.8 -2.501972,43.295418,283.9 -2.501933,43.295437,283.7 -2.501888,43.295456,283.2 -2.501852,43.295475,282.6 -2.501827,43.295498,282.2 -2.501800,43.295530,281.8 -2.501773,43.295558,281.5 -2.501753,43.295587,281.6 -2.501737,43.295613,281.6 -2.501720,43.295638,281.7 -2.501705,43.295667,281.9 -2.501688,43.295690,282.1 -2.501672,43.295715,282.2 -2.501657,43.295747,282.3 -2.501642,43.295773,282.4 -2.501628,43.295798,282.4 -2.501615,43.295821,282.3 -2.501602,43.295850,282.5 -2.501590,43.295872,282.7 -2.501578,43.295894,282.8 -2.501572,43.295917,283.1 -2.501560,43.295939,283.3 -2.501550,43.295958,283.5 -2.501523,43.295990,283.8 -2.501502,43.296010,283.9 -2.501478,43.296029,284.1 -2.501455,43.296045,284.3 -2.501425,43.296058,284.3 -2.501393,43.296077,284.4 -2.501362,43.296096,284.5 -2.501325,43.296109,284.6 -2.501297,43.296115,284.4 -2.501252,43.296131,284.7 -2.501213,43.296138,284.5 -2.501177,43.296150,284.8 -2.501143,43.296150,284.5 -2.501095,43.296154,284.4 -2.501052,43.296154,284.0 -2.501012,43.296163,284.2 -2.500977,43.296166,284.0 -2.500937,43.296170,283.9 -2.500888,43.296173,283.8 -2.500848,43.296176,283.7 -2.500807,43.296179,283.5 -2.500767,43.296189,283.8 -2.500727,43.296195,283.8 -2.500687,43.296198,283.6 -2.500640,43.296208,283.8 -2.500603,43.296211,283.6 -2.500562,43.296214,283.6 -2.500517,43.296224,283.8 -2.500473,43.296227,283.8 -2.500430,43.296234,284.1 -2.500395,43.296237,284.1 -2.500347,43.296237,284.1 -2.500308,43.296237,284.0 -2.500270,43.296237,284.0 -2.500237,43.296243,284.4 -2.500200,43.296246,284.6 -2.500155,43.296250,284.9 -2.500125,43.296250,285.1 -2.500075,43.296250,285.3 -2.500038,43.296246,285.3 -2.499997,43.296243,285.3 -2.499950,43.296243,285.3 -2.499912,43.296237,285.0 -2.499873,43.296234,285.0 -2.499837,43.296227,284.8 -2.499803,43.296227,284.7 -2.499763,43.296224,284.7 -2.499715,43.296218,284.5 -2.499670,43.296214,284.4 -2.499630,43.296214,284.5 -2.499575,43.296214,284.6 -2.499532,43.296214,284.7 -2.499488,43.296214,284.8 -2.499450,43.296211,284.7 -2.499415,43.296208,284.6 -2.499382,43.296205,284.6 -2.499348,43.296198,284.3 -2.499322,43.296198,284.3 -2.499287,43.296195,284.2 -2.499248,43.296186,283.7 -2.499220,43.296176,283.3 -2.499175,43.296166,282.9 -2.499148,43.296157,282.5 -2.499118,43.296150,282.2 -2.499090,43.296147,282.1 -2.499068,43.296138,281.7 -2.499033,43.296128,281.3 -2.499005,43.296115,280.8 -2.498975,43.296106,280.4 -2.498948,43.296090,279.7 -2.498920,43.296074,279.0 -2.498890,43.296064,278.5 -2.498862,43.296054,278.1 -2.498832,43.296045,277.8 -2.498803,43.296029,277.1 -2.498777,43.296019,276.6 -2.498747,43.296010,276.3 -2.498720,43.295997,275.7 -2.498690,43.295987,275.3 -2.498662,43.295974,274.8 -2.498633,43.295958,274.3 -2.498603,43.295946,273.8 -2.498572,43.295930,273.0 -2.498538,43.295914,272.2 -2.498508,43.295898,271.4 -2.498482,43.295878,270.5 -2.498458,43.295859,269.8 -2.498437,43.295837,268.8 -2.498413,43.295818,268.0 -2.498387,43.295795,266.8 -2.498358,43.295779,266.1 -2.498328,43.295766,265.6 -2.498298,43.295750,264.7 -2.498265,43.295738,264.1 -2.498235,43.295728,263.4 -2.498202,43.295715,262.7 -2.498172,43.295699,262.0 -2.498140,43.295690,261.5 -2.498110,43.295674,260.7 -2.498077,43.295654,260.0 -2.498043,43.295638,259.3 -2.498012,43.295629,258.6 -2.497980,43.295616,257.9 -2.497953,43.295597,257.2 -2.497928,43.295578,256.4 -2.497903,43.295558,255.6 -2.497880,43.295539,254.6 -2.497852,43.295520,253.7 -2.497823,43.295501,252.8 -2.497798,43.295475,251.9 -2.497773,43.295453,250.9 -2.497748,43.295437,250.0 -2.497720,43.295414,249.1 -2.497692,43.295395,248.2 -2.497668,43.295379,247.5 -2.497635,43.295363,247.0 -2.497598,43.295354,246.7 -2.497555,43.295341,246.3 -2.497513,43.295334,246.1 -2.497478,43.295334,245.5 -2.497440,43.295341,244.6 -2.497402,43.295363,244.0 -2.497382,43.295389,243.6 -2.497365,43.295411,243.4 -2.497355,43.295437,243.3 -2.497347,43.295472,243.3 -2.497343,43.295498,243.3 -2.497347,43.295530,243.8 -2.497342,43.295558,243.8 -2.497335,43.295590,243.9 -2.497325,43.295629,244.0 -2.497320,43.295658,244.1 -2.497315,43.295680,244.0 -2.497312,43.295712,244.2 -2.497305,43.295738,244.3 -2.497292,43.295770,244.1 -2.497268,43.295808,243.6 -2.497243,43.295830,242.8 -2.497220,43.295853,242.8 -2.497190,43.295878,243.3 -2.497153,43.295898,243.4 -2.497112,43.295914,243.3 -2.497070,43.295926,243.0 -2.497022,43.295936,242.6 -2.496975,43.295946,242.1 -2.496928,43.295952,241.8 -2.496885,43.295955,242.1 -2.496840,43.295958,242.2 -2.496800,43.295965,242.5 -2.496762,43.295965,242.5 -2.496722,43.295958,242.0 -2.496680,43.295965,242.5 -2.496643,43.295965,242.7 -2.496605,43.295965,243.1 -2.496572,43.295965,243.4 -2.496537,43.295958,243.2 -2.496507,43.295955,243.3 -2.496472,43.295952,243.3 -2.496437,43.295949,243.6 -2.496400,43.295949,243.9 -2.496365,43.295949,244.0 -2.496327,43.295949,244.1 -2.496292,43.295949,244.3 -2.496255,43.295949,244.5 -2.496218,43.295949,244.6 -2.496182,43.295952,245.0 -2.496145,43.295955,245.3 -2.496108,43.295958,245.6 -2.496072,43.295965,245.7 -2.496035,43.295968,245.7 -2.496000,43.295971,245.7 -2.495967,43.295974,245.7 -2.495933,43.295978,245.6 -2.495898,43.295987,245.9 -2.495863,43.295994,246.1 -2.495832,43.295997,246.1 -2.495787,43.296010,245.7 -2.495748,43.296019,245.1 -2.495717,43.296035,245.0 -2.495688,43.296051,245.2 -2.495653,43.296070,245.1 -2.495620,43.296086,244.9 -2.495593,43.296099,244.6 -2.495563,43.296118,244.6 -2.495535,43.296144,244.7 -2.495507,43.296166,244.4 -2.495473,43.296189,244.1 -2.495453,43.296208,244.2 -2.495432,43.296234,244.5 -2.495408,43.296256,244.4 -2.495382,43.296278,244.3 -2.495355,43.296307,244.6 -2.495323,43.296330,244.2 -2.495295,43.296349,244.0 -2.495267,43.296365,243.8 -2.495237,43.296387,244.4 -2.495202,43.296406,245.1 -2.495165,43.296422,245.4 -2.495127,43.296442,246.1 -2.495095,43.296448,246.0 -2.495060,43.296451,245.7 -2.495010,43.296451,244.9 -2.494980,43.296448,245.1 -2.494942,43.296445,245.7 -2.494907,43.296442,246.3 -2.494870,43.296426,246.1 -2.494835,43.296413,246.0 -2.494802,43.296394,245.7 -2.494770,43.296374,245.2 -2.494740,43.296355,244.7 -2.494710,43.296336,244.3 -2.494683,43.296323,244.4 -2.494655,43.296307,244.3 -2.494627,43.296288,243.9 -2.494597,43.296269,243.7 -2.494570,43.296246,243.2 -2.494538,43.296230,243.2 -2.494505,43.296214,243.3 -2.494470,43.296198,243.4 -2.494435,43.296189,243.7 -2.494398,43.296173,243.8 -2.494367,43.296157,243.6 -2.494337,43.296131,242.9 -2.494308,43.296112,242.6 -2.494270,43.296099,242.8 -2.494233,43.296086,243.1 -2.494205,43.296064,242.5 -2.494178,43.296054,242.7 -2.494138,43.296032,242.2 -2.494100,43.296006,241.5 -2.494065,43.295987,241.1 -2.494023,43.295971,241.1 -2.493985,43.295955,240.9 -2.493948,43.295946,241.0 -2.493907,43.295936,241.2 -2.493877,43.295920,240.8 -2.493847,43.295914,240.8 -2.493812,43.295907,240.8 -2.493780,43.295894,240.3 -2.493750,43.295878,239.8 -2.493722,43.295872,239.8 -2.493695,43.295866,239.7 -2.493663,43.295859,239.8 -2.493630,43.295859,240.0 -2.493590,43.295859,240.2 -2.493553,43.295872,240.6 -2.493515,43.295869,240.3 -2.493473,43.295866,240.1 -2.493442,43.295856,239.5 -2.493417,43.295846,239.0 -2.493388,43.295837,238.5 -2.493330,43.295834,238.1 -2.493277,43.295834,237.5 -2.493230,43.295837,237.1 -2.493183,43.295846,236.9 -2.493142,43.295853,236.7 -2.493100,43.295859,236.5 -2.493052,43.295869,236.3 -2.493000,43.295875,235.6 -2.492950,43.295888,235.2 -2.492908,43.295901,234.9 -2.492868,43.295920,234.6 -2.492825,43.295939,234.5 -2.492780,43.295965,234.3 -2.492740,43.295990,234.2 -2.492703,43.296016,234.2 -2.492672,43.296032,233.9 -2.492638,43.296048,233.7 -2.492595,43.296067,233.4 -2.492555,43.296080,233.0 -2.492518,43.296090,232.6 -2.492482,43.296086,232.0 -2.492448,43.296080,231.5 -2.492408,43.296074,231.1 -2.492368,43.296074,230.9 -2.492330,43.296077,231.0 -2.492292,43.296086,231.1 -2.492247,43.296093,231.4 -2.492205,43.296099,231.4 -2.492168,43.296106,231.9 -2.492127,43.296112,232.0 -2.492090,43.296125,232.7 -2.492050,43.296125,232.7 -2.492008,43.296118,232.4 -2.491965,43.296115,232.3 -2.491925,43.296112,231.9 -2.491887,43.296115,231.8 -2.491842,43.296115,231.4 -2.491797,43.296112,231.0 -2.491755,43.296115,230.9 -2.491722,43.296118,230.7 -2.491682,43.296125,230.8 -2.491638,43.296134,230.9 -2.491595,43.296144,230.9 -2.491552,43.296154,231.0 -2.491513,43.296166,231.4 -2.491480,43.296173,231.4 -2.491448,43.296176,231.3 -2.491435,43.296195,232.0 -2.491390,43.296211,232.3 -2.491358,43.296224,232.7 -2.491323,43.296230,232.7 -2.491287,43.296243,232.8 -2.491250,43.296253,232.9 -2.491208,43.296266,233.1 -2.491170,43.296272,232.9 -2.491130,43.296288,233.2 -2.491090,43.296298,233.1 -2.491045,43.296310,233.2 -2.491002,43.296323,233.0 -2.490962,43.296333,233.0 -2.490920,43.296349,233.0 -2.490883,43.296355,232.7 -2.490842,43.296368,232.4 -2.490805,43.296384,232.6 -2.490768,43.296390,232.3 -2.490730,43.296403,232.1 -2.490692,43.296410,231.6 -2.490652,43.296422,231.2 -2.490613,43.296432,230.8 -2.490577,43.296445,230.4 -2.490538,43.296451,229.8 -2.490498,43.296464,229.2 -2.490457,43.296467,228.5 -2.490418,43.296474,227.9 -2.490387,43.296486,227.5 -2.490355,43.296502,226.8 -2.490322,43.296515,226.3 -2.490298,43.296544,225.9 -2.490287,43.296570,225.5 -2.490287,43.296595,225.4 -2.490305,43.296611,225.8 -2.490340,43.296627,226.3 -2.490380,43.296643,226.9 -2.490420,43.296656,227.6 -2.490453,43.296669,228.1 -2.490485,43.296688,228.0 -2.490505,43.296710,227.8 -2.490527,43.296739,227.2 -2.490538,43.296762,226.9 -2.490552,43.296784,226.5 -2.490565,43.296810,226.2 -2.490578,43.296842,225.7 -2.490587,43.296870,225.4 -2.490592,43.296902,224.7 -2.490595,43.296928,224.1 -2.490598,43.296960,223.2 -2.490603,43.296989,222.3 -2.490612,43.297024,221.4 -2.490617,43.297053,220.7 -2.490623,43.297078,220.0 -2.490648,43.297107,220.0 -2.490690,43.297139,220.8 -2.490720,43.297165,221.0 -2.490755,43.297184,221.9 -2.490787,43.297206,222.5 -2.490817,43.297229,223.2 -2.490840,43.297258,224.0 -2.490858,43.297283,224.7 -2.490863,43.297309,224.6 -2.490867,43.297338,224.5 -2.490875,43.297370,224.7 -2.490878,43.297402,224.5 -2.490877,43.297437,224.1 -2.490882,43.297469,224.0 -2.490885,43.297494,223.9 -2.490880,43.297517,224.3 -2.490867,43.297536,224.6 -2.490850,43.297558,224.7 -2.490838,43.297578,225.0 -2.490817,43.297597,225.0 -2.490783,43.297616,224.6 -2.490760,43.297642,224.7 -2.490733,43.297664,224.7 -2.490713,43.297680,224.7 -2.490692,43.297699,224.7 -2.490668,43.297722,224.6 -2.490643,43.297738,224.4 -2.490618,43.297757,224.3 -2.490598,43.297776,224.4 -2.490577,43.297798,224.7 -2.490557,43.297818,224.8 -2.490532,43.297846,225.2 -2.490518,43.297882,226.2 -2.490505,43.297914,227.0 -2.490487,43.297936,227.3 -2.490485,43.297962,228.2 -2.490473,43.297984,228.8 -2.490452,43.298000,228.6 -2.490432,43.298019,228.6 -2.490415,43.298035,228.6 -2.490397,43.298058,228.8 -2.490378,43.298077,228.4 -2.490355,43.298102,228.0 -2.490338,43.298125,227.8 -2.490328,43.298144,227.8 -2.490308,43.298163,227.6 -2.490280,43.298189,227.1 -2.490257,43.298214,226.6 -2.490255,43.298237,227.1 -2.490258,43.298269,227.8 -2.490262,43.298294,228.5 -2.490267,43.298320,229.2 -2.490273,43.298349,229.6 -2.490277,43.298381,229.0 -2.490287,43.298410,228.8 -2.490310,43.298442,228.9 -2.490337,43.298470,229.3 -2.490365,43.298499,229.7 -2.490387,43.298531,229.8 -2.490397,43.298554,229.6 -2.490413,43.298579,229.7 -2.490425,43.298598,229.6 -2.490437,43.298621,229.5 -2.490445,43.298646,229.3 -2.490455,43.298678,229.1 -2.490457,43.298701,228.6 -2.490468,43.298733,228.2 -2.490475,43.298758,227.9 -2.490487,43.298787,227.7 -2.490502,43.298810,227.5 -2.490525,43.298838,227.6 -2.490545,43.298858,227.5 -2.490567,43.298880,227.4 -2.490592,43.298906,226.6 -2.490625,43.298918,226.4 -2.490668,43.298928,226.5 -2.490713,43.298931,227.2 -2.490760,43.298934,227.8 -2.490808,43.298928,228.9 -2.490863,43.298915,230.4 -2.490913,43.298909,230.8 -2.490960,43.298896,231.6 -2.490998,43.298893,231.8 -2.491025,43.298893,231.9 -2.491063,43.298915,230.5 -2.491078,43.298938,229.3 -2.491092,43.298966,227.8 -2.491100,43.298989,226.5 -2.491115,43.299027,224.7 -2.491125,43.299053,223.7 -2.491133,43.299078,222.7 -2.491142,43.299107,221.5 -2.491147,43.299136,220.3 -2.491152,43.299168,219.0 -2.491162,43.299197,218.5 -2.491175,43.299229,218.3 -2.491193,43.299258,218.3 -2.491217,43.299283,218.6 -2.491237,43.299309,218.8 -2.491258,43.299331,219.1 -2.491285,43.299354,219.8 -2.491313,43.299382,220.3 -2.491340,43.299405,220.8 -2.491370,43.299430,221.6 -2.491395,43.299456,222.1 -2.491412,43.299475,222.4 -2.491437,43.299514,222.5 -2.491447,43.299539,222.3 -2.491455,43.299562,222.0 -2.491468,43.299587,221.9 -2.491487,43.299613,222.0 -2.491508,43.299648,221.8 -2.491530,43.299670,222.0 -2.491555,43.299699,222.1 -2.491592,43.299722,222.7 -2.491623,43.299754,224.0 -2.491640,43.299786,224.9 -2.491647,43.299808,225.5 -2.491657,43.299837,226.0 -2.491672,43.299862,226.7 -2.491690,43.299885,227.4 -2.491708,43.299904,228.1 -2.491728,43.299930,228.8 -2.491742,43.299958,229.3 -2.491748,43.299981,229.7 -2.491750,43.300006,230.0 -2.491737,43.300032,230.3 -2.491725,43.300058,230.8 -2.491712,43.300077,231.0 -2.491697,43.300099,231.2 -2.491680,43.300115,231.3 -2.491653,43.300147,231.5 -2.491635,43.300163,231.6 -2.491613,43.300179,231.5 -2.491592,43.300202,231.7 -2.491567,43.300218,231.6 -2.491548,43.300243,231.9 -2.491530,43.300282,232.7 -2.491507,43.300298,232.7 -2.491477,43.300314,232.4 -2.491455,43.300323,232.4 -2.491430,43.300336,232.2 -2.491412,43.300355,232.4 -2.491390,43.300384,232.8 -2.491372,43.300413,233.2 -2.491358,43.300429,233.4 -2.491345,43.300448,233.6 -2.491327,43.300474,234.0 -2.491302,43.300502,234.4 -2.491298,43.300525,235.0 -2.491292,43.300547,235.4 -2.491280,43.300573,235.7 -2.491262,43.300586,235.4 -2.491243,43.300605,235.5 -2.491227,43.300627,235.5 -2.491213,43.300653,235.5 -2.491200,43.300682,235.8 -2.491190,43.300704,235.8 -2.491178,43.300726,236.0 -2.491165,43.300752,236.2 -2.491150,43.300774,236.5 -2.491140,43.300800,236.8 -2.491125,43.300822,236.9 -2.491107,43.300845,237.0 -2.491087,43.300861,236.8 -2.491042,43.300883,236.4 -2.491005,43.300899,236.2 -2.490972,43.300915,236.2 -2.490940,43.300931,236.0 -2.490907,43.300941,235.8 -2.490870,43.300954,235.6 -2.490837,43.300970,235.5 -2.490802,43.300982,235.2 -2.490767,43.300995,234.8 -2.490733,43.301011,234.4 -2.490702,43.301024,234.1 -2.490667,43.301040,233.8 -2.490628,43.301053,233.4 -2.490592,43.301072,233.2 -2.490553,43.301088,232.9 -2.490517,43.301104,232.8 -2.490480,43.301123,232.7 -2.490443,43.301139,232.4 -2.490407,43.301158,232.1 -2.490372,43.301174,232.1 -2.490335,43.301194,231.8 -2.490298,43.301213,231.8 -2.490265,43.301232,231.7 -2.490230,43.301248,231.6 -2.490193,43.301267,231.6 -2.490160,43.301283,231.6 -2.490123,43.301299,231.6 -2.490088,43.301318,231.7 -2.490052,43.301334,231.7 -2.490015,43.301350,231.8 -2.489978,43.301366,231.9 -2.489945,43.301379,232.0 -2.489908,43.301395,232.1 -2.489873,43.301414,231.9 -2.489835,43.301430,231.8 -2.489802,43.301453,231.6 -2.489768,43.301475,231.5 -2.489740,43.301498,231.3 -2.489708,43.301520,231.1 -2.489680,43.301549,230.6 -2.489657,43.301568,230.3 -2.489633,43.301590,229.9 -2.489610,43.301616,229.6 -2.489590,43.301645,229.2 -2.489572,43.301670,229.0 -2.489552,43.301693,228.7 -2.489527,43.301725,228.2 -2.489505,43.301757,227.9 -2.489483,43.301789,227.6 -2.489463,43.301818,227.2 -2.489447,43.301853,226.8 -2.489438,43.301885,226.4 -2.489433,43.301910,226.1 -2.489432,43.301949,225.7 -2.489432,43.301978,225.1 -2.489433,43.302013,224.4 -2.489437,43.302048,223.6 -2.489448,43.302077,223.2 -2.489463,43.302106,222.8 -2.489482,43.302131,222.7 -2.489498,43.302163,222.2 -2.489508,43.302186,221.9 -2.489523,43.302221,221.5 -2.489542,43.302246,221.2 -2.489562,43.302275,220.9 -2.489575,43.302304,220.3 -2.489595,43.302339,219.8 -2.489618,43.302368,219.6 -2.489643,43.302400,219.5 -2.489667,43.302426,219.4 -2.489692,43.302451,219.3 -2.489722,43.302480,219.4 -2.489752,43.302502,219.4 -2.489783,43.302528,219.0 -2.489815,43.302554,218.7 -2.489852,43.302579,218.6 -2.489882,43.302602,218.4 -2.489917,43.302621,218.4 -2.489952,43.302643,218.3 -2.489983,43.302669,218.2 -2.490017,43.302691,217.8 -2.490043,43.302723,216.6 -2.490062,43.302752,215.7 -2.490075,43.302781,214.9 -2.490085,43.302816,214.0 -2.490090,43.302845,213.3 -2.490090,43.302877,212.7 -2.490088,43.302906,212.1 -2.490085,43.302938,211.6 -2.490080,43.302966,211.1 -2.490072,43.302998,210.6 -2.490063,43.303027,210.3 -2.490057,43.303059,209.8 -2.490052,43.303085,209.7 -2.490045,43.303107,209.6 -2.490037,43.303136,209.6 -2.490028,43.303162,209.6 -2.490022,43.303187,209.5 -2.490010,43.303216,209.7 -2.489998,43.303245,209.7 -2.489987,43.303277,209.4 -2.489980,43.303299,209.2 -2.489968,43.303325,209.1 -2.489957,43.303354,208.7 -2.489943,43.303379,208.5 -2.489925,43.303405,208.2 -2.489907,43.303434,207.9 -2.489887,43.303459,207.7 -2.489868,43.303485,207.4 -2.489850,43.303514,207.1 -2.489832,43.303536,207.0 -2.489813,43.303562,206.8 -2.489797,43.303581,206.7 -2.489777,43.303613,206.6 -2.489762,43.303638,206.4 -2.489748,43.303664,206.3 -2.489737,43.303693,205.9 -2.489730,43.303715,205.8 -2.489722,43.303741,205.7 -2.489715,43.303776,205.4 -2.489708,43.303802,205.0 -2.489702,43.303830,204.9 -2.489693,43.303856,204.7 -2.489685,43.303882,204.6 -2.489675,43.303914,204.4 -2.489667,43.303939,204.1 -2.489658,43.303971,203.9 -2.489650,43.304000,203.8 -2.489638,43.304029,203.6 -2.489627,43.304051,203.5 -2.489612,43.304080,203.4 -2.489597,43.304109,203.3 -2.489582,43.304134,203.4 -2.489570,43.304157,203.3 -2.489557,43.304182,203.3 -2.489537,43.304214,203.1 -2.489520,43.304237,203.0 -2.489503,43.304266,202.9 -2.489488,43.304294,202.9 -2.489475,43.304317,202.8 -2.489455,43.304352,202.9 -2.489438,43.304378,202.9 -2.489417,43.304410,202.7 -2.489397,43.304438,202.7 -2.489373,43.304467,202.8 -2.489358,43.304490,202.8 -2.489332,43.304525,202.8 -2.489310,43.304550,202.8 -2.489290,43.304576,202.9 -2.489270,43.304605,202.9 -2.489250,43.304627,203.1 -2.489232,43.304653,203.2 -2.489212,43.304678,203.5 -2.489188,43.304710,203.6 -2.489172,43.304733,203.8 -2.489150,43.304758,204.0 -2.489125,43.304787,203.9 -2.489108,43.304813,204.0 -2.489095,43.304835,204.0 -2.489075,43.304858,204.0 -2.489052,43.304886,204.2 -2.489027,43.304912,204.3 -2.489008,43.304934,204.5 -2.488992,43.304957,204.7 -2.488975,43.304982,204.8 -2.488958,43.305002,205.0 -2.488937,43.305030,205.4 -2.488918,43.305053,205.7 -2.488903,43.305072,206.1 -2.488887,43.305104,206.5 -2.488872,43.305123,206.7 -2.488857,43.305146,207.0 -2.488843,43.305171,207.2 -2.488830,43.305194,207.4 -2.488817,43.305219,207.7 -2.488807,43.305245,208.1 -2.488798,43.305267,208.3 -2.488787,43.305302,208.3 -2.488773,43.305328,208.1 -2.488758,43.305344,208.2 -2.488738,43.305366,208.3 -2.488720,43.305386,208.3 -2.488697,43.305411,208.3 -2.488675,43.305434,208.5 -2.488658,43.305450,208.5 -2.488633,43.305466,208.7 -2.488602,43.305485,208.9 -2.488573,43.305498,209.1 -2.488540,43.305507,209.2 -2.488508,43.305510,209.5 -2.488475,43.305520,209.8 -2.488438,43.305523,210.2 -2.488407,43.305530,210.4 -2.488375,43.305542,210.8 -2.488350,43.305549,211.0 -2.488315,43.305562,210.9 -2.488283,43.305568,211.0 -2.488257,43.305578,210.8 -2.488220,43.305587,210.8 -2.488185,43.305597,210.8 -2.488157,43.305606,210.8 -2.488125,43.305619,210.8 -2.488085,43.305629,210.9 -2.488052,43.305632,211.1 -2.488025,43.305642,211.2 -2.487985,43.305648,211.7 -2.487960,43.305658,211.7 -2.487923,43.305664,212.1 -2.487892,43.305677,212.2 -2.487867,43.305683,212.4 -2.487827,43.305690,212.9 -2.487790,43.305696,213.3 -2.487757,43.305702,213.6 -2.487732,43.305709,213.7 -2.487702,43.305722,213.7 -2.487668,43.305731,213.9 -2.487643,43.305741,214.1 -2.487605,43.305750,214.2 -2.487577,43.305763,214.3 -2.487553,43.305770,214.5 -2.487522,43.305782,214.6 -2.487483,43.305802,214.5 -2.487453,43.305814,214.4 -2.487430,43.305821,214.5 -2.487400,43.305837,214.5 -2.487363,43.305846,214.7 -2.487333,43.305862,214.9 -2.487303,43.305875,215.2 -2.487275,43.305885,215.4 -2.487247,43.305898,215.6 -2.487217,43.305914,215.8 -2.487188,43.305926,215.7 -2.487163,43.305939,215.5 -2.487133,43.305949,215.2 -2.487100,43.305968,215.1 -2.487070,43.305987,215.2 -2.487042,43.306003,215.1 -2.487018,43.306016,215.1 -2.486988,43.306029,215.0 -2.486957,43.306048,215.1 -2.486932,43.306067,215.2 -2.486907,43.306083,215.3 -2.486883,43.306106,215.6 -2.486857,43.306125,215.7 -2.486833,43.306141,215.8 -2.486807,43.306160,216.0 -2.486773,43.306182,216.2 -2.486748,43.306198,216.4 -2.486720,43.306214,216.5 -2.486693,43.306234,216.9 -2.486665,43.306246,217.0 -2.486637,43.306262,217.1 -2.486612,43.306278,217.4 -2.486585,43.306298,217.7 -2.486558,43.306317,218.1 -2.486533,43.306326,218.3 -2.486505,43.306342,218.8 -2.486477,43.306355,219.0 -2.486450,43.306371,219.5 -2.486423,43.306381,219.8 -2.486370,43.306397,220.1 -2.486342,43.306406,220.0 -2.486308,43.306419,219.9 -2.486278,43.306426,219.7 -2.486248,43.306435,219.7 -2.486217,43.306445,219.7 -2.486187,43.306454,219.6 -2.486157,43.306464,219.6 -2.486125,43.306477,219.8 -2.486093,43.306493,219.7 -2.486058,43.306502,219.4 -2.486032,43.306515,219.4 -2.485998,43.306531,219.4 -2.485965,43.306541,219.0 -2.485932,43.306557,219.0 -2.485893,43.306573,218.9 -2.485868,43.306582,218.8 -2.485835,43.306598,218.9 -2.485792,43.306621,219.0 -2.485758,43.306637,219.1 -2.485735,43.306650,219.1 -2.485702,43.306662,219.0 -2.485670,43.306682,218.7 -2.485638,43.306704,218.3 -2.485607,43.306730,218.1 -2.485570,43.306755,217.5 -2.485540,43.306778,217.2 -2.485517,43.306797,216.9 -2.485483,43.306829,216.5 -2.485463,43.306848,216.3 -2.485440,43.306874,216.1 -2.485417,43.306899,215.8 -2.485397,43.306928,215.6 -2.485375,43.306966,215.0 -2.485358,43.306998,214.2 -2.485345,43.307030,213.7 -2.485333,43.307056,213.2 -2.485313,43.307094,212.6 -2.485295,43.307126,212.1 -2.485270,43.307152,211.8 -2.485250,43.307174,211.7 -2.485225,43.307206,211.4 -2.485212,43.307229,211.3 -2.485195,43.307254,211.4 -2.485178,43.307280,211.4 -2.485160,43.307299,211.5 -2.485138,43.307325,211.7 -2.485113,43.307354,212.0 -2.485095,43.307376,212.3 -2.485080,43.307398,212.5 -2.485065,43.307418,212.8 -2.485055,43.307443,212.9 -2.485033,43.307478,213.5 -2.485020,43.307514,214.0 -2.485005,43.307536,214.7 -2.484992,43.307558,215.1 -2.484975,43.307584,215.5 -2.484948,43.307622,216.0 -2.484937,43.307642,216.3 -2.484910,43.307674,216.7 -2.484897,43.307693,217.1 -2.484878,43.307725,217.4 -2.484870,43.307747,217.7 -2.484852,43.307786,218.1 -2.484828,43.307824,218.2 -2.484815,43.307840,218.3 -2.484797,43.307856,218.2 -2.484780,43.307875,218.1 -2.484767,43.307904,218.2 -2.484758,43.307926,218.1 -2.484748,43.307965,218.1 -2.484735,43.307984,218.0 -2.484718,43.308006,217.7 -2.484705,43.308029,217.3 -2.484710,43.308054,217.5 -2.484710,43.308083,217.6 -2.484705,43.308106,217.4 -2.484698,43.308134,217.1 -2.484687,43.308173,216.6 -2.484677,43.308202,216.1 -2.484665,43.308240,215.5 -2.484658,43.308272,215.1 -2.484655,43.308291,214.9 -2.484645,43.308323,214.5 -2.484633,43.308358,213.7 -2.484622,43.308390,212.8 -2.484617,43.308416,212.3 -2.484610,43.308445,211.7 -2.484597,43.308483,210.7 -2.484585,43.308509,209.8 -2.484585,43.308531,209.5 -2.484583,43.308563,209.1 -2.484580,43.308595,208.6 -2.484573,43.308627,207.7 -2.484567,43.308650,207.1 -2.484563,43.308669,206.8 -2.484557,43.308701,206.0 -2.484555,43.308730,205.5 -2.484557,43.308762,205.2 -2.484558,43.308797,204.7 -2.484570,43.308826,205.1 -2.484577,43.308854,205.1 -2.484582,43.308883,205.1 -2.484580,43.308925,204.2 -2.484580,43.308960,203.5 -2.484577,43.309005,202.5 -2.484573,43.309037,201.7 -2.484578,43.309072,201.4 -2.484577,43.309117,200.6 -2.484582,43.309146,200.3 -2.484603,43.309190,200.6 -2.484623,43.309222,200.8 -2.484635,43.309254,200.6 -2.484642,43.309280,200.2 -2.484660,43.309331,199.8 -2.484677,43.309370,199.5 -2.484695,43.309405,199.7 -2.484705,43.309440,199.1 -2.484720,43.309475,199.3 -2.484740,43.309498,199.6 -2.484755,43.309530,199.5 -2.484780,43.309568,199.4 -2.484793,43.309594,199.4 -2.484812,43.309638,199.2 -2.484827,43.309670,199.0 -2.484837,43.309699,198.8 -2.484845,43.309734,198.4 -2.484860,43.309766,198.1 -2.484873,43.309792,198.0 -2.484890,43.309827,197.9 -2.484910,43.309859,198.0 -2.484922,43.309888,198.0 -2.484922,43.309914,197.5 -2.484928,43.309946,197.2 -2.484938,43.309987,196.9 -2.484953,43.310019,197.1 -2.484963,43.310051,197.3 -2.484978,43.310077,197.8 -2.484982,43.310096,198.0 -2.484985,43.310134,198.0 -2.484982,43.310166,197.7 -2.484977,43.310205,197.2 -2.484972,43.310237,196.9 -2.484973,43.310272,196.9 -2.484972,43.310304,196.6 -2.484973,43.310336,196.2 -2.484972,43.310371,196.0 -2.484970,43.310410,195.4 -2.484965,43.310442,195.1 -2.484970,43.310474,195.0 -2.484975,43.310509,194.8 -2.484987,43.310547,194.8 -2.485002,43.310576,194.7 -2.485013,43.310605,194.5 -2.485028,43.310634,194.3 -2.485047,43.310672,194.1 -2.485063,43.310701,193.9 -2.485082,43.310730,193.9 -2.485092,43.310765,193.5 -2.485098,43.310787,193.2 -2.485105,43.310822,192.7 -2.485112,43.310864,192.5 -2.485117,43.310890,192.4 -2.485120,43.310925,192.2 -2.485120,43.310960,191.9 -2.485117,43.310992,191.5 -2.485117,43.311024,191.3 -2.485112,43.311059,191.0 -2.485105,43.311085,190.7 -2.485100,43.311117,190.5 -2.485098,43.311152,190.5 -2.485100,43.311187,190.6 -2.485103,43.311219,190.6 -2.485102,43.311248,190.7 -2.485093,43.311283,190.6 -2.485083,43.311315,190.5 -2.485072,43.311344,190.3 -2.485062,43.311370,190.1 -2.485040,43.311408,190.1 -2.485025,43.311443,190.6 -2.485008,43.311475,190.8 -2.484990,43.311504,190.9 -2.484975,43.311526,190.9 -2.484955,43.311562,191.1 -2.484937,43.311587,191.3 -2.484915,43.311616,191.3 -2.484897,43.311638,191.3 -2.484878,43.311664,191.3 -2.484858,43.311686,191.5 -2.484837,43.311715,192.0 -2.484810,43.311738,192.1 -2.484782,43.311760,192.2 -2.484755,43.311779,192.4 -2.484727,43.311798,192.4 -2.484695,43.311821,192.6 -2.484660,43.311837,192.6 -2.484627,43.311853,192.7 -2.484593,43.311866,192.6 -2.484563,43.311882,192.6 -2.484535,43.311901,192.9 -2.484505,43.311917,193.0 -2.484473,43.311933,193.0 -2.484452,43.311946,193.2 -2.484418,43.311958,193.3 -2.484385,43.311974,193.5 -2.484342,43.311990,193.6 -2.484302,43.312003,193.8 -2.484265,43.312019,194.1 -2.484238,43.312035,194.4 -2.484210,43.312045,194.6 -2.484180,43.312058,194.8 -2.484155,43.312064,194.9 -2.484132,43.312077,195.3 -2.484097,43.312090,195.5 -2.484072,43.312096,195.5 -2.484047,43.312106,195.8 -2.484012,43.312122,196.1 -2.483963,43.312141,196.3 -2.483937,43.312157,196.7 -2.483907,43.312170,196.8 -2.483870,43.312176,196.9 -2.483832,43.312186,196.9 -2.483812,43.312198,197.2 -2.483778,43.312218,197.5 -2.483745,43.312230,197.5 -2.483713,43.312243,197.2 -2.483680,43.312259,197.0 -2.483648,43.312278,196.9 -2.483625,43.312301,196.6 -2.483613,43.312323,196.4 -2.483607,43.312358,196.1 -2.483607,43.312381,195.8 -2.483608,43.312403,195.8 -2.483627,43.312435,195.6 -2.483650,43.312461,195.6 -2.483670,43.312480,195.7 -2.483690,43.312496,195.6 -2.483723,43.312522,195.3 -2.483755,43.312550,194.8 -2.483788,43.312573,194.5 -2.483820,43.312598,194.1 -2.483853,43.312627,193.6 -2.483883,43.312653,193.1 -2.483912,43.312675,192.8 -2.483935,43.312701,192.5 -2.483952,43.312730,192.0 -2.483962,43.312758,191.4 -2.483970,43.312781,190.9 -2.483967,43.312800,190.0 -2.483950,43.312816,189.2 -2.483920,43.312829,188.5 -2.483882,43.312832,188.1 -2.483833,43.312829,187.8 -2.483802,43.312826,187.7 -2.483762,43.312826,187.4 -2.483717,43.312832,186.8 -2.483673,43.312829,186.6 -2.483625,43.312826,186.2 -2.483572,43.312829,185.6 -2.483530,43.312829,185.2 -2.483490,43.312829,184.8 -2.483448,43.312832,184.1 -2.483397,43.312838,183.3 -2.483350,43.312845,182.5 -2.483303,43.312848,182.2 -2.483273,43.312851,181.8 -2.483238,43.312861,181.2 -2.483203,43.312870,180.7 -2.483167,43.312880,180.3 -2.483127,43.312890,179.8 -2.483090,43.312896,179.3 -2.483055,43.312909,178.8 -2.483018,43.312925,178.3 -2.482983,43.312944,177.5 -2.482942,43.312957,177.0 -2.482905,43.312976,176.5 -2.482868,43.312992,176.0 -2.482832,43.313011,175.3 -2.482797,43.313027,174.9 -2.482762,43.313050,174.2 -2.482723,43.313072,173.3 -2.482683,43.313098,172.1 -2.482640,43.313117,171.4 -2.482600,43.313136,170.6 -2.482562,43.313149,170.0 -2.482520,43.313158,169.7 -2.482483,43.313158,169.6 -2.482442,43.313165,169.3 -2.482395,43.313168,169.2 -2.482350,43.313165,169.1 -2.482308,43.313158,169.2 -2.482277,43.313152,169.2 -2.482228,43.313152,168.9 -2.482177,43.313149,168.8 -2.482115,43.313149,168.6 -2.482067,43.313149,168.2 -2.482008,43.313155,167.9 -2.481948,43.313158,167.5 -2.481898,43.313165,167.1 -2.481860,43.313158,167.0 -2.481813,43.313158,166.6 -2.481772,43.313158,166.3 -2.481732,43.313158,166.2 -2.481682,43.313165,165.7 -2.481647,43.313158,165.5 -2.481603,43.313165,165.1 -2.481570,43.313168,164.9 -2.481528,43.313171,164.6 -2.481475,43.313174,164.1 -2.481445,43.313184,163.9 -2.481400,43.313203,163.6 -2.481368,43.313213,163.3 -2.481328,43.313216,162.9 -2.481288,43.313222,162.4 -2.481245,43.313222,161.9 -2.481200,43.313216,161.4 -2.481157,43.313216,160.8 -2.481112,43.313213,160.4 -2.481072,43.313213,159.7 -2.481027,43.313216,159.2 -2.481002,43.313222,159.0 -2.480958,43.313213,158.2 -2.480923,43.313203,157.5 -2.480890,43.313187,156.7 -2.480845,43.313178,155.8 -2.480808,43.313168,155.1 -2.480765,43.313155,154.5 -2.480725,43.313146,153.8 -2.480688,43.313130,153.1 -2.480647,43.313126,152.5 -2.480603,43.313117,151.9 -2.480560,43.313117,151.5 -2.480513,43.313114,151.4 -2.480483,43.313107,151.1 -2.480457,43.313104,151.0 -2.480420,43.313085,150.3 -2.480370,43.313069,149.6 -2.480342,43.313056,149.1 -2.480317,43.313056,149.1 -2.480348,43.313072,149.7 -2.480362,43.313104,151.1 -2.480330,43.313110,151.3 -2.480307,43.313136,152.4 -2.480295,43.313152,153.1 -2.480265,43.313155,153.4 -2.480233,43.313152,153.3 -2.480208,43.313152,153.4 -2.480172,43.313152,153.6 -2.480130,43.313149,153.7 -2.480097,43.313146,153.6 -2.480062,43.313142,153.5 -2.480035,43.313146,153.8 -2.480005,43.313142,153.8 -2.479968,43.313142,153.8 -2.479938,43.313136,153.8 -2.479900,43.313133,153.7 -2.479865,43.313123,153.5 -2.479823,43.313117,153.3 -2.479790,43.313114,153.3 -2.479755,43.313110,153.2 -2.479722,43.313104,153.1 -2.479677,43.313094,152.9 -2.479637,43.313088,153.0 -2.479605,43.313085,153.0 -2.479570,43.313078,153.1 -2.479540,43.313075,153.1 -2.479498,43.313069,153.2 -2.479468,43.313069,153.4 -2.479437,43.313069,153.6 -2.479402,43.313059,153.0 -2.479363,43.313046,152.3 -2.479333,43.313037,151.8 -2.479292,43.313034,151.6 -2.479242,43.313030,151.3 -2.479202,43.313030,151.2 -2.479160,43.313030,151.0 -2.479113,43.313034,151.0 -2.479068,43.313034,150.8 -2.479025,43.313043,151.0 -2.478993,43.313056,151.5 -2.478938,43.313069,151.8 -2.478912,43.313075,151.8 -2.478882,43.313091,152.2 -2.478848,43.313107,152.5 -2.478820,43.313123,152.7 -2.478782,43.313133,152.5 -2.478753,43.313149,152.7 -2.478713,43.313158,152.7 -2.478675,43.313174,152.6 -2.478643,43.313194,152.9 -2.478620,43.313203,152.9 -2.478597,43.313222,153.2 -2.478572,43.313242,153.3 -2.478535,43.313248,152.8 -2.478500,43.313258,152.4 -2.478465,43.313274,152.2 -2.478435,43.313290,152.0 -2.478412,43.313309,152.0 -2.478388,43.313331,152.1 -2.478362,43.313357,152.3 -2.478338,43.313382,152.3 -2.478315,43.313408,152.5 -2.478295,43.313430,152.4 -2.478270,43.313466,152.6 -2.478240,43.313485,152.2 -2.478217,43.313501,151.7 -2.478202,43.313523,151.7 -2.478192,43.313552,151.9 -2.478178,43.313594,152.2 -2.478168,43.313619,152.2 -2.478148,43.313648,152.2 -2.478133,43.313680,152.4 -2.478125,43.313706,152.6 -2.478113,43.313722,152.6 -2.478093,43.313760,152.9 -2.478055,43.313789,152.6 -2.478033,43.313805,152.4 -2.477993,43.313827,151.9 -2.477977,43.313850,152.2 -2.477952,43.313846,151.6 -2.477923,43.313853,151.0 -2.477898,43.313862,150.9 -2.477868,43.313872,150.5 -2.477840,43.313888,150.3 -2.477810,43.313901,150.3 -2.477773,43.313910,149.8 -2.477730,43.313923,150.0 -2.477692,43.313920,149.4 -2.477655,43.313917,148.9 -2.477612,43.313920,148.5 -2.477575,43.313910,147.7 -2.477533,43.313907,147.1 -2.477487,43.313901,146.5 -2.477448,43.313901,146.3 -2.477412,43.313898,145.9 -2.477363,43.313891,145.2 -2.477320,43.313888,144.7 -2.477280,43.313888,144.5 -2.477238,43.313885,144.0 -2.477197,43.313878,143.4 -2.477155,43.313872,142.8 -2.477098,43.313862,142.0 -2.477057,43.313862,141.8 -2.477017,43.313869,142.2 -2.476968,43.313872,142.2 -2.476928,43.313872,142.0 -2.476897,43.313872,141.8 -2.476858,43.313872,141.7 -2.476818,43.313872,141.7 -2.476778,43.313882,142.1 -2.476738,43.313885,142.1 -2.476702,43.313888,142.2 -2.476660,43.313898,142.3 -2.476632,43.313901,142.2 -2.476595,43.313901,141.9 -2.476555,43.313904,141.9 -2.476510,43.313910,141.7 -2.476465,43.313910,141.4 -2.476420,43.313920,141.4 -2.476375,43.313923,140.9 -2.476337,43.313930,140.5 -2.476295,43.313942,140.2 -2.476248,43.313952,139.8 -2.476220,43.313968,139.6 -2.476185,43.313984,139.5 -2.476143,43.314000,139.0 -2.476103,43.314010,138.4 -2.476053,43.314026,137.3 -2.476022,43.314042,136.8 -2.475990,43.314058,136.1 -2.475962,43.314080,135.5 -2.475933,43.314099,134.9 -2.475910,43.314122,134.4 -2.475890,43.314144,133.8 -2.475867,43.314163,133.2 -2.475838,43.314186,132.7 -2.475810,43.314202,132.0 -2.475778,43.314218,131.0 -2.475748,43.314237,130.1 -2.475713,43.314256,129.1 -2.475682,43.314275,128.0 -2.475652,43.314294,126.9 -2.475623,43.314310,125.9 -2.475600,43.314336,125.4 -2.475580,43.314358,124.7 -2.475558,43.314381,124.1 -2.475537,43.314406,123.8 -2.475513,43.314429,123.6 -2.475485,43.314454,123.6 -2.475453,43.314480,123.9 -2.475425,43.314502,124.0 -2.475390,43.314525,124.0 -2.475355,43.314547,123.8 -2.475320,43.314566,123.3 -2.475278,43.314582,122.5 -2.475238,43.314595,122.7 -2.475195,43.314602,122.5 -2.475150,43.314598,122.1 -2.475118,43.314595,121.7 -2.475083,43.314582,121.2 -2.475050,43.314560,120.3 -2.475028,43.314541,119.6 -2.475002,43.314518,118.9 -2.474983,43.314486,118.2 -2.474967,43.314464,117.7 -2.474948,43.314429,116.9 -2.474930,43.314403,116.4 -2.474902,43.314378,115.9 -2.474888,43.314355,115.2 -2.474880,43.314330,114.7 -2.474853,43.314307,114.2 -2.474815,43.314301,114.3 -2.474765,43.314304,114.6 -2.474715,43.314317,115.2 -2.474670,43.314326,114.6 -2.474620,43.314339,114.2 -2.474572,43.314342,113.4 -2.474523,43.314355,112.9 -2.474480,43.314362,112.4 -2.474437,43.314365,112.0 -2.474388,43.314362,111.8 -2.474340,43.314362,111.7 -2.474297,43.314358,111.7 -2.474252,43.314349,111.2 -2.474217,43.314346,111.2 -2.474172,43.314342,110.9 -2.474128,43.314336,111.2 -2.474075,43.314323,111.5 -2.474038,43.314317,111.7 -2.473998,43.314304,111.6 -2.473957,43.314298,111.8 -2.473917,43.314285,111.7 -2.473880,43.314269,111.3 -2.473843,43.314256,111.4 -2.473803,43.314240,111.2 -2.473762,43.314224,110.9 -2.473723,43.314208,110.8 -2.473683,43.314189,110.2 -2.473648,43.314163,109.3 -2.473612,43.314144,109.2 -2.473582,43.314128,109.5 -2.473545,43.314115,110.0 -2.473513,43.314099,110.1 -2.473475,43.314083,110.4 -2.473443,43.314061,110.2 -2.473417,43.314045,110.0 -2.473380,43.314022,109.8 -2.473347,43.314000,109.4 -2.473308,43.313984,109.3 -2.473272,43.313965,108.9 -2.473233,43.313942,108.3 -2.473197,43.313926,108.0 -2.473160,43.313907,107.5 -2.473130,43.313891,107.1 -2.473082,43.313872,106.8 -2.473043,43.313853,106.2 -2.473000,43.313840,105.8 -2.472960,43.313827,105.2 -2.472917,43.313818,105.1 -2.472875,43.313805,104.7 -2.472830,43.313792,104.5 -2.472798,43.313782,104.2 -2.472757,43.313766,103.9 -2.472710,43.313744,103.5 -2.472670,43.313725,103.0 -2.472630,43.313709,102.9 -2.472603,43.313693,102.5 -2.472567,43.313680,102.5 -2.472527,43.313654,102.1 -2.472493,43.313635,101.9 -2.472463,43.313613,101.7 -2.472433,43.313594,101.6 -2.472405,43.313584,101.7 -2.472360,43.313568,101.7 -2.472333,43.313549,101.5 -2.472310,43.313526,101.2 -2.472278,43.313504,100.8 -2.472247,43.313485,100.7 -2.472215,43.313456,100.0 -2.472178,43.313443,99.9 -2.472142,43.313427,99.5 -2.472113,43.313405,98.7 -2.472078,43.313389,98.3 -2.472037,43.313373,97.7 -2.471997,43.313357,97.1 -2.471965,43.313350,96.8 -2.471930,43.313347,96.6 -2.471885,43.313341,96.5 -2.471832,43.313334,96.0 -2.471782,43.313328,95.7 -2.471732,43.313309,94.4 -2.471678,43.313302,94.1 -2.471628,43.313302,94.1 -2.471580,43.313296,93.6 -2.471532,43.313296,93.6 -2.471498,43.313286,92.9 -2.471467,43.313270,91.7 -2.471432,43.313254,90.6 -2.471390,43.313245,90.0 -2.471363,43.313232,89.3 -2.471323,43.313216,88.3 -2.471290,43.313206,87.7 -2.471257,43.313187,86.5 -2.471220,43.313171,85.5 -2.471178,43.313155,84.7 -2.471137,43.313136,83.5 -2.471098,43.313126,82.9 -2.471068,43.313114,82.4 -2.471043,43.313107,82.0 -2.471013,43.313088,80.9 -2.470977,43.313078,80.5 -2.470935,43.313075,80.7 -2.470892,43.313072,80.8 -2.470827,43.313056,80.0 -2.470767,43.313043,79.1 -2.470713,43.313030,78.2 -2.470668,43.313014,76.9 -2.470625,43.313014,76.9 -2.470565,43.313011,76.8 -2.470535,43.313014,76.9 -2.470505,43.313018,77.0 -2.470465,43.313027,77.3 -2.470428,43.313030,77.3 -2.470383,43.313030,77.1 -2.470335,43.313030,76.6 -2.470285,43.313030,76.3 -2.470235,43.313027,75.4 -2.470190,43.313034,75.0 -2.470142,43.313043,74.8 -2.470100,43.313053,74.7 -2.470052,43.313066,74.5 -2.470005,43.313075,74.1 -2.469972,43.313085,73.7 -2.469933,43.313094,73.1 -2.469902,43.313114,73.2 -2.469868,43.313130,73.0 -2.469830,43.313133,72.2 -2.469788,43.313130,71.0 -2.469747,43.313126,69.7 -2.469707,43.313130,68.9 -2.469660,43.313136,67.7 -2.469620,43.313155,67.5 -2.469580,43.313171,66.9 -2.469543,43.313178,66.2 -2.469508,43.313184,65.4 -2.469473,43.313184,64.4 -2.469443,43.313187,63.7 -2.469397,43.313197,63.4 -2.469355,43.313206,62.9 -2.469305,43.313210,62.2 -2.469253,43.313210,61.2 -2.469208,43.313216,60.7 -2.469165,43.313229,60.6 -2.469117,43.313242,60.3 -2.469068,43.313251,59.9 -2.469017,43.313248,59.1 -2.468968,43.313245,58.1 -2.468918,43.313242,57.2 -2.468875,43.313242,56.5 -2.468828,43.313242,55.9 -2.468785,43.313245,55.3 -2.468740,43.313245,54.5 -2.468697,43.313251,54.1 -2.468658,43.313267,54.4 -2.468622,43.313274,54.2 -2.468580,43.313286,54.5 -2.468537,43.313290,54.4 -2.468488,43.313286,53.9 -2.468437,43.313283,53.3 -2.468378,43.313277,52.7 -2.468338,43.313270,52.1 -2.468290,43.313277,52.0 -2.468253,43.313283,52.0 -2.468218,43.313283,51.8 -2.468178,43.313277,51.1 -2.468133,43.313270,50.6 -2.468093,43.313267,50.2 -2.468058,43.313267,50.0 -2.468027,43.313267,49.6 -2.467990,43.313267,49.4 -2.467955,43.313258,48.7 -2.467922,43.313254,48.3 -2.467885,43.313248,47.8 -2.467840,43.313242,47.3 -2.467807,43.313235,46.8 -2.467777,43.313229,46.5 -2.467748,43.313226,45.9 -2.467722,43.313216,45.4 -2.467673,43.313210,44.6 -2.467625,43.313187,43.4 -2.467593,43.313178,42.8 -2.467557,43.313168,42.0 -2.467515,43.313158,41.2 -2.467485,43.313155,40.6 -2.467457,43.313152,40.0 -2.467430,43.313155,39.6 -2.467405,43.313158,39.1 -2.467388,43.313174,39.3 -2.467367,43.313187,39.2 -2.467335,43.313190,38.7 -2.467307,43.313190,38.2 -2.467277,43.313194,37.7 -2.467242,43.313194,36.9 -2.467208,43.313197,36.3 -2.467180,43.313203,36.1 -2.467148,43.313210,35.6 -2.467113,43.313213,35.1 -2.467077,43.313216,34.6 -2.467035,43.313213,33.9 -2.466998,43.313216,33.2 -2.466955,43.313216,32.5 -2.466913,43.313216,32.0 -2.466868,43.313216,31.5 -2.466825,43.313210,30.9 -2.466782,43.313210,30.4 -2.466740,43.313210,29.9 -2.466698,43.313210,29.5 -2.466657,43.313210,29.1 -2.466612,43.313206,29.0 -2.466567,43.313203,28.9 -2.466522,43.313197,28.9 -2.466480,43.313190,28.6 -2.466443,43.313184,28.6 -2.466415,43.313174,28.4 -2.466385,43.313158,28.2 -2.466368,43.313142,27.9 -2.466362,43.313123,27.7 -2.466365,43.313104,27.5 -2.466398,43.313075,27.3 -2.466422,43.313056,27.1 -2.466443,43.313037,27.1 -2.466462,43.313014,27.1 -2.466493,43.312989,27.0 -2.466525,43.312966,27.0 -2.466553,43.312950,27.0 -2.466583,43.312934,27.0 -2.466628,43.312915,26.9 -2.466660,43.312896,26.9 -2.466692,43.312880,27.1 -2.466722,43.312858,27.2 -2.466757,43.312845,27.4 -2.466790,43.312819,27.6 -2.466823,43.312800,27.8 -2.466847,43.312781,28.0 -2.466882,43.312765,28.3 -2.466912,43.312749,28.2 -2.466940,43.312730,28.3 -2.466972,43.312707,28.1 -2.467005,43.312694,28.0 -2.467033,43.312682,27.8 -2.467055,43.312672,27.7 -2.467092,43.312659,27.5 -2.467125,43.312640,27.0 -2.467150,43.312630,26.8 -2.467182,43.312614,26.5 -2.467218,43.312598,26.1 -2.467257,43.312582,25.7 -2.467297,43.312570,25.1 -2.467325,43.312560,24.8 -2.467375,43.312554,24.4 -2.467418,43.312550,23.9 -2.467465,43.312547,23.6 -2.467512,43.312541,23.2 -2.467555,43.312541,23.1 -2.467600,43.312534,22.8 -2.467642,43.312518,22.1 -2.467683,43.312502,21.4 -2.467728,43.312477,20.9 -2.467767,43.312458,20.6 -2.467802,43.312438,20.5 -2.467838,43.312419,20.4 -2.467875,43.312397,20.2 -2.467908,43.312381,20.2 -2.467935,43.312358,20.0 -2.467962,43.312339,19.9 -2.467992,43.312317,19.8 -2.468015,43.312301,19.8 -2.468040,43.312282,19.6 -2.468063,43.312262,19.5 -2.468082,43.312243,19.4 -2.468095,43.312221,19.3 -2.468092,43.312195,19.2 -2.468073,43.312173,18.9 -2.468048,43.312154,18.8 -2.468020,43.312138,18.6 -2.467985,43.312122,18.4 -2.467957,43.312106,18.2 -2.467922,43.312096,18.2 -2.467887,43.312083,17.9 -2.467850,43.312064,17.7 -2.467823,43.312045,17.5 -2.467795,43.312026,17.4 -2.467767,43.312013,17.3 -2.467745,43.311997,17.4 -2.467720,43.311974,17.4 -2.467698,43.311955,17.3 -2.467682,43.311933,17.4 -2.467668,43.311904,17.4 -2.467653,43.311885,17.5 -2.467635,43.311859,17.5 -2.467622,43.311837,17.3 -2.467608,43.311814,17.3 -2.467600,43.311792,17.3 -2.467595,43.311763,17.3 -2.467585,43.311741,17.2 -2.467582,43.311718,17.2 -2.467575,43.311686,17.1 -2.467570,43.311664,17.1 -2.467560,43.311638,16.9 -2.467550,43.311616,16.9 -2.467535,43.311587,16.7 -2.467523,43.311565,16.7 -2.467515,43.311536,16.6 -2.467505,43.311510,16.4 -2.467492,43.311488,16.4 -2.467475,43.311466,16.3 -2.467458,43.311443,16.2 -2.467440,43.311421,16.1 -2.467423,43.311398,16.0 -2.467407,43.311376,15.9 -2.467390,43.311350,15.5 -2.467372,43.311328,15.3 -2.467353,43.311306,15.0 -2.467333,43.311283,14.6 -2.467313,43.311261,14.4 -2.467295,43.311238,14.0 -2.467277,43.311219,13.7 -2.467253,43.311190,13.3 -2.467225,43.311171,13.0 -2.467192,43.311162,12.9 -2.467158,43.311149,12.7 -2.467133,43.311139,12.8 -2.467090,43.311130,12.7 -2.467055,43.311123,12.8 -2.467018,43.311120,12.9 -2.466982,43.311117,13.0 -2.466952,43.311117,13.0 -2.466913,43.311117,13.2 -2.466868,43.311110,13.3 -2.466832,43.311104,13.5 -2.466795,43.311091,13.8 -2.466767,43.311088,14.0 -2.466733,43.311085,14.1 -2.466693,43.311072,14.3 -2.466657,43.311069,14.3 -2.466617,43.311062,14.3 -2.466587,43.311053,14.3 -2.466550,43.311046,14.4 -2.466498,43.311046,14.2 -2.466457,43.311050,14.1 -2.466418,43.311040,14.1 -2.466385,43.311034,14.0 -2.466352,43.311030,14.0 -2.466323,43.311021,14.1 -2.466292,43.311018,14.1 -2.466258,43.311008,14.0 -2.466232,43.311005,14.0 -2.466192,43.310998,13.8 -2.466155,43.310989,13.8 -2.466120,43.310986,13.8 -2.466087,43.310982,13.7 -2.466058,43.310979,13.6 -2.466025,43.310966,13.4 -2.465982,43.310954,13.4 -2.465950,43.310944,13.2 -2.465922,43.310928,13.0 -2.465893,43.310912,12.9 -2.465863,43.310902,12.8 -2.465837,43.310893,12.6 -2.465798,43.310880,12.6 -2.465780,43.310864,12.4 -2.465743,43.310861,12.4 -2.465698,43.310851,12.2 -2.465668,43.310848,12.2 -2.465633,43.310848,12.2 -2.465603,43.310848,12.3 -2.465568,43.310851,12.3 -2.465532,43.310848,12.3 -2.465493,43.310848,12.5 -2.465457,43.310848,12.6 -2.465423,43.310848,12.7 -2.465398,43.310854,12.9 -2.465372,43.310861,13.1 -2.465345,43.310854,13.1 -2.465315,43.310851,13.2 -2.465270,43.310842,13.1 -2.465245,43.310842,13.2 -2.465218,43.310829,13.3 -2.465188,43.310813,13.5 -2.465158,43.310800,13.6 -2.465127,43.310790,13.7 -2.465095,43.310784,13.7 -2.465070,43.310774,13.8 -2.465037,43.310755,13.9 -2.465007,43.310730,14.0 -2.464990,43.310710,14.0 -2.464985,43.310688,14.0 -2.464988,43.310666,14.0 -2.464992,43.310640,14.0 -2.464993,43.310611,14.1 -2.464997,43.310589,14.1 -2.464995,43.310557,14.1 -2.464998,43.310531,14.4 -2.465008,43.310509,14.8 -2.465022,43.310483,15.3 -2.465037,43.310464,15.6 -2.465062,43.310448,15.9 -2.465087,43.310429,16.1 -2.465127,43.310416,16.3 -2.465172,43.310422,16.1 -2.465215,43.310410,16.2 -2.465250,43.310397,16.4 -2.465293,43.310387,16.4 -2.465330,43.310378,16.5 -2.465363,43.310368,16.6 -2.465382,43.310346,16.8 -2.465413,43.310333,16.9 -2.465445,43.310323,16.9 -2.465485,43.310310,16.9 -2.465527,43.310304,16.8 -2.465563,43.310294,16.9 -2.465593,43.310288,16.8 -2.465628,43.310272,16.8 -2.465660,43.310250,16.8 -2.465692,43.310237,16.7 -2.465732,43.310218,16.4 -2.465777,43.310211,16.4 -2.465807,43.310205,16.1 -2.465840,43.310192,16.0 -2.465872,43.310179,16.2 -2.465900,43.310176,16.4 -2.465938,43.310170,16.5 -2.465970,43.310160,16.7 -2.466005,43.310150,16.9 -2.466040,43.310138,17.1 -2.466072,43.310128,17.4 -2.466102,43.310118,17.6 -2.466137,43.310112,17.9 -2.466175,43.310106,18.3 -2.466203,43.310099,18.5 -2.466245,43.310090,18.8 -2.466282,43.310077,19.1 -2.466315,43.310067,19.5 -2.466353,43.310054,19.8 -2.466393,43.310035,20.0 -2.466425,43.310026,20.3 -2.466458,43.310013,20.5 -2.466493,43.310000,20.8 -2.466525,43.309990,21.0 -2.466560,43.309981,21.3 -2.466593,43.309974,21.5 -2.466627,43.309965,21.7 -2.466660,43.309958,22.1 -2.466695,43.309955,22.3 -2.466732,43.309949,22.6 -2.466768,43.309936,22.7 -2.466807,43.309920,23.0 -2.466843,43.309907,23.3 -2.466890,43.309888,23.6 -2.466930,43.309888,23.9 -2.466960,43.309878,24.0 -2.467000,43.309869,24.1 -2.467033,43.309856,24.2 -2.467060,43.309850,24.2 -2.467093,43.309830,24.3 -2.467127,43.309811,24.2 -2.467157,43.309802,24.2 -2.467192,43.309792,24.2 -2.467235,43.309779,24.2 -2.467273,43.309770,24.4 -2.467308,43.309757,24.4 -2.467342,43.309747,24.5 -2.467373,43.309731,24.6 -2.467392,43.309696,24.7 -2.467405,43.309674,24.9 -2.467415,43.309651,25.0 -2.467420,43.309632,25.2 -2.467423,43.309603,25.4 -2.467427,43.309584,25.5 -2.467405,43.309555,25.6 -2.467402,43.309533,25.7 -2.467387,43.309504,25.7 -2.467375,43.309482,25.8 -2.467360,43.309456,25.9 -2.467337,43.309437,26.0 -2.467320,43.309411,26.0 -2.467318,43.309379,26.1 -2.467337,43.309357,26.1 -2.467372,43.309338,26.1 -2.467395,43.309322,26.0 -2.467418,43.309306,26.0 -2.467443,43.309296,26.1 -2.467465,43.309274,26.0 -2.467522,43.309238,26.0 -2.467553,43.309213,26.0 -2.467577,43.309197,26.0 -2.467605,43.309184,26.0 -2.467657,43.309165,26.1 -2.467680,43.309155,26.0 -2.467700,43.309139,26.0 -2.467730,43.309117,26.0 -2.467755,43.309091,26.0 -2.467778,43.309072,26.1 -2.467813,43.309056,26.1 -2.467848,43.309046,26.0 -2.467890,43.309040,26.0 -2.467913,43.309034,26.0 -2.467927,43.309008,26.1 -2.467925,43.308986,26.0 -2.467920,43.308960,26.1 -2.467917,43.308934,26.0 -2.467923,43.308899,26.0 -2.467928,43.308867,26.2 -2.467937,43.308845,26.3 -2.467952,43.308822,26.5 -2.467963,43.308794,26.7 -2.467973,43.308758,27.0 -2.467982,43.308723,27.3 -2.467997,43.308694,27.7 -2.468010,43.308659,28.2 -2.468017,43.308630,28.4 -2.468028,43.308614,28.8 -2.468040,43.308589,28.9 -2.468053,43.308563,28.8 -2.468062,43.308531,28.9 -2.468055,43.308506,28.6 -2.468028,43.308483,28.4 -2.467992,43.308470,28.0 -2.467967,43.308464,27.7 -2.467927,43.308470,27.3 -2.467905,43.308480,27.2 -2.467880,43.308486,27.0 -2.467852,43.308499,26.7 -2.467827,43.308518,26.6 -2.467795,43.308531,26.3 -2.467777,43.308570,26.1 -2.467782,43.308598,26.1 -2.467790,43.308624,26.1 -2.467800,43.308650,26.3 -2.467812,43.308682,26.4 -2.467833,43.308720,26.4 -2.467848,43.308746,26.4 -2.467868,43.308774,26.4 -2.467883,43.308803,26.5 -2.467883,43.308842,26.3 -2.467908,43.308861,26.2 -2.467938,43.308896,26.1 -2.467973,43.308922,26.0 -2.468018,43.308928,26.0 -2.468058,43.308944,26.0 -2.468088,43.308957,26.4 -2.468122,43.308976,26.6 -2.468157,43.308995,26.7 -2.468205,43.309008,26.9 -2.468243,43.309024,27.0 -2.468278,43.309053,27.0 -2.468313,43.309082,26.8 -2.468343,43.309114,26.7 -2.468375,43.309139,26.4 -2.468398,43.309158,26.1 -2.468440,43.309165,26.1 -2.468463,43.309158,26.1 -2.468490,43.309162,26.2 -2.468502,43.309146,26.4 -2.468497,43.309126,26.7 -2.468492,43.309104,26.9 -2.468462,43.309117,26.7 -2.468423,43.309098,26.9 -2.468400,43.309075,27.1 -2.468367,43.309053,27.4 -2.468327,43.309037,27.5 -2.468303,43.309021,27.4 -2.468272,43.308995,27.5 -2.468245,43.308976,27.4 -2.468218,43.308954,27.4 -2.468193,43.308928,27.3 -2.468162,43.308906,27.1 -2.468127,43.308886,26.8 -2.468095,43.308874,26.6 -2.468055,43.308867,26.2 -2.468013,43.308864,26.3 -2.467975,43.308861,26.3 -2.467947,43.308842,26.4 -2.467930,43.308810,26.6 -2.467913,43.308781,26.7 -2.467913,43.308749,26.7 -2.467917,43.308726,26.9 -2.467902,43.308707,26.9 -2.467870,43.308694,26.7 -2.467840,43.308678,26.5 -2.467803,43.308659,26.2 -2.467767,43.308650,26.0 -2.467732,43.308643,26.0 -2.467703,43.308640,26.0 -2.467673,43.308656,26.1 -2.467643,43.308669,26.0 -2.467612,43.308694,26.1 -2.467580,43.308714,26.1 -2.467548,43.308723,26.0 -2.467502,43.308742,26.1 -2.467462,43.308758,26.0 -2.467425,43.308768,26.0 -2.467385,43.308784,26.0 -2.467348,43.308800,26.0 -2.467307,43.308816,26.1 -2.467267,43.308826,26.0 -2.467223,43.308835,26.1 -2.467183,43.308826,26.2 -2.467148,43.308816,26.2 -2.467117,43.308800,26.4 -2.467077,43.308787,26.4 -2.467033,43.308787,26.4 -2.466987,43.308787,26.6 -2.466943,43.308787,26.6 -2.466913,43.308794,27.0 -2.466892,43.308803,27.2 -2.466858,43.308803,27.6 -2.466825,43.308819,27.8 -2.466807,43.308835,27.9 -2.466785,43.308864,27.8 -2.466772,43.308883,27.8 -2.466772,43.308854,27.9 -2.466782,43.308835,28.1 -2.466783,43.308810,28.2 -2.466790,43.308762,28.5 -2.466787,43.308742,28.5 -2.466775,43.308720,28.9 -2.466777,43.308701,29.1 -2.466768,43.308675,29.3 -2.466772,43.308656,29.4 -2.466770,43.308627,29.6 -2.466773,43.308602,29.8 -2.466773,43.308579,30.2 -2.466773,43.308547,30.5 -2.466777,43.308528,30.7 -2.466785,43.308506,30.8 -2.466802,43.308480,30.5 -2.466825,43.308451,30.1 -2.466862,43.308426,29.2 -2.466898,43.308410,28.2 -2.466932,43.308400,27.2 -2.466963,43.308381,26.9 -2.466992,43.308358,26.9 -2.467017,43.308339,26.8 -2.467043,43.308310,26.9 -2.467068,43.308298,26.9 -2.467098,43.308278,26.8 -2.467128,43.308262,26.9 -2.467167,43.308246,26.6 -2.467205,43.308243,26.4 -2.467245,43.308234,26.3 -2.467282,43.308224,26.3 -2.467323,43.308211,26.4 -2.467353,43.308208,26.3 -2.467403,43.308186,26.3 -2.467448,43.308166,26.1 -2.467483,43.308150,26.1 -2.467525,43.308150,26.0 -2.467567,43.308141,26.0 -2.467603,43.308125,26.1 -2.467648,43.308102,26.0 -2.467692,43.308074,26.0 -2.467703,43.308048,26.0 -2.467718,43.307994,26.1 -2.467722,43.307955,26.1 -2.467703,43.307920,26.1 -2.467695,43.307882,26.1 -2.467685,43.307846,26.1 -2.467673,43.307814,26.1 -2.467655,43.307786,26.1 -2.467625,43.307757,26.1 -2.467600,43.307731,26.2 -2.467582,43.307696,26.1 -2.467568,43.307667,26.1 -2.467558,43.307632,26.1 -2.467548,43.307597,26.2 -2.467543,43.307558,26.1 -2.467533,43.307526,26.2 -2.467528,43.307507,26.2 -2.467552,43.307478,26.3 -2.467580,43.307475,26.3 -2.467580,43.307453,26.4 -2.467538,43.307437,26.1 -2.467517,43.307424,26.2 -2.467493,43.307398,26.1 -2.467480,43.307379,26.2 -2.467453,43.307350,26.5 -2.467435,43.307325,26.8 -2.467418,43.307299,27.0 -2.467405,43.307277,27.3 -2.467393,43.307254,27.5 -2.467378,43.307235,27.7 -2.467362,43.307216,28.1 -2.467333,43.307187,28.6 -2.467320,43.307165,28.9 -2.467310,43.307146,29.3 -2.467300,43.307126,29.5 -2.467293,43.307107,29.7 -2.467282,43.307088,30.0 -2.467272,43.307069,30.3 -2.467260,43.307046,30.7 -2.467250,43.307027,30.9 -2.467242,43.307002,31.2 -2.467230,43.306979,31.7 -2.467223,43.306957,32.0 -2.467220,43.306934,32.1 -2.467217,43.306912,32.4 -2.467215,43.306883,32.8 -2.467198,43.306848,33.4 -2.467190,43.306813,33.9 -2.467183,43.306794,34.3 -2.467183,43.306774,34.5 -2.467180,43.306755,34.7 -2.467182,43.306736,34.8 -2.467177,43.306701,35.2 -2.467180,43.306682,35.3 -2.467183,43.306656,35.5 -2.467185,43.306637,35.5 -2.467180,43.306618,35.8 -2.467175,43.306598,36.1 -2.467173,43.306579,36.4 -2.467172,43.306557,36.6 -2.467180,43.306531,36.5 -2.467198,43.306502,36.2 -2.467205,43.306480,36.0 -2.467197,43.306461,36.5 -2.467198,43.306438,36.6 -2.467197,43.306416,36.8 -2.467195,43.306394,37.0 -2.467198,43.306371,37.1 -2.467212,43.306355,36.7 -2.467223,43.306326,36.5 -2.467232,43.306304,36.4 -2.467238,43.306282,36.4 -2.467238,43.306259,36.5 -2.467238,43.306237,36.8 -2.467243,43.306214,36.8 -2.467253,43.306192,36.7 -2.467263,43.306163,36.5 -2.467278,43.306134,36.2 -2.467290,43.306106,36.2 -2.467293,43.306080,36.2 -2.467297,43.306054,36.3 -2.467312,43.306022,36.1 -2.467327,43.305987,35.8 -2.467332,43.305962,35.7 -2.467340,43.305939,35.6 -2.467348,43.305920,35.4 -2.467333,43.305942,35.8 -2.467318,43.305962,36.1 -2.467307,43.305984,36.4 -2.467292,43.306006,36.8 -2.467278,43.306029,36.9 -2.467268,43.306054,37.1 -2.467260,43.306077,37.1 -2.467252,43.306096,37.2 -2.467243,43.306115,37.5 -2.467235,43.306144,37.4 -2.467227,43.306163,37.5 -2.467217,43.306182,37.8 -2.467205,43.306205,38.0 -2.467197,43.306224,38.3 -2.467190,43.306253,38.4 -2.467172,43.306285,38.8 -2.467168,43.306304,38.8 -2.467172,43.306333,38.4 -2.467165,43.306358,38.6 -2.467152,43.306390,38.8 -2.467140,43.306413,39.1 -2.467132,43.306438,39.1 -2.467122,43.306464,39.2 -2.467105,43.306493,39.6 -2.467093,43.306522,39.8 -2.467087,43.306557,39.6 -2.467085,43.306595,39.2 -2.467097,43.306621,38.5 -2.467103,43.306643,38.2 -2.467105,43.306669,37.8 -2.467093,43.306714,37.9 -2.467082,43.306730,38.1 -2.467072,43.306698,38.7 -2.467078,43.306675,38.6 -2.467078,43.306643,38.9 -2.467068,43.306614,39.6 -2.467065,43.306595,40.0 -2.467055,43.306563,40.7 -2.467042,43.306534,41.4 -2.467018,43.306515,42.6 -2.466998,43.306493,43.6 -2.466980,43.306480,44.5 -2.466967,43.306464,45.2 -2.466962,43.306438,45.7 -2.466957,43.306403,46.3 -2.466948,43.306381,46.9 -2.466942,43.306355,47.3 -2.466937,43.306336,47.7 -2.466937,43.306307,48.0 -2.466935,43.306282,48.3 -2.466937,43.306253,48.4 -2.466932,43.306227,48.7 -2.466935,43.306202,48.9 -2.466925,43.306176,49.4 -2.466920,43.306144,50.0 -2.466915,43.306115,50.4 -2.466920,43.306093,50.4 -2.466908,43.306064,51.2 -2.466907,43.306042,51.4 -2.466912,43.306016,51.6 -2.466903,43.305997,52.1 -2.466882,43.305981,53.1 -2.466847,43.305974,54.7 -2.466825,43.305955,55.8 -2.466803,43.305939,56.8 -2.466785,43.305917,57.8 -2.466768,43.305894,58.7 -2.466735,43.305875,60.1 -2.466700,43.305862,61.6 -2.466663,43.305859,63.1 -2.466627,43.305869,64.5 -2.466602,43.305898,65.6 -2.466585,43.305917,66.1 -2.466578,43.305936,66.3 -2.466570,43.305955,66.4 -2.466553,43.305978,67.0 -2.466548,43.306006,67.1 -2.466537,43.306035,67.2 -2.466513,43.306058,68.0 -2.466497,43.306080,68.4 -2.466485,43.306106,68.7 -2.466483,43.306128,68.4 -2.466467,43.306154,68.8 -2.466452,43.306173,69.3 -2.466423,43.306186,70.3 -2.466402,43.306198,71.0 -2.466375,43.306214,71.7 -2.466340,43.306246,72.6 -2.466310,43.306266,73.4 -2.466277,43.306294,74.1 -2.466262,43.306314,74.4 -2.466238,43.306326,75.0 -2.466213,43.306346,75.5 -2.466188,43.306362,76.0 -2.466162,43.306374,76.7 -2.466125,43.306378,77.7 -2.466098,43.306374,78.2 -2.466055,43.306371,78.1 -2.466022,43.306358,78.2 -2.466000,43.306336,78.3 -2.465985,43.306320,78.4 -2.465977,43.306294,78.5 -2.465967,43.306262,78.5 -2.465963,43.306237,78.5 -2.465953,43.306218,78.4 -2.465945,43.306186,78.4 -2.465953,43.306138,78.7 -2.465950,43.306118,78.7 -2.465945,43.306096,78.8 -2.465940,43.306067,79.0 -2.465935,43.306045,79.1 -2.465932,43.306019,79.3 -2.465928,43.305994,79.6 -2.465920,43.305965,79.7 -2.465920,43.305942,79.9 -2.465912,43.305920,80.1 -2.465907,43.305898,80.2 -2.465900,43.305875,80.3 -2.465893,43.305846,80.5 -2.465887,43.305818,80.9 -2.465880,43.305795,81.2 -2.465875,43.305776,81.4 -2.465867,43.305741,81.8 -2.465862,43.305715,82.1 -2.465852,43.305686,82.5 -2.465842,43.305664,82.6 -2.465828,43.305642,82.6 -2.465812,43.305619,82.0 -2.465793,43.305590,81.6 -2.465777,43.305565,81.0 -2.465763,43.305546,80.8 -2.465783,43.305578,81.1 -2.465793,43.305600,81.3 -2.465803,43.305619,81.6 -2.465810,43.305645,81.5 -2.465818,43.305670,81.7 -2.465827,43.305696,81.7 -2.465832,43.305722,81.6 -2.465833,43.305744,81.3 -2.465840,43.305770,81.1 -2.465840,43.305795,80.7 -2.465845,43.305821,80.3 -2.465850,43.305846,80.0 -2.465857,43.305878,79.9 -2.465887,43.305904,79.9 -2.465917,43.305914,80.2 -2.465945,43.305914,80.6 -2.465968,43.305904,80.9 -2.466000,43.305898,81.3 -2.466020,43.305878,81.6 -2.466037,43.305856,82.1 -2.466053,43.305830,82.4 -2.466057,43.305798,83.2 -2.466057,43.305779,83.5 -2.466060,43.305760,83.9 -2.466063,43.305728,84.6 -2.466063,43.305709,85.1 -2.466058,43.305690,85.4 -2.466062,43.305667,86.0 -2.466075,43.305638,86.6 -2.466072,43.305606,87.4 -2.466072,43.305587,87.7 -2.466083,43.305552,88.7 -2.466093,43.305530,89.3 -2.466097,43.305510,90.0 -2.466107,43.305482,90.8 -2.466100,43.305453,91.4 -2.466095,43.305427,92.1 -2.466115,43.305402,92.8 -2.466135,43.305386,92.5 -2.466150,43.305366,92.3 -2.466168,43.305341,92.3 -2.466153,43.305312,93.6 -2.466157,43.305290,94.0 -2.466153,43.305267,94.5 -2.466147,43.305245,95.3 -2.466147,43.305219,95.7 -2.466142,43.305200,96.1 -2.466133,43.305174,97.0 -2.466118,43.305155,97.9 -2.466100,43.305142,98.4 -2.466085,43.305120,98.9 -2.466065,43.305101,99.2 -2.466055,43.305075,99.8 -2.466043,43.305053,100.2 -2.466023,43.305030,100.8 -2.466007,43.305008,101.2 -2.465985,43.304986,101.9 -2.465967,43.304970,102.3 -2.465953,43.304954,102.8 -2.465947,43.304934,103.4 -2.465942,43.304912,104.1 -2.465935,43.304893,104.8 -2.465927,43.304870,105.5 -2.465923,43.304851,106.0 -2.465918,43.304826,106.8 -2.465912,43.304803,107.6 -2.465903,43.304774,108.6 -2.465895,43.304749,109.4 -2.465888,43.304726,110.2 -2.465885,43.304704,110.8 -2.465883,43.304685,111.3 -2.465883,43.304666,111.8 -2.465877,43.304643,112.5 -2.465865,43.304624,113.3 -2.465862,43.304598,114.1 -2.465862,43.304576,114.7 -2.465853,43.304557,115.4 -2.465855,43.304538,115.9 -2.465853,43.304506,116.7 -2.465853,43.304486,117.3 -2.465850,43.304458,118.1 -2.465845,43.304435,118.8 -2.465845,43.304406,118.8 -2.465843,43.304381,119.0 -2.465845,43.304355,119.1 -2.465847,43.304330,119.1 -2.465840,43.304307,119.3 -2.465840,43.304278,119.4 -2.465835,43.304250,119.7 -2.465830,43.304214,119.8 -2.465825,43.304195,119.6 -2.465820,43.304173,119.6 -2.465815,43.304147,119.1 -2.465810,43.304118,118.6 -2.465803,43.304096,118.0 -2.465798,43.304070,117.5 -2.465793,43.304038,117.0 -2.465787,43.304013,116.5 -2.465782,43.303981,115.8 -2.465780,43.303955,115.4 -2.465777,43.303930,115.0 -2.465775,43.303901,114.5 -2.465773,43.303869,114.2 -2.465773,43.303840,114.0 -2.465773,43.303811,113.7 -2.465768,43.303782,113.3 -2.465770,43.303757,113.1 -2.465767,43.303725,112.8 -2.465767,43.303696,112.6 -2.465767,43.303661,112.3 -2.465772,43.303635,112.2 -2.465778,43.303597,112.2 -2.465790,43.303571,112.4 -2.465800,43.303542,112.5 -2.465815,43.303517,112.7 -2.465833,43.303491,113.2 -2.465857,43.303462,112.4 -2.465877,43.303434,111.9 -2.465895,43.303402,111.4 -2.465913,43.303373,111.0 -2.465937,43.303338,110.6 -2.465957,43.303302,109.8 -2.465975,43.303277,109.4 -2.465990,43.303248,109.0 -2.466007,43.303226,108.8 -2.466032,43.303203,108.5 -2.466062,43.303178,108.5 -2.466090,43.303149,108.7 -2.466117,43.303120,108.6 -2.466150,43.303085,108.2 -2.466180,43.303056,107.8 -2.466197,43.303027,108.1 -2.466215,43.303002,108.4 -2.466227,43.302979,108.9 -2.466237,43.302950,109.4 -2.466248,43.302925,109.9 -2.466257,43.302902,110.4 -2.466260,43.302880,110.9 -2.466262,43.302861,111.2 -2.466263,43.302842,111.7 -2.466267,43.302819,112.3 -2.466273,43.302797,112.9 -2.466283,43.302762,113.1 -2.466285,43.302739,113.1 -2.466287,43.302704,113.0 -2.466285,43.302685,113.0 -2.466288,43.302662,113.0 -2.466293,43.302643,113.1 -2.466297,43.302621,113.0 -2.466298,43.302602,113.0 -2.466303,43.302579,113.2 -2.466312,43.302554,113.3 -2.466320,43.302528,113.5 -2.466330,43.302502,113.7 -2.466338,43.302474,113.4 -2.466355,43.302448,113.4 -2.466368,43.302413,113.2 -2.466383,43.302381,113.1 -2.466395,43.302352,112.7 -2.466408,43.302330,112.3 -2.466425,43.302310,111.7 -2.466445,43.302291,111.2 -2.466483,43.302256,110.6 -2.466518,43.302234,110.1 -2.466553,43.302208,109.7 -2.466580,43.302182,109.5 -2.466605,43.302150,109.5 -2.466632,43.302128,109.8 -2.466660,43.302106,110.3 -2.466692,43.302077,109.8 -2.466718,43.302051,109.1 -2.466743,43.302026,108.5 -2.466762,43.301997,108.3 -2.466770,43.301968,108.4 -2.466770,43.301933,108.6 -2.466762,43.301904,108.6 -2.466748,43.301869,108.7 -2.466740,43.301837,108.5 -2.466737,43.301808,108.1 -2.466733,43.301779,107.9 -2.466738,43.301750,107.4 -2.466750,43.301715,106.9 -2.466763,43.301680,106.5 -2.466775,43.301651,106.4 -2.466783,43.301619,106.4 -2.466788,43.301590,106.6 -2.466800,43.301565,106.6 -2.466813,43.301530,106.9 -2.466823,43.301498,107.1 -2.466832,43.301469,107.3 -2.466842,43.301437,107.5 -2.466855,43.301414,107.8 -2.466862,43.301392,108.2 -2.466870,43.301370,108.5 -2.466880,43.301341,108.9 -2.466885,43.301315,109.1 -2.466893,43.301296,109.6 -2.466903,43.301274,110.0 -2.466913,43.301254,110.4 -2.466920,43.301235,110.7 -2.466923,43.301216,111.1 -2.466927,43.301197,111.4 -2.466930,43.301178,111.7 -2.466932,43.301158,112.0 -2.466932,43.301139,112.4 -2.466937,43.301120,112.8 -2.466940,43.301101,113.0 -2.466942,43.301078,113.4 -2.466942,43.301059,113.6 -2.466945,43.301040,113.8 -2.466947,43.301018,113.9 -2.466947,43.300998,114.1 -2.466950,43.300963,114.5 -2.466953,43.300944,114.6 -2.466955,43.300925,114.7 -2.466955,43.300902,114.9 -2.466957,43.300883,115.1 -2.466958,43.300861,115.4 -2.466952,43.300842,115.7 -2.466950,43.300816,115.9 -2.466948,43.300797,115.8 -2.466952,43.300771,115.7 -2.466955,43.300742,115.4 -2.466963,43.300717,115.2 -2.466973,43.300682,114.9 -2.466982,43.300656,114.5 -2.466990,43.300634,114.3 -2.466997,43.300608,114.1 -2.467005,43.300586,113.9 -2.467007,43.300557,113.9 -2.467008,43.300525,113.9 -2.467010,43.300499,113.9 -2.467010,43.300474,114.0 -2.467012,43.300448,114.0 -2.467032,43.300416,113.9 -2.467053,43.300381,114.0 -2.467072,43.300355,114.0 -2.467087,43.300323,114.3 -2.467092,43.300285,114.5 -2.467093,43.300266,114.6 -2.467095,43.300243,114.9 -2.467108,43.300205,115.1 -2.467117,43.300182,115.4 -2.467125,43.300163,115.8 -2.467132,43.300144,116.1 -2.467143,43.300125,116.5 -2.467153,43.300106,116.9 -2.467177,43.300080,117.7 -2.467193,43.300058,118.3 -2.467207,43.300032,119.1 -2.467225,43.300010,119.8 -2.467240,43.299987,119.8 -2.467255,43.299968,119.9 -2.467288,43.299942,119.9 -2.467303,43.299923,120.0 -2.467333,43.299901,120.2 -2.467347,43.299885,120.6 -2.467358,43.299869,120.9 -2.467370,43.299846,121.5 -2.467388,43.299821,122.1 -2.467415,43.299802,122.6 -2.467445,43.299786,123.3 -2.467478,43.299779,123.6 -2.467493,43.299760,124.5 -2.467498,43.299741,125.2 -2.467510,43.299718,126.0 -2.467530,43.299690,126.1 -2.467542,43.299670,126.4 -2.467565,43.299651,126.5 -2.467597,43.299632,126.7 -2.467610,43.299610,127.0 -2.467628,43.299584,127.6 -2.467645,43.299562,128.2 -2.467658,43.299542,128.7 -2.467667,43.299520,129.3 -2.467687,43.299494,130.1 -2.467707,43.299475,130.8 -2.467735,43.299440,131.9 -2.467760,43.299411,132.6 -2.467782,43.299395,132.9 -2.467800,43.299370,133.1 -2.467807,43.299344,133.5 -2.467815,43.299325,133.8 -2.467818,43.299306,134.2 -2.467827,43.299286,134.4 -2.467843,43.299267,134.7 -2.467855,43.299242,135.1 -2.467867,43.299206,135.8 -2.467878,43.299184,136.2 -2.467895,43.299162,136.7 -2.467920,43.299149,136.8 -2.467942,43.299110,137.6 -2.467943,43.299085,138.0 -2.467955,43.299066,138.5 -2.467963,43.299037,139.1 -2.467963,43.299018,139.6 -2.467970,43.298995,140.2 -2.467970,43.298963,140.9 -2.467963,43.298944,141.1 -2.467948,43.298925,141.2 -2.467947,43.298893,141.8 -2.467955,43.298874,142.3 -2.467975,43.298854,143.3 -2.467997,43.298838,144.2 -2.468002,43.298819,144.6 -2.467978,43.298813,143.9 -2.468010,43.298800,145.2 -2.468022,43.298774,145.9 -2.468017,43.298752,146.1 -2.468043,43.298752,147.0 -2.468057,43.298726,148.0 -2.468047,43.298698,148.1 -2.468058,43.298682,148.8 -2.468087,43.298646,150.1 -2.468105,43.298630,150.8 -2.468127,43.298614,151.8 -2.468145,43.298592,152.5 -2.468170,43.298576,153.5 -2.468183,43.298560,154.1 -2.468197,43.298541,154.7 -2.468215,43.298515,155.8 -2.468233,43.298496,156.5 -2.468232,43.298467,157.0 -2.468235,43.298448,157.4 -2.468232,43.298422,157.8 -2.468243,43.298400,158.5 -2.468243,43.298381,159.0 -2.468275,43.298342,160.8 -2.468295,43.298317,161.8 -2.468310,43.298301,162.6 -2.468328,43.298250,164.1 -2.468332,43.298218,164.6 -2.468342,43.298195,165.4 -2.468362,43.298182,166.1 -2.468372,43.298160,166.7 -2.468383,43.298141,167.4 -2.468393,43.298122,168.1 -2.468407,43.298099,169.0 -2.468395,43.298080,168.8 -2.468405,43.298051,169.7 -2.468408,43.298019,170.3 -2.468393,43.297990,170.4 -2.468397,43.297971,170.7 -2.468397,43.297952,171.2 -2.468375,43.297942,170.5 -2.468347,43.297917,170.0 -2.468327,43.297885,169.9 -2.468317,43.297846,170.5 -2.468293,43.297824,170.6 -2.468255,43.297802,170.6 -2.468218,43.297802,170.1 -2.468193,43.297798,169.9 -2.468163,43.297795,169.5 -2.468137,43.297782,169.7 -2.468110,43.297782,169.4 -2.468077,43.297776,169.3 -2.468052,43.297766,169.7 -2.468023,43.297760,170.2 -2.467965,43.297757,170.5 -2.467923,43.297757,170.7 -2.467893,43.297760,170.7 -2.467868,43.297760,170.7 -2.467848,43.297744,171.7 -2.467815,43.297734,172.3 -2.467770,43.297734,172.4 -2.467733,43.297718,173.3 -2.467700,43.297728,172.7 -2.467670,43.297722,173.0 -2.467630,43.297715,173.3 -2.467597,43.297706,173.6 -2.467557,43.297706,173.5 -2.467515,43.297706,173.4 -2.467477,43.297706,173.3 -2.467452,43.297715,172.8 -2.467403,43.297712,172.7 -2.467377,43.297706,172.8 -2.467348,43.297706,172.7 -2.467320,43.297702,172.8 -2.467277,43.297680,173.2 -2.467247,43.297654,173.9 -2.467215,43.297638,173.9 -2.467178,43.297629,173.0 -2.467143,43.297619,172.2 -2.467120,43.297606,171.7 -2.467112,43.297587,171.9 -2.467105,43.297562,172.2 -2.467088,43.297539,172.1 -2.467058,43.297520,171.3 -2.467037,43.297498,170.8 -2.467033,43.297475,171.4 -2.467035,43.297450,172.2 -2.467043,43.297418,173.5 -2.467037,43.297398,174.0 -2.467012,43.297389,173.4 -2.466987,43.297366,173.3 -2.466968,43.297350,173.2 -2.466950,43.297338,173.0 -2.466937,43.297318,173.4 -2.466930,43.297270,174.8 -2.466907,43.297258,174.6 -2.466883,43.297245,174.3 -2.466860,43.297232,174.3 -2.466840,43.297219,174.2 -2.466833,43.297190,174.9 -2.466813,43.297162,175.3 -2.466790,43.297133,175.7 -2.466777,43.297101,176.4 -2.466768,43.297072,177.1 -2.466742,43.297046,177.4 -2.466722,43.297011,178.0 -2.466748,43.297008,178.9 -2.466767,43.297024,178.9 -2.466802,43.297021,179.9 -2.466813,43.297040,179.4 -2.466817,43.297059,178.9 -2.466837,43.297082,178.7 -2.466875,43.297078,179.9 -2.466910,43.297072,180.9 -2.466938,43.297085,181.3 -2.466982,43.297078,182.5 -2.467012,43.297069,183.5 -2.467043,43.297069,184.1 -2.467082,43.297069,184.8 -2.467118,43.297078,185.4 -2.467142,43.297085,185.7 -2.467168,43.297085,186.4 -2.467195,43.297088,186.9 -2.467233,43.297091,187.6 -2.467270,43.297098,188.6 -2.467292,43.297085,189.3 -2.467312,43.297059,190.1 -2.467313,43.297037,190.5 -2.467318,43.297008,191.1 -2.467323,43.296979,191.7 -2.467320,43.296960,192.0 -2.467310,43.296941,192.1 -2.467278,43.296928,191.9 -2.467263,43.296890,193.0 -2.467258,43.296867,193.7 -2.467250,43.296848,194.2 -2.467240,43.296826,194.8 -2.467203,43.296790,195.3 -2.467170,43.296784,195.0 -2.467133,43.296784,194.5 -2.467107,43.296768,194.7 -2.467103,43.296746,195.4 -2.467108,43.296723,196.4 -2.467117,43.296694,197.6 -2.467112,43.296675,198.1 -2.467105,43.296656,198.8 -2.467090,43.296634,199.5 -2.467067,43.296614,200.0 -2.467045,43.296595,200.2 -2.467048,43.296573,201.2 -2.467063,43.296534,203.0 -2.467072,43.296512,204.1 -2.467072,43.296493,204.8 -2.467093,43.296470,206.6 -2.467090,43.296451,207.2 -2.467067,43.296445,206.6 -2.467045,43.296435,206.2 -2.467037,43.296416,206.7 -2.467020,43.296394,206.8 -2.466988,43.296371,206.8 -2.466963,43.296346,207.0 -2.466950,43.296326,207.6 -2.466932,43.296310,207.9 -2.466912,43.296294,208.2 -2.466893,43.296275,208.8 -2.466867,43.296262,208.8 -2.466847,43.296250,209.0 -2.466815,43.296237,208.8 -2.466807,43.296214,209.8 -2.466793,43.296198,210.4 -2.466778,43.296163,211.9 -2.466752,43.296144,212.3 -2.466743,43.296115,213.8 -2.466730,43.296086,214.9 -2.466720,43.296054,216.3 -2.466725,43.296026,217.8 -2.466715,43.295997,219.0 -2.466698,43.295981,219.5 -2.466698,43.295955,220.8 -2.466693,43.295933,221.7 -2.466690,43.295910,222.8 -2.466683,43.295878,224.2 -2.466682,43.295856,225.3 -2.466665,43.295830,226.3 -2.466662,43.295808,227.4 -2.466640,43.295782,228.6 -2.466625,43.295754,229.8 -2.466602,43.295741,230.3 -2.466570,43.295738,230.1 -2.466547,43.295728,230.5 -2.466518,43.295722,230.4 -2.466483,43.295712,230.7 -2.466445,43.295712,230.2 -2.466412,43.295702,230.4 -2.466375,43.295699,230.6 -2.466362,43.295715,230.1 -2.466327,43.295731,230.1 -2.466298,43.295747,230.0 -2.466265,43.295760,230.1 -2.466232,43.295757,231.0 -2.466215,43.295741,232.3 -2.466188,43.295741,232.8 -2.466170,43.295728,233.9 -2.466140,43.295715,235.1 -2.466123,43.295699,236.1 -2.466127,43.295677,237.0 -2.466152,43.295648,237.7 -2.466163,43.295632,238.1 -2.466190,43.295619,238.2 -2.466215,43.295610,238.2 -2.466227,43.295594,238.6 -2.466193,43.295587,239.4 -2.466200,43.295562,240.5 -2.466227,43.295542,241.0 -2.466245,43.295523,241.9 -2.466273,43.295517,241.7 -2.466302,43.295520,241.2 -2.466318,43.295494,242.4 -2.466352,43.295488,242.1 -2.466392,43.295482,242.1 -2.466417,43.295475,242.7 -2.466445,43.295488,242.1 -2.466470,43.295488,242.3 -2.466492,43.295472,243.3 -2.466522,43.295469,243.8 -2.466562,43.295459,244.5 -2.466585,43.295453,245.0 -2.466603,43.295437,245.7 -2.466625,43.295418,246.8 -2.466648,43.295405,247.4 -2.466670,43.295379,248.7 -2.466677,43.295360,249.6 -2.466683,43.295331,251.0 -2.466683,43.295306,252.0 -2.466695,43.295283,253.2 -2.466698,43.295264,253.5 -2.466695,43.295245,253.6 -2.466678,43.295222,253.4 -2.466672,43.295197,253.5 -2.466663,43.295142,253.5 -2.466652,43.295120,253.6 -2.466628,43.295104,253.7 -2.466597,43.295101,253.6 -2.466568,43.295098,253.7 -2.466542,43.295104,253.6 -2.466503,43.295114,253.7 -2.466475,43.295120,253.6 -2.466447,43.295120,253.6 -2.466417,43.295120,253.7 -2.466392,43.295120,253.6 -2.466357,43.295120,253.9 -2.466327,43.295126,254.2 -2.466290,43.295126,254.5 -2.466250,43.295133,254.8 -2.466213,43.295136,255.2 -2.466182,43.295139,255.5 -2.466147,43.295139,255.8 -2.466098,43.295139,256.2 -2.466070,43.295139,256.6 -2.466032,43.295142,257.1 -2.465992,43.295139,257.7 -2.465968,43.295133,258.1 -2.465943,43.295120,258.3 -2.465913,43.295104,258.7 -2.465865,43.295085,259.2 -2.465820,43.295066,259.8 -2.465800,43.295053,259.9 -2.465780,43.295040,260.2 -2.465755,43.295024,260.4 -2.465737,43.295005,260.4 -2.465718,43.294986,260.2 -2.465672,43.294960,259.9 -2.465663,43.294941,259.3 -2.465650,43.294925,258.9 -2.465622,43.294902,258.5 -2.465607,43.294886,258.3 -2.465588,43.294858,257.5 -2.465573,43.294838,257.0 -2.465548,43.294813,256.4 -2.465525,43.294787,256.0 -2.465497,43.294778,256.3 -2.465472,43.294765,256.4 -2.465445,43.294746,256.3 -2.465410,43.294723,256.2 -2.465385,43.294714,256.4 -2.465362,43.294701,256.2 -2.465332,43.294688,256.1 -2.465297,43.294685,256.8 -2.465262,43.294678,257.1 -2.465227,43.294669,257.2 -2.465192,43.294659,257.5 -2.465153,43.294650,257.6 -2.465120,43.294643,257.8 -2.465083,43.294637,258.2 -2.465047,43.294627,258.4 -2.465015,43.294621,258.6 -2.464978,43.294618,258.8 -2.464945,43.294614,258.8 -2.464912,43.294608,258.4 -2.464878,43.294605,258.3 -2.464842,43.294602,258.4 -2.464810,43.294602,258.4 -2.464777,43.294602,258.5 -2.464738,43.294598,258.4 -2.464697,43.294589,258.0 -2.464660,43.294582,258.0 -2.464625,43.294579,258.2 -2.464590,43.294576,258.3 -2.464560,43.294566,258.1 -2.464530,43.294563,258.4 -2.464497,43.294560,258.6 -2.464452,43.294550,258.5 -2.464417,43.294544,258.8 -2.464382,43.294541,259.2 -2.464350,43.294538,259.5 -2.464327,43.294525,259.6 -2.464302,43.294509,259.4 -2.464278,43.294499,259.7 -2.464258,43.294483,259.6 -2.464220,43.294467,260.1 -2.464198,43.294458,260.5 -2.464163,43.294438,261.0 -2.464147,43.294422,260.8 -2.464127,43.294406,260.6 -2.464100,43.294387,260.5 -2.464073,43.294368,260.6 -2.464042,43.294371,261.0 -2.463997,43.294352,261.2 -2.463973,43.294339,261.5 -2.463945,43.294326,261.7 -2.463922,43.294304,262.0 -2.463895,43.294288,262.3 -2.463873,43.294278,262.4 -2.463850,43.294259,262.5 -2.463798,43.294237,262.8 -2.463773,43.294227,262.8 -2.463745,43.294221,263.1 -2.463722,43.294208,263.4 -2.463707,43.294189,263.8 -2.463672,43.294170,264.4 -2.463630,43.294154,264.5 -2.463610,43.294141,264.4 -2.463568,43.294118,264.0 -2.463542,43.294106,263.8 -2.463513,43.294102,263.8 -2.463488,43.294090,263.8 -2.463460,43.294083,263.9 -2.463432,43.294070,263.8 -2.463400,43.294061,264.0 -2.463363,43.294051,264.3 -2.463338,43.294048,264.4 -2.463305,43.294026,264.8 -2.463258,43.294010,265.2 -2.463227,43.294000,265.6 -2.463205,43.293987,266.0 -2.463175,43.293984,266.3 -2.463140,43.293971,267.0 -2.463110,43.293965,267.4 -2.463077,43.293949,268.2 -2.463047,43.293942,268.8 -2.463017,43.293933,269.4 -2.462977,43.293920,270.1 -2.462948,43.293920,270.3 -2.462907,43.293914,270.9 -2.462858,43.293907,271.6 -2.462808,43.293901,272.4 -2.462780,43.293891,272.9 -2.462753,43.293885,273.2 -2.462727,43.293882,273.6 -2.462702,43.293875,273.9 -2.462655,43.293869,274.4 -2.462603,43.293866,274.7 -2.462578,43.293862,275.0 -2.462530,43.293853,275.5 -2.462503,43.293850,275.9 -2.462450,43.293846,275.8 -2.462413,43.293843,275.7 -2.462387,43.293840,275.6 -2.462357,43.293840,275.5 -2.462303,43.293830,275.6 -2.462267,43.293824,275.7 -2.462232,43.293821,275.8 -2.462202,43.293814,276.0 -2.462173,43.293814,276.1 -2.462143,43.293814,276.0 -2.462110,43.293821,275.7 -2.462082,43.293814,276.0 -2.462057,43.293811,276.2 -2.462030,43.293811,276.2 -2.462003,43.293811,276.2 -2.461973,43.293802,276.4 -2.461947,43.293795,276.7 -2.461905,43.293786,277.4 -2.461875,43.293776,277.9 -2.461852,43.293770,278.3 -2.461817,43.293757,279.0 -2.461770,43.293747,279.6 -2.461742,43.293747,279.8 -2.461705,43.293747,280.0 -2.461655,43.293747,280.4 -2.461605,43.293750,280.8 -2.461565,43.293754,280.9 -2.461540,43.293757,281.1 -2.461510,43.293763,281.1 -2.461458,43.293766,281.7 -2.461425,43.293770,281.7 -2.461398,43.293773,282.0 -2.461375,43.293782,282.0 -2.461335,43.293789,282.6 -2.461293,43.293795,283.1 -2.461257,43.293805,283.6 -2.461230,43.293811,283.9 -2.461185,43.293827,284.1 -2.461167,43.293840,283.9 -2.461123,43.293850,284.4 -2.461098,43.293862,284.5 -2.461058,43.293872,285.2 -2.461037,43.293882,285.4 -2.460995,43.293891,286.4 -2.460972,43.293901,286.7 -2.460930,43.293914,287.5 -2.460912,43.293926,287.7 -2.460875,43.293942,288.4 -2.460835,43.293968,288.7 -2.460817,43.293981,288.9 -2.460782,43.293990,289.6 -2.460740,43.294013,290.1 -2.460728,43.294029,290.0 -2.460712,43.294045,290.0 -2.460682,43.294061,290.5 -2.460643,43.294074,291.2 -2.460612,43.294093,291.6 -2.460583,43.294106,292.1 -2.460565,43.294118,292.1 -2.460535,43.294138,292.2 -2.460495,43.294154,292.5 -2.460452,43.294163,293.1 -2.460415,43.294173,293.4 -2.460377,43.294186,293.6 -2.460337,43.294189,294.2 -2.460315,43.294198,294.3 -2.460270,43.294208,294.8 -2.460223,43.294218,294.7 -2.460197,43.294221,294.8 -2.460152,43.294224,295.1 -2.460107,43.294230,295.2 -2.460080,43.294237,295.2 -2.460055,43.294240,295.3 -2.460025,43.294243,295.4 -2.459965,43.294246,295.7 -2.459935,43.294246,295.7 -2.459907,43.294246,295.8 -2.459867,43.294246,296.1 -2.459818,43.294246,296.3 -2.459778,43.294246,296.4 -2.459737,43.294230,297.3 -2.459718,43.294218,297.8 -2.459695,43.294202,298.4 -2.459660,43.294182,299.2 -2.459637,43.294166,299.8 -2.459592,43.294150,299.7 -2.459568,43.294141,299.8 -2.459543,43.294131,299.7 -2.459495,43.294109,299.8 -2.459473,43.294099,299.9 -2.459448,43.294083,299.9 -2.459423,43.294067,299.9 -2.459402,43.294054,299.9 -2.459378,43.294048,299.7 -2.459353,43.294042,299.5 -2.459327,43.294029,299.5 -2.459300,43.294013,299.4 -2.459265,43.294006,299.3 -2.459238,43.294000,299.1 -2.459213,43.293990,298.9 -2.459180,43.293971,298.9 -2.459153,43.293965,298.9 -2.459125,43.293946,299.0 -2.459093,43.293930,299.1 -2.459062,43.293914,299.3 -2.459023,43.293904,299.3 -2.458973,43.293904,299.0 -2.458920,43.293914,298.7 -2.458860,43.293926,298.3 -2.458820,43.293930,298.2 -2.458783,43.293933,298.0 -2.458740,43.293942,297.9 -2.458702,43.293946,297.8 -2.458665,43.293952,297.7 -2.458637,43.293955,297.6 -2.458598,43.293955,297.5 -2.458555,43.293965,297.0 -2.458518,43.293968,296.7 -2.458480,43.293968,296.4 -2.458438,43.293968,296.1 -2.458402,43.293968,296.0 -2.458363,43.293968,295.7 -2.458325,43.293968,295.3 -2.458293,43.293968,295.0 -2.458252,43.293968,294.5 -2.458203,43.293965,294.0 -2.458167,43.293965,293.5 -2.458130,43.293962,293.1 -2.458095,43.293962,292.8 -2.458057,43.293955,292.3 -2.458023,43.293955,291.7 -2.457987,43.293965,291.2 -2.457952,43.293965,290.8 -2.457923,43.293965,290.3 -2.457883,43.293965,289.6 -2.457838,43.293965,288.9 -2.457807,43.293965,288.4 -2.457778,43.293965,288.0 -2.457740,43.293965,287.2 -2.457700,43.293962,286.5 -2.457658,43.293955,285.7 -2.457622,43.293952,285.0 -2.457582,43.293946,284.3 -2.457532,43.293942,283.3 -2.457498,43.293933,282.7 -2.457457,43.293930,282.4 -2.457405,43.293930,281.9 -2.457368,43.293930,281.5 -2.457323,43.293939,280.9 -2.457277,43.293939,280.5 -2.457245,43.293942,280.1 -2.457223,43.293952,279.6 -2.457190,43.293955,279.8 -2.457163,43.293939,280.4 -2.457150,43.293910,281.2 -2.457152,43.293885,281.5 -2.457142,43.293866,281.0 -2.457107,43.293856,281.1 -2.457073,43.293846,281.0 -2.457040,43.293834,280.8 -2.457005,43.293827,280.8 -2.456968,43.293821,280.9 -2.456935,43.293811,281.0 -2.456900,43.293805,281.3 -2.456860,43.293795,281.5 -2.456828,43.293792,281.8 -2.456795,43.293786,282.1 -2.456765,43.293776,282.1 -2.456733,43.293770,282.4 -2.456698,43.293757,282.4 -2.456668,43.293754,282.6 -2.456628,43.293744,282.8 -2.456603,43.293741,283.0 -2.456563,43.293734,283.3 -2.456535,43.293731,283.6 -2.456503,43.293728,283.8 -2.456470,43.293722,284.1 -2.456437,43.293715,284.3 -2.456403,43.293709,284.5 -2.456368,43.293706,284.8 -2.456335,43.293702,285.2 -2.456303,43.293696,285.4 -2.456273,43.293693,285.8 -2.456243,43.293686,285.9 -2.456210,43.293683,286.3 -2.456182,43.293674,286.4 -2.456152,43.293674,287.0 -2.456122,43.293670,287.2 -2.456087,43.293667,287.4 -2.456055,43.293664,287.6 -2.456023,43.293654,287.4 -2.455988,43.293651,287.5 -2.455958,43.293651,287.8 -2.455917,43.293648,288.0 -2.455885,43.293645,288.1 -2.455858,43.293635,287.8 -2.455818,43.293629,288.0 -2.455785,43.293629,288.6 -2.455753,43.293629,289.0 -2.455723,43.293629,289.3 -2.455697,43.293629,289.7 -2.455668,43.293626,290.1 -2.455635,43.293626,290.6 -2.455607,43.293622,290.8 -2.455580,43.293613,290.8 -2.455553,43.293610,291.1 -2.455525,43.293606,291.5 -2.455495,43.293603,291.8 -2.455467,43.293594,291.9 -2.455440,43.293587,292.2 -2.455418,43.293578,292.3 -2.455387,43.293571,292.6 -2.455338,43.293562,293.3 -2.455312,43.293555,293.6 -2.455265,43.293542,294.2 -2.455237,43.293533,294.5 -2.455215,43.293523,294.7 -2.455172,43.293504,295.0 -2.455150,43.293494,295.1 -2.455128,43.293478,294.8 -2.455088,43.293453,294.7 -2.455047,43.293427,294.6 -2.455022,43.293414,294.5 -2.454997,43.293398,294.4 -2.454970,43.293389,294.5 -2.454917,43.293373,294.8 -2.454885,43.293366,295.2 -2.454855,43.293357,295.5 -2.454822,43.293347,295.7 -2.454790,43.293338,295.9 -2.454758,43.293334,296.4 -2.454728,43.293328,296.5 -2.454697,43.293325,296.9 -2.454658,43.293318,297.2 -2.454628,43.293315,297.6 -2.454595,43.293312,298.0 -2.454563,43.293309,298.4 -2.454525,43.293306,298.9 -2.454495,43.293299,299.1 -2.454465,43.293293,299.4 -2.454438,43.293290,299.7 -2.454413,43.293280,299.9 -2.454387,43.293277,300.6 -2.454362,43.293270,300.8 -2.454338,43.293258,300.8 -2.454315,43.293251,301.1 -2.454272,43.293232,301.4 -2.454250,43.293219,301.4 -2.454225,43.293210,301.6 -2.454202,43.293197,301.6 -2.454155,43.293178,302.0 -2.454132,43.293171,302.3 -2.454107,43.293165,302.8 -2.454087,43.293152,302.8 -2.454067,43.293139,302.6 -2.454047,43.293126,302.6 -2.454007,43.293110,303.0 -2.453988,43.293098,303.1 -2.453942,43.293088,303.9 -2.453915,43.293078,304.4 -2.453888,43.293072,304.8 -2.453860,43.293069,305.1 -2.453837,43.293059,305.0 -2.453792,43.293050,305.2 -2.453757,43.293040,305.3 -2.453732,43.293037,305.5 -2.453703,43.293030,305.6 -2.453670,43.293030,306.0 -2.453647,43.293021,305.9 -2.453618,43.293018,306.1 -2.453580,43.293011,306.3 -2.453548,43.293008,306.3 -2.453523,43.293002,306.2 -2.453495,43.292998,306.4 -2.453468,43.292995,306.4 -2.453440,43.292992,306.5 -2.453403,43.292989,306.8 -2.453377,43.292986,306.9 -2.453318,43.292973,307.0 -2.453293,43.292966,307.0 -2.453267,43.292960,307.2 -2.453240,43.292954,307.4 -2.453220,43.292941,307.3 -2.453192,43.292931,307.3 -2.453157,43.292918,307.4 -2.453128,43.292912,307.7 -2.453100,43.292899,307.7 -2.453055,43.292886,308.2 -2.453022,43.292870,308.5 -2.452997,43.292858,308.6 -2.452952,43.292835,308.9 -2.452928,43.292819,308.9 -2.452905,43.292810,309.2 -2.452882,43.292797,309.3 -2.452860,43.292787,309.5 -2.452837,43.292771,309.7 -2.452795,43.292752,310.5 -2.452772,43.292739,310.9 -2.452732,43.292723,311.5 -2.452705,43.292714,311.8 -2.452647,43.292701,312.8 -2.452618,43.292691,313.1 -2.452572,43.292682,313.9 -2.452548,43.292675,314.1 -2.452510,43.292659,314.6 -2.452483,43.292656,314.7 -2.452450,43.292650,314.8 -2.452425,43.292640,314.6 -2.452383,43.292630,314.6 -2.452355,43.292621,314.6 -2.452318,43.292611,314.7 -2.452297,43.292595,314.5 -2.452248,43.292582,314.5 -2.452220,43.292570,314.5 -2.452193,43.292560,314.2 -2.452167,43.292554,313.9 -2.452142,43.292541,313.6 -2.452115,43.292531,313.3 -2.452082,43.292522,313.0 -2.452050,43.292506,312.9 -2.452018,43.292490,312.8 -2.451985,43.292470,313.0 -2.451953,43.292454,313.3 -2.451927,43.292435,313.2 -2.451898,43.292416,313.0 -2.451870,43.292397,312.8 -2.451837,43.292378,312.4 -2.451803,43.292358,312.3 -2.451772,43.292346,312.0 -2.451733,43.292333,311.7 -2.451708,43.292317,311.8 -2.451675,43.292301,311.9 -2.451642,43.292285,311.6 -2.451603,43.292266,311.6 -2.451580,43.292253,311.6 -2.451547,43.292234,311.6 -2.451518,43.292218,311.5 -2.451490,43.292198,311.5 -2.451467,43.292186,311.2 -2.451440,43.292166,311.1 -2.451410,43.292141,311.0 -2.451390,43.292122,311.0 -2.451368,43.292099,310.8 -2.451350,43.292077,310.9 -2.451337,43.292061,310.9 -2.451322,43.292038,311.0 -2.451303,43.292013,311.0 -2.451293,43.291987,311.2 -2.451283,43.291965,311.3 -2.451278,43.291939,311.8 -2.451273,43.291914,312.2 -2.451273,43.291888,312.8 -2.451275,43.291866,313.5 -2.451273,43.291840,314.1 -2.451267,43.291818,314.4 -2.451255,43.291786,314.7 -2.451242,43.291763,314.8 -2.451225,43.291738,314.7 -2.451205,43.291709,314.7 -2.451182,43.291690,314.2 -2.451157,43.291670,313.7 -2.451132,43.291658,313.1 -2.451103,43.291642,312.7 -2.451073,43.291626,312.3 -2.451045,43.291610,312.0 -2.451017,43.291590,312.0 -2.450992,43.291581,311.4 -2.450968,43.291562,311.3 -2.450943,43.291542,311.2 -2.450927,43.291523,311.2 -2.450910,43.291504,311.3 -2.450892,43.291482,311.3 -2.450883,43.291462,311.6 -2.450868,43.291437,311.9 -2.450855,43.291408,312.3 -2.450852,43.291382,312.6 -2.450850,43.291363,312.5 -2.450847,43.291338,312.4 -2.450843,43.291309,312.1 -2.450842,43.291274,312.0 -2.450842,43.291248,311.8 -2.450843,43.291219,311.9 -2.450845,43.291190,311.8 -2.450848,43.291165,311.9 -2.450850,43.291139,311.9 -2.450850,43.291107,311.6 -2.450852,43.291082,311.7 -2.450853,43.291053,311.5 -2.450857,43.291030,311.5 -2.450858,43.291002,311.5 -2.450858,43.290970,311.3 -2.450863,43.290944,311.3 -2.450870,43.290912,311.4 -2.450880,43.290883,311.3 -2.450890,43.290851,311.4 -2.450898,43.290826,311.4 -2.450903,43.290797,311.5 -2.450903,43.290774,311.4 -2.450905,43.290749,311.3 -2.450910,43.290726,311.4 -2.450918,43.290698,311.5 -2.450923,43.290675,311.7 -2.450930,43.290646,311.6 -2.450947,43.290614,312.1 -2.450945,43.290589,312.0 -2.450942,43.290563,311.9 -2.450927,43.290534,311.7 -2.450907,43.290512,311.7 -2.450888,43.290490,311.7 -2.450872,43.290467,311.9 -2.450855,43.290438,312.1 -2.450840,43.290413,312.2 -2.450820,43.290387,312.1 -2.450803,43.290358,312.0 -2.450787,43.290336,311.8 -2.450767,43.290310,311.6 -2.450750,43.290285,311.6 -2.450730,43.290256,311.4 -2.450708,43.290234,311.0 -2.450687,43.290208,310.8 -2.450667,43.290179,310.8 -2.450647,43.290157,310.7 -2.450625,43.290134,310.7 -2.450610,43.290115,310.7 -2.450588,43.290090,310.9 -2.450573,43.290074,311.1 -2.450552,43.290048,311.4 -2.450530,43.290029,311.2 -2.450507,43.289997,311.6 -2.450490,43.289974,311.3 -2.450472,43.289955,311.1 -2.450457,43.289933,311.1 -2.450443,43.289910,311.1 -2.450427,43.289888,311.1 -2.450412,43.289862,311.1 -2.450398,43.289843,311.1 -2.450382,43.289821,311.2 -2.450367,43.289798,311.4 -2.450352,43.289776,311.4 -2.450340,43.289754,311.6 -2.450328,43.289725,312.1 -2.450318,43.289702,312.2 -2.450303,43.289680,312.2 -2.450290,43.289654,312.3 -2.450270,43.289603,312.6 -2.450258,43.289578,312.6 -2.450238,43.289555,312.6 -2.450217,43.289536,312.4 -2.450198,43.289520,312.2 -2.450163,43.289501,311.9 -2.450138,43.289478,311.9 -2.450110,43.289462,311.6 -2.450088,43.289446,311.7 -2.450057,43.289434,311.2 -2.450022,43.289418,311.0 -2.449980,43.289402,310.9 -2.449943,43.289392,310.9 -2.449908,43.289379,311.0 -2.449873,43.289366,311.0 -2.449838,43.289360,311.0 -2.449808,43.289357,310.9 -2.449763,43.289347,311.0 -2.449727,43.289344,310.9 -2.449687,43.289344,310.8 -2.449643,43.289341,310.7 -2.449598,43.289341,310.7 -2.449558,43.289341,310.6 -2.449517,43.289344,310.4 -2.449477,43.289347,310.2 -2.449435,43.289360,309.9 -2.449398,43.289373,309.9 -2.449362,43.289386,309.8 -2.449325,43.289398,309.9 -2.449290,43.289414,310.1 -2.449255,43.289424,310.3 -2.449222,43.289437,310.6 -2.449187,43.289453,310.8 -2.449153,43.289462,310.7 -2.449118,43.289475,310.6 -2.449083,43.289485,310.5 -2.449045,43.289491,310.6 -2.449005,43.289498,310.8 -2.448970,43.289504,310.9 -2.448937,43.289514,311.0 -2.448902,43.289517,311.2 -2.448867,43.289517,311.5 -2.448837,43.289517,311.8 -2.448808,43.289520,312.0 -2.448745,43.289526,312.6 -2.448713,43.289526,312.7 -2.448683,43.289533,313.1 -2.448657,43.289536,313.4 -2.448627,43.289539,313.6 -2.448570,43.289552,314.4 -2.448542,43.289555,314.7 -2.448513,43.289558,314.9 -2.448485,43.289565,315.3 -2.448458,43.289571,315.7 -2.448428,43.289581,316.1 -2.448400,43.289594,316.4 -2.448377,43.289603,316.7 -2.448353,43.289616,316.8 -2.448322,43.289632,317.2 -2.448298,43.289645,317.4 -2.448275,43.289661,317.7 -2.448253,43.289677,317.9 -2.448233,43.289690,317.9 -2.448197,43.289699,318.2 -2.448168,43.289712,318.3 -2.448140,43.289718,318.5 -2.448115,43.289731,318.4 -2.448067,43.289741,318.3 -2.448038,43.289750,318.2 -2.448010,43.289754,318.4 -2.447960,43.289760,318.6 -2.447932,43.289770,318.5 -2.447903,43.289770,318.8 -2.447867,43.289779,318.7 -2.447838,43.289782,318.9 -2.447805,43.289789,318.9 -2.447777,43.289792,319.0 -2.447752,43.289792,319.3 -2.447722,43.289792,319.8 -2.447663,43.289795,320.5 -2.447635,43.289795,320.9 -2.447608,43.289795,321.1 -2.447582,43.289798,321.5 -2.447557,43.289802,321.6 -2.447530,43.289805,321.7 -2.447505,43.289811,321.8 -2.447460,43.289814,322.5 -2.447413,43.289830,322.4 -2.447372,43.289840,322.6 -2.447347,43.289843,323.0 -2.447318,43.289843,323.4 -2.447293,43.289850,323.4 -2.447268,43.289853,323.8 -2.447225,43.289856,324.3 -2.447195,43.289859,324.6 -2.447168,43.289862,324.9 -2.447143,43.289869,325.0 -2.447118,43.289875,325.3 -2.447093,43.289878,325.5 -2.447050,43.289888,325.9 -2.447008,43.289894,326.4 -2.446980,43.289898,326.7 -2.446952,43.289898,327.4 -2.446905,43.289910,327.4 -2.446862,43.289917,327.6 -2.446828,43.289920,327.9 -2.446782,43.289933,327.8 -2.446755,43.289933,328.1 -2.446718,43.289936,328.6 -2.446687,43.289939,328.8 -2.446648,43.289936,329.3 -2.446605,43.289936,329.8 -2.446567,43.289939,330.2 -2.446528,43.289939,330.7 -2.446490,43.289933,331.4 -2.446457,43.289933,331.7 -2.446430,43.289933,332.0 -2.446398,43.289933,332.4 -2.446365,43.289930,332.8 -2.446338,43.289923,333.1 -2.446307,43.289917,333.4 -2.446270,43.289904,334.0 -2.446245,43.289894,334.3 -2.446217,43.289882,334.8 -2.446192,43.289869,335.2 -2.446163,43.289843,336.0 -2.446123,43.289830,336.7 -2.446088,43.289818,337.0 -2.446055,43.289802,337.3 -2.446032,43.289792,337.6 -2.446007,43.289776,338.0 -2.445980,43.289757,338.5 -2.445948,43.289741,339.1 -2.445920,43.289722,339.8 -2.445895,43.289702,339.8 -2.445882,43.289683,339.9 -2.445865,43.289654,340.0 -2.445848,43.289638,340.3 -2.445835,43.289619,340.4 -2.445822,43.289603,340.3 -2.445808,43.289584,340.2 -2.445793,43.289565,340.2 -2.445780,43.289546,340.1 -2.445755,43.289514,340.3 -2.445742,43.289494,340.6 -2.445730,43.289478,340.9 -2.445713,43.289462,341.1 -2.445697,43.289443,341.5 -2.445683,43.289427,341.4 -2.445653,43.289395,341.5 -2.445637,43.289376,341.6 -2.445622,43.289360,341.7 -2.445605,43.289341,341.8 -2.445588,43.289325,342.1 -2.445568,43.289312,342.3 -2.445548,43.289296,342.6 -2.445530,43.289280,342.6 -2.445508,43.289264,342.5 -2.445485,43.289248,342.5 -2.445460,43.289235,342.6 -2.445438,43.289216,342.8 -2.445420,43.289194,343.2 -2.445402,43.289168,343.5 -2.445365,43.289136,343.5 -2.445350,43.289114,343.4 -2.445332,43.289098,343.6 -2.445305,43.289078,343.8 -2.445280,43.289066,344.1 -2.445257,43.289046,344.0 -2.445230,43.289027,344.0 -2.445202,43.289014,344.2 -2.445178,43.288998,344.2 -2.445153,43.288982,344.3 -2.445133,43.288966,344.6 -2.445107,43.288950,344.7 -2.445078,43.288938,345.0 -2.445053,43.288918,345.4 -2.445032,43.288906,345.7 -2.445007,43.288890,345.9 -2.444982,43.288870,346.2 -2.444958,43.288858,346.1 -2.444933,43.288842,346.3 -2.444912,43.288829,346.4 -2.444885,43.288822,346.4 -2.444860,43.288810,346.6 -2.444832,43.288803,346.7 -2.444803,43.288800,346.8 -2.444777,43.288790,346.9 -2.444752,43.288781,347.1 -2.444717,43.288762,347.4 -2.444675,43.288742,346.8 -2.444650,43.288730,346.7 -2.444622,43.288717,346.5 -2.444593,43.288701,346.4 -2.444563,43.288685,346.3 -2.444530,43.288672,346.2 -2.444498,43.288662,346.1 -2.444463,43.288653,346.1 -2.444428,43.288646,345.8 -2.444390,43.288640,345.4 -2.444353,43.288637,344.9 -2.444318,43.288630,344.6 -2.444280,43.288624,344.1 -2.444245,43.288621,343.7 -2.444205,43.288611,343.6 -2.444165,43.288608,343.1 -2.444128,43.288598,343.8 -2.444093,43.288586,344.3 -2.444060,43.288579,344.8 -2.444032,43.288570,345.3 -2.444005,43.288566,345.7 -2.443977,43.288560,346.1 -2.443947,43.288550,346.7 -2.443917,43.288544,347.1 -2.443892,43.288538,347.3 -2.443862,43.288528,347.8 -2.443835,43.288525,347.9 -2.443787,43.288518,348.0 -2.443763,43.288512,348.3 -2.443740,43.288506,348.5 -2.443713,43.288502,348.6 -2.443670,43.288493,349.1 -2.443645,43.288486,349.5 -2.443622,43.288480,349.6 -2.443597,43.288467,350.0 -2.443573,43.288461,350.0 -2.443533,43.288448,350.0 -2.443493,43.288432,350.1 -2.443468,43.288419,350.5 -2.443427,43.288403,350.8 -2.443407,43.288390,351.4 -2.443387,43.288371,352.2 -2.443367,43.288355,353.0 -2.443345,43.288339,353.7 -2.443328,43.288323,354.4 -2.443307,43.288307,354.6 -2.443288,43.288288,354.9 -2.443267,43.288275,355.1 -2.443245,43.288266,355.1 -2.443223,43.288250,355.5 -2.443183,43.288227,356.1 -2.443158,43.288221,355.9 -2.443133,43.288208,356.3 -2.443113,43.288195,356.7 -2.443070,43.288173,357.4 -2.443023,43.288154,358.0 -2.443002,43.288144,358.5 -2.442962,43.288131,358.9 -2.442920,43.288125,358.9 -2.442882,43.288106,359.6 -2.442843,43.288093,360.2 -2.442820,43.288086,360.5 -2.442798,43.288077,360.8 -2.442757,43.288070,361.1 -2.442713,43.288064,361.6 -2.442692,43.288054,362.0 -2.442647,43.288054,362.0 -2.442620,43.288051,362.1 -2.442592,43.288051,362.1 -2.442565,43.288054,362.1 -2.442538,43.288054,362.0 -2.442507,43.288054,362.0 -2.442482,43.288061,361.8 -2.442455,43.288064,361.7 -2.442430,43.288064,361.8 -2.442403,43.288064,361.9 -2.442373,43.288061,362.3 -2.442343,43.288054,362.6 -2.442315,43.288054,362.7 -2.442288,43.288054,362.8 -2.442258,43.288054,362.9 -2.442225,43.288051,363.1 -2.442198,43.288051,363.0 -2.442168,43.288048,363.1 -2.442145,43.288042,363.1 -2.442117,43.288029,363.5 -2.442087,43.288022,363.6 -2.442057,43.288013,363.9 -2.442030,43.288010,363.8 -2.441993,43.287997,364.2 -2.441968,43.287990,364.4 -2.441962,43.287971,365.1 -2.441993,43.287955,365.6 -2.442037,43.287942,366.1 -2.442065,43.287926,366.6 -2.442118,43.287898,367.3 -2.442140,43.287888,367.5 -2.442167,43.287866,368.1 -2.442192,43.287837,368.7 -2.442215,43.287818,369.0 -2.442245,43.287798,369.6 -2.442295,43.287773,370.0 -2.442318,43.287754,370.0 -2.442327,43.287734,370.1 -2.442325,43.287699,370.2 -2.442302,43.287670,370.3 -2.442290,43.287651,370.3 -2.442265,43.287616,370.5 -2.442245,43.287594,370.7 -2.442227,43.287581,370.8 -2.442202,43.287555,371.1 -2.442180,43.287536,371.5 -2.442138,43.287514,372.1 -2.442118,43.287501,372.5 -2.442072,43.287488,373.0 -2.442030,43.287466,373.4 -2.441988,43.287453,373.8 -2.441960,43.287446,374.0 -2.441938,43.287437,374.2 -2.441900,43.287418,374.6 -2.441857,43.287398,374.9 -2.441818,43.287386,375.2 -2.441798,43.287370,375.3 -2.441757,43.287357,375.7 -2.441723,43.287341,375.9 -2.441677,43.287334,376.5 -2.441652,43.287331,376.7 -2.441610,43.287328,377.3 -2.441585,43.287322,377.4 -2.441560,43.287318,377.8 -2.441512,43.287315,378.2 -2.441465,43.287309,378.8 -2.441442,43.287299,378.9 -2.441400,43.287293,379.2 -2.441375,43.287293,379.6 -2.441350,43.287293,380.0 -2.441323,43.287296,380.4 -2.441293,43.287299,381.0 -2.441268,43.287299,381.4 -2.441225,43.287302,382.2 -2.441175,43.287302,383.0 -2.441150,43.287302,383.5 -2.441105,43.287299,384.0 -2.441080,43.287299,384.4 -2.441032,43.287296,385.1 -2.441002,43.287293,385.4 -2.440970,43.287290,385.8 -2.440943,43.287290,386.2 -2.440893,43.287290,386.9 -2.440853,43.287290,387.4 -2.440807,43.287286,387.6 -2.440758,43.287290,387.6 -2.440733,43.287293,387.6 -2.440707,43.287290,387.5 -2.440680,43.287293,387.5 -2.440652,43.287293,387.5 -2.440622,43.287296,387.6 -2.440590,43.287296,387.4 -2.440562,43.287302,387.7 -2.440533,43.287309,387.6 -2.440503,43.287315,387.3 -2.440473,43.287322,387.2 -2.440443,43.287328,387.0 -2.440415,43.287334,386.8 -2.440387,43.287341,386.8 -2.440360,43.287354,386.9 -2.440335,43.287366,386.9 -2.440307,43.287370,386.8 -2.440280,43.287376,386.6 -2.440255,43.287386,386.8 -2.440227,43.287389,386.8 -2.440198,43.287389,386.8 -2.440170,43.287392,386.7 -2.440140,43.287392,386.6 -2.440110,43.287395,386.6 -2.440077,43.287402,386.7 -2.440047,43.287408,386.9 -2.440000,43.287418,387.0 -2.439952,43.287430,387.2 -2.439927,43.287434,387.3 -2.439878,43.287446,387.6 -2.439848,43.287446,387.4 -2.439822,43.287453,387.5 -2.439793,43.287459,387.9 -2.439768,43.287466,388.1 -2.439720,43.287472,388.3 -2.439692,43.287475,388.7 -2.439667,43.287485,389.5 -2.439642,43.287488,390.0 -2.439607,43.287488,390.2 -2.439557,43.287478,390.0 -2.439515,43.287466,389.8 -2.439482,43.287456,389.5 -2.439443,43.287446,389.4 -2.439417,43.287430,389.0 -2.439397,43.287414,388.6 -2.439372,43.287398,388.4 -2.439347,43.287386,388.3 -2.439320,43.287373,388.2 -2.439290,43.287360,388.4 -2.439258,43.287354,388.8 -2.439223,43.287334,388.6 -2.439195,43.287318,388.5 -2.439167,43.287302,388.4 -2.439137,43.287286,388.3 -2.439108,43.287261,387.7 -2.439080,43.287248,387.7 -2.439043,43.287235,387.8 -2.439017,43.287222,387.7 -2.438990,43.287210,387.7 -2.438967,43.287194,387.7 -2.438947,43.287178,387.7 -2.438922,43.287158,387.7 -2.438895,43.287139,387.8 -2.438868,43.287130,388.3 -2.438845,43.287110,388.2 -2.438832,43.287091,388.0 -2.438822,43.287062,387.6 -2.438812,43.287043,387.2 -2.438792,43.287024,387.3 -2.438760,43.286989,387.0 -2.438740,43.286970,386.9 -2.438713,43.286957,387.1 -2.438685,43.286938,387.2 -2.438658,43.286925,387.2 -2.438633,43.286915,387.3 -2.438585,43.286902,387.5 -2.438562,43.286893,387.6 -2.438537,43.286880,387.7 -2.438510,43.286864,387.6 -2.438475,43.286838,387.2 -2.438455,43.286826,387.3 -2.438435,43.286813,387.2 -2.438410,43.286797,387.3 -2.438387,43.286784,387.4 -2.438362,43.286781,387.9 -2.438332,43.286781,388.7 -2.438302,43.286774,389.4 -2.438260,43.286752,389.9 -2.438235,43.286742,390.3 -2.438207,43.286726,390.7 -2.438173,43.286704,391.2 -2.438138,43.286672,391.5 -2.438118,43.286656,391.9 -2.438103,43.286640,392.2 -2.438085,43.286624,392.6 -2.438060,43.286602,393.2 -2.438040,43.286573,393.4 -2.438027,43.286557,393.7 -2.438017,43.286538,393.7 -2.437992,43.286518,394.2 -2.437973,43.286502,394.5 -2.437933,43.286480,395.2 -2.437897,43.286467,396.1 -2.437875,43.286458,396.6 -2.437855,43.286445,396.9 -2.437813,43.286435,397.9 -2.437788,43.286416,398.1 -2.437770,43.286403,398.3 -2.437738,43.286400,398.9 -2.437695,43.286394,399.4 -2.437648,43.286394,400.1 -2.437610,43.286384,400.3 -2.437568,43.286381,400.7 -2.437522,43.286365,400.6 -2.437495,43.286358,400.7 -2.437465,43.286349,401.0 -2.437438,43.286346,401.5 -2.437417,43.286336,401.5 -2.437395,43.286326,401.6 -2.437373,43.286317,401.7 -2.437337,43.286298,401.8 -2.437302,43.286285,402.2 -2.437282,43.286269,402.2 -2.437260,43.286256,402.3 -2.437235,43.286243,402.5 -2.437208,43.286227,402.6 -2.437172,43.286205,402.7 -2.437153,43.286186,402.5 -2.437130,43.286170,402.6 -2.437102,43.286150,402.7 -2.437078,43.286138,403.0 -2.437050,43.286125,403.4 -2.437023,43.286118,403.9 -2.436995,43.286118,404.8 -2.436967,43.286118,405.6 -2.436927,43.286109,406.4 -2.436893,43.286086,407.0 -2.436852,43.286070,407.8 -2.436807,43.286061,408.9 -2.436783,43.286051,409.5 -2.436752,43.286035,410.0 -2.436717,43.286019,411.0 -2.436680,43.286003,411.8 -2.436635,43.286003,412.2 -2.436595,43.286003,412.4 -2.436565,43.285990,412.3 -2.436543,43.285965,412.6 -2.436547,43.285939,412.6 -2.436547,43.285907,412.9 -2.436543,43.285878,413.1 -2.436543,43.285859,413.2 -2.436547,43.285840,413.2 -2.436543,43.285818,413.5 -2.436547,43.285792,413.9 -2.436583,43.285760,413.5 -2.436597,43.285738,413.5 -2.436610,43.285718,413.6 -2.436612,43.285693,413.9 -2.436623,43.285667,414.0 -2.436627,43.285648,414.0 -2.436640,43.285610,414.2 -2.436650,43.285587,414.1 -2.436653,43.285565,414.4 -2.436658,43.285542,414.5 -2.436658,43.285520,414.6 -2.436663,43.285494,414.9 -2.436670,43.285475,414.7 -2.436675,43.285453,414.8 -2.436703,43.285421,414.0 -2.436723,43.285395,413.5 -2.436737,43.285370,413.3 -2.436742,43.285344,413.3 -2.436752,43.285315,413.2 -2.436758,43.285293,413.2 -2.436773,43.285267,412.9 -2.436780,43.285245,412.4 -2.436783,43.285222,412.3 -2.436778,43.285190,412.5 -2.436775,43.285171,412.5 -2.436763,43.285142,412.9 -2.436755,43.285123,413.1 -2.436743,43.285107,413.5 -2.436722,43.285072,414.2 -2.436705,43.285046,414.8 -2.436687,43.285024,415.3 -2.436673,43.284998,415.8 -2.436650,43.284973,416.1 -2.436643,43.284954,416.1 -2.436633,43.284934,416.0 -2.436620,43.284915,416.1 -2.436625,43.284890,415.5 -2.436627,43.284867,415.0 -2.436627,43.284835,414.6 -2.436625,43.284816,414.3 -2.436605,43.284800,414.6 -2.436597,43.284774,414.4 -2.436572,43.284755,415.1 -2.436567,43.284736,414.8 -2.436553,43.284714,415.0 -2.436532,43.284685,415.3 -2.436520,43.284666,415.4 -2.436513,43.284637,415.0 -2.436502,43.284621,415.2 -2.436495,43.284602,415.1 -2.436482,43.284586,415.5 -2.436465,43.284566,415.8 -2.436453,43.284547,415.9 -2.436453,43.284518,415.5 -2.436452,43.284499,415.2 -2.436443,43.284480,415.2 -2.436438,43.284461,415.1 -2.436427,43.284438,415.3 -2.436410,43.284416,415.6 -2.436407,43.284394,415.3 -2.436392,43.284374,415.6 -2.436373,43.284352,416.1 -2.436360,43.284323,416.3 -2.436353,43.284301,416.1 -2.436360,43.284256,415.1 -2.436348,43.284237,415.2 -2.436330,43.284214,415.6 -2.436322,43.284179,415.5 -2.436303,43.284157,415.8 -2.436282,43.284134,416.5 -2.436257,43.284122,417.4 -2.436253,43.284102,417.3 -2.436252,43.284074,416.7 -2.436248,43.284045,416.4 -2.436243,43.284019,416.2 -2.436245,43.283997,415.8 -2.436242,43.283974,415.5 -2.436240,43.283955,415.3 -2.436233,43.283936,415.2 -2.436237,43.283910,414.7 -2.436237,43.283882,414.2 -2.436232,43.283856,414.1 -2.436218,43.283840,414.8 -2.436198,43.283818,415.7 -2.436185,43.283798,416.2 -2.436188,43.283779,415.8 -2.436180,43.283757,416.2 -2.436167,43.283722,416.5 -2.436153,43.283696,417.1 -2.436148,43.283661,417.1 -2.436147,43.283626,416.9 -2.436147,43.283600,416.9 -2.436145,43.283568,417.1 -2.436163,43.283546,415.9 -2.436167,43.283520,415.7 -2.436163,43.283494,416.1 -2.436165,43.283462,415.9 -2.436168,43.283434,415.8 -2.436175,43.283402,415.4 -2.436178,43.283376,415.3 -2.436183,43.283347,415.2 -2.436188,43.283322,415.4 -2.436202,43.283299,415.5 -2.436210,43.283270,416.1 -2.436213,43.283251,416.8 -2.436217,43.283229,417.5 -2.436223,43.283210,417.9 -2.436230,43.283190,418.3 -2.436237,43.283168,418.9 -2.436263,43.283130,419.4 -2.436282,43.283110,419.6 -2.436295,43.283091,419.8 -2.436317,43.283072,419.8 -2.436350,43.283046,419.9 -2.436372,43.283037,419.5 -2.436395,43.283021,419.5 -2.436417,43.283005,419.8 -2.436442,43.282989,419.7 -2.436470,43.282979,419.3 -2.436502,43.282966,419.0 -2.436530,43.282954,418.7 -2.436560,43.282944,418.3 -2.436583,43.282931,418.4 -2.436607,43.282918,418.3 -2.436632,43.282902,418.3 -2.436655,43.282880,418.9 -2.436678,43.282867,418.8 -2.436707,43.282851,418.8 -2.436735,43.282838,418.5 -2.436765,43.282826,418.3 -2.436790,43.282810,418.4 -2.436817,43.282794,418.4 -2.436845,43.282784,417.9 -2.436873,43.282765,417.9 -2.436900,43.282742,418.2 -2.436925,43.282723,418.2 -2.436947,43.282707,418.3 -2.436962,43.282691,418.7 -2.436982,43.282675,418.8 -2.437008,43.282659,418.8 -2.437037,43.282643,418.6 -2.437063,43.282627,418.6 -2.437093,43.282621,418.2 -2.437120,43.282605,418.0 -2.437148,43.282592,417.8 -2.437170,43.282576,417.9 -2.437187,43.282560,418.2 -2.437210,43.282544,418.3 -2.437233,43.282528,418.4 -2.437257,43.282509,418.5 -2.437277,43.282490,418.5 -2.437300,43.282467,418.3 -2.437322,43.282442,418.2 -2.437338,43.282413,418.3 -2.437348,43.282390,418.5 -2.437357,43.282365,418.9 -2.437362,43.282342,419.2 -2.437377,43.282314,419.4 -2.437390,43.282288,419.6 -2.437398,43.282256,420.2 -2.437407,43.282234,420.4 -2.437422,43.282214,420.4 -2.437437,43.282192,420.0 -2.437448,43.282163,419.9 -2.437460,43.282138,419.7 -2.437468,43.282115,419.5 -2.437472,43.282090,419.7 -2.437470,43.282070,419.7 -2.437462,43.282038,420.1 -2.437468,43.282016,420.1 -2.437495,43.281987,419.9 -2.437527,43.281965,419.4 -2.437550,43.281939,419.0 -2.437577,43.281933,418.4 -2.437620,43.281910,417.0 -2.437675,43.281898,415.8 -2.437712,43.281894,415.1 -2.437743,43.281894,414.7 -2.437785,43.281891,414.0 -2.437830,43.281885,412.9 -2.437877,43.281859,411.8 -2.437912,43.281840,411.3 -2.437975,43.281827,410.6 -2.438013,43.281811,410.4 -2.438052,43.281795,410.4 -2.438102,43.281776,410.0 -2.438142,43.281760,409.9 -2.438187,43.281747,409.6 -2.438218,43.281734,409.8 -2.438253,43.281715,409.9 -2.438288,43.281702,410.1 -2.438338,43.281693,409.9 -2.438367,43.281686,409.6 -2.438405,43.281674,409.4 -2.438428,43.281658,409.1 -2.438463,43.281648,408.4 -2.438483,43.281635,407.8 -2.438505,43.281619,407.3 -2.438555,43.281600,406.2 -2.438588,43.281594,405.6 -2.438617,43.281587,405.0 -2.438648,43.281581,404.5 -2.438680,43.281574,403.9 -2.438710,43.281571,403.2 -2.438738,43.281568,402.6 -2.438768,43.281574,402.2 -2.438800,43.281578,401.7 -2.438837,43.281590,401.1 -2.438867,43.281594,400.7 -2.438898,43.281600,400.2 -2.438927,43.281610,399.9 -2.438953,43.281613,399.5 -2.438992,43.281616,398.9 -2.439017,43.281616,398.4 -2.439050,43.281622,398.1 -2.439098,43.281632,397.5 -2.439137,43.281632,396.8 -2.439175,43.281638,396.3 -2.439210,43.281648,396.0 -2.439247,43.281654,395.4 -2.439283,43.281658,394.9 -2.439315,43.281658,394.3 -2.439353,43.281658,393.5 -2.439385,43.281658,393.0 -2.439413,43.281658,392.5 -2.439455,43.281654,391.6 -2.439487,43.281642,390.6 -2.439513,43.281635,389.8 -2.439547,43.281642,389.1 -2.439572,43.281642,388.5 -2.439605,43.281648,387.7 -2.439647,43.281661,386.8 -2.439693,43.281661,385.7 -2.439745,43.281654,384.5 -2.439775,43.281638,384.0 -2.439807,43.281622,383.4 -2.439843,43.281619,382.7 -2.439877,43.281619,382.2 -2.439922,43.281616,381.4 -2.439960,43.281610,380.8 -2.440000,43.281600,380.2 -2.440032,43.281594,379.8 -2.440070,43.281590,379.2 -2.440107,43.281581,378.7 -2.440137,43.281574,378.4 -2.440173,43.281568,377.9 -2.440215,43.281571,377.4 -2.440257,43.281568,376.8 -2.440292,43.281562,376.4 -2.440325,43.281552,376.3 -2.440360,43.281539,376.2 -2.440397,43.281539,375.9 -2.440430,43.281558,375.3 -2.440472,43.281574,374.7 -2.440515,43.281574,374.3 -2.440542,43.281568,374.2 -2.440557,43.281549,374.4 -2.440557,43.281530,374.6 -2.440558,43.281510,374.8 -2.440573,43.281491,374.7 -2.440598,43.281475,374.8 -2.440630,43.281469,374.5 -2.440667,43.281453,374.3 -2.440705,43.281434,374.0 -2.440733,43.281421,373.8 -2.440768,43.281408,373.6 -2.440795,43.281389,373.4 -2.440823,43.281373,372.8 -2.440853,43.281357,371.9 -2.440877,43.281334,370.8 -2.440897,43.281315,370.1 -2.440917,43.281290,369.2 -2.440953,43.281254,368.0 -2.440980,43.281222,367.1 -2.441007,43.281197,366.3 -2.441020,43.281178,365.9 -2.441035,43.281162,365.4 -2.441057,43.281146,364.9 -2.441080,43.281126,364.5 -2.441098,43.281114,364.2 -2.441125,43.281094,363.3 -2.441148,43.281078,362.4 -2.441182,43.281066,361.4 -2.441212,43.281043,360.5 -2.441238,43.281024,359.7 -2.441280,43.280986,358.5 -2.441297,43.280960,357.9 -2.441318,43.280928,357.4 -2.441328,43.280896,356.9 -2.441337,43.280867,356.6 -2.441340,43.280842,356.4 -2.441333,43.280816,356.0 -2.441340,43.280781,355.1 -2.441343,43.280746,354.2 -2.441330,43.280714,353.6 -2.441305,43.280688,352.9 -2.441277,43.280666,352.3 -2.441245,43.280646,351.7 -2.441218,43.280637,351.3 -2.441185,43.280627,350.9 -2.441145,43.280627,350.7 -2.441113,43.280624,350.5 -2.441080,43.280618,350.0 -2.441042,43.280608,349.2 -2.441018,43.280602,348.8 -2.440972,43.280582,347.5 -2.440922,43.280570,346.5 -2.440883,43.280563,345.8 -2.440847,43.280560,345.3 -2.440813,43.280547,344.3 -2.440772,43.280538,343.5 -2.440745,43.280525,342.6 -2.440723,43.280515,341.7 -2.440702,43.280506,341.0 -2.440655,43.280496,340.0 -2.440623,43.280483,339.0 -2.440595,43.280477,338.3 -2.440570,43.280467,337.5 -2.440545,43.280458,336.6 -2.440518,43.280448,335.9 -2.440495,43.280438,335.2 -2.440473,43.280429,334.5 -2.440450,43.280422,333.8 -2.440410,43.280403,332.6 -2.440388,43.280387,331.5 -2.440362,43.280371,330.4 -2.440323,43.280358,329.4 -2.440293,43.280349,328.7 -2.440252,43.280339,328.0 -2.440200,43.280339,327.8 -2.440153,43.280339,327.5 -2.440105,43.280339,327.4 -2.440058,43.280336,327.0 -2.440017,43.280326,326.3 -2.439978,43.280323,326.6 -2.439948,43.280307,326.4 -2.439922,43.280301,326.5 -2.439907,43.280282,325.9 -2.439902,43.280262,325.1 -2.439895,43.280230,323.7 -2.439887,43.280208,322.7 -2.439860,43.280198,322.7 -2.439835,43.280182,322.4 -2.439812,43.280170,322.1 -2.439790,43.280160,321.9 -2.439767,43.280147,321.7 -2.439735,43.280138,321.7 -2.439697,43.280112,321.1 -2.439650,43.280093,320.9 -2.439625,43.280086,321.0 -2.439602,43.280074,320.7 -2.439558,43.280061,320.8 -2.439537,43.280051,320.6 -2.439492,43.280045,321.0 -2.439537,43.280054,320.6 -2.439563,43.280070,321.2 -2.439590,43.280086,321.5 -2.439620,43.280093,321.5 -2.439648,43.280102,321.5 -2.439675,43.280118,321.9 -2.439695,43.280147,322.9 -2.439718,43.280154,322.8 -2.439743,43.280141,321.9 -2.439722,43.280122,321.2 -2.439697,43.280102,320.7 -2.439677,43.280074,319.5 -2.439663,43.280054,318.8 -2.439650,43.280032,317.8 -2.439615,43.279994,316.4 -2.439598,43.279968,315.3 -2.439582,43.279949,314.5 -2.439565,43.279930,313.7 -2.439548,43.279904,312.5 -2.439532,43.279885,311.6 -2.439512,43.279869,310.9 -2.439492,43.279850,310.1 -2.439472,43.279834,309.3 -2.439448,43.279824,308.8 -2.439420,43.279811,308.4 -2.439397,43.279795,307.8 -2.439365,43.279763,306.2 -2.439347,43.279744,305.3 -2.439330,43.279725,304.5 -2.439310,43.279706,304.3 -2.439293,43.279677,304.0 -2.439277,43.279648,303.9 -2.439262,43.279613,303.9 -2.439245,43.279584,304.2 -2.439235,43.279546,304.2 -2.439222,43.279517,304.5 -2.439227,43.279478,304.1 -2.439238,43.279453,303.6 -2.439240,43.279430,303.6 -2.439253,43.279408,303.4 -2.439267,43.279386,303.3 -2.439277,43.279363,303.3 -2.439290,43.279338,303.1 -2.439302,43.279315,303.0 -2.439323,43.279293,302.4 -2.439352,43.279274,301.4 -2.439373,43.279245,301.0 -2.439395,43.279210,300.6 -2.439412,43.279184,300.4 -2.439433,43.279165,299.6 -2.439460,43.279146,298.8 -2.439480,43.279120,298.6 -2.439500,43.279098,298.3 -2.439522,43.279085,297.6 -2.439543,43.279059,297.3 -2.439568,43.279037,296.7 -2.439585,43.279008,296.9 -2.439610,43.278979,296.5 -2.439638,43.278954,296.1 -2.439665,43.278928,295.6 -2.439673,43.278899,296.1 -2.439685,43.278877,296.4 -2.439700,43.278851,296.5 -2.439728,43.278829,295.9 -2.439763,43.278803,295.2 -2.439788,43.278790,294.4 -2.439812,43.278768,294.0 -2.439843,43.278739,293.5 -2.439860,43.278720,293.4 -2.439883,43.278701,293.1 -2.439912,43.278682,292.4 -2.439945,43.278659,291.8 -2.439970,43.278643,291.2 -2.439998,43.278621,290.7 -2.440022,43.278608,290.1 -2.440055,43.278582,289.4 -2.440082,43.278570,288.3 -2.440110,43.278544,287.9 -2.440138,43.278531,286.9 -2.440158,43.278509,286.7 -2.440183,43.278490,286.2 -2.440205,43.278464,286.1 -2.440225,43.278451,285.5 -2.440248,43.278422,285.4 -2.440267,43.278400,285.1 -2.440288,43.278378,284.9 -2.440315,43.278355,284.2 -2.440337,43.278323,284.0 -2.440357,43.278298,283.5 -2.440372,43.278275,283.2 -2.440397,43.278253,282.3 -2.440413,43.278224,282.0 -2.440430,43.278195,281.8 -2.440443,43.278166,281.8 -2.440462,43.278144,281.4 -2.440488,43.278118,280.7 -2.440512,43.278086,280.4 -2.440527,43.278058,280.3 -2.440547,43.278026,279.6 -2.440572,43.278000,278.3 -2.440600,43.277965,276.9 -2.440617,43.277936,276.2 -2.440622,43.277907,276.1 -2.440632,43.277882,275.7 -2.440637,43.277850,275.8 -2.440648,43.277818,275.4 -2.440648,43.277795,275.7 -2.440655,43.277763,275.2 -2.440648,43.277744,275.3 -2.440647,43.277725,275.3 -2.440648,43.277706,275.0 -2.440652,43.277683,274.7 -2.440680,43.277661,273.3 -2.440680,43.277629,273.1 -2.440712,43.277600,271.6 -2.440735,43.277578,270.6 -2.440753,43.277562,270.0 -2.440773,43.277542,269.2 -2.440793,43.277523,268.4 -2.440795,43.277498,268.2 -2.440805,43.277472,267.4 -2.440825,43.277459,266.6 -2.440840,43.277443,265.6 -2.440852,43.277427,264.7 -2.440867,43.277408,263.7 -2.440885,43.277382,262.6 -2.440910,43.277360,261.0 -2.440922,43.277344,260.3 -2.440938,43.277328,259.6 -2.440952,43.277312,258.9 -2.440975,43.277286,257.7 -2.441003,43.277261,256.6 -2.441027,43.277232,255.7 -2.441050,43.277203,254.6 -2.441065,43.277187,253.8 -2.441080,43.277171,253.0 -2.441097,43.277152,252.4 -2.441122,43.277126,251.2 -2.441138,43.277110,250.2 -2.441152,43.277091,249.4 -2.441163,43.277072,248.7 -2.441177,43.277050,248.1 -2.441195,43.277030,247.3 -2.441208,43.277011,246.7 -2.441227,43.276989,245.9 -2.441240,43.276966,245.4 -2.441252,43.276947,245.0 -2.441262,43.276928,244.5 -2.441268,43.276906,243.8 -2.441280,43.276886,243.3 -2.441292,43.276867,242.6 -2.441305,43.276848,242.1 -2.441318,43.276822,241.7 -2.441328,43.276797,241.3 -2.441340,43.276778,241.0 -2.441362,43.276742,240.4 -2.441375,43.276726,240.3 -2.441395,43.276707,239.9 -2.441415,43.276691,239.2 -2.441427,43.276669,238.7 -2.441432,43.276650,237.9 -2.441437,43.276627,237.0 -2.441448,43.276608,236.0 -2.441478,43.276586,234.6 -2.441495,43.276570,233.8 -2.441515,43.276554,233.1 -2.441538,43.276547,232.4 -2.441562,43.276534,231.9 -2.441590,43.276528,231.2 -2.441642,43.276515,230.5 -2.441670,43.276506,230.0 -2.441697,43.276493,229.0 -2.441723,43.276477,228.1 -2.441750,43.276467,227.2 -2.441777,43.276448,226.5 -2.441800,43.276429,226.1 -2.441822,43.276410,225.8 -2.441847,43.276394,225.5 -2.441872,43.276374,224.6 -2.441898,43.276358,223.6 -2.441920,43.276346,222.9 -2.441948,43.276330,222.0 -2.441970,43.276314,220.9 -2.441997,43.276307,219.8 -2.442022,43.276288,218.7 -2.442040,43.276272,218.0 -2.442055,43.276253,217.6 -2.442075,43.276234,217.1 -2.442093,43.276214,216.8 -2.442112,43.276192,216.7 -2.442130,43.276173,216.7 -2.442143,43.276154,216.8 -2.442160,43.276138,217.0 -2.442175,43.276112,217.4 -2.442195,43.276093,216.5 -2.442215,43.276074,215.7 -2.442243,43.276058,214.5 -2.442270,43.276048,213.4 -2.442297,43.276029,212.2 -2.442318,43.276010,211.3 -2.442345,43.275994,210.6 -2.442375,43.275974,209.9 -2.442402,43.275955,209.4 -2.442432,43.275949,209.1 -2.442465,43.275933,208.9 -2.442490,43.275917,208.9 -2.442517,43.275901,208.4 -2.442540,43.275882,208.0 -2.442565,43.275862,207.6 -2.442593,43.275850,207.1 -2.442622,43.275834,206.5 -2.442650,43.275818,205.2 -2.442675,43.275808,204.4 -2.442702,43.275795,203.4 -2.442725,43.275776,202.7 -2.442750,43.275760,201.9 -2.442772,43.275744,201.5 -2.442797,43.275731,200.4 -2.442817,43.275715,199.4 -2.442835,43.275702,198.6 -2.442863,43.275680,197.4 -2.442885,43.275661,196.5 -2.442902,43.275638,196.0 -2.442920,43.275619,195.4 -2.442937,43.275597,195.1 -2.442950,43.275578,194.8 -2.442970,43.275558,194.5 -2.442992,43.275539,193.7 -2.443010,43.275523,193.0 -2.443045,43.275501,192.1 -2.443072,43.275491,191.1 -2.443093,43.275466,190.1 -2.443108,43.275440,189.5 -2.443132,43.275414,188.7 -2.443143,43.275395,188.3 -2.443150,43.275376,188.1 -2.443162,43.275357,187.8 -2.443178,43.275334,187.6 -2.443202,43.275312,187.0 -2.443222,43.275293,186.7 -2.443245,43.275267,186.2 -2.443272,43.275242,185.4 -2.443300,43.275219,184.8 -2.443330,43.275197,184.4 -2.443357,43.275178,183.4 -2.443378,43.275158,182.7 -2.443400,43.275136,181.9 -2.443417,43.275114,181.5 -2.443433,43.275094,181.2 -2.443450,43.275069,181.1 -2.443472,43.275046,180.7 -2.443492,43.275027,180.5 -2.443510,43.275008,180.4 -2.443535,43.274982,179.9 -2.443553,43.274960,179.7 -2.443580,43.274938,179.5 -2.443598,43.274918,179.4 -2.443613,43.274890,179.6 -2.443622,43.274864,179.5 -2.443613,43.274829,180.4 -2.443592,43.274806,180.8 -2.443562,43.274790,180.6 -2.443528,43.274797,180.3 -2.443482,43.274787,179.7 -2.443443,43.274787,179.4 -2.443408,43.274797,179.2 -2.443382,43.274803,179.1 -2.443352,43.274816,179.1 -2.443322,43.274822,178.9 -2.443285,43.274829,178.2 -2.443248,43.274845,177.6 -2.443215,43.274858,177.2 -2.443185,43.274864,176.6 -2.443142,43.274877,176.0 -2.443110,43.274886,175.6 -2.443080,43.274896,175.2 -2.443050,43.274906,174.9 -2.443003,43.274918,173.9 -2.442955,43.274925,172.9 -2.442925,43.274938,172.7 -2.442898,43.274947,172.2 -2.442872,43.274957,172.0 -2.442835,43.274963,171.1 -2.442807,43.274963,170.2 -2.442775,43.274963,169.4 -2.442740,43.274966,168.7 -2.442710,43.274976,168.3 -2.442677,43.274986,168.0 -2.442642,43.274998,167.6 -2.442610,43.275008,167.2 -2.442582,43.275018,167.2 -2.442555,43.275027,167.0 -2.442518,43.275040,166.8 -2.442488,43.275043,166.3 -2.442453,43.275056,166.5 -2.442417,43.275075,167.0 -2.442377,43.275101,168.0 -2.442350,43.275104,167.7 -2.442328,43.275114,167.9 -2.442303,43.275117,167.6 -2.442267,43.275120,167.2 -2.442237,43.275133,167.5 -2.442205,43.275136,167.2 -2.442170,43.275136,166.9 -2.442135,43.275123,165.8 -2.442118,43.275104,164.6 -2.442155,43.275094,164.4 -2.442182,43.275094,164.7 -2.442217,43.275075,164.1 -2.442252,43.275043,162.9 -2.442275,43.275024,162.1 -2.442303,43.275005,161.4 -2.442332,43.274998,161.6 -2.442362,43.274986,161.6 -2.442388,43.274979,161.7 -2.442415,43.274970,161.8 -2.442450,43.274970,162.2 -2.442487,43.274966,162.6 -2.442515,43.274957,162.7 -2.442537,43.274938,162.4 -2.442563,43.274918,162.4 -2.442585,43.274899,162.1 -2.442613,43.274880,162.0 -2.442643,43.274861,161.9 -2.442662,43.274829,161.1 -2.442675,43.274790,159.6 -2.442698,43.274768,159.2 -2.442718,43.274752,159.1 -2.442765,43.274736,159.4 -2.442787,43.274720,159.2 -2.442805,43.274701,159.2 -2.442832,43.274678,159.3 -2.442853,43.274653,159.3 -2.442873,43.274630,159.2 -2.442892,43.274608,159.1 -2.442910,43.274579,158.8 -2.442925,43.274544,158.2 -2.442942,43.274518,157.9 -2.442953,43.274490,157.5 -2.442973,43.274464,157.2 -2.443002,43.274448,157.6 -2.443033,43.274432,157.9 -2.443050,43.274413,157.4 -2.443073,43.274394,157.1 -2.443088,43.274374,156.5 -2.443108,43.274362,156.4 -2.443108,43.274326,154.6 -2.443133,43.274291,153.6 -2.443167,43.274272,153.3 -2.443182,43.274246,152.3 -2.443205,43.274224,151.7 -2.443230,43.274208,151.4 -2.443273,43.274192,151.2 -2.443302,43.274192,151.8 -2.443323,43.274202,152.7 -2.443348,43.274195,152.6 -2.443373,43.274176,151.8 -2.443397,43.274154,151.0 -2.443418,43.274134,150.2 -2.443438,43.274115,149.2 -2.443460,43.274102,148.7 -2.443475,43.274086,148.0 -2.443505,43.274054,146.5 -2.443547,43.274035,145.5 -2.443568,43.274026,145.0 -2.443588,43.274010,144.0 -2.443627,43.274006,143.7 -2.443660,43.274003,143.3 -2.443692,43.273997,142.8 -2.443725,43.273990,142.2 -2.443760,43.273978,141.3 -2.443795,43.273968,140.4 -2.443833,43.273955,139.4 -2.443867,43.273942,138.5 -2.443902,43.273926,137.1 -2.443937,43.273910,135.7 -2.443973,43.273891,134.3 -2.444005,43.273872,134.0 -2.444035,43.273853,133.9 -2.444063,43.273834,133.6 -2.444095,43.273818,133.3 -2.444123,43.273805,132.8 -2.444155,43.273789,132.2 -2.444192,43.273782,131.8 -2.444228,43.273773,131.7 -2.444257,43.273766,131.4 -2.444287,43.273766,131.2 -2.444317,43.273766,130.9 -2.444345,43.273770,130.7 -2.444378,43.273773,130.5 -2.444417,43.273776,130.2 -2.444455,43.273782,129.9 -2.444492,43.273776,129.8 -2.444518,43.273750,129.6 -2.444543,43.273718,129.4 -2.444553,43.273690,129.3 -2.444557,43.273664,129.3 -2.444555,43.273635,129.3 -2.444547,43.273606,129.2 -2.444542,43.273574,129.3 -2.444535,43.273546,129.3 -2.444530,43.273517,129.3 -2.444523,43.273488,129.1 -2.444512,43.273456,129.1 -2.444507,43.273434,129.1 -2.444498,43.273414,129.1 -2.444488,43.273376,129.0 -2.444483,43.273347,129.0 -2.444480,43.273318,128.9 -2.444473,43.273296,129.0 -2.444467,43.273274,129.0 -2.444467,43.273242,129.1 -2.444468,43.273206,129.2 -2.444470,43.273174,129.2 -2.444463,43.273149,129.1 -2.444453,43.273117,129.1 -2.444438,43.273098,129.1 -2.444417,43.273072,129.2 -2.444398,43.273050,129.5 -2.444383,43.273021,129.6 -2.444365,43.272992,129.7 -2.444350,43.272963,130.0 -2.444345,43.272922,130.1 -2.444328,43.272883,130.3 -2.444318,43.272854,130.4 -2.444318,43.272822,130.4 -2.444310,43.272800,130.4 -2.444307,43.272771,130.5 -2.444300,43.272742,130.8 -2.444292,43.272720,130.8 -2.444280,43.272682,131.1 -2.444270,43.272656,131.2 -2.444263,43.272627,131.5 -2.444253,43.272582,131.7 -2.444247,43.272547,132.0 -2.444243,43.272518,132.1 -2.444242,43.272483,132.3 -2.444232,43.272454,132.5 -2.444225,43.272426,132.6 -2.444220,43.272406,132.8 -2.444215,43.272384,132.9 -2.444208,43.272362,133.1 -2.444197,43.272339,133.3 -2.444190,43.272317,133.5 -2.444183,43.272294,133.7 -2.444177,43.272269,133.8 -2.444168,43.272246,134.0 -2.444165,43.272227,134.2 -2.444155,43.272202,134.7 -2.444148,43.272176,134.9 -2.444145,43.272147,134.9 -2.444142,43.272122,134.9 -2.444142,43.272096,134.8 -2.444145,43.272077,134.6 -2.444143,43.272048,134.5 -2.444137,43.272026,134.7 -2.444135,43.271997,134.8 -2.444132,43.271968,134.7 -2.444130,43.271939,134.7 -2.444142,43.271904,134.4 -2.444152,43.271869,134.0 -2.444145,43.271830,134.6 -2.444148,43.271802,134.4 -2.444157,43.271773,134.1 -2.444162,43.271741,134.1 -2.444155,43.271712,134.5 -2.444160,43.271690,134.3 -2.444180,43.271667,134.1 -2.444168,43.271648,134.2 -2.444172,43.271629,134.2 -2.444175,43.271610,134.3 -2.444175,43.271584,134.3 -2.444177,43.271558,134.5 -2.444175,43.271539,134.4 -2.444178,43.271514,134.5 -2.444178,43.271485,134.6 -2.444175,43.271459,134.7 -2.444178,43.271421,134.9 -2.444177,43.271389,135.1 -2.444172,43.271363,135.2 -2.444157,43.271331,135.7 -2.444148,43.271312,136.0 -2.444137,43.271290,136.6 -2.444127,43.271264,136.9 -2.444118,43.271242,137.2 -2.444103,43.271216,137.6 -2.444092,43.271194,137.9 -2.444082,43.271171,138.1 -2.444067,43.271149,138.5 -2.444053,43.271126,138.6 -2.444037,43.271107,138.8 -2.444023,43.271085,138.9 -2.444012,43.271062,139.0 -2.444002,43.271037,138.9 -2.443983,43.271018,139.1 -2.443972,43.270998,139.1 -2.443963,43.270976,139.0 -2.443952,43.270957,138.9 -2.443937,43.270934,138.9 -2.443923,43.270909,138.7 -2.443910,43.270890,138.6 -2.443895,43.270858,138.3 -2.443870,43.270851,138.9 -2.443852,43.270838,139.2 -2.443840,43.270813,139.3 -2.443822,43.270800,139.7 -2.443788,43.270778,140.4 -2.443782,43.270749,140.2 -2.443750,43.270730,140.8 -2.443725,43.270714,141.1 -2.443703,43.270701,141.3 -2.443668,43.270698,141.9 -2.443638,43.270672,142.0 -2.443628,43.270653,141.8 -2.443618,43.270634,141.6 -2.443623,43.270611,141.1 -2.443653,43.270592,140.3 -2.443685,43.270576,139.6 -2.443720,43.270586,139.3 -2.443758,43.270592,138.9 -2.443795,43.270595,138.4 -2.443842,43.270602,137.9 -2.443863,43.270614,137.6 -2.443913,43.270621,137.3 -2.443943,43.270627,137.4 -2.443977,43.270627,137.4 -2.444008,43.270621,137.5 -2.444045,43.270621,137.5 -2.444083,43.270627,137.4 -2.444115,43.270621,137.5 -2.444153,43.270618,137.6 -2.444192,43.270614,138.2 -2.444218,43.270598,138.8 -2.444247,43.270576,139.7 -2.444275,43.270557,140.7 -2.444295,43.270534,141.4 -2.444305,43.270512,141.7 -2.444312,43.270493,142.0 -2.444313,43.270470,142.2 -2.444322,43.270448,142.4 -2.444333,43.270432,142.6 -2.444357,43.270406,143.2 -2.444350,43.270387,143.1 -2.444373,43.270374,143.4 -2.444405,43.270371,143.9 -2.444437,43.270368,144.3 -2.444470,43.270358,144.9 -2.444512,43.270362,145.9 -2.444482,43.270368,145.2 -2.444455,43.270358,144.6 -2.444423,43.270352,144.0 -2.444397,43.270339,143.7 -2.444375,43.270314,143.5 -2.444387,43.270294,143.6 -2.444417,43.270275,143.8 -2.444445,43.270262,144.1 -2.444465,43.270250,144.6 -2.444488,43.270230,145.3 -2.444520,43.270234,145.9 -2.444555,43.270230,146.7 -2.444582,43.270230,147.3 -2.444610,43.270224,148.0 -2.444635,43.270221,148.6 -2.444668,43.270234,149.0 -2.444700,43.270234,149.7 -2.444722,43.270221,150.5 -2.444758,43.270221,151.2 -2.444788,43.270218,151.7 -2.444813,43.270214,152.3 -2.444838,43.270208,152.8 -2.444863,43.270192,153.8 -2.444888,43.270173,154.9 -2.444903,43.270157,155.8 -2.444917,43.270134,157.0 -2.444920,43.270112,157.8 -2.444927,43.270093,158.7 -2.444930,43.270074,159.3 -2.444910,43.270045,159.9 -2.444883,43.270013,160.3 -2.444890,43.269984,160.6 -2.444895,43.269965,160.3 -2.444900,43.269942,159.8 -2.444907,43.269920,159.5 -2.444922,43.269904,159.5 -2.444963,43.269898,160.5 -2.444990,43.269878,160.7 -2.445022,43.269872,161.4 -2.445058,43.269859,161.8 -2.445095,43.269853,162.6 -2.445127,43.269843,163.3 -2.445157,43.269821,163.8 -2.445185,43.269811,164.5 -2.445203,43.269798,164.8 -2.445235,43.269786,165.7 -2.445263,43.269766,166.5 -2.445288,43.269754,167.3 -2.445320,43.269741,168.4 -2.445352,43.269722,169.5 -2.445383,43.269718,170.3 -2.445415,43.269715,171.1 -2.445442,43.269702,171.4 -2.445455,43.269683,171.0 -2.445485,43.269664,171.3 -2.445518,43.269658,172.1 -2.445543,43.269642,172.4 -2.445568,43.269658,173.8 -2.445597,43.269654,174.3 -2.445637,43.269642,174.8 -2.445650,43.269626,174.7 -2.445677,43.269619,175.4 -2.445712,43.269606,176.1 -2.445742,43.269587,176.7 -2.445772,43.269565,177.4 -2.445797,43.269536,178.0 -2.445830,43.269526,179.2 -2.445863,43.269520,180.2 -2.445883,43.269507,180.7 -2.445920,43.269482,181.6 -2.445937,43.269466,182.0 -2.445968,43.269456,182.9 -2.445987,43.269434,183.1 -2.446005,43.269421,183.0 -2.446052,43.269405,183.8 -2.446092,43.269405,185.1 -2.446118,43.269379,184.9 -2.446135,43.269363,184.8 -2.446160,43.269344,184.6 -2.446175,43.269328,184.6 -2.446203,43.269318,184.9 -2.446223,43.269296,184.8 -2.446250,43.269296,185.5 -2.446270,43.269315,186.6 -2.446303,43.269334,188.0 -2.446335,43.269341,189.1 -2.446368,43.269350,190.1 -2.446398,43.269347,190.9 -2.446428,43.269322,191.1 -2.446458,43.269306,191.7 -2.446490,43.269296,192.6 -2.446518,43.269296,193.5 -2.446552,43.269270,194.2 -2.446580,43.269258,195.0 -2.446610,43.269248,195.9 -2.446648,43.269248,197.2 -2.446680,43.269245,198.2 -2.446703,43.269235,198.9 -2.446723,43.269222,199.4 -2.446748,43.269216,200.1 -2.446772,43.269203,200.6 -2.446783,43.269187,200.9 -2.446813,43.269184,201.9 -2.446847,43.269168,202.9 -2.446892,43.269162,204.2 -2.446925,43.269146,204.3 -2.446942,43.269126,203.9 -2.446948,43.269107,203.1 -2.446983,43.269101,203.8 -2.447015,43.269101,204.6 -2.447053,43.269091,205.2 -2.447078,43.269072,204.9 -2.447103,43.269069,205.5 -2.447142,43.269069,206.7 -2.447175,43.269059,207.3 -2.447197,43.269046,207.3 -2.447223,43.269040,207.9 -2.447258,43.269030,208.5 -2.447288,43.269021,209.0 -2.447317,43.269011,209.4 -2.447347,43.268992,209.7 -2.447370,43.268982,210.1 -2.447398,43.268973,210.7 -2.447425,43.268982,211.7 -2.447453,43.268986,212.6 -2.447478,43.268979,213.1 -2.447510,43.268973,213.8 -2.447533,43.268979,214.2 -2.447558,43.268979,214.6 -2.447593,43.268979,215.2 -2.447633,43.268979,215.7 -2.447660,43.268979,216.1 -2.447695,43.268979,216.7 -2.447728,43.268973,217.0 -2.447757,43.268979,217.7 -2.447785,43.268982,218.2 -2.447822,43.268989,218.6 -2.447850,43.268992,219.0 -2.447880,43.269005,219.6 -2.447912,43.269008,220.0 -2.447945,43.269011,220.3 -2.447975,43.269021,220.9 -2.447997,43.269030,221.4 -2.448033,43.269040,222.2 -2.448070,43.269046,223.0 -2.448103,43.269046,223.5 -2.448142,43.269056,224.4 -2.448175,43.269050,224.8 -2.448218,43.269056,225.6 -2.448255,43.269046,225.9 -2.448290,43.269040,226.3 -2.448337,43.269030,226.8 -2.448377,43.269021,227.3 -2.448412,43.269002,227.4 -2.448430,43.268989,227.4 -2.448472,43.268982,228.2 -2.448507,43.268966,228.6 -2.448555,43.268960,229.6 -2.448588,43.268944,229.9 -2.448625,43.268931,230.4 -2.448662,43.268928,231.2 -2.448695,43.268912,231.5 -2.448728,43.268899,231.9 -2.448760,43.268883,232.0 -2.448793,43.268870,231.8 -2.448828,43.268861,232.2 -2.448862,43.268848,232.3 -2.448902,43.268848,233.3 -2.448948,43.268848,234.7 -2.448977,43.268829,234.5 -2.448990,43.268803,233.9 -2.449022,43.268794,234.4 -2.449060,43.268794,235.7 -2.449088,43.268781,236.0 -2.449130,43.268774,237.2 -2.449153,43.268781,238.1 -2.449190,43.268781,239.3 -2.449228,43.268781,240.3 -2.449265,43.268774,241.2 -2.449305,43.268774,242.4 -2.449337,43.268774,243.3 -2.449368,43.268771,244.3 -2.449395,43.268768,245.0 -2.449432,43.268768,246.1 -2.449462,43.268762,246.5 -2.449482,43.268746,246.6 -2.449505,43.268739,246.7 -2.449533,43.268746,247.4 -2.449562,43.268758,248.2 -2.449593,43.268758,248.7 -2.449618,43.268765,249.2 -2.449640,43.268784,250.0 -2.449675,43.268794,250.9 -2.449700,43.268790,251.1 -2.449732,43.268794,251.8 -2.449767,43.268813,252.8 -2.449798,43.268829,253.7 -2.449823,43.268832,254.2 -2.449857,43.268822,254.5 -2.449892,43.268829,255.3 -2.449930,43.268832,255.8 -2.449957,43.268842,256.6 -2.449987,43.268848,257.3 -2.450020,43.268861,258.1 -2.450050,43.268867,258.6 -2.450093,43.268874,259.2 -2.450123,43.268886,259.8 -2.450153,43.268899,260.6 -2.450178,43.268902,260.9 -2.450208,43.268902,261.1 -2.450247,43.268909,261.8 -2.450282,43.268909,262.1 -2.450325,43.268906,262.1 -2.450358,43.268906,262.4 -2.450400,43.268912,263.0 -2.450437,43.268922,263.7 -2.450470,43.268928,264.2 -2.450500,43.268928,264.4 -2.450530,43.268931,264.9 -2.450567,43.268931,265.1 -2.450602,43.268938,266.0 -2.450635,43.268941,266.4 -2.450678,43.268950,267.4 -2.450718,43.268950,267.9 -2.450753,43.268938,267.9 -2.450793,43.268928,268.0 -2.450837,43.268928,268.5 -2.450860,43.268912,268.4 -2.450898,43.268890,268.4 -2.450925,43.268890,269.1 -2.450962,43.268870,269.2 -2.451000,43.268858,269.7 -2.451045,43.268842,270.1 -2.451072,43.268832,270.4 -2.451120,43.268822,271.2 -2.451147,43.268819,271.9 -2.451172,43.268810,272.4 -2.451215,43.268794,273.0 -2.451253,43.268768,273.2 -2.451273,43.268752,273.2 -2.451307,43.268730,273.4 -2.451323,43.268707,273.1 -2.451342,43.268682,272.5 -2.451372,43.268662,272.6 -2.451383,43.268646,272.3 -2.451407,43.268634,272.4 -2.451438,43.268630,273.2 -2.451468,43.268621,273.8 -2.451500,43.268602,273.9 -2.451518,43.268589,274.1 -2.451530,43.268573,273.9 -2.451570,43.268563,274.7 -2.451610,43.268566,276.0 -2.451643,43.268554,276.5 -2.451685,43.268550,277.7 -2.451725,43.268547,279.0 -2.451762,43.268544,280.0 -2.451792,43.268522,280.2 -2.451813,43.268512,280.6 -2.451848,43.268502,281.2 -2.451887,43.268493,282.1 -2.451927,43.268477,282.7 -2.451962,43.268442,282.2 -2.451973,43.268426,281.9 -2.452005,43.268413,282.2 -2.452042,43.268410,283.2 -2.452077,43.268403,284.0 -2.452105,43.268394,284.4 -2.452145,43.268384,285.2 -2.452182,43.268374,285.7 -2.452212,43.268355,285.8 -2.452252,43.268349,286.8 -2.452273,43.268333,286.9 -2.452303,43.268317,287.3 -2.452338,43.268307,288.2 -2.452375,43.268294,289.0 -2.452418,43.268285,290.1 -2.452455,43.268266,290.7 -2.452490,43.268250,291.2 -2.452523,43.268227,291.2 -2.452557,43.268198,291.2 -2.452585,43.268198,292.3 -2.452608,43.268189,292.7 -2.452650,43.268173,293.6 -2.452692,43.268150,294.1 -2.452715,43.268144,294.6 -2.452735,43.268131,294.7 -2.452753,43.268115,294.7 -2.452785,43.268090,294.8 -2.452802,43.268074,294.7 -2.452812,43.268054,294.3 -2.452827,43.268029,294.2 -2.452842,43.268006,294.1 -2.452855,43.267987,294.0 -2.452865,43.267965,293.6 -2.452883,43.267949,293.9 -2.452897,43.267930,293.8 -2.452917,43.267898,293.5 -2.452933,43.267869,293.0 -2.452947,43.267850,292.9 -2.452960,43.267834,292.8 -2.452973,43.267818,292.8 -2.452997,43.267792,292.6 -2.453008,43.267773,292.4 -2.453042,43.267750,292.9 -2.453062,43.267738,293.3 -2.453080,43.267718,293.3 -2.453120,43.267693,293.9 -2.453138,43.267677,293.9 -2.453160,43.267658,293.9 -2.453203,43.267635,294.3 -2.453240,43.267619,294.7 -2.453282,43.267594,294.8 -2.453315,43.267587,295.3 -2.453345,43.267574,295.7 -2.453373,43.267568,296.1 -2.453395,43.267539,295.6 -2.453418,43.267530,295.9 -2.453425,43.267501,294.8 -2.453443,43.267475,294.6 -2.453462,43.267456,294.6 -2.453478,43.267434,294.3 -2.453498,43.267414,294.2 -2.453523,43.267408,294.6 -2.453548,43.267395,294.8 -2.453573,43.267379,294.9 -2.453593,43.267357,294.5 -2.453615,43.267341,294.5 -2.453637,43.267322,294.4 -2.453662,43.267309,294.5 -2.453682,43.267290,294.3 -2.453710,43.267277,294.4 -2.453732,43.267261,294.3 -2.453747,43.267235,293.5 -2.453765,43.267203,292.8 -2.453775,43.267171,292.3 -2.453805,43.267152,292.6 -2.453828,43.267136,292.8 -2.453857,43.267133,293.3 -2.453882,43.267133,294.0 -2.453927,43.267117,294.8 -2.453957,43.267110,295.2 -2.453973,43.267085,295.2 -2.453982,43.267062,295.0 -2.453983,43.267043,294.7 -2.453982,43.267024,294.3 -2.453977,43.266998,293.6 -2.453968,43.266979,293.0 -2.453962,43.266960,292.4 -2.453958,43.266941,292.1 -2.453952,43.266918,291.8 -2.453952,43.266896,291.8 -2.453953,43.266874,291.9 -2.453955,43.266854,291.8 -2.453980,43.266822,292.7 -2.453995,43.266806,293.2 -2.454030,43.266781,294.4 -2.454045,43.266762,294.9 -2.454063,43.266746,295.6 -2.454093,43.266726,296.8 -2.454110,43.266701,297.7 -2.454122,43.266669,298.3 -2.454123,43.266650,298.6 -2.454128,43.266624,298.9 -2.454140,43.266608,299.5 -2.454170,43.266586,300.8 -2.454188,43.266560,301.4 -2.454225,43.266538,302.7 -2.454245,43.266509,303.5 -2.454275,43.266486,304.5 -2.454288,43.266461,304.9 -2.454307,43.266435,305.5 -2.454318,43.266406,305.8 -2.454315,43.266371,306.7 -2.454300,43.266342,308.1 -2.454283,43.266323,308.6 -2.454250,43.266310,308.5 -2.454223,43.266307,308.0 -2.454202,43.266298,307.9 -2.454177,43.266282,308.0 -2.454157,43.266269,308.4 -2.454128,43.266250,308.9 -2.454110,43.266237,309.4 -2.454083,43.266221,309.9 -2.454072,43.266205,310.6 -2.454053,43.266189,311.2 -2.454033,43.266170,312.0 -2.453998,43.266150,312.6 -2.453968,43.266138,312.8 -2.453928,43.266122,313.1 -2.453890,43.266112,313.0 -2.453853,43.266102,313.4 -2.453825,43.266099,313.7 -2.453792,43.266099,313.7 -2.453755,43.266086,314.2 -2.453717,43.266083,314.4 -2.453677,43.266070,314.9 -2.453632,43.266064,315.2 -2.453587,43.266061,315.5 -2.453547,43.266058,315.8 -2.453512,43.266048,316.4 -2.453473,43.266042,316.7 -2.453445,43.266022,317.2 -2.453433,43.266006,317.4 -2.453430,43.265984,317.8 -2.453433,43.265958,318.1 -2.453448,43.265930,318.4 -2.453462,43.265914,318.7 -2.453488,43.265885,319.2 -2.453508,43.265869,319.6 -2.453530,43.265859,319.9 -2.453553,43.265850,320.3 -2.453593,43.265834,321.0 -2.453617,43.265824,320.9 -2.453642,43.265814,320.8 -2.453685,43.265795,320.7 -2.453728,43.265776,320.7 -2.453752,43.265766,320.8 -2.453777,43.265760,320.8 -2.453802,43.265760,321.0 -2.453828,43.265754,321.3 -2.453858,43.265747,321.5 -2.453885,43.265744,321.7 -2.453908,43.265734,322.0 -2.453953,43.265731,322.6 -2.453980,43.265725,323.0 -2.454007,43.265715,323.3 -2.454033,43.265712,323.7 -2.454062,43.265709,324.0 -2.454088,43.265702,324.4 -2.454112,43.265696,324.7 -2.454137,43.265696,325.1 -2.454180,43.265702,325.8 -2.454220,43.265702,326.3 -2.454260,43.265712,327.0 -2.454293,43.265728,327.7 -2.454327,43.265734,328.1 -2.454358,43.265744,328.7 -2.454385,43.265747,329.2 -2.454417,43.265760,329.8 -2.454447,43.265766,330.3 -2.454468,43.265776,331.1 -2.454493,43.265776,331.6 -2.454513,43.265760,331.9 -2.454538,43.265747,332.5 -2.454572,43.265731,333.2 -2.454600,43.265725,333.8 -2.454623,43.265715,334.2 -2.454647,43.265706,334.8 -2.454675,43.265696,335.4 -2.454707,43.265686,336.0 -2.454742,43.265674,336.7 -2.454777,43.265667,337.4 -2.454812,43.265661,338.3 -2.454848,43.265654,338.9 -2.454878,43.265648,339.6 -2.454912,43.265645,340.4 -2.454933,43.265629,340.7 -2.454965,43.265616,341.5 -2.454982,43.265590,341.7 -2.455007,43.265581,342.2 -2.455043,43.265574,343.1 -2.455077,43.265571,343.8 -2.455090,43.265555,343.9 -2.455123,43.265536,344.1 -2.455155,43.265533,344.8 -2.455180,43.265517,344.8 -2.455208,43.265510,345.3 -2.455227,43.265498,345.5 -2.455253,43.265475,345.4 -2.455272,43.265456,345.4 -2.455293,43.265437,345.4 -2.455317,43.265414,345.3 -2.455330,43.265398,345.1 -2.455363,43.265386,345.4 -2.455382,43.265373,345.6 -2.455413,43.265357,345.8 -2.455437,43.265344,346.0 -2.455402,43.265357,345.6 -2.455380,43.265386,345.8 -2.455347,43.265418,345.9 -2.455325,43.265443,346.2 -2.455303,43.265466,346.3 -2.455285,43.265494,346.7 -2.455265,43.265526,347.0 -2.455245,43.265555,347.3 -2.455233,43.265584,346.8 -2.455232,43.265610,346.7 -2.455240,43.265635,346.6 -2.455252,43.265664,346.4 -2.455277,43.265680,346.6 -2.455302,43.265693,346.7 -2.455332,43.265702,347.0 -2.455362,43.265706,347.2 -2.455395,43.265706,347.3 -2.455423,43.265693,347.9 -2.455452,43.265686,348.3 -2.455478,43.265680,348.7 -2.455505,43.265670,349.2 -2.455530,43.265664,349.7 -2.455557,43.265664,349.9 -2.455582,43.265664,350.3 -2.455628,43.265667,351.0 -2.455655,43.265670,351.4 -2.455680,43.265674,351.8 -2.455707,43.265680,352.2 -2.455735,43.265680,352.6 -2.455760,43.265674,353.2 -2.455783,43.265664,353.9 -2.455805,43.265654,354.5 -2.455838,43.265648,355.1 -2.455865,43.265651,355.8 -2.455885,43.265674,356.0 -2.455912,43.265696,356.2 -2.455947,43.265715,356.9 -2.455973,43.265731,357.4 -2.456003,43.265744,358.1 -2.456033,43.265760,358.7 -2.456063,43.265782,359.3 -2.456098,43.265805,360.1 -2.456125,43.265824,360.6 -2.456148,43.265843,361.2 -2.456178,43.265853,362.1 -2.456205,43.265850,363.0 -2.456240,43.265853,364.1 -2.456268,43.265859,365.0 -2.456288,43.265872,365.4 -2.456308,43.265891,365.9 -2.456327,43.265920,366.3 -2.456353,43.265923,367.0 -2.456378,43.265926,367.8 -2.456400,43.265946,368.1 -2.456415,43.265962,368.4 -2.456437,43.265974,368.8 -2.456460,43.265990,369.2 -2.456487,43.266006,369.6 -2.456497,43.266026,369.6 -2.456525,43.266042,370.3 -2.456548,43.266051,370.7 -2.456567,43.266070,370.9 -2.456585,43.266086,371.2 -2.456615,43.266099,371.9 -2.456638,43.266106,372.3 -2.456663,43.266109,372.9 -2.456690,43.266106,373.2 -2.456712,43.266118,373.5 -2.456730,43.266131,373.8 -2.456712,43.266147,373.9 -2.456723,43.266163,374.0 -2.456752,43.266173,374.4 -2.456770,43.266192,374.8 -2.456795,43.266198,375.2 -2.456818,43.266205,375.5 -2.456855,43.266211,376.0 -2.456870,43.266240,376.5 -2.456870,43.266259,376.8 -2.456872,43.266282,377.2 -2.456880,43.266304,377.8 -2.456900,43.266320,378.2 -2.456947,43.266330,379.1 -2.456970,43.266339,379.3 -2.457020,43.266346,380.0 -2.457067,43.266346,380.4 -2.457092,43.266349,380.7 -2.457117,43.266349,381.1 -2.457165,43.266362,381.7 -2.457192,43.266365,382.2 -2.457215,43.266371,382.6 -2.457257,43.266387,383.3 -2.457282,43.266397,383.7 -2.457325,43.266406,384.1 -2.457350,43.266410,384.4 -2.457373,43.266416,384.8 -2.457420,43.266419,385.3 -2.457463,43.266426,385.7 -2.457508,43.266435,386.2 -2.457545,43.266448,386.8 -2.457587,43.266458,387.3 -2.457628,43.266461,387.6 -2.457668,43.266461,387.8 -2.457708,43.266464,388.1 -2.457748,43.266467,388.5 -2.457782,43.266470,388.8 -2.457813,43.266470,388.8 -2.457853,43.266477,389.4 -2.457898,43.266483,389.9 -2.457925,43.266483,389.9 -2.457970,43.266483,390.2 -2.457995,43.266486,390.6 -2.458020,43.266490,390.9 -2.458045,43.266496,391.3 -2.458090,43.266502,391.7 -2.458115,43.266506,391.9 -2.458162,43.266509,392.2 -2.458208,43.266509,392.3 -2.458232,43.266515,392.6 -2.458278,43.266525,393.3 -2.458300,43.266534,393.6 -2.458343,43.266544,394.1 -2.458387,43.266560,394.8 -2.458423,43.266576,395.4 -2.458462,43.266595,396.2 -2.458500,43.266608,396.8 -2.458522,43.266624,397.4 -2.458543,43.266634,397.8 -2.458582,43.266646,398.2 -2.458617,43.266662,398.8 -2.458653,43.266675,398.9 -2.458688,43.266694,399.3 -2.458723,43.266717,399.7 -2.458760,43.266739,400.0 -2.458792,43.266755,400.2 -2.458818,43.266774,400.7 -2.458845,43.266787,400.8 -2.458867,43.266800,401.1 -2.458893,43.266819,401.4 -2.458908,43.266838,401.6 -2.458942,43.266854,401.4 -2.458962,43.266867,401.5 -2.458977,43.266883,401.6 -2.458988,43.266899,401.8 -2.459005,43.266922,402.3 -2.459022,43.266938,402.4 -2.459058,43.266966,402.4 -2.459075,43.266986,402.4 -2.459087,43.267002,402.7 -2.459098,43.267018,402.7 -2.459117,43.267053,403.1 -2.459145,43.267085,403.4 -2.459160,43.267101,403.6 -2.459178,43.267117,403.5 -2.459193,43.267136,403.8 -2.459210,43.267152,403.9 -2.459228,43.267174,404.0 -2.459247,43.267194,404.2 -2.459265,43.267213,404.4 -2.459283,43.267226,404.5 -2.459302,43.267245,404.6 -2.459320,43.267264,404.7 -2.459338,43.267283,404.7 -2.459355,43.267302,404.8 -2.459385,43.267331,405.1 -2.459417,43.267363,405.3 -2.459437,43.267379,405.5 -2.459460,43.267398,405.7 -2.459488,43.267424,405.9 -2.459510,43.267450,406.1 -2.459532,43.267472,406.4 -2.459552,43.267488,406.6 -2.459570,43.267510,406.8 -2.459612,43.267549,406.6 -2.459632,43.267568,406.7 -2.459657,43.267587,406.5 -2.459675,43.267613,406.6 -2.459692,43.267635,406.7 -2.459707,43.267658,406.9 -2.459722,43.267680,406.9 -2.459735,43.267706,407.4 -2.459748,43.267722,407.5 -2.459762,43.267750,407.8 -2.459773,43.267776,408.3 -2.459785,43.267802,407.8 -2.459797,43.267821,407.6 -2.459808,43.267850,407.2 -2.459818,43.267869,406.8 -2.459835,43.267888,406.6 -2.459858,43.267910,406.3 -2.459887,43.267930,406.3 -2.459913,43.267952,406.1 -2.459942,43.267971,406.0 -2.459972,43.267987,405.8 -2.460000,43.268000,405.8 -2.460032,43.268016,405.7 -2.460063,43.268035,405.5 -2.460098,43.268054,405.4 -2.460128,43.268074,404.5 -2.460163,43.268093,403.8 -2.460197,43.268109,403.2 -2.460233,43.268125,402.8 -2.460270,43.268138,402.4 -2.460305,43.268154,401.8 -2.460345,43.268170,401.4 -2.460383,43.268182,400.9 -2.460420,43.268189,400.7 -2.460462,43.268195,400.6 -2.460505,43.268198,400.8 -2.460547,43.268198,400.8 -2.460587,43.268198,400.8 -2.460625,43.268198,400.7 -2.460667,43.268198,400.6 -2.460708,43.268198,400.4 -2.460750,43.268198,400.3 -2.460792,43.268205,399.7 -2.460835,43.268208,399.4 -2.460875,43.268211,399.7 -2.460913,43.268218,399.8 -2.460955,43.268224,400.1 -2.460995,43.268237,400.0 -2.461035,43.268250,399.9 -2.461077,43.268253,400.2 -2.461122,43.268253,400.7 -2.461165,43.268253,400.8 -2.461205,43.268266,400.5 -2.461247,43.268282,400.2 -2.461285,43.268294,399.9 -2.461323,43.268310,399.5 -2.461365,43.268317,399.4 -2.461408,43.268317,399.3 -2.461453,43.268317,399.0 -2.461498,43.268314,398.5 -2.461542,43.268310,398.2 -2.461582,43.268310,397.9 -2.461625,43.268307,397.5 -2.461668,43.268304,397.3 -2.461710,43.268298,397.8 -2.461750,43.268298,397.9 -2.461797,43.268298,398.1 -2.461838,43.268304,398.0 -2.461883,43.268304,398.0 -2.461923,43.268310,397.9 -2.461965,43.268323,397.7 -2.462005,43.268333,398.0 -2.462043,43.268342,398.0 -2.462082,43.268349,398.3 -2.462118,43.268362,398.4 -2.462155,43.268368,398.9 -2.462190,43.268384,399.0 -2.462223,43.268394,399.4 -2.462257,43.268413,399.2 -2.462292,43.268429,399.0 -2.462325,43.268445,399.0 -2.462358,43.268454,399.1 -2.462392,43.268474,399.2 -2.462422,43.268483,399.3 -2.462452,43.268496,399.4 -2.462483,43.268512,399.5 -2.462515,43.268528,399.6 -2.462552,43.268544,399.5 -2.462592,43.268563,399.2 -2.462625,43.268576,399.0 -2.462662,43.268592,399.0 -2.462702,43.268605,398.9 -2.462738,43.268614,398.8 -2.462773,43.268630,398.8 -2.462813,43.268643,398.8 -2.462848,43.268650,398.5 -2.462888,43.268653,398.4 -2.462928,43.268662,398.2 -2.462970,43.268669,398.0 -2.463013,43.268672,398.0 -2.463055,43.268672,397.8 -2.463102,43.268672,397.5 -2.463143,43.268672,397.0 -2.463187,43.268675,396.6 -2.463220,43.268685,396.3 -2.463263,43.268688,395.9 -2.463310,43.268701,395.5 -2.463352,43.268707,395.2 -2.463385,43.268714,394.6 -2.463425,43.268723,394.0 -2.463462,43.268733,393.5 -2.463497,43.268746,393.2 -2.463532,43.268758,392.7 -2.463565,43.268762,392.3 -2.463600,43.268749,391.6 -2.463633,43.268781,391.5 -2.463662,43.268800,391.1 -2.463702,43.268822,390.7 -2.463728,43.268838,390.6 -2.463770,43.268851,390.1 -2.463803,43.268867,389.9 -2.463833,43.268880,389.6 -2.463880,43.268893,389.3 -2.463913,43.268899,388.7 -2.463963,43.268906,387.8 -2.463997,43.268909,387.4 -2.464040,43.268918,386.7 -2.464083,43.268928,386.0 -2.464125,43.268938,385.4 -2.464163,43.268947,384.9 -2.464202,43.268957,384.7 -2.464238,43.268966,384.3 -2.464278,43.268970,384.1 -2.464328,43.268979,383.6 -2.464370,43.268986,383.3 -2.464413,43.268998,383.0 -2.464457,43.269005,382.7 -2.464502,43.269011,382.4 -2.464545,43.269021,382.2 -2.464588,43.269027,382.0 -2.464630,43.269037,381.8 -2.464663,43.269040,381.6 -2.464710,43.269046,381.4 -2.464743,43.269056,381.3 -2.464783,43.269059,381.2 -2.464825,43.269069,381.1 -2.464868,43.269082,380.9 -2.464910,43.269091,380.7 -2.464952,43.269104,380.7 -2.465002,43.269120,380.5 -2.465042,43.269130,380.7 -2.465087,43.269139,380.8 -2.465132,43.269146,380.8 -2.465175,43.269146,380.8 -2.465220,43.269142,380.8 -2.465265,43.269142,380.7 -2.465310,43.269149,380.8 -2.465355,43.269152,380.8 -2.465400,43.269152,380.8 -2.465443,43.269158,380.9 -2.465490,43.269158,380.9 -2.465533,43.269152,380.9 -2.465577,43.269149,380.9 -2.465622,43.269142,380.8 -2.465668,43.269136,380.6 -2.465713,43.269126,380.6 -2.465757,43.269110,380.6 -2.465795,43.269101,380.6 -2.465835,43.269085,380.5 -2.465872,43.269072,380.3 -2.465908,43.269062,380.2 -2.465945,43.269050,380.1 -2.465985,43.269040,380.0 -2.466023,43.269024,380.1 -2.466048,43.269005,380.0 -2.466080,43.268986,380.0 -2.466113,43.268966,380.0 -2.466153,43.268950,379.6 -2.466198,43.268928,379.3 -2.466233,43.268912,379.1 -2.466270,43.268902,378.8 -2.466307,43.268893,378.6 -2.466343,43.268886,378.3 -2.466378,43.268874,378.1 -2.466415,43.268867,378.0 -2.466452,43.268861,377.9 -2.466490,43.268861,377.7 -2.466528,43.268858,377.6 -2.466557,43.268851,377.6 -2.466600,43.268848,377.5 -2.466640,43.268845,377.4 -2.466682,43.268845,377.5 -2.466722,43.268842,377.6 -2.466760,43.268838,377.7 -2.466795,43.268829,378.0 -2.466828,43.268826,378.0 -2.466855,43.268822,378.3 -2.466897,43.268829,378.3 -2.466933,43.268832,378.5 -2.466972,43.268838,378.3 -2.467007,43.268838,378.3 -2.467047,43.268838,378.3 -2.467087,43.268832,378.3 -2.467117,43.268829,378.4 -2.467155,43.268829,378.4 -2.467200,43.268829,378.3 -2.467240,43.268829,378.4 -2.467280,43.268832,378.4 -2.467318,43.268838,378.4 -2.467353,43.268842,378.5 -2.467390,43.268858,378.6 -2.467420,43.268870,378.8 -2.467445,43.268893,378.8 -2.467468,43.268918,378.7 -2.467495,43.268941,378.6 -2.467520,43.268960,378.5 -2.467547,43.268982,378.5 -2.467570,43.269002,378.4 -2.467593,43.269021,378.5 -2.467620,43.269046,378.4 -2.467648,43.269066,378.4 -2.467673,43.269085,378.6 -2.467702,43.269101,378.7 -2.467727,43.269120,378.7 -2.467753,43.269139,378.8 -2.467780,43.269162,379.0 -2.467805,43.269184,379.2 -2.467825,43.269203,379.2 -2.467858,43.269226,379.3 -2.467888,43.269245,379.4 -2.467908,43.269258,379.5 -2.467940,43.269277,379.6 -2.467970,43.269296,379.8 -2.468000,43.269309,380.1 -2.468028,43.269328,380.3 -2.468053,43.269350,380.3 -2.468078,43.269376,380.5 -2.468107,43.269389,380.8 -2.468130,43.269402,381.1 -2.468158,43.269418,381.3 -2.468183,43.269440,381.5 -2.468212,43.269456,381.8 -2.468237,43.269478,382.1 -2.468260,43.269488,382.3 -2.468285,43.269504,382.6 -2.468315,43.269520,382.8 -2.468345,43.269536,383.0 -2.468377,43.269549,383.3 -2.468405,43.269565,383.3 -2.468438,43.269584,383.4 -2.468472,43.269600,383.6 -2.468503,43.269613,383.6 -2.468533,43.269616,383.7 -2.468563,43.269622,383.9 -2.468593,43.269635,383.9 -2.468625,43.269648,384.0 -2.468657,43.269664,383.9 -2.468682,43.269677,383.9 -2.468718,43.269686,384.0 -2.468750,43.269699,383.9 -2.468780,43.269715,384.0 -2.468810,43.269734,383.9 -2.468835,43.269744,383.8 -2.468870,43.269760,383.7 -2.468902,43.269773,383.6 -2.468935,43.269779,383.5 -2.468970,43.269782,383.5 -2.469002,43.269782,383.5 -2.469040,43.269776,383.5 -2.469082,43.269773,383.4 -2.469123,43.269773,383.3 -2.469162,43.269773,383.3 -2.469200,43.269776,383.0 -2.469252,43.269782,382.9 -2.469288,43.269786,382.9 -2.469318,43.269786,382.7 -2.469357,43.269795,382.7 -2.469402,43.269795,382.6 -2.469438,43.269792,382.4 -2.469483,43.269792,382.4 -2.469517,43.269792,382.6 -2.469562,43.269795,382.6 -2.469628,43.269792,382.8 -2.469663,43.269792,382.9 -2.469693,43.269792,382.9 -2.469730,43.269795,383.1 -2.469767,43.269795,383.1 -2.469807,43.269795,383.0 -2.469853,43.269795,383.0 -2.469887,43.269798,383.2 -2.469923,43.269798,383.2 -2.469953,43.269798,383.1 -2.469988,43.269798,383.1 -2.470028,43.269802,383.1 -2.470057,43.269805,383.3 -2.470093,43.269811,383.4 -2.470138,43.269814,383.5 -2.470167,43.269814,383.4 -2.470203,43.269818,383.6 -2.470240,43.269818,383.5 -2.470275,43.269814,383.3 -2.470308,43.269814,383.5 -2.470345,43.269814,383.5 -2.470373,43.269811,383.6 -2.470410,43.269802,383.3 -2.470450,43.269792,383.0 -2.470483,43.269779,382.5 -2.470518,43.269773,382.2 -2.470558,43.269766,382.1 -2.470597,43.269760,381.9 -2.470637,43.269754,381.8 -2.470675,43.269744,381.4 -2.470715,43.269738,381.3 -2.470753,43.269722,380.7 -2.470785,43.269715,380.7 -2.470833,43.269696,380.1 -2.470875,43.269677,379.5 -2.470920,43.269661,378.8 -2.470957,43.269648,378.3 -2.471002,43.269638,378.0 -2.471060,43.269626,377.5 -2.471107,43.269622,377.4 -2.471155,43.269616,377.1 -2.471202,43.269606,376.6 -2.471250,43.269606,376.4 -2.471298,43.269613,376.5 -2.471337,43.269613,376.4 -2.471392,43.269619,376.3 -2.471440,43.269622,375.7 -2.471485,43.269626,375.3 -2.471528,43.269638,375.3 -2.471572,43.269648,375.0 -2.471612,43.269664,375.2 -2.471652,43.269677,375.2 -2.471693,43.269693,375.4 -2.471738,43.269702,374.9 -2.471783,43.269715,374.7 -2.471827,43.269722,374.1 -2.471867,43.269734,373.9 -2.471908,43.269747,373.7 -2.471952,43.269763,373.5 -2.471992,43.269776,373.5 -2.472032,43.269792,373.7 -2.472073,43.269805,373.6 -2.472117,43.269821,373.6 -2.472162,43.269834,373.6 -2.472193,43.269837,373.4 -2.472237,43.269837,373.0 -2.472292,43.269840,372.8 -2.472338,43.269843,372.7 -2.472387,43.269846,372.4 -2.472430,43.269853,372.6 -2.472473,43.269856,372.5 -2.472518,43.269862,372.5 -2.472567,43.269872,372.8 -2.472610,43.269875,372.7 -2.472645,43.269878,372.5 -2.472697,43.269878,372.3 -2.472743,43.269885,372.5 -2.472788,43.269891,372.6 -2.472832,43.269891,372.5 -2.472862,43.269891,372.7 -2.472898,43.269894,372.8 -2.472933,43.269894,372.9 -2.472978,43.269894,372.9 -2.473015,43.269898,373.2 -2.473048,43.269894,373.0 -2.473097,43.269894,373.2 -2.473137,43.269894,373.4 -2.473168,43.269894,373.6 -2.473205,43.269894,373.9 -2.473243,43.269894,374.1 -2.473287,43.269891,374.2 -2.473335,43.269882,374.1 -2.473363,43.269875,374.1 -2.473397,43.269866,373.9 -2.473435,43.269862,374.1 -2.473478,43.269853,374.2 -2.473507,43.269843,374.0 -2.473548,43.269837,374.3 -2.473580,43.269837,374.6 -2.473615,43.269834,374.8 -2.473645,43.269834,374.8 -2.473672,43.269837,374.9 -2.473702,43.269837,374.7 -2.473733,43.269837,374.7 -2.473763,43.269834,374.4 -2.473808,43.269827,374.0 -2.473848,43.269834,374.1 -2.473887,43.269837,374.1 -2.473917,43.269843,373.6 -2.473963,43.269853,372.9 -2.474000,43.269862,372.2 -2.474038,43.269878,371.9 -2.474070,43.269891,371.5 -2.474102,43.269901,371.1 -2.474133,43.269917,370.9 -2.474162,43.269933,370.8 -2.474192,43.269942,370.1 -2.474228,43.269965,369.6 -2.474260,43.269984,369.0 -2.474293,43.270010,368.9 -2.474322,43.270035,368.5 -2.474347,43.270061,368.3 -2.474373,43.270083,368.0 -2.474397,43.270109,367.9 -2.474420,43.270131,367.7 -2.474447,43.270157,367.4 -2.474475,43.270182,367.0 -2.474498,43.270208,366.8 -2.474518,43.270224,366.4 -2.474537,43.270250,366.2 -2.474555,43.270269,366.0 -2.474572,43.270294,366.1 -2.474593,43.270320,365.9 -2.474618,43.270355,365.7 -2.474640,43.270381,365.5 -2.474660,43.270410,365.5 -2.474678,43.270432,365.4 -2.474712,43.270461,364.8 -2.474738,43.270499,364.7 -2.474767,43.270538,364.7 -2.474797,43.270573,364.3 -2.474818,43.270602,364.4 -2.474842,43.270630,364.3 -2.474863,43.270659,364.4 -2.474887,43.270688,364.4 -2.474910,43.270714,364.2 -2.474933,43.270746,364.4 -2.474960,43.270778,364.5 -2.474982,43.270800,364.6 -2.475005,43.270819,364.4 -2.475028,43.270838,364.1 -2.475053,43.270854,363.8 -2.475080,43.270883,363.9 -2.475107,43.270909,363.7 -2.475135,43.270931,363.5 -2.475160,43.270954,363.4 -2.475188,43.270976,363.3 -2.475213,43.270995,363.0 -2.475238,43.271018,363.0 -2.475267,43.271043,362.9 -2.475292,43.271062,362.9 -2.475318,43.271085,363.3 -2.475343,43.271104,363.6 -2.475368,43.271114,363.6 -2.475398,43.271130,363.6 -2.475437,43.271133,363.1 -2.475468,43.271146,363.2 -2.475505,43.271149,362.7 -2.475538,43.271155,362.3 -2.475572,43.271162,362.3 -2.475598,43.271168,362.5 -2.475637,43.271171,362.5 -2.475675,43.271171,362.5 -2.475717,43.271171,362.3 -2.475760,43.271171,362.1 -2.475802,43.271168,361.8 -2.475847,43.271168,361.6 -2.475892,43.271165,361.1 -2.475940,43.271168,360.8 -2.475988,43.271171,360.3 -2.476033,43.271174,360.1 -2.476078,43.271174,359.7 -2.476128,43.271187,359.4 -2.476170,43.271197,358.8 -2.476210,43.271213,358.6 -2.476248,43.271232,358.2 -2.476288,43.271251,357.9 -2.476323,43.271274,357.7 -2.476352,43.271296,357.7 -2.476378,43.271322,357.6 -2.476402,43.271344,357.5 -2.476423,43.271363,357.3 -2.476443,43.271386,357.2 -2.476458,43.271411,357.1 -2.476478,43.271440,356.7 -2.476495,43.271466,356.5 -2.476510,43.271494,356.3 -2.476523,43.271520,356.1 -2.476537,43.271546,356.0 -2.476550,43.271574,355.8 -2.476563,43.271606,355.5 -2.476575,43.271632,355.4 -2.476587,43.271651,355.0 -2.476595,43.271670,355.0 -2.476598,43.271690,354.8 -2.476602,43.271712,354.7 -2.476603,43.271731,354.8 -2.476613,43.271760,354.5 -2.476623,43.271789,354.3 -2.476630,43.271821,354.1 -2.476635,43.271846,354.0 -2.476642,43.271872,353.8 -2.476655,43.271904,353.3 -2.476663,43.271930,353.2 -2.476667,43.271962,353.2 -2.476670,43.271990,353.3 -2.476673,43.272022,353.4 -2.476682,43.272051,353.2 -2.476697,43.272083,353.0 -2.476718,43.272118,352.6 -2.476735,43.272147,352.3 -2.476750,43.272182,352.2 -2.476768,43.272205,352.0 -2.476787,43.272221,351.6 -2.476828,43.272243,350.9 -2.476857,43.272250,350.4 -2.476892,43.272269,349.9 -2.476935,43.272298,349.5 -2.476972,43.272333,349.8 -2.477015,43.272365,349.9 -2.477060,43.272387,349.8 -2.477105,43.272406,349.8 -2.477147,43.272419,349.6 -2.477190,43.272432,349.5 -2.477228,43.272438,349.5 -2.477268,43.272442,350.0 -2.477320,43.272435,350.1 -2.477372,43.272419,349.8 -2.477420,43.272400,349.4 -2.477463,43.272368,348.2 -2.477515,43.272342,347.3 -2.477555,43.272307,346.3 -2.477592,43.272282,345.9 -2.477630,43.272262,345.7 -2.477668,43.272246,345.7 -2.477710,43.272237,346.3 -2.477758,43.272224,346.7 -2.477798,43.272202,346.1 -2.477838,43.272182,345.6 -2.477883,43.272166,345.2 -2.477923,43.272147,344.8 -2.477958,43.272134,344.6 -2.477990,43.272109,343.9 -2.478020,43.272086,343.2 -2.478053,43.272070,342.9 -2.478085,43.272058,342.6 -2.478122,43.272042,342.2 -2.478157,43.272026,341.9 -2.478197,43.272006,341.6 -2.478228,43.271990,341.5 -2.478262,43.271978,341.6 -2.478298,43.271965,341.8 -2.478330,43.271946,342.0 -2.478365,43.271930,341.2 -2.478398,43.271910,340.2 -2.478430,43.271888,339.4 -2.478463,43.271872,338.7 -2.478495,43.271850,338.1 -2.478525,43.271837,337.9 -2.478552,43.271818,337.6 -2.478583,43.271792,337.3 -2.478613,43.271766,337.2 -2.478642,43.271741,336.7 -2.478673,43.271718,336.4 -2.478700,43.271690,336.3 -2.478722,43.271667,336.5 -2.478745,43.271642,335.7 -2.478770,43.271619,335.0 -2.478800,43.271594,334.3 -2.478832,43.271581,334.1 -2.478868,43.271568,334.1 -2.478903,43.271558,333.8 -2.478935,43.271546,333.1 -2.478967,43.271539,332.6 -2.479015,43.271530,332.2 -2.479048,43.271514,332.0 -2.479083,43.271504,331.9 -2.479118,43.271488,331.9 -2.479147,43.271475,332.2 -2.479172,43.271462,332.3 -2.479207,43.271453,332.0 -2.479243,43.271450,331.5 -2.479283,43.271440,331.4 -2.479323,43.271430,331.3 -2.479367,43.271424,331.0 -2.479407,43.271414,330.9 -2.479443,43.271414,330.6 -2.479485,43.271414,329.2 -2.479520,43.271405,328.4 -2.479547,43.271395,327.9 -2.479577,43.271389,327.2 -2.479613,43.271376,326.5 -2.479645,43.271366,325.7 -2.479668,43.271344,326.0 -2.479690,43.271328,326.2 -2.479713,43.271312,326.4 -2.479738,43.271296,326.5 -2.479767,43.271286,325.8 -2.479790,43.271274,325.6 -2.479815,43.271264,325.2 -2.479838,43.271245,325.2 -2.479868,43.271222,325.1 -2.479900,43.271197,325.2 -2.479957,43.271178,323.8 -2.479992,43.271168,322.7 -2.480008,43.271152,322.7 -2.480027,43.271133,322.7 -2.480038,43.271117,322.9 -2.480050,43.271098,323.0 -2.480085,43.271066,322.6 -2.480103,43.271037,322.6 -2.480118,43.271014,322.9 -2.480142,43.270989,322.5 -2.480163,43.270963,322.4 -2.480192,43.270938,321.8 -2.480218,43.270918,321.2 -2.480247,43.270899,320.3 -2.480270,43.270883,319.6 -2.480308,43.270858,318.7 -2.480342,43.270838,317.8 -2.480382,43.270819,317.0 -2.480430,43.270797,315.9 -2.480457,43.270778,315.6 -2.480487,43.270765,314.9 -2.480522,43.270752,314.0 -2.480555,43.270739,313.1 -2.480583,43.270733,312.5 -2.480630,43.270717,311.7 -2.480668,43.270701,311.3 -2.480712,43.270694,310.2 -2.480757,43.270678,309.7 -2.480807,43.270669,308.5 -2.480840,43.270656,308.4 -2.480872,43.270640,308.7 -2.480907,43.270630,308.3 -2.480947,43.270621,308.0 -2.480983,43.270618,307.3 -2.481017,43.270621,306.2 -2.481050,43.270630,304.8 -2.481100,43.270634,303.2 -2.481152,43.270630,302.4 -2.481200,43.270627,301.6 -2.481245,43.270621,301.1 -2.481293,43.270621,300.3 -2.481337,43.270627,299.0 -2.481378,43.270627,298.1 -2.481418,43.270618,298.5 -2.481462,43.270618,298.1 -2.481507,43.270614,298.2 -2.481555,43.270608,298.5 -2.481603,43.270608,298.3 -2.481650,43.270611,297.7 -2.481698,43.270614,297.5 -2.481743,43.270627,296.7 -2.481793,43.270630,296.7 -2.481843,43.270637,296.5 -2.481892,43.270640,296.5 -2.481940,43.270646,296.2 -2.481987,43.270646,296.4 -2.482032,43.270646,296.7 -2.482060,43.270653,296.3 -2.482107,43.270656,296.2 -2.482137,43.270653,296.5 -2.482170,43.270650,297.0 -2.482208,43.270646,297.4 -2.482243,43.270646,297.4 -2.482278,43.270637,297.9 -2.482312,43.270627,298.5 -2.482345,43.270608,299.7 -2.482378,43.270595,300.5 -2.482413,43.270579,301.3 -2.482452,43.270566,301.9 -2.482487,43.270550,302.5 -2.482517,43.270534,302.6 -2.482545,43.270518,302.6 -2.482573,43.270509,302.2 -2.482603,43.270493,302.2 -2.482623,43.270480,302.3 -2.482657,43.270454,302.9 -2.482703,43.270438,302.5 -2.482725,43.270422,302.8 -2.482750,43.270406,302.9 -2.482770,43.270390,303.4 -2.482790,43.270374,303.7 -2.482822,43.270362,303.5 -2.482858,43.270352,303.0 -2.482915,43.270349,301.5 -2.482968,43.270355,299.4 -2.483017,43.270368,297.0 -2.483060,43.270371,295.5 -2.483100,43.270368,295.1 -2.483138,43.270362,294.7 -2.483173,43.270362,294.0 -2.483205,43.270362,293.5 -2.483238,43.270362,292.8 -2.483278,43.270374,291.2 -2.483320,43.270378,290.1 -2.483363,43.270387,289.4 -2.483410,43.270390,289.6 -2.483457,43.270390,290.1 -2.483505,43.270390,290.4 -2.483550,43.270387,291.1 -2.483597,43.270381,292.1 -2.483647,43.270378,292.4 -2.483695,43.270381,292.0 -2.483737,43.270378,292.0 -2.483772,43.270374,292.1 -2.483797,43.270371,292.4 -2.483815,43.270358,293.3 -2.483840,43.270352,293.7 -2.483870,43.270342,294.2 -2.483897,43.270339,294.4 -2.483922,43.270336,294.4 -2.483967,43.270330,294.5 -2.484010,43.270320,295.0 -2.484040,43.270314,295.3 -2.484070,43.270310,295.4 -2.484100,43.270298,296.0 -2.484127,43.270291,296.4 -2.484162,43.270282,296.8 -2.484197,43.270272,297.1 -2.484227,43.270253,297.5 -2.484255,43.270230,297.7 -2.484263,43.270208,298.2 -2.484268,43.270189,298.5 -2.484283,43.270157,299.0 -2.484290,43.270131,299.5 -2.484292,43.270102,300.0 -2.484300,43.270077,300.2 -2.484303,43.270051,300.7 -2.484297,43.270022,301.3 -2.484293,43.269997,301.8 -2.484297,43.269978,301.4 -2.484295,43.269952,301.1 -2.484298,43.269923,300.6 -2.484297,43.269891,300.1 -2.484293,43.269853,299.5 -2.484288,43.269818,299.1 -2.484285,43.269786,298.7 -2.484290,43.269747,297.9 -2.484288,43.269718,297.7 -2.484288,43.269683,297.2 -2.484292,43.269654,296.8 -2.484318,43.269619,295.2 -2.484332,43.269578,294.1 -2.484360,43.269539,292.4 -2.484378,43.269501,291.0 -2.484382,43.269466,290.3 -2.484377,43.269427,290.1 -2.484372,43.269389,290.3 -2.484377,43.269360,290.1 -2.484377,43.269334,290.0 -2.484385,43.269299,289.6 -2.484402,43.269267,288.6 -2.484412,43.269238,288.0 -2.484423,43.269200,287.4 -2.484425,43.269165,287.2 -2.484425,43.269126,287.6 -2.484428,43.269088,287.7 -2.484445,43.269050,287.3 -2.484468,43.269021,286.4 -2.484495,43.268986,285.4 -2.484513,43.268950,285.0 -2.484527,43.268918,284.8 -2.484543,43.268880,284.7 -2.484562,43.268848,284.7 -2.484582,43.268822,284.5 -2.484597,43.268790,284.6 -2.484618,43.268768,284.2 -2.484638,43.268746,283.9 -2.484658,43.268723,283.7 -2.484680,43.268701,283.4 -2.484702,43.268675,283.1 -2.484720,43.268650,283.0 -2.484737,43.268621,283.2 -2.484755,43.268589,283.1 -2.484773,43.268554,283.0 -2.484792,43.268522,282.9 -2.484827,43.268477,282.4 -2.484852,43.268445,282.0 -2.484872,43.268413,281.7 -2.484888,43.268384,281.5 -2.484907,43.268352,281.4 -2.484922,43.268326,281.2 -2.484932,43.268304,280.8 -2.484943,43.268272,280.5 -2.484960,43.268243,280.1 -2.484977,43.268208,279.5 -2.484998,43.268173,278.8 -2.485013,43.268128,278.2 -2.485015,43.268099,278.2 -2.485017,43.268074,278.1 -2.485017,43.268048,278.3 -2.485023,43.268029,277.9 -2.485027,43.268000,277.6 -2.485030,43.267968,277.3 -2.485032,43.267936,277.0 -2.485048,43.267888,276.0 -2.485072,43.267846,274.8 -2.485087,43.267802,273.8 -2.485100,43.267766,272.8 -2.485107,43.267722,272.1 -2.485108,43.267686,271.8 -2.485108,43.267648,271.4 -2.485107,43.267610,271.0 -2.485108,43.267571,270.6 -2.485115,43.267536,270.0 -2.485122,43.267498,269.3 -2.485122,43.267462,269.0 -2.485130,43.267430,268.5 -2.485147,43.267395,267.7 -2.485157,43.267360,267.2 -2.485175,43.267341,266.7 -2.485213,43.267350,265.5 -2.485228,43.267370,265.0 -2.485248,43.267389,264.3 -2.485275,43.267421,263.1 -2.485297,43.267456,261.6 -2.485308,43.267488,260.7 -2.485323,43.267514,260.0 -2.485335,43.267539,259.6 -2.485345,43.267562,259.3 -2.485360,43.267581,258.8 -2.485378,43.267606,258.1 -2.485398,43.267622,257.4 -2.485415,43.267648,256.6 -2.485428,43.267670,256.3 -2.485440,43.267693,255.9 -2.485445,43.267718,255.8 -2.485448,43.267741,255.9 -2.485457,43.267760,255.6 -2.485463,43.267786,255.5 -2.485468,43.267827,255.3 -2.485470,43.267846,255.3 -2.485478,43.267869,255.1 -2.485490,43.267891,254.6 -2.485502,43.267910,254.2 -2.485510,43.267930,253.8 -2.485532,43.267968,252.9 -2.485545,43.267994,252.3 -2.485560,43.268016,251.7 -2.485580,43.268048,250.8 -2.485582,43.268067,250.8 -2.485582,43.268093,251.0 -2.485577,43.268125,251.5 -2.485570,43.268163,252.1 -2.485555,43.268198,253.2 -2.485538,43.268227,254.0 -2.485518,43.268256,255.1 -2.485492,43.268288,256.6 -2.485468,43.268323,257.7 -2.485447,43.268355,258.5 -2.485418,43.268394,259.3 -2.485395,43.268429,259.8 -2.485377,43.268451,260.2 -2.485355,43.268477,260.8 -2.485340,43.268509,260.9 -2.485323,43.268541,261.2 -2.485297,43.268566,262.0 -2.485275,43.268592,262.4 -2.485250,43.268621,262.7 -2.485220,43.268653,262.8 -2.485198,43.268688,262.3 -2.485183,43.268730,261.3 -2.485178,43.268768,259.9 -2.485165,43.268810,258.9 -2.485160,43.268851,257.5 -2.485168,43.268893,255.6 -2.485180,43.268928,253.9 -2.485197,43.268950,252.4 -2.485223,43.268989,249.9 -2.485252,43.269021,247.5 -2.485282,43.269050,245.1 -2.485327,43.269085,242.1 -2.485377,43.269110,239.1 -2.485427,43.269139,236.1 -2.485475,43.269158,233.6 -2.485523,43.269168,231.3 -2.485553,43.269181,230.8 -2.485578,43.269190,230.2 -2.485612,43.269206,229.7 -2.485652,43.269226,229.2 -2.485693,43.269245,228.8 -2.485733,43.269258,228.1 -2.485767,43.269270,227.4 -2.485795,43.269296,227.8 -2.485823,43.269309,227.6 -2.485860,43.269334,227.6 -2.485898,43.269350,227.3 -2.485938,43.269376,227.3 -2.485977,43.269398,227.4 -2.486010,43.269418,227.5 -2.486045,43.269443,227.8 -2.486085,43.269466,228.1 -2.486128,43.269488,228.4 -2.486182,43.269517,228.8 -2.486230,43.269539,228.7 -2.486275,43.269565,229.2 -2.486327,43.269597,229.8 -2.486377,43.269626,230.2 -2.486427,43.269648,230.1 -2.486465,43.269674,230.6 -2.486497,43.269693,230.7 -2.486528,43.269718,231.2 -2.486557,43.269744,231.5 -2.486577,43.269773,232.0 -2.486593,43.269795,232.4 -2.486613,43.269821,232.6 -2.486632,43.269840,232.6 -2.486650,43.269856,232.6 -2.486677,43.269872,232.1 -2.486708,43.269891,231.5 -2.486748,43.269914,231.0 -2.486785,43.269936,230.4 -2.486818,43.269955,229.9 -2.486855,43.269971,229.1 -2.486895,43.269981,228.0 -2.486937,43.269994,227.0 -2.486982,43.270000,226.6 -2.487023,43.270003,226.4 -2.487067,43.270013,226.7 -2.487105,43.270013,226.2 -2.487145,43.270013,225.8 -2.487185,43.270016,225.6 -2.487230,43.270019,225.3 -2.487277,43.270035,226.2 -2.487315,43.270035,226.0 -2.487347,43.270032,225.5 -2.487390,43.270032,225.1 -2.487443,43.270032,224.7 -2.487487,43.270035,224.6 -2.487532,43.270038,224.7 -2.487587,43.270045,224.9 -2.487643,43.270054,225.3 -2.487702,43.270061,225.6 -2.487747,43.270061,225.3 -2.487797,43.270064,225.3 -2.487850,43.270070,225.6 -2.487898,43.270064,224.9 -2.487943,43.270058,224.4 -2.487985,43.270045,223.3 -2.488027,43.270035,222.5 -2.488063,43.270026,221.8 -2.488103,43.270022,221.4 -2.488145,43.270016,221.1 -2.488193,43.270010,220.7 -2.488238,43.269994,219.7 -2.488280,43.269981,218.9 -2.488323,43.269965,217.8 -2.488368,43.269958,217.5 -2.488412,43.269942,216.4 -2.488452,43.269933,215.8 -2.488490,43.269917,214.9 -2.488528,43.269904,214.2 -2.488562,43.269891,213.6 -2.488597,43.269875,212.7 -2.488633,43.269859,211.6 -2.488670,43.269846,210.7 -2.488710,43.269837,209.8 -2.488748,43.269827,209.1 -2.488783,43.269824,208.6 -2.488822,43.269821,208.1 -2.488863,43.269821,207.8 -2.488893,43.269814,207.2 -2.488918,43.269805,206.5 -2.488948,43.269795,205.6 -2.488982,43.269786,204.8 -2.489015,43.269779,204.1 -2.489043,43.269773,203.5 -2.489077,43.269763,202.7 -2.489115,43.269760,202.1 -2.489160,43.269760,201.3 -2.489208,43.269760,200.8 -2.489248,43.269763,200.2 -2.489280,43.269763,199.8 -2.489323,43.269754,199.4 -2.489367,43.269738,199.2 -2.489408,43.269722,199.3 -2.489455,43.269699,198.3 -2.489497,43.269686,197.4 -2.489530,43.269680,196.9 -2.489570,43.269664,196.1 -2.489612,43.269648,195.4 -2.489650,43.269638,194.8 -2.489687,43.269619,194.5 -2.489727,43.269600,194.0 -2.489770,43.269584,193.6 -2.489813,43.269574,193.2 -2.489853,43.269565,192.9 -2.489897,43.269558,192.6 -2.489938,43.269549,192.3 -2.489980,43.269546,192.2 -2.490018,43.269546,191.7 -2.490057,43.269542,191.4 -2.490097,43.269533,191.2 -2.490135,43.269514,191.0 -2.490168,43.269494,191.1 -2.490195,43.269475,191.1 -2.490213,43.269443,191.5 -2.490227,43.269418,190.8 -2.490230,43.269389,189.9 -2.490245,43.269363,189.2 -2.490255,43.269338,188.6 -2.490262,43.269309,188.1 -2.490268,43.269283,187.5 -2.490270,43.269251,186.7 -2.490275,43.269222,186.2 -2.490275,43.269190,185.5 -2.490278,43.269171,185.2 -2.490307,43.269165,185.0 -2.490325,43.269136,184.2 -2.490330,43.269117,183.4 -2.490340,43.269098,182.8 -2.490353,43.269066,181.6 -2.490372,43.269040,180.9 -2.490398,43.269018,180.2 -2.490427,43.268992,179.2 -2.490458,43.268973,178.7 -2.490482,43.268947,177.8 -2.490505,43.268918,177.0 -2.490525,43.268890,175.9 -2.490545,43.268870,175.4 -2.490567,43.268842,174.2 -2.490580,43.268810,173.0 -2.490585,43.268774,171.5 -2.490585,43.268742,170.4 -2.490582,43.268704,169.2 -2.490585,43.268669,167.9 -2.490583,43.268640,166.8 -2.490567,43.268605,165.8 -2.490557,43.268570,165.2 -2.490548,43.268534,164.4 -2.490542,43.268502,163.6 -2.490535,43.268470,162.9 -2.490533,43.268442,162.3 -2.490533,43.268406,161.6 -2.490533,43.268374,160.8 -2.490527,43.268346,160.2 -2.490523,43.268317,159.6 -2.490518,43.268291,158.9 -2.490517,43.268262,158.3 -2.490513,43.268234,157.8 -2.490505,43.268208,157.2 -2.490492,43.268182,156.6 -2.490482,43.268163,156.1 -2.490468,43.268147,155.7 -2.490447,43.268125,155.2 -2.490427,43.268106,154.6 -2.490408,43.268074,153.9 -2.490380,43.268054,153.3 -2.490318,43.268045,152.7 -2.490257,43.268035,151.8 -2.490217,43.268048,151.8 -2.490182,43.268058,151.8 -2.490147,43.268070,151.4 -2.490115,43.268083,151.3 -2.490082,43.268093,151.0 -2.490043,43.268109,150.8 -2.490013,43.268118,150.5 -2.489982,43.268131,150.4 -2.489957,43.268147,150.6 -2.489930,43.268163,150.7 -2.489900,43.268170,150.7 -2.489870,43.268182,150.8 -2.489832,43.268189,150.7 -2.489792,43.268189,150.3 -2.489753,43.268192,150.2 -2.489718,43.268198,150.1 -2.489683,43.268208,149.5 -2.489648,43.268211,148.8 -2.489617,43.268214,148.0 -2.489590,43.268211,147.2 -2.489560,43.268208,146.2 -2.489533,43.268205,145.4 -2.489498,43.268173,143.0 -2.489493,43.268144,141.3 -2.489498,43.268115,140.0 -2.489503,43.268096,139.1 -2.489512,43.268077,138.6 -2.489525,43.268058,138.0 -2.489542,43.268035,137.5 -2.489553,43.268010,136.7 -2.489568,43.267984,135.9 -2.489585,43.267955,135.0 -2.489600,43.267930,134.2 -2.489618,43.267907,133.6 -2.489633,43.267885,133.0 -2.489657,43.267859,132.4 -2.489685,43.267837,132.2 -2.489715,43.267818,132.1 -2.489742,43.267792,131.3 -2.489765,43.267773,130.8 -2.489798,43.267757,130.5 -2.489838,43.267738,130.2 -2.489888,43.267722,130.1 -2.489942,43.267709,130.2 -2.489992,43.267696,130.0 -2.490028,43.267670,128.7 -2.490067,43.267638,127.1 -2.490103,43.267613,126.0 -2.490140,43.267594,125.4 -2.490172,43.267568,124.1 -2.490202,43.267542,122.8 -2.490228,43.267514,121.1 -2.490265,43.267491,120.4 -2.490305,43.267472,120.2 -2.490345,43.267450,120.0 -2.490388,43.267430,119.6 -2.490427,43.267408,119.0 -2.490458,43.267389,118.4 -2.490492,43.267370,117.9 -2.490533,43.267354,117.4 -2.490562,43.267325,116.1 -2.490577,43.267290,114.6 -2.490597,43.267258,113.3 -2.490630,43.267242,113.3 -2.490658,43.267219,112.9 -2.490688,43.267194,113.0 -2.490713,43.267171,112.7 -2.490738,43.267146,112.3 -2.490770,43.267139,112.6 -2.490798,43.267123,112.4 -2.490827,43.267104,111.9 -2.490862,43.267078,111.3 -2.490897,43.267056,110.7 -2.490930,43.267037,110.2 -2.490962,43.267014,109.2 -2.490995,43.266995,108.7 -2.491030,43.266973,107.9 -2.491058,43.266954,107.0 -2.491087,43.266938,106.7 -2.491118,43.266925,106.6 -2.491148,43.266918,106.3 -2.491187,43.266906,105.8 -2.491225,43.266896,105.5 -2.491265,43.266886,105.0 -2.491312,43.266883,104.6 -2.491372,43.266880,104.3 -2.491430,43.266883,103.9 -2.491485,43.266880,103.3 -2.491525,43.266880,102.9 -2.491568,43.266883,102.5 -2.491615,43.266883,102.0 -2.491680,43.266880,101.1 -2.491740,43.266867,99.8 -2.491790,43.266861,98.8 -2.491843,43.266854,97.8 -2.491902,43.266845,96.7 -2.491947,43.266842,95.9 -2.491998,43.266838,95.3 -2.492053,43.266826,94.8 -2.492105,43.266813,94.2 -2.492158,43.266800,93.6 -2.492207,43.266800,93.1 -2.492257,43.266800,92.8 -2.492300,43.266806,92.4 -2.492345,43.266813,92.1 -2.492390,43.266813,91.8 -2.492433,43.266816,91.6 -2.492480,43.266822,91.2 -2.492527,43.266826,91.0 -2.492575,43.266835,90.7 -2.492622,43.266842,90.7 -2.492670,43.266842,90.5 -2.492718,43.266848,90.2 -2.492765,43.266858,90.1 -2.492807,43.266864,89.9 -2.492853,43.266877,89.5 -2.492898,43.266886,89.2 -2.492940,43.266899,88.9 -2.492982,43.266915,88.7 -2.493022,43.266931,88.4 -2.493065,43.266941,88.0 -2.493105,43.266960,87.9 -2.493147,43.266976,87.6 -2.493187,43.266995,87.3 -2.493225,43.267014,87.2 -2.493258,43.267030,87.1 -2.493297,43.267053,86.7 -2.493335,43.267066,86.7 -2.493370,43.267078,86.5 -2.493403,43.267091,86.4 -2.493445,43.267104,86.4 -2.493483,43.267120,86.3 -2.493528,43.267136,86.2 -2.493567,43.267146,86.1 -2.493605,43.267158,86.1 -2.493647,43.267171,85.8 -2.493687,43.267178,85.5 -2.493733,43.267181,85.3 -2.493777,43.267181,84.9 -2.493815,43.267181,84.6 -2.493860,43.267181,84.3 -2.493910,43.267178,84.1 -2.493960,43.267171,84.1 -2.494007,43.267171,83.9 -2.494050,43.267174,83.8 -2.494102,43.267178,83.6 -2.494162,43.267194,83.2 -2.494213,43.267197,83.0 -2.494258,43.267194,82.9 -2.494300,43.267197,82.8 -2.494343,43.267203,82.6 -2.494390,43.267210,82.3 -2.494438,43.267213,82.1 -2.494485,43.267216,81.9 -2.494532,43.267219,81.8 -2.494580,43.267235,81.5 -2.494632,43.267242,81.3 -2.494678,43.267251,81.0 -2.494723,43.267264,80.9 -2.494772,43.267280,80.8 -2.494827,43.267299,80.5 -2.494875,43.267318,80.4 -2.494920,43.267325,80.3 -2.494962,43.267334,80.1 -2.495002,43.267344,80.0 -2.495047,43.267357,79.9 -2.495083,43.267363,79.8 -2.495125,43.267373,79.8 -2.495163,43.267370,79.8 -2.495202,43.267373,79.7</coordinates>
</LineString>
</Placemark>
</Document>
</kml>
