<?xml version="1.0" encoding="UTF-8"?>
<kml xmlns="http://www.opengis.net/kml/2.2">
<Document>
<name>Zenarruza, San Kristobal y Zengotitagane</name>
<Style id="track">
<LineStyle><color>ff2fe0f5</color><width>4</width></LineStyle>
</Style>
<Placemark>
<name>Zenarruza, San Kristobal y Zengotitagane</name>
<styleUrl>#track</styleUrl>
<LineString>
<tessellate>1</tessellate>
<altitudeMode>clampToGround</altitudeMode>
<coordinates>-2.547212,43.209321,404.632 -2.547157,43.209325,405.011 -2.547102,43.209328,405.440 -2.547044,43.209327,405.677 -2.546984,43.209319,405.661 -2.546932,43.209305,405.827 -2.546877,43.209288,405.809 -2.546825,43.209268,405.669 -2.546770,43.209253,405.841 -2.546709,43.209248,406.286 -2.546648,43.209251,406.677 -2.546598,43.209263,406.894 -2.546563,43.209285,407.099 -2.546539,43.209310,407.014 -2.546512,43.209329,407.013 -2.546490,43.209345,407.232 -2.546464,43.209364,407.463 -2.546429,43.209381,407.844 -2.546401,43.209405,408.218 -2.546376,43.209424,408.409 -2.546348,43.209442,408.668 -2.546318,43.209468,408.820 -2.546286,43.209491,409.045 -2.546259,43.209510,409.216 -2.546232,43.209529,409.443 -2.546210,43.209550,409.818 -2.546183,43.209566,410.013 -2.546157,43.209587,410.252 -2.546130,43.209608,410.491 -2.546106,43.209628,410.445 -2.546080,43.209649,410.647 -2.546052,43.209671,410.811 -2.546014,43.209694,411.009 -2.545983,43.209712,411.486 -2.545961,43.209738,411.688 -2.545964,43.209760,411.643 -2.545977,43.209780,411.824 -2.545994,43.209802,412.051 -2.546018,43.209822,412.046 -2.546047,43.209849,412.031 -2.546072,43.209870,412.060 -2.546099,43.209893,412.059 -2.546134,43.209924,412.096 -2.546174,43.209955,412.031 -2.546215,43.209986,411.824 -2.546261,43.210019,411.409 -2.546302,43.210052,411.281 -2.546360,43.210095,410.853 -2.546442,43.210121,410.218 -2.546527,43.210117,409.889 -2.546606,43.210102,409.456 -2.546669,43.210107,409.641 -2.546708,43.210123,410.226 -2.546723,43.210132,410.895 -2.546733,43.210137,411.224 -2.546743,43.210149,411.682 -2.546758,43.210156,411.843 -2.546768,43.210165,412.017 -2.546778,43.210175,412.209 -2.546793,43.210195,412.610 -2.546807,43.210209,413.072 -2.546821,43.210223,413.257 -2.546829,43.210241,413.628 -2.546826,43.210256,414.035 -2.546833,43.210272,414.420 -2.546836,43.210285,414.645 -2.546833,43.210304,415.094 -2.546820,43.210323,415.483 -2.546808,43.210342,415.871 -2.546815,43.210359,416.241 -2.546804,43.210382,416.815 -2.546781,43.210401,417.009 -2.546766,43.210416,417.449 -2.546748,43.210435,417.641 -2.546742,43.210451,417.836 -2.546741,43.210470,418.047 -2.546748,43.210484,418.214 -2.546762,43.210496,418.439 -2.546769,43.210511,418.474 -2.546779,43.210525,418.873 -2.546788,43.210542,419.072 -2.546799,43.210558,419.453 -2.546811,43.210570,419.604 -2.546825,43.210582,419.814 -2.546843,43.210592,420.009 -2.546863,43.210606,420.277 -2.546881,43.210623,420.469 -2.546902,43.210634,420.424 -2.546927,43.210643,420.625 -2.546953,43.210654,420.892 -2.546976,43.210661,420.897 -2.546998,43.210664,421.082 -2.547021,43.210672,421.281 -2.547046,43.210683,421.420 -2.547071,43.210694,421.464 -2.547094,43.210709,421.806 -2.547121,43.210722,422.016 -2.547148,43.210733,422.409 -2.547169,43.210741,422.678 -2.547189,43.210744,423.090 -2.547209,43.210739,423.275 -2.547234,43.210724,423.436 -2.547263,43.210712,423.653 -2.547293,43.210708,424.098 -2.547321,43.210713,424.463 -2.547347,43.210711,424.822 -2.547371,43.210710,425.251 -2.547396,43.210712,425.614 -2.547420,43.210711,426.054 -2.547447,43.210710,426.209 -2.547475,43.210711,426.409 -2.547503,43.210718,426.613 -2.547529,43.210726,426.625 -2.547555,43.210733,426.830 -2.547580,43.210739,426.891 -2.547607,43.210745,426.828 -2.547635,43.210751,427.093 -2.547660,43.210757,427.038 -2.547685,43.210763,427.247 -2.547712,43.210765,427.266 -2.547742,43.210771,427.454 -2.547765,43.210776,427.456 -2.547789,43.210784,427.611 -2.547815,43.210789,427.809 -2.547844,43.210797,428.047 -2.547867,43.210801,428.219 -2.547893,43.210806,428.434 -2.547920,43.210808,428.615 -2.547951,43.210814,428.842 -2.547980,43.210823,429.287 -2.548004,43.210832,429.482 -2.548025,43.210837,429.641 -2.548051,43.210843,430.080 -2.548075,43.210850,430.438 -2.548102,43.210854,430.670 -2.548131,43.210856,430.817 -2.548157,43.210849,431.009 -2.548192,43.210840,431.475 -2.548211,43.210836,431.897 -2.548231,43.210832,432.212 -2.548259,43.210832,432.613 -2.548285,43.210830,433.060 -2.548304,43.210823,433.465 -2.548328,43.210811,433.820 -2.548340,43.210800,434.249 -2.548355,43.210792,434.838 -2.548371,43.210786,435.047 -2.548398,43.210782,435.429 -2.548430,43.210789,435.821 -2.548452,43.210806,436.009 -2.548468,43.210828,436.266 -2.548469,43.210854,436.298 -2.548443,43.210879,436.093 -2.548395,43.210901,435.624 -2.548334,43.210913,435.071 -2.548251,43.210920,434.426 -2.548162,43.210934,432.661 -2.548071,43.210953,429.290 -2.547976,43.210972,427.819 -2.547884,43.210986,427.023 -2.547807,43.210992,425.683 -2.547743,43.211006,424.611 -2.547686,43.211012,423.409 -2.547643,43.211015,422.014 -2.547613,43.211032,422.086 -2.547589,43.211056,421.881 -2.547595,43.211082,421.892 -2.547623,43.211098,421.869 -2.547652,43.211109,421.854 -2.547683,43.211119,421.899 -2.547715,43.211130,421.868 -2.547752,43.211143,421.837 -2.547786,43.211162,422.058 -2.547822,43.211177,422.052 -2.547862,43.211194,422.017 -2.547903,43.211214,421.809 -2.547938,43.211236,421.847 -2.547972,43.211260,421.689 -2.548009,43.211284,421.454 -2.548047,43.211311,421.425 -2.548083,43.211338,421.412 -2.548120,43.211366,421.427 -2.548158,43.211393,421.452 -2.548193,43.211421,421.621 -2.548227,43.211447,421.810 -2.548261,43.211475,422.037 -2.548295,43.211502,422.249 -2.548329,43.211528,422.213 -2.548363,43.211555,422.409 -2.548397,43.211582,422.435 -2.548435,43.211602,422.427 -2.548479,43.211615,422.652 -2.548529,43.211620,422.633 -2.548585,43.211623,422.680 -2.548641,43.211624,422.495 -2.548698,43.211619,422.470 -2.548760,43.211609,422.259 -2.548825,43.211600,422.028 -2.548893,43.211588,422.086 -2.548967,43.211577,422.060 -2.549043,43.211576,421.826 -2.549120,43.211582,421.609 -2.549197,43.211596,421.480 -2.549280,43.211615,421.052 -2.549363,43.211636,420.487 -2.549449,43.211658,419.828 -2.549540,43.211683,419.485 -2.549631,43.211719,419.020 -2.549707,43.211769,418.645 -2.549766,43.211825,418.484 -2.549813,43.211883,418.673 -2.549855,43.211939,418.423 -2.549892,43.211994,418.683 -2.549926,43.212045,418.611 -2.549960,43.212095,419.009 -2.549996,43.212144,419.084 -2.550033,43.212191,419.236 -2.550068,43.212239,419.241 -2.550098,43.212290,419.462 -2.550122,43.212341,419.499 -2.550139,43.212395,419.674 -2.550147,43.212452,419.649 -2.550133,43.212509,419.648 -2.550103,43.212562,419.687 -2.550070,43.212616,419.677 -2.550033,43.212671,419.661 -2.549999,43.212725,419.627 -2.549969,43.212778,419.609 -2.549934,43.212831,419.659 -2.549895,43.212879,419.821 -2.549864,43.212935,419.676 -2.549851,43.212989,419.687 -2.549844,43.213046,419.844 -2.549852,43.213105,419.879 -2.549875,43.213160,419.654 -2.549903,43.213215,419.623 -2.549918,43.213279,420.052 -2.549917,43.213347,419.881 -2.549897,43.213412,419.661 -2.549856,43.213475,419.417 -2.549797,43.213535,419.009 -2.549731,43.213595,418.010 -2.549667,43.213661,417.472 -2.549606,43.213735,416.697 -2.549565,43.213823,415.448 -2.549542,43.213925,413.835 -2.549540,43.214033,412.680 -2.549593,43.214127,411.455 -2.549683,43.214204,410.884 -2.549800,43.214249,410.063 -2.549937,43.214262,409.891 -2.550065,43.214239,409.081 -2.550170,43.214188,408.219 -2.550262,43.214130,407.609 -2.550343,43.214064,407.041 -2.550419,43.213998,406.413 -2.550497,43.213927,406.238 -2.550579,43.213858,406.069 -2.550666,43.213795,405.656 -2.550763,43.213750,405.061 -2.550870,43.213730,404.646 -2.550976,43.213738,404.215 -2.551068,43.213770,404.224 -2.551134,43.213819,404.237 -2.551182,43.213870,404.649 -2.551235,43.213910,405.213 -2.551300,43.213937,405.409 -2.551363,43.213941,405.615 -2.551434,43.213930,405.877 -2.551512,43.213915,405.812 -2.551590,43.213898,405.673 -2.551668,43.213888,405.430 -2.551749,43.213889,405.485 -2.551826,43.213906,405.230 -2.551883,43.213939,405.419 -2.551924,43.213984,405.668 -2.551951,43.214034,405.899 -2.551967,43.214085,405.807 -2.551977,43.214140,405.827 -2.551993,43.214202,405.609 -2.552017,43.214265,405.261 -2.552050,43.214330,404.863 -2.552108,43.214384,404.488 -2.552191,43.214415,403.489 -2.552295,43.214418,403.096 -2.552407,43.214412,402.071 -2.552529,43.214417,401.016 -2.552650,43.214444,399.895 -2.552763,43.214492,398.634 -2.552864,43.214550,397.811 -2.552975,43.214600,396.821 -2.553095,43.214632,396.003 -2.553211,43.214649,395.409 -2.553334,43.214658,395.213 -2.553453,43.214671,395.015 -2.553567,43.214696,394.870 -2.553665,43.214730,395.061 -2.553738,43.214778,395.238 -2.553775,43.214837,395.413 -2.553779,43.214901,396.098 -2.553749,43.214958,396.437 -2.553706,43.215009,396.466 -2.553661,43.215056,396.625 -2.553621,43.215106,396.826 -2.553584,43.215159,396.608 -2.553553,43.215213,396.809 -2.553521,43.215268,396.684 -2.553486,43.215323,396.616 -2.553450,43.215374,396.411 -2.553412,43.215428,396.412 -2.553369,43.215485,396.249 -2.553324,43.215542,396.264 -2.553282,43.215602,396.289 -2.553260,43.215666,395.828 -2.553269,43.215735,395.627 -2.553302,43.215803,395.298 -2.553336,43.215873,394.815 -2.553346,43.215950,394.626 -2.553324,43.216027,394.409 -2.553276,43.216095,394.261 -2.553209,43.216148,394.283 -2.553143,43.216192,394.078 -2.553090,43.216242,394.079 -2.553056,43.216289,394.286 -2.553033,43.216334,394.891 -2.553012,43.216372,395.296 -2.552997,43.216408,395.835 -2.552979,43.216445,396.494 -2.552965,43.216479,396.626 -2.552952,43.216521,397.047 -2.552950,43.216558,397.411 -2.552941,43.216591,397.609 -2.552929,43.216622,398.054 -2.552914,43.216650,398.486 -2.552902,43.216677,398.811 -2.552896,43.216704,399.082 -2.552892,43.216732,399.429 -2.552887,43.216761,399.624 -2.552884,43.216792,399.899 -2.552886,43.216823,400.238 -2.552895,43.216854,400.427 -2.552910,43.216882,400.645 -2.552926,43.216908,400.847 -2.552946,43.216930,401.211 -2.552969,43.216950,401.409 -2.552994,43.216969,401.616 -2.553025,43.216985,401.848 -2.553058,43.217002,402.093 -2.553090,43.217018,402.224 -2.553123,43.217032,402.481 -2.553161,43.217046,402.616 -2.553200,43.217060,402.661 -2.553241,43.217076,402.860 -2.553281,43.217096,402.849 -2.553317,43.217119,402.816 -2.553351,43.217149,402.876 -2.553381,43.217180,402.813 -2.553406,43.217210,403.009 -2.553423,43.217242,403.053 -2.553436,43.217278,403.235 -2.553441,43.217312,403.290 -2.553440,43.217347,403.651 -2.553435,43.217382,403.858 -2.553427,43.217418,403.833 -2.553414,43.217455,404.028 -2.553403,43.217490,404.497 -2.553397,43.217523,404.426 -2.553384,43.217555,404.845 -2.553370,43.217587,405.047 -2.553356,43.217618,405.411 -2.553342,43.217650,405.809 -2.553334,43.217678,406.266 -2.553337,43.217706,406.678 -2.553338,43.217735,407.083 -2.553334,43.217763,407.274 -2.553330,43.217792,407.681 -2.553329,43.217822,407.886 -2.553328,43.217850,408.061 -2.553329,43.217879,408.250 -2.553331,43.217910,408.499 -2.553338,43.217938,408.677 -2.553346,43.217966,408.861 -2.553354,43.217999,409.027 -2.553359,43.218033,409.009 -2.553365,43.218072,409.229 -2.553379,43.218108,409.271 -2.553397,43.218142,409.426 -2.553418,43.218178,409.217 -2.553442,43.218213,409.264 -2.553473,43.218248,409.449 -2.553510,43.218283,409.494 -2.553547,43.218314,409.453 -2.553592,43.218342,409.452 -2.553644,43.218368,409.447 -2.553700,43.218394,409.429 -2.553756,43.218421,409.421 -2.553813,43.218445,409.609 -2.553871,43.218469,409.816 -2.553922,43.218502,409.838 -2.553961,43.218537,410.013 -2.553993,43.218577,410.254 -2.554018,43.218618,410.481 -2.554045,43.218659,410.646 -2.554070,43.218701,411.051 -2.554089,43.218741,411.420 -2.554102,43.218781,411.679 -2.554113,43.218822,412.095 -2.554125,43.218861,412.449 -2.554139,43.218898,412.623 -2.554151,43.218935,412.809 -2.554167,43.218971,413.231 -2.554192,43.219005,413.473 -2.554220,43.219038,413.828 -2.554247,43.219069,414.069 -2.554281,43.219096,414.486 -2.554323,43.219117,414.671 -2.554365,43.219131,414.896 -2.554411,43.219144,415.075 -2.554459,43.219150,415.074 -2.554514,43.219152,415.278 -2.554574,43.219156,415.233 -2.554636,43.219163,415.026 -2.554703,43.219172,415.009 -2.554775,43.219186,414.619 -2.554848,43.219202,414.471 -2.554913,43.219220,414.266 -2.554973,43.219237,414.037 -2.555038,43.219254,414.014 -2.555107,43.219268,413.859 -2.555176,43.219280,413.674 -2.555250,43.219290,413.673 -2.555325,43.219290,413.442 -2.555405,43.219286,413.235 -2.555488,43.219273,412.886 -2.555568,43.219255,412.614 -2.555648,43.219236,412.409 -2.555728,43.219219,412.275 -2.555808,43.219202,411.847 -2.555888,43.219185,411.632 -2.555964,43.219170,411.663 -2.556036,43.219152,411.680 -2.556107,43.219133,411.865 -2.556173,43.219113,412.220 -2.556241,43.219096,412.489 -2.556308,43.219081,412.888 -2.556376,43.219065,413.094 -2.556445,43.219049,413.257 -2.556514,43.219031,413.222 -2.556585,43.219010,413.409 -2.556651,43.218989,413.491 -2.556719,43.218970,413.633 -2.556790,43.218949,414.078 -2.556862,43.218926,414.219 -2.556936,43.218904,414.466 -2.557007,43.218891,414.481 -2.557082,43.218885,414.216 -2.557157,43.218885,414.225 -2.557233,43.218889,414.254 -2.557302,43.218893,414.456 -2.557365,43.218895,414.859 -2.557430,43.218899,415.214 -2.557489,43.218903,415.809 -2.557544,43.218908,416.077 -2.557602,43.218914,416.439 -2.557665,43.218915,416.474 -2.557728,43.218918,416.655 -2.557787,43.218912,417.082 -2.557846,43.218911,417.267 -2.557902,43.218902,417.222 -2.557952,43.218888,417.681 -2.558005,43.218875,417.860 -2.558058,43.218867,417.811 -2.558108,43.218856,418.021 -2.558154,43.218844,418.403 -2.558198,43.218835,418.809 -2.558243,43.218825,419.293 -2.558288,43.218816,419.645 -2.558327,43.218806,419.830 -2.558369,43.218795,420.211 -2.558409,43.218786,420.438 -2.558450,43.218775,420.633 -2.558495,43.218763,420.818 -2.558537,43.218752,421.277 -2.558579,43.218736,421.456 -2.558620,43.218723,421.651 -2.558665,43.218705,421.801 -2.558712,43.218687,421.811 -2.558760,43.218668,422.009 -2.558803,43.218650,422.287 -2.558847,43.218632,422.299 -2.558892,43.218614,422.254 -2.558938,43.218597,422.435 -2.558984,43.218582,422.492 -2.559034,43.218570,422.447 -2.559092,43.218561,422.482 -2.559151,43.218558,422.251 -2.559219,43.218557,422.260 -2.559285,43.218568,422.022 -2.559337,43.218592,422.262 -2.559373,43.218625,422.208 -2.559399,43.218665,422.609 -2.559413,43.218710,423.244 -2.559420,43.218757,423.696 -2.559434,43.218799,424.271 -2.559459,43.218836,424.612 -2.559490,43.218868,425.029 -2.559528,43.218894,425.234 -2.559567,43.218919,425.489 -2.559605,43.218940,425.688 -2.559650,43.218961,425.677 -2.559698,43.218981,425.657 -2.559749,43.219007,425.800 -2.559800,43.219035,425.820 -2.559847,43.219069,425.809 -2.559888,43.219108,425.827 -2.559920,43.219148,426.019 -2.559946,43.219193,426.064 -2.559972,43.219241,426.015 -2.559999,43.219291,426.092 -2.560028,43.219343,426.037 -2.560055,43.219393,425.812 -2.560078,43.219447,425.831 -2.560103,43.219503,425.670 -2.560134,43.219562,425.427 -2.560170,43.219621,425.268 -2.560212,43.219681,424.814 -2.560262,43.219740,424.409 -2.560323,43.219800,423.884 -2.560389,43.219856,423.486 -2.560455,43.219908,423.051 -2.560526,43.219957,422.642 -2.560599,43.220004,422.419 -2.560673,43.220045,422.424 -2.560749,43.220083,422.479 -2.560824,43.220120,422.248 -2.560902,43.220158,422.047 -2.560980,43.220194,422.044 -2.561060,43.220227,422.005 -2.561141,43.220258,422.015 -2.561223,43.220290,421.809 -2.561300,43.220322,421.896 -2.561382,43.220353,421.468 -2.561468,43.220381,421.073 -2.561556,43.220408,420.824 -2.561639,43.220446,420.651 -2.561706,43.220498,420.276 -2.561746,43.220563,420.031 -2.561753,43.220630,420.090 -2.561722,43.220692,419.899 -2.561664,43.220738,419.879 -2.561591,43.220771,419.805 -2.561511,43.220791,420.025 -2.561439,43.220808,420.209 -2.561374,43.220829,420.629 -2.561320,43.220862,420.831 -2.561271,43.220900,421.016 -2.561228,43.220940,421.237 -2.561187,43.220984,421.454 -2.561149,43.221032,421.619 -2.561120,43.221080,421.454 -2.561087,43.221129,421.693 -2.561046,43.221176,421.492 -2.560994,43.221217,421.445 -2.560932,43.221256,421.447 -2.560866,43.221291,421.411 -2.560801,43.221322,421.409 -2.560737,43.221353,421.696 -2.560671,43.221383,421.848 -2.560604,43.221415,421.833 -2.560541,43.221445,422.084 -2.560480,43.221478,422.281 -2.560419,43.221512,422.456 -2.560366,43.221550,422.651 -2.560316,43.221592,422.660 -2.560265,43.221638,422.889 -2.560214,43.221682,422.887 -2.560160,43.221722,422.842 -2.560098,43.221760,422.826 -2.560033,43.221792,422.809 -2.559961,43.221822,422.880 -2.559884,43.221841,423.082 -2.559806,43.221857,422.867 -2.559732,43.221877,422.648 -2.559663,43.221911,422.495 -2.559602,43.221959,421.850 -2.559565,43.222021,421.455 -2.559569,43.222092,420.854 -2.559624,43.222155,419.823 -2.559712,43.222191,419.021 -2.559807,43.222215,418.241 -2.559902,43.222236,417.605 -2.559996,43.222255,417.209 -2.560082,43.222273,417.494 -2.560167,43.222290,417.816 -2.560247,43.222305,418.091 -2.560321,43.222317,418.492 -2.560383,43.222327,418.849 -2.560438,43.222337,419.254 -2.560491,43.222342,419.639 -2.560544,43.222349,420.238 -2.560587,43.222357,420.697 -2.560629,43.222364,421.084 -2.560666,43.222370,421.407 -2.560705,43.222371,421.617 -2.560744,43.222374,421.809 -2.560784,43.222377,422.290 -2.560826,43.222381,422.412 -2.560868,43.222388,422.837 -2.560908,43.222394,423.238 -2.560949,43.222398,423.475 -2.560989,43.222401,423.890 -2.561028,43.222402,424.245 -2.561070,43.222407,424.444 -2.561111,43.222413,424.633 -2.561146,43.222421,425.017 -2.561184,43.222427,425.087 -2.561222,43.222430,425.215 -2.561263,43.222434,425.409 -2.561300,43.222437,425.423 -2.561342,43.222441,425.625 -2.561381,43.222446,425.620 -2.561418,43.222451,425.861 -2.561456,43.222457,426.048 -2.561493,43.222463,426.273 -2.561533,43.222469,426.298 -2.561571,43.222470,426.647 -2.561606,43.222470,426.856 -2.561645,43.222473,427.259 -2.561686,43.222479,427.403 -2.561723,43.222486,427.823 -2.561760,43.222492,428.009 -2.561794,43.222501,428.017 -2.561831,43.222511,428.239 -2.561866,43.222522,428.454 -2.561902,43.222536,428.495 -2.561934,43.222554,428.652 -2.561961,43.222576,428.897 -2.561978,43.222603,429.082 -2.561980,43.222635,429.261 -2.561972,43.222667,429.230 -2.561958,43.222696,429.297 -2.561940,43.222725,429.423 -2.561916,43.222753,429.425 -2.561893,43.222780,429.609 -2.561872,43.222805,429.861 -2.561854,43.222831,430.223 -2.561842,43.222855,430.428 -2.561828,43.222883,430.849 -2.561819,43.222908,431.266 -2.561815,43.222935,431.471 -2.561812,43.222965,431.626 -2.561811,43.222993,431.875 -2.561806,43.223023,431.814 -2.561798,43.223052,432.031 -2.561786,43.223082,432.261 -2.561769,43.223110,432.407 -2.561752,43.223138,432.609 -2.561733,43.223165,433.035 -2.561712,43.223193,433.087 -2.561687,43.223218,433.282 -2.561662,43.223244,433.613 -2.561634,43.223269,434.030 -2.561604,43.223295,434.225 -2.561576,43.223318,434.620 -2.561548,43.223340,434.899 -2.561518,43.223364,435.078 -2.561500,43.223390,435.425 -2.561480,43.223411,435.626 -2.561458,43.223435,435.808 -2.561437,43.223461,436.209 -2.561413,43.223485,436.454 -2.561384,43.223509,436.656 -2.561357,43.223534,436.861 -2.561334,43.223558,437.052 -2.561312,43.223583,437.429 -2.561290,43.223609,437.484 -2.561268,43.223635,437.639 -2.561245,43.223661,437.828 -2.561225,43.223684,438.017 -2.561213,43.223712,438.487 -2.561192,43.223735,438.442 -2.561168,43.223756,438.626 -2.561144,43.223776,439.009 -2.561126,43.223800,439.230 -2.561107,43.223824,439.222 -2.561087,43.223850,439.417 -2.561070,43.223878,439.848 -2.561054,43.223906,439.845 -2.561047,43.223934,440.020 -2.561043,43.223963,440.285 -2.561040,43.223992,440.484 -2.561046,43.224021,440.423 -2.561054,43.224054,440.678 -2.561064,43.224086,440.833 -2.561075,43.224116,441.026 -2.561091,43.224147,441.009 -2.561102,43.224176,441.229 -2.561125,43.224202,441.291 -2.561158,43.224222,441.256 -2.561198,43.224232,441.237 -2.561232,43.224245,441.494 -2.561267,43.224254,441.819 -2.561302,43.224261,442.014 -2.561341,43.224269,442.443 -2.561383,43.224278,442.482 -2.561425,43.224289,442.616 -2.561465,43.224304,442.676 -2.561504,43.224324,442.813 -2.561540,43.224342,443.009 -2.561575,43.224361,443.263 -2.561608,43.224381,443.465 -2.561637,43.224402,443.640 -2.561669,43.224420,443.811 -2.561703,43.224439,444.028 -2.561736,43.224459,444.243 -2.561771,43.224478,444.418 -2.561805,43.224495,444.637 -2.561837,43.224514,444.866 -2.561871,43.224531,445.096 -2.561905,43.224549,445.231 -2.561940,43.224565,445.424 -2.561980,43.224578,445.609 -2.562020,43.224590,445.621 -2.562066,43.224603,445.863 -2.562112,43.224619,446.018 -2.562155,43.224635,446.299 -2.562202,43.224651,446.686 -2.562248,43.224669,446.881 -2.562294,43.224692,447.076 -2.562335,43.224719,446.845 -2.562365,43.224750,447.014 -2.562384,43.224782,447.092 -2.562393,43.224816,447.073 -2.562403,43.224851,447.220 -2.562406,43.224889,447.409 -2.562409,43.224922,447.641 -2.562414,43.224953,448.093 -2.562418,43.224983,448.428 -2.562424,43.225010,448.819 -2.562435,43.225036,449.226 -2.562446,43.225064,449.871 -2.562454,43.225093,450.236 -2.562464,43.225121,450.665 -2.562474,43.225147,451.084 -2.562484,43.225177,451.471 -2.562497,43.225207,452.041 -2.562515,43.225234,452.215 -2.562532,43.225259,452.409 -2.562548,43.225286,452.839 -2.562564,43.225312,453.031 -2.562575,43.225340,453.216 -2.562575,43.225372,453.677 -2.562575,43.225403,453.834 -2.562568,43.225435,454.089 -2.562557,43.225468,454.294 -2.562543,43.225498,454.233 -2.562531,43.225530,454.482 -2.562518,43.225559,454.861 -2.562510,43.225588,455.221 -2.562499,43.225621,455.413 -2.562484,43.225649,455.809 -2.562470,43.225680,456.248 -2.562455,43.225712,456.220 -2.562439,43.225743,456.675 -2.562422,43.225776,456.816 -2.562402,43.225812,457.043 -2.562385,43.225846,457.018 -2.562369,43.225884,457.283 -2.562354,43.225922,457.432 -2.562340,43.225960,457.691 -2.562329,43.226004,457.861 -2.562329,43.226047,458.221 -2.562341,43.226089,458.413 -2.562371,43.226127,458.409 -2.562402,43.226159,458.258 -2.562436,43.226192,458.490 -2.562476,43.226221,458.655 -2.562521,43.226242,458.826 -2.562574,43.226256,459.083 -2.562631,43.226266,459.278 -2.562689,43.226273,459.473 -2.562749,43.226272,459.462 -2.562805,43.226265,459.621 -2.562865,43.226263,459.811 -2.562916,43.226260,460.021 -2.562969,43.226254,460.403 -2.563023,43.226249,460.409 -2.563076,43.226244,460.663 -2.563133,43.226238,460.425 -2.563192,43.226231,460.260 -2.563253,43.226221,460.051 -2.563313,43.226207,459.838 -2.563372,43.226196,459.833 -2.563432,43.226182,459.828 -2.563492,43.226163,459.827 -2.563553,43.226144,459.626 -2.563618,43.226124,459.698 -2.563680,43.226097,459.615 -2.563741,43.226069,459.426 -2.563807,43.226040,459.409 -2.563866,43.226008,459.641 -2.563921,43.225983,460.013 -2.563975,43.225957,460.298 -2.564024,43.225927,460.659 -2.564075,43.225897,460.676 -2.564128,43.225870,460.411 -2.564185,43.225845,460.026 -2.564238,43.225810,459.845 -2.564292,43.225775,459.434 -2.564356,43.225736,459.242 -2.564422,43.225702,459.022 -2.564488,43.225666,458.814 -2.564559,43.225627,458.209 -2.564627,43.225584,457.626 -2.564694,43.225543,457.288 -2.564767,43.225500,456.853 -2.564841,43.225455,456.264 -2.564912,43.225405,455.881 -2.564980,43.225356,455.456 -2.565040,43.225306,455.451 -2.565098,43.225251,455.450 -2.565138,43.225195,455.669 -2.565175,43.225136,455.617 -2.565210,43.225076,455.487 -2.565240,43.225012,455.015 -2.565263,43.224941,454.409 -2.565291,43.224865,454.233 -2.565332,43.224790,453.855 -2.565380,43.224717,453.480 -2.565432,43.224650,452.881 -2.565492,43.224590,452.668 -2.565571,43.224550,452.823 -2.565660,43.224528,452.688 -2.565748,43.224527,452.867 -2.565817,43.224548,453.076 -2.565857,43.224584,453.454 -2.565880,43.224620,453.856 -2.565899,43.224658,454.211 -2.565916,43.224695,454.809 -2.565945,43.224728,455.227 -2.565974,43.224767,455.479 -2.565996,43.224810,455.624 -2.566013,43.224853,455.855 -2.566032,43.224892,456.072 -2.566048,43.224932,456.237 -2.566068,43.224972,456.672 -2.566087,43.225012,456.891 -2.566105,43.225053,457.080 -2.566120,43.225093,457.267 -2.566136,43.225134,457.281 -2.566146,43.225175,457.419 -2.566160,43.225215,457.609 -2.566177,43.225256,457.648 -2.566191,43.225295,457.850 -2.566206,43.225334,458.095 -2.566222,43.225376,458.246 -2.566234,43.225415,458.473 -2.566251,43.225455,458.428 -2.566267,43.225494,458.683 -2.566284,43.225532,459.022 -2.566304,43.225573,459.031 -2.566329,43.225610,459.257 -2.566357,43.225647,459.200 -2.566387,43.225684,459.220 -2.566410,43.225721,459.209 -2.566434,43.225760,459.217 -2.566457,43.225798,459.469 -2.566482,43.225833,459.424 -2.566509,43.225870,459.485 -2.566535,43.225904,459.692 -2.566560,43.225942,459.817 -2.566578,43.225980,460.022 -2.566595,43.226018,460.431 -2.566611,43.226055,460.640 -2.566627,43.226095,460.636 -2.566632,43.226139,461.017 -2.566638,43.226183,461.218 -2.566643,43.226225,461.609 -2.566646,43.226264,462.245 -2.566654,43.226298,462.877 -2.566667,43.226329,463.222 -2.566683,43.226364,463.653 -2.566700,43.226401,463.880 -2.566716,43.226440,464.055 -2.566733,43.226480,464.280 -2.566755,43.226519,464.429 -2.566772,43.226561,464.668 -2.566785,43.226601,465.019 -2.566792,43.226645,465.209 -2.566802,43.226688,465.419 -2.566811,43.226733,465.609 -2.566818,43.226776,465.863 -2.566815,43.226819,466.055 -2.566808,43.226860,466.280 -2.566807,43.226894,466.411 -2.566806,43.226931,466.448 -2.566803,43.226968,466.683 -2.566798,43.227007,466.638 -2.566794,43.227048,466.687 -2.566788,43.227089,466.486 -2.566787,43.227130,466.248 -2.566788,43.227173,466.261 -2.566786,43.227219,465.617 -2.566782,43.227267,465.409 -2.566789,43.227325,464.816 -2.566801,43.227381,464.268 -2.566833,43.227432,463.823 -2.566885,43.227474,463.444 -2.566943,43.227509,463.261 -2.567017,43.227530,463.096 -2.567100,43.227546,462.871 -2.567188,43.227563,462.480 -2.567280,43.227573,462.289 -2.567355,43.227573,461.824 -2.567405,43.227569,461.404 -2.567426,43.227557,461.214 -2.567450,43.227553,461.209 -2.567477,43.227556,461.034 -2.567497,43.227557,460.836 -2.567510,43.227554,460.611 -2.567510,43.227551,460.432 -2.567508,43.227549,460.219 -2.567508,43.227549,460.294 -2.567510,43.227553,460.089 -2.567521,43.227560,460.098 -2.567534,43.227564,460.047 -2.567540,43.227567,460.082 -2.567539,43.227567,460.043 -2.567530,43.227572,459.817 -2.567516,43.227576,459.609 -2.567499,43.227577,459.490 -2.567483,43.227581,459.452 -2.567475,43.227583,459.487 -2.567474,43.227586,459.468 -2.567474,43.227591,459.425 -2.567473,43.227593,459.410 -2.567469,43.227595,459.425 -2.567463,43.227596,459.234 -2.567459,43.227598,459.263 -2.567455,43.227598,459.068 -2.567448,43.227601,459.042 -2.567445,43.227599,459.226 -2.567441,43.227603,459.209 -2.567438,43.227599,459.268 -2.567433,43.227601,459.450 -2.567433,43.227598,459.425 -2.567431,43.227600,459.296 -2.567430,43.227600,459.273 -2.567426,43.227605,459.258 -2.567422,43.227607,459.253 -2.567422,43.227607,459.222 -2.567422,43.227607,459.061 -2.567422,43.227607,459.072 -2.567422,43.227607,458.813 -2.567420,43.227608,458.614 -2.567410,43.227613,458.409 -2.567403,43.227617,458.219 -2.567401,43.227619,458.071 -2.567402,43.227620,458.096 -2.567402,43.227620,458.087 -2.567402,43.227620,458.084 -2.567402,43.227620,458.019 -2.567402,43.227620,457.864 -2.567402,43.227620,457.813 -2.567402,43.227620,457.862 -2.567402,43.227620,457.832 -2.567402,43.227620,457.692 -2.567402,43.227620,457.811 -2.567402,43.227621,457.809 -2.567400,43.227622,457.865 -2.567399,43.227621,457.847 -2.567396,43.227621,457.842 -2.567390,43.227623,457.893 -2.567385,43.227620,457.850 -2.567383,43.227622,457.895 -2.567383,43.227623,457.670 -2.567390,43.227621,457.449 -2.567390,43.227617,457.278 -2.567380,43.227615,457.072 -2.567377,43.227613,456.813 -2.567377,43.227612,456.814 -2.567377,43.227612,456.809 -2.567377,43.227612,457.039 -2.567380,43.227603,457.081 -2.567382,43.227598,457.076 -2.567387,43.227592,457.057 -2.567394,43.227585,457.024 -2.567407,43.227579,456.899 -2.567421,43.227573,456.624 -2.567439,43.227568,456.483 -2.567456,43.227562,456.482 -2.567474,43.227560,456.221 -2.567489,43.227557,456.241 -2.567502,43.227555,456.005 -2.567513,43.227557,456.009 -2.567515,43.227559,455.854 -2.567513,43.227560,455.836 -2.567513,43.227560,455.821 -2.567517,43.227555,455.862 -2.567529,43.227556,455.849 -2.567532,43.227554,455.824 -2.567538,43.227554,455.829 -2.567542,43.227554,455.838 -2.567541,43.227554,455.837 -2.567535,43.227554,455.659 -2.567531,43.227551,455.603 -2.567536,43.227550,455.823 -2.567529,43.227543,455.809 -2.567524,43.227537,455.827 -2.567532,43.227529,455.869 -2.567542,43.227517,455.834 -2.567554,43.227504,455.695 -2.567570,43.227480,455.412 -2.567593,43.227455,455.267 -2.567620,43.227423,455.072 -2.567654,43.227391,454.861 -2.567680,43.227353,454.680 -2.567709,43.227309,454.672 -2.567752,43.227270,454.413 -2.567815,43.227231,453.814 -2.567902,43.227206,453.409 -2.568000,43.227198,453.089 -2.568085,43.227218,452.491 -2.568143,43.227255,452.256 -2.568184,43.227294,452.037 -2.568216,43.227325,452.244 -2.568250,43.227355,452.449 -2.568282,43.227386,452.824 -2.568319,43.227414,453.213 -2.568358,43.227439,453.672 -2.568395,43.227467,453.822 -2.568440,43.227492,453.862 -2.568484,43.227517,453.808 -2.568528,43.227540,453.809 -2.568572,43.227565,454.064 -2.568615,43.227589,454.086 -2.568656,43.227613,454.261 -2.568695,43.227636,454.482 -2.568739,43.227659,454.859 -2.568778,43.227686,455.294 -2.568813,43.227717,455.649 -2.568846,43.227745,456.028 -2.568877,43.227772,456.477 -2.568905,43.227794,456.858 -2.568934,43.227815,457.052 -2.568959,43.227839,457.417 -2.568986,43.227863,457.609 -2.569015,43.227886,458.017 -2.569045,43.227907,458.469 -2.569075,43.227931,458.614 -2.569103,43.227951,458.835 -2.569134,43.227970,459.242 -2.569165,43.227990,459.487 -2.569197,43.228012,459.472 -2.569235,43.228037,459.661 -2.569271,43.228065,459.870 -2.569302,43.228101,459.868 -2.569323,43.228138,459.642 -2.569339,43.228184,459.426 -2.569351,43.228232,459.009 -2.569355,43.228280,459.038 -2.569356,43.228324,458.860 -2.569350,43.228368,458.845 -2.569340,43.228410,458.886 -2.569326,43.228450,458.873 -2.569314,43.228487,459.038 -2.569301,43.228525,459.083 -2.569287,43.228562,459.252 -2.569270,43.228600,459.431 -2.569252,43.228637,459.617 -2.569232,43.228671,459.887 -2.569210,43.228705,460.015 -2.569187,43.228732,460.209 -2.569166,43.228756,460.693 -2.569145,43.228779,460.895 -2.569124,43.228803,461.290 -2.569098,43.228826,461.631 -2.569072,43.228849,462.068 -2.569043,43.228871,462.283 -2.569024,43.228893,462.678 -2.569005,43.228913,463.057 -2.568984,43.228931,463.456 -2.568962,43.228953,463.655 -2.568939,43.228975,463.807 -2.568909,43.228994,463.817 -2.568880,43.229011,464.009 -2.568856,43.229030,464.077 -2.568831,43.229050,464.249 -2.568808,43.229069,464.454 -2.568784,43.229087,464.425 -2.568764,43.229107,464.612 -2.568742,43.229127,464.897 -2.568715,43.229148,465.012 -2.568688,43.229165,465.241 -2.568660,43.229185,465.420 -2.568633,43.229202,465.683 -2.568609,43.229223,465.625 -2.568587,43.229245,465.617 -2.568567,43.229267,465.809 -2.568548,43.229292,465.830 -2.568537,43.229317,466.092 -2.568538,43.229343,466.097 -2.568539,43.229375,466.078 -2.568539,43.229406,466.095 -2.568547,43.229434,466.250 -2.568569,43.229462,466.065 -2.568601,43.229493,465.854 -2.568642,43.229519,465.443 -2.568695,43.229548,465.086 -2.568756,43.229573,464.460 -2.568823,43.229592,463.826 -2.568889,43.229610,463.409 -2.568951,43.229629,463.270 -2.569013,43.229649,463.242 -2.569075,43.229668,463.297 -2.569140,43.229685,463.488 -2.569205,43.229701,463.885 -2.569269,43.229728,463.840 -2.569323,43.229763,463.895 -2.569368,43.229806,463.834 -2.569395,43.229856,463.863 -2.569399,43.229911,463.687 -2.569384,43.229966,463.642 -2.569351,43.230007,463.626 -2.569310,43.230034,464.009 -2.569274,43.230051,464.480 -2.569241,43.230067,465.032 -2.569206,43.230081,465.637 -2.569172,43.230096,465.858 -2.569143,43.230114,466.285 -2.569117,43.230132,466.670 -2.569088,43.230146,466.855 -2.569057,43.230159,467.044 -2.569024,43.230168,467.493 -2.568992,43.230179,467.673 -2.568964,43.230195,467.685 -2.568934,43.230211,467.813 -2.568907,43.230229,468.209 -2.568878,43.230248,468.649 -2.568849,43.230267,468.821 -2.568819,43.230284,469.016 -2.568787,43.230299,469.457 -2.568759,43.230313,469.654 -2.568729,43.230328,469.819 -2.568705,43.230343,470.014 -2.568679,43.230358,470.233 -2.568650,43.230376,470.452 -2.568618,43.230392,470.415 -2.568591,43.230407,470.665 -2.568567,43.230424,471.011 -2.568542,43.230438,471.209 -2.568517,43.230451,471.473 -2.568493,43.230465,471.625 -2.568473,43.230484,471.870 -2.568455,43.230507,472.071 -2.568433,43.230528,472.238 -2.568416,43.230548,472.473 -2.568407,43.230571,472.638 -2.568400,43.230595,472.887 -2.568394,43.230618,472.846 -2.568390,43.230645,473.055 -2.568388,43.230669,473.207 -2.568388,43.230692,473.217 -2.568386,43.230718,473.209 -2.568387,43.230743,473.447 -2.568389,43.230770,473.699 -2.568396,43.230799,473.634 -2.568401,43.230829,473.855 -2.568401,43.230858,474.072 -2.568398,43.230886,474.097 -2.568393,43.230912,474.252 -2.568380,43.230940,474.221 -2.568360,43.230968,474.260 -2.568337,43.230993,474.481 -2.568316,43.231015,474.861 -2.568291,43.231039,475.017 -2.568268,43.231059,475.409 -2.568243,43.231075,475.810 -2.568214,43.231090,476.292 -2.568188,43.231107,476.647 -2.568162,43.231123,477.048 -2.568132,43.231135,477.435 -2.568102,43.231148,477.650 -2.568069,43.231163,478.095 -2.568036,43.231174,478.214 -2.568008,43.231190,478.473 -2.567981,43.231205,478.623 -2.567952,43.231220,478.883 -2.567923,43.231235,479.211 -2.567897,43.231251,479.609 -2.567866,43.231268,479.864 -2.567836,43.231284,480.276 -2.567812,43.231299,480.461 -2.567789,43.231317,480.612 -2.567763,43.231337,480.819 -2.567737,43.231354,481.074 -2.567705,43.231371,481.019 -2.567681,43.231388,481.288 -2.567651,43.231403,481.677 -2.567620,43.231417,481.881 -2.567588,43.231432,482.061 -2.567556,43.231442,482.217 -2.567520,43.231447,482.409 -2.567487,43.231453,482.670 -2.567451,43.231458,482.812 -2.567414,43.231463,483.237 -2.567379,43.231468,483.468 -2.567346,43.231472,483.815 -2.567310,43.231474,484.230 -2.567273,43.231474,484.435 -2.567238,43.231474,484.824 -2.567200,43.231479,485.063 -2.567161,43.231485,485.447 -2.567127,43.231491,485.629 -2.567090,43.231501,486.021 -2.567055,43.231507,486.209 -2.567020,43.231511,486.616 -2.566984,43.231515,486.898 -2.566948,43.231519,487.043 -2.566910,43.231521,487.474 -2.566879,43.231524,487.681 -2.566849,43.231531,488.016 -2.566819,43.231541,488.411 -2.566789,43.231552,488.890 -2.566759,43.231564,489.059 -2.566731,43.231581,489.294 -2.566707,43.231600,489.457 -2.566687,43.231616,489.422 -2.566663,43.231637,489.609 -2.566642,43.231659,489.871 -2.566619,43.231679,490.053 -2.566596,43.231698,490.258 -2.566571,43.231715,490.429 -2.566547,43.231733,490.856 -2.566521,43.231753,491.211 -2.566497,43.231773,491.486 -2.566471,43.231791,491.675 -2.566449,43.231808,492.074 -2.566426,43.231829,492.261 -2.566402,43.231852,492.621 -2.566380,43.231873,492.813 -2.566360,43.231893,493.009 -2.566348,43.231917,493.248 -2.566337,43.231943,493.490 -2.566329,43.231969,493.615 -2.566324,43.231996,493.856 -2.566320,43.232025,493.823 -2.566319,43.232055,494.018 -2.566319,43.232086,494.083 -2.566322,43.232117,494.012 -2.566321,43.232152,493.831 -2.566320,43.232190,493.663 -2.566320,43.232227,493.444 -2.566319,43.232265,493.418 -2.566320,43.232303,493.409 -2.566318,43.232338,493.468 -2.566311,43.232370,493.410 -2.566299,43.232404,493.695 -2.566286,43.232439,493.896 -2.566263,43.232472,494.063 -2.566242,43.232497,494.228 -2.566229,43.232521,494.623 -2.566212,43.232546,494.872 -2.566200,43.232568,495.271 -2.566179,43.232588,495.446 -2.566158,43.232606,495.888 -2.566139,43.232620,496.016 -2.566121,43.232633,496.409 -2.566103,43.232650,497.026 -2.566081,43.232665,497.278 -2.566060,43.232677,497.423 -2.566039,43.232699,497.824 -2.566022,43.232719,498.021 -2.566011,43.232741,498.246 -2.566012,43.232761,498.621 -2.566014,43.232781,499.070 -2.566024,43.232801,499.689 -2.566043,43.232817,500.091 -2.566068,43.232824,500.481 -2.566097,43.232828,500.619 -2.566125,43.232827,500.809 -2.566146,43.232814,501.031 -2.566166,43.232798,501.493 -2.566190,43.232781,501.628 -2.566212,43.232764,501.619 -2.566233,43.232748,501.866 -2.566255,43.232734,501.891 -2.566273,43.232717,502.076 -2.566297,43.232698,502.265 -2.566323,43.232682,502.494 -2.566348,43.232666,502.879 -2.566366,43.232651,503.005 -2.566380,43.232636,503.225 -2.566401,43.232621,503.409 -2.566419,43.232609,503.629 -2.566432,43.232593,503.661 -2.566447,43.232572,503.826 -2.566464,43.232553,504.047 -2.566488,43.232539,504.434 -2.566513,43.232527,505.079 -2.566530,43.232510,505.464 -2.566549,43.232494,505.893 -2.566566,43.232480,506.262 -2.566583,43.232464,506.453 -2.566600,43.232447,506.404 -2.566620,43.232427,506.814 -2.566639,43.232414,507.009 -2.566658,43.232400,507.437 -2.566678,43.232387,507.889 -2.566702,43.232373,508.044 -2.566732,43.232362,508.435 -2.566760,43.232352,508.662 -2.566786,43.232344,508.627 -2.566816,43.232339,508.892 -2.566845,43.232337,508.811 -2.566874,43.232336,509.080 -2.566900,43.232334,509.298 -2.566931,43.232334,509.415 -2.566959,43.232338,509.626 -2.566990,43.232341,509.809 -2.567017,43.232344,510.091 -2.567042,43.232348,510.273 -2.567071,43.232357,510.448 -2.567096,43.232364,510.629 -2.567122,43.232377,510.876 -2.567147,43.232383,511.011 -2.567173,43.232391,511.066 -2.567199,43.232395,511.235 -2.567226,43.232401,511.654 -2.567252,43.232408,511.879 -2.567280,43.232412,512.005 -2.567307,43.232418,512.225 -2.567333,43.232423,512.609 -2.567358,43.232428,512.629 -2.567386,43.232433,512.871 -2.567413,43.232434,513.056 -2.567444,43.232439,513.497 -2.567469,43.232443,513.614 -2.567494,43.232442,513.829 -2.567526,43.232440,514.054 -2.567553,43.232438,514.293 -2.567583,43.232436,514.462 -2.567608,43.232434,514.475 -2.567637,43.232429,514.628 -2.567665,43.232425,514.820 -2.567697,43.232424,515.209 -2.567727,43.232423,515.479 -2.567760,43.232418,515.671 -2.567788,43.232411,516.026 -2.567820,43.232407,516.237 -2.567853,43.232407,516.654 -2.567880,43.232407,516.849 -2.567909,43.232408,517.054 -2.567939,43.232409,517.233 -2.567968,43.232408,517.492 -2.568000,43.232407,517.817 -2.568029,43.232407,518.287 -2.568058,43.232407,518.615 -2.568092,43.232412,518.809 -2.568123,43.232417,519.283 -2.568153,43.232420,519.675 -2.568180,43.232423,520.030 -2.568211,43.232426,520.411 -2.568241,43.232431,520.868 -2.568268,43.232438,521.093 -2.568293,43.232442,521.468 -2.568321,43.232444,521.617 -2.568355,43.232448,522.076 -2.568384,43.232455,522.277 -2.568407,43.232462,522.661 -2.568436,43.232470,522.827 -2.568465,43.232476,523.009 -2.568494,43.232481,523.279 -2.568519,43.232491,523.421 -2.568544,43.232500,523.456 -2.568569,43.232505,523.687 -2.568593,43.232510,523.874 -2.568622,43.232517,524.239 -2.568651,43.232526,524.454 -2.568681,43.232533,524.673 -2.568712,43.232537,524.862 -2.568743,43.232543,525.089 -2.568773,43.232547,525.206 -2.568801,43.232551,525.426 -2.568828,43.232556,525.609 -2.568855,43.232559,525.810 -2.568884,43.232560,525.852 -2.568912,43.232559,526.027 -2.568949,43.232558,526.248 -2.568982,43.232560,526.425 -2.569010,43.232565,526.820 -2.569043,43.232569,527.025 -2.569074,43.232568,527.274 -2.569105,43.232564,527.633 -2.569137,43.232561,527.844 -2.569163,43.232560,528.205 -2.569199,43.232561,528.615 -2.569231,43.232563,529.009 -2.569260,43.232568,529.456 -2.569288,43.232571,529.648 -2.569314,43.232572,529.833 -2.569344,43.232572,530.234 -2.569374,43.232575,530.461 -2.569405,43.232579,530.896 -2.569441,43.232586,531.261 -2.569470,43.232593,531.220 -2.569499,43.232591,531.459 -2.569533,43.232584,531.852 -2.569562,43.232586,532.053 -2.569591,43.232590,532.408 -2.569618,43.232591,532.809 -2.569647,43.232596,533.427 -2.569677,43.232601,533.639 -2.569706,43.232605,533.894 -2.569734,43.232609,534.055 -2.569764,43.232617,534.082 -2.569791,43.232624,534.447 -2.569822,43.232630,534.642 -2.569851,43.232636,535.061 -2.569882,43.232644,535.460 -2.569914,43.232653,535.639 -2.569945,43.232658,535.801 -2.569975,43.232662,535.821 -2.570001,43.232665,535.809 -2.570034,43.232669,536.075 -2.570064,43.232677,536.237 -2.570095,43.232684,536.252 -2.570124,43.232690,536.433 -2.570156,43.232696,536.680 -2.570188,43.232697,536.835 -2.570220,43.232699,537.060 -2.570249,43.232702,537.249 -2.570281,43.232702,537.468 -2.570312,43.232703,537.649 -2.570341,43.232702,538.002 -2.570372,43.232698,538.422 -2.570403,43.232692,538.809 -2.570434,43.232688,539.226 -2.570463,43.232690,539.658 -2.570494,43.232688,540.293 -2.570526,43.232687,540.694 -2.570556,43.232684,541.071 -2.570584,43.232683,541.226 -2.570613,43.232683,541.631 -2.570643,43.232682,542.030 -2.570677,43.232678,542.679 -2.570715,43.232678,542.874 -2.570752,43.232679,543.056 -2.570795,43.232675,543.221 -2.570840,43.232670,543.209 -2.570893,43.232666,543.229 -2.570953,43.232657,543.281 -2.571017,43.232645,542.856 -2.571085,43.232641,542.497 -2.571156,43.232635,542.254 -2.571228,43.232631,541.819 -2.571305,43.232630,541.654 -2.571382,43.232627,541.243 -2.571468,43.232622,540.832 -2.571557,43.232609,540.468 -2.571650,43.232589,539.642 -2.571734,43.232549,538.826 -2.571815,43.232499,538.209 -2.571896,43.232453,537.628 -2.571979,43.232407,537.260 -2.572058,43.232362,536.865 -2.572139,43.232317,536.676 -2.572221,43.232268,536.053 -2.572305,43.232218,535.648 -2.572389,43.232165,535.023 -2.572475,43.232103,534.252 -2.572564,43.232036,533.431 -2.572650,43.231966,532.681 -2.572730,43.231894,532.061 -2.572807,43.231817,531.617 -2.572883,43.231755,531.609 -2.572952,43.231712,531.620 -2.573015,43.231698,531.842 -2.573057,43.231726,532.067 -2.573061,43.231769,532.028 -2.573064,43.231811,532.085 -2.573073,43.231863,531.040 -2.573090,43.231929,529.435 -2.573113,43.232008,527.884 -2.573140,43.232097,526.013 -2.573175,43.232196,523.833 -2.573216,43.232304,521.823 -2.573254,43.232420,519.815 -2.573281,43.232543,517.809 -2.573296,43.232671,515.855 -2.573309,43.232807,513.257 -2.573327,43.232946,510.612 -2.573354,43.233091,508.293 -2.573386,43.233239,505.620 -2.573415,43.233382,503.695 -2.573442,43.233515,502.060 -2.573475,43.233638,500.439 -2.573518,43.233750,499.228 -2.573558,43.233857,498.499 -2.573575,43.233975,496.807 -2.573579,43.234099,494.827 -2.573584,43.234233,493.209 -2.573598,43.234367,489.871 -2.573608,43.234489,486.633 -2.573608,43.234600,484.238 -2.573586,43.234693,482.489 -2.573529,43.234772,481.646 -2.573445,43.234841,481.061 -2.573365,43.234910,480.266 -2.573286,43.234986,478.835 -2.573204,43.235074,477.214 -2.573139,43.235176,476.095 -2.573096,43.235284,474.449 -2.573054,43.235394,472.823 -2.573007,43.235504,471.409 -2.572973,43.235621,471.281 -2.572950,43.235736,470.853 -2.572944,43.235849,470.868 -2.572919,43.235956,470.439 -2.572871,43.236060,469.866 -2.572819,43.236153,468.441 -2.572767,43.236236,466.896 -2.572728,43.236310,465.045 -2.572716,43.236377,464.674 -2.572753,43.236430,462.859 -2.572777,43.236466,461.803 -2.572796,43.236467,461.223 -2.572820,43.236444,461.009 -2.572843,43.236419,460.867 -2.572872,43.236393,460.699 -2.572918,43.236358,460.074 -2.572983,43.236329,459.425 -2.573056,43.236322,458.852 -2.573129,43.236343,458.057 -2.573178,43.236388,456.812 -2.573178,43.236451,455.881 -2.573145,43.236519,454.830 -2.573090,43.236588,453.436 -2.573019,43.236666,451.617 -2.572926,43.236750,449.218 -2.572820,43.236839,446.609 -2.572707,43.236928,443.485 -2.572603,43.237020,440.017 -2.572514,43.237114,437.282 -2.572440,43.237208,435.273 -2.572385,43.237295,433.670 -2.572334,43.237374,432.485 -2.572284,43.237441,431.040 -2.572211,43.237509,429.699 -2.572111,43.237568,428.048 -2.571993,43.237620,425.636 -2.571854,43.237672,423.417 -2.571713,43.237740,421.018 -2.571577,43.237826,417.209 -2.571448,43.237926,413.825 -2.571324,43.238033,410.497 -2.571198,43.238137,408.092 -2.571074,43.238246,406.053 -2.570954,43.238360,403.850 -2.570842,43.238482,400.865 -2.570736,43.238616,398.870 -2.570644,43.238748,396.869 -2.570566,43.238879,395.068 -2.570495,43.239005,393.632 -2.570435,43.239126,393.692 -2.570396,43.239235,393.411 -2.570380,43.239335,393.209 -2.570381,43.239429,393.415 -2.570386,43.239510,394.027 -2.570386,43.239580,394.242 -2.570363,43.239643,394.253 -2.570308,43.239698,393.890 -2.570233,43.239743,393.025 -2.570136,43.239779,392.220 -2.570028,43.239807,390.659 -2.569903,43.239834,389.248 -2.569764,43.239853,387.068 -2.569613,43.239867,384.842 -2.569458,43.239877,383.026 -2.569297,43.239879,381.809 -2.569133,43.239868,378.498 -2.568966,43.239850,375.430 -2.568798,43.239824,372.255 -2.568641,43.239793,369.686 -2.568493,43.239757,368.223 -2.568354,43.239723,366.268 -2.568214,43.239701,364.233 -2.568076,43.239705,363.622 -2.567938,43.239718,362.271 -2.567799,43.239740,360.855 -2.567662,43.239760,360.207 -2.567524,43.239765,359.017 -2.567391,43.239754,357.809 -2.567267,43.239737,356.837 -2.567141,43.239739,355.289 -2.567037,43.239769,354.484 -2.566951,43.239817,353.895 -2.566871,43.239871,353.062 -2.566773,43.239911,352.237 -2.566667,43.239944,351.662 -2.566560,43.239986,350.631 -2.566470,43.240045,349.250 -2.566387,43.240104,348.676 -2.566305,43.240163,348.690 -2.566221,43.240218,348.619 -2.566138,43.240273,348.209 -2.566046,43.240329,347.449 -2.565951,43.240383,347.071 -2.565852,43.240436,346.686 -2.565751,43.240491,346.227 -2.565642,43.240544,345.624 -2.565529,43.240577,345.279 -2.565410,43.240577,344.434 -2.565299,43.240541,343.293 -2.565216,43.240500,341.812 -2.565132,43.240482,340.657 -2.565045,43.240505,339.600 -2.564971,43.240552,339.020 -2.564920,43.240614,338.409 -2.564876,43.240686,337.637 -2.564828,43.240761,336.449 -2.564771,43.240838,335.284 -2.564697,43.240907,334.485 -2.564615,43.240978,334.462 -2.564527,43.241043,334.077 -2.564423,43.241100,333.422 -2.564305,43.241154,332.671 -2.564179,43.241208,330.830 -2.564045,43.241268,328.648 -2.563917,43.241332,327.061 -2.563803,43.241394,325.617 -2.563694,43.241447,324.409 -2.563589,43.241488,323.456 -2.563483,43.241510,322.688 -2.563383,43.241507,321.883 -2.563292,43.241476,321.024 -2.563211,43.241423,320.021 -2.563143,43.241357,318.886 -2.563087,43.241293,317.041 -2.563034,43.241244,315.820 -2.562974,43.241212,314.439 -2.562904,43.241207,313.457 -2.562839,43.241229,312.600 -2.562790,43.241273,312.020 -2.562756,43.241335,311.009 -2.562727,43.241414,309.497 -2.562707,43.241496,308.449 -2.562699,43.241588,307.284 -2.562686,43.241686,305.635 -2.562675,43.241789,304.292 -2.562670,43.241891,303.277 -2.562663,43.241991,301.672 -2.562638,43.242084,300.651 -2.562587,43.242171,299.660 -2.562513,43.242250,298.689 -2.562430,43.242328,296.806 -2.562332,43.242406,295.226 -2.562232,43.242487,294.009 -2.562134,43.242566,292.440 -2.562029,43.242641,290.622 -2.561905,43.242707,289.237 -2.561780,43.242770,287.468 -2.561659,43.242828,286.455 -2.561543,43.242882,284.490 -2.561440,43.242934,283.095 -2.561356,43.242989,281.224 -2.561290,43.243040,279.823 -2.561239,43.243091,278.626 -2.561220,43.243146,277.847 -2.561238,43.243192,277.211 -2.561292,43.243219,276.409 -2.561364,43.243224,275.814 -2.561445,43.243207,274.836 -2.561539,43.243178,273.671 -2.561635,43.243150,272.612 -2.561725,43.243116,271.619 -2.561807,43.243091,271.054 -2.561877,43.243077,270.469 -2.561946,43.243090,270.038 -2.561992,43.243126,269.677 -2.561994,43.243178,269.094 -2.561955,43.243224,268.257 -2.561891,43.243259,267.022 -2.561817,43.243297,266.209 -2.561739,43.243346,265.061 -2.561656,43.243399,263.693 -2.561568,43.243460,262.448 -2.561464,43.243522,261.449 -2.561346,43.243576,260.056 -2.561228,43.243629,258.431 -2.561116,43.243680,256.856 -2.561007,43.243734,255.225 -2.560911,43.243802,253.434 -2.560832,43.243883,252.292 -2.560742,43.243964,250.073 -2.560645,43.244035,248.220 -2.560537,43.244103,246.209 -2.560425,43.244166,244.071 -2.560312,43.244225,242.043 -2.560200,43.244280,240.228 -2.560080,43.244331,238.829 -2.559956,43.244373,237.096 -2.559831,43.244411,235.451 -2.559724,43.244444,234.246 -2.559643,43.244476,233.255 -2.559589,43.244498,232.674 -2.559564,43.244529,232.428 -2.559568,43.244565,232.489 -2.559597,43.244586,232.617 -2.559624,43.244588,232.609 -2.559652,43.244592,232.634 -2.559679,43.244598,232.626 -2.559707,43.244605,232.881 -2.559736,43.244614,232.812 -2.559769,43.244628,232.869 -2.559801,43.244642,233.094 -2.559835,43.244661,233.269 -2.559868,43.244684,233.268 -2.559896,43.244709,233.457 -2.559924,43.244733,233.414 -2.559948,43.244760,233.854 -2.559965,43.244793,234.209 -2.559975,43.244825,234.409 -2.559982,43.244857,234.893 -2.559978,43.244889,235.285 -2.559966,43.244918,235.620 -2.559960,43.244947,235.831 -2.559957,43.244977,236.258 -2.559942,43.245008,236.483 -2.559918,43.245036,236.868 -2.559891,43.245063,237.277 -2.559858,43.245087,237.456 -2.559824,43.245110,237.826 -2.559791,43.245133,238.047 -2.559755,43.245154,238.411 -2.559725,43.245175,238.609 -2.559695,43.245198,239.054 -2.559663,43.245218,239.486 -2.559630,43.245238,239.611 -2.559605,43.245253,240.022 -2.559580,43.245271,240.289 -2.559556,43.245289,240.644 -2.559536,43.245310,241.059 -2.559515,43.245332,241.428 -2.559489,43.245352,241.667 -2.559476,43.245370,241.839 -2.559473,43.245391,242.001 -2.559461,43.245415,242.221 -2.559448,43.245438,242.409 -2.559434,43.245460,242.845 -2.559418,43.245482,243.077 -2.559401,43.245506,243.282 -2.559383,43.245530,243.493 -2.559366,43.245554,243.670 -2.559352,43.245576,243.665 -2.559330,43.245597,243.830 -2.559303,43.245617,243.839 -2.559276,43.245637,244.218 -2.559250,43.245653,244.432 -2.559231,43.245675,244.492 -2.559207,43.245694,244.611 -2.559193,43.245718,245.009 -2.559194,43.245742,245.255 -2.559199,43.245766,245.427 -2.559194,43.245793,245.692 -2.559190,43.245820,246.043 -2.559188,43.245844,246.290 -2.559191,43.245867,246.475 -2.559202,43.245888,246.690 -2.559217,43.245906,246.849 -2.559236,43.245925,247.058 -2.559260,43.245943,247.296 -2.559283,43.245960,247.431 -2.559312,43.245976,247.624 -2.559342,43.245990,247.809 -2.559375,43.246003,248.081 -2.559407,43.246015,248.423 -2.559438,43.246026,248.698 -2.559467,43.246040,248.689 -2.559498,43.246054,249.036 -2.559526,43.246066,249.231 -2.559556,43.246076,249.296 -2.559586,43.246089,249.465 -2.559612,43.246102,249.844 -2.559640,43.246114,249.881 -2.559670,43.246127,250.261 -2.559701,43.246140,250.417 -2.559730,43.246154,250.609 -2.559761,43.246170,250.810 -2.559792,43.246184,251.092 -2.559822,43.246198,251.497 -2.559852,43.246209,251.618 -2.559882,43.246221,251.845 -2.559912,43.246237,252.010 -2.559941,43.246250,252.295 -2.559972,43.246262,252.424 -2.560007,43.246277,252.873 -2.560036,43.246293,253.289 -2.560065,43.246307,253.406 -2.560094,43.246321,253.626 -2.560120,43.246333,253.809 -2.560151,43.246347,254.220 -2.560183,43.246360,254.682 -2.560215,43.246373,254.817 -2.560243,43.246388,255.218 -2.560276,43.246400,255.475 -2.560306,43.246413,255.680 -2.560333,43.246427,256.085 -2.560364,43.246442,256.244 -2.560396,43.246458,256.493 -2.560426,43.246474,256.631 -2.560456,43.246488,257.061 -2.560485,43.246502,257.207 -2.560513,43.246517,257.409 -2.560543,43.246530,257.615 -2.560570,43.246547,257.887 -2.560596,43.246564,258.022 -2.560626,43.246578,258.053 -2.560658,43.246592,258.430 -2.560691,43.246610,258.665 -2.560716,43.246623,259.090 -2.560746,43.246635,259.069 -2.560772,43.246650,259.468 -2.560801,43.246665,259.679 -2.560828,43.246680,259.805 -2.560857,43.246692,260.025 -2.560886,43.246705,260.209 -2.560916,43.246721,260.489 -2.560946,43.246737,260.611 -2.560973,43.246749,260.836 -2.561004,43.246762,261.017 -2.561033,43.246778,261.224 -2.561065,43.246794,261.629 -2.561095,43.246805,262.034 -2.561126,43.246811,262.263 -2.561153,43.246825,262.612 -2.561181,43.246844,262.818 -2.561203,43.246865,262.898 -2.561225,43.246886,262.817 -2.561245,43.246910,263.009 -2.561259,43.246937,263.293 -2.561269,43.246965,263.265 -2.561274,43.246992,263.460 -2.561276,43.247020,263.481 -2.561271,43.247045,263.688 -2.561262,43.247070,263.823 -2.561247,43.247097,263.828 -2.561227,43.247119,264.047 -2.561210,43.247141,264.236 -2.561191,43.247165,264.431 -2.561166,43.247188,264.661 -2.561138,43.247209,264.807 -2.561108,43.247227,265.009 -2.561074,43.247242,265.245 -2.561043,43.247257,265.447 -2.561008,43.247273,265.612 -2.560966,43.247286,266.013 -2.560920,43.247295,266.250 -2.560874,43.247306,266.465 -2.560828,43.247313,266.660 -2.560787,43.247320,267.099 -2.560750,43.247328,267.218 -2.560714,43.247338,267.484 -2.560673,43.247347,267.807 -2.560632,43.247357,268.017 -2.560593,43.247367,268.409 -2.560551,43.247372,268.660 -2.560507,43.247376,269.052 -2.560464,43.247377,269.447 -2.560423,43.247379,269.888 -2.560380,43.247383,270.095 -2.560340,43.247385,270.250 -2.560297,43.247384,270.625 -2.560255,43.247382,270.814 -2.560212,43.247381,271.083 -2.560170,43.247376,271.213 -2.560129,43.247371,271.443 -2.560086,43.247370,271.607 -2.560039,43.247366,271.809 -2.559998,43.247363,272.023 -2.559958,43.247361,272.235 -2.559915,43.247360,272.680 -2.559871,43.247364,272.841 -2.559831,43.247369,273.258 -2.559786,43.247376,273.463 -2.559741,43.247384,273.688 -2.559698,43.247394,273.837 -2.559661,43.247405,274.296 -2.559622,43.247418,274.474 -2.559582,43.247429,274.856 -2.559541,43.247443,275.221 -2.559504,43.247461,275.409 -2.559469,43.247478,275.819 -2.559443,43.247500,276.011 -2.559420,43.247527,276.266 -2.559401,43.247557,276.687 -2.559388,43.247585,277.094 -2.559374,43.247613,277.219 -2.559362,43.247641,277.414 -2.559358,43.247669,277.843 -2.559359,43.247697,278.242 -2.559362,43.247729,278.424 -2.559372,43.247758,278.604 -2.559389,43.247786,278.814 -2.559410,43.247817,279.009 -2.559435,43.247843,279.064 -2.559471,43.247863,279.276 -2.559505,43.247880,279.491 -2.559538,43.247896,279.622 -2.559575,43.247912,279.829 -2.559613,43.247926,280.024 -2.559651,43.247941,280.259 -2.559691,43.247959,280.458 -2.559722,43.247978,280.897 -2.559757,43.247996,281.032 -2.559793,43.248012,281.492 -2.559829,43.248028,281.611 -2.559863,43.248048,282.009 -2.559895,43.248063,282.245 -2.559932,43.248080,282.647 -2.559964,43.248096,283.042 -2.559998,43.248113,283.213 -2.560032,43.248127,283.640 -2.560071,43.248140,283.875 -2.560109,43.248157,284.020 -2.560147,43.248172,284.229 -2.560184,43.248185,284.638 -2.560218,43.248195,285.052 -2.560252,43.248206,285.453 -2.560284,43.248216,285.808 -2.560316,43.248224,286.209 -2.560348,43.248230,286.677 -2.560384,43.248236,287.029 -2.560420,43.248244,287.424 -2.560454,43.248249,287.865 -2.560487,43.248252,288.292 -2.560516,43.248260,288.427 -2.560550,43.248271,288.832 -2.560582,43.248280,289.031 -2.560614,43.248288,289.470 -2.560650,43.248295,289.631 -2.560685,43.248301,290.261 -2.560719,43.248307,290.407 -2.560751,43.248314,290.809 -2.560784,43.248321,291.095 -2.560821,43.248328,291.437 -2.560852,43.248334,291.862 -2.560887,43.248341,292.033 -2.560921,43.248347,292.230 -2.560953,43.248352,292.665 -2.560987,43.248358,292.820 -2.561023,43.248364,293.219 -2.561052,43.248377,293.478 -2.561088,43.248383,293.695 -2.561126,43.248389,293.849 -2.561161,43.248389,294.023 -2.561199,43.248389,294.409 -2.561231,43.248398,294.871 -2.561267,43.248407,295.283 -2.561303,43.248413,295.818 -2.561331,43.248419,296.239 -2.561360,43.248426,296.496 -2.561396,43.248432,296.841 -2.561434,43.248438,297.046 -2.561472,43.248447,297.475 -2.561509,43.248456,297.654 -2.561549,43.248464,298.013 -2.561588,43.248469,298.243 -2.561626,43.248474,298.607 -2.561664,43.248480,298.809 -2.561703,43.248489,299.033 -2.561743,43.248497,299.415 -2.561785,43.248503,299.660 -2.561825,43.248513,299.651 -2.561864,43.248520,299.878 -2.561907,43.248523,300.053 -2.561953,43.248528,300.218 -2.561999,43.248534,300.247 -2.562041,43.248538,300.226 -2.562081,43.248540,300.278 -2.562120,43.248542,300.433 -2.562162,43.248542,300.626 -2.562202,43.248541,300.809 -2.562245,43.248543,300.819 -2.562284,43.248548,301.041 -2.562320,43.248549,301.246 -2.562358,43.248550,301.257 -2.562398,43.248551,301.484 -2.562437,43.248550,301.429 -2.562478,43.248547,301.434 -2.562523,43.248541,301.493 -2.562570,43.248542,301.412 -2.562609,43.248544,301.484 -2.562649,43.248541,301.407 -2.562689,43.248534,301.417 -2.562729,43.248524,301.609 -2.562768,43.248511,301.620 -2.562810,43.248501,301.862 -2.562851,43.248494,302.067 -2.562890,43.248486,302.268 -2.562927,43.248475,302.265 -2.562959,43.248463,302.630 -2.562993,43.248449,302.865 -2.563025,43.248430,303.254 -2.563055,43.248408,303.433 -2.563081,43.248385,303.829 -2.563110,43.248365,304.000 -2.563147,43.248344,304.220 -2.563180,43.248323,304.409 -2.563206,43.248301,304.884 -2.563229,43.248274,305.266 -2.563252,43.248249,305.621 -2.563280,43.248227,306.232 -2.563306,43.248203,306.439 -2.563334,43.248180,306.864 -2.563370,43.248160,307.049 -2.563407,43.248145,307.268 -2.563439,43.248131,307.677 -2.563472,43.248114,307.872 -2.563503,43.248093,308.213 -2.563528,43.248069,308.614 -2.563550,43.248042,309.209 -2.563566,43.248018,309.649 -2.563579,43.247989,310.071 -2.563594,43.247960,310.486 -2.563610,43.247932,310.647 -2.563620,43.247901,310.844 -2.563628,43.247868,311.099 -2.563632,43.247833,311.214 -2.563634,43.247798,311.263 -2.563637,43.247764,311.442 -2.563640,43.247730,311.696 -2.563639,43.247697,311.831 -2.563640,43.247661,311.824 -2.563644,43.247627,312.009 -2.563655,43.247592,312.011 -2.563673,43.247558,312.063 -2.563701,43.247527,312.068 -2.563733,43.247501,312.039 -2.563772,43.247478,312.056 -2.563812,43.247461,312.281 -2.563852,43.247443,312.256 -2.563893,43.247423,312.495 -2.563934,43.247402,312.464 -2.563974,43.247381,312.691 -2.564016,43.247361,312.881 -2.564058,43.247344,312.819 -2.564098,43.247323,313.009 -2.564136,43.247301,313.291 -2.564175,43.247278,313.273 -2.564208,43.247253,313.438 -2.564242,43.247227,313.629 -2.564278,43.247200,313.886 -2.564316,43.247174,314.011 -2.564347,43.247149,314.456 -2.564378,43.247126,314.665 -2.564411,43.247108,314.884 -2.564439,43.247094,315.082 -2.564463,43.247079,315.243 -2.564487,43.247062,315.217 -2.564517,43.247047,315.409 -2.564542,43.247030,315.680 -2.564564,43.247010,315.892 -2.564586,43.246987,316.017 -2.564596,43.246963,316.288 -2.564602,43.246937,316.655 -2.564602,43.246910,316.820 -2.564595,43.246887,317.025 -2.564580,43.246867,317.454 -2.564559,43.246848,317.693 -2.564535,43.246829,318.033 -2.564513,43.246806,318.223 -2.564483,43.246789,318.415 -2.564453,43.246778,318.609 -2.564420,43.246769,319.025 -2.564390,43.246758,319.287 -2.564363,43.246745,319.642 -2.564335,43.246734,320.053 -2.564303,43.246720,320.430 -2.564271,43.246708,320.625 -2.564236,43.246693,320.810 -2.564206,43.246684,321.019 -2.564174,43.246672,321.268 -2.564139,43.246660,321.462 -2.564107,43.246650,321.883 -2.564076,43.246642,322.211 -2.564043,43.246631,322.409 -2.564011,43.246619,322.638 -2.563975,43.246611,322.850 -2.563938,43.246602,323.025 -2.563905,43.246591,323.046 -2.563872,43.246582,323.263 -2.563839,43.246575,323.238 -2.563809,43.246566,323.243 -2.563778,43.246556,323.412 -2.563745,43.246550,323.651 -2.563710,43.246540,323.868 -2.563676,43.246530,323.842 -2.563639,43.246518,324.226 -2.563602,43.246507,324.209 -2.563569,43.246497,324.498 -2.563536,43.246486,324.640 -2.563501,43.246475,325.025 -2.563470,43.246467,325.246 -2.563435,43.246455,325.413 -2.563400,43.246445,325.668 -2.563368,43.246436,325.833 -2.563340,43.246424,326.022 -2.563304,43.246411,326.041 -2.563274,43.246400,326.431 -2.563243,43.246389,326.661 -2.563209,43.246376,327.007 -2.563178,43.246362,327.209 -2.563146,43.246349,327.665 -2.563115,43.246337,327.877 -2.563084,43.246328,328.062 -2.563049,43.246321,328.693 -2.563018,43.246313,329.040 -2.562986,43.246297,329.065 -2.562962,43.246276,329.230 -2.562941,43.246257,329.649 -2.562918,43.246242,329.818 -2.562895,43.246228,330.067 -2.562869,43.246210,330.281 -2.562849,43.246190,330.619 -2.562824,43.246173,331.009 -2.562795,43.246155,331.278 -2.562772,43.246137,331.480 -2.562746,43.246115,331.885 -2.562725,43.246096,332.026 -2.562704,43.246075,332.253 -2.562682,43.246056,332.488 -2.562659,43.246034,332.893 -2.562640,43.246010,333.042 -2.562620,43.245987,333.271 -2.562602,43.245961,333.663 -2.562588,43.245936,333.844 -2.562576,43.245910,334.018 -2.562570,43.245886,334.009 -2.562559,43.245860,334.268 -2.562553,43.245832,334.430 -2.562553,43.245805,334.645 -2.562557,43.245776,334.896 -2.562566,43.245750,335.083 -2.562579,43.245726,335.448 -2.562598,43.245704,335.493 -2.562622,43.245683,335.672 -2.562649,43.245663,335.661 -2.562677,43.245644,336.037 -2.562704,43.245627,336.249 -2.562730,43.245609,336.413 -2.562759,43.245594,336.809 -2.562787,43.245582,337.045 -2.562817,43.245567,337.067 -2.562850,43.245550,337.292 -2.562878,43.245529,337.483 -2.562903,43.245510,337.620 -2.562927,43.245490,338.075 -2.562945,43.245465,338.420 -2.562957,43.245441,338.899 -2.562962,43.245411,339.228 -2.562966,43.245384,339.613 -2.562976,43.245357,339.843 -2.562998,43.245335,340.207 -2.563022,43.245317,340.409 -2.563045,43.245298,340.883 -2.563078,43.245288,341.065 -2.563115,43.245280,341.210 -2.563151,43.245269,341.671 -2.563192,43.245262,341.828 -2.563228,43.245260,342.223 -2.563256,43.245254,342.628 -2.563284,43.245244,343.047 -2.563312,43.245237,343.256 -2.563339,43.245230,343.686 -2.563369,43.245222,344.060 -2.563402,43.245215,344.226 -2.563427,43.245206,344.409 -2.563451,43.245192,344.690 -2.563472,43.245173,345.062 -2.563492,43.245159,345.477 -2.563512,43.245139,345.818 -2.563534,43.245123,346.215 -2.563554,43.245106,346.620 -2.563569,43.245089,346.815 -2.563584,43.245072,347.064 -2.563599,43.245056,347.073 -2.563612,43.245035,347.483 -2.563624,43.245014,347.625 -2.563637,43.244991,348.017 -2.563653,43.244970,348.209 -2.563674,43.244951,348.660 -2.563703,43.244938,348.612 -2.563733,43.244925,348.877 -2.563759,43.244915,349.018 -2.563789,43.244909,349.255 -2.563823,43.244906,349.410 -2.563851,43.244901,349.665 -2.563880,43.244899,350.044 -2.563913,43.244897,350.243 -2.563946,43.244896,350.485 -2.563986,43.244894,350.889 -2.564016,43.244888,351.217 -2.564049,43.244882,351.609 -2.564078,43.244877,352.240 -2.564108,43.244876,352.412 -2.564139,43.244874,352.477 -2.564169,43.244874,352.678 -2.564195,43.244872,353.045 -2.564222,43.244865,353.250 -2.564257,43.244860,353.295 -2.564288,43.244850,353.454 -2.564317,43.244842,353.673 -2.564341,43.244831,353.871 -2.564367,43.244817,354.041 -2.564391,43.244802,354.415 -2.564421,43.244787,354.809 -2.564447,43.244775,355.039 -2.564476,43.244758,355.451 -2.564505,43.244745,355.826 -2.564540,43.244738,356.037 -2.564579,43.244734,356.454 -2.564624,43.244730,356.459 -2.564667,43.244736,356.654 -2.564698,43.244749,356.843 -2.564731,43.244759,356.892 -2.564764,43.244777,357.048 -2.564799,43.244791,357.261 -2.564833,43.244807,357.417 -2.564867,43.244826,357.609 -2.564898,43.244842,357.696 -2.564930,43.244858,357.848 -2.564957,43.244874,358.043 -2.564987,43.244889,358.474 -2.565019,43.244903,358.631 -2.565051,43.244919,359.066 -2.565082,43.244936,359.431 -2.565114,43.244956,359.670 -2.565148,43.244971,359.879 -2.565184,43.244986,360.098 -2.565213,43.245006,360.215 -2.565234,43.245025,360.426 -2.565265,43.245041,360.409 -2.565300,43.245052,360.851 -2.565329,43.245063,361.083 -2.565358,43.245076,361.448 -2.565387,43.245091,361.649 -2.565417,43.245110,362.066 -2.565443,43.245131,362.231 -2.565464,43.245153,362.226 -2.565483,43.245179,362.425 -2.565502,43.245201,362.414 -2.565521,43.245224,362.675 -2.565539,43.245251,362.628 -2.565556,43.245278,362.820 -2.565571,43.245304,362.809 -2.565590,43.245331,363.039 -2.565613,43.245356,363.051 -2.565636,43.245378,363.266 -2.565662,43.245397,363.477 -2.565686,43.245415,363.634 -2.565710,43.245432,363.699 -2.565735,43.245448,363.834 -2.565764,43.245462,364.013 -2.565798,43.245477,364.212 -2.565836,43.245492,364.487 -2.565875,43.245508,364.842 -2.565907,43.245524,365.026 -2.565932,43.245544,365.409 -2.565961,43.245564,365.870 -2.565990,43.245582,366.052 -2.566021,43.245598,366.097 -2.566053,43.245619,366.458 -2.566072,43.245646,366.835 -2.566084,43.245671,367.220 -2.566102,43.245692,367.635 -2.566112,43.245712,368.214 -2.566123,43.245733,368.693 -2.566133,43.245757,369.087 -2.566144,43.245780,369.442 -2.566154,43.245804,369.626 -2.566158,43.245827,370.009 -2.566163,43.245851,370.430 -2.566169,43.245874,370.862 -2.566180,43.245894,371.017 -2.566186,43.245919,371.488 -2.566192,43.245941,371.675 -2.566201,43.245962,371.890 -2.566210,43.245983,372.285 -2.566224,43.246002,372.494 -2.566237,43.246024,372.433 -2.566249,43.246044,372.652 -2.566263,43.246062,372.853 -2.566273,43.246078,373.208 -2.566287,43.246098,373.409 -2.566301,43.246119,373.627 -2.566316,43.246139,374.019 -2.566331,43.246161,374.484 -2.566346,43.246183,374.665 -2.566358,43.246206,375.052 -2.566367,43.246223,375.497 -2.566379,43.246241,375.892 -2.566396,43.246260,376.021 -2.566416,43.246278,376.460 -2.566442,43.246294,376.853 -2.566467,43.246315,377.204 -2.566485,43.246334,377.614 -2.566505,43.246350,377.809 -2.566527,43.246358,378.077 -2.566549,43.246369,378.449 -2.566579,43.246371,378.684 -2.566608,43.246386,378.885 -2.566631,43.246400,379.452 -2.566654,43.246410,379.887 -2.566678,43.246421,380.022 -2.566706,43.246432,380.451 -2.566733,43.246443,380.870 -2.566762,43.246455,381.285 -2.566791,43.246465,381.489 -2.566819,43.246474,381.617 -2.566847,43.246479,381.809 -2.566876,43.246488,382.240 -2.566904,43.246497,382.622 -2.566930,43.246504,383.067 -2.566957,43.246509,383.218 -2.566988,43.246513,383.675 -2.567017,43.246518,383.820 -2.567046,43.246521,384.225 -2.567076,43.246526,384.664 -2.567107,43.246527,385.043 -2.567143,43.246531,385.461 -2.567173,43.246531,385.621 -2.567205,43.246531,386.013 -2.567235,43.246532,386.409 -2.567267,43.246531,386.668 -2.567298,43.246530,386.840 -2.567333,43.246532,387.285 -2.567370,43.246531,387.656 -2.567392,43.246530,388.013 -2.567420,43.246527,388.418 -2.567447,43.246524,388.893 -2.567473,43.246520,389.262 -2.567501,43.246518,389.481 -2.567529,43.246518,389.688 -2.567561,43.246513,390.024 -2.567590,43.246507,390.226 -2.567616,43.246500,390.609 -2.567645,43.246495,390.840 -2.567675,43.246490,391.282 -2.567707,43.246485,391.827 -2.567734,43.246469,392.298 -2.567765,43.246460,392.685 -2.567790,43.246451,392.870 -2.567812,43.246441,393.285 -2.567837,43.246430,393.454 -2.567864,43.246418,393.893 -2.567891,43.246409,394.262 -2.567915,43.246399,394.683 -2.567940,43.246391,394.811 -2.567970,43.246382,395.209 -2.567994,43.246372,395.468 -2.568023,43.246362,395.670 -2.568048,43.246350,396.215 -2.568066,43.246331,396.696 -2.568087,43.246316,397.053 -2.568106,43.246302,397.458 -2.568126,43.246288,397.863 -2.568144,43.246270,397.862 -2.568164,43.246250,398.071 -2.568186,43.246235,398.292 -2.568213,43.246224,398.473 -2.568238,43.246211,398.620 -2.568254,43.246193,399.009 -2.568270,43.246175,399.481 -2.568284,43.246155,399.883 -2.568299,43.246140,400.258 -2.568320,43.246124,400.479 -2.568353,43.246114,400.676 -2.568379,43.246103,400.691 -2.568401,43.246087,400.826 -2.568420,43.246069,401.245 -2.568439,43.246057,401.624 -2.568464,43.246047,402.015 -2.568483,43.246035,402.465 -2.568502,43.246021,402.811 -2.568529,43.246008,403.009 -2.568551,43.245997,403.413 -2.568577,43.245986,403.625 -2.568605,43.245975,403.830 -2.568626,43.245960,404.211 -2.568651,43.245946,404.448 -2.568677,43.245933,404.653 -2.568702,43.245918,404.838 -2.568723,43.245904,405.087 -2.568746,43.245891,405.416 -2.568765,43.245877,405.667 -2.568786,43.245860,406.081 -2.568809,43.245847,406.219 -2.568829,43.245834,406.609 -2.568853,43.245822,406.688 -2.568873,43.245808,406.830 -2.568894,43.245793,407.235 -2.568918,43.245779,407.676 -2.568942,43.245765,408.273 -2.568967,43.245749,408.668 -2.568989,43.245733,409.233 -2.569013,43.245716,409.642 -2.569031,43.245700,409.831 -2.569052,43.245683,410.046 -2.569068,43.245667,410.088 -2.569088,43.245650,410.216 -2.569108,43.245638,410.609 -2.569136,43.245626,411.066 -2.569167,43.245618,411.438 -2.569198,43.245611,412.053 -2.569226,43.245603,412.484 -2.569259,43.245596,412.651 -2.569290,43.245588,412.646 -2.569317,43.245580,412.821 -2.569345,43.245573,413.070 -2.569375,43.245566,413.239 -2.569405,43.245559,413.438 -2.569435,43.245553,413.870 -2.569469,43.245548,414.217 -2.569506,43.245547,414.409 -2.569536,43.245543,414.895 -2.569569,43.245540,415.087 -2.569601,43.245539,415.072 -2.569632,43.245541,415.273 -2.569664,43.245543,415.410 -2.569696,43.245547,415.835 -2.569726,43.245553,416.060 -2.569758,43.245559,416.299 -2.569788,43.245561,416.698 -2.569815,43.245558,416.827 -2.569847,43.245553,417.068 -2.569879,43.245552,417.414 -2.569911,43.245553,417.809 -2.569944,43.245552,418.234 -2.569971,43.245550,418.666 -2.570001,43.245550,419.051 -2.570030,43.245551,419.252 -2.570061,43.245552,419.459 -2.570092,43.245556,420.014 -2.570125,43.245560,420.229 -2.570159,43.245558,420.648 -2.570192,43.245559,421.057 -2.570225,43.245560,421.488 -2.570255,43.245562,421.624 -2.570288,43.245560,422.226 -2.570314,43.245559,422.609 -2.570339,43.245556,423.080 -2.570355,43.245546,423.432 -2.570374,43.245533,423.657 -2.570381,43.245516,424.028 -2.570372,43.245497,424.455 -2.570355,43.245487,424.820 -2.570336,43.245482,425.085 -2.570309,43.245478,425.274 -2.570278,43.245476,425.633 -2.570247,43.245477,425.612 -2.570217,43.245482,425.832 -2.570185,43.245479,426.005 -2.570155,43.245476,426.209 -2.570127,43.245471,426.473 -2.570095,43.245466,426.875 -2.570066,43.245461,427.020 -2.570035,43.245453,427.241 -2.570007,43.245444,427.468 -2.569982,43.245437,427.663 -2.569955,43.245429,428.038 -2.569926,43.245419,428.467 -2.569902,43.245409,428.646 -2.569876,43.245399,428.825 -2.569849,43.245390,429.026 -2.569818,43.245379,429.008 -2.569787,43.245369,429.209 -2.569756,43.245356,429.474 -2.569730,43.245342,429.696 -2.569700,43.245328,430.021 -2.569673,43.245317,430.222 -2.569648,43.245303,430.639 -2.569626,43.245292,431.044 -2.569604,43.245280,431.219 -2.569577,43.245268,431.618 -2.569551,43.245254,431.837 -2.569526,43.245240,432.049 -2.569499,43.245225,432.202 -2.569471,43.245206,432.622 -2.569452,43.245187,433.009 -2.569429,43.245167,433.296 -2.569409,43.245149,433.268 -2.569382,43.245144,433.453 -2.569356,43.245129,433.684 -2.569336,43.245115,434.211 -2.569312,43.245097,434.646 -2.569293,43.245079,435.231 -2.569277,43.245062,435.490 -2.569262,43.245042,435.649 -2.569248,43.245019,435.858 -2.569235,43.244999,435.852 -2.569229,43.244973,436.017 -2.569227,43.244949,436.209 -2.569227,43.244929,436.427 -2.569226,43.244906,436.699 -2.569225,43.244883,436.884 -2.569227,43.244860,437.095 -2.569229,43.244836,437.212 -2.569231,43.244811,437.667 -2.569235,43.244787,437.872 -2.569241,43.244762,438.281 -2.569250,43.244740,438.470 -2.569257,43.244719,438.842 -2.569265,43.244698,439.022 -2.569272,43.244676,439.414 -2.569277,43.244654,439.809 -2.569292,43.244633,440.046 -2.569303,43.244611,440.438 -2.569316,43.244588,440.693 -2.569332,43.244565,440.894 -2.569349,43.244547,441.021 -2.569363,43.244526,441.246 -2.569378,43.244503,441.691 -2.569393,43.244484,441.820 -2.569412,43.244465,442.239 -2.569433,43.244448,442.459 -2.569453,43.244430,442.803 -2.569468,43.244409,443.223 -2.569483,43.244389,443.409 -2.569495,43.244371,443.867 -2.569510,43.244352,444.099 -2.569522,43.244332,444.294 -2.569539,43.244314,444.445 -2.569556,43.244292,444.622 -2.569569,43.244271,444.847 -2.569585,43.244254,445.082 -2.569603,43.244235,445.251 -2.569619,43.244214,445.460 -2.569631,43.244192,445.635 -2.569645,43.244171,446.086 -2.569664,43.244154,446.214 -2.569681,43.244134,446.609 -2.569699,43.244113,446.895 -2.569715,43.244096,447.097 -2.569734,43.244079,447.462 -2.569758,43.244063,447.683 -2.569779,43.244044,448.090 -2.569803,43.244026,448.685 -2.569830,43.244009,448.890 -2.569850,43.243988,449.039 -2.569867,43.243970,449.478 -2.569888,43.243955,449.672 -2.569908,43.243939,450.013 -2.569927,43.243923,450.414 -2.569943,43.243905,450.809 -2.569955,43.243883,450.899 -2.569977,43.243864,451.291 -2.569993,43.243847,451.446 -2.570004,43.243828,451.677 -2.570019,43.243805,452.084 -2.570031,43.243783,452.079 -2.570047,43.243763,452.484 -2.570066,43.243744,452.623 -2.570084,43.243728,452.812 -2.570098,43.243710,453.216 -2.570111,43.243688,453.476 -2.570130,43.243672,453.813 -2.570146,43.243657,454.009 -2.570157,43.243641,454.453 -2.570177,43.243619,454.615 -2.570204,43.243601,454.890 -2.570219,43.243584,455.011 -2.570231,43.243568,455.248 -2.570240,43.243548,455.223 -2.570246,43.243526,455.468 -2.570248,43.243497,455.667 -2.570254,43.243470,455.846 -2.570257,43.243440,456.095 -2.570256,43.243411,456.249 -2.570255,43.243382,456.423 -2.570256,43.243353,456.609 -2.570253,43.243325,456.831 -2.570251,43.243299,457.083 -2.570250,43.243273,457.058 -2.570246,43.243247,457.229 -2.570244,43.243220,457.476 -2.570238,43.243193,457.611 -2.570232,43.243169,458.016 -2.570228,43.243141,458.295 -2.570221,43.243117,458.644 -2.570215,43.243091,458.852 -2.570208,43.243067,459.053 -2.570201,43.243044,459.408 -2.570194,43.243021,459.809 -2.570189,43.243000,460.087 -2.570183,43.242982,460.239 -2.570178,43.242962,460.454 -2.570168,43.242939,460.635 -2.570159,43.242918,460.822 -2.570152,43.242897,461.067 -2.570138,43.242876,461.412 -2.570124,43.242848,461.611 -2.570121,43.242822,462.020 -2.570125,43.242801,462.695 -2.570134,43.242782,463.049 -2.570155,43.242763,463.423 -2.570180,43.242750,463.809 -2.570209,43.242745,464.281 -2.570240,43.242744,464.493 -2.570268,43.242747,464.848 -2.570295,43.242749,465.069 -2.570325,43.242754,465.286 -2.570351,43.242768,465.611 -2.570379,43.242777,465.816 -2.570401,43.242788,466.295 -2.570424,43.242801,466.614 -2.570441,43.242811,467.054 -2.570460,43.242818,467.256 -2.570485,43.242828,467.611 -2.570506,43.242838,468.009 -2.570525,43.242852,468.227 -2.570545,43.242864,468.669 -2.570566,43.242877,468.894 -2.570587,43.242888,469.075 -2.570608,43.242893,469.462 -2.570633,43.242903,469.837 -2.570656,43.242911,470.262 -2.570679,43.242921,470.411 -2.570703,43.242930,470.630 -2.570725,43.242935,471.068 -2.570750,43.242939,471.242 -2.570772,43.242946,471.626 -2.570791,43.242954,472.009 -2.570814,43.242960,472.658 -2.570838,43.242968,473.010 -2.570860,43.242974,473.425 -2.570881,43.242982,473.886 -2.570900,43.242989,474.223 -2.570920,43.242993,474.658 -2.570940,43.242998,475.083 -2.570961,43.243005,475.422 -2.570983,43.243012,475.821 -2.571001,43.243017,476.219 -2.571021,43.243024,476.409 -2.571043,43.243032,476.619 -2.571068,43.243041,476.809 -2.571094,43.243051,477.013 -2.571117,43.243060,477.215 -2.571141,43.243065,477.650 -2.571163,43.243071,478.041 -2.571183,43.243079,478.448 -2.571202,43.243088,478.893 -2.571220,43.243095,479.258 -2.571238,43.243107,479.697 -2.571252,43.243118,479.816 -2.571270,43.243125,480.044 -2.571287,43.243135,480.005 -2.571303,43.243142,480.415 -2.571321,43.243147,480.609 -2.571346,43.243152,481.096 -2.571366,43.243155,481.258 -2.571389,43.243156,481.643 -2.571415,43.243159,482.044 -2.571438,43.243160,482.221 -2.571466,43.243159,482.646 -2.571493,43.243159,482.841 -2.571517,43.243159,483.080 -2.571543,43.243161,483.299 -2.571559,43.243156,483.466 -2.571580,43.243157,483.829 -2.571602,43.243158,484.221 -2.571624,43.243160,484.409 -2.571647,43.243157,484.898 -2.571671,43.243157,485.080 -2.571696,43.243153,485.425 -2.571720,43.243148,485.466 -2.571741,43.243144,485.653 -2.571763,43.243141,485.878 -2.571788,43.243136,486.293 -2.571812,43.243130,486.662 -2.571834,43.243121,487.091 -2.571854,43.243112,487.463 -2.571874,43.243104,487.844 -2.571892,43.243095,488.018 -2.571915,43.243084,488.209 -2.571932,43.243073,488.618 -2.571953,43.243057,488.810 -2.571968,43.243043,489.035 -2.571985,43.243032,489.286 -2.571996,43.243018,489.433 -2.572013,43.243001,489.418 -2.572031,43.242984,489.613 -2.572050,43.242971,489.842 -2.572070,43.242957,490.291 -2.572083,43.242941,490.619 -2.572094,43.242922,491.009 -2.572105,43.242907,491.419 -2.572119,43.242889,491.809 -2.572134,43.242873,492.063 -2.572149,43.242857,492.295 -2.572164,43.242843,492.690 -2.572176,43.242827,492.671 -2.572187,43.242810,493.028 -2.572199,43.242793,493.263 -2.572219,43.242776,493.478 -2.572238,43.242759,493.417 -2.572251,43.242742,493.616 -2.572265,43.242724,493.877 -2.572277,43.242705,493.861 -2.572290,43.242686,494.227 -2.572306,43.242668,494.409 -2.572323,43.242655,494.669 -2.572343,43.242640,494.871 -2.572364,43.242624,495.056 -2.572386,43.242615,495.257 -2.572387,43.242604,495.464 -2.572389,43.242603,495.489 -2.572389,43.242603,495.434 -2.572385,43.242597,495.283 -2.572393,43.242599,495.292 -2.572398,43.242595,495.287 -2.572400,43.242592,495.242 -2.572407,43.242596,495.026 -2.572407,43.242595,495.009 -2.572411,43.242596,495.060 -2.572411,43.242596,495.092 -2.572411,43.242596,495.077 -2.572410,43.242596,495.058 -2.572410,43.242598,494.835 -2.572411,43.242596,494.870 -2.572411,43.242596,494.645 -2.572411,43.242596,494.654 -2.572411,43.242596,494.413 -2.572411,43.242596,494.411 -2.572411,43.242596,494.421 -2.572411,43.242596,494.203 -2.572411,43.242596,494.209 -2.572411,43.242596,494.053 -2.572411,43.242596,494.085 -2.572411,43.242596,493.860 -2.572411,43.242596,493.841 -2.572411,43.242596,493.688 -2.572411,43.242596,493.663 -2.572411,43.242596,493.688 -2.572411,43.242596,493.667 -2.572411,43.242596,493.656 -2.572411,43.242596,493.611 -2.572411,43.242596,493.621 -2.572411,43.242596,493.603 -2.572411,43.242596,493.609 -2.572411,43.242596,493.493 -2.572411,43.242596,493.485 -2.572411,43.242596,493.250 -2.572411,43.242596,493.091 -2.572411,43.242596,493.098 -2.572411,43.242596,493.073 -2.572411,43.242596,492.888 -2.572411,43.242596,492.867 -2.572411,43.242596,492.636 -2.572411,43.242596,492.691 -2.572411,43.242596,492.681 -2.572411,43.242596,492.619 -2.572411,43.242596,492.409 -2.572411,43.242596,492.481 -2.572411,43.242596,492.483 -2.572411,43.242596,492.438 -2.572411,43.242596,492.429 -2.572411,43.242596,492.426 -2.572411,43.242596,492.441 -2.572411,43.242596,492.486 -2.572409,43.242603,492.475 -2.572416,43.242609,492.474 -2.572411,43.242606,492.497 -2.572405,43.242603,492.423 -2.572403,43.242600,492.425 -2.572411,43.242596,492.409 -2.572411,43.242596,492.431 -2.572411,43.242596,492.493 -2.572411,43.242596,492.288 -2.572411,43.242596,492.269 -2.572405,43.242601,492.266 -2.572414,43.242585,492.221 -2.572425,43.242567,492.466 -2.572448,43.242551,492.835 -2.572465,43.242528,493.214 -2.572495,43.242513,493.435 -2.572520,43.242500,493.886 -2.572547,43.242486,494.214 -2.572573,43.242475,494.609 -2.572602,43.242466,495.065 -2.572635,43.242458,495.457 -2.572671,43.242454,495.892 -2.572708,43.242453,496.063 -2.572742,43.242450,496.230 -2.572779,43.242451,496.465 -2.572820,43.242453,496.620 -2.572871,43.242455,496.889 -2.572913,43.242459,496.878 -2.572950,43.242462,497.041 -2.572993,43.242464,497.281 -2.573034,43.242467,497.409 -2.573071,43.242469,497.609 -2.573114,43.242471,497.846 -2.573154,43.242473,498.018 -2.573193,43.242475,498.013 -2.573235,43.242478,498.264 -2.573272,43.242479,498.221 -2.573311,43.242478,498.636 -2.573350,43.242478,498.881 -2.573390,43.242478,499.050 -2.573423,43.242478,499.229 -2.573458,43.242475,499.429 -2.573493,43.242467,499.600 -2.573531,43.242458,500.020 -2.573566,43.242450,500.409 -2.573597,43.242439,500.894 -2.573629,43.242426,501.236 -2.573661,43.242408,501.661 -2.573690,43.242386,502.022 -2.573709,43.242364,502.489 -2.573728,43.242348,502.874 -2.573745,43.242329,503.219 -2.573760,43.242309,503.658 -2.573779,43.242292,504.097 -2.573796,43.242274,504.447 -2.573816,43.242258,504.629 -2.573835,43.242245,505.021 -2.573853,43.242231,505.609 -2.573875,43.242216,505.856 -2.573900,43.242207,506.058 -2.573927,43.242201,506.443 -2.573956,43.242196,506.674 -2.573978,43.242191,507.081 -2.574001,43.242184,507.226 -2.574028,43.242176,507.481 -2.574056,43.242169,507.620 -2.574082,43.242162,507.849 -2.574103,43.242156,508.037 -2.574123,43.242150,508.249 -2.574145,43.242140,508.613 -2.574174,43.242130,509.009 -2.574199,43.242120,509.615 -2.574225,43.242113,510.067 -2.574247,43.242103,510.442 -2.574273,43.242091,510.893 -2.574297,43.242079,511.050 -2.574318,43.242068,511.415 -2.574333,43.242056,511.840 -2.574352,43.242044,512.089 -2.574372,43.242031,512.418 -2.574390,43.242019,512.847 -2.574405,43.242003,513.229 -2.574416,43.241986,513.621 -2.574425,43.241970,513.809 -2.574429,43.241953,514.046 -2.574432,43.241936,514.458 -2.574430,43.241917,514.823 -2.574425,43.241898,515.214 -2.574422,43.241873,515.671 -2.574417,43.241851,515.876 -2.574416,43.241828,516.251 -2.574420,43.241808,516.210 -2.574423,43.241789,516.449 -2.574425,43.241765,516.628 -2.574430,43.241744,516.889 -2.574441,43.241725,517.017 -2.574454,43.241708,517.209 -2.574467,43.241692,517.434 -2.574476,43.241672,517.646 -2.574489,43.241649,517.881 -2.574501,43.241630,518.012 -2.574508,43.241611,518.449 -2.574514,43.241589,518.824 -2.574523,43.241569,519.279 -2.574530,43.241552,519.458 -2.574537,43.241535,519.847 -2.574540,43.241515,520.218 -2.574549,43.241495,520.698 -2.574559,43.241476,520.817 -2.574568,43.241455,521.409 -2.574584,43.241433,521.893 -2.574605,43.241414,522.035 -2.574622,43.241395,522.490 -2.574644,43.241379,522.871 -2.574663,43.241364,523.048 -2.574690,43.241353,523.443 -2.574713,43.241343,523.628 -2.574742,43.241335,524.047 -2.574768,43.241327,524.496 -2.574797,43.241320,524.654 -2.574825,43.241318,524.856 -2.574850,43.241314,525.011 -2.574873,43.241309,525.209 -2.574897,43.241300,525.677 -2.574923,43.241293,525.879 -2.574943,43.241282,526.284 -2.574973,43.241272,526.435 -2.574998,43.241265,527.032 -2.575026,43.241254,527.417 -2.575045,43.241240,527.692 -2.575068,43.241226,527.811 -2.575092,43.241209,528.040 -2.575114,43.241196,528.233 -2.575136,43.241181,528.423 -2.575158,43.241161,528.415 -2.575171,43.241141,528.609 -2.575175,43.241125,529.085 -2.575179,43.241107,529.257 -2.575181,43.241088,529.682 -2.575181,43.241066,530.013 -2.575183,43.241046,530.210 -2.575182,43.241025,530.485 -2.575185,43.241003,530.680 -2.575188,43.240981,530.869 -2.575187,43.240957,531.028 -2.575191,43.240934,531.239 -2.575197,43.240911,531.401 -2.575209,43.240889,531.421 -2.575217,43.240865,531.609 -2.575231,43.240841,531.685 -2.575242,43.240819,531.697 -2.575258,43.240797,531.672 -2.575277,43.240776,531.893 -2.575299,43.240756,531.840 -2.575316,43.240738,532.015 -2.575333,43.240718,532.280 -2.575350,43.240695,532.229 -2.575365,43.240674,532.438 -2.575376,43.240652,532.445 -2.575384,43.240627,532.647 -2.575390,43.240602,532.811 -2.575397,43.240580,533.009 -2.575411,43.240555,533.276 -2.575435,43.240537,533.618 -2.575468,43.240527,533.823 -2.575502,43.240525,534.054 -2.575534,43.240530,534.271 -2.575563,43.240545,534.486 -2.575577,43.240568,534.881 -2.575582,43.240591,535.290 -2.575586,43.240615,535.649 -2.575582,43.240639,536.013 -2.575579,43.240659,536.443 -2.575579,43.240678,536.807 -2.575576,43.240695,537.209 -2.575569,43.240710,537.623 -2.575565,43.240730,537.845 -2.575558,43.240750,538.040 -2.575552,43.240771,538.261 -2.575545,43.240794,538.688 -2.575544,43.240812,538.653 -2.575546,43.240828,539.278 -2.575538,43.240847,539.617 -2.575538,43.240869,540.296 -2.575544,43.240890,541.026 -2.575542,43.240911,541.447 -2.575537,43.240930,541.811 -2.575542,43.240951,542.409 -2.575545,43.240972,542.854 -2.575548,43.240993,543.256 -2.575553,43.241014,543.821 -2.575554,43.241035,544.212 -2.575554,43.241052,544.669 -2.575569,43.241069,544.824 -2.575570,43.241082,545.229 -2.575570,43.241099,545.688 -2.575579,43.241120,546.277 -2.575583,43.241140,546.896 -2.575585,43.241159,547.031 -2.575587,43.241177,547.624 -2.575587,43.241197,548.009 -2.575586,43.241220,548.271 -2.575586,43.241244,548.473 -2.575585,43.241263,548.888 -2.575583,43.241283,549.229 -2.575582,43.241303,549.656 -2.575582,43.241325,550.281 -2.575578,43.241344,550.616 -2.575576,43.241362,551.215 -2.575573,43.241380,551.664 -2.575574,43.241398,552.032 -2.575571,43.241416,552.292 -2.575567,43.241435,552.411 -2.575563,43.241455,552.609 -2.575559,43.241475,553.075 -2.575551,43.241499,553.477 -2.575546,43.241523,553.852 -2.575537,43.241542,554.443 -2.575529,43.241564,554.890 -2.575520,43.241584,555.245 -2.575510,43.241603,555.820 -2.575497,43.241621,556.019 -2.575485,43.241638,556.448 -2.575480,43.241657,556.899 -2.575471,43.241676,557.207 -2.575464,43.241694,557.627 -2.575458,43.241712,558.009 -2.575449,43.241731,558.411 -2.575441,43.241748,558.893 -2.575433,43.241766,559.228 -2.575422,43.241788,559.619 -2.575414,43.241806,560.036 -2.575404,43.241824,560.211 -2.575393,43.241842,560.636 -2.575385,43.241861,560.835 -2.575376,43.241881,561.274 -2.575368,43.241897,561.499 -2.575362,43.241914,561.807 -2.575353,43.241935,562.027 -2.575345,43.241956,562.409 -2.575339,43.241976,562.661 -2.575333,43.241993,562.683 -2.575332,43.242014,563.038 -2.575327,43.242032,563.269 -2.575328,43.242051,563.426 -2.575327,43.242070,563.661 -2.575324,43.242090,564.046 -2.575325,43.242113,564.255 -2.575325,43.242134,564.234 -2.575323,43.242153,564.499 -2.575327,43.242172,564.607 -2.575335,43.242191,564.627 -2.575339,43.242211,564.809 -2.575340,43.242235,565.041 -2.575338,43.242257,565.293 -2.575336,43.242279,565.488 -2.575331,43.242303,565.699 -2.575326,43.242328,565.886 -2.575316,43.242350,565.841 -2.575306,43.242375,566.066 -2.575296,43.242398,566.285 -2.575285,43.242421,566.474 -2.575275,43.242444,566.623 -2.575264,43.242466,567.083 -2.575256,43.242487,567.211 -2.575248,43.242511,567.209 -2.575239,43.242537,567.414 -2.575231,43.242560,567.446 -2.575223,43.242584,567.611 -2.575213,43.242611,567.892 -2.575204,43.242637,568.049 -2.575196,43.242660,568.024 -2.575188,43.242683,568.079 -2.575175,43.242706,568.218 -2.575169,43.242729,568.237 -2.575155,43.242750,568.484 -2.575140,43.242775,568.607 -2.575121,43.242800,569.017 -2.575102,43.242820,569.209 -2.575082,43.242842,569.690 -2.575069,43.242864,569.892 -2.575048,43.242882,570.047 -2.575021,43.242895,570.038 -2.574991,43.242908,570.495 -2.574962,43.242920,570.630 -2.574933,43.242931,571.015 -2.574903,43.242939,571.294 -2.574872,43.242946,571.433 -2.574842,43.242953,571.638 -2.574807,43.242959,571.870 -2.574777,43.242969,572.017 -2.574751,43.242982,572.209 -2.574723,43.242996,572.625 -2.574696,43.243010,572.847 -2.574675,43.243025,573.052 -2.574657,43.243045,573.283 -2.574637,43.243067,573.290 -2.574619,43.243090,573.295 -2.574605,43.243114,573.050 -2.574587,43.243138,573.229 -2.574567,43.243161,573.428 -2.574545,43.243180,573.478 -2.574523,43.243199,573.633 -2.574502,43.243220,573.826 -2.574482,43.243245,573.809 -2.574462,43.243266,573.829 -2.574436,43.243287,574.081 -2.574407,43.243308,574.046 -2.574384,43.243329,574.277 -2.574365,43.243355,574.484 -2.574350,43.243370,574.839 -2.574336,43.243385,575.014 -2.574313,43.243404,575.263 -2.574291,43.243424,575.622 -2.574270,43.243443,576.259 -2.574249,43.243460,576.603 -2.574229,43.243475,576.823 -2.574207,43.243492,577.209 -2.574189,43.243515,577.617 -2.574184,43.243538,577.869 -2.574191,43.243563,578.024 -2.574209,43.243577,578.285 -2.574235,43.243578,578.472 -2.574263,43.243570,578.467 -2.574288,43.243559,578.462 -2.574321,43.243546,578.681 -2.574355,43.243536,578.630 -2.574390,43.243521,578.669 -2.574426,43.243501,578.604 -2.574459,43.243486,578.824 -2.574497,43.243478,579.009 -2.574530,43.243467,579.028 -2.574568,43.243457,579.450 -2.574602,43.243448,579.855 -2.574642,43.243439,580.026 -2.574677,43.243432,580.423 -2.574708,43.243425,580.618 -2.574737,43.243417,581.073 -2.574773,43.243412,581.492 -2.574806,43.243408,581.661 -2.574835,43.243403,581.861 -2.574863,43.243399,582.021 -2.574897,43.243397,582.013 -2.574932,43.243393,582.209 -2.574963,43.243397,582.468 -2.574992,43.243395,582.680 -2.575028,43.243395,582.865 -2.575061,43.243393,583.296 -2.575097,43.243394,583.463 -2.575129,43.243392,583.658 -2.575155,43.243392,584.063 -2.575185,43.243391,584.492 -2.575210,43.243391,584.881 -2.575236,43.243391,585.238 -2.575267,43.243390,585.870 -2.575294,43.243390,586.017 -2.575320,43.243389,586.409 -2.575348,43.243390,586.815 -2.575372,43.243389,587.037 -2.575396,43.243387,587.462 -2.575422,43.243384,587.873 -2.575447,43.243382,588.220 -2.575473,43.243379,588.685 -2.575502,43.243378,589.020 -2.575529,43.243375,589.439 -2.575552,43.243373,589.878 -2.575579,43.243368,589.888 -2.575607,43.243364,590.024 -2.575632,43.243362,590.426 -2.575657,43.243359,590.409 -2.575685,43.243354,590.610 -2.575710,43.243349,591.092 -2.575739,43.243345,591.237 -2.575765,43.243343,591.458 -2.575790,43.243339,591.865 -2.575820,43.243337,591.890 -2.575846,43.243340,592.065 -2.575873,43.243339,592.464 -2.575900,43.243337,592.653 -2.575926,43.243334,593.012 -2.575952,43.243331,593.632 -2.575976,43.243327,594.005 -2.575997,43.243326,594.409 -2.576021,43.243324,594.673 -2.576050,43.243320,594.855 -2.576075,43.243316,595.040 -2.576100,43.243311,595.021 -2.576124,43.243311,595.448 -2.576150,43.243307,595.673 -2.576178,43.243303,595.818 -2.576204,43.243300,596.057 -2.576227,43.243298,596.476 -2.576250,43.243296,596.639 -2.576272,43.243293,596.801 -2.576299,43.243290,597.221 -2.576324,43.243285,597.609 -2.576351,43.243279,597.855 -2.576381,43.243273,598.057 -2.576411,43.243270,598.242 -2.576440,43.243267,598.453 -2.576468,43.243269,598.880 -2.576496,43.243268,599.095 -2.576524,43.243262,599.480 -2.576549,43.243257,599.849 -2.576577,43.243254,600.028 -2.576603,43.243253,600.268 -2.576627,43.243251,600.442 -2.576652,43.243246,600.626 -2.576681,43.243242,600.809 -2.576712,43.243239,601.018 -2.576737,43.243232,601.280 -2.576765,43.243228,601.245 -2.576796,43.243224,601.246 -2.576834,43.243223,601.473 -2.576870,43.243222,601.448 -2.576908,43.243222,601.463 -2.576944,43.243221,601.642 -2.576978,43.243213,601.621 -2.577013,43.243206,601.833 -2.577050,43.243199,602.023 -2.577086,43.243195,602.015 -2.577134,43.243189,602.009 -2.577188,43.243184,602.045 -2.577250,43.243176,601.667 -2.577320,43.243167,600.682 -2.577396,43.243156,600.223 -2.577478,43.243141,599.270 -2.577563,43.243122,598.415 -2.577651,43.243099,597.660 -2.577729,43.243074,597.279 -2.577804,43.243043,597.028 -2.577875,43.243014,597.056 -2.577947,43.242987,596.859 -2.578015,43.242951,597.014 -2.578075,43.242919,598.409 -2.578140,43.242881,598.477 -2.578199,43.242841,598.299 -2.578260,43.242798,598.064 -2.578318,43.242757,597.635 -2.578368,43.242715,596.852 -2.578411,43.242677,597.087 -2.578459,43.242644,597.092 -2.578511,43.242614,597.241 -2.578573,43.242581,597.210 -2.578640,43.242543,597.023 -2.578717,43.242508,595.883 -2.578801,43.242475,595.411 -2.578880,43.242437,595.409 -2.578954,43.242393,595.414 -2.579033,43.242351,595.256 -2.579108,43.242311,595.011 -2.579185,43.242282,594.422 -2.579270,43.242251,593.499 -2.579355,43.242213,592.824 -2.579441,43.242175,592.419 -2.579528,43.242137,591.848 -2.579614,43.242094,591.867 -2.579696,43.242047,591.861 -2.579777,43.242001,591.421 -2.579855,43.241961,591.013 -2.579930,43.241922,591.009 -2.580009,43.241884,590.668 -2.580090,43.241848,590.470 -2.580165,43.241813,590.425 -2.580235,43.241778,590.086 -2.580307,43.241749,589.693 -2.580373,43.241715,589.878 -2.580450,43.241682,590.093 -2.580520,43.241649,590.072 -2.580585,43.241619,590.461 -2.580642,43.241597,590.657 -2.580696,43.241582,590.600 -2.580746,43.241570,591.020 -2.580787,43.241558,591.409 -2.580828,43.241544,591.677 -2.580874,43.241529,591.899 -2.580919,43.241515,591.814 -2.580965,43.241500,592.295 -2.581012,43.241488,592.432 -2.581058,43.241474,592.817 -2.581096,43.241458,593.012 -2.581131,43.241444,593.671 -2.581167,43.241427,594.020 -2.581198,43.241407,594.269 -2.581228,43.241386,594.204 -2.581257,43.241360,594.224 -2.581285,43.241325,594.209 -2.581306,43.241282,593.828 -2.581316,43.241232,593.430 -2.581324,43.241181,592.865 -2.581325,43.241129,592.276 -2.581319,43.241075,592.083 -2.581323,43.241018,591.688 -2.581327,43.240961,591.413 -2.581331,43.240904,591.432 -2.581335,43.240845,591.071 -2.581337,43.240788,590.815 -2.581336,43.240733,590.865 -2.581333,43.240675,590.811 -2.581331,43.240616,590.809 -2.581325,43.240556,590.853 -2.581324,43.240494,590.485 -2.581324,43.240430,589.890 -2.581325,43.240364,589.221 -2.581326,43.240298,589.098 -2.581330,43.240235,588.823 -2.581340,43.240165,588.258 -2.581356,43.240097,587.877 -2.581377,43.240026,587.836 -2.581404,43.239956,587.232 -2.581435,43.239892,586.892 -2.581468,43.239832,586.811 -2.581498,43.239775,587.009 -2.581537,43.239725,587.225 -2.581572,43.239678,587.817 -2.581600,43.239629,588.012 -2.581616,43.239578,588.473 -2.581633,43.239530,588.670 -2.581655,43.239484,588.625 -2.581681,43.239439,588.440 -2.581705,43.239395,588.419 -2.581728,43.239352,588.668 -2.581751,43.239308,588.875 -2.581774,43.239266,588.828 -2.581790,43.239226,588.820 -2.581804,43.239185,589.009 -2.581815,43.239144,589.299 -2.581827,43.239101,589.261 -2.581835,43.239058,589.646 -2.581846,43.239019,590.057 -2.581854,43.238983,590.424 -2.581869,43.238953,590.679 -2.581881,43.238924,591.034 -2.581888,43.238889,591.483 -2.581899,43.238858,591.662 -2.581915,43.238827,592.058 -2.581933,43.238798,592.252 -2.581949,43.238767,592.417 -2.581968,43.238738,592.409 -2.581986,43.238706,592.657 -2.582003,43.238676,592.869 -2.582025,43.238647,593.024 -2.582047,43.238616,593.265 -2.582073,43.238587,593.252 -2.582092,43.238557,593.217 -2.582113,43.238527,593.232 -2.582125,43.238493,593.481 -2.582150,43.238459,593.420 -2.582173,43.238426,593.692 -2.582199,43.238396,594.073 -2.582227,43.238364,594.020 -2.582258,43.238332,594.009 -2.582292,43.238305,594.211 -2.582326,43.238272,594.473 -2.582353,43.238241,594.678 -2.582377,43.238211,594.699 -2.582410,43.238181,595.266 -2.582440,43.238151,595.441 -2.582468,43.238122,595.846 -2.582498,43.238092,596.085 -2.582524,43.238060,596.414 -2.582549,43.238027,596.863 -2.582570,43.237992,597.044 -2.582586,43.237957,597.218 -2.582603,43.237921,597.609 -2.582618,43.237884,597.648 -2.582629,43.237847,597.610 -2.582637,43.237809,597.865 -2.582645,43.237771,597.876 -2.582654,43.237734,597.843 -2.582664,43.237697,598.048 -2.582676,43.237662,598.283 -2.582694,43.237630,598.632 -2.582714,43.237598,599.011 -2.582735,43.237566,599.277 -2.582754,43.237536,599.661 -2.582776,43.237505,600.027 -2.582795,43.237474,600.209 -2.582814,43.237444,600.469 -2.582833,43.237412,600.831 -2.582851,43.237382,601.066 -2.582872,43.237353,601.297 -2.582894,43.237328,601.664 -2.582914,43.237305,602.069 -2.582928,43.237280,602.284 -2.582944,43.237256,602.443 -2.582959,43.237235,602.622 -2.582975,43.237211,602.667 -2.582989,43.237181,602.481 -2.583003,43.237156,602.219 -2.583013,43.237139,602.009 -2.583012,43.237117,601.838 -2.583004,43.237097,601.450 -2.583001,43.237072,601.415 -2.582999,43.237044,601.266 -2.582991,43.237014,600.883 -2.582985,43.236979,600.638 -2.582991,43.236940,600.493 -2.583009,43.236898,599.882 -2.583032,43.236855,599.251 -2.583061,43.236810,598.831 -2.583095,43.236766,598.461 -2.583134,43.236721,598.207 -2.583172,43.236674,598.209 -2.583212,43.236629,598.285 -2.583260,43.236586,598.077 -2.583308,43.236545,598.232 -2.583354,43.236503,598.263 -2.583403,43.236460,598.260 -2.583455,43.236415,598.475 -2.583505,43.236371,598.490 -2.583550,43.236327,598.459 -2.583597,43.236283,598.048 -2.583645,43.236238,597.678 -2.583693,43.236189,597.233 -2.583735,43.236136,596.626 -2.583771,43.236079,596.409 -2.583819,43.236021,596.469 -2.583888,43.235974,596.261 -2.583971,43.235937,596.236 -2.584067,43.235907,596.297 -2.584177,43.235882,595.644 -2.584294,43.235870,595.069 -2.584419,43.235874,594.624 -2.584546,43.235885,593.893 -2.584675,43.235895,593.412 -2.584806,43.235907,592.451 -2.584939,43.235924,591.201 -2.585073,43.235935,590.611 -2.585207,43.235943,590.009 -2.585342,43.235950,589.857 -2.585475,43.235966,588.879 -2.585605,43.235984,588.214 -2.585732,43.236007,586.675 -2.585856,43.236032,585.082 -2.585976,43.236061,583.887 -2.586099,43.236096,583.222 -2.586219,43.236134,582.821 -2.586339,43.236175,582.480 -2.586455,43.236219,581.635 -2.586570,43.236264,580.686 -2.586695,43.236304,580.214 -2.586822,43.236337,580.009 -2.586951,43.236357,580.065 -2.587086,43.236367,580.287 -2.587219,43.236370,580.452 -2.587359,43.236366,580.433 -2.587500,43.236348,579.410 -2.587637,43.236319,578.685 -2.587772,43.236278,577.420 -2.587898,43.236222,575.839 -2.588005,43.236156,574.878 -2.588094,43.236085,573.848 -2.588163,43.236012,573.661 -2.588214,43.235936,573.817 -2.588250,43.235857,574.409 -2.588279,43.235782,575.096 -2.588310,43.235711,575.498 -2.588347,43.235647,575.883 -2.588390,43.235591,575.834 -2.588438,43.235546,575.881 -2.588492,43.235513,575.866 -2.588554,43.235490,576.061 -2.588621,43.235482,576.090 -2.588685,43.235480,576.249 -2.588751,43.235481,576.291 -2.588814,43.235487,576.481 -2.588876,43.235496,576.619 -2.588943,43.235508,576.809 -2.589003,43.235524,577.071 -2.589064,43.235541,577.213 -2.589121,43.235557,577.458 -2.589178,43.235573,577.649 -2.589236,43.235590,577.656 -2.589296,43.235609,577.651 -2.589360,43.235627,577.676 -2.589428,43.235648,577.485 -2.589495,43.235668,577.074 -2.589568,43.235691,576.861 -2.589648,43.235714,576.421 -2.589731,43.235736,575.813 -2.589822,43.235760,575.209 -2.589913,43.235785,574.818 -2.590010,43.235813,574.040 -2.590111,43.235840,573.455 -2.590215,43.235867,573.046 -2.590322,43.235897,572.693 -2.590423,43.235935,572.288 -2.590514,43.235983,571.863 -2.590593,43.236036,571.492 -2.590667,43.236093,571.261 -2.590729,43.236155,571.419 -2.590788,43.236218,571.209 -2.590845,43.236282,571.219 -2.590907,43.236346,570.809 -2.590978,43.236407,570.443 -2.591057,43.236468,569.825 -2.591144,43.236529,569.040 -2.591237,43.236587,568.061 -2.591334,43.236643,567.288 -2.591441,43.236692,566.683 -2.591559,43.236733,565.628 -2.591679,43.236766,565.017 -2.591797,43.236790,564.876 -2.591919,43.236804,564.232 -2.592039,43.236819,563.892 -2.592157,43.236827,563.611 -2.592270,43.236829,564.009 -2.592384,43.236836,564.025 -2.592493,43.236847,564.067 -2.592608,43.236868,564.242 -2.592719,43.236897,564.283 -2.592822,43.236929,564.230 -2.592929,43.236962,563.835 -2.593034,43.236998,563.650 -2.593143,43.237025,563.439 -2.593259,43.237045,563.058 -2.593373,43.237062,562.458 -2.593488,43.237081,562.252 -2.593603,43.237100,562.017 -2.593713,43.237114,561.809 -2.593830,43.237124,561.617 -2.593946,43.237127,561.499 -2.594057,43.237127,561.284 -2.594166,43.237127,561.295 -2.594270,43.237126,561.262 -2.594371,43.237131,561.467 -2.594467,43.237155,561.682 -2.594548,43.237191,561.891 -2.594612,43.237240,562.060 -2.594644,43.237297,562.283 -2.594654,43.237355,562.625 -2.594657,43.237411,563.017 -2.594655,43.237467,563.409 -2.594650,43.237521,563.850 -2.594653,43.237571,564.032 -2.594657,43.237617,564.437 -2.594656,43.237661,564.628 -2.594657,43.237704,564.855 -2.594658,43.237749,565.280 -2.594667,43.237793,565.635 -2.594682,43.237836,565.874 -2.594708,43.237878,565.813 -2.594730,43.237923,565.862 -2.594760,43.237966,565.683 -2.594790,43.238010,565.411 -2.594827,43.238058,565.009 -2.594869,43.238108,564.648 -2.594920,43.238148,564.220 -2.594984,43.238188,563.645 -2.595058,43.238229,563.086 -2.595144,43.238258,562.453 -2.595232,43.238286,561.698 -2.595322,43.238316,561.073 -2.595428,43.238339,560.432 -2.595541,43.238358,559.431 -2.595659,43.238374,558.879 -2.595779,43.238383,558.005 -2.595914,43.238391,556.625 -2.596049,43.238393,555.809 -2.596190,43.238385,554.419 -2.596335,43.238372,553.471 -2.596482,43.238347,552.436 -2.596625,43.238315,551.087 -2.596764,43.238272,550.064 -2.596903,43.238218,549.259 -2.597039,43.238156,548.044 -2.597166,43.238093,547.453 -2.597276,43.238024,547.272 -2.597378,43.237958,547.093 -2.597478,43.237894,547.065 -2.597574,43.237839,547.421 -2.597673,43.237798,548.009 -2.597765,43.237767,548.451 -2.597846,43.237742,549.033 -2.597914,43.237720,549.638 -2.597971,43.237703,550.089 -2.598015,43.237689,550.636 -2.598055,43.237675,551.261 -2.598098,43.237660,551.696 -2.598138,43.237646,552.095 -2.598182,43.237638,552.434 -2.598224,43.237628,552.822 -2.598267,43.237613,553.062 -2.598311,43.237595,553.208 -2.598355,43.237581,553.409 -2.598397,43.237571,553.884 -2.598442,43.237562,554.016 -2.598487,43.237552,554.241 -2.598529,43.237538,554.492 -2.598572,43.237521,554.629 -2.598616,43.237506,554.864 -2.598659,43.237491,554.829 -2.598702,43.237477,555.098 -2.598747,43.237463,555.287 -2.598794,43.237452,555.454 -2.598841,43.237442,555.456 -2.598889,43.237431,555.611 -2.598940,43.237420,555.609 -2.598994,43.237412,555.667 -2.599047,43.237407,555.639 -2.599102,43.237403,555.854 -2.599158,43.237399,556.075 -2.599206,43.237393,556.012 -2.599261,43.237383,556.217 -2.599316,43.237368,556.222 -2.599372,43.237355,556.291 -2.599430,43.237344,556.240 -2.599493,43.237332,556.084 -2.599558,43.237319,556.207 -2.599626,43.237305,556.217 -2.599696,43.237290,556.009 -2.599760,43.237274,555.860 -2.599832,43.237255,555.672 -2.599898,43.237234,555.497 -2.599968,43.237216,555.218 -2.600039,43.237199,555.275 -2.600105,43.237180,555.020 -2.600172,43.237158,555.065 -2.600239,43.237139,555.234 -2.600306,43.237120,555.243 -2.600379,43.237100,555.096 -2.600448,43.237080,555.231 -2.600510,43.237058,555.224 -2.600575,43.237033,555.209 -2.600638,43.237006,555.261 -2.600696,43.236979,555.413 -2.600752,43.236948,555.838 -2.600807,43.236915,555.829 -2.600856,43.236886,556.046 -2.600899,43.236856,556.461 -2.600933,43.236825,556.616 -2.600963,43.236799,557.085 -2.600989,43.236778,557.294 -2.601019,43.236759,557.846 -2.601051,43.236740,558.088 -2.601077,43.236723,558.216 -2.601104,43.236708,558.409 -2.601129,43.236692,558.896 -2.601162,43.236676,559.048 -2.601192,43.236659,559.493 -2.601224,43.236641,559.884 -2.601255,43.236622,560.411 -2.601280,43.236603,560.846 -2.601308,43.236584,561.241 -2.601339,43.236564,561.640 -2.601370,43.236547,561.889 -2.601401,43.236528,561.824 -2.601431,43.236510,561.804 -2.601460,43.236492,562.014 -2.601490,43.236474,562.209 -2.601519,43.236457,562.284 -2.601555,43.236440,562.266 -2.601588,43.236419,562.491 -2.601619,43.236398,562.432 -2.601655,43.236379,562.489 -2.601691,43.236360,562.464 -2.601727,43.236345,562.619 -2.601761,43.236329,562.628 -2.601798,43.236314,562.877 -2.601826,43.236298,563.077 -2.601857,43.236286,563.261 -2.601885,43.236278,563.227 -2.601893,43.236269,563.409 -2.601891,43.236268,563.429 -2.601891,43.236268,563.261 -2.601890,43.236272,563.046 -2.601897,43.236281,563.097 -2.601897,43.236292,562.864 -2.601885,43.236296,562.639 -2.601867,43.236298,562.484 -2.601852,43.236300,562.463 -2.601837,43.236291,562.252 -2.601843,43.236282,562.249 -2.601855,43.236279,562.002 -2.601869,43.236277,561.822 -2.601871,43.236273,561.409 -2.601884,43.236267,561.096 -2.601890,43.236263,560.688 -2.601906,43.236259,560.293 -2.601909,43.236254,559.624 -2.601914,43.236251,559.291 -2.601929,43.236244,558.816 -2.601935,43.236241,558.631 -2.601936,43.236239,558.420 -2.601947,43.236234,558.479 -2.601947,43.236234,558.473 -2.601947,43.236234,558.485 -2.601947,43.236234,558.413 -2.601947,43.236234,558.409 -2.601947,43.236234,558.229 -2.601947,43.236234,558.011 -2.601947,43.236234,558.086 -2.601947,43.236234,557.857 -2.601947,43.236234,557.694 -2.601944,43.236236,557.629 -2.601929,43.236245,557.474 -2.601919,43.236250,557.413 -2.601914,43.236257,557.252 -2.601914,43.236257,557.243 -2.601914,43.236257,557.064 -2.601914,43.236257,557.010 -2.601914,43.236257,556.809 -2.601914,43.236257,556.816 -2.601914,43.236257,556.878 -2.601914,43.236258,556.853 -2.601914,43.236256,556.874 -2.601915,43.236258,556.821 -2.601914,43.236257,556.846 -2.601914,43.236257,556.651 -2.601914,43.236257,556.470 -2.601914,43.236257,556.239 -2.601914,43.236257,556.091 -2.601914,43.236257,555.881 -2.601914,43.236257,555.619 -2.601914,43.236257,555.609 -2.601914,43.236257,555.611 -2.601914,43.236257,555.443 -2.601914,43.236257,555.458 -2.601914,43.236257,555.489 -2.601914,43.236257,555.226 -2.601914,43.236257,555.291 -2.601914,43.236257,555.026 -2.601914,43.236257,554.815 -2.601914,43.236257,554.694 -2.601914,43.236257,554.673 -2.601914,43.236257,554.485 -2.601914,43.236257,554.413 -2.601914,43.236257,554.409 -2.601914,43.236257,554.269 -2.601914,43.236257,554.241 -2.601914,43.236257,554.296 -2.601914,43.236257,554.057 -2.601914,43.236257,553.844 -2.601914,43.236257,553.829 -2.601914,43.236257,553.684 -2.601914,43.236257,553.613 -2.601914,43.236257,553.412 -2.601914,43.236257,553.443 -2.601914,43.236257,553.464 -2.601914,43.236257,553.410 -2.601914,43.236257,553.409 -2.601914,43.236257,553.266 -2.601914,43.236257,553.228 -2.601914,43.236257,553.233 -2.601914,43.236257,553.264 -2.601914,43.236257,553.241 -2.601914,43.236257,553.236 -2.601914,43.236257,553.021 -2.601914,43.236257,553.030 -2.601914,43.236257,552.859 -2.601914,43.236257,552.823 -2.601914,43.236257,552.683 -2.601914,43.236257,552.611 -2.601914,43.236257,552.609 -2.601914,43.236257,552.444 -2.601914,43.236257,552.446 -2.601914,43.236257,552.481 -2.601914,43.236257,552.492 -2.601914,43.236257,552.489 -2.601914,43.236257,552.444 -2.601914,43.236257,552.449 -2.601914,43.236257,552.268 -2.601914,43.236257,552.067 -2.601914,43.236257,552.034 -2.601914,43.236257,551.855 -2.601914,43.236257,551.810 -2.601914,43.236257,551.809 -2.601914,43.236257,551.695 -2.601914,43.236257,551.497 -2.601914,43.236257,551.452 -2.601914,43.236257,551.463 -2.601914,43.236257,551.490 -2.601914,43.236257,551.495 -2.601914,43.236257,551.470 -2.601914,43.236257,551.279 -2.601914,43.236257,551.278 -2.601914,43.236257,551.069 -2.601914,43.236257,551.004 -2.601914,43.236257,550.824 -2.601914,43.236257,550.809 -2.601914,43.236257,551.078 -2.601914,43.236257,551.030 -2.601914,43.236257,551.215 -2.601915,43.236251,551.286 -2.601911,43.236244,551.483 -2.601908,43.236243,551.448 -2.601910,43.236243,551.463 -2.601899,43.236244,551.612 -2.601891,43.236247,551.631 -2.601879,43.236246,551.846 -2.601874,43.236249,551.888 -2.601860,43.236252,552.016 -2.601865,43.236263,552.209 -2.601867,43.236265,552.226 -2.601868,43.236262,552.438 -2.601868,43.236258,552.673 -2.601882,43.236258,552.824 -2.601892,43.236259,553.071 -2.601892,43.236262,553.246 -2.601895,43.236258,553.411 -2.601892,43.236256,553.490 -2.601892,43.236256,553.459 -2.601911,43.236263,553.427 -2.601924,43.236269,553.468 -2.601933,43.236269,553.414 -2.601946,43.236272,553.409 -2.601953,43.236268,553.414 -2.601949,43.236272,553.636 -2.601946,43.236270,553.871 -2.601946,43.236274,553.822 -2.601946,43.236274,554.049 -2.601946,43.236274,554.014 -2.601946,43.236274,554.029 -2.601946,43.236274,553.868 -2.601946,43.236274,553.837 -2.601946,43.236274,553.862 -2.601946,43.236274,553.683 -2.601938,43.236273,553.611 -2.601931,43.236275,553.609 -2.601928,43.236278,553.648 -2.601929,43.236280,553.620 -2.601929,43.236280,553.685 -2.601929,43.236280,553.626 -2.601929,43.236280,553.613 -2.601929,43.236280,553.628 -2.601929,43.236280,553.493 -2.601929,43.236280,553.442 -2.601929,43.236280,553.491 -2.601929,43.236280,553.438 -2.601929,43.236280,553.470 -2.601929,43.236280,553.417 -2.601929,43.236280,553.409 -2.601929,43.236280,553.425 -2.601929,43.236280,553.267 -2.601929,43.236280,553.272 -2.601929,43.236280,553.243 -2.601929,43.236280,553.240 -2.601929,43.236280,553.235 -2.601929,43.236280,553.220 -2.601929,43.236280,553.459 -2.601929,43.236280,553.438 -2.601929,43.236280,553.644 -2.601929,43.236280,553.605 -2.601929,43.236280,553.815 -2.601929,43.236280,553.809 -2.601929,43.236278,553.866 -2.601939,43.236282,553.898 -2.601947,43.236282,553.853 -2.601966,43.236282,554.094 -2.601995,43.236292,554.021 -2.602026,43.236310,553.886 -2.602061,43.236336,553.621 -2.602094,43.236361,553.650 -2.602128,43.236386,553.469 -2.602165,43.236412,553.636 -2.602205,43.236439,554.017 -2.602238,43.236468,554.618 -2.602270,43.236499,555.009 -2.602304,43.236529,555.235 -2.602336,43.236562,555.477 -2.602372,43.236597,555.442 -2.602408,43.236633,555.253 -2.602448,43.236671,555.030 -2.602489,43.236713,555.265 -2.602535,43.236755,555.240 -2.602584,43.236801,555.029 -2.602624,43.236848,554.838 -2.602674,43.236900,554.464 -2.602732,43.236950,554.406 -2.602796,43.237003,554.016 -2.602853,43.237060,553.409 -2.602915,43.237123,552.698 -2.602980,43.237187,552.040 -2.603045,43.237259,551.215 -2.603095,43.237338,550.686 -2.603140,43.237423,550.093 -2.603177,43.237511,549.248 -2.603207,43.237597,548.843 -2.603238,43.237682,548.042 -2.603284,43.237768,547.411 -2.603343,43.237853,546.617 -2.603412,43.237936,546.087 -2.603488,43.238019,545.615 -2.603560,43.238112,545.009 -2.603617,43.238211,544.243 -2.603668,43.238317,543.035 -2.603713,43.238427,541.690 -2.603776,43.238532,540.081 -2.603860,43.238630,538.618 -2.603960,43.238723,537.223 -2.604063,43.238812,536.248 -2.604158,43.238910,535.677 -2.604239,43.239011,534.696 -2.604311,43.239114,534.081 -2.604381,43.239217,533.261 -2.604448,43.239323,532.217 -2.604525,43.239428,531.209 -2.604621,43.239524,530.030 -2.604735,43.239610,528.822 -2.604862,43.239687,527.457 -2.604998,43.239752,526.678 -2.605137,43.239800,526.085 -2.605280,43.239832,525.060 -2.605427,43.239843,524.445 -2.605571,43.239824,524.014 -2.605720,43.239786,523.033 -2.605868,43.239750,522.288 -2.606010,43.239724,522.024 -2.606138,43.239712,522.226 -2.606246,43.239721,522.409 -2.606345,43.239754,523.290 -2.606400,43.239806,524.432 -2.606416,43.239855,525.047 -2.606439,43.239895,525.658 -2.606472,43.239920,526.455 -2.606501,43.239936,527.070 -2.606519,43.239944,527.425 -2.606540,43.239958,528.074 -2.606561,43.239979,528.293 -2.606569,43.239995,528.621 -2.606573,43.240018,528.841 -2.606578,43.240035,529.205 -2.606593,43.240050,529.609 -2.606615,43.240060,530.094 -2.606639,43.240073,530.416 -2.606663,43.240086,530.641 -2.606687,43.240100,530.812 -2.606708,43.240117,531.269 -2.606725,43.240132,531.654 -2.606743,43.240146,531.819 -2.606766,43.240157,532.228 -2.606793,43.240172,532.847 -2.606808,43.240187,533.073 -2.606833,43.240202,533.085 -2.606857,43.240218,533.213 -2.606883,43.240230,533.609 -2.606907,43.240235,533.849 -2.606933,43.240244,534.261 -2.606956,43.240257,534.856 -2.606979,43.240268,535.427 -2.607003,43.240277,535.664 -2.607028,43.240285,535.819 -2.607054,43.240294,536.044 -2.607078,43.240306,536.223 -2.607104,43.240316,536.432 -2.607134,43.240325,536.897 -2.607159,43.240333,537.023 -2.607184,43.240340,537.225 -2.607212,43.240346,537.609 -2.607242,43.240352,537.881 -2.607272,43.240360,538.023 -2.607302,43.240369,538.248 -2.607330,43.240377,538.429 -2.607358,43.240384,538.646 -2.607385,43.240388,538.811 -2.607417,43.240394,539.036 -2.607447,43.240405,539.275 -2.607471,43.240413,539.614 -2.607501,43.240418,539.886 -2.607532,43.240424,540.060 -2.607558,43.240428,540.226 -2.607590,43.240434,540.409 -2.607625,43.240442,540.610 -2.607656,43.240448,540.892 -2.607687,43.240455,541.067 -2.607722,43.240462,541.288 -2.607756,43.240466,541.435 -2.607795,43.240468,541.680 -2.607837,43.240470,542.025 -2.607876,43.240478,542.224 -2.607909,43.240487,542.463 -2.607944,43.240495,542.654 -2.607977,43.240507,542.656 -2.608010,43.240516,542.811 -2.608046,43.240522,543.209 -2.608085,43.240530,543.697 -2.608125,43.240539,543.899 -2.608157,43.240549,544.024 -2.608192,43.240555,544.455 -2.608228,43.240565,544.632 -2.608265,43.240578,544.697 -2.608298,43.240589,545.092 -2.608332,43.240600,545.241 -2.608367,43.240613,545.490 -2.608401,43.240629,545.471 -2.608437,43.240642,545.641 -2.608471,43.240646,545.815 -2.608499,43.240656,546.209 -2.608532,43.240669,546.429 -2.608565,43.240679,546.891 -2.608600,43.240688,547.086 -2.608638,43.240695,547.237 -2.608675,43.240700,547.244 -2.608713,43.240703,547.429 -2.608754,43.240707,547.674 -2.608790,43.240706,547.823 -2.608829,43.240709,548.062 -2.608864,43.240711,548.271 -2.608902,43.240715,548.441 -2.608941,43.240719,548.615 -2.608979,43.240720,548.809 -2.609018,43.240721,549.069 -2.609058,43.240722,549.411 -2.609102,43.240722,549.636 -2.609147,43.240723,550.047 -2.609191,43.240727,550.084 -2.609232,43.240727,550.249 -2.609280,43.240726,550.474 -2.609326,43.240728,550.683 -2.609372,43.240726,550.652 -2.609419,43.240723,550.867 -2.609467,43.240718,551.081 -2.609515,43.240720,551.019 -2.609568,43.240718,550.809 -2.609621,43.240712,550.858 -2.609673,43.240707,550.810 -2.609725,43.240705,550.625 -2.609776,43.240701,550.626 -2.609832,43.240699,550.663 -2.609887,43.240700,550.488 -2.609942,43.240706,550.613 -2.609996,43.240715,550.852 -2.610045,43.240719,551.061 -2.610099,43.240723,551.416 -2.610145,43.240735,551.676 -2.610193,43.240744,551.813 -2.610243,43.240750,552.209 -2.610290,43.240756,552.443 -2.610339,43.240760,552.625 -2.610390,43.240765,553.020 -2.610440,43.240773,553.421 -2.610496,43.240786,553.688 -2.610547,43.240801,553.873 -2.610596,43.240819,553.838 -2.610638,43.240847,553.827 -2.610674,43.240878,553.696 -2.610700,43.240911,553.472 -2.610707,43.240947,553.413 -2.610712,43.240982,553.414 -2.610719,43.241017,553.609 -2.610734,43.241049,554.019 -2.610751,43.241078,554.491 -2.610769,43.241111,554.886 -2.610783,43.241144,555.067 -2.610792,43.241182,555.284 -2.610798,43.241223,555.039 -2.610804,43.241265,555.074 -2.610813,43.241306,554.823 -2.610820,43.241345,555.092 -2.610828,43.241385,555.227 -2.610837,43.241422,555.268 -2.610842,43.241460,555.214 -2.610847,43.241500,555.209 -2.610853,43.241540,555.424 -2.610864,43.241577,555.436 -2.610879,43.241612,555.431 -2.610897,43.241646,555.412 -2.610919,43.241676,555.619 -2.610945,43.241707,556.084 -2.610972,43.241737,556.229 -2.610995,43.241765,556.418 -2.611022,43.241790,556.667 -2.611049,43.241810,557.089 -2.611075,43.241823,557.006 -2.611088,43.241831,557.426 -2.611103,43.241836,557.609 -2.611112,43.241845,557.660 -2.611122,43.241856,557.672 -2.611142,43.241873,557.697 -2.611166,43.241890,557.428 -2.611189,43.241914,557.015 -2.611215,43.241939,557.040 -2.611244,43.241966,557.275 -2.611269,43.241992,557.224 -2.611293,43.242016,557.443 -2.611310,43.242034,557.679 -2.611319,43.242047,557.805 -2.611324,43.242059,557.825 -2.611328,43.242067,558.009 -2.611342,43.242087,558.049 -2.611362,43.242108,558.071 -2.611385,43.242129,558.056 -2.611410,43.242157,558.017 -2.611438,43.242183,558.034 -2.611470,43.242213,557.889 -2.611502,43.242238,557.624 -2.611540,43.242267,557.683 -2.611579,43.242293,557.482 -2.611625,43.242316,557.653 -2.611673,43.242341,557.404 -2.611719,43.242363,557.614 -2.611768,43.242378,557.609 -2.611822,43.242392,557.617 -2.611876,43.242408,557.899 -2.611926,43.242429,558.254 -2.611978,43.242452,558.635 -2.612030,43.242469,558.662 -2.612087,43.242485,558.817 -2.612146,43.242499,559.082 -2.612206,43.242515,559.041 -2.612263,43.242532,559.070 -2.612316,43.242549,559.495 -2.612370,43.242561,559.449 -2.612421,43.242576,559.623 -2.612477,43.242595,559.809 -2.612528,43.242615,560.271 -2.612572,43.242636,560.413 -2.612613,43.242649,560.688 -2.612653,43.242667,561.079 -2.612694,43.242677,561.686 -2.612730,43.242692,562.081 -2.612763,43.242707,562.416 -2.612793,43.242721,563.055 -2.612823,43.242737,563.634 -2.612852,43.242752,564.027 -2.612880,43.242767,564.468 -2.612910,43.242782,564.814 -2.612940,43.242795,565.209 -2.612971,43.242809,565.634 -2.613001,43.242825,566.076 -2.613029,43.242840,566.461 -2.613061,43.242853,566.642 -2.613095,43.242863,566.879 -2.613131,43.242874,567.014 -2.613161,43.242884,567.269 -2.613194,43.242897,567.468 -2.613227,43.242910,567.697 -2.613258,43.242920,567.872 -2.613293,43.242931,568.013 -2.613327,43.242943,568.014 -2.613357,43.242955,568.009 -2.613379,43.242963,568.299 -2.613403,43.242972,568.061 -2.613423,43.242979,568.056 -2.613441,43.242987,568.287 -2.613449,43.242987,568.284 -2.613465,43.242991,568.479 -2.613482,43.242988,568.494 -2.613507,43.242991,568.463 -2.613523,43.243001,568.082 -2.613550,43.243007,567.854 -2.613578,43.243016,567.656 -2.613608,43.243030,567.411 -2.613640,43.243043,567.209 -2.613676,43.243054,567.287 -2.613710,43.243063,567.219 -2.613745,43.243072,567.274 -2.613781,43.243074,567.225 -2.613813,43.243080,567.022 -2.613837,43.243086,567.067 -2.613865,43.243084,567.012 -2.613884,43.243071,567.071 -2.613891,43.243049,567.050 -2.613894,43.243024,567.018 -2.613895,43.243000,567.098 -2.613902,43.242973,567.017 -2.613913,43.242947,567.209 -2.613921,43.242923,567.493 -2.613926,43.242898,567.645 -2.613931,43.242870,567.860 -2.613937,43.242843,568.011 -2.613944,43.242816,568.488 -2.613951,43.242791,568.653 -2.613961,43.242767,569.048 -2.613973,43.242744,569.437 -2.613982,43.242725,569.626 -2.613989,43.242703,570.016 -2.614000,43.242684,570.476 -2.614014,43.242669,570.613 -2.614023,43.242649,571.009 -2.614032,43.242627,571.233 -2.614040,43.242608,571.675 -2.614048,43.242584,572.020 -2.614055,43.242563,572.441 -2.614070,43.242543,572.648 -2.614089,43.242524,572.883 -2.614105,43.242510,573.078 -2.614113,43.242491,573.277 -2.614111,43.242472,573.466 -2.614114,43.242449,573.889 -2.614124,43.242428,574.206 -2.614140,43.242410,574.826 -2.614153,43.242394,575.009 -2.614168,43.242377,575.450 -2.614184,43.242360,575.662 -2.614200,43.242343,576.067 -2.614212,43.242328,576.478 -2.614224,43.242308,576.825 -2.614237,43.242287,577.240 -2.614257,43.242271,577.645 -2.614279,43.242257,577.874 -2.614302,43.242242,578.023 -2.614321,43.242229,578.442 -2.614341,43.242214,578.822 -2.614363,43.242200,579.214 -2.614385,43.242188,579.609 -2.614407,43.242174,579.876 -2.614428,43.242161,580.028 -2.614451,43.242147,580.243 -2.614474,43.242133,580.624 -2.614497,43.242122,581.061 -2.614519,43.242110,581.246 -2.614540,43.242099,581.661 -2.614561,43.242089,582.090 -2.614584,43.242075,582.459 -2.614610,43.242061,582.855 -2.614635,43.242049,583.207 -2.614659,43.242038,583.417 -2.614682,43.242028,583.809 -2.614707,43.242015,584.267 -2.614732,43.242002,584.629 -2.614753,43.241988,585.074 -2.614776,43.241977,585.495 -2.614800,43.241967,585.652 -2.614823,43.241957,586.067 -2.614848,43.241948,586.232 -2.614873,43.241935,586.461 -2.614897,43.241921,586.840 -2.614921,43.241906,587.082 -2.614946,43.241893,587.243 -2.614971,43.241881,587.617 -2.614994,43.241872,587.809 -2.615017,43.241862,588.010 -2.615043,43.241849,588.212 -2.615069,43.241835,588.487 -2.615095,43.241823,588.668 -2.615123,43.241813,588.855 -2.615149,43.241805,589.040 -2.615177,43.241796,589.255 -2.615204,43.241786,589.694 -2.615228,43.241775,589.863 -2.615248,43.241760,590.217 -2.615274,43.241745,590.487 -2.615301,43.241734,590.615 -2.615323,43.241725,590.809 -2.615351,43.241714,591.053 -2.615375,43.241705,591.275 -2.615401,43.241694,591.460 -2.615429,43.241685,591.661 -2.615454,43.241678,591.888 -2.615476,43.241669,592.013 -2.615503,43.241656,592.298 -2.615525,43.241641,592.687 -2.615545,43.241628,592.876 -2.615569,43.241618,593.066 -2.615594,43.241605,593.229 -2.615615,43.241592,593.421 -2.615633,43.241579,593.809 -2.615660,43.241567,594.038 -2.615690,43.241561,594.030 -2.615713,43.241551,594.225 -2.615733,43.241538,594.476 -2.615754,43.241523,594.613 -2.615780,43.241509,594.898 -2.615809,43.241498,595.213 -2.615836,43.241486,595.442 -2.615860,43.241475,595.651 -2.615886,43.241464,595.819 -2.615915,43.241452,596.209 -2.615939,43.241442,596.619 -2.615965,43.241433,596.809 -2.615988,43.241423,597.273 -2.616011,43.241408,597.445 -2.616033,43.241394,597.680 -2.616059,43.241380,597.861 -2.616085,43.241371,598.288 -2.616111,43.241364,598.473 -2.616137,43.241357,598.628 -2.616159,43.241347,599.047 -2.616180,43.241336,599.456 -2.616198,43.241322,599.611 -2.616207,43.241306,600.021 -2.616213,43.241286,600.403 -2.616212,43.241268,600.809 -2.616199,43.241253,601.293 -2.616181,43.241243,601.895 -2.616157,43.241236,602.250 -2.616131,43.241231,602.451 -2.616103,43.241231,602.858 -2.616072,43.241235,603.053 -2.616047,43.241241,603.218 -2.616018,43.241243,603.217 -2.615991,43.241247,603.296 -2.615963,43.241257,603.077 -2.615940,43.241273,603.261 -2.615926,43.241287,603.427 -2.615901,43.241297,603.609 -2.615876,43.241305,604.099 -2.615849,43.241317,604.251 -2.615826,43.241329,604.446 -2.615798,43.241340,604.637 -2.615775,43.241348,604.854 -2.615747,43.241358,604.819 -2.615714,43.241366,605.034 -2.615684,43.241369,605.283 -2.615653,43.241371,605.452 -2.615621,43.241374,605.664 -2.615593,43.241380,605.806 -2.615562,43.241387,606.016 -2.615531,43.241392,606.209 -2.615501,43.241395,606.238 -2.615468,43.241398,606.460 -2.615436,43.241398,606.675 -2.615407,43.241398,606.896 -2.615378,43.241399,607.073 -2.615348,43.241398,607.288 -2.615316,43.241397,607.483 -2.615283,43.241396,607.472 -2.615254,43.241394,607.861 -2.615227,43.241388,608.054 -2.615194,43.241389,608.056 -2.615159,43.241386,608.211 -2.615129,43.241384,608.409 -2.615106,43.241387,608.677 -2.615080,43.241387,608.819 -2.615053,43.241387,609.234 -2.615021,43.241386,609.635 -2.614991,43.241382,609.812 -2.614958,43.241376,610.257 -2.614926,43.241369,610.412 -2.614900,43.241364,610.881 -2.614871,43.241358,611.250 -2.614844,43.241352,611.472 -2.614817,43.241345,611.813 -2.614788,43.241336,612.014 -2.614760,43.241329,612.409 -2.614728,43.241321,612.619 -2.614703,43.241311,612.611 -2.614673,43.241298,612.696 -2.614641,43.241288,612.887 -2.614608,43.241284,613.094 -2.614581,43.241276,613.249 -2.614555,43.241267,613.814 -2.614528,43.241256,614.273 -2.614507,43.241247,614.632 -2.614485,43.241238,615.011 -2.614460,43.241225,615.221 -2.614437,43.241212,615.603 -2.614413,43.241198,615.809 -2.614390,43.241187,616.243 -2.614369,43.241176,616.655 -2.614344,43.241165,617.040 -2.614320,43.241153,617.421 -2.614297,43.241138,617.828 -2.614279,43.241122,618.213 -2.614259,43.241112,618.688 -2.614237,43.241100,618.857 -2.614211,43.241084,619.226 -2.614191,43.241069,619.661 -2.614174,43.241058,620.021 -2.614159,43.241043,620.413 -2.614148,43.241029,620.809 -2.614133,43.241015,621.258 -2.614115,43.241001,621.630 -2.614098,43.240986,622.065 -2.614076,43.240974,622.496 -2.614057,43.240961,622.843 -2.614039,43.240946,623.078 -2.614021,43.240933,623.443 -2.614005,43.240916,623.872 -2.613991,43.240898,624.051 -2.613977,43.240879,624.479 -2.613968,43.240859,624.805 -2.613959,43.240844,625.025 -2.613945,43.240831,625.409 -2.613929,43.240818,625.889 -2.613914,43.240804,626.281 -2.613896,43.240792,626.666 -2.613877,43.240782,627.237 -2.613859,43.240768,627.674 -2.613844,43.240754,628.069 -2.613831,43.240739,628.284 -2.613821,43.240724,628.423 -2.613809,43.240709,628.882 -2.613793,43.240695,629.239 -2.613776,43.240680,629.401 -2.613762,43.240664,629.821 -2.613746,43.240647,630.409 -2.613731,43.240630,630.845 -2.613723,43.240613,631.097 -2.613708,43.240598,631.662 -2.613689,43.240588,631.813 -2.613672,43.240575,632.230 -2.613660,43.240557,632.435 -2.613648,43.240542,632.840 -2.613637,43.240526,633.249 -2.613623,43.240510,633.678 -2.613607,43.240495,634.019 -2.613595,43.240479,634.209 -2.613576,43.240469,634.619 -2.613557,43.240459,635.009 -2.613543,43.240445,635.293 -2.613530,43.240427,635.695 -2.613519,43.240412,636.040 -2.613509,43.240398,636.411 -2.613498,43.240381,636.878 -2.613485,43.240369,637.053 -2.613469,43.240354,637.478 -2.613456,43.240338,637.837 -2.613446,43.240322,638.076 -2.613433,43.240307,638.219 -2.613417,43.240294,638.409 -2.613400,43.240281,638.619 -2.613383,43.240268,639.009 -2.613370,43.240252,639.293 -2.613360,43.240238,639.685 -2.613348,43.240221,640.040 -2.613333,43.240205,640.231 -2.613316,43.240194,640.468 -2.613299,43.240184,640.693 -2.613284,43.240170,640.828 -2.613271,43.240155,641.287 -2.613257,43.240142,641.426 -2.613238,43.240129,641.676 -2.613221,43.240115,642.090 -2.613203,43.240101,642.219 -2.613190,43.240086,642.409 -2.613179,43.240071,642.849 -2.613165,43.240057,643.071 -2.613151,43.240043,643.476 -2.613139,43.240027,643.857 -2.613128,43.240010,644.014 -2.613114,43.239997,644.479 -2.613099,43.239981,644.634 -2.613084,43.239966,645.033 -2.613069,43.239953,645.282 -2.613051,43.239943,645.614 -2.613036,43.239932,646.054 -2.613020,43.239918,646.409 -2.613006,43.239900,646.609 -2.612994,43.239884,647.083 -2.612981,43.239866,647.215 -2.612967,43.239851,647.430 -2.612953,43.239835,647.681 -2.612940,43.239818,648.058 -2.612928,43.239801,648.253 -2.612913,43.239787,648.468 -2.612896,43.239771,648.857 -2.612880,43.239757,649.286 -2.612865,43.239742,649.652 -2.612849,43.239730,650.253 -2.612834,43.239716,650.408 -2.612817,43.239704,650.809 -2.612801,43.239687,651.097 -2.612792,43.239671,651.259 -2.612781,43.239659,651.634 -2.612766,43.239646,652.015 -2.612757,43.239629,652.252 -2.612754,43.239610,652.487 -2.612741,43.239592,652.662 -2.612727,43.239576,652.841 -2.612708,43.239564,653.020 -2.612694,43.239549,653.646 -2.612680,43.239536,654.088 -2.612665,43.239520,654.616 -2.612654,43.239500,655.209 -2.612647,43.239483,655.676 -2.612639,43.239467,656.018 -2.612628,43.239453,656.443 -2.612616,43.239438,656.884 -2.612609,43.239420,657.261 -2.612606,43.239401,657.686 -2.612602,43.239383,658.031 -2.612590,43.239368,658.680 -2.612578,43.239352,659.049 -2.612570,43.239336,659.462 -2.612561,43.239320,659.883 -2.612550,43.239305,660.211 -2.612539,43.239288,660.609 -2.612531,43.239269,661.018 -2.612524,43.239255,661.630 -2.612516,43.239239,662.055 -2.612509,43.239222,662.476 -2.612497,43.239207,663.073 -2.612482,43.239192,663.488 -2.612470,43.239178,664.023 -2.612458,43.239164,664.442 -2.612446,43.239146,665.031 -2.612440,43.239129,665.433 -2.612435,43.239113,666.023 -2.612433,43.239098,666.415 -2.612427,43.239080,666.809 -2.612414,43.239061,667.475 -2.612404,43.239049,668.077 -2.612396,43.239036,668.622 -2.612386,43.239020,669.083 -2.612378,43.239006,669.470 -2.612379,43.238988,669.685 -2.612381,43.238970,670.030 -2.612373,43.238955,670.699 -2.612358,43.238940,671.258 -2.612346,43.238925,671.862 -2.612339,43.238910,672.483 -2.612333,43.238894,673.011 -2.612329,43.238877,673.609 -2.612326,43.238857,674.288 -2.612324,43.238835,674.860 -2.612314,43.238816,675.295 -2.612304,43.238801,675.876 -2.612294,43.238785,676.223 -2.612287,43.238768,676.888 -2.612281,43.238752,677.243 -2.612277,43.238735,677.642 -2.612271,43.238719,678.281 -2.612264,43.238703,678.624 -2.612255,43.238688,678.804 -2.612243,43.238673,679.214 -2.612229,43.238656,679.409 -2.612222,43.238640,679.664 -2.612221,43.238623,680.016 -2.612213,43.238609,680.481 -2.612200,43.238593,680.852 -2.612186,43.238579,681.499 -2.612174,43.238562,681.824 -2.612165,43.238546,682.449 -2.612157,43.238529,682.828 -2.612147,43.238511,683.027 -2.612134,43.238495,683.457 -2.612118,43.238480,683.800 -2.612103,43.238465,684.220 -2.612092,43.238447,684.609 -2.612085,43.238430,685.047 -2.612078,43.238413,685.479 -2.612067,43.238398,685.824 -2.612052,43.238381,686.275 -2.612037,43.238367,686.682 -2.612022,43.238354,687.067 -2.612008,43.238338,687.412 -2.611999,43.238319,687.881 -2.611993,43.238300,688.240 -2.611984,43.238285,688.611 -2.611973,43.238267,689.021 -2.611960,43.238252,689.203 -2.611944,43.238236,689.409 -2.611933,43.238219,689.663 -2.611924,43.238203,690.055 -2.611917,43.238186,690.490 -2.611907,43.238171,690.641 -2.611892,43.238158,691.078 -2.611875,43.238140,691.473 -2.611862,43.238124,691.858 -2.611853,43.238105,692.027 -2.611841,43.238086,692.256 -2.611823,43.238073,692.676 -2.611803,43.238060,693.090 -2.611785,43.238046,693.219 -2.611772,43.238029,693.609 -2.611756,43.238012,694.089 -2.611739,43.237996,694.221 -2.611722,43.237980,694.466 -2.611703,43.237964,694.687 -2.611684,43.237947,694.824 -2.611666,43.237929,695.099 -2.611654,43.237912,695.234 -2.611638,43.237897,695.443 -2.611621,43.237884,695.622 -2.611602,43.237869,695.867 -2.611582,43.237856,695.881 -2.611563,43.237843,696.019 -2.611544,43.237829,696.409 -2.611527,43.237813,696.618 -2.611509,43.237796,697.050 -2.611490,43.237780,697.435 -2.611474,43.237760,697.626 -2.611461,43.237741,698.023 -2.611445,43.237722,698.298 -2.611427,43.237708,698.653 -2.611406,43.237690,698.852 -2.611400,43.237670,699.061 -2.611381,43.237655,699.471 -2.611359,43.237639,699.641 -2.611341,43.237632,700.015 -2.611326,43.237620,700.409 -2.611307,43.237607,701.029 -2.611286,43.237593,701.651 -2.611269,43.237576,702.026 -2.611254,43.237560,702.237 -2.611242,43.237541,702.624 -2.611229,43.237524,702.859 -2.611218,43.237503,703.084 -2.611204,43.237484,703.043 -2.611192,43.237470,703.292 -2.611180,43.237448,703.491 -2.611168,43.237430,703.481 -2.611155,43.237425,703.619 -2.611134,43.237411,704.009 -2.611116,43.237401,704.431 -2.611097,43.237390,704.843 -2.611085,43.237376,705.298 -2.611075,43.237363,705.689 -2.611060,43.237349,705.836 -2.611044,43.237335,706.261 -2.611026,43.237319,706.466 -2.611011,43.237303,706.695 -2.610995,43.237287,707.014 -2.610978,43.237274,707.291 -2.610959,43.237256,707.681 -2.610941,43.237238,708.019 -2.610923,43.237221,708.209 -2.610903,43.237204,708.641 -2.610888,43.237186,708.883 -2.610876,43.237170,709.088 -2.610864,43.237157,709.499 -2.610848,43.237148,709.616 -2.610830,43.237135,710.011 -2.610808,43.237121,710.286 -2.610790,43.237108,710.685 -2.610771,43.237093,710.844 -2.610754,43.237079,711.038 -2.610738,43.237063,711.470 -2.610722,43.237048,711.817 -2.610704,43.237033,712.209 -2.610686,43.237017,712.675 -2.610668,43.237002,712.817 -2.610649,43.236984,713.262 -2.610638,43.236963,713.223 -2.610622,43.236945,713.420 -2.610609,43.236930,713.675 -2.610588,43.236926,713.840 -2.610566,43.236916,714.279 -2.610546,43.236901,714.648 -2.610528,43.236887,715.019 -2.610511,43.236871,715.409 -2.610492,43.236858,715.819 -2.610473,43.236846,716.209 -2.610448,43.236833,716.453 -2.610422,43.236820,716.825 -2.610395,43.236803,717.240 -2.610371,43.236786,717.671 -2.610354,43.236767,718.088 -2.610336,43.236749,718.483 -2.610315,43.236738,718.828 -2.610291,43.236724,719.267 -2.610269,43.236708,719.456 -2.610247,43.236692,719.881 -2.610222,43.236676,720.261 -2.610201,43.236659,720.417 -2.610179,43.236641,720.809 -2.610156,43.236626,721.250 -2.610135,43.236609,721.462 -2.610111,43.236591,721.827 -2.610088,43.236574,722.098 -2.610065,43.236562,722.265 -2.610039,43.236549,722.630 -2.610010,43.236535,722.845 -2.609986,43.236519,723.214 -2.609964,43.236502,723.483 -2.609943,43.236484,723.845 -2.609918,43.236467,724.247 -2.609891,43.236453,724.611 -2.609862,43.236439,725.009 -2.609834,43.236426,725.256 -2.609804,43.236412,725.668 -2.609777,43.236401,725.823 -2.609749,43.236389,726.024 -2.609721,43.236374,726.491 -2.609692,43.236360,726.616 -2.609668,43.236342,726.811 -2.609647,43.236323,727.060 -2.609624,43.236305,727.259 -2.609599,43.236289,727.449 -2.609575,43.236274,727.602 -2.609548,43.236259,728.022 -2.609521,43.236246,728.209 -2.609491,43.236232,728.416 -2.609466,43.236211,728.638 -2.609440,43.236193,728.833 -2.609409,43.236172,728.874 -2.609384,43.236154,729.271 -2.609359,43.236135,729.496 -2.609333,43.236118,729.671 -2.609306,43.236098,729.880 -2.609281,43.236079,730.079 -2.609255,43.236061,730.269 -2.609226,43.236043,730.404 -2.609200,43.236023,730.624 -2.609174,43.236004,731.009 -2.609148,43.235987,731.298 -2.609119,43.235969,731.430 -2.609091,43.235949,731.685 -2.609063,43.235929,731.856 -2.609036,43.235909,732.033 -2.609008,43.235891,732.448 -2.608980,43.235873,732.623 -2.608954,43.235853,733.052 -2.608932,43.235833,733.621 -2.608914,43.235814,733.851 -2.608910,43.235794,734.001 -2.608911,43.235770,734.211 -2.608913,43.235745,734.609 -2.608924,43.235729,735.067 -2.608945,43.235716,735.279 -2.608973,43.235712,735.894 -2.609002,43.235708,736.465 -2.609035,43.235710,736.882 -2.609065,43.235720,737.277 -2.609088,43.235732,737.692 -2.609107,43.235745,738.061 -2.609127,43.235761,738.450 -2.609148,43.235773,738.649 -2.609168,43.235787,738.802 -2.609186,43.235798,739.022 -2.609202,43.235809,739.409 -2.609220,43.235820,739.666 -2.609240,43.235835,739.868 -2.609261,43.235850,740.293 -2.609284,43.235863,740.424 -2.609308,43.235878,740.871 -2.609331,43.235895,741.026 -2.609360,43.235909,741.221 -2.609394,43.235924,741.420 -2.609428,43.235939,741.629 -2.609458,43.235950,741.871 -2.609492,43.235960,741.841 -2.609522,43.235969,742.215 -2.609555,43.235983,742.409 -2.609585,43.235997,742.639 -2.609619,43.236011,742.841 -2.609650,43.236023,743.026 -2.609685,43.236034,743.257 -2.609718,43.236044,743.424 -2.609752,43.236054,743.619 -2.609785,43.236062,743.854 -2.609818,43.236067,744.053 -2.609859,43.236077,744.272 -2.609895,43.236088,744.449 -2.609928,43.236095,744.602 -2.609962,43.236104,744.822 -2.609998,43.236111,745.009 -2.610031,43.236118,745.476 -2.610063,43.236127,745.868 -2.610101,43.236134,746.253 -2.610136,43.236141,746.464 -2.610168,43.236153,746.631 -2.610204,43.236163,746.866 -2.610239,43.236172,747.061 -2.610273,43.236179,747.450 -2.610306,43.236184,747.899 -2.610336,43.236190,748.292 -2.610372,43.236195,748.673 -2.610407,43.236203,749.020 -2.610444,43.236214,749.409 -2.610480,43.236223,749.891 -2.610517,43.236229,750.223 -2.610553,43.236232,750.838 -2.610592,43.236236,751.269 -2.610622,43.236243,751.686 -2.610651,43.236254,751.861 -2.610681,43.236266,752.076 -2.610710,43.236278,752.265 -2.610733,43.236289,752.494 -2.610762,43.236300,752.636 -2.610789,43.236308,753.017 -2.610820,43.236316,753.418 -2.610851,43.236324,753.809 -2.610883,43.236333,754.085 -2.610916,43.236345,754.297 -2.610949,43.236354,754.462 -2.610974,43.236356,754.843 -2.610998,43.236362,755.030 -2.611026,43.236369,755.645 -2.611057,43.236377,756.280 -2.611089,43.236383,756.849 -2.611118,43.236391,757.498 -2.611145,43.236398,757.637 -2.611174,43.236404,757.849 -2.611198,43.236412,758.213 -2.611227,43.236421,758.409 -2.611253,43.236428,758.895 -2.611279,43.236436,759.057 -2.611307,43.236443,759.232 -2.611335,43.236447,759.633 -2.611363,43.236452,759.860 -2.611389,43.236459,760.055 -2.611415,43.236468,760.010 -2.611442,43.236475,760.229 -2.611466,43.236483,760.468 -2.611492,43.236491,760.678 -2.611520,43.236497,761.033 -2.611548,43.236502,761.426 -2.611581,43.236509,762.009 -2.611609,43.236515,762.439 -2.611635,43.236524,762.671 -2.611660,43.236530,762.856 -2.611687,43.236536,763.227 -2.611715,43.236540,763.454 -2.611746,43.236546,763.639 -2.611772,43.236552,764.244 -2.611800,43.236557,764.613 -2.611828,43.236560,765.232 -2.611860,43.236561,765.614 -2.611891,43.236568,765.854 -2.611914,43.236577,766.209 -2.611942,43.236586,766.409 -2.611969,43.236590,766.683 -2.611997,43.236592,766.845 -2.612028,43.236592,767.210 -2.612058,43.236591,767.461 -2.612089,43.236589,767.698 -2.612120,43.236590,767.833 -2.612152,43.236595,768.038 -2.612184,43.236604,768.427 -2.612211,43.236609,768.886 -2.612240,43.236613,769.022 -2.612269,43.236614,769.262 -2.612297,43.236614,769.608 -2.612315,43.236613,770.009 -2.612343,43.236615,770.474 -2.612372,43.236619,770.836 -2.612399,43.236626,771.421 -2.612430,43.236636,771.882 -2.612457,43.236644,772.239 -2.612487,43.236649,772.824 -2.612515,43.236657,773.029 -2.612544,43.236668,773.278 -2.612576,43.236676,773.417 -2.612599,43.236685,773.836 -2.612627,43.236694,774.017 -2.612655,43.236701,774.218 -2.612681,43.236709,774.609 -2.612708,43.236719,774.885 -2.612735,43.236728,775.247 -2.612761,43.236735,775.642 -2.612790,43.236741,776.033 -2.612819,43.236747,776.680 -2.612846,43.236756,777.065 -2.612873,43.236767,777.280 -2.612896,43.236778,777.699 -2.612919,43.236787,777.818 -2.612947,43.236795,778.087 -2.612977,43.236803,778.242 -2.613005,43.236810,778.426 -2.613033,43.236816,778.609 -2.613059,43.236823,778.620 -2.613083,43.236833,778.822 -2.613103,43.236844,779.217 -2.613126,43.236853,779.638 -2.613151,43.236861,780.295 -2.613175,43.236868,781.480 -2.613194,43.236876,782.045 -2.613216,43.236882,782.444 -2.613237,43.236890,782.633 -2.613257,43.236895,782.657 -2.613279,43.236900,782.800 -2.613305,43.236903,782.820 -2.613329,43.236907,783.009 -2.613348,43.236912,783.427 -2.613365,43.236914,784.079 -2.613391,43.236914,784.694 -2.613414,43.236911,785.475 -2.613441,43.236908,785.872 -2.613460,43.236908,786.277 -2.613483,43.236908,786.452 -2.613504,43.236907,786.831 -2.613527,43.236905,787.030 -2.613549,43.236899,787.457 -2.613567,43.236890,787.800 -2.613586,43.236880,788.020 -2.613603,43.236869,788.609 -2.613620,43.236859,789.047 -2.613640,43.236852,789.279 -2.613664,43.236845,789.474 -2.613684,43.236841,789.425 -2.613705,43.236838,789.432 -2.613726,43.236834,789.297 -2.613747,43.236829,789.222 -2.613766,43.236822,789.241 -2.613773,43.236817,789.270 -2.613771,43.236820,789.862 -2.613771,43.236820,790.283 -2.613783,43.236822,790.611 -2.613783,43.236822,791.009 -2.613783,43.236822,791.258 -2.613783,43.236822,791.620 -2.613783,43.236822,791.895 -2.613783,43.236822,792.066 -2.613783,43.236822,792.213 -2.613783,43.236822,792.018 -2.613783,43.236822,792.053 -2.613783,43.236822,791.852 -2.613783,43.236822,791.831 -2.613783,43.236822,791.861 -2.613783,43.236822,791.621 -2.613783,43.236822,791.613 -2.613783,43.236822,791.409 -2.613783,43.236822,791.468 -2.613783,43.236822,791.230 -2.613783,43.236822,791.235 -2.613783,43.236822,791.056 -2.613783,43.236822,790.853 -2.613783,43.236822,790.688 -2.613783,43.236822,790.483 -2.613783,43.236822,790.482 -2.613783,43.236822,790.241 -2.613783,43.236822,790.226 -2.613783,43.236822,790.447 -2.613780,43.236822,790.211 -2.613783,43.236822,790.209 -2.613783,43.236822,790.254 -2.613783,43.236822,790.426 -2.613783,43.236822,790.411 -2.613783,43.236822,790.842 -2.613783,43.236822,791.019 -2.613783,43.236822,791.024 -2.613783,43.236822,791.069 -2.613783,43.236822,791.018 -2.613772,43.236820,791.027 -2.613783,43.236822,791.094 -2.613783,43.236822,791.057 -2.613783,43.236822,791.022 -2.613783,43.236822,791.009 -2.613783,43.236822,790.891 -2.613783,43.236822,790.893 -2.613783,43.236822,790.638 -2.613783,43.236822,790.819 -2.613783,43.236822,790.886 -2.613783,43.236822,791.031 -2.613783,43.236822,791.226 -2.613783,43.236822,791.295 -2.613783,43.236822,791.084 -2.613783,43.236822,790.849 -2.613783,43.236822,790.602 -2.613783,43.236822,790.422 -2.613783,43.236822,790.209 -2.613783,43.236822,790.086 -2.613783,43.236822,790.018 -2.613783,43.236822,790.063 -2.613783,43.236822,789.814 -2.613783,43.236822,789.691 -2.613783,43.236822,789.486 -2.613783,43.236822,789.241 -2.613783,43.236822,789.220 -2.613783,43.236822,789.269 -2.613783,43.236822,789.021 -2.613783,43.236822,789.041 -2.613783,43.236822,788.805 -2.613783,43.236822,788.609 -2.613783,43.236822,788.454 -2.613783,43.236822,788.276 -2.613783,43.236822,788.271 -2.613783,43.236822,788.412 -2.613783,43.236822,788.219 -2.613783,43.236822,788.274 -2.613783,43.236822,788.469 -2.613783,43.236822,788.428 -2.613783,43.236822,788.657 -2.613772,43.236819,789.284 -2.613767,43.236818,789.807 -2.613771,43.236822,790.417 -2.613783,43.236822,790.809 -2.613769,43.236820,791.690 -2.613763,43.236817,791.842 -2.613763,43.236816,792.077 -2.613763,43.236816,792.218 -2.613757,43.236808,792.685 -2.613745,43.236798,793.020 -2.613730,43.236792,793.675 -2.613713,43.236791,793.614 -2.613685,43.236786,793.693 -2.613657,43.236776,793.042 -2.613623,43.236758,792.822 -2.613603,43.236729,792.814 -2.613593,43.236699,793.009 -2.613578,43.236666,793.496 -2.613551,43.236640,793.688 -2.613513,43.236614,793.473 -2.613478,43.236594,792.874 -2.613441,43.236573,792.041 -2.613400,43.236556,792.096 -2.613358,43.236537,792.291 -2.613318,43.236521,792.470 -2.613281,43.236506,792.839 -2.613246,43.236496,793.664 -2.613206,43.236483,794.206 -2.613164,43.236471,794.616 -2.613120,43.236456,795.009 -2.613072,43.236437,795.418 -2.613024,43.236417,795.210 -2.612975,43.236402,795.015 -2.612921,43.236391,794.816 -2.612859,43.236382,794.863 -2.612793,43.236369,794.868 -2.612725,43.236352,795.083 -2.612660,43.236328,795.242 -2.612596,43.236298,795.491 -2.612532,43.236261,795.237 -2.612469,43.236223,794.849 -2.612412,43.236184,794.013 -2.612355,43.236147,793.809 -2.612301,43.236110,794.225 -2.612256,43.236076,794.887 -2.612213,43.236040,795.412 -2.612167,43.236010,796.263 -2.612121,43.235983,796.630 -2.612074,43.235955,796.455 -2.612024,43.235929,795.850 -2.611974,43.235901,795.689 -2.611939,43.235873,795.888 -2.611899,43.235847,796.414 -2.611856,43.235819,796.654 -2.611809,43.235793,797.209 -2.611763,43.235766,797.209 -2.611716,43.235741,797.273 -2.611671,43.235715,797.225 -2.611632,43.235689,797.460 -2.611598,43.235664,797.811 -2.611565,43.235637,798.488 -2.611534,43.235611,798.873 -2.611507,43.235586,799.658 -2.611482,43.235559,800.057 -2.611461,43.235530,800.236 -2.611440,43.235504,800.212 -2.611411,43.235484,799.632 -2.611385,43.235465,799.005 -2.611359,43.235440,799.009 -2.611328,43.235416,799.693 -2.611300,43.235390,800.475 -2.611275,43.235366,800.810 -2.611256,43.235338,801.481 -2.611250,43.235306,801.668 -2.611240,43.235275,801.663 -2.611226,43.235246,800.488 -2.611219,43.235210,800.087 -2.611225,43.235176,799.436 -2.611226,43.235140,799.046 -2.611224,43.235103,799.888 -2.611219,43.235064,801.216 -2.611218,43.235021,801.609 -2.611208,43.234968,801.866 -2.611198,43.234913,801.418 -2.611184,43.234855,800.633 -2.611170,43.234795,799.444 -2.611159,43.234734,797.221 -2.611149,43.234669,795.096 -2.611138,43.234605,793.661 -2.611127,43.234540,793.040 -2.611124,43.234470,792.259 -2.611134,43.234400,792.265 -2.611145,43.234326,791.668 -2.611164,43.234252,790.414 -2.611185,43.234173,790.009 -2.611212,43.234096,789.258 -2.611236,43.234017,789.420 -2.611264,43.233933,789.625 -2.611287,43.233850,789.696 -2.611300,43.233765,788.843 -2.611281,43.233687,787.898 -2.611238,43.233616,786.293 -2.611176,43.233549,784.852 -2.611110,43.233481,784.471 -2.611041,43.233410,784.695 -2.610971,43.233336,784.849 -2.610897,43.233260,784.423 -2.610822,43.233183,783.809 -2.610751,43.233103,782.821 -2.610688,43.233015,782.253 -2.610628,43.232926,781.028 -2.610573,43.232833,779.699 -2.610522,43.232743,779.456 -2.610481,43.232648,776.831 -2.610462,43.232550,775.096 -2.610443,43.232451,773.675 -2.610405,43.232355,772.894 -2.610349,43.232261,772.613 -2.610285,43.232173,772.843 -2.610214,43.232089,773.207 -2.610142,43.232005,773.409 -2.610085,43.231919,772.413 -2.610032,43.231825,771.835 -2.609989,43.231724,771.280 -2.609974,43.231618,769.471 -2.609978,43.231512,768.478 -2.610001,43.231407,768.423 -2.610040,43.231306,768.078 -2.610106,43.231205,766.417 -2.610190,43.231114,764.086 -2.610256,43.231012,760.887 -2.610301,43.230901,757.642 -2.610343,43.230791,754.426 -2.610405,43.230684,753.009 -2.610493,43.230582,751.680 -2.610587,43.230486,750.672 -2.610673,43.230382,749.487 -2.610740,43.230272,748.218 -2.610793,43.230160,746.885 -2.610829,43.230050,745.280 -2.610820,43.229945,744.835 -2.610764,43.229851,746.074 -2.610702,43.229764,746.483 -2.610680,43.229673,746.431 -2.610711,43.229576,746.261 -2.610782,43.229488,744.807 -2.610869,43.229413,742.209 -2.610954,43.229333,741.285 -2.611033,43.229248,740.497 -2.611116,43.229165,739.632 -2.611209,43.229088,738.643 -2.611295,43.229005,738.470 -2.611354,43.228910,737.065 -2.611394,43.228809,736.450 -2.611416,43.228705,735.689 -2.611460,43.228606,735.288 -2.611524,43.228516,735.063 -2.611601,43.228430,734.844 -2.611676,43.228342,734.618 -2.611755,43.228251,734.609 -2.611815,43.228155,734.428 -2.611876,43.228062,733.480 -2.611946,43.227972,732.485 -2.612031,43.227885,731.286 -2.612118,43.227804,729.863 -2.612201,43.227725,729.298 -2.612273,43.227641,728.673 -2.612335,43.227550,727.822 -2.612387,43.227455,727.061 -2.612430,43.227356,726.225 -2.612465,43.227257,725.826 -2.612490,43.227160,725.208 -2.612522,43.227064,725.409 -2.612556,43.226971,725.224 -2.612572,43.226882,725.056 -2.612558,43.226795,724.891 -2.612500,43.226723,724.692 -2.612407,43.226678,724.679 -2.612308,43.226663,725.234 -2.612201,43.226671,725.459 -2.612094,43.226688,725.248 -2.611990,43.226714,724.257 -2.611878,43.226741,723.041 -2.611752,43.226762,721.881 -2.611621,43.226764,721.209 -2.611495,43.226744,720.209 -2.611381,43.226706,719.426 -2.611273,43.226657,718.628 -2.611166,43.226600,717.653 -2.611061,43.226534,716.084 -2.610970,43.226458,714.221 -2.610888,43.226375,713.046 -2.610807,43.226290,712.091 -2.610720,43.226207,710.690 -2.610628,43.226129,709.679 -2.610531,43.226055,709.025 -2.610427,43.225982,708.426 -2.610316,43.225914,707.408 -2.610202,43.225847,706.609 -2.610089,43.225777,705.484 -2.609977,43.225704,703.846 -2.609868,43.225630,702.421 -2.609754,43.225554,700.812 -2.609638,43.225481,699.459 -2.609514,43.225411,698.494 -2.609389,43.225341,697.649 -2.609268,43.225269,696.838 -2.609157,43.225188,696.017 -2.609067,43.225097,695.467 -2.609004,43.224993,695.481 -2.608950,43.224890,695.819 -2.608898,43.224794,694.809 -2.608840,43.224697,694.018 -2.608772,43.224599,693.020 -2.608703,43.224496,691.875 -2.608642,43.224392,690.846 -2.608583,43.224287,690.663 -2.608505,43.224186,690.668 -2.608429,43.224093,690.223 -2.608392,43.223989,689.642 -2.608400,43.223882,688.471 -2.608439,43.223781,687.265 -2.608481,43.223683,685.868 -2.608528,43.223586,685.414 -2.608574,43.223488,685.409 -2.608622,43.223394,685.428 -2.608672,43.223304,685.050 -2.608722,43.223213,684.245 -2.608773,43.223121,683.026 -2.608827,43.223031,681.613 -2.608888,43.222944,680.288 -2.608951,43.222853,679.073 -2.609007,43.222756,678.212 -2.609060,43.222657,676.871 -2.609110,43.222555,675.812 -2.609158,43.222449,674.832 -2.609203,43.222344,673.805 -2.609247,43.222242,673.009 -2.609294,43.222140,672.623 -2.609338,43.222038,672.285 -2.609379,43.221939,671.690 -2.609420,43.221842,671.441 -2.609469,43.221746,671.218 -2.609524,43.221650,671.023 -2.609573,43.221557,670.858 -2.609616,43.221463,671.077 -2.609647,43.221366,671.036 -2.609676,43.221270,670.437 -2.609704,43.221175,669.649 -2.609726,43.221079,669.413 -2.609744,43.220979,669.009 -2.609758,43.220878,668.075 -2.609761,43.220769,667.077 -2.609750,43.220663,666.062 -2.609735,43.220568,664.423 -2.609703,43.220490,663.060 -2.609642,43.220428,662.215 -2.609565,43.220391,661.640 -2.609472,43.220384,661.029 -2.609361,43.220396,660.438 -2.609249,43.220425,659.865 -2.609130,43.220463,659.268 -2.609006,43.220501,659.014 -2.608886,43.220540,657.609 -2.608772,43.220593,656.618 -2.608677,43.220657,655.260 -2.608597,43.220733,654.265 -2.608527,43.220807,653.616 -2.608450,43.220867,653.443 -2.608363,43.220907,652.868 -2.608260,43.220921,652.663 -2.608160,43.220903,652.222 -2.608076,43.220856,652.031 -2.608027,43.220790,651.694 -2.607999,43.220721,651.257 -2.607968,43.220646,650.422 -2.607934,43.220566,649.409 -2.607896,43.220485,648.411 -2.607838,43.220407,647.683 -2.607762,43.220337,647.288 -2.607674,43.220286,646.859 -2.607573,43.220263,646.416 -2.607468,43.220266,646.061 -2.607365,43.220288,645.446 -2.607258,43.220317,644.495 -2.607145,43.220345,643.414 -2.607027,43.220368,642.439 -2.606903,43.220378,641.401 -2.606781,43.220371,640.621 -2.606665,43.220350,640.209 -2.606551,43.220316,640.055 -2.606443,43.220289,639.837 -2.606342,43.220292,640.222 -2.606249,43.220326,640.283 -2.606161,43.220378,639.460 -2.606076,43.220438,638.455 -2.605991,43.220501,637.030 -2.605904,43.220562,635.629 -2.605817,43.220622,634.898 -2.605736,43.220679,634.015 -2.605663,43.220745,633.665 -2.605598,43.220812,633.211 -2.605535,43.220883,633.009 -2.605474,43.220956,632.433 -2.605407,43.221032,631.845 -2.605335,43.221110,631.070 -2.605259,43.221186,630.631 -2.605179,43.221262,630.298 -2.605099,43.221338,630.083 -2.605029,43.221400,629.848 -2.604953,43.221445,630.037 -2.604864,43.221470,629.856 -2.604771,43.221470,629.284 -2.604687,43.221440,628.807 -2.604621,43.221387,628.617 -2.604565,43.221327,627.609 -2.604498,43.221271,626.620 -2.604426,43.221211,625.472 -2.604356,43.221151,624.437 -2.604281,43.221088,624.088 -2.604203,43.221025,623.055 -2.604127,43.220960,622.260 -2.604050,43.220893,621.685 -2.603972,43.220824,620.824 -2.603888,43.220757,620.263 -2.603804,43.220693,619.634 -2.603721,43.220624,619.455 -2.603639,43.220555,619.810 -2.603546,43.220488,619.409 -2.603455,43.220427,618.465 -2.603358,43.220362,617.287 -2.603259,43.220296,616.442 -2.603158,43.220230,615.063 -2.603059,43.220165,614.420 -2.602963,43.220101,614.485 -2.602875,43.220039,614.640 -2.602803,43.219977,614.839 -2.602756,43.219909,615.078 -2.602731,43.219838,615.267 -2.602739,43.219771,615.081 -2.602770,43.219713,614.819 -2.602819,43.219671,614.609 -2.602875,43.219644,614.618 -2.602925,43.219619,614.870 -2.602968,43.219587,615.035 -2.603000,43.219549,615.236 -2.603030,43.219506,615.423 -2.603048,43.219463,615.638 -2.603057,43.219417,615.833 -2.603060,43.219368,615.892 -2.603066,43.219317,615.691 -2.603078,43.219266,615.675 -2.603088,43.219215,615.628 -2.603109,43.219164,615.620 -2.603138,43.219118,615.809 -2.603173,43.219076,615.849 -2.603202,43.219033,616.021 -2.603235,43.218995,616.476 -2.603266,43.218953,616.617 -2.603296,43.218912,616.664 -2.603329,43.218872,616.839 -2.603360,43.218835,616.844 -2.603381,43.218790,617.073 -2.603394,43.218738,617.022 -2.603400,43.218688,617.224 -2.603402,43.218640,617.204 -2.603409,43.218591,617.414 -2.603428,43.218544,617.409 -2.603452,43.218500,617.434 -2.603486,43.218460,617.666 -2.603532,43.218424,617.831 -2.603581,43.218393,617.832 -2.603632,43.218368,618.039 -2.603678,43.218343,618.294 -2.603731,43.218321,618.679 -2.603785,43.218297,618.878 -2.603839,43.218265,619.067 -2.603886,43.218227,619.271 -2.603909,43.218184,619.441 -2.603915,43.218137,619.215 -2.603913,43.218091,619.209 -2.603910,43.218043,619.089 -2.603906,43.217992,618.861 -2.603897,43.217942,618.646 -2.603876,43.217894,618.847 -2.603844,43.217851,618.844 -2.603804,43.217813,618.819 -2.603758,43.217776,618.824 -2.603711,43.217745,618.883 -2.603658,43.217714,618.882 -2.603612,43.217679,618.686 -2.603569,43.217642,618.660 -2.603527,43.217607,619.026 -2.603474,43.217575,619.209 -2.603424,43.217534,619.030 -2.603376,43.217491,619.082 -2.603335,43.217442,619.247 -2.603295,43.217395,618.858 -2.603247,43.217346,618.465 -2.603198,43.217298,618.240 -2.603141,43.217249,617.835 -2.603079,43.217203,617.474 -2.603012,43.217160,616.823 -2.602938,43.217118,616.678 -2.602862,43.217080,616.233 -2.602783,43.217042,616.026 -2.602701,43.217004,615.809 -2.602621,43.216969,615.679 -2.602541,43.216936,615.211 -2.602456,43.216905,615.036 -2.602370,43.216878,614.877 -2.602283,43.216864,614.654 -2.602193,43.216861,614.259 -2.602105,43.216868,614.294 -2.602018,43.216885,614.033 -2.601933,43.216906,613.842 -2.601846,43.216928,613.645 -2.601756,43.216954,613.247 -2.601659,43.216975,612.611 -2.601557,43.216982,612.209 -2.601459,43.216975,612.016 -2.601366,43.216961,611.858 -2.601282,43.216948,611.893 -2.601194,43.216931,611.854 -2.601117,43.216902,611.881 -2.601057,43.216857,611.846 -2.601020,43.216800,611.641 -2.601014,43.216737,611.460 -2.601035,43.216680,611.259 -2.601072,43.216631,611.219 -2.601115,43.216589,611.209 -2.601163,43.216547,611.419 -2.601219,43.216509,611.409 -2.601280,43.216476,611.483 -2.601342,43.216442,611.675 -2.601405,43.216409,611.670 -2.601468,43.216376,611.691 -2.601531,43.216347,611.628 -2.601590,43.216316,611.443 -2.601655,43.216276,611.278 -2.601722,43.216229,610.867 -2.601786,43.216178,610.686 -2.601849,43.216125,610.291 -2.601908,43.216071,609.881 -2.601968,43.216015,609.419 -2.602026,43.215956,609.209 -2.602081,43.215899,608.811 -2.602134,43.215840,608.683 -2.602183,43.215778,608.288 -2.602231,43.215713,608.019 -2.602277,43.215649,608.016 -2.602315,43.215583,608.051 -2.602344,43.215515,607.626 -2.602372,43.215446,607.495 -2.602410,43.215378,607.084 -2.602451,43.215313,606.447 -2.602485,43.215256,605.829 -2.602517,43.215203,605.621 -2.602537,43.215156,605.409 -2.602536,43.215115,605.266 -2.602514,43.215087,605.238 -2.602485,43.215075,605.213 -2.602459,43.215083,605.424 -2.602449,43.215090,605.611 -2.602432,43.215098,606.026 -2.602415,43.215103,606.231 -2.602392,43.215114,606.470 -2.602370,43.215126,606.469 -2.602346,43.215137,606.633 -2.602317,43.215145,606.823 -2.602289,43.215155,607.015 -2.602264,43.215167,607.209 -2.602237,43.215184,607.295 -2.602217,43.215200,607.627 -2.602187,43.215219,607.812 -2.602156,43.215238,608.263 -2.602124,43.215247,608.410 -2.602092,43.215265,608.415 -2.602064,43.215286,608.610 -2.602048,43.215306,608.849 -2.602026,43.215323,609.088 -2.602001,43.215342,609.437 -2.601979,43.215360,609.849 -2.601953,43.215377,610.213 -2.601923,43.215393,610.409 -2.601898,43.215408,610.875 -2.601873,43.215424,611.087 -2.601851,43.215439,611.442 -2.601828,43.215456,611.653 -2.601806,43.215473,612.040 -2.601785,43.215489,612.245 -2.601760,43.215505,612.610 -2.601731,43.215523,612.889 -2.601704,43.215539,613.028 -2.601681,43.215557,613.459 -2.601657,43.215575,613.803 -2.601629,43.215591,614.023 -2.601602,43.215609,614.209 -2.601578,43.215625,614.417 -2.601551,43.215643,614.659 -2.601527,43.215658,614.874 -2.601504,43.215675,615.295 -2.601478,43.215693,615.442 -2.601456,43.215709,615.677 -2.601428,43.215726,615.822 -2.601403,43.215740,616.011 -2.601376,43.215756,616.240 -2.601351,43.215774,616.613 -2.601330,43.215792,617.043 -2.601307,43.215809,617.407 -2.601281,43.215825,617.809 -2.601252,43.215841,618.253 -2.601223,43.215856,618.415 -2.601195,43.215870,618.640 -2.601168,43.215886,618.851 -2.601143,43.215904,619.088 -2.601118,43.215921,619.283 -2.601089,43.215936,619.488 -2.601059,43.215952,619.637 -2.601029,43.215971,620.066 -2.601003,43.215988,620.236 -2.600975,43.216003,620.617 -2.600947,43.216019,620.818 -2.600924,43.216034,621.009 -2.600898,43.216049,621.445 -2.600874,43.216065,621.647 -2.600848,43.216081,621.862 -2.600821,43.216097,622.023 -2.600794,43.216116,622.290 -2.600765,43.216132,622.455 -2.600742,43.216148,622.640 -2.600718,43.216166,622.829 -2.600690,43.216184,623.058 -2.600663,43.216199,623.441 -2.600635,43.216214,623.681 -2.600604,43.216231,623.809 -2.600571,43.216248,624.009 -2.600545,43.216262,624.436 -2.600515,43.216277,624.688 -2.600487,43.216290,625.043 -2.600459,43.216303,625.464 -2.600431,43.216320,625.661 -2.600405,43.216332,626.036 -2.600376,43.216345,626.281 -2.600347,43.216361,626.480 -2.600314,43.216373,626.679 -2.600277,43.216384,627.041 -2.600248,43.216393,627.281 -2.600213,43.216403,627.409 -2.600175,43.216412,627.609 -2.600128,43.216422,627.856 -2.600088,43.216427,628.068 -2.600043,43.216430,628.033 -2.600001,43.216431,628.294 -2.599955,43.216434,628.241 -2.599908,43.216438,628.456 -2.599864,43.216441,628.441 -2.599814,43.216446,628.690 -2.599765,43.216451,628.849 -2.599717,43.216460,629.269 -2.599675,43.216471,629.404 -2.599620,43.216484,629.624 -2.599567,43.216491,629.809 -2.599517,43.216496,630.078 -2.599469,43.216501,630.210 -2.599422,43.216509,630.635 -2.599376,43.216517,630.846 -2.599333,43.216522,631.233 -2.599291,43.216527,631.668 -2.599247,43.216532,632.063 -2.599205,43.216539,632.252 -2.599162,43.216545,632.661 -2.599121,43.216547,632.812 -2.599079,43.216550,633.032 -2.599037,43.216554,633.405 -2.599001,43.216566,633.609 -2.598964,43.216575,634.063 -2.598922,43.216584,634.635 -2.598881,43.216586,635.050 -2.598838,43.216588,635.461 -2.598797,43.216591,635.888 -2.598753,43.216589,636.033 -2.598710,43.216585,636.488 -2.598663,43.216579,636.847 -2.598620,43.216576,637.096 -2.598581,43.216572,637.435 -2.598537,43.216566,637.686 -2.598492,43.216556,638.014 -2.598447,43.216548,638.209 -2.598405,43.216540,638.415 -2.598370,43.216532,638.847 -2.598334,43.216522,639.012 -2.598295,43.216509,639.273 -2.598255,43.216499,639.440 -2.598217,43.216490,639.675 -2.598175,43.216481,640.030 -2.598135,43.216474,640.459 -2.598096,43.216462,640.658 -2.598055,43.216452,640.817 -2.598014,43.216446,641.287 -2.597967,43.216439,641.415 -2.597920,43.216429,641.409 -2.597874,43.216420,641.623 -2.597826,43.216412,641.415 -2.597770,43.216401,641.450 -2.597714,43.216390,641.291 -2.597659,43.216378,641.258 -2.597602,43.216370,641.273 -2.597549,43.216362,641.278 -2.597493,43.216354,641.467 -2.597435,43.216349,641.486 -2.597376,43.216341,641.669 -2.597318,43.216334,641.604 -2.597261,43.216327,641.624 -2.597204,43.216323,641.609 -2.597147,43.216322,641.618 -2.597093,43.216321,641.610 -2.597038,43.216315,641.695 -2.596980,43.216307,641.876 -2.596927,43.216304,641.833 -2.596869,43.216305,642.058 -2.596812,43.216311,642.273 -2.596757,43.216319,642.222 -2.596704,43.216330,642.271 -2.596652,43.216344,642.227 -2.596602,43.216359,642.268 -2.596549,43.216377,642.214 -2.596497,43.216394,642.409 -2.596440,43.216409,642.694 -2.596387,43.216424,642.626 -2.596337,43.216439,642.871 -2.596284,43.216457,643.022 -2.596236,43.216476,643.079 -2.596191,43.216498,643.274 -2.596143,43.216522,643.479 -2.596101,43.216551,643.888 -2.596066,43.216581,644.027 -2.596034,43.216613,644.086 -2.596000,43.216650,644.260 -2.595968,43.216684,644.426 -2.595929,43.216719,644.409 -2.595888,43.216752,644.220 -2.595845,43.216785,644.472 -2.595799,43.216818,644.467 -2.595749,43.216848,644.418 -2.595698,43.216872,644.495 -2.595643,43.216895,644.230 -2.595586,43.216916,644.265 -2.595529,43.216935,644.444 -2.595468,43.216955,644.463 -2.595411,43.216972,644.654 -2.595348,43.216990,644.856 -2.595288,43.217007,645.011 -2.595234,43.217030,645.009 -2.595186,43.217057,645.247 -2.595137,43.217086,645.439 -2.595084,43.217115,645.414 -2.595030,43.217141,645.635 -2.594975,43.217167,645.672 -2.594918,43.217188,645.837 -2.594858,43.217206,645.892 -2.594792,43.217219,646.051 -2.594721,43.217225,646.270 -2.594648,43.217222,646.278 -2.594576,43.217209,646.233 -2.594515,43.217181,646.226 -2.594472,43.217142,646.409 -2.594453,43.217096,646.889 -2.594453,43.217053,647.241 -2.594455,43.217013,647.896 -2.594461,43.216974,648.447 -2.594468,43.216939,649.084 -2.594476,43.216904,649.279 -2.594490,43.216868,649.444 -2.594509,43.216833,649.833 -2.594523,43.216798,650.052 -2.594539,43.216762,650.084 -2.594561,43.216727,650.407 -2.594581,43.216692,650.617 -2.594601,43.216655,650.809 -2.594623,43.216618,651.030 -2.594644,43.216582,651.032 -2.594669,43.216547,651.277 -2.594691,43.216512,651.478 -2.594714,43.216475,651.675 -2.594736,43.216436,651.690 -2.594758,43.216398,651.835 -2.594778,43.216358,651.844 -2.594801,43.216322,651.873 -2.594826,43.216283,651.811 -2.594847,43.216246,652.021 -2.594867,43.216205,652.203 -2.594884,43.216162,652.409 -2.594902,43.216121,652.633 -2.594913,43.216082,652.815 -2.594923,43.216041,653.070 -2.594935,43.216000,653.271 -2.594948,43.215957,653.278 -2.594956,43.215916,653.263 -2.594960,43.215873,653.428 -2.594953,43.215829,653.447 -2.594944,43.215786,653.426 -2.594938,43.215741,653.661 -2.594928,43.215696,653.621 -2.594909,43.215656,653.613 -2.594884,43.215614,653.609 -2.594859,43.215570,653.888 -2.594841,43.215524,654.070 -2.594825,43.215479,654.025 -2.594801,43.215433,654.066 -2.594776,43.215386,654.033 -2.594752,43.215336,653.878 -2.594726,43.215289,653.833 -2.594705,43.215242,653.632 -2.594683,43.215193,653.461 -2.594657,43.215144,653.022 -2.594631,43.215087,652.862 -2.594610,43.215023,652.208 -2.594588,43.214957,651.609 -2.594564,43.214886,651.074 -2.594543,43.214813,650.686 -2.594519,43.214738,649.631 -2.594498,43.214660,648.852 -2.594475,43.214580,648.099 -2.594448,43.214497,647.414 -2.594426,43.214409,646.629 -2.594401,43.214320,646.068 -2.594375,43.214228,645.677 -2.594349,43.214137,645.437 -2.594319,43.214044,644.849 -2.594287,43.213955,644.813 -2.594238,43.213873,644.809 -2.594165,43.213808,645.035 -2.594074,43.213766,645.497 -2.593983,43.213744,646.072 -2.593891,43.213725,646.623 -2.593806,43.213708,646.860 -2.593718,43.213689,646.875 -2.593634,43.213668,646.290 -2.593554,43.213650,646.029 -2.593474,43.213633,645.868 -2.593395,43.213609,645.663 -2.593323,43.213584,645.644 -2.593252,43.213561,646.018 -2.593185,43.213529,646.209 -2.593118,43.213500,646.438 -2.593050,43.213469,646.480 -2.592991,43.213433,646.225 -2.592925,43.213400,646.446 -2.592854,43.213370,646.423 -2.592789,43.213336,646.658 -2.592725,43.213310,647.293 -2.592660,43.213291,647.822 -2.592594,43.213282,648.041 -2.592526,43.213283,648.453 -2.592457,43.213293,648.604 -2.592389,43.213308,648.814 -2.592323,43.213330,648.809 -2.592258,43.213356,648.837 -2.592195,43.213386,648.629 -2.592132,43.213416,648.614 -2.592068,43.213447,648.655 -2.592003,43.213476,648.272 -2.591935,43.213504,648.017 -2.591865,43.213529,647.872 -2.591798,43.213553,647.861 -2.591730,43.213575,647.690 -2.591655,43.213593,647.641 -2.591585,43.213609,647.681 -2.591517,43.213629,647.609 -2.591458,43.213659,647.609 -2.591413,43.213699,647.616 -2.591383,43.213751,647.648 -2.591363,43.213808,647.433 -2.591342,43.213870,647.014 -2.591317,43.213930,646.871 -2.591295,43.213994,646.476 -2.591266,43.214055,646.041 -2.591237,43.214114,646.030 -2.591203,43.214164,645.829 -2.591177,43.214218,645.851 -2.591148,43.214268,645.801 -2.591113,43.214320,645.811 -2.591062,43.214368,645.609 -2.590991,43.214405,645.257 -2.590901,43.214424,645.029 -2.590810,43.214422,644.424 -2.590736,43.214400,644.415 -2.590679,43.214364,644.462 -2.590637,43.214321,644.667 -2.590594,43.214278,644.832 -2.590546,43.214242,645.261 -2.590494,43.214208,645.460 -2.590440,43.214176,645.812 -2.590388,43.214145,645.832 -2.590335,43.214113,646.005 -2.590283,43.214084,646.209 -2.590226,43.214053,646.293 -2.590167,43.214023,646.085 -2.590108,43.213997,646.030 -2.590045,43.213984,645.861 -2.589976,43.213980,645.638 -2.589906,43.213979,645.613 -2.589836,43.213979,645.648 -2.589765,43.213974,645.627 -2.589695,43.213960,645.846 -2.589631,43.213931,645.651 -2.589580,43.213890,645.601 -2.589547,43.213842,645.811 -2.589526,43.213796,646.009 -2.589504,43.213755,646.037 -2.589486,43.213714,646.499 -2.589467,43.213676,646.654 -2.589444,43.213640,647.055 -2.589421,43.213603,647.092 -2.589400,43.213565,647.267 -2.589379,43.213527,647.492 -2.589354,43.213494,647.441 -2.589324,43.213461,647.450 -2.589295,43.213432,647.897 -2.589266,43.213402,648.023 -2.589241,43.213374,648.225 -2.589216,43.213346,648.409 -2.589194,43.213323,648.891 -2.589168,43.213300,649.033 -2.589138,43.213278,649.088 -2.589112,43.213255,649.219 -2.589089,43.213233,649.456 -2.589061,43.213214,649.671 -2.589027,43.213194,649.816 -2.588996,43.213176,650.285 -2.588966,43.213158,650.484 -2.588938,43.213140,650.615 -2.588912,43.213118,650.865 -2.588885,43.213098,651.011 -2.588859,43.213077,651.209 -2.588829,43.213059,651.443 -2.588801,43.213042,651.665 -2.588777,43.213022,652.080 -2.588755,43.213002,652.231 -2.588730,43.212982,652.478 -2.588706,43.212962,652.883 -2.588685,43.212941,652.828 -2.588660,43.212920,653.057 -2.588643,43.212899,653.456 -2.588625,43.212880,653.694 -2.588603,43.212861,654.057 -2.588581,43.212843,654.222 -2.588558,43.212824,654.409 -2.588535,43.212802,654.631 -2.588518,43.212781,654.693 -2.588499,43.212757,654.678 -2.588479,43.212733,654.849 -2.588458,43.212712,655.076 -2.588440,43.212690,655.241 -2.588419,43.212669,655.256 -2.588399,43.212647,655.485 -2.588379,43.212628,655.674 -2.588356,43.212608,655.868 -2.588335,43.212587,656.042 -2.588315,43.212567,656.426 -2.588293,43.212547,656.609 -2.588271,43.212527,656.868 -2.588250,43.212502,657.260 -2.588227,43.212482,657.455 -2.588204,43.212465,657.616 -2.588179,43.212445,657.893 -2.588157,43.212423,658.298 -2.588139,43.212401,658.413 -2.588123,43.212379,658.692 -2.588108,43.212357,658.811 -2.588088,43.212338,659.016 -2.588065,43.212319,659.276 -2.588041,43.212298,659.413 -2.588019,43.212278,659.409 -2.587998,43.212256,659.613 -2.587977,43.212234,659.825 -2.587956,43.212212,660.040 -2.587933,43.212190,660.411 -2.587911,43.212171,660.688 -2.587890,43.212151,661.033 -2.587870,43.212130,661.238 -2.587848,43.212108,661.427 -2.587825,43.212087,661.636 -2.587804,43.212065,662.067 -2.587786,43.212044,662.481 -2.587763,43.212020,663.019 -2.587741,43.211997,663.209 -2.587722,43.211976,663.688 -2.587700,43.211957,663.670 -2.587678,43.211935,663.875 -2.587658,43.211914,664.056 -2.587635,43.211896,664.233 -2.587610,43.211876,664.478 -2.587590,43.211855,664.473 -2.587566,43.211836,664.612 -2.587538,43.211818,664.681 -2.587513,43.211797,664.871 -2.587489,43.211778,664.841 -2.587462,43.211763,665.015 -2.587437,43.211743,665.209 -2.587408,43.211724,665.259 -2.587384,43.211701,665.221 -2.587360,43.211677,665.616 -2.587336,43.211658,665.637 -2.587313,43.211637,665.854 -2.587291,43.211615,666.229 -2.587268,43.211593,666.444 -2.587244,43.211573,666.663 -2.587221,43.211553,666.672 -2.587201,43.211532,667.031 -2.587182,43.211512,667.261 -2.587164,43.211491,667.407 -2.587145,43.211467,667.609 -2.587129,43.211443,668.085 -2.587110,43.211421,668.257 -2.587089,43.211400,668.492 -2.587069,43.211379,668.863 -2.587049,43.211358,669.080 -2.587032,43.211333,669.225 -2.587020,43.211311,669.620 -2.587003,43.211287,669.869 -2.586984,43.211264,670.048 -2.586969,43.211241,670.243 -2.586957,43.211217,670.464 -2.586943,43.211193,670.410 -2.586928,43.211169,670.609 -2.586912,43.211145,670.886 -2.586896,43.211121,671.068 -2.586882,43.211097,671.453 -2.586865,43.211073,671.674 -2.586849,43.211047,671.821 -2.586841,43.211018,672.286 -2.586815,43.210998,672.471 -2.586800,43.210978,672.660 -2.586788,43.210955,672.829 -2.586777,43.210933,672.821 -2.586763,43.210910,673.041 -2.586752,43.210884,673.405 -2.586738,43.210858,673.809 -2.586725,43.210833,674.264 -2.586712,43.210810,674.616 -2.586703,43.210784,674.881 -2.586693,43.210757,675.092 -2.586680,43.210733,675.259 -2.586664,43.210712,675.484 -2.586651,43.210686,675.649 -2.586639,43.210661,675.888 -2.586629,43.210636,676.097 -2.586622,43.210609,676.245 -2.586611,43.210586,676.447 -2.586599,43.210559,676.611 -2.586584,43.210535,676.809 -2.586574,43.210511,677.066 -2.586567,43.210484,677.278 -2.586555,43.210458,677.423 -2.586541,43.210437,677.674 -2.586527,43.210412,677.881 -2.586518,43.210388,678.046 -2.586508,43.210363,678.251 -2.586493,43.210341,678.450 -2.586477,43.210316,678.679 -2.586462,43.210290,678.869 -2.586450,43.210263,679.004 -2.586437,43.210238,679.224 -2.586429,43.210215,679.209 -2.586423,43.210189,679.498 -2.586414,43.210160,680.060 -2.586405,43.210133,680.225 -2.586396,43.210111,680.676 -2.586384,43.210087,681.073 -2.586372,43.210066,681.468 -2.586356,43.210042,681.623 -2.586342,43.210016,681.852 -2.586330,43.209989,682.011 -2.586321,43.209962,682.297 -2.586310,43.209935,682.423 -2.586303,43.209911,682.625 -2.586294,43.209886,682.809 -2.586281,43.209864,683.081 -2.586266,43.209840,683.043 -2.586255,43.209817,683.288 -2.586244,43.209794,683.429 -2.586234,43.209769,683.616 -2.586224,43.209744,683.811 -2.586215,43.209720,684.016 -2.586205,43.209696,684.455 -2.586191,43.209672,684.654 -2.586179,43.209647,684.851 -2.586169,43.209623,685.001 -2.586156,43.209601,685.211 -2.586143,43.209576,685.409 -2.586133,43.209548,685.477 -2.586120,43.209522,685.669 -2.586109,43.209499,685.844 -2.586097,43.209474,685.885 -2.586084,43.209450,686.092 -2.586067,43.209428,686.277 -2.586054,43.209405,686.652 -2.586040,43.209383,687.041 -2.586023,43.209360,687.640 -2.586004,43.209340,688.082 -2.585984,43.209320,688.643 -2.585962,43.209300,689.017 -2.585942,43.209278,689.409 -2.585923,43.209254,689.820 -2.585906,43.209229,690.082 -2.585888,43.209205,690.457 -2.585871,43.209181,690.888 -2.585849,43.209156,691.265 -2.585824,43.209135,691.490 -2.585801,43.209116,691.875 -2.585780,43.209095,692.074 -2.585760,43.209076,692.263 -2.585735,43.209058,692.697 -2.585708,43.209043,692.823 -2.585678,43.209028,693.225 -2.585649,43.209015,693.609 -2.585618,43.209004,694.041 -2.585590,43.208993,694.683 -2.585563,43.208984,695.058 -2.585533,43.208978,695.639 -2.585496,43.208969,696.236 -2.585469,43.208958,696.491 -2.585436,43.208952,696.656 -2.585404,43.208954,696.815 -2.585364,43.208956,697.064 -2.585332,43.208943,697.229 -2.585304,43.208924,697.600 -2.585281,43.208899,698.020 -2.585265,43.208874,698.209 -2.585257,43.208844,698.284 -2.585253,43.208812,698.216 -2.585257,43.208786,698.481 -2.585262,43.208757,698.842 -2.585274,43.208727,698.849 -2.585284,43.208700,699.034 -2.585289,43.208674,699.499 -2.585294,43.208648,699.688 -2.585298,43.208621,699.837 -2.585302,43.208596,700.025 -2.585307,43.208570,700.226 -2.585309,43.208545,700.408 -2.585310,43.208518,700.609 -2.585310,43.208491,700.884 -2.585305,43.208464,701.026 -2.585301,43.208436,701.211 -2.585297,43.208409,701.482 -2.585291,43.208387,701.659 -2.585286,43.208366,701.864 -2.585280,43.208339,702.099 -2.585276,43.208312,702.448 -2.585269,43.208286,702.897 -2.585258,43.208263,703.228 -2.585246,43.208238,703.489 -2.585239,43.208212,703.617 -2.585233,43.208185,703.809 -2.585230,43.208158,704.064 -2.585229,43.208132,704.246 -2.585222,43.208104,704.611 -2.585216,43.208078,704.832 -2.585212,43.208052,705.229 -2.585200,43.208025,705.814 -2.585184,43.208000,706.259 -2.585174,43.207976,706.478 -2.585172,43.207951,706.647 -2.585166,43.207925,706.627 -2.585159,43.207899,706.668 -2.585149,43.207873,706.614 -2.585139,43.207848,707.009 -2.585126,43.207822,707.494 -2.585112,43.207793,707.896 -2.585101,43.207768,708.231 -2.585093,43.207745,708.622 -2.585082,43.207720,709.069 -2.585071,43.207697,709.474 -2.585064,43.207674,709.899 -2.585055,43.207650,710.048 -2.585043,43.207623,710.097 -2.585035,43.207599,710.023 -2.585020,43.207575,710.283 -2.585004,43.207551,710.211 -2.584988,43.207529,710.609 -2.584973,43.207505,711.054 -2.584960,43.207480,711.286 -2.584950,43.207453,711.411 -2.584940,43.207425,711.452 -2.584929,43.207398,711.859 -2.584909,43.207375,712.214 -2.584893,43.207354,712.659 -2.584883,43.207331,713.078 -2.584871,43.207304,713.657 -2.584861,43.207281,713.831 -2.584852,43.207256,714.261 -2.584846,43.207228,714.607 -2.584836,43.207204,714.809 -2.584822,43.207177,715.035 -2.584808,43.207154,715.467 -2.584798,43.207130,715.632 -2.584789,43.207103,716.013 -2.584776,43.207080,716.290 -2.584759,43.207055,716.645 -2.584739,43.207033,716.850 -2.584719,43.207007,717.069 -2.584703,43.206984,717.228 -2.584686,43.206960,717.638 -2.584671,43.206936,717.870 -2.584652,43.206915,718.217 -2.584632,43.206894,718.809 -2.584610,43.206874,719.285 -2.584591,43.206852,719.477 -2.584572,43.206830,719.842 -2.584551,43.206809,720.013 -2.584529,43.206789,720.480 -2.584509,43.206768,720.685 -2.584496,43.206743,721.060 -2.584480,43.206719,721.479 -2.584465,43.206691,721.858 -2.584448,43.206664,722.211 -2.584426,43.206645,722.421 -2.584399,43.206629,722.603 -2.584370,43.206615,723.009 -2.584339,43.206606,723.413 -2.584313,43.206600,723.685 -2.584291,43.206592,724.040 -2.584265,43.206587,724.491 -2.584234,43.206585,724.678 -2.584203,43.206589,724.823 -2.584172,43.206594,725.018 -2.584145,43.206605,725.477 -2.584122,43.206617,725.826 -2.584099,43.206634,726.249 -2.584089,43.206654,726.602 -2.584082,43.206679,727.022 -2.584074,43.206704,727.409 -2.584065,43.206727,727.886 -2.584057,43.206747,728.038 -2.584050,43.206767,728.243 -2.584040,43.206788,728.674 -2.584034,43.206812,728.891 -2.584030,43.206836,729.266 -2.584022,43.206862,729.611 -2.584014,43.206888,730.030 -2.584003,43.206913,730.499 -2.583995,43.206939,731.057 -2.583988,43.206965,731.600 -2.583980,43.206987,732.020 -2.583971,43.207009,732.409 -2.583963,43.207035,732.897 -2.583954,43.207060,733.069 -2.583940,43.207084,733.244 -2.583928,43.207107,733.675 -2.583917,43.207130,734.062 -2.583909,43.207155,734.487 -2.583900,43.207179,734.872 -2.583884,43.207203,735.211 -2.583871,43.207226,735.670 -2.583857,43.207250,736.038 -2.583844,43.207273,736.470 -2.583830,43.207295,736.617 -2.583816,43.207318,737.009 -2.583799,43.207341,737.495 -2.583785,43.207364,737.687 -2.583774,43.207388,738.052 -2.583761,43.207412,738.243 -2.583740,43.207431,738.630 -2.583719,43.207447,739.075 -2.583697,43.207467,739.430 -2.583678,43.207488,739.879 -2.583663,43.207511,740.238 -2.583648,43.207534,740.618 -2.583629,43.207557,740.898 -2.583606,43.207576,741.017 -2.583587,43.207593,741.409 -2.583567,43.207612,741.883 -2.583545,43.207633,742.275 -2.583533,43.207652,742.460 -2.583517,43.207676,742.891 -2.583493,43.207699,743.228 -2.583474,43.207719,743.633 -2.583457,43.207742,743.898 -2.583438,43.207770,744.257 -2.583415,43.207798,744.616 -2.583394,43.207823,745.081 -2.583372,43.207848,745.461 -2.583346,43.207875,745.617 -2.583322,43.207897,745.809 -2.583301,43.207921,746.020 -2.583276,43.207946,746.292 -2.583252,43.207972,746.417 -2.583229,43.207997,746.898 -2.583206,43.208024,747.075 -2.583182,43.208051,747.450 -2.583154,43.208076,747.635 -2.583126,43.208100,747.654 -2.583102,43.208122,747.863 -2.583074,43.208144,748.021 -2.583044,43.208166,748.241 -2.583014,43.208186,748.805 -2.582987,43.208211,749.209 -2.582957,43.208235,749.694 -2.582927,43.208254,750.036 -2.582896,43.208273,750.421 -2.582861,43.208289,750.482 -2.582826,43.208307,750.679 -2.582789,43.208326,750.824 -2.582757,43.208345,751.099 -2.582725,43.208364,751.098 -2.582690,43.208383,751.267 -2.582657,43.208400,751.431 -2.582622,43.208418,751.661 -2.582594,43.208437,752.007 -2.582572,43.208460,752.209 -2.582542,43.208484,752.415 -2.582516,43.208505,752.887 -2.582494,43.208526,753.242 -2.582463,43.208547,753.423 -2.582425,43.208568,753.890 -2.582393,43.208590,754.225 -2.582361,43.208614,754.460 -2.582327,43.208638,754.839 -2.582295,43.208664,755.098 -2.582257,43.208680,755.484 -2.582228,43.208702,755.607 -2.582198,43.208723,755.817 -2.582167,43.208744,756.009 -2.582133,43.208766,756.280 -2.582098,43.208787,756.662 -2.582066,43.208806,756.817 -2.582032,43.208824,757.298 -2.582002,43.208842,757.485 -2.581971,43.208863,757.880 -2.581936,43.208881,758.055 -2.581903,43.208901,758.434 -2.581875,43.208921,758.673 -2.581848,43.208943,758.867 -2.581824,43.208968,759.081 -2.581798,43.208992,759.419 -2.581781,43.209018,759.809 -2.581765,43.209049,760.288 -2.581746,43.209078,760.670 -2.581726,43.209104,760.815 -2.581706,43.209134,761.226 -2.581686,43.209164,761.463 -2.581664,43.209198,761.628 -2.581638,43.209228,761.863 -2.581619,43.209251,761.842 -2.581595,43.209277,762.061 -2.581576,43.209311,762.457 -2.581550,43.209335,762.800 -2.581530,43.209364,763.220 -2.581514,43.209390,763.809 -2.581496,43.209418,764.227 -2.581471,43.209446,764.839 -2.581445,43.209469,765.014 -2.581417,43.209495,765.485 -2.581393,43.209519,765.662 -2.581370,43.209545,765.817 -2.581347,43.209569,766.032 -2.581328,43.209589,766.451 -2.581310,43.209610,766.690 -2.581296,43.209632,766.853 -2.581273,43.209655,767.204 -2.581250,43.209681,767.214 -2.581234,43.209709,767.209 -2.581217,43.209739,767.477 -2.581196,43.209767,767.659 -2.581172,43.209795,767.864 -2.581148,43.209820,768.275 -2.581125,43.209843,768.262 -2.581102,43.209865,768.497 -2.581075,43.209882,768.872 -2.581051,43.209903,769.051 -2.581026,43.209923,769.480 -2.581003,43.209944,769.695 -2.580974,43.209964,770.049 -2.580946,43.209982,770.223 -2.580913,43.209995,770.409 -2.580877,43.210006,770.881 -2.580846,43.210011,771.483 -2.580815,43.210005,771.618 -2.580783,43.209993,772.089 -2.580758,43.209977,772.266 -2.580733,43.209952,772.611 -2.580713,43.209926,772.876 -2.580694,43.209902,773.215 -2.580679,43.209877,773.854 -2.580652,43.209859,774.267 -2.580629,43.209839,774.681 -2.580612,43.209810,775.019 -2.580613,43.209776,775.409 -2.580615,43.209744,775.678 -2.580602,43.209715,776.020 -2.580584,43.209691,776.475 -2.580564,43.209665,776.816 -2.580545,43.209642,777.423 -2.580525,43.209619,778.058 -2.580509,43.209595,778.273 -2.580495,43.209574,778.452 -2.580478,43.209550,778.831 -2.580464,43.209526,779.085 -2.580447,43.209503,779.289 -2.580432,43.209481,779.817 -2.580414,43.209458,780.209 -2.580400,43.209431,780.610 -2.580390,43.209403,781.022 -2.580379,43.209377,781.497 -2.580370,43.209351,781.688 -2.580361,43.209324,782.095 -2.580350,43.209299,782.440 -2.580342,43.209274,782.815 -2.580332,43.209248,783.274 -2.580320,43.209226,783.623 -2.580302,43.209203,783.864 -2.580284,43.209176,784.006 -2.580266,43.209156,784.416 -2.580242,43.209137,784.609 -2.580214,43.209121,784.898 -2.580188,43.209103,785.230 -2.580159,43.209087,785.635 -2.580127,43.209079,785.866 -2.580096,43.209079,786.033 -2.580059,43.209082,786.478 -2.580031,43.209090,786.683 -2.580001,43.209107,786.662 -2.579976,43.209128,787.061 -2.579957,43.209152,787.483 -2.579939,43.209181,787.625 -2.579925,43.209210,788.217 -2.579904,43.209235,788.409 -2.579886,43.209266,788.650 -2.579867,43.209297,789.062 -2.579860,43.209334,789.477 -2.579844,43.209368,789.898 -2.579829,43.209401,790.495 -2.579810,43.209437,790.890 -2.579789,43.209471,791.245 -2.579765,43.209508,791.494 -2.579747,43.209544,791.813 -2.579730,43.209579,792.449 -2.579712,43.209617,793.002 -2.579689,43.209655,793.422 -2.579666,43.209691,793.609 -2.579644,43.209727,793.876 -2.579630,43.209763,794.068 -2.579616,43.209800,794.213 -2.579604,43.209835,794.694 -2.579588,43.209875,795.241 -2.579575,43.209918,795.826 -2.579559,43.209960,796.021 -2.579541,43.210001,796.450 -2.579530,43.210041,796.899 -2.579512,43.210079,797.271 -2.579484,43.210115,797.641 -2.579449,43.210148,798.015 -2.579414,43.210182,798.409 -2.579375,43.210215,798.829 -2.579335,43.210244,799.071 -2.579299,43.210276,799.426 -2.579270,43.210310,799.637 -2.579232,43.210342,800.074 -2.579199,43.210375,800.489 -2.579168,43.210410,800.854 -2.579138,43.210440,801.093 -2.579112,43.210473,801.472 -2.579096,43.210511,801.866 -2.579077,43.210549,802.229 -2.579059,43.210588,802.421 -2.579049,43.210627,802.809 -2.579040,43.210663,803.268 -2.579029,43.210702,803.630 -2.579018,43.210739,804.055 -2.579009,43.210778,804.236 -2.579004,43.210818,804.443 -2.578995,43.210857,804.838 -2.578984,43.210896,805.023 -2.578973,43.210936,805.222 -2.578965,43.210975,805.671 -2.578952,43.211012,805.878 -2.578940,43.211048,806.033 -2.578932,43.211086,806.426 -2.578933,43.211123,806.809 -2.578930,43.211162,807.039 -2.578931,43.211201,807.431 -2.578927,43.211240,807.646 -2.578929,43.211280,807.817 -2.578940,43.211319,808.254 -2.578951,43.211355,808.459 -2.578959,43.211389,808.654 -2.578969,43.211426,808.823 -2.578985,43.211462,809.092 -2.579005,43.211497,809.464 -2.579023,43.211529,809.606 -2.579039,43.211563,810.016 -2.579062,43.211597,810.409 -2.579084,43.211633,810.838 -2.579104,43.211668,811.070 -2.579118,43.211704,811.475 -2.579133,43.211739,811.816 -2.579147,43.211775,812.053 -2.579162,43.211810,812.468 -2.579182,43.211844,813.013 -2.579203,43.211877,813.462 -2.579213,43.211914,813.831 -2.579234,43.211953,814.278 -2.579249,43.211991,814.633 -2.579259,43.212032,815.226 -2.579282,43.212066,815.609 -2.579303,43.212100,815.899 -2.579317,43.212134,816.271 -2.579335,43.212168,816.666 -2.579352,43.212206,816.867 -2.579368,43.212243,817.284 -2.579383,43.212280,817.869 -2.579397,43.212321,818.214 -2.579408,43.212360,818.683 -2.579424,43.212399,819.042 -2.579437,43.212436,819.687 -2.579450,43.212475,820.042 -2.579465,43.212514,820.426 -2.579477,43.212554,820.809 -2.579492,43.212594,821.220 -2.579504,43.212631,821.622 -2.579516,43.212666,822.467 -2.579533,43.212702,823.038 -2.579546,43.212739,823.655 -2.579549,43.212776,824.280 -2.579559,43.212816,824.275 -2.579569,43.212858,824.264 -2.579573,43.212898,824.643 -2.579575,43.212941,824.884 -2.579571,43.212983,825.007 -2.579570,43.213019,825.417 -2.579566,43.213058,825.809 -2.579558,43.213097,826.050 -2.579546,43.213137,826.422 -2.579531,43.213177,827.057 -2.579514,43.213216,827.458 -2.579495,43.213257,828.015 -2.579470,43.213295,828.650 -2.579445,43.213332,829.065 -2.579417,43.213369,829.234 -2.579385,43.213404,829.413 -2.579357,43.213438,829.826 -2.579331,43.213470,830.247 -2.579302,43.213507,830.811 -2.579270,43.213543,831.209 -2.579233,43.213577,831.684 -2.579198,43.213611,832.076 -2.579170,43.213648,832.271 -2.579142,43.213684,832.632 -2.579115,43.213719,833.019 -2.579074,43.213752,833.664 -2.579043,43.213783,834.289 -2.579017,43.213817,834.658 -2.578990,43.213850,835.287 -2.578961,43.213887,835.418 -2.578934,43.213922,835.898 -2.578911,43.213958,836.217 -2.578889,43.213994,836.609 -2.578860,43.214031,837.013 -2.578822,43.214066,837.485 -2.578786,43.214099,837.850 -2.578750,43.214135,838.261 -2.578718,43.214169,838.648 -2.578693,43.214202,838.883 -2.578665,43.214233,839.218 -2.578634,43.214262,839.827 -2.578596,43.214290,840.266 -2.578546,43.214313,840.866 -2.578489,43.214324,841.429 -2.578433,43.214326,842.021 -2.578379,43.214317,842.409 -2.578330,43.214296,842.888 -2.578293,43.214264,843.280 -2.578269,43.214229,843.655 -2.578254,43.214192,844.026 -2.578245,43.214153,844.683 -2.578239,43.214113,845.078 -2.578233,43.214075,845.693 -2.578224,43.214038,846.082 -2.578215,43.213998,846.411 -2.578211,43.213962,846.832 -2.578214,43.213926,847.092 -2.578213,43.213891,847.411 -2.578213,43.213855,847.609 -2.578208,43.213814,847.835 -2.578210,43.213771,848.027 -2.578209,43.213728,848.232 -2.578200,43.213688,848.463 -2.578194,43.213646,848.690 -2.578187,43.213603,848.855 -2.578182,43.213559,849.260 -2.578176,43.213515,849.499 -2.578166,43.213469,849.498 -2.578149,43.213430,849.866 -2.578128,43.213391,850.029 -2.578107,43.213350,850.021 -2.578082,43.213310,850.409 -2.578057,43.213276,850.678 -2.578023,43.213241,850.470 -2.577989,43.213205,850.495 -2.577956,43.213171,850.696 -2.577919,43.213140,851.013 -2.577887,43.213106,851.448 -2.577848,43.213072,852.013 -2.577802,43.213040,852.622 -2.577748,43.213009,853.031 -2.577694,43.212970,853.013 -2.577642,43.212932,853.243 -2.577589,43.212901,853.207 -2.577537,43.212867,853.409 -2.577484,43.212830,853.483 -2.577435,43.212790,853.435 -2.577381,43.212753,853.480 -2.577332,43.212715,853.421 -2.577277,43.212677,853.028 -2.577214,43.212640,852.863 -2.577146,43.212603,853.018 -2.577079,43.212564,853.087 -2.577016,43.212519,852.816 -2.576959,43.212472,852.447 -2.576900,43.212431,852.429 -2.576843,43.212392,852.221 -2.576778,43.212351,851.809 -2.576709,43.212306,852.056 -2.576646,43.212254,852.268 -2.576584,43.212206,852.263 -2.576522,43.212155,852.024 -2.576459,43.212100,851.841 -2.576396,43.212043,851.446 -2.576325,43.211988,850.871 -2.576254,43.211945,850.430 -2.576184,43.211910,850.649 -2.576119,43.211876,850.663 -2.576060,43.211841,850.644 -2.576004,43.211811,851.018 -2.575949,43.211785,851.409 -2.575902,43.211758,852.088 -2.575865,43.211732,852.610 -2.575827,43.211710,853.055 -2.575778,43.211692,853.416 -2.575726,43.211674,853.823 -2.575675,43.211659,853.848 -2.575625,43.211652,854.263 -2.575562,43.211644,854.832 -2.575507,43.211630,855.661 -2.575448,43.211615,855.876 -2.575391,43.211607,856.290 -2.575334,43.211596,856.419 -2.575284,43.211578,856.809 -2.575232,43.211555,857.219 -2.575184,43.211529,857.651 -2.575132,43.211500,858.096 -2.575082,43.211469,858.277 -2.575029,43.211438,858.844 -2.574977,43.211409,859.059 -2.574928,43.211381,859.484 -2.574882,43.211355,859.663 -2.574833,43.211327,860.032 -2.574782,43.211299,860.282 -2.574735,43.211273,860.643 -2.574686,43.211250,861.017 -2.574637,43.211228,861.409 -2.574582,43.211204,861.870 -2.574520,43.211174,862.082 -2.574457,43.211150,862.297 -2.574392,43.211129,862.238 -2.574330,43.211110,862.465 -2.574272,43.211095,862.890 -2.574217,43.211084,863.085 -2.574160,43.211070,863.234 -2.574101,43.211063,863.423 -2.574038,43.211068,863.656 -2.573975,43.211072,863.459 -2.573909,43.211067,863.614 -2.573849,43.211062,863.809 -2.573780,43.211060,863.817 -2.573709,43.211059,863.699 -2.573638,43.211059,863.614 -2.573565,43.211059,863.495 -2.573491,43.211058,863.212 -2.573418,43.211060,863.277 -2.573346,43.211062,863.292 -2.573268,43.211063,863.071 -2.573187,43.211061,862.850 -2.573100,43.211061,862.895 -2.573017,43.211066,862.649 -2.572944,43.211069,862.623 -2.572876,43.211076,863.009 -2.572812,43.211081,863.281 -2.572758,43.211098,863.443 -2.572707,43.211114,863.218 -2.572659,43.211133,863.079 -2.572597,43.211163,862.816 -2.572540,43.211191,862.061 -2.572489,43.211227,861.696 -2.572445,43.211272,860.675 -2.572412,43.211323,859.684 -2.572373,43.211381,859.059 -2.572315,43.211440,858.003 -2.572252,43.211505,857.023 -2.572188,43.211567,856.009 -2.572128,43.211628,854.867 -2.572070,43.211684,853.469 -2.572010,43.211725,853.014 -2.571944,43.211751,852.675 -2.571870,43.211766,852.632 -2.571796,43.211785,852.637 -2.571733,43.211812,852.442 -2.571691,43.211853,852.451 -2.571675,43.211892,851.620 -2.571671,43.211930,851.468 -2.571670,43.211964,851.042 -2.571653,43.211998,851.026 -2.571626,43.212025,851.209 -2.571598,43.212050,851.698 -2.571576,43.212078,852.280 -2.571554,43.212104,852.665 -2.571524,43.212130,853.046 -2.571495,43.212154,853.473 -2.571463,43.212184,853.858 -2.571441,43.212211,854.043 -2.571425,43.212236,854.462 -2.571408,43.212265,854.871 -2.571386,43.212297,855.244 -2.571362,43.212328,855.405 -2.571354,43.212358,855.615 -2.571339,43.212386,856.209 -2.571325,43.212415,856.646 -2.571314,43.212444,856.828 -2.571302,43.212477,857.233 -2.571287,43.212510,857.244 -2.571278,43.212542,857.411 -2.571266,43.212572,857.676 -2.571248,43.212606,857.661 -2.571235,43.212637,857.670 -2.571213,43.212665,857.699 -2.571185,43.212698,857.622 -2.571165,43.212729,857.462 -2.571157,43.212762,857.408 -2.571146,43.212783,857.409 -2.571148,43.212802,857.434 -2.571144,43.212815,857.666 -2.571139,43.212837,857.821 -2.571138,43.212864,857.842 -2.571137,43.212892,857.479 -2.571128,43.212924,857.094 -2.571117,43.212956,856.859 -2.571113,43.212987,856.468 -2.571104,43.213013,855.857 -2.571106,43.213040,855.243 -2.571089,43.213063,854.864 -2.571055,43.213071,854.610 -2.571013,43.213077,854.009 -2.570966,43.213093,853.426 -2.570900,43.213111,852.878 -2.570831,43.213130,852.433 -2.570771,43.213153,852.054 -2.570721,43.213180,851.231 -2.570676,43.213207,850.626 -2.570633,43.213231,849.671 -2.570594,43.213253,848.840 -2.570563,43.213279,848.059 -2.570544,43.213303,847.287 -2.570516,43.213325,846.842 -2.570480,43.213343,846.226 -2.570437,43.213358,845.609 -2.570396,43.213361,845.210 -2.570347,43.213359,844.652 -2.570296,43.213369,843.697 -2.570261,43.213393,842.468 -2.570232,43.213426,841.285 -2.570204,43.213460,840.820 -2.570177,43.213494,840.015 -2.570146,43.213532,839.234 -2.570108,43.213573,838.253 -2.570064,43.213610,837.419 -2.570012,43.213639,836.609 -2.569970,43.213670,835.619 -2.569941,43.213712,835.009 -2.569913,43.213745,834.083 -2.569878,43.213770,833.485 -2.569823,43.213775,832.880 -2.569759,43.213775,832.251 -2.569707,43.213794,831.898 -2.569660,43.213831,830.893 -2.569604,43.213867,830.468 -2.569542,43.213907,829.887 -2.569467,43.213955,829.466 -2.569397,43.214009,828.236 -2.569328,43.214072,826.017 -2.569258,43.214120,825.818 -2.569184,43.214166,825.409 -2.569128,43.214215,824.645 -2.569087,43.214258,824.477 -2.569034,43.214277,824.082 -2.568976,43.214279,823.413 -2.568909,43.214272,823.220 -2.568842,43.214259,823.035 -2.568781,43.214259,822.670 -2.568718,43.214274,822.229 -2.568655,43.214293,821.628 -2.568593,43.214317,821.237 -2.568528,43.214347,821.249 -2.568455,43.214371,820.813 -2.568375,43.214389,820.609 -2.568288,43.214398,820.625 -2.568190,43.214400,820.837 -2.568089,43.214397,820.472 -2.567979,43.214387,819.643 -2.567862,43.214366,818.070 -2.567742,43.214336,816.275 -2.567621,43.214291,815.830 -2.567503,43.214240,815.679 -2.567395,43.214173,814.478 -2.567296,43.214097,815.226 -2.567198,43.214024,816.847 -2.567107,43.213949,816.411 -2.567023,43.213866,815.609 -2.566949,43.213785,814.684 -2.566877,43.213711,813.636 -2.566805,43.213642,813.091 -2.566733,43.213579,811.842 -2.566662,43.213517,811.099 -2.566592,43.213460,810.224 -2.566517,43.213412,809.479 -2.566450,43.213368,809.418 -2.566392,43.213323,809.047 -2.566337,43.213281,809.075 -2.566282,43.213240,808.828 -2.566234,43.213202,808.620 -2.566188,43.213168,808.209 -2.566138,43.213141,808.279 -2.566092,43.213117,808.261 -2.566054,43.213088,808.276 -2.566016,43.213060,808.617 -2.565976,43.213030,808.654 -2.565936,43.213004,808.499 -2.565894,43.212982,807.834 -2.565852,43.212962,807.043 -2.565806,43.212940,806.472 -2.565761,43.212914,806.261 -2.565722,43.212885,806.421 -2.565685,43.212856,806.613 -2.565648,43.212828,807.009 -2.565614,43.212800,807.298 -2.565583,43.212771,807.490 -2.565547,43.212750,807.415 -2.565510,43.212733,807.886 -2.565472,43.212709,808.093 -2.565439,43.212685,808.448 -2.565401,43.212662,808.813 -2.565364,43.212640,808.832 -2.565327,43.212619,809.071 -2.565288,43.212601,809.446 -2.565247,43.212581,809.888 -2.565207,43.212565,810.216 -2.565169,43.212548,810.409 -2.565133,43.212533,810.696 -2.565094,43.212520,811.098 -2.565054,43.212509,811.033 -2.565009,43.212497,811.244 -2.564969,43.212483,811.451 -2.564927,43.212471,811.666 -2.564889,43.212457,811.831 -2.564851,43.212444,812.090 -2.564808,43.212431,812.299 -2.564765,43.212420,812.248 -2.564722,43.212406,812.461 -2.564679,43.212390,812.617 -2.564642,43.212373,812.809 -2.564603,43.212358,813.076 -2.564562,43.212344,813.288 -2.564523,43.212332,813.473 -2.564481,43.212320,813.294 -2.564435,43.212307,813.251 -2.564390,43.212295,813.216 -2.564350,43.212285,813.271 -2.564309,43.212275,813.260 -2.564270,43.212259,813.469 -2.564238,43.212241,813.471 -2.564206,43.212228,813.641 -2.564174,43.212216,813.815 -2.564143,43.212204,814.009 -2.564113,43.212194,814.429 -2.564078,43.212184,814.611 -2.564047,43.212171,815.026 -2.564023,43.212160,815.257 -2.563998,43.212155,815.414 -2.563965,43.212155,815.489 -2.563933,43.212162,815.694 -2.563914,43.212170,815.673 -2.563911,43.212180,815.882 -2.563916,43.212198,816.046 -2.563926,43.212214,816.288 -2.563936,43.212235,816.416 -2.563932,43.212257,816.409 -2.563918,43.212283,816.436 -2.563893,43.212302,816.438 -2.563873,43.212308,816.663 -2.563870,43.212314,817.014 -2.563866,43.212312,817.821 -2.563865,43.212312,818.226 -2.563847,43.212309,818.631 -2.563840,43.212310,818.880 -2.563843,43.212311,819.079 -2.563843,43.212311,819.099 -2.563833,43.212318,819.007 -2.563820,43.212325,819.227 -2.563806,43.212330,819.209 -2.563807,43.212331,819.291 -2.563808,43.212331,819.263 -2.563808,43.212331,819.258 -2.563807,43.212331,819.289 -2.563790,43.212326,819.466 -2.563758,43.212315,819.441 -2.563734,43.212299,819.456 -2.563701,43.212289,819.885 -2.563673,43.212269,820.024 -2.563645,43.212248,820.458 -2.563616,43.212225,820.652 -2.563584,43.212204,820.617 -2.563550,43.212185,820.809 -2.563518,43.212167,821.097 -2.563491,43.212145,821.479 -2.563470,43.212121,822.064 -2.563449,43.212097,822.265 -2.563421,43.212072,822.472 -2.563384,43.212051,822.217 -2.563354,43.212028,822.242 -2.563329,43.212001,822.211 -2.563308,43.211976,822.030 -2.563282,43.211955,822.075 -2.563256,43.211931,822.028 -2.563237,43.211906,822.020 -2.563214,43.211885,822.009 -2.563190,43.211867,822.299 -2.563172,43.211850,822.251 -2.563158,43.211835,822.266 -2.563145,43.211819,822.217 -2.563139,43.211815,822.244 -2.563145,43.211819,822.239 -2.563145,43.211820,822.094 -2.563145,43.211820,822.093 -2.563145,43.211820,821.882 -2.563145,43.211820,821.624 -2.563145,43.211820,821.404 -2.563145,43.211820,821.214 -2.563145,43.211820,821.209 -2.563145,43.211820,821.084 -2.563145,43.211820,821.026 -2.563145,43.211820,820.841 -2.563145,43.211820,820.632 -2.563145,43.211820,820.459 -2.563145,43.211820,820.484 -2.563145,43.211820,820.429 -2.563145,43.211820,820.628 -2.563145,43.211820,820.687 -2.563145,43.211820,820.659 -2.563145,43.211820,820.603 -2.563145,43.211820,820.623 -2.563145,43.211820,820.809 -2.563146,43.211822,821.067 -2.563145,43.211820,821.459 -2.563145,43.211820,821.634 -2.563145,43.211820,821.885 -2.563144,43.211816,822.082 -2.563131,43.211805,822.097 -2.563111,43.211791,822.082 -2.563091,43.211775,822.221 -2.563077,43.211753,822.280 -2.563066,43.211736,822.223 -2.563054,43.211719,822.083 -2.563048,43.211707,821.811 -2.563042,43.211698,821.409 -2.563038,43.211693,821.054 -2.563036,43.211695,820.666 -2.563036,43.211695,820.261 -2.563036,43.211695,820.232 -2.563036,43.211695,820.099 -2.563036,43.211695,819.864 -2.563036,43.211695,819.879 -2.563036,43.211695,819.888 -2.563036,43.211695,819.817 -2.563036,43.211695,819.825 -2.563036,43.211695,819.826 -2.563036,43.211695,819.608 -2.563036,43.211695,819.609 -2.563036,43.211695,819.474 -2.563036,43.211695,819.226 -2.563036,43.211695,819.061 -2.563036,43.211695,818.832 -2.563036,43.211695,818.839 -2.563036,43.211695,818.624 -2.563036,43.211695,818.419 -2.563036,43.211695,818.468 -2.563036,43.211695,818.427 -2.563036,43.211695,818.693 -2.563036,43.211695,818.865 -2.563036,43.211695,818.821 -2.563036,43.211695,819.009 -2.563036,43.211695,819.021 -2.563036,43.211695,819.063 -2.563036,43.211695,818.888 -2.563036,43.211695,818.899 -2.563036,43.211695,818.856 -2.563036,43.211695,818.881 -2.563036,43.211695,818.836 -2.563036,43.211695,818.855 -2.563036,43.211695,818.864 -2.563036,43.211695,818.831 -2.563036,43.211695,818.861 -2.563036,43.211695,818.607 -2.563036,43.211695,818.609 -2.563036,43.211695,818.685 -2.563036,43.211695,818.627 -2.563036,43.211695,818.832 -2.563036,43.211695,818.883 -2.563036,43.211695,819.070 -2.563036,43.211695,819.275 -2.563036,43.211695,819.440 -2.563036,43.211695,819.639 -2.563037,43.211697,819.688 -2.563038,43.211694,819.696 -2.563036,43.211695,819.431 -2.563036,43.211695,819.424 -2.563036,43.211695,819.209 -2.563036,43.211695,819.011 -2.563036,43.211695,818.883 -2.563036,43.211695,818.858 -2.563036,43.211695,818.649 -2.563036,43.211695,818.666 -2.563036,43.211695,818.621 -2.563037,43.211694,818.666 -2.563036,43.211695,818.815 -2.563036,43.211695,819.044 -2.563036,43.211695,819.265 -2.563036,43.211695,819.468 -2.563032,43.211689,819.614 -2.563043,43.211673,819.809 -2.563050,43.211656,819.898 -2.563069,43.211644,819.440 -2.563093,43.211640,818.855 -2.563123,43.211644,817.066 -2.563156,43.211648,815.813 -2.563192,43.211641,815.098 -2.563215,43.211626,815.083 -2.563240,43.211608,815.082 -2.563280,43.211598,814.481 -2.563319,43.211594,813.699 -2.563353,43.211580,813.007 -2.563363,43.211554,812.827 -2.563342,43.211532,812.609 -2.563314,43.211514,812.631 -2.563286,43.211490,813.023 -2.563262,43.211458,813.458 -2.563229,43.211423,814.099 -2.563188,43.211391,814.466 -2.563147,43.211358,814.041 -2.563105,43.211320,813.886 -2.563059,43.211280,813.655 -2.563020,43.211237,813.024 -2.562979,43.211191,812.453 -2.562927,43.211146,811.804 -2.562876,43.211097,811.614 -2.562832,43.211046,810.609 -2.562787,43.210994,809.867 -2.562741,43.210942,809.419 -2.562701,43.210889,808.824 -2.562657,43.210836,808.685 -2.562618,43.210767,808.062 -2.562588,43.210691,806.657 -2.562568,43.210617,805.482 -2.562560,43.210534,803.021 -2.562544,43.210449,801.650 -2.562526,43.210372,798.451 -2.562508,43.210285,796.601 -2.562474,43.210188,795.211 -2.562428,43.210087,794.009 -2.562372,43.209998,792.897 -2.562323,43.209915,791.819 -2.562290,43.209840,790.064 -2.562269,43.209774,789.645 -2.562229,43.209709,788.282 -2.562158,43.209639,787.677 -2.562094,43.209566,785.872 -2.562042,43.209478,783.861 -2.561969,43.209385,780.480 -2.561883,43.209302,777.026 -2.561812,43.209219,775.847 -2.561765,43.209124,774.811 -2.561738,43.209030,773.609 -2.561724,43.208939,771.234 -2.561682,43.208836,769.276 -2.561612,43.208731,764.611 -2.561548,43.208630,762.242 -2.561496,43.208529,761.029 -2.561446,43.208420,757.414 -2.561389,43.208312,754.639 -2.561326,43.208214,752.258 -2.561263,43.208108,749.877 -2.561214,43.207996,749.031 -2.561165,43.207880,746.461 -2.561119,43.207775,745.807 -2.561079,43.207664,743.209 -2.561042,43.207563,739.215 -2.560999,43.207470,736.427 -2.560956,43.207383,734.832 -2.560921,43.207297,733.433 -2.560890,43.207213,731.630 -2.560847,43.207127,730.455 -2.560799,43.207039,729.030 -2.560746,43.206956,725.839 -2.560687,43.206877,722.678 -2.560624,43.206796,719.256 -2.560562,43.206722,718.259 -2.560482,43.206658,715.414 -2.560387,43.206613,713.409 -2.560267,43.206578,711.457 -2.560145,43.206553,709.689 -2.560037,43.206529,708.254 -2.559946,43.206504,707.255 -2.559873,43.206471,706.242 -2.559810,43.206430,705.077 -2.559768,43.206370,703.242 -2.559730,43.206298,700.641 -2.559689,43.206216,699.250 -2.559654,43.206124,698.229 -2.559624,43.206024,696.600 -2.559594,43.205925,693.220 -2.559558,43.205827,690.809 -2.559526,43.205737,688.894 -2.559513,43.205641,687.066 -2.559506,43.205539,685.621 -2.559498,43.205437,684.812 -2.559481,43.205328,682.219 -2.559465,43.205213,680.834 -2.559456,43.205094,677.879 -2.559460,43.204973,676.638 -2.559476,43.204854,674.647 -2.559488,43.204753,673.251 -2.559497,43.204655,672.201 -2.559511,43.204550,670.611 -2.559517,43.204446,669.209 -2.559519,43.204344,668.427 -2.559528,43.204236,668.059 -2.559546,43.204126,667.254 -2.559579,43.204024,666.495 -2.559619,43.203926,665.442 -2.559656,43.203834,664.697 -2.559674,43.203740,663.612 -2.559694,43.203649,661.851 -2.559734,43.203555,661.490 -2.559781,43.203456,659.668 -2.559825,43.203356,658.042 -2.559858,43.203254,657.226 -2.559893,43.203159,656.409 -2.559931,43.203062,655.268 -2.559972,43.202967,654.430 -2.560012,43.202879,653.445 -2.560052,43.202796,652.016 -2.560090,43.202717,651.263 -2.560136,43.202641,649.818 -2.560194,43.202574,648.663 -2.560261,43.202513,646.472 -2.560333,43.202458,645.081 -2.560410,43.202402,644.014 -2.560487,43.202326,642.254 -2.560568,43.202248,640.209 -2.560650,43.202171,638.009 -2.560720,43.202096,636.823 -2.560784,43.202027,634.415 -2.560840,43.201962,631.890 -2.560878,43.201898,630.691 -2.560888,43.201830,629.678 -2.560860,43.201775,628.293 -2.560794,43.201738,627.098 -2.560709,43.201714,625.637 -2.560612,43.201710,624.636 -2.560502,43.201727,623.256 -2.560370,43.201761,621.459 -2.560242,43.201800,619.414 -2.560103,43.201838,617.809 -2.559970,43.201865,616.297 -2.559852,43.201877,615.429 -2.559737,43.201877,615.434 -2.559623,43.201868,614.625 -2.559504,43.201852,613.262 -2.559379,43.201841,612.067 -2.559247,43.201834,610.882 -2.559120,43.201831,608.271 -2.558998,43.201824,606.060 -2.558875,43.201816,603.668 -2.558748,43.201806,601.642 -2.558629,43.201794,599.626 -2.558511,43.201788,598.409 -2.558401,43.201784,596.078 -2.558301,43.201783,593.410 -2.558207,43.201779,592.615 -2.558117,43.201767,590.426 -2.558032,43.201745,589.683 -2.557961,43.201714,588.218 -2.557911,43.201671,586.673 -2.557876,43.201625,585.442 -2.557851,43.201596,584.431 -2.557835,43.201580,584.057 -2.557828,43.201563,583.400 -2.557812,43.201544,582.820 -2.557783,43.201519,582.209 -2.557747,43.201476,581.457 -2.557716,43.201420,580.419 -2.557687,43.201361,579.084 -2.557655,43.201304,577.495 -2.557620,43.201253,576.242 -2.557568,43.201211,575.017 -2.557509,43.201178,573.412 -2.557451,43.201149,572.051 -2.557394,43.201117,570.210 -2.557330,43.201088,568.638 -2.557261,43.201057,568.270 -2.557189,43.201026,566.417 -2.557110,43.200992,564.809 -2.557030,43.200960,561.865 -2.556947,43.200929,558.417 -2.556864,43.200900,556.022 -2.556788,43.200875,554.643 -2.556713,43.200849,552.630 -2.556655,43.200823,551.475 -2.556606,43.200787,550.640 -2.556576,43.200745,549.649 -2.556563,43.200698,548.678 -2.556567,43.200652,547.485 -2.556588,43.200612,546.289 -2.556622,43.200574,544.617 -2.556657,43.200537,543.409 -2.556693,43.200496,541.810 -2.556730,43.200453,540.472 -2.556771,43.200409,538.897 -2.556814,43.200365,537.618 -2.556860,43.200325,536.445 -2.556912,43.200285,535.260 -2.556969,43.200245,533.475 -2.557029,43.200205,532.044 -2.557090,43.200167,530.213 -2.557153,43.200132,528.236 -2.557223,43.200101,526.017 -2.557297,43.200076,523.218 -2.557366,43.200049,521.809 -2.557444,43.200023,521.255 -2.557521,43.200007,519.227 -2.557601,43.199998,517.832 -2.557685,43.199994,516.813 -2.557770,43.199997,515.410 -2.557845,43.200006,514.455 -2.557913,43.200016,513.040 -2.557974,43.200020,512.059 -2.558029,43.200006,511.618 -2.558062,43.199975,510.627 -2.558061,43.199932,509.868 -2.558018,43.199899,508.814 -2.557944,43.199872,507.609 -2.557873,43.199833,506.224 -2.557800,43.199795,505.486 -2.557719,43.199753,504.431 -2.557624,43.199705,503.212 -2.557518,43.199655,501.659 -2.557400,43.199597,499.034 -2.557265,43.199543,495.259 -2.557119,43.199492,493.298 -2.556960,43.199446,492.297 -2.556810,43.199405,490.214 -2.556676,43.199376,489.054 -2.556563,43.199355,488.609 -2.556471,43.199332,488.609 -2.556398,43.199304,487.873 -2.556328,43.199265,487.695 -2.556266,43.199220,486.850 -2.556214,43.199174,486.071 -2.556177,43.199125,485.218 -2.556148,43.199077,484.043 -2.556126,43.199027,482.678 -2.556105,43.198974,481.047 -2.556085,43.198919,479.236 -2.556062,43.198865,477.253 -2.556029,43.198813,475.404 -2.555988,43.198766,474.014 -2.555937,43.198725,473.009 -2.555881,43.198686,471.227 -2.555818,43.198644,470.499 -2.555754,43.198598,468.054 -2.555684,43.198551,465.635 -2.555612,43.198505,463.462 -2.555544,43.198465,461.277 -2.555478,43.198434,460.032 -2.555403,43.198408,458.871 -2.555325,43.198388,457.640 -2.555244,43.198373,456.446 -2.555166,43.198359,455.288 -2.555084,43.198346,454.016 -2.554997,43.198345,452.409 -2.554904,43.198347,451.286 -2.554814,43.198353,449.478 -2.554732,43.198358,447.433 -2.554661,43.198358,445.824 -2.554610,43.198352,444.451 -2.554578,43.198351,443.866 -2.554552,43.198358,443.241 -2.554521,43.198376,442.650 -2.554480,43.198396,442.039 -2.554431,43.198419,441.463 -2.554367,43.198447,440.644 -2.554305,43.198472,439.618 -2.554244,43.198500,438.609 -2.554179,43.198529,437.648 -2.554114,43.198553,436.650 -2.554047,43.198576,435.455 -2.553984,43.198596,434.616 -2.553920,43.198617,433.433 -2.553861,43.198633,432.078 -2.553807,43.198639,430.663 -2.553750,43.198641,429.232 -2.553691,43.198642,428.691 -2.553630,43.198668,427.833 -2.553573,43.198706,426.423 -2.553508,43.198741,425.015 -2.553442,43.198769,424.009 -2.553380,43.198795,423.045 -2.553342,43.198819,422.017 -2.553313,43.198833,421.422 -2.553289,43.198842,421.273 -2.553247,43.198848,421.270 -2.553212,43.198854,421.235 -2.553175,43.198867,421.260 -2.553149,43.198885,421.299 -2.553129,43.198915,421.058 -2.553116,43.198948,421.031 -2.553104,43.198988,420.861 -2.553094,43.199028,420.807 -2.553083,43.199069,420.809 -2.553075,43.199114,420.875 -2.553071,43.199153,420.897 -2.553066,43.199195,420.832 -2.553061,43.199239,420.653 -2.553058,43.199284,420.670 -2.553055,43.199328,420.615 -2.553053,43.199371,420.450 -2.553045,43.199414,420.459 -2.553041,43.199455,420.268 -2.553034,43.199502,420.251 -2.553031,43.199545,420.001 -2.553025,43.199591,420.011 -2.553017,43.199639,420.009 -2.553012,43.199686,419.817 -2.553007,43.199733,419.839 -2.553003,43.199779,419.854 -2.553001,43.199823,419.845 -2.552998,43.199868,419.862 -2.552994,43.199916,419.887 -2.552986,43.199962,419.842 -2.552978,43.200008,420.011 -2.552974,43.200054,419.890 -2.552965,43.200097,420.031 -2.552961,43.200142,420.061 -2.552956,43.200188,420.007 -2.552945,43.200231,420.009 -2.552939,43.200276,420.045 -2.552940,43.200323,420.097 -2.552935,43.200379,420.242 -2.552933,43.200428,420.243 -2.552929,43.200481,420.230 -2.552927,43.200535,420.295 -2.552929,43.200587,420.280 -2.552932,43.200638,420.069 -2.552935,43.200694,419.838 -2.552940,43.200751,419.649 -2.552948,43.200809,419.602 -2.552957,43.200868,419.622 -2.552970,43.200927,419.609 -2.552979,43.200984,420.076 -2.552998,43.201046,420.278 -2.553020,43.201105,420.043 -2.553039,43.201165,419.674 -2.553061,43.201227,419.281 -2.553089,43.201287,418.836 -2.553121,43.201350,418.471 -2.553153,43.201414,418.240 -2.553190,43.201474,418.419 -2.553232,43.201533,418.015 -2.553275,43.201592,417.665 -2.553324,43.201653,417.011 -2.553377,43.201713,416.409 -2.553429,43.201778,416.023 -2.553480,43.201839,415.635 -2.553533,43.201905,415.240 -2.553585,43.201971,415.081 -2.553636,43.202035,414.878 -2.553686,43.202102,414.493 -2.553728,43.202171,414.298 -2.553767,43.202241,414.017 -2.553800,43.202314,413.616 -2.553828,43.202389,413.064 -2.553848,43.202470,412.206 -2.553861,43.202552,411.816 -2.553869,43.202635,411.209 -2.553865,43.202717,410.678 -2.553854,43.202799,409.850 -2.553836,43.202883,409.445 -2.553814,43.202967,409.026 -2.553781,43.203048,408.673 -2.553741,43.203126,408.468 -2.553691,43.203203,408.473 -2.553635,43.203274,408.422 -2.553576,43.203341,408.441 -2.553513,43.203405,408.654 -2.553446,43.203465,408.656 -2.553375,43.203521,408.611 -2.553299,43.203577,408.609 -2.553220,43.203625,408.867 -2.553144,43.203666,408.879 -2.553070,43.203703,409.294 -2.553007,43.203737,409.625 -2.552947,43.203764,409.882 -2.552879,43.203789,410.487 -2.552813,43.203811,410.642 -2.552751,43.203830,410.871 -2.552688,43.203846,411.020 -2.552628,43.203863,411.416 -2.552566,43.203878,411.676 -2.552507,43.203890,411.813 -2.552450,43.203902,412.209 -2.552390,43.203914,412.693 -2.552328,43.203926,412.885 -2.552269,43.203937,413.030 -2.552212,43.203950,413.281 -2.552155,43.203961,413.458 -2.552102,43.203972,413.693 -2.552049,43.203985,413.858 -2.551996,43.203998,414.037 -2.551943,43.204010,414.276 -2.551890,43.204022,414.425 -2.551840,43.204037,414.626 -2.551791,43.204053,414.808 -2.551738,43.204068,414.809 -2.551691,43.204082,415.044 -2.551644,43.204100,415.086 -2.551594,43.204121,415.251 -2.551545,43.204140,415.272 -2.551495,43.204162,415.439 -2.551449,43.204182,415.694 -2.551401,43.204206,415.819 -2.551354,43.204234,415.848 -2.551313,43.204264,416.057 -2.551268,43.204298,416.034 -2.551225,43.204330,416.255 -2.551187,43.204363,416.410 -2.551148,43.204396,416.409 -2.551111,43.204429,416.625 -2.551079,43.204466,416.867 -2.551048,43.204504,417.092 -2.551021,43.204545,417.093 -2.550994,43.204585,417.270 -2.550965,43.204624,417.275 -2.550940,43.204664,417.260 -2.550914,43.204707,417.289 -2.550897,43.204751,417.288 -2.550879,43.204795,417.212 -2.550866,43.204842,417.432 -2.550853,43.204891,417.205 -2.550841,43.204940,417.209 -2.550836,43.204991,417.083 -2.550833,43.205040,417.065 -2.550832,43.205087,417.010 -2.550828,43.205138,417.031 -2.550830,43.205186,417.068 -2.550832,43.205235,417.053 -2.550836,43.205283,417.058 -2.550848,43.205332,417.087 -2.550863,43.205382,417.066 -2.550879,43.205431,416.847</coordinates>
</LineString>
</Placemark>
</Document>
</kml>
