<?xml version="1.0" encoding="UTF-8"?>
<gpx creator="Wikiloc - https://www.wikiloc.com" version="1.1" xmlns="http://www.topografix.com/GPX/1/1" xmlns:xsi="http://www.w3.org/2001/XMLSchema-instance" xsi:schemaLocation="http://www.topografix.com/GPX/1/1 http://www.topografix.com/GPX/1/1/gpx.xsd">
  <metadata>
    <name>Wikiloc - Monasterio de Zenarruza, Ermita San Kristobal y Zengotitagane desde Trabakua</name>
    <author>
      <name>Eltzubi_Natura</name>
      <link href="https://www.wikiloc.com/wikiloc/user.do?id=159328">
        <text>Eltzubi_Natura on Wikiloc</text>
      </link>
    </author>
    <link href="https://www.wikiloc.com/ebike-trails/monasterio-de-zenarruza-ermita-san-kristobal-y-zengotitagane-desde-trabakua-249072765">
      <text>Monasterio de Zenarruza, Ermita San Kristobal y Zengotitagane desde Trabakua on Wikiloc</text>
    </link>
    <time>2026-02-01T17:29:17Z</time>
  </metadata>
  <trk>
    <name>Monasterio de Zenarruza, Ermita San Kristobal y Zengotitagane desde Trabakua - Wikiloc</name>
    <cmt>Ruta circular desde Trabakua pasando por:
- Monasterio de Zenarruza (9.4 km)
- Ermita San Kristobal (18.6 km)
- Dolmen Iturzurigana (26.6 km)
- Zengotitagane (27.7 km)</cmt>
    <desc>Ruta circular desde Trabakua pasando por:
- Monasterio de Zenarruza (9.4 km)
- Ermita San Kristobal (18.6 km)
- Dolmen Iturzurigana (26.6 km)
- Zengotitagane (27.7 km)</desc>
    <trkseg>
      <trkpt lat="43.208726" lon="-2.550788">
        <ele>401.223</ele>
        <time>2026-02-01T15:23:14Z</time>
      </trkpt>
      <trkpt lat="43.208732" lon="-2.550769">
        <ele>401.283</ele>
        <time>2026-02-01T15:23:15Z</time>
      </trkpt>
      <trkpt lat="43.208745" lon="-2.550751">
        <ele>401.411</ele>
        <time>2026-02-01T15:23:16Z</time>
      </trkpt>
      <trkpt lat="43.208757" lon="-2.550725">
        <ele>401.409</ele>
        <time>2026-02-01T15:23:17Z</time>
      </trkpt>
      <trkpt lat="43.208772" lon="-2.550703">
        <ele>401.444</ele>
        <time>2026-02-01T15:23:18Z</time>
      </trkpt>
      <trkpt lat="43.208792" lon="-2.550680">
        <ele>401.466</ele>
        <time>2026-02-01T15:23:19Z</time>
      </trkpt>
      <trkpt lat="43.208811" lon="-2.550651">
        <ele>401.471</ele>
        <time>2026-02-01T15:23:20Z</time>
      </trkpt>
      <trkpt lat="43.208828" lon="-2.550618">
        <ele>401.412</ele>
        <time>2026-02-01T15:23:21Z</time>
      </trkpt>
      <trkpt lat="43.208846" lon="-2.550591">
        <ele>401.679</ele>
        <time>2026-02-01T15:23:22Z</time>
      </trkpt>
      <trkpt lat="43.208866" lon="-2.550566">
        <ele>401.664</ele>
        <time>2026-02-01T15:23:23Z</time>
      </trkpt>
      <trkpt lat="43.208886" lon="-2.550540">
        <ele>401.889</ele>
        <time>2026-02-01T15:23:24Z</time>
      </trkpt>
      <trkpt lat="43.208907" lon="-2.550513">
        <ele>402.068</ele>
        <time>2026-02-01T15:23:25Z</time>
      </trkpt>
      <trkpt lat="43.208924" lon="-2.550483">
        <ele>402.277</ele>
        <time>2026-02-01T15:23:26Z</time>
      </trkpt>
      <trkpt lat="43.208940" lon="-2.550455">
        <ele>402.493</ele>
        <time>2026-02-01T15:23:27Z</time>
      </trkpt>
      <trkpt lat="43.208956" lon="-2.550429">
        <ele>402.665</ele>
        <time>2026-02-01T15:23:28Z</time>
      </trkpt>
      <trkpt lat="43.208974" lon="-2.550401">
        <ele>402.821</ele>
        <time>2026-02-01T15:23:29Z</time>
      </trkpt>
      <trkpt lat="43.208990" lon="-2.550376">
        <ele>402.809</ele>
        <time>2026-02-01T15:23:30Z</time>
      </trkpt>
      <trkpt lat="43.209005" lon="-2.550354">
        <ele>403.021</ele>
        <time>2026-02-01T15:23:31Z</time>
      </trkpt>
      <trkpt lat="43.209017" lon="-2.550328">
        <ele>402.813</ele>
        <time>2026-02-01T15:23:32Z</time>
      </trkpt>
      <trkpt lat="43.209032" lon="-2.550307">
        <ele>402.868</ele>
        <time>2026-02-01T15:23:33Z</time>
      </trkpt>
      <trkpt lat="43.209054" lon="-2.550289">
        <ele>402.899</ele>
        <time>2026-02-01T15:23:34Z</time>
      </trkpt>
      <trkpt lat="43.209073" lon="-2.550258">
        <ele>402.896</ele>
        <time>2026-02-01T15:23:35Z</time>
      </trkpt>
      <trkpt lat="43.209088" lon="-2.550237">
        <ele>402.891</ele>
        <time>2026-02-01T15:23:36Z</time>
      </trkpt>
      <trkpt lat="43.209111" lon="-2.550227">
        <ele>403.056</ele>
        <time>2026-02-01T15:23:37Z</time>
      </trkpt>
      <trkpt lat="43.209133" lon="-2.550210">
        <ele>403.015</ele>
        <time>2026-02-01T15:23:38Z</time>
      </trkpt>
      <trkpt lat="43.209150" lon="-2.550173">
        <ele>403.044</ele>
        <time>2026-02-01T15:23:39Z</time>
      </trkpt>
      <trkpt lat="43.209166" lon="-2.550132">
        <ele>403.018</ele>
        <time>2026-02-01T15:23:40Z</time>
      </trkpt>
      <trkpt lat="43.209185" lon="-2.550092">
        <ele>403.098</ele>
        <time>2026-02-01T15:23:41Z</time>
      </trkpt>
      <trkpt lat="43.209209" lon="-2.550048">
        <ele>402.817</ele>
        <time>2026-02-01T15:23:42Z</time>
      </trkpt>
      <trkpt lat="43.209233" lon="-2.549997">
        <ele>402.809</ele>
        <time>2026-02-01T15:23:43Z</time>
      </trkpt>
      <trkpt lat="43.209259" lon="-2.549944">
        <ele>402.683</ele>
        <time>2026-02-01T15:23:44Z</time>
      </trkpt>
      <trkpt lat="43.209285" lon="-2.549888">
        <ele>402.275</ele>
        <time>2026-02-01T15:23:45Z</time>
      </trkpt>
      <trkpt lat="43.209308" lon="-2.549832">
        <ele>402.090</ele>
        <time>2026-02-01T15:23:46Z</time>
      </trkpt>
      <trkpt lat="43.209334" lon="-2.549769">
        <ele>401.861</ele>
        <time>2026-02-01T15:23:47Z</time>
      </trkpt>
      <trkpt lat="43.209358" lon="-2.549709">
        <ele>401.658</ele>
        <time>2026-02-01T15:23:48Z</time>
      </trkpt>
      <trkpt lat="43.209382" lon="-2.549647">
        <ele>401.453</ele>
        <time>2026-02-01T15:23:49Z</time>
      </trkpt>
      <trkpt lat="43.209405" lon="-2.549586">
        <ele>401.468</ele>
        <time>2026-02-01T15:23:50Z</time>
      </trkpt>
      <trkpt lat="43.209427" lon="-2.549516">
        <ele>401.257</ele>
        <time>2026-02-01T15:23:51Z</time>
      </trkpt>
      <trkpt lat="43.209446" lon="-2.549448">
        <ele>401.086</ele>
        <time>2026-02-01T15:23:52Z</time>
      </trkpt>
      <trkpt lat="43.209464" lon="-2.549376">
        <ele>400.847</ele>
        <time>2026-02-01T15:23:53Z</time>
      </trkpt>
      <trkpt lat="43.209478" lon="-2.549305">
        <ele>400.829</ele>
        <time>2026-02-01T15:23:54Z</time>
      </trkpt>
      <trkpt lat="43.209490" lon="-2.549238">
        <ele>400.821</ele>
        <time>2026-02-01T15:23:55Z</time>
      </trkpt>
      <trkpt lat="43.209499" lon="-2.549169">
        <ele>400.609</ele>
        <time>2026-02-01T15:23:56Z</time>
      </trkpt>
      <trkpt lat="43.209503" lon="-2.549098">
        <ele>400.656</ele>
        <time>2026-02-01T15:23:57Z</time>
      </trkpt>
      <trkpt lat="43.209505" lon="-2.549026">
        <ele>400.868</ele>
        <time>2026-02-01T15:23:58Z</time>
      </trkpt>
      <trkpt lat="43.209504" lon="-2.548954">
        <ele>401.023</ele>
        <time>2026-02-01T15:23:59Z</time>
      </trkpt>
      <trkpt lat="43.209501" lon="-2.548884">
        <ele>401.284</ele>
        <time>2026-02-01T15:24:00Z</time>
      </trkpt>
      <trkpt lat="43.209497" lon="-2.548817">
        <ele>401.221</ele>
        <time>2026-02-01T15:24:01Z</time>
      </trkpt>
      <trkpt lat="43.209492" lon="-2.548751">
        <ele>401.486</ele>
        <time>2026-02-01T15:24:02Z</time>
      </trkpt>
      <trkpt lat="43.209483" lon="-2.548686">
        <ele>401.651</ele>
        <time>2026-02-01T15:24:03Z</time>
      </trkpt>
      <trkpt lat="43.209473" lon="-2.548624">
        <ele>401.860</ele>
        <time>2026-02-01T15:24:04Z</time>
      </trkpt>
      <trkpt lat="43.209460" lon="-2.548559">
        <ele>402.029</ele>
        <time>2026-02-01T15:24:05Z</time>
      </trkpt>
      <trkpt lat="43.209449" lon="-2.548500">
        <ele>402.415</ele>
        <time>2026-02-01T15:24:06Z</time>
      </trkpt>
      <trkpt lat="43.209436" lon="-2.548444">
        <ele>402.665</ele>
        <time>2026-02-01T15:24:07Z</time>
      </trkpt>
      <trkpt lat="43.209422" lon="-2.548388">
        <ele>402.811</ele>
        <time>2026-02-01T15:24:08Z</time>
      </trkpt>
      <trkpt lat="43.209410" lon="-2.548331">
        <ele>402.809</ele>
        <time>2026-02-01T15:24:09Z</time>
      </trkpt>
      <trkpt lat="43.209398" lon="-2.548274">
        <ele>402.893</ele>
        <time>2026-02-01T15:24:10Z</time>
      </trkpt>
      <trkpt lat="43.209386" lon="-2.548218">
        <ele>402.845</ele>
        <time>2026-02-01T15:24:11Z</time>
      </trkpt>
      <trkpt lat="43.209376" lon="-2.548160">
        <ele>402.850</ele>
        <time>2026-02-01T15:24:12Z</time>
      </trkpt>
      <trkpt lat="43.209367" lon="-2.548105">
        <ele>402.861</ele>
        <time>2026-02-01T15:24:13Z</time>
      </trkpt>
      <trkpt lat="43.209359" lon="-2.548047">
        <ele>403.018</ele>
        <time>2026-02-01T15:24:14Z</time>
      </trkpt>
      <trkpt lat="43.209348" lon="-2.547989">
        <ele>403.093</ele>
        <time>2026-02-01T15:24:15Z</time>
      </trkpt>
      <trkpt lat="43.209340" lon="-2.547931">
        <ele>403.048</ele>
        <time>2026-02-01T15:24:16Z</time>
      </trkpt>
      <trkpt lat="43.209333" lon="-2.547872">
        <ele>403.217</ele>
        <time>2026-02-01T15:24:17Z</time>
      </trkpt>
      <trkpt lat="43.209326" lon="-2.547819">
        <ele>403.426</ele>
        <time>2026-02-01T15:24:18Z</time>
      </trkpt>
      <trkpt lat="43.209321" lon="-2.547767">
        <ele>403.651</ele>
        <time>2026-02-01T15:24:19Z</time>
      </trkpt>
      <trkpt lat="43.209315" lon="-2.547711">
        <ele>403.801</ele>
        <time>2026-02-01T15:24:20Z</time>
      </trkpt>
      <trkpt lat="43.209308" lon="-2.547659">
        <ele>404.011</ele>
        <time>2026-02-01T15:24:21Z</time>
      </trkpt>
      <trkpt lat="43.209305" lon="-2.547607">
        <ele>404.009</ele>
        <time>2026-02-01T15:24:22Z</time>
      </trkpt>
      <trkpt lat="43.209305" lon="-2.547549">
        <ele>404.087</ele>
        <time>2026-02-01T15:24:23Z</time>
      </trkpt>
      <trkpt lat="43.209305" lon="-2.547488">
        <ele>404.049</ele>
        <time>2026-02-01T15:24:24Z</time>
      </trkpt>
      <trkpt lat="43.209307" lon="-2.547433">
        <ele>404.014</ele>
        <time>2026-02-01T15:24:25Z</time>
      </trkpt>
      <trkpt lat="43.209311" lon="-2.547378">
        <ele>404.085</ele>
        <time>2026-02-01T15:24:26Z</time>
      </trkpt>
      <trkpt lat="43.209315" lon="-2.547322">
        <ele>404.262</ele>
        <time>2026-02-01T15:24:27Z</time>
      </trkpt>
      <trkpt lat="43.209317" lon="-2.547266">
        <ele>404.457</ele>
        <time>2026-02-01T15:24:28Z</time>
      </trkpt>
      <trkpt lat="43.209321" lon="-2.547212">
        <ele>404.632</ele>
        <time>2026-02-01T15:24:29Z</time>
      </trkpt>
      <trkpt lat="43.209325" lon="-2.547157">
        <ele>405.011</ele>
        <time>2026-02-01T15:24:30Z</time>
      </trkpt>
      <trkpt lat="43.209328" lon="-2.547102">
        <ele>405.440</ele>
        <time>2026-02-01T15:24:31Z</time>
      </trkpt>
      <trkpt lat="43.209327" lon="-2.547044">
        <ele>405.677</ele>
        <time>2026-02-01T15:24:32Z</time>
      </trkpt>
      <trkpt lat="43.209319" lon="-2.546984">
        <ele>405.661</ele>
        <time>2026-02-01T15:24:33Z</time>
      </trkpt>
      <trkpt lat="43.209305" lon="-2.546932">
        <ele>405.827</ele>
        <time>2026-02-01T15:24:34Z</time>
      </trkpt>
      <trkpt lat="43.209288" lon="-2.546877">
        <ele>405.809</ele>
        <time>2026-02-01T15:24:35Z</time>
      </trkpt>
      <trkpt lat="43.209268" lon="-2.546825">
        <ele>405.669</ele>
        <time>2026-02-01T15:24:36Z</time>
      </trkpt>
      <trkpt lat="43.209253" lon="-2.546770">
        <ele>405.841</ele>
        <time>2026-02-01T15:24:37Z</time>
      </trkpt>
      <trkpt lat="43.209248" lon="-2.546709">
        <ele>406.286</ele>
        <time>2026-02-01T15:24:38Z</time>
      </trkpt>
      <trkpt lat="43.209251" lon="-2.546648">
        <ele>406.677</ele>
        <time>2026-02-01T15:24:39Z</time>
      </trkpt>
      <trkpt lat="43.209263" lon="-2.546598">
        <ele>406.894</ele>
        <time>2026-02-01T15:24:40Z</time>
      </trkpt>
      <trkpt lat="43.209285" lon="-2.546563">
        <ele>407.099</ele>
        <time>2026-02-01T15:24:41Z</time>
      </trkpt>
      <trkpt lat="43.209310" lon="-2.546539">
        <ele>407.014</ele>
        <time>2026-02-01T15:24:42Z</time>
      </trkpt>
      <trkpt lat="43.209329" lon="-2.546512">
        <ele>407.013</ele>
        <time>2026-02-01T15:24:43Z</time>
      </trkpt>
      <trkpt lat="43.209345" lon="-2.546490">
        <ele>407.232</ele>
        <time>2026-02-01T15:24:44Z</time>
      </trkpt>
      <trkpt lat="43.209364" lon="-2.546464">
        <ele>407.463</ele>
        <time>2026-02-01T15:24:45Z</time>
      </trkpt>
      <trkpt lat="43.209381" lon="-2.546429">
        <ele>407.844</ele>
        <time>2026-02-01T15:24:46Z</time>
      </trkpt>
      <trkpt lat="43.209405" lon="-2.546401">
        <ele>408.218</ele>
        <time>2026-02-01T15:24:47Z</time>
      </trkpt>
      <trkpt lat="43.209424" lon="-2.546376">
        <ele>408.409</ele>
        <time>2026-02-01T15:24:48Z</time>
      </trkpt>
      <trkpt lat="43.209442" lon="-2.546348">
        <ele>408.668</ele>
        <time>2026-02-01T15:24:49Z</time>
      </trkpt>
      <trkpt lat="43.209468" lon="-2.546318">
        <ele>408.820</ele>
        <time>2026-02-01T15:24:50Z</time>
      </trkpt>
      <trkpt lat="43.209491" lon="-2.546286">
        <ele>409.045</ele>
        <time>2026-02-01T15:24:51Z</time>
      </trkpt>
      <trkpt lat="43.209510" lon="-2.546259">
        <ele>409.216</ele>
        <time>2026-02-01T15:24:52Z</time>
      </trkpt>
      <trkpt lat="43.209529" lon="-2.546232">
        <ele>409.443</ele>
        <time>2026-02-01T15:24:53Z</time>
      </trkpt>
      <trkpt lat="43.209550" lon="-2.546210">
        <ele>409.818</ele>
        <time>2026-02-01T15:24:54Z</time>
      </trkpt>
      <trkpt lat="43.209566" lon="-2.546183">
        <ele>410.013</ele>
        <time>2026-02-01T15:24:55Z</time>
      </trkpt>
      <trkpt lat="43.209587" lon="-2.546157">
        <ele>410.252</ele>
        <time>2026-02-01T15:24:56Z</time>
      </trkpt>
      <trkpt lat="43.209608" lon="-2.546130">
        <ele>410.491</ele>
        <time>2026-02-01T15:24:57Z</time>
      </trkpt>
      <trkpt lat="43.209628" lon="-2.546106">
        <ele>410.445</ele>
        <time>2026-02-01T15:24:58Z</time>
      </trkpt>
      <trkpt lat="43.209649" lon="-2.546080">
        <ele>410.647</ele>
        <time>2026-02-01T15:24:59Z</time>
      </trkpt>
      <trkpt lat="43.209671" lon="-2.546052">
        <ele>410.811</ele>
        <time>2026-02-01T15:25:00Z</time>
      </trkpt>
      <trkpt lat="43.209694" lon="-2.546014">
        <ele>411.009</ele>
        <time>2026-02-01T15:25:01Z</time>
      </trkpt>
      <trkpt lat="43.209712" lon="-2.545983">
        <ele>411.486</ele>
        <time>2026-02-01T15:25:02Z</time>
      </trkpt>
      <trkpt lat="43.209738" lon="-2.545961">
        <ele>411.688</ele>
        <time>2026-02-01T15:25:03Z</time>
      </trkpt>
      <trkpt lat="43.209760" lon="-2.545964">
        <ele>411.643</ele>
        <time>2026-02-01T15:25:04Z</time>
      </trkpt>
      <trkpt lat="43.209780" lon="-2.545977">
        <ele>411.824</ele>
        <time>2026-02-01T15:25:05Z</time>
      </trkpt>
      <trkpt lat="43.209802" lon="-2.545994">
        <ele>412.051</ele>
        <time>2026-02-01T15:25:06Z</time>
      </trkpt>
      <trkpt lat="43.209822" lon="-2.546018">
        <ele>412.046</ele>
        <time>2026-02-01T15:25:07Z</time>
      </trkpt>
      <trkpt lat="43.209849" lon="-2.546047">
        <ele>412.031</ele>
        <time>2026-02-01T15:25:08Z</time>
      </trkpt>
      <trkpt lat="43.209870" lon="-2.546072">
        <ele>412.060</ele>
        <time>2026-02-01T15:25:09Z</time>
      </trkpt>
      <trkpt lat="43.209893" lon="-2.546099">
        <ele>412.059</ele>
        <time>2026-02-01T15:25:10Z</time>
      </trkpt>
      <trkpt lat="43.209924" lon="-2.546134">
        <ele>412.096</ele>
        <time>2026-02-01T15:25:11Z</time>
      </trkpt>
      <trkpt lat="43.209955" lon="-2.546174">
        <ele>412.031</ele>
        <time>2026-02-01T15:25:12Z</time>
      </trkpt>
      <trkpt lat="43.209986" lon="-2.546215">
        <ele>411.824</ele>
        <time>2026-02-01T15:25:13Z</time>
      </trkpt>
      <trkpt lat="43.210019" lon="-2.546261">
        <ele>411.409</ele>
        <time>2026-02-01T15:25:14Z</time>
      </trkpt>
      <trkpt lat="43.210052" lon="-2.546302">
        <ele>411.281</ele>
        <time>2026-02-01T15:25:15Z</time>
      </trkpt>
      <trkpt lat="43.210095" lon="-2.546360">
        <ele>410.853</ele>
        <time>2026-02-01T15:25:16Z</time>
      </trkpt>
      <trkpt lat="43.210121" lon="-2.546442">
        <ele>410.218</ele>
        <time>2026-02-01T15:25:17Z</time>
      </trkpt>
      <trkpt lat="43.210117" lon="-2.546527">
        <ele>409.889</ele>
        <time>2026-02-01T15:25:18Z</time>
      </trkpt>
      <trkpt lat="43.210102" lon="-2.546606">
        <ele>409.456</ele>
        <time>2026-02-01T15:25:19Z</time>
      </trkpt>
      <trkpt lat="43.210107" lon="-2.546669">
        <ele>409.641</ele>
        <time>2026-02-01T15:25:20Z</time>
      </trkpt>
      <trkpt lat="43.210123" lon="-2.546708">
        <ele>410.226</ele>
        <time>2026-02-01T15:25:21Z</time>
      </trkpt>
      <trkpt lat="43.210132" lon="-2.546723">
        <ele>410.895</ele>
        <time>2026-02-01T15:25:22Z</time>
      </trkpt>
      <trkpt lat="43.210137" lon="-2.546733">
        <ele>411.224</ele>
        <time>2026-02-01T15:25:23Z</time>
      </trkpt>
      <trkpt lat="43.210149" lon="-2.546743">
        <ele>411.682</ele>
        <time>2026-02-01T15:25:24Z</time>
      </trkpt>
      <trkpt lat="43.210156" lon="-2.546758">
        <ele>411.843</ele>
        <time>2026-02-01T15:25:25Z</time>
      </trkpt>
      <trkpt lat="43.210165" lon="-2.546768">
        <ele>412.017</ele>
        <time>2026-02-01T15:25:26Z</time>
      </trkpt>
      <trkpt lat="43.210175" lon="-2.546778">
        <ele>412.209</ele>
        <time>2026-02-01T15:25:27Z</time>
      </trkpt>
      <trkpt lat="43.210195" lon="-2.546793">
        <ele>412.610</ele>
        <time>2026-02-01T15:25:28Z</time>
      </trkpt>
      <trkpt lat="43.210209" lon="-2.546807">
        <ele>413.072</ele>
        <time>2026-02-01T15:25:29Z</time>
      </trkpt>
      <trkpt lat="43.210223" lon="-2.546821">
        <ele>413.257</ele>
        <time>2026-02-01T15:25:30Z</time>
      </trkpt>
      <trkpt lat="43.210241" lon="-2.546829">
        <ele>413.628</ele>
        <time>2026-02-01T15:25:31Z</time>
      </trkpt>
      <trkpt lat="43.210256" lon="-2.546826">
        <ele>414.035</ele>
        <time>2026-02-01T15:25:32Z</time>
      </trkpt>
      <trkpt lat="43.210272" lon="-2.546833">
        <ele>414.420</ele>
        <time>2026-02-01T15:25:33Z</time>
      </trkpt>
      <trkpt lat="43.210285" lon="-2.546836">
        <ele>414.645</ele>
        <time>2026-02-01T15:25:34Z</time>
      </trkpt>
      <trkpt lat="43.210304" lon="-2.546833">
        <ele>415.094</ele>
        <time>2026-02-01T15:25:35Z</time>
      </trkpt>
      <trkpt lat="43.210323" lon="-2.546820">
        <ele>415.483</ele>
        <time>2026-02-01T15:25:36Z</time>
      </trkpt>
      <trkpt lat="43.210342" lon="-2.546808">
        <ele>415.871</ele>
        <time>2026-02-01T15:25:37Z</time>
      </trkpt>
      <trkpt lat="43.210359" lon="-2.546815">
        <ele>416.241</ele>
        <time>2026-02-01T15:25:38Z</time>
      </trkpt>
      <trkpt lat="43.210382" lon="-2.546804">
        <ele>416.815</ele>
        <time>2026-02-01T15:25:39Z</time>
      </trkpt>
      <trkpt lat="43.210401" lon="-2.546781">
        <ele>417.009</ele>
        <time>2026-02-01T15:25:40Z</time>
      </trkpt>
      <trkpt lat="43.210416" lon="-2.546766">
        <ele>417.449</ele>
        <time>2026-02-01T15:25:41Z</time>
      </trkpt>
      <trkpt lat="43.210435" lon="-2.546748">
        <ele>417.641</ele>
        <time>2026-02-01T15:25:42Z</time>
      </trkpt>
      <trkpt lat="43.210451" lon="-2.546742">
        <ele>417.836</ele>
        <time>2026-02-01T15:25:43Z</time>
      </trkpt>
      <trkpt lat="43.210470" lon="-2.546741">
        <ele>418.047</ele>
        <time>2026-02-01T15:25:44Z</time>
      </trkpt>
      <trkpt lat="43.210484" lon="-2.546748">
        <ele>418.214</ele>
        <time>2026-02-01T15:25:45Z</time>
      </trkpt>
      <trkpt lat="43.210496" lon="-2.546762">
        <ele>418.439</ele>
        <time>2026-02-01T15:25:46Z</time>
      </trkpt>
      <trkpt lat="43.210511" lon="-2.546769">
        <ele>418.474</ele>
        <time>2026-02-01T15:25:47Z</time>
      </trkpt>
      <trkpt lat="43.210525" lon="-2.546779">
        <ele>418.873</ele>
        <time>2026-02-01T15:25:48Z</time>
      </trkpt>
      <trkpt lat="43.210542" lon="-2.546788">
        <ele>419.072</ele>
        <time>2026-02-01T15:25:49Z</time>
      </trkpt>
      <trkpt lat="43.210558" lon="-2.546799">
        <ele>419.453</ele>
        <time>2026-02-01T15:25:50Z</time>
      </trkpt>
      <trkpt lat="43.210570" lon="-2.546811">
        <ele>419.604</ele>
        <time>2026-02-01T15:25:51Z</time>
      </trkpt>
      <trkpt lat="43.210582" lon="-2.546825">
        <ele>419.814</ele>
        <time>2026-02-01T15:25:52Z</time>
      </trkpt>
      <trkpt lat="43.210592" lon="-2.546843">
        <ele>420.009</ele>
        <time>2026-02-01T15:25:53Z</time>
      </trkpt>
      <trkpt lat="43.210606" lon="-2.546863">
        <ele>420.277</ele>
        <time>2026-02-01T15:25:54Z</time>
      </trkpt>
      <trkpt lat="43.210623" lon="-2.546881">
        <ele>420.469</ele>
        <time>2026-02-01T15:25:55Z</time>
      </trkpt>
      <trkpt lat="43.210634" lon="-2.546902">
        <ele>420.424</ele>
        <time>2026-02-01T15:25:56Z</time>
      </trkpt>
      <trkpt lat="43.210643" lon="-2.546927">
        <ele>420.625</ele>
        <time>2026-02-01T15:25:57Z</time>
      </trkpt>
      <trkpt lat="43.210654" lon="-2.546953">
        <ele>420.892</ele>
        <time>2026-02-01T15:25:58Z</time>
      </trkpt>
      <trkpt lat="43.210661" lon="-2.546976">
        <ele>420.897</ele>
        <time>2026-02-01T15:25:59Z</time>
      </trkpt>
      <trkpt lat="43.210664" lon="-2.546998">
        <ele>421.082</ele>
        <time>2026-02-01T15:26:00Z</time>
      </trkpt>
      <trkpt lat="43.210672" lon="-2.547021">
        <ele>421.281</ele>
        <time>2026-02-01T15:26:01Z</time>
      </trkpt>
      <trkpt lat="43.210683" lon="-2.547046">
        <ele>421.420</ele>
        <time>2026-02-01T15:26:02Z</time>
      </trkpt>
      <trkpt lat="43.210694" lon="-2.547071">
        <ele>421.464</ele>
        <time>2026-02-01T15:26:03Z</time>
      </trkpt>
      <trkpt lat="43.210709" lon="-2.547094">
        <ele>421.806</ele>
        <time>2026-02-01T15:26:04Z</time>
      </trkpt>
      <trkpt lat="43.210722" lon="-2.547121">
        <ele>422.016</ele>
        <time>2026-02-01T15:26:05Z</time>
      </trkpt>
      <trkpt lat="43.210733" lon="-2.547148">
        <ele>422.409</ele>
        <time>2026-02-01T15:26:06Z</time>
      </trkpt>
      <trkpt lat="43.210741" lon="-2.547169">
        <ele>422.678</ele>
        <time>2026-02-01T15:26:07Z</time>
      </trkpt>
      <trkpt lat="43.210744" lon="-2.547189">
        <ele>423.090</ele>
        <time>2026-02-01T15:26:08Z</time>
      </trkpt>
      <trkpt lat="43.210739" lon="-2.547209">
        <ele>423.275</ele>
        <time>2026-02-01T15:26:09Z</time>
      </trkpt>
      <trkpt lat="43.210724" lon="-2.547234">
        <ele>423.436</ele>
        <time>2026-02-01T15:26:10Z</time>
      </trkpt>
      <trkpt lat="43.210712" lon="-2.547263">
        <ele>423.653</ele>
        <time>2026-02-01T15:26:11Z</time>
      </trkpt>
      <trkpt lat="43.210708" lon="-2.547293">
        <ele>424.098</ele>
        <time>2026-02-01T15:26:12Z</time>
      </trkpt>
      <trkpt lat="43.210713" lon="-2.547321">
        <ele>424.463</ele>
        <time>2026-02-01T15:26:13Z</time>
      </trkpt>
      <trkpt lat="43.210711" lon="-2.547347">
        <ele>424.822</ele>
        <time>2026-02-01T15:26:14Z</time>
      </trkpt>
      <trkpt lat="43.210710" lon="-2.547371">
        <ele>425.251</ele>
        <time>2026-02-01T15:26:15Z</time>
      </trkpt>
      <trkpt lat="43.210712" lon="-2.547396">
        <ele>425.614</ele>
        <time>2026-02-01T15:26:16Z</time>
      </trkpt>
      <trkpt lat="43.210711" lon="-2.547420">
        <ele>426.054</ele>
        <time>2026-02-01T15:26:17Z</time>
      </trkpt>
      <trkpt lat="43.210710" lon="-2.547447">
        <ele>426.209</ele>
        <time>2026-02-01T15:26:18Z</time>
      </trkpt>
      <trkpt lat="43.210711" lon="-2.547475">
        <ele>426.409</ele>
        <time>2026-02-01T15:26:19Z</time>
      </trkpt>
      <trkpt lat="43.210718" lon="-2.547503">
        <ele>426.613</ele>
        <time>2026-02-01T15:26:20Z</time>
      </trkpt>
      <trkpt lat="43.210726" lon="-2.547529">
        <ele>426.625</ele>
        <time>2026-02-01T15:26:21Z</time>
      </trkpt>
      <trkpt lat="43.210733" lon="-2.547555">
        <ele>426.830</ele>
        <time>2026-02-01T15:26:22Z</time>
      </trkpt>
      <trkpt lat="43.210739" lon="-2.547580">
        <ele>426.891</ele>
        <time>2026-02-01T15:26:23Z</time>
      </trkpt>
      <trkpt lat="43.210745" lon="-2.547607">
        <ele>426.828</ele>
        <time>2026-02-01T15:26:24Z</time>
      </trkpt>
      <trkpt lat="43.210751" lon="-2.547635">
        <ele>427.093</ele>
        <time>2026-02-01T15:26:25Z</time>
      </trkpt>
      <trkpt lat="43.210757" lon="-2.547660">
        <ele>427.038</ele>
        <time>2026-02-01T15:26:26Z</time>
      </trkpt>
      <trkpt lat="43.210763" lon="-2.547685">
        <ele>427.247</ele>
        <time>2026-02-01T15:26:27Z</time>
      </trkpt>
      <trkpt lat="43.210765" lon="-2.547712">
        <ele>427.266</ele>
        <time>2026-02-01T15:26:28Z</time>
      </trkpt>
      <trkpt lat="43.210771" lon="-2.547742">
        <ele>427.454</ele>
        <time>2026-02-01T15:26:29Z</time>
      </trkpt>
      <trkpt lat="43.210776" lon="-2.547765">
        <ele>427.456</ele>
        <time>2026-02-01T15:26:30Z</time>
      </trkpt>
      <trkpt lat="43.210784" lon="-2.547789">
        <ele>427.611</ele>
        <time>2026-02-01T15:26:31Z</time>
      </trkpt>
      <trkpt lat="43.210789" lon="-2.547815">
        <ele>427.809</ele>
        <time>2026-02-01T15:26:32Z</time>
      </trkpt>
      <trkpt lat="43.210797" lon="-2.547844">
        <ele>428.047</ele>
        <time>2026-02-01T15:26:33Z</time>
      </trkpt>
      <trkpt lat="43.210801" lon="-2.547867">
        <ele>428.219</ele>
        <time>2026-02-01T15:26:34Z</time>
      </trkpt>
      <trkpt lat="43.210806" lon="-2.547893">
        <ele>428.434</ele>
        <time>2026-02-01T15:26:35Z</time>
      </trkpt>
      <trkpt lat="43.210808" lon="-2.547920">
        <ele>428.615</ele>
        <time>2026-02-01T15:26:36Z</time>
      </trkpt>
      <trkpt lat="43.210814" lon="-2.547951">
        <ele>428.842</ele>
        <time>2026-02-01T15:26:37Z</time>
      </trkpt>
      <trkpt lat="43.210823" lon="-2.547980">
        <ele>429.287</ele>
        <time>2026-02-01T15:26:38Z</time>
      </trkpt>
      <trkpt lat="43.210832" lon="-2.548004">
        <ele>429.482</ele>
        <time>2026-02-01T15:26:39Z</time>
      </trkpt>
      <trkpt lat="43.210837" lon="-2.548025">
        <ele>429.641</ele>
        <time>2026-02-01T15:26:40Z</time>
      </trkpt>
      <trkpt lat="43.210843" lon="-2.548051">
        <ele>430.080</ele>
        <time>2026-02-01T15:26:41Z</time>
      </trkpt>
      <trkpt lat="43.210850" lon="-2.548075">
        <ele>430.438</ele>
        <time>2026-02-01T15:26:42Z</time>
      </trkpt>
      <trkpt lat="43.210854" lon="-2.548102">
        <ele>430.670</ele>
        <time>2026-02-01T15:26:43Z</time>
      </trkpt>
      <trkpt lat="43.210856" lon="-2.548131">
        <ele>430.817</ele>
        <time>2026-02-01T15:26:44Z</time>
      </trkpt>
      <trkpt lat="43.210849" lon="-2.548157">
        <ele>431.009</ele>
        <time>2026-02-01T15:26:45Z</time>
      </trkpt>
      <trkpt lat="43.210840" lon="-2.548192">
        <ele>431.475</ele>
        <time>2026-02-01T15:26:46Z</time>
      </trkpt>
      <trkpt lat="43.210836" lon="-2.548211">
        <ele>431.897</ele>
        <time>2026-02-01T15:26:47Z</time>
      </trkpt>
      <trkpt lat="43.210832" lon="-2.548231">
        <ele>432.212</ele>
        <time>2026-02-01T15:26:48Z</time>
      </trkpt>
      <trkpt lat="43.210832" lon="-2.548259">
        <ele>432.613</ele>
        <time>2026-02-01T15:26:49Z</time>
      </trkpt>
      <trkpt lat="43.210830" lon="-2.548285">
        <ele>433.060</ele>
        <time>2026-02-01T15:26:50Z</time>
      </trkpt>
      <trkpt lat="43.210823" lon="-2.548304">
        <ele>433.465</ele>
        <time>2026-02-01T15:26:51Z</time>
      </trkpt>
      <trkpt lat="43.210811" lon="-2.548328">
        <ele>433.820</ele>
        <time>2026-02-01T15:26:52Z</time>
      </trkpt>
      <trkpt lat="43.210800" lon="-2.548340">
        <ele>434.249</ele>
        <time>2026-02-01T15:26:53Z</time>
      </trkpt>
      <trkpt lat="43.210792" lon="-2.548355">
        <ele>434.838</ele>
        <time>2026-02-01T15:26:54Z</time>
      </trkpt>
      <trkpt lat="43.210786" lon="-2.548371">
        <ele>435.047</ele>
        <time>2026-02-01T15:26:55Z</time>
      </trkpt>
      <trkpt lat="43.210782" lon="-2.548398">
        <ele>435.429</ele>
        <time>2026-02-01T15:26:56Z</time>
      </trkpt>
      <trkpt lat="43.210789" lon="-2.548430">
        <ele>435.821</ele>
        <time>2026-02-01T15:26:57Z</time>
      </trkpt>
      <trkpt lat="43.210806" lon="-2.548452">
        <ele>436.009</ele>
        <time>2026-02-01T15:26:58Z</time>
      </trkpt>
      <trkpt lat="43.210828" lon="-2.548468">
        <ele>436.266</ele>
        <time>2026-02-01T15:26:59Z</time>
      </trkpt>
      <trkpt lat="43.210854" lon="-2.548469">
        <ele>436.298</ele>
        <time>2026-02-01T15:27:00Z</time>
      </trkpt>
      <trkpt lat="43.210879" lon="-2.548443">
        <ele>436.093</ele>
        <time>2026-02-01T15:27:01Z</time>
      </trkpt>
      <trkpt lat="43.210901" lon="-2.548395">
        <ele>435.624</ele>
        <time>2026-02-01T15:27:02Z</time>
      </trkpt>
      <trkpt lat="43.210913" lon="-2.548334">
        <ele>435.071</ele>
        <time>2026-02-01T15:27:03Z</time>
      </trkpt>
      <trkpt lat="43.210920" lon="-2.548251">
        <ele>434.426</ele>
        <time>2026-02-01T15:27:04Z</time>
      </trkpt>
      <trkpt lat="43.210934" lon="-2.548162">
        <ele>432.661</ele>
        <time>2026-02-01T15:27:05Z</time>
      </trkpt>
      <trkpt lat="43.210953" lon="-2.548071">
        <ele>429.290</ele>
        <time>2026-02-01T15:27:06Z</time>
      </trkpt>
      <trkpt lat="43.210972" lon="-2.547976">
        <ele>427.819</ele>
        <time>2026-02-01T15:27:07Z</time>
      </trkpt>
      <trkpt lat="43.210986" lon="-2.547884">
        <ele>427.023</ele>
        <time>2026-02-01T15:27:08Z</time>
      </trkpt>
      <trkpt lat="43.210992" lon="-2.547807">
        <ele>425.683</ele>
        <time>2026-02-01T15:27:09Z</time>
      </trkpt>
      <trkpt lat="43.211006" lon="-2.547743">
        <ele>424.611</ele>
        <time>2026-02-01T15:27:10Z</time>
      </trkpt>
      <trkpt lat="43.211012" lon="-2.547686">
        <ele>423.409</ele>
        <time>2026-02-01T15:27:11Z</time>
      </trkpt>
      <trkpt lat="43.211015" lon="-2.547643">
        <ele>422.014</ele>
        <time>2026-02-01T15:27:12Z</time>
      </trkpt>
      <trkpt lat="43.211032" lon="-2.547613">
        <ele>422.086</ele>
        <time>2026-02-01T15:27:13Z</time>
      </trkpt>
      <trkpt lat="43.211056" lon="-2.547589">
        <ele>421.881</ele>
        <time>2026-02-01T15:27:14Z</time>
      </trkpt>
      <trkpt lat="43.211082" lon="-2.547595">
        <ele>421.892</ele>
        <time>2026-02-01T15:27:15Z</time>
      </trkpt>
      <trkpt lat="43.211098" lon="-2.547623">
        <ele>421.869</ele>
        <time>2026-02-01T15:27:16Z</time>
      </trkpt>
      <trkpt lat="43.211109" lon="-2.547652">
        <ele>421.854</ele>
        <time>2026-02-01T15:27:17Z</time>
      </trkpt>
      <trkpt lat="43.211119" lon="-2.547683">
        <ele>421.899</ele>
        <time>2026-02-01T15:27:18Z</time>
      </trkpt>
      <trkpt lat="43.211130" lon="-2.547715">
        <ele>421.868</ele>
        <time>2026-02-01T15:27:19Z</time>
      </trkpt>
      <trkpt lat="43.211143" lon="-2.547752">
        <ele>421.837</ele>
        <time>2026-02-01T15:27:20Z</time>
      </trkpt>
      <trkpt lat="43.211162" lon="-2.547786">
        <ele>422.058</ele>
        <time>2026-02-01T15:27:21Z</time>
      </trkpt>
      <trkpt lat="43.211177" lon="-2.547822">
        <ele>422.052</ele>
        <time>2026-02-01T15:27:22Z</time>
      </trkpt>
      <trkpt lat="43.211194" lon="-2.547862">
        <ele>422.017</ele>
        <time>2026-02-01T15:27:23Z</time>
      </trkpt>
      <trkpt lat="43.211214" lon="-2.547903">
        <ele>421.809</ele>
        <time>2026-02-01T15:27:24Z</time>
      </trkpt>
      <trkpt lat="43.211236" lon="-2.547938">
        <ele>421.847</ele>
        <time>2026-02-01T15:27:25Z</time>
      </trkpt>
      <trkpt lat="43.211260" lon="-2.547972">
        <ele>421.689</ele>
        <time>2026-02-01T15:27:26Z</time>
      </trkpt>
      <trkpt lat="43.211284" lon="-2.548009">
        <ele>421.454</ele>
        <time>2026-02-01T15:27:27Z</time>
      </trkpt>
      <trkpt lat="43.211311" lon="-2.548047">
        <ele>421.425</ele>
        <time>2026-02-01T15:27:28Z</time>
      </trkpt>
      <trkpt lat="43.211338" lon="-2.548083">
        <ele>421.412</ele>
        <time>2026-02-01T15:27:29Z</time>
      </trkpt>
      <trkpt lat="43.211366" lon="-2.548120">
        <ele>421.427</ele>
        <time>2026-02-01T15:27:30Z</time>
      </trkpt>
      <trkpt lat="43.211393" lon="-2.548158">
        <ele>421.452</ele>
        <time>2026-02-01T15:27:31Z</time>
      </trkpt>
      <trkpt lat="43.211421" lon="-2.548193">
        <ele>421.621</ele>
        <time>2026-02-01T15:27:32Z</time>
      </trkpt>
      <trkpt lat="43.211447" lon="-2.548227">
        <ele>421.810</ele>
        <time>2026-02-01T15:27:33Z</time>
      </trkpt>
      <trkpt lat="43.211475" lon="-2.548261">
        <ele>422.037</ele>
        <time>2026-02-01T15:27:34Z</time>
      </trkpt>
      <trkpt lat="43.211502" lon="-2.548295">
        <ele>422.249</ele>
        <time>2026-02-01T15:27:35Z</time>
      </trkpt>
      <trkpt lat="43.211528" lon="-2.548329">
        <ele>422.213</ele>
        <time>2026-02-01T15:27:36Z</time>
      </trkpt>
      <trkpt lat="43.211555" lon="-2.548363">
        <ele>422.409</ele>
        <time>2026-02-01T15:27:37Z</time>
      </trkpt>
      <trkpt lat="43.211582" lon="-2.548397">
        <ele>422.435</ele>
        <time>2026-02-01T15:27:38Z</time>
      </trkpt>
      <trkpt lat="43.211602" lon="-2.548435">
        <ele>422.427</ele>
        <time>2026-02-01T15:27:39Z</time>
      </trkpt>
      <trkpt lat="43.211615" lon="-2.548479">
        <ele>422.652</ele>
        <time>2026-02-01T15:27:40Z</time>
      </trkpt>
      <trkpt lat="43.211620" lon="-2.548529">
        <ele>422.633</ele>
        <time>2026-02-01T15:27:41Z</time>
      </trkpt>
      <trkpt lat="43.211623" lon="-2.548585">
        <ele>422.680</ele>
        <time>2026-02-01T15:27:42Z</time>
      </trkpt>
      <trkpt lat="43.211624" lon="-2.548641">
        <ele>422.495</ele>
        <time>2026-02-01T15:27:43Z</time>
      </trkpt>
      <trkpt lat="43.211619" lon="-2.548698">
        <ele>422.470</ele>
        <time>2026-02-01T15:27:44Z</time>
      </trkpt>
      <trkpt lat="43.211609" lon="-2.548760">
        <ele>422.259</ele>
        <time>2026-02-01T15:27:45Z</time>
      </trkpt>
      <trkpt lat="43.211600" lon="-2.548825">
        <ele>422.028</ele>
        <time>2026-02-01T15:27:46Z</time>
      </trkpt>
      <trkpt lat="43.211588" lon="-2.548893">
        <ele>422.086</ele>
        <time>2026-02-01T15:27:47Z</time>
      </trkpt>
      <trkpt lat="43.211577" lon="-2.548967">
        <ele>422.060</ele>
        <time>2026-02-01T15:27:48Z</time>
      </trkpt>
      <trkpt lat="43.211576" lon="-2.549043">
        <ele>421.826</ele>
        <time>2026-02-01T15:27:49Z</time>
      </trkpt>
      <trkpt lat="43.211582" lon="-2.549120">
        <ele>421.609</ele>
        <time>2026-02-01T15:27:50Z</time>
      </trkpt>
      <trkpt lat="43.211596" lon="-2.549197">
        <ele>421.480</ele>
        <time>2026-02-01T15:27:51Z</time>
      </trkpt>
      <trkpt lat="43.211615" lon="-2.549280">
        <ele>421.052</ele>
        <time>2026-02-01T15:27:52Z</time>
      </trkpt>
      <trkpt lat="43.211636" lon="-2.549363">
        <ele>420.487</ele>
        <time>2026-02-01T15:27:53Z</time>
      </trkpt>
      <trkpt lat="43.211658" lon="-2.549449">
        <ele>419.828</ele>
        <time>2026-02-01T15:27:54Z</time>
      </trkpt>
      <trkpt lat="43.211683" lon="-2.549540">
        <ele>419.485</ele>
        <time>2026-02-01T15:27:55Z</time>
      </trkpt>
      <trkpt lat="43.211719" lon="-2.549631">
        <ele>419.020</ele>
        <time>2026-02-01T15:27:56Z</time>
      </trkpt>
      <trkpt lat="43.211769" lon="-2.549707">
        <ele>418.645</ele>
        <time>2026-02-01T15:27:57Z</time>
      </trkpt>
      <trkpt lat="43.211825" lon="-2.549766">
        <ele>418.484</ele>
        <time>2026-02-01T15:27:58Z</time>
      </trkpt>
      <trkpt lat="43.211883" lon="-2.549813">
        <ele>418.673</ele>
        <time>2026-02-01T15:27:59Z</time>
      </trkpt>
      <trkpt lat="43.211939" lon="-2.549855">
        <ele>418.423</ele>
        <time>2026-02-01T15:28:00Z</time>
      </trkpt>
      <trkpt lat="43.211994" lon="-2.549892">
        <ele>418.683</ele>
        <time>2026-02-01T15:28:01Z</time>
      </trkpt>
      <trkpt lat="43.212045" lon="-2.549926">
        <ele>418.611</ele>
        <time>2026-02-01T15:28:02Z</time>
      </trkpt>
      <trkpt lat="43.212095" lon="-2.549960">
        <ele>419.009</ele>
        <time>2026-02-01T15:28:03Z</time>
      </trkpt>
      <trkpt lat="43.212144" lon="-2.549996">
        <ele>419.084</ele>
        <time>2026-02-01T15:28:04Z</time>
      </trkpt>
      <trkpt lat="43.212191" lon="-2.550033">
        <ele>419.236</ele>
        <time>2026-02-01T15:28:05Z</time>
      </trkpt>
      <trkpt lat="43.212239" lon="-2.550068">
        <ele>419.241</ele>
        <time>2026-02-01T15:28:06Z</time>
      </trkpt>
      <trkpt lat="43.212290" lon="-2.550098">
        <ele>419.462</ele>
        <time>2026-02-01T15:28:07Z</time>
      </trkpt>
      <trkpt lat="43.212341" lon="-2.550122">
        <ele>419.499</ele>
        <time>2026-02-01T15:28:08Z</time>
      </trkpt>
      <trkpt lat="43.212395" lon="-2.550139">
        <ele>419.674</ele>
        <time>2026-02-01T15:28:09Z</time>
      </trkpt>
      <trkpt lat="43.212452" lon="-2.550147">
        <ele>419.649</ele>
        <time>2026-02-01T15:28:10Z</time>
      </trkpt>
      <trkpt lat="43.212509" lon="-2.550133">
        <ele>419.648</ele>
        <time>2026-02-01T15:28:11Z</time>
      </trkpt>
      <trkpt lat="43.212562" lon="-2.550103">
        <ele>419.687</ele>
        <time>2026-02-01T15:28:12Z</time>
      </trkpt>
      <trkpt lat="43.212616" lon="-2.550070">
        <ele>419.677</ele>
        <time>2026-02-01T15:28:13Z</time>
      </trkpt>
      <trkpt lat="43.212671" lon="-2.550033">
        <ele>419.661</ele>
        <time>2026-02-01T15:28:14Z</time>
      </trkpt>
      <trkpt lat="43.212725" lon="-2.549999">
        <ele>419.627</ele>
        <time>2026-02-01T15:28:15Z</time>
      </trkpt>
      <trkpt lat="43.212778" lon="-2.549969">
        <ele>419.609</ele>
        <time>2026-02-01T15:28:16Z</time>
      </trkpt>
      <trkpt lat="43.212831" lon="-2.549934">
        <ele>419.659</ele>
        <time>2026-02-01T15:28:17Z</time>
      </trkpt>
      <trkpt lat="43.212879" lon="-2.549895">
        <ele>419.821</ele>
        <time>2026-02-01T15:28:18Z</time>
      </trkpt>
      <trkpt lat="43.212935" lon="-2.549864">
        <ele>419.676</ele>
        <time>2026-02-01T15:28:19Z</time>
      </trkpt>
      <trkpt lat="43.212989" lon="-2.549851">
        <ele>419.687</ele>
        <time>2026-02-01T15:28:20Z</time>
      </trkpt>
      <trkpt lat="43.213046" lon="-2.549844">
        <ele>419.844</ele>
        <time>2026-02-01T15:28:21Z</time>
      </trkpt>
      <trkpt lat="43.213105" lon="-2.549852">
        <ele>419.879</ele>
        <time>2026-02-01T15:28:22Z</time>
      </trkpt>
      <trkpt lat="43.213160" lon="-2.549875">
        <ele>419.654</ele>
        <time>2026-02-01T15:28:23Z</time>
      </trkpt>
      <trkpt lat="43.213215" lon="-2.549903">
        <ele>419.623</ele>
        <time>2026-02-01T15:28:24Z</time>
      </trkpt>
      <trkpt lat="43.213279" lon="-2.549918">
        <ele>420.052</ele>
        <time>2026-02-01T15:28:25Z</time>
      </trkpt>
      <trkpt lat="43.213347" lon="-2.549917">
        <ele>419.881</ele>
        <time>2026-02-01T15:28:26Z</time>
      </trkpt>
      <trkpt lat="43.213412" lon="-2.549897">
        <ele>419.661</ele>
        <time>2026-02-01T15:28:27Z</time>
      </trkpt>
      <trkpt lat="43.213475" lon="-2.549856">
        <ele>419.417</ele>
        <time>2026-02-01T15:28:28Z</time>
      </trkpt>
      <trkpt lat="43.213535" lon="-2.549797">
        <ele>419.009</ele>
        <time>2026-02-01T15:28:29Z</time>
      </trkpt>
      <trkpt lat="43.213595" lon="-2.549731">
        <ele>418.010</ele>
        <time>2026-02-01T15:28:30Z</time>
      </trkpt>
      <trkpt lat="43.213661" lon="-2.549667">
        <ele>417.472</ele>
        <time>2026-02-01T15:28:31Z</time>
      </trkpt>
      <trkpt lat="43.213735" lon="-2.549606">
        <ele>416.697</ele>
        <time>2026-02-01T15:28:32Z</time>
      </trkpt>
      <trkpt lat="43.213823" lon="-2.549565">
        <ele>415.448</ele>
        <time>2026-02-01T15:28:33Z</time>
      </trkpt>
      <trkpt lat="43.213925" lon="-2.549542">
        <ele>413.835</ele>
        <time>2026-02-01T15:28:34Z</time>
      </trkpt>
      <trkpt lat="43.214033" lon="-2.549540">
        <ele>412.680</ele>
        <time>2026-02-01T15:28:35Z</time>
      </trkpt>
      <trkpt lat="43.214127" lon="-2.549593">
        <ele>411.455</ele>
        <time>2026-02-01T15:28:36Z</time>
      </trkpt>
      <trkpt lat="43.214204" lon="-2.549683">
        <ele>410.884</ele>
        <time>2026-02-01T15:28:37Z</time>
      </trkpt>
      <trkpt lat="43.214249" lon="-2.549800">
        <ele>410.063</ele>
        <time>2026-02-01T15:28:38Z</time>
      </trkpt>
      <trkpt lat="43.214262" lon="-2.549937">
        <ele>409.891</ele>
        <time>2026-02-01T15:28:39Z</time>
      </trkpt>
      <trkpt lat="43.214239" lon="-2.550065">
        <ele>409.081</ele>
        <time>2026-02-01T15:28:40Z</time>
      </trkpt>
      <trkpt lat="43.214188" lon="-2.550170">
        <ele>408.219</ele>
        <time>2026-02-01T15:28:41Z</time>
      </trkpt>
      <trkpt lat="43.214130" lon="-2.550262">
        <ele>407.609</ele>
        <time>2026-02-01T15:28:42Z</time>
      </trkpt>
      <trkpt lat="43.214064" lon="-2.550343">
        <ele>407.041</ele>
        <time>2026-02-01T15:28:43Z</time>
      </trkpt>
      <trkpt lat="43.213998" lon="-2.550419">
        <ele>406.413</ele>
        <time>2026-02-01T15:28:44Z</time>
      </trkpt>
      <trkpt lat="43.213927" lon="-2.550497">
        <ele>406.238</ele>
        <time>2026-02-01T15:28:45Z</time>
      </trkpt>
      <trkpt lat="43.213858" lon="-2.550579">
        <ele>406.069</ele>
        <time>2026-02-01T15:28:46Z</time>
      </trkpt>
      <trkpt lat="43.213795" lon="-2.550666">
        <ele>405.656</ele>
        <time>2026-02-01T15:28:47Z</time>
      </trkpt>
      <trkpt lat="43.213750" lon="-2.550763">
        <ele>405.061</ele>
        <time>2026-02-01T15:28:48Z</time>
      </trkpt>
      <trkpt lat="43.213730" lon="-2.550870">
        <ele>404.646</ele>
        <time>2026-02-01T15:28:49Z</time>
      </trkpt>
      <trkpt lat="43.213738" lon="-2.550976">
        <ele>404.215</ele>
        <time>2026-02-01T15:28:50Z</time>
      </trkpt>
      <trkpt lat="43.213770" lon="-2.551068">
        <ele>404.224</ele>
        <time>2026-02-01T15:28:51Z</time>
      </trkpt>
      <trkpt lat="43.213819" lon="-2.551134">
        <ele>404.237</ele>
        <time>2026-02-01T15:28:52Z</time>
      </trkpt>
      <trkpt lat="43.213870" lon="-2.551182">
        <ele>404.649</ele>
        <time>2026-02-01T15:28:53Z</time>
      </trkpt>
      <trkpt lat="43.213910" lon="-2.551235">
        <ele>405.213</ele>
        <time>2026-02-01T15:28:54Z</time>
      </trkpt>
      <trkpt lat="43.213937" lon="-2.551300">
        <ele>405.409</ele>
        <time>2026-02-01T15:28:55Z</time>
      </trkpt>
      <trkpt lat="43.213941" lon="-2.551363">
        <ele>405.615</ele>
        <time>2026-02-01T15:28:56Z</time>
      </trkpt>
      <trkpt lat="43.213930" lon="-2.551434">
        <ele>405.877</ele>
        <time>2026-02-01T15:28:57Z</time>
      </trkpt>
      <trkpt lat="43.213915" lon="-2.551512">
        <ele>405.812</ele>
        <time>2026-02-01T15:28:58Z</time>
      </trkpt>
      <trkpt lat="43.213898" lon="-2.551590">
        <ele>405.673</ele>
        <time>2026-02-01T15:28:59Z</time>
      </trkpt>
      <trkpt lat="43.213888" lon="-2.551668">
        <ele>405.430</ele>
        <time>2026-02-01T15:29:00Z</time>
      </trkpt>
      <trkpt lat="43.213889" lon="-2.551749">
        <ele>405.485</ele>
        <time>2026-02-01T15:29:01Z</time>
      </trkpt>
      <trkpt lat="43.213906" lon="-2.551826">
        <ele>405.230</ele>
        <time>2026-02-01T15:29:02Z</time>
      </trkpt>
      <trkpt lat="43.213939" lon="-2.551883">
        <ele>405.419</ele>
        <time>2026-02-01T15:29:03Z</time>
      </trkpt>
      <trkpt lat="43.213984" lon="-2.551924">
        <ele>405.668</ele>
        <time>2026-02-01T15:29:04Z</time>
      </trkpt>
      <trkpt lat="43.214034" lon="-2.551951">
        <ele>405.899</ele>
        <time>2026-02-01T15:29:05Z</time>
      </trkpt>
      <trkpt lat="43.214085" lon="-2.551967">
        <ele>405.807</ele>
        <time>2026-02-01T15:29:06Z</time>
      </trkpt>
      <trkpt lat="43.214140" lon="-2.551977">
        <ele>405.827</ele>
        <time>2026-02-01T15:29:07Z</time>
      </trkpt>
      <trkpt lat="43.214202" lon="-2.551993">
        <ele>405.609</ele>
        <time>2026-02-01T15:29:08Z</time>
      </trkpt>
      <trkpt lat="43.214265" lon="-2.552017">
        <ele>405.261</ele>
        <time>2026-02-01T15:29:09Z</time>
      </trkpt>
      <trkpt lat="43.214330" lon="-2.552050">
        <ele>404.863</ele>
        <time>2026-02-01T15:29:10Z</time>
      </trkpt>
      <trkpt lat="43.214384" lon="-2.552108">
        <ele>404.488</ele>
        <time>2026-02-01T15:29:11Z</time>
      </trkpt>
      <trkpt lat="43.214415" lon="-2.552191">
        <ele>403.489</ele>
        <time>2026-02-01T15:29:12Z</time>
      </trkpt>
      <trkpt lat="43.214418" lon="-2.552295">
        <ele>403.096</ele>
        <time>2026-02-01T15:29:13Z</time>
      </trkpt>
      <trkpt lat="43.214412" lon="-2.552407">
        <ele>402.071</ele>
        <time>2026-02-01T15:29:14Z</time>
      </trkpt>
      <trkpt lat="43.214417" lon="-2.552529">
        <ele>401.016</ele>
        <time>2026-02-01T15:29:15Z</time>
      </trkpt>
      <trkpt lat="43.214444" lon="-2.552650">
        <ele>399.895</ele>
        <time>2026-02-01T15:29:16Z</time>
      </trkpt>
      <trkpt lat="43.214492" lon="-2.552763">
        <ele>398.634</ele>
        <time>2026-02-01T15:29:17Z</time>
      </trkpt>
      <trkpt lat="43.214550" lon="-2.552864">
        <ele>397.811</ele>
        <time>2026-02-01T15:29:18Z</time>
      </trkpt>
      <trkpt lat="43.214600" lon="-2.552975">
        <ele>396.821</ele>
        <time>2026-02-01T15:29:19Z</time>
      </trkpt>
      <trkpt lat="43.214632" lon="-2.553095">
        <ele>396.003</ele>
        <time>2026-02-01T15:29:20Z</time>
      </trkpt>
      <trkpt lat="43.214649" lon="-2.553211">
        <ele>395.409</ele>
        <time>2026-02-01T15:29:21Z</time>
      </trkpt>
      <trkpt lat="43.214658" lon="-2.553334">
        <ele>395.213</ele>
        <time>2026-02-01T15:29:22Z</time>
      </trkpt>
      <trkpt lat="43.214671" lon="-2.553453">
        <ele>395.015</ele>
        <time>2026-02-01T15:29:23Z</time>
      </trkpt>
      <trkpt lat="43.214696" lon="-2.553567">
        <ele>394.870</ele>
        <time>2026-02-01T15:29:24Z</time>
      </trkpt>
      <trkpt lat="43.214730" lon="-2.553665">
        <ele>395.061</ele>
        <time>2026-02-01T15:29:25Z</time>
      </trkpt>
      <trkpt lat="43.214778" lon="-2.553738">
        <ele>395.238</ele>
        <time>2026-02-01T15:29:26Z</time>
      </trkpt>
      <trkpt lat="43.214837" lon="-2.553775">
        <ele>395.413</ele>
        <time>2026-02-01T15:29:27Z</time>
      </trkpt>
      <trkpt lat="43.214901" lon="-2.553779">
        <ele>396.098</ele>
        <time>2026-02-01T15:29:28Z</time>
      </trkpt>
      <trkpt lat="43.214958" lon="-2.553749">
        <ele>396.437</ele>
        <time>2026-02-01T15:29:29Z</time>
      </trkpt>
      <trkpt lat="43.215009" lon="-2.553706">
        <ele>396.466</ele>
        <time>2026-02-01T15:29:30Z</time>
      </trkpt>
      <trkpt lat="43.215056" lon="-2.553661">
        <ele>396.625</ele>
        <time>2026-02-01T15:29:31Z</time>
      </trkpt>
      <trkpt lat="43.215106" lon="-2.553621">
        <ele>396.826</ele>
        <time>2026-02-01T15:29:32Z</time>
      </trkpt>
      <trkpt lat="43.215159" lon="-2.553584">
        <ele>396.608</ele>
        <time>2026-02-01T15:29:33Z</time>
      </trkpt>
      <trkpt lat="43.215213" lon="-2.553553">
        <ele>396.809</ele>
        <time>2026-02-01T15:29:34Z</time>
      </trkpt>
      <trkpt lat="43.215268" lon="-2.553521">
        <ele>396.684</ele>
        <time>2026-02-01T15:29:35Z</time>
      </trkpt>
      <trkpt lat="43.215323" lon="-2.553486">
        <ele>396.616</ele>
        <time>2026-02-01T15:29:36Z</time>
      </trkpt>
      <trkpt lat="43.215374" lon="-2.553450">
        <ele>396.411</ele>
        <time>2026-02-01T15:29:37Z</time>
      </trkpt>
      <trkpt lat="43.215428" lon="-2.553412">
        <ele>396.412</ele>
        <time>2026-02-01T15:29:38Z</time>
      </trkpt>
      <trkpt lat="43.215485" lon="-2.553369">
        <ele>396.249</ele>
        <time>2026-02-01T15:29:39Z</time>
      </trkpt>
      <trkpt lat="43.215542" lon="-2.553324">
        <ele>396.264</ele>
        <time>2026-02-01T15:29:40Z</time>
      </trkpt>
      <trkpt lat="43.215602" lon="-2.553282">
        <ele>396.289</ele>
        <time>2026-02-01T15:29:41Z</time>
      </trkpt>
      <trkpt lat="43.215666" lon="-2.553260">
        <ele>395.828</ele>
        <time>2026-02-01T15:29:42Z</time>
      </trkpt>
      <trkpt lat="43.215735" lon="-2.553269">
        <ele>395.627</ele>
        <time>2026-02-01T15:29:43Z</time>
      </trkpt>
      <trkpt lat="43.215803" lon="-2.553302">
        <ele>395.298</ele>
        <time>2026-02-01T15:29:44Z</time>
      </trkpt>
      <trkpt lat="43.215873" lon="-2.553336">
        <ele>394.815</ele>
        <time>2026-02-01T15:29:45Z</time>
      </trkpt>
      <trkpt lat="43.215950" lon="-2.553346">
        <ele>394.626</ele>
        <time>2026-02-01T15:29:46Z</time>
      </trkpt>
      <trkpt lat="43.216027" lon="-2.553324">
        <ele>394.409</ele>
        <time>2026-02-01T15:29:47Z</time>
      </trkpt>
      <trkpt lat="43.216095" lon="-2.553276">
        <ele>394.261</ele>
        <time>2026-02-01T15:29:48Z</time>
      </trkpt>
      <trkpt lat="43.216148" lon="-2.553209">
        <ele>394.283</ele>
        <time>2026-02-01T15:29:49Z</time>
      </trkpt>
      <trkpt lat="43.216192" lon="-2.553143">
        <ele>394.078</ele>
        <time>2026-02-01T15:29:50Z</time>
      </trkpt>
      <trkpt lat="43.216242" lon="-2.553090">
        <ele>394.079</ele>
        <time>2026-02-01T15:29:51Z</time>
      </trkpt>
      <trkpt lat="43.216289" lon="-2.553056">
        <ele>394.286</ele>
        <time>2026-02-01T15:29:52Z</time>
      </trkpt>
      <trkpt lat="43.216334" lon="-2.553033">
        <ele>394.891</ele>
        <time>2026-02-01T15:29:53Z</time>
      </trkpt>
      <trkpt lat="43.216372" lon="-2.553012">
        <ele>395.296</ele>
        <time>2026-02-01T15:29:54Z</time>
      </trkpt>
      <trkpt lat="43.216408" lon="-2.552997">
        <ele>395.835</ele>
        <time>2026-02-01T15:29:55Z</time>
      </trkpt>
      <trkpt lat="43.216445" lon="-2.552979">
        <ele>396.494</ele>
        <time>2026-02-01T15:29:56Z</time>
      </trkpt>
      <trkpt lat="43.216479" lon="-2.552965">
        <ele>396.626</ele>
        <time>2026-02-01T15:29:57Z</time>
      </trkpt>
      <trkpt lat="43.216521" lon="-2.552952">
        <ele>397.047</ele>
        <time>2026-02-01T15:29:58Z</time>
      </trkpt>
      <trkpt lat="43.216558" lon="-2.552950">
        <ele>397.411</ele>
        <time>2026-02-01T15:29:59Z</time>
      </trkpt>
      <trkpt lat="43.216591" lon="-2.552941">
        <ele>397.609</ele>
        <time>2026-02-01T15:30:00Z</time>
      </trkpt>
      <trkpt lat="43.216622" lon="-2.552929">
        <ele>398.054</ele>
        <time>2026-02-01T15:30:01Z</time>
      </trkpt>
      <trkpt lat="43.216650" lon="-2.552914">
        <ele>398.486</ele>
        <time>2026-02-01T15:30:02Z</time>
      </trkpt>
      <trkpt lat="43.216677" lon="-2.552902">
        <ele>398.811</ele>
        <time>2026-02-01T15:30:03Z</time>
      </trkpt>
      <trkpt lat="43.216704" lon="-2.552896">
        <ele>399.082</ele>
        <time>2026-02-01T15:30:04Z</time>
      </trkpt>
      <trkpt lat="43.216732" lon="-2.552892">
        <ele>399.429</ele>
        <time>2026-02-01T15:30:05Z</time>
      </trkpt>
      <trkpt lat="43.216761" lon="-2.552887">
        <ele>399.624</ele>
        <time>2026-02-01T15:30:06Z</time>
      </trkpt>
      <trkpt lat="43.216792" lon="-2.552884">
        <ele>399.899</ele>
        <time>2026-02-01T15:30:07Z</time>
      </trkpt>
      <trkpt lat="43.216823" lon="-2.552886">
        <ele>400.238</ele>
        <time>2026-02-01T15:30:08Z</time>
      </trkpt>
      <trkpt lat="43.216854" lon="-2.552895">
        <ele>400.427</ele>
        <time>2026-02-01T15:30:09Z</time>
      </trkpt>
      <trkpt lat="43.216882" lon="-2.552910">
        <ele>400.645</ele>
        <time>2026-02-01T15:30:10Z</time>
      </trkpt>
      <trkpt lat="43.216908" lon="-2.552926">
        <ele>400.847</ele>
        <time>2026-02-01T15:30:11Z</time>
      </trkpt>
      <trkpt lat="43.216930" lon="-2.552946">
        <ele>401.211</ele>
        <time>2026-02-01T15:30:12Z</time>
      </trkpt>
      <trkpt lat="43.216950" lon="-2.552969">
        <ele>401.409</ele>
        <time>2026-02-01T15:30:13Z</time>
      </trkpt>
      <trkpt lat="43.216969" lon="-2.552994">
        <ele>401.616</ele>
        <time>2026-02-01T15:30:14Z</time>
      </trkpt>
      <trkpt lat="43.216985" lon="-2.553025">
        <ele>401.848</ele>
        <time>2026-02-01T15:30:15Z</time>
      </trkpt>
      <trkpt lat="43.217002" lon="-2.553058">
        <ele>402.093</ele>
        <time>2026-02-01T15:30:16Z</time>
      </trkpt>
      <trkpt lat="43.217018" lon="-2.553090">
        <ele>402.224</ele>
        <time>2026-02-01T15:30:17Z</time>
      </trkpt>
      <trkpt lat="43.217032" lon="-2.553123">
        <ele>402.481</ele>
        <time>2026-02-01T15:30:18Z</time>
      </trkpt>
      <trkpt lat="43.217046" lon="-2.553161">
        <ele>402.616</ele>
        <time>2026-02-01T15:30:19Z</time>
      </trkpt>
      <trkpt lat="43.217060" lon="-2.553200">
        <ele>402.661</ele>
        <time>2026-02-01T15:30:20Z</time>
      </trkpt>
      <trkpt lat="43.217076" lon="-2.553241">
        <ele>402.860</ele>
        <time>2026-02-01T15:30:21Z</time>
      </trkpt>
      <trkpt lat="43.217096" lon="-2.553281">
        <ele>402.849</ele>
        <time>2026-02-01T15:30:22Z</time>
      </trkpt>
      <trkpt lat="43.217119" lon="-2.553317">
        <ele>402.816</ele>
        <time>2026-02-01T15:30:23Z</time>
      </trkpt>
      <trkpt lat="43.217149" lon="-2.553351">
        <ele>402.876</ele>
        <time>2026-02-01T15:30:24Z</time>
      </trkpt>
      <trkpt lat="43.217180" lon="-2.553381">
        <ele>402.813</ele>
        <time>2026-02-01T15:30:25Z</time>
      </trkpt>
      <trkpt lat="43.217210" lon="-2.553406">
        <ele>403.009</ele>
        <time>2026-02-01T15:30:26Z</time>
      </trkpt>
      <trkpt lat="43.217242" lon="-2.553423">
        <ele>403.053</ele>
        <time>2026-02-01T15:30:27Z</time>
      </trkpt>
      <trkpt lat="43.217278" lon="-2.553436">
        <ele>403.235</ele>
        <time>2026-02-01T15:30:28Z</time>
      </trkpt>
      <trkpt lat="43.217312" lon="-2.553441">
        <ele>403.290</ele>
        <time>2026-02-01T15:30:29Z</time>
      </trkpt>
      <trkpt lat="43.217347" lon="-2.553440">
        <ele>403.651</ele>
        <time>2026-02-01T15:30:30Z</time>
      </trkpt>
      <trkpt lat="43.217382" lon="-2.553435">
        <ele>403.858</ele>
        <time>2026-02-01T15:30:31Z</time>
      </trkpt>
      <trkpt lat="43.217418" lon="-2.553427">
        <ele>403.833</ele>
        <time>2026-02-01T15:30:32Z</time>
      </trkpt>
      <trkpt lat="43.217455" lon="-2.553414">
        <ele>404.028</ele>
        <time>2026-02-01T15:30:33Z</time>
      </trkpt>
      <trkpt lat="43.217490" lon="-2.553403">
        <ele>404.497</ele>
        <time>2026-02-01T15:30:34Z</time>
      </trkpt>
      <trkpt lat="43.217523" lon="-2.553397">
        <ele>404.426</ele>
        <time>2026-02-01T15:30:35Z</time>
      </trkpt>
      <trkpt lat="43.217555" lon="-2.553384">
        <ele>404.845</ele>
        <time>2026-02-01T15:30:36Z</time>
      </trkpt>
      <trkpt lat="43.217587" lon="-2.553370">
        <ele>405.047</ele>
        <time>2026-02-01T15:30:37Z</time>
      </trkpt>
      <trkpt lat="43.217618" lon="-2.553356">
        <ele>405.411</ele>
        <time>2026-02-01T15:30:38Z</time>
      </trkpt>
      <trkpt lat="43.217650" lon="-2.553342">
        <ele>405.809</ele>
        <time>2026-02-01T15:30:39Z</time>
      </trkpt>
      <trkpt lat="43.217678" lon="-2.553334">
        <ele>406.266</ele>
        <time>2026-02-01T15:30:40Z</time>
      </trkpt>
      <trkpt lat="43.217706" lon="-2.553337">
        <ele>406.678</ele>
        <time>2026-02-01T15:30:41Z</time>
      </trkpt>
      <trkpt lat="43.217735" lon="-2.553338">
        <ele>407.083</ele>
        <time>2026-02-01T15:30:42Z</time>
      </trkpt>
      <trkpt lat="43.217763" lon="-2.553334">
        <ele>407.274</ele>
        <time>2026-02-01T15:30:43Z</time>
      </trkpt>
      <trkpt lat="43.217792" lon="-2.553330">
        <ele>407.681</ele>
        <time>2026-02-01T15:30:44Z</time>
      </trkpt>
      <trkpt lat="43.217822" lon="-2.553329">
        <ele>407.886</ele>
        <time>2026-02-01T15:30:45Z</time>
      </trkpt>
      <trkpt lat="43.217850" lon="-2.553328">
        <ele>408.061</ele>
        <time>2026-02-01T15:30:46Z</time>
      </trkpt>
      <trkpt lat="43.217879" lon="-2.553329">
        <ele>408.250</ele>
        <time>2026-02-01T15:30:47Z</time>
      </trkpt>
      <trkpt lat="43.217910" lon="-2.553331">
        <ele>408.499</ele>
        <time>2026-02-01T15:30:48Z</time>
      </trkpt>
      <trkpt lat="43.217938" lon="-2.553338">
        <ele>408.677</ele>
        <time>2026-02-01T15:30:49Z</time>
      </trkpt>
      <trkpt lat="43.217966" lon="-2.553346">
        <ele>408.861</ele>
        <time>2026-02-01T15:30:50Z</time>
      </trkpt>
      <trkpt lat="43.217999" lon="-2.553354">
        <ele>409.027</ele>
        <time>2026-02-01T15:30:51Z</time>
      </trkpt>
      <trkpt lat="43.218033" lon="-2.553359">
        <ele>409.009</ele>
        <time>2026-02-01T15:30:52Z</time>
      </trkpt>
      <trkpt lat="43.218072" lon="-2.553365">
        <ele>409.229</ele>
        <time>2026-02-01T15:30:53Z</time>
      </trkpt>
      <trkpt lat="43.218108" lon="-2.553379">
        <ele>409.271</ele>
        <time>2026-02-01T15:30:54Z</time>
      </trkpt>
      <trkpt lat="43.218142" lon="-2.553397">
        <ele>409.426</ele>
        <time>2026-02-01T15:30:55Z</time>
      </trkpt>
      <trkpt lat="43.218178" lon="-2.553418">
        <ele>409.217</ele>
        <time>2026-02-01T15:30:56Z</time>
      </trkpt>
      <trkpt lat="43.218213" lon="-2.553442">
        <ele>409.264</ele>
        <time>2026-02-01T15:30:57Z</time>
      </trkpt>
      <trkpt lat="43.218248" lon="-2.553473">
        <ele>409.449</ele>
        <time>2026-02-01T15:30:58Z</time>
      </trkpt>
      <trkpt lat="43.218283" lon="-2.553510">
        <ele>409.494</ele>
        <time>2026-02-01T15:30:59Z</time>
      </trkpt>
      <trkpt lat="43.218314" lon="-2.553547">
        <ele>409.453</ele>
        <time>2026-02-01T15:31:00Z</time>
      </trkpt>
      <trkpt lat="43.218342" lon="-2.553592">
        <ele>409.452</ele>
        <time>2026-02-01T15:31:01Z</time>
      </trkpt>
      <trkpt lat="43.218368" lon="-2.553644">
        <ele>409.447</ele>
        <time>2026-02-01T15:31:02Z</time>
      </trkpt>
      <trkpt lat="43.218394" lon="-2.553700">
        <ele>409.429</ele>
        <time>2026-02-01T15:31:03Z</time>
      </trkpt>
      <trkpt lat="43.218421" lon="-2.553756">
        <ele>409.421</ele>
        <time>2026-02-01T15:31:04Z</time>
      </trkpt>
      <trkpt lat="43.218445" lon="-2.553813">
        <ele>409.609</ele>
        <time>2026-02-01T15:31:05Z</time>
      </trkpt>
      <trkpt lat="43.218469" lon="-2.553871">
        <ele>409.816</ele>
        <time>2026-02-01T15:31:06Z</time>
      </trkpt>
      <trkpt lat="43.218502" lon="-2.553922">
        <ele>409.838</ele>
        <time>2026-02-01T15:31:07Z</time>
      </trkpt>
      <trkpt lat="43.218537" lon="-2.553961">
        <ele>410.013</ele>
        <time>2026-02-01T15:31:08Z</time>
      </trkpt>
      <trkpt lat="43.218577" lon="-2.553993">
        <ele>410.254</ele>
        <time>2026-02-01T15:31:09Z</time>
      </trkpt>
      <trkpt lat="43.218618" lon="-2.554018">
        <ele>410.481</ele>
        <time>2026-02-01T15:31:10Z</time>
      </trkpt>
      <trkpt lat="43.218659" lon="-2.554045">
        <ele>410.646</ele>
        <time>2026-02-01T15:31:11Z</time>
      </trkpt>
      <trkpt lat="43.218701" lon="-2.554070">
        <ele>411.051</ele>
        <time>2026-02-01T15:31:12Z</time>
      </trkpt>
      <trkpt lat="43.218741" lon="-2.554089">
        <ele>411.420</ele>
        <time>2026-02-01T15:31:13Z</time>
      </trkpt>
      <trkpt lat="43.218781" lon="-2.554102">
        <ele>411.679</ele>
        <time>2026-02-01T15:31:14Z</time>
      </trkpt>
      <trkpt lat="43.218822" lon="-2.554113">
        <ele>412.095</ele>
        <time>2026-02-01T15:31:15Z</time>
      </trkpt>
      <trkpt lat="43.218861" lon="-2.554125">
        <ele>412.449</ele>
        <time>2026-02-01T15:31:16Z</time>
      </trkpt>
      <trkpt lat="43.218898" lon="-2.554139">
        <ele>412.623</ele>
        <time>2026-02-01T15:31:17Z</time>
      </trkpt>
      <trkpt lat="43.218935" lon="-2.554151">
        <ele>412.809</ele>
        <time>2026-02-01T15:31:18Z</time>
      </trkpt>
      <trkpt lat="43.218971" lon="-2.554167">
        <ele>413.231</ele>
        <time>2026-02-01T15:31:19Z</time>
      </trkpt>
      <trkpt lat="43.219005" lon="-2.554192">
        <ele>413.473</ele>
        <time>2026-02-01T15:31:20Z</time>
      </trkpt>
      <trkpt lat="43.219038" lon="-2.554220">
        <ele>413.828</ele>
        <time>2026-02-01T15:31:21Z</time>
      </trkpt>
      <trkpt lat="43.219069" lon="-2.554247">
        <ele>414.069</ele>
        <time>2026-02-01T15:31:22Z</time>
      </trkpt>
      <trkpt lat="43.219096" lon="-2.554281">
        <ele>414.486</ele>
        <time>2026-02-01T15:31:23Z</time>
      </trkpt>
      <trkpt lat="43.219117" lon="-2.554323">
        <ele>414.671</ele>
        <time>2026-02-01T15:31:24Z</time>
      </trkpt>
      <trkpt lat="43.219131" lon="-2.554365">
        <ele>414.896</ele>
        <time>2026-02-01T15:31:25Z</time>
      </trkpt>
      <trkpt lat="43.219144" lon="-2.554411">
        <ele>415.075</ele>
        <time>2026-02-01T15:31:26Z</time>
      </trkpt>
      <trkpt lat="43.219150" lon="-2.554459">
        <ele>415.074</ele>
        <time>2026-02-01T15:31:27Z</time>
      </trkpt>
      <trkpt lat="43.219152" lon="-2.554514">
        <ele>415.278</ele>
        <time>2026-02-01T15:31:28Z</time>
      </trkpt>
      <trkpt lat="43.219156" lon="-2.554574">
        <ele>415.233</ele>
        <time>2026-02-01T15:31:29Z</time>
      </trkpt>
      <trkpt lat="43.219163" lon="-2.554636">
        <ele>415.026</ele>
        <time>2026-02-01T15:31:30Z</time>
      </trkpt>
      <trkpt lat="43.219172" lon="-2.554703">
        <ele>415.009</ele>
        <time>2026-02-01T15:31:31Z</time>
      </trkpt>
      <trkpt lat="43.219186" lon="-2.554775">
        <ele>414.619</ele>
        <time>2026-02-01T15:31:32Z</time>
      </trkpt>
      <trkpt lat="43.219202" lon="-2.554848">
        <ele>414.471</ele>
        <time>2026-02-01T15:31:33Z</time>
      </trkpt>
      <trkpt lat="43.219220" lon="-2.554913">
        <ele>414.266</ele>
        <time>2026-02-01T15:31:34Z</time>
      </trkpt>
      <trkpt lat="43.219237" lon="-2.554973">
        <ele>414.037</ele>
        <time>2026-02-01T15:31:35Z</time>
      </trkpt>
      <trkpt lat="43.219254" lon="-2.555038">
        <ele>414.014</ele>
        <time>2026-02-01T15:31:36Z</time>
      </trkpt>
      <trkpt lat="43.219268" lon="-2.555107">
        <ele>413.859</ele>
        <time>2026-02-01T15:31:37Z</time>
      </trkpt>
      <trkpt lat="43.219280" lon="-2.555176">
        <ele>413.674</ele>
        <time>2026-02-01T15:31:38Z</time>
      </trkpt>
      <trkpt lat="43.219290" lon="-2.555250">
        <ele>413.673</ele>
        <time>2026-02-01T15:31:39Z</time>
      </trkpt>
      <trkpt lat="43.219290" lon="-2.555325">
        <ele>413.442</ele>
        <time>2026-02-01T15:31:40Z</time>
      </trkpt>
      <trkpt lat="43.219286" lon="-2.555405">
        <ele>413.235</ele>
        <time>2026-02-01T15:31:41Z</time>
      </trkpt>
      <trkpt lat="43.219273" lon="-2.555488">
        <ele>412.886</ele>
        <time>2026-02-01T15:31:42Z</time>
      </trkpt>
      <trkpt lat="43.219255" lon="-2.555568">
        <ele>412.614</ele>
        <time>2026-02-01T15:31:43Z</time>
      </trkpt>
      <trkpt lat="43.219236" lon="-2.555648">
        <ele>412.409</ele>
        <time>2026-02-01T15:31:44Z</time>
      </trkpt>
      <trkpt lat="43.219219" lon="-2.555728">
        <ele>412.275</ele>
        <time>2026-02-01T15:31:45Z</time>
      </trkpt>
      <trkpt lat="43.219202" lon="-2.555808">
        <ele>411.847</ele>
        <time>2026-02-01T15:31:46Z</time>
      </trkpt>
      <trkpt lat="43.219185" lon="-2.555888">
        <ele>411.632</ele>
        <time>2026-02-01T15:31:47Z</time>
      </trkpt>
      <trkpt lat="43.219170" lon="-2.555964">
        <ele>411.663</ele>
        <time>2026-02-01T15:31:48Z</time>
      </trkpt>
      <trkpt lat="43.219152" lon="-2.556036">
        <ele>411.680</ele>
        <time>2026-02-01T15:31:49Z</time>
      </trkpt>
      <trkpt lat="43.219133" lon="-2.556107">
        <ele>411.865</ele>
        <time>2026-02-01T15:31:50Z</time>
      </trkpt>
      <trkpt lat="43.219113" lon="-2.556173">
        <ele>412.220</ele>
        <time>2026-02-01T15:31:51Z</time>
      </trkpt>
      <trkpt lat="43.219096" lon="-2.556241">
        <ele>412.489</ele>
        <time>2026-02-01T15:31:52Z</time>
      </trkpt>
      <trkpt lat="43.219081" lon="-2.556308">
        <ele>412.888</ele>
        <time>2026-02-01T15:31:53Z</time>
      </trkpt>
      <trkpt lat="43.219065" lon="-2.556376">
        <ele>413.094</ele>
        <time>2026-02-01T15:31:54Z</time>
      </trkpt>
      <trkpt lat="43.219049" lon="-2.556445">
        <ele>413.257</ele>
        <time>2026-02-01T15:31:55Z</time>
      </trkpt>
      <trkpt lat="43.219031" lon="-2.556514">
        <ele>413.222</ele>
        <time>2026-02-01T15:31:56Z</time>
      </trkpt>
      <trkpt lat="43.219010" lon="-2.556585">
        <ele>413.409</ele>
        <time>2026-02-01T15:31:57Z</time>
      </trkpt>
      <trkpt lat="43.218989" lon="-2.556651">
        <ele>413.491</ele>
        <time>2026-02-01T15:31:58Z</time>
      </trkpt>
      <trkpt lat="43.218970" lon="-2.556719">
        <ele>413.633</ele>
        <time>2026-02-01T15:31:59Z</time>
      </trkpt>
      <trkpt lat="43.218949" lon="-2.556790">
        <ele>414.078</ele>
        <time>2026-02-01T15:32:00Z</time>
      </trkpt>
      <trkpt lat="43.218926" lon="-2.556862">
        <ele>414.219</ele>
        <time>2026-02-01T15:32:01Z</time>
      </trkpt>
      <trkpt lat="43.218904" lon="-2.556936">
        <ele>414.466</ele>
        <time>2026-02-01T15:32:02Z</time>
      </trkpt>
      <trkpt lat="43.218891" lon="-2.557007">
        <ele>414.481</ele>
        <time>2026-02-01T15:32:03Z</time>
      </trkpt>
      <trkpt lat="43.218885" lon="-2.557082">
        <ele>414.216</ele>
        <time>2026-02-01T15:32:04Z</time>
      </trkpt>
      <trkpt lat="43.218885" lon="-2.557157">
        <ele>414.225</ele>
        <time>2026-02-01T15:32:05Z</time>
      </trkpt>
      <trkpt lat="43.218889" lon="-2.557233">
        <ele>414.254</ele>
        <time>2026-02-01T15:32:06Z</time>
      </trkpt>
      <trkpt lat="43.218893" lon="-2.557302">
        <ele>414.456</ele>
        <time>2026-02-01T15:32:07Z</time>
      </trkpt>
      <trkpt lat="43.218895" lon="-2.557365">
        <ele>414.859</ele>
        <time>2026-02-01T15:32:08Z</time>
      </trkpt>
      <trkpt lat="43.218899" lon="-2.557430">
        <ele>415.214</ele>
        <time>2026-02-01T15:32:09Z</time>
      </trkpt>
      <trkpt lat="43.218903" lon="-2.557489">
        <ele>415.809</ele>
        <time>2026-02-01T15:32:10Z</time>
      </trkpt>
      <trkpt lat="43.218908" lon="-2.557544">
        <ele>416.077</ele>
        <time>2026-02-01T15:32:11Z</time>
      </trkpt>
      <trkpt lat="43.218914" lon="-2.557602">
        <ele>416.439</ele>
        <time>2026-02-01T15:32:12Z</time>
      </trkpt>
      <trkpt lat="43.218915" lon="-2.557665">
        <ele>416.474</ele>
        <time>2026-02-01T15:32:13Z</time>
      </trkpt>
      <trkpt lat="43.218918" lon="-2.557728">
        <ele>416.655</ele>
        <time>2026-02-01T15:32:14Z</time>
      </trkpt>
      <trkpt lat="43.218912" lon="-2.557787">
        <ele>417.082</ele>
        <time>2026-02-01T15:32:15Z</time>
      </trkpt>
      <trkpt lat="43.218911" lon="-2.557846">
        <ele>417.267</ele>
        <time>2026-02-01T15:32:16Z</time>
      </trkpt>
      <trkpt lat="43.218902" lon="-2.557902">
        <ele>417.222</ele>
        <time>2026-02-01T15:32:17Z</time>
      </trkpt>
      <trkpt lat="43.218888" lon="-2.557952">
        <ele>417.681</ele>
        <time>2026-02-01T15:32:18Z</time>
      </trkpt>
      <trkpt lat="43.218875" lon="-2.558005">
        <ele>417.860</ele>
        <time>2026-02-01T15:32:19Z</time>
      </trkpt>
      <trkpt lat="43.218867" lon="-2.558058">
        <ele>417.811</ele>
        <time>2026-02-01T15:32:20Z</time>
      </trkpt>
      <trkpt lat="43.218856" lon="-2.558108">
        <ele>418.021</ele>
        <time>2026-02-01T15:32:21Z</time>
      </trkpt>
      <trkpt lat="43.218844" lon="-2.558154">
        <ele>418.403</ele>
        <time>2026-02-01T15:32:22Z</time>
      </trkpt>
      <trkpt lat="43.218835" lon="-2.558198">
        <ele>418.809</ele>
        <time>2026-02-01T15:32:23Z</time>
      </trkpt>
      <trkpt lat="43.218825" lon="-2.558243">
        <ele>419.293</ele>
        <time>2026-02-01T15:32:24Z</time>
      </trkpt>
      <trkpt lat="43.218816" lon="-2.558288">
        <ele>419.645</ele>
        <time>2026-02-01T15:32:25Z</time>
      </trkpt>
      <trkpt lat="43.218806" lon="-2.558327">
        <ele>419.830</ele>
        <time>2026-02-01T15:32:26Z</time>
      </trkpt>
      <trkpt lat="43.218795" lon="-2.558369">
        <ele>420.211</ele>
        <time>2026-02-01T15:32:27Z</time>
      </trkpt>
      <trkpt lat="43.218786" lon="-2.558409">
        <ele>420.438</ele>
        <time>2026-02-01T15:32:28Z</time>
      </trkpt>
      <trkpt lat="43.218775" lon="-2.558450">
        <ele>420.633</ele>
        <time>2026-02-01T15:32:29Z</time>
      </trkpt>
      <trkpt lat="43.218763" lon="-2.558495">
        <ele>420.818</ele>
        <time>2026-02-01T15:32:30Z</time>
      </trkpt>
      <trkpt lat="43.218752" lon="-2.558537">
        <ele>421.277</ele>
        <time>2026-02-01T15:32:31Z</time>
      </trkpt>
      <trkpt lat="43.218736" lon="-2.558579">
        <ele>421.456</ele>
        <time>2026-02-01T15:32:32Z</time>
      </trkpt>
      <trkpt lat="43.218723" lon="-2.558620">
        <ele>421.651</ele>
        <time>2026-02-01T15:32:33Z</time>
      </trkpt>
      <trkpt lat="43.218705" lon="-2.558665">
        <ele>421.801</ele>
        <time>2026-02-01T15:32:34Z</time>
      </trkpt>
      <trkpt lat="43.218687" lon="-2.558712">
        <ele>421.811</ele>
        <time>2026-02-01T15:32:35Z</time>
      </trkpt>
      <trkpt lat="43.218668" lon="-2.558760">
        <ele>422.009</ele>
        <time>2026-02-01T15:32:36Z</time>
      </trkpt>
      <trkpt lat="43.218650" lon="-2.558803">
        <ele>422.287</ele>
        <time>2026-02-01T15:32:37Z</time>
      </trkpt>
      <trkpt lat="43.218632" lon="-2.558847">
        <ele>422.299</ele>
        <time>2026-02-01T15:32:38Z</time>
      </trkpt>
      <trkpt lat="43.218614" lon="-2.558892">
        <ele>422.254</ele>
        <time>2026-02-01T15:32:39Z</time>
      </trkpt>
      <trkpt lat="43.218597" lon="-2.558938">
        <ele>422.435</ele>
        <time>2026-02-01T15:32:40Z</time>
      </trkpt>
      <trkpt lat="43.218582" lon="-2.558984">
        <ele>422.492</ele>
        <time>2026-02-01T15:32:41Z</time>
      </trkpt>
      <trkpt lat="43.218570" lon="-2.559034">
        <ele>422.447</ele>
        <time>2026-02-01T15:32:42Z</time>
      </trkpt>
      <trkpt lat="43.218561" lon="-2.559092">
        <ele>422.482</ele>
        <time>2026-02-01T15:32:43Z</time>
      </trkpt>
      <trkpt lat="43.218558" lon="-2.559151">
        <ele>422.251</ele>
        <time>2026-02-01T15:32:44Z</time>
      </trkpt>
      <trkpt lat="43.218557" lon="-2.559219">
        <ele>422.260</ele>
        <time>2026-02-01T15:32:45Z</time>
      </trkpt>
      <trkpt lat="43.218568" lon="-2.559285">
        <ele>422.022</ele>
        <time>2026-02-01T15:32:46Z</time>
      </trkpt>
      <trkpt lat="43.218592" lon="-2.559337">
        <ele>422.262</ele>
        <time>2026-02-01T15:32:47Z</time>
      </trkpt>
      <trkpt lat="43.218625" lon="-2.559373">
        <ele>422.208</ele>
        <time>2026-02-01T15:32:48Z</time>
      </trkpt>
      <trkpt lat="43.218665" lon="-2.559399">
        <ele>422.609</ele>
        <time>2026-02-01T15:32:49Z</time>
      </trkpt>
      <trkpt lat="43.218710" lon="-2.559413">
        <ele>423.244</ele>
        <time>2026-02-01T15:32:50Z</time>
      </trkpt>
      <trkpt lat="43.218757" lon="-2.559420">
        <ele>423.696</ele>
        <time>2026-02-01T15:32:51Z</time>
      </trkpt>
      <trkpt lat="43.218799" lon="-2.559434">
        <ele>424.271</ele>
        <time>2026-02-01T15:32:52Z</time>
      </trkpt>
      <trkpt lat="43.218836" lon="-2.559459">
        <ele>424.612</ele>
        <time>2026-02-01T15:32:53Z</time>
      </trkpt>
      <trkpt lat="43.218868" lon="-2.559490">
        <ele>425.029</ele>
        <time>2026-02-01T15:32:54Z</time>
      </trkpt>
      <trkpt lat="43.218894" lon="-2.559528">
        <ele>425.234</ele>
        <time>2026-02-01T15:32:55Z</time>
      </trkpt>
      <trkpt lat="43.218919" lon="-2.559567">
        <ele>425.489</ele>
        <time>2026-02-01T15:32:56Z</time>
      </trkpt>
      <trkpt lat="43.218940" lon="-2.559605">
        <ele>425.688</ele>
        <time>2026-02-01T15:32:57Z</time>
      </trkpt>
      <trkpt lat="43.218961" lon="-2.559650">
        <ele>425.677</ele>
        <time>2026-02-01T15:32:58Z</time>
      </trkpt>
      <trkpt lat="43.218981" lon="-2.559698">
        <ele>425.657</ele>
        <time>2026-02-01T15:32:59Z</time>
      </trkpt>
      <trkpt lat="43.219007" lon="-2.559749">
        <ele>425.800</ele>
        <time>2026-02-01T15:33:00Z</time>
      </trkpt>
      <trkpt lat="43.219035" lon="-2.559800">
        <ele>425.820</ele>
        <time>2026-02-01T15:33:01Z</time>
      </trkpt>
      <trkpt lat="43.219069" lon="-2.559847">
        <ele>425.809</ele>
        <time>2026-02-01T15:33:02Z</time>
      </trkpt>
      <trkpt lat="43.219108" lon="-2.559888">
        <ele>425.827</ele>
        <time>2026-02-01T15:33:03Z</time>
      </trkpt>
      <trkpt lat="43.219148" lon="-2.559920">
        <ele>426.019</ele>
        <time>2026-02-01T15:33:04Z</time>
      </trkpt>
      <trkpt lat="43.219193" lon="-2.559946">
        <ele>426.064</ele>
        <time>2026-02-01T15:33:05Z</time>
      </trkpt>
      <trkpt lat="43.219241" lon="-2.559972">
        <ele>426.015</ele>
        <time>2026-02-01T15:33:06Z</time>
      </trkpt>
      <trkpt lat="43.219291" lon="-2.559999">
        <ele>426.092</ele>
        <time>2026-02-01T15:33:07Z</time>
      </trkpt>
      <trkpt lat="43.219343" lon="-2.560028">
        <ele>426.037</ele>
        <time>2026-02-01T15:33:08Z</time>
      </trkpt>
      <trkpt lat="43.219393" lon="-2.560055">
        <ele>425.812</ele>
        <time>2026-02-01T15:33:09Z</time>
      </trkpt>
      <trkpt lat="43.219447" lon="-2.560078">
        <ele>425.831</ele>
        <time>2026-02-01T15:33:10Z</time>
      </trkpt>
      <trkpt lat="43.219503" lon="-2.560103">
        <ele>425.670</ele>
        <time>2026-02-01T15:33:11Z</time>
      </trkpt>
      <trkpt lat="43.219562" lon="-2.560134">
        <ele>425.427</ele>
        <time>2026-02-01T15:33:12Z</time>
      </trkpt>
      <trkpt lat="43.219621" lon="-2.560170">
        <ele>425.268</ele>
        <time>2026-02-01T15:33:13Z</time>
      </trkpt>
      <trkpt lat="43.219681" lon="-2.560212">
        <ele>424.814</ele>
        <time>2026-02-01T15:33:14Z</time>
      </trkpt>
      <trkpt lat="43.219740" lon="-2.560262">
        <ele>424.409</ele>
        <time>2026-02-01T15:33:15Z</time>
      </trkpt>
      <trkpt lat="43.219800" lon="-2.560323">
        <ele>423.884</ele>
        <time>2026-02-01T15:33:16Z</time>
      </trkpt>
      <trkpt lat="43.219856" lon="-2.560389">
        <ele>423.486</ele>
        <time>2026-02-01T15:33:17Z</time>
      </trkpt>
      <trkpt lat="43.219908" lon="-2.560455">
        <ele>423.051</ele>
        <time>2026-02-01T15:33:18Z</time>
      </trkpt>
      <trkpt lat="43.219957" lon="-2.560526">
        <ele>422.642</ele>
        <time>2026-02-01T15:33:19Z</time>
      </trkpt>
      <trkpt lat="43.220004" lon="-2.560599">
        <ele>422.419</ele>
        <time>2026-02-01T15:33:20Z</time>
      </trkpt>
      <trkpt lat="43.220045" lon="-2.560673">
        <ele>422.424</ele>
        <time>2026-02-01T15:33:21Z</time>
      </trkpt>
      <trkpt lat="43.220083" lon="-2.560749">
        <ele>422.479</ele>
        <time>2026-02-01T15:33:22Z</time>
      </trkpt>
      <trkpt lat="43.220120" lon="-2.560824">
        <ele>422.248</ele>
        <time>2026-02-01T15:33:23Z</time>
      </trkpt>
      <trkpt lat="43.220158" lon="-2.560902">
        <ele>422.047</ele>
        <time>2026-02-01T15:33:24Z</time>
      </trkpt>
      <trkpt lat="43.220194" lon="-2.560980">
        <ele>422.044</ele>
        <time>2026-02-01T15:33:25Z</time>
      </trkpt>
      <trkpt lat="43.220227" lon="-2.561060">
        <ele>422.005</ele>
        <time>2026-02-01T15:33:26Z</time>
      </trkpt>
      <trkpt lat="43.220258" lon="-2.561141">
        <ele>422.015</ele>
        <time>2026-02-01T15:33:27Z</time>
      </trkpt>
      <trkpt lat="43.220290" lon="-2.561223">
        <ele>421.809</ele>
        <time>2026-02-01T15:33:28Z</time>
      </trkpt>
      <trkpt lat="43.220322" lon="-2.561300">
        <ele>421.896</ele>
        <time>2026-02-01T15:33:29Z</time>
      </trkpt>
      <trkpt lat="43.220353" lon="-2.561382">
        <ele>421.468</ele>
        <time>2026-02-01T15:33:30Z</time>
      </trkpt>
      <trkpt lat="43.220381" lon="-2.561468">
        <ele>421.073</ele>
        <time>2026-02-01T15:33:31Z</time>
      </trkpt>
      <trkpt lat="43.220408" lon="-2.561556">
        <ele>420.824</ele>
        <time>2026-02-01T15:33:32Z</time>
      </trkpt>
      <trkpt lat="43.220446" lon="-2.561639">
        <ele>420.651</ele>
        <time>2026-02-01T15:33:33Z</time>
      </trkpt>
      <trkpt lat="43.220498" lon="-2.561706">
        <ele>420.276</ele>
        <time>2026-02-01T15:33:34Z</time>
      </trkpt>
      <trkpt lat="43.220563" lon="-2.561746">
        <ele>420.031</ele>
        <time>2026-02-01T15:33:35Z</time>
      </trkpt>
      <trkpt lat="43.220630" lon="-2.561753">
        <ele>420.090</ele>
        <time>2026-02-01T15:33:36Z</time>
      </trkpt>
      <trkpt lat="43.220692" lon="-2.561722">
        <ele>419.899</ele>
        <time>2026-02-01T15:33:37Z</time>
      </trkpt>
      <trkpt lat="43.220738" lon="-2.561664">
        <ele>419.879</ele>
        <time>2026-02-01T15:33:38Z</time>
      </trkpt>
      <trkpt lat="43.220771" lon="-2.561591">
        <ele>419.805</ele>
        <time>2026-02-01T15:33:39Z</time>
      </trkpt>
      <trkpt lat="43.220791" lon="-2.561511">
        <ele>420.025</ele>
        <time>2026-02-01T15:33:40Z</time>
      </trkpt>
      <trkpt lat="43.220808" lon="-2.561439">
        <ele>420.209</ele>
        <time>2026-02-01T15:33:41Z</time>
      </trkpt>
      <trkpt lat="43.220829" lon="-2.561374">
        <ele>420.629</ele>
        <time>2026-02-01T15:33:42Z</time>
      </trkpt>
      <trkpt lat="43.220862" lon="-2.561320">
        <ele>420.831</ele>
        <time>2026-02-01T15:33:43Z</time>
      </trkpt>
      <trkpt lat="43.220900" lon="-2.561271">
        <ele>421.016</ele>
        <time>2026-02-01T15:33:44Z</time>
      </trkpt>
      <trkpt lat="43.220940" lon="-2.561228">
        <ele>421.237</ele>
        <time>2026-02-01T15:33:45Z</time>
      </trkpt>
      <trkpt lat="43.220984" lon="-2.561187">
        <ele>421.454</ele>
        <time>2026-02-01T15:33:46Z</time>
      </trkpt>
      <trkpt lat="43.221032" lon="-2.561149">
        <ele>421.619</ele>
        <time>2026-02-01T15:33:47Z</time>
      </trkpt>
      <trkpt lat="43.221080" lon="-2.561120">
        <ele>421.454</ele>
        <time>2026-02-01T15:33:48Z</time>
      </trkpt>
      <trkpt lat="43.221129" lon="-2.561087">
        <ele>421.693</ele>
        <time>2026-02-01T15:33:49Z</time>
      </trkpt>
      <trkpt lat="43.221176" lon="-2.561046">
        <ele>421.492</ele>
        <time>2026-02-01T15:33:50Z</time>
      </trkpt>
      <trkpt lat="43.221217" lon="-2.560994">
        <ele>421.445</ele>
        <time>2026-02-01T15:33:51Z</time>
      </trkpt>
      <trkpt lat="43.221256" lon="-2.560932">
        <ele>421.447</ele>
        <time>2026-02-01T15:33:52Z</time>
      </trkpt>
      <trkpt lat="43.221291" lon="-2.560866">
        <ele>421.411</ele>
        <time>2026-02-01T15:33:53Z</time>
      </trkpt>
      <trkpt lat="43.221322" lon="-2.560801">
        <ele>421.409</ele>
        <time>2026-02-01T15:33:54Z</time>
      </trkpt>
      <trkpt lat="43.221353" lon="-2.560737">
        <ele>421.696</ele>
        <time>2026-02-01T15:33:55Z</time>
      </trkpt>
      <trkpt lat="43.221383" lon="-2.560671">
        <ele>421.848</ele>
        <time>2026-02-01T15:33:56Z</time>
      </trkpt>
      <trkpt lat="43.221415" lon="-2.560604">
        <ele>421.833</ele>
        <time>2026-02-01T15:33:57Z</time>
      </trkpt>
      <trkpt lat="43.221445" lon="-2.560541">
        <ele>422.084</ele>
        <time>2026-02-01T15:33:58Z</time>
      </trkpt>
      <trkpt lat="43.221478" lon="-2.560480">
        <ele>422.281</ele>
        <time>2026-02-01T15:33:59Z</time>
      </trkpt>
      <trkpt lat="43.221512" lon="-2.560419">
        <ele>422.456</ele>
        <time>2026-02-01T15:34:00Z</time>
      </trkpt>
      <trkpt lat="43.221550" lon="-2.560366">
        <ele>422.651</ele>
        <time>2026-02-01T15:34:01Z</time>
      </trkpt>
      <trkpt lat="43.221592" lon="-2.560316">
        <ele>422.660</ele>
        <time>2026-02-01T15:34:02Z</time>
      </trkpt>
      <trkpt lat="43.221638" lon="-2.560265">
        <ele>422.889</ele>
        <time>2026-02-01T15:34:03Z</time>
      </trkpt>
      <trkpt lat="43.221682" lon="-2.560214">
        <ele>422.887</ele>
        <time>2026-02-01T15:34:04Z</time>
      </trkpt>
      <trkpt lat="43.221722" lon="-2.560160">
        <ele>422.842</ele>
        <time>2026-02-01T15:34:05Z</time>
      </trkpt>
      <trkpt lat="43.221760" lon="-2.560098">
        <ele>422.826</ele>
        <time>2026-02-01T15:34:06Z</time>
      </trkpt>
      <trkpt lat="43.221792" lon="-2.560033">
        <ele>422.809</ele>
        <time>2026-02-01T15:34:07Z</time>
      </trkpt>
      <trkpt lat="43.221822" lon="-2.559961">
        <ele>422.880</ele>
        <time>2026-02-01T15:34:08Z</time>
      </trkpt>
      <trkpt lat="43.221841" lon="-2.559884">
        <ele>423.082</ele>
        <time>2026-02-01T15:34:09Z</time>
      </trkpt>
      <trkpt lat="43.221857" lon="-2.559806">
        <ele>422.867</ele>
        <time>2026-02-01T15:34:10Z</time>
      </trkpt>
      <trkpt lat="43.221877" lon="-2.559732">
        <ele>422.648</ele>
        <time>2026-02-01T15:34:11Z</time>
      </trkpt>
      <trkpt lat="43.221911" lon="-2.559663">
        <ele>422.495</ele>
        <time>2026-02-01T15:34:12Z</time>
      </trkpt>
      <trkpt lat="43.221959" lon="-2.559602">
        <ele>421.850</ele>
        <time>2026-02-01T15:34:13Z</time>
      </trkpt>
      <trkpt lat="43.222021" lon="-2.559565">
        <ele>421.455</ele>
        <time>2026-02-01T15:34:14Z</time>
      </trkpt>
      <trkpt lat="43.222092" lon="-2.559569">
        <ele>420.854</ele>
        <time>2026-02-01T15:34:15Z</time>
      </trkpt>
      <trkpt lat="43.222155" lon="-2.559624">
        <ele>419.823</ele>
        <time>2026-02-01T15:34:16Z</time>
      </trkpt>
      <trkpt lat="43.222191" lon="-2.559712">
        <ele>419.021</ele>
        <time>2026-02-01T15:34:17Z</time>
      </trkpt>
      <trkpt lat="43.222215" lon="-2.559807">
        <ele>418.241</ele>
        <time>2026-02-01T15:34:18Z</time>
      </trkpt>
      <trkpt lat="43.222236" lon="-2.559902">
        <ele>417.605</ele>
        <time>2026-02-01T15:34:19Z</time>
      </trkpt>
      <trkpt lat="43.222255" lon="-2.559996">
        <ele>417.209</ele>
        <time>2026-02-01T15:34:20Z</time>
      </trkpt>
      <trkpt lat="43.222273" lon="-2.560082">
        <ele>417.494</ele>
        <time>2026-02-01T15:34:21Z</time>
      </trkpt>
      <trkpt lat="43.222290" lon="-2.560167">
        <ele>417.816</ele>
        <time>2026-02-01T15:34:22Z</time>
      </trkpt>
      <trkpt lat="43.222305" lon="-2.560247">
        <ele>418.091</ele>
        <time>2026-02-01T15:34:23Z</time>
      </trkpt>
      <trkpt lat="43.222317" lon="-2.560321">
        <ele>418.492</ele>
        <time>2026-02-01T15:34:24Z</time>
      </trkpt>
      <trkpt lat="43.222327" lon="-2.560383">
        <ele>418.849</ele>
        <time>2026-02-01T15:34:25Z</time>
      </trkpt>
      <trkpt lat="43.222337" lon="-2.560438">
        <ele>419.254</ele>
        <time>2026-02-01T15:34:26Z</time>
      </trkpt>
      <trkpt lat="43.222342" lon="-2.560491">
        <ele>419.639</ele>
        <time>2026-02-01T15:34:27Z</time>
      </trkpt>
      <trkpt lat="43.222349" lon="-2.560544">
        <ele>420.238</ele>
        <time>2026-02-01T15:34:28Z</time>
      </trkpt>
      <trkpt lat="43.222357" lon="-2.560587">
        <ele>420.697</ele>
        <time>2026-02-01T15:34:29Z</time>
      </trkpt>
      <trkpt lat="43.222364" lon="-2.560629">
        <ele>421.084</ele>
        <time>2026-02-01T15:34:30Z</time>
      </trkpt>
      <trkpt lat="43.222370" lon="-2.560666">
        <ele>421.407</ele>
        <time>2026-02-01T15:34:31Z</time>
      </trkpt>
      <trkpt lat="43.222371" lon="-2.560705">
        <ele>421.617</ele>
        <time>2026-02-01T15:34:32Z</time>
      </trkpt>
      <trkpt lat="43.222374" lon="-2.560744">
        <ele>421.809</ele>
        <time>2026-02-01T15:34:33Z</time>
      </trkpt>
      <trkpt lat="43.222377" lon="-2.560784">
        <ele>422.290</ele>
        <time>2026-02-01T15:34:34Z</time>
      </trkpt>
      <trkpt lat="43.222381" lon="-2.560826">
        <ele>422.412</ele>
        <time>2026-02-01T15:34:35Z</time>
      </trkpt>
      <trkpt lat="43.222388" lon="-2.560868">
        <ele>422.837</ele>
        <time>2026-02-01T15:34:36Z</time>
      </trkpt>
      <trkpt lat="43.222394" lon="-2.560908">
        <ele>423.238</ele>
        <time>2026-02-01T15:34:37Z</time>
      </trkpt>
      <trkpt lat="43.222398" lon="-2.560949">
        <ele>423.475</ele>
        <time>2026-02-01T15:34:38Z</time>
      </trkpt>
      <trkpt lat="43.222401" lon="-2.560989">
        <ele>423.890</ele>
        <time>2026-02-01T15:34:39Z</time>
      </trkpt>
      <trkpt lat="43.222402" lon="-2.561028">
        <ele>424.245</ele>
        <time>2026-02-01T15:34:40Z</time>
      </trkpt>
      <trkpt lat="43.222407" lon="-2.561070">
        <ele>424.444</ele>
        <time>2026-02-01T15:34:41Z</time>
      </trkpt>
      <trkpt lat="43.222413" lon="-2.561111">
        <ele>424.633</ele>
        <time>2026-02-01T15:34:42Z</time>
      </trkpt>
      <trkpt lat="43.222421" lon="-2.561146">
        <ele>425.017</ele>
        <time>2026-02-01T15:34:43Z</time>
      </trkpt>
      <trkpt lat="43.222427" lon="-2.561184">
        <ele>425.087</ele>
        <time>2026-02-01T15:34:44Z</time>
      </trkpt>
      <trkpt lat="43.222430" lon="-2.561222">
        <ele>425.215</ele>
        <time>2026-02-01T15:34:45Z</time>
      </trkpt>
      <trkpt lat="43.222434" lon="-2.561263">
        <ele>425.409</ele>
        <time>2026-02-01T15:34:46Z</time>
      </trkpt>
      <trkpt lat="43.222437" lon="-2.561300">
        <ele>425.423</ele>
        <time>2026-02-01T15:34:47Z</time>
      </trkpt>
      <trkpt lat="43.222441" lon="-2.561342">
        <ele>425.625</ele>
        <time>2026-02-01T15:34:48Z</time>
      </trkpt>
      <trkpt lat="43.222446" lon="-2.561381">
        <ele>425.620</ele>
        <time>2026-02-01T15:34:49Z</time>
      </trkpt>
      <trkpt lat="43.222451" lon="-2.561418">
        <ele>425.861</ele>
        <time>2026-02-01T15:34:50Z</time>
      </trkpt>
      <trkpt lat="43.222457" lon="-2.561456">
        <ele>426.048</ele>
        <time>2026-02-01T15:34:51Z</time>
      </trkpt>
      <trkpt lat="43.222463" lon="-2.561493">
        <ele>426.273</ele>
        <time>2026-02-01T15:34:52Z</time>
      </trkpt>
      <trkpt lat="43.222469" lon="-2.561533">
        <ele>426.298</ele>
        <time>2026-02-01T15:34:53Z</time>
      </trkpt>
      <trkpt lat="43.222470" lon="-2.561571">
        <ele>426.647</ele>
        <time>2026-02-01T15:34:54Z</time>
      </trkpt>
      <trkpt lat="43.222470" lon="-2.561606">
        <ele>426.856</ele>
        <time>2026-02-01T15:34:55Z</time>
      </trkpt>
      <trkpt lat="43.222473" lon="-2.561645">
        <ele>427.259</ele>
        <time>2026-02-01T15:34:56Z</time>
      </trkpt>
      <trkpt lat="43.222479" lon="-2.561686">
        <ele>427.403</ele>
        <time>2026-02-01T15:34:57Z</time>
      </trkpt>
      <trkpt lat="43.222486" lon="-2.561723">
        <ele>427.823</ele>
        <time>2026-02-01T15:34:58Z</time>
      </trkpt>
      <trkpt lat="43.222492" lon="-2.561760">
        <ele>428.009</ele>
        <time>2026-02-01T15:34:59Z</time>
      </trkpt>
      <trkpt lat="43.222501" lon="-2.561794">
        <ele>428.017</ele>
        <time>2026-02-01T15:35:00Z</time>
      </trkpt>
      <trkpt lat="43.222511" lon="-2.561831">
        <ele>428.239</ele>
        <time>2026-02-01T15:35:01Z</time>
      </trkpt>
      <trkpt lat="43.222522" lon="-2.561866">
        <ele>428.454</ele>
        <time>2026-02-01T15:35:02Z</time>
      </trkpt>
      <trkpt lat="43.222536" lon="-2.561902">
        <ele>428.495</ele>
        <time>2026-02-01T15:35:03Z</time>
      </trkpt>
      <trkpt lat="43.222554" lon="-2.561934">
        <ele>428.652</ele>
        <time>2026-02-01T15:35:04Z</time>
      </trkpt>
      <trkpt lat="43.222576" lon="-2.561961">
        <ele>428.897</ele>
        <time>2026-02-01T15:35:05Z</time>
      </trkpt>
      <trkpt lat="43.222603" lon="-2.561978">
        <ele>429.082</ele>
        <time>2026-02-01T15:35:06Z</time>
      </trkpt>
      <trkpt lat="43.222635" lon="-2.561980">
        <ele>429.261</ele>
        <time>2026-02-01T15:35:07Z</time>
      </trkpt>
      <trkpt lat="43.222667" lon="-2.561972">
        <ele>429.230</ele>
        <time>2026-02-01T15:35:08Z</time>
      </trkpt>
      <trkpt lat="43.222696" lon="-2.561958">
        <ele>429.297</ele>
        <time>2026-02-01T15:35:09Z</time>
      </trkpt>
      <trkpt lat="43.222725" lon="-2.561940">
        <ele>429.423</ele>
        <time>2026-02-01T15:35:10Z</time>
      </trkpt>
      <trkpt lat="43.222753" lon="-2.561916">
        <ele>429.425</ele>
        <time>2026-02-01T15:35:11Z</time>
      </trkpt>
      <trkpt lat="43.222780" lon="-2.561893">
        <ele>429.609</ele>
        <time>2026-02-01T15:35:12Z</time>
      </trkpt>
      <trkpt lat="43.222805" lon="-2.561872">
        <ele>429.861</ele>
        <time>2026-02-01T15:35:13Z</time>
      </trkpt>
      <trkpt lat="43.222831" lon="-2.561854">
        <ele>430.223</ele>
        <time>2026-02-01T15:35:14Z</time>
      </trkpt>
      <trkpt lat="43.222855" lon="-2.561842">
        <ele>430.428</ele>
        <time>2026-02-01T15:35:15Z</time>
      </trkpt>
      <trkpt lat="43.222883" lon="-2.561828">
        <ele>430.849</ele>
        <time>2026-02-01T15:35:16Z</time>
      </trkpt>
      <trkpt lat="43.222908" lon="-2.561819">
        <ele>431.266</ele>
        <time>2026-02-01T15:35:17Z</time>
      </trkpt>
      <trkpt lat="43.222935" lon="-2.561815">
        <ele>431.471</ele>
        <time>2026-02-01T15:35:18Z</time>
      </trkpt>
      <trkpt lat="43.222965" lon="-2.561812">
        <ele>431.626</ele>
        <time>2026-02-01T15:35:19Z</time>
      </trkpt>
      <trkpt lat="43.222993" lon="-2.561811">
        <ele>431.875</ele>
        <time>2026-02-01T15:35:20Z</time>
      </trkpt>
      <trkpt lat="43.223023" lon="-2.561806">
        <ele>431.814</ele>
        <time>2026-02-01T15:35:21Z</time>
      </trkpt>
      <trkpt lat="43.223052" lon="-2.561798">
        <ele>432.031</ele>
        <time>2026-02-01T15:35:22Z</time>
      </trkpt>
      <trkpt lat="43.223082" lon="-2.561786">
        <ele>432.261</ele>
        <time>2026-02-01T15:35:23Z</time>
      </trkpt>
      <trkpt lat="43.223110" lon="-2.561769">
        <ele>432.407</ele>
        <time>2026-02-01T15:35:24Z</time>
      </trkpt>
      <trkpt lat="43.223138" lon="-2.561752">
        <ele>432.609</ele>
        <time>2026-02-01T15:35:25Z</time>
      </trkpt>
      <trkpt lat="43.223165" lon="-2.561733">
        <ele>433.035</ele>
        <time>2026-02-01T15:35:26Z</time>
      </trkpt>
      <trkpt lat="43.223193" lon="-2.561712">
        <ele>433.087</ele>
        <time>2026-02-01T15:35:27Z</time>
      </trkpt>
      <trkpt lat="43.223218" lon="-2.561687">
        <ele>433.282</ele>
        <time>2026-02-01T15:35:28Z</time>
      </trkpt>
      <trkpt lat="43.223244" lon="-2.561662">
        <ele>433.613</ele>
        <time>2026-02-01T15:35:29Z</time>
      </trkpt>
      <trkpt lat="43.223269" lon="-2.561634">
        <ele>434.030</ele>
        <time>2026-02-01T15:35:30Z</time>
      </trkpt>
      <trkpt lat="43.223295" lon="-2.561604">
        <ele>434.225</ele>
        <time>2026-02-01T15:35:31Z</time>
      </trkpt>
      <trkpt lat="43.223318" lon="-2.561576">
        <ele>434.620</ele>
        <time>2026-02-01T15:35:32Z</time>
      </trkpt>
      <trkpt lat="43.223340" lon="-2.561548">
        <ele>434.899</ele>
        <time>2026-02-01T15:35:33Z</time>
      </trkpt>
      <trkpt lat="43.223364" lon="-2.561518">
        <ele>435.078</ele>
        <time>2026-02-01T15:35:34Z</time>
      </trkpt>
      <trkpt lat="43.223390" lon="-2.561500">
        <ele>435.425</ele>
        <time>2026-02-01T15:35:35Z</time>
      </trkpt>
      <trkpt lat="43.223411" lon="-2.561480">
        <ele>435.626</ele>
        <time>2026-02-01T15:35:36Z</time>
      </trkpt>
      <trkpt lat="43.223435" lon="-2.561458">
        <ele>435.808</ele>
        <time>2026-02-01T15:35:37Z</time>
      </trkpt>
      <trkpt lat="43.223461" lon="-2.561437">
        <ele>436.209</ele>
        <time>2026-02-01T15:35:38Z</time>
      </trkpt>
      <trkpt lat="43.223485" lon="-2.561413">
        <ele>436.454</ele>
        <time>2026-02-01T15:35:39Z</time>
      </trkpt>
      <trkpt lat="43.223509" lon="-2.561384">
        <ele>436.656</ele>
        <time>2026-02-01T15:35:40Z</time>
      </trkpt>
      <trkpt lat="43.223534" lon="-2.561357">
        <ele>436.861</ele>
        <time>2026-02-01T15:35:41Z</time>
      </trkpt>
      <trkpt lat="43.223558" lon="-2.561334">
        <ele>437.052</ele>
        <time>2026-02-01T15:35:42Z</time>
      </trkpt>
      <trkpt lat="43.223583" lon="-2.561312">
        <ele>437.429</ele>
        <time>2026-02-01T15:35:43Z</time>
      </trkpt>
      <trkpt lat="43.223609" lon="-2.561290">
        <ele>437.484</ele>
        <time>2026-02-01T15:35:44Z</time>
      </trkpt>
      <trkpt lat="43.223635" lon="-2.561268">
        <ele>437.639</ele>
        <time>2026-02-01T15:35:45Z</time>
      </trkpt>
      <trkpt lat="43.223661" lon="-2.561245">
        <ele>437.828</ele>
        <time>2026-02-01T15:35:46Z</time>
      </trkpt>
      <trkpt lat="43.223684" lon="-2.561225">
        <ele>438.017</ele>
        <time>2026-02-01T15:35:47Z</time>
      </trkpt>
      <trkpt lat="43.223712" lon="-2.561213">
        <ele>438.487</ele>
        <time>2026-02-01T15:35:48Z</time>
      </trkpt>
      <trkpt lat="43.223735" lon="-2.561192">
        <ele>438.442</ele>
        <time>2026-02-01T15:35:49Z</time>
      </trkpt>
      <trkpt lat="43.223756" lon="-2.561168">
        <ele>438.626</ele>
        <time>2026-02-01T15:35:50Z</time>
      </trkpt>
      <trkpt lat="43.223776" lon="-2.561144">
        <ele>439.009</ele>
        <time>2026-02-01T15:35:51Z</time>
      </trkpt>
      <trkpt lat="43.223800" lon="-2.561126">
        <ele>439.230</ele>
        <time>2026-02-01T15:35:52Z</time>
      </trkpt>
      <trkpt lat="43.223824" lon="-2.561107">
        <ele>439.222</ele>
        <time>2026-02-01T15:35:53Z</time>
      </trkpt>
      <trkpt lat="43.223850" lon="-2.561087">
        <ele>439.417</ele>
        <time>2026-02-01T15:35:54Z</time>
      </trkpt>
      <trkpt lat="43.223878" lon="-2.561070">
        <ele>439.848</ele>
        <time>2026-02-01T15:35:55Z</time>
      </trkpt>
      <trkpt lat="43.223906" lon="-2.561054">
        <ele>439.845</ele>
        <time>2026-02-01T15:35:56Z</time>
      </trkpt>
      <trkpt lat="43.223934" lon="-2.561047">
        <ele>440.020</ele>
        <time>2026-02-01T15:35:57Z</time>
      </trkpt>
      <trkpt lat="43.223963" lon="-2.561043">
        <ele>440.285</ele>
        <time>2026-02-01T15:35:58Z</time>
      </trkpt>
      <trkpt lat="43.223992" lon="-2.561040">
        <ele>440.484</ele>
        <time>2026-02-01T15:35:59Z</time>
      </trkpt>
      <trkpt lat="43.224021" lon="-2.561046">
        <ele>440.423</ele>
        <time>2026-02-01T15:36:00Z</time>
      </trkpt>
      <trkpt lat="43.224054" lon="-2.561054">
        <ele>440.678</ele>
        <time>2026-02-01T15:36:01Z</time>
      </trkpt>
      <trkpt lat="43.224086" lon="-2.561064">
        <ele>440.833</ele>
        <time>2026-02-01T15:36:02Z</time>
      </trkpt>
      <trkpt lat="43.224116" lon="-2.561075">
        <ele>441.026</ele>
        <time>2026-02-01T15:36:03Z</time>
      </trkpt>
      <trkpt lat="43.224147" lon="-2.561091">
        <ele>441.009</ele>
        <time>2026-02-01T15:36:04Z</time>
      </trkpt>
      <trkpt lat="43.224176" lon="-2.561102">
        <ele>441.229</ele>
        <time>2026-02-01T15:36:05Z</time>
      </trkpt>
      <trkpt lat="43.224202" lon="-2.561125">
        <ele>441.291</ele>
        <time>2026-02-01T15:36:06Z</time>
      </trkpt>
      <trkpt lat="43.224222" lon="-2.561158">
        <ele>441.256</ele>
        <time>2026-02-01T15:36:07Z</time>
      </trkpt>
      <trkpt lat="43.224232" lon="-2.561198">
        <ele>441.237</ele>
        <time>2026-02-01T15:36:08Z</time>
      </trkpt>
      <trkpt lat="43.224245" lon="-2.561232">
        <ele>441.494</ele>
        <time>2026-02-01T15:36:09Z</time>
      </trkpt>
      <trkpt lat="43.224254" lon="-2.561267">
        <ele>441.819</ele>
        <time>2026-02-01T15:36:10Z</time>
      </trkpt>
      <trkpt lat="43.224261" lon="-2.561302">
        <ele>442.014</ele>
        <time>2026-02-01T15:36:11Z</time>
      </trkpt>
      <trkpt lat="43.224269" lon="-2.561341">
        <ele>442.443</ele>
        <time>2026-02-01T15:36:12Z</time>
      </trkpt>
      <trkpt lat="43.224278" lon="-2.561383">
        <ele>442.482</ele>
        <time>2026-02-01T15:36:13Z</time>
      </trkpt>
      <trkpt lat="43.224289" lon="-2.561425">
        <ele>442.616</ele>
        <time>2026-02-01T15:36:14Z</time>
      </trkpt>
      <trkpt lat="43.224304" lon="-2.561465">
        <ele>442.676</ele>
        <time>2026-02-01T15:36:15Z</time>
      </trkpt>
      <trkpt lat="43.224324" lon="-2.561504">
        <ele>442.813</ele>
        <time>2026-02-01T15:36:16Z</time>
      </trkpt>
      <trkpt lat="43.224342" lon="-2.561540">
        <ele>443.009</ele>
        <time>2026-02-01T15:36:17Z</time>
      </trkpt>
      <trkpt lat="43.224361" lon="-2.561575">
        <ele>443.263</ele>
        <time>2026-02-01T15:36:18Z</time>
      </trkpt>
      <trkpt lat="43.224381" lon="-2.561608">
        <ele>443.465</ele>
        <time>2026-02-01T15:36:19Z</time>
      </trkpt>
      <trkpt lat="43.224402" lon="-2.561637">
        <ele>443.640</ele>
        <time>2026-02-01T15:36:20Z</time>
      </trkpt>
      <trkpt lat="43.224420" lon="-2.561669">
        <ele>443.811</ele>
        <time>2026-02-01T15:36:21Z</time>
      </trkpt>
      <trkpt lat="43.224439" lon="-2.561703">
        <ele>444.028</ele>
        <time>2026-02-01T15:36:22Z</time>
      </trkpt>
      <trkpt lat="43.224459" lon="-2.561736">
        <ele>444.243</ele>
        <time>2026-02-01T15:36:23Z</time>
      </trkpt>
      <trkpt lat="43.224478" lon="-2.561771">
        <ele>444.418</ele>
        <time>2026-02-01T15:36:24Z</time>
      </trkpt>
      <trkpt lat="43.224495" lon="-2.561805">
        <ele>444.637</ele>
        <time>2026-02-01T15:36:25Z</time>
      </trkpt>
      <trkpt lat="43.224514" lon="-2.561837">
        <ele>444.866</ele>
        <time>2026-02-01T15:36:26Z</time>
      </trkpt>
      <trkpt lat="43.224531" lon="-2.561871">
        <ele>445.096</ele>
        <time>2026-02-01T15:36:27Z</time>
      </trkpt>
      <trkpt lat="43.224549" lon="-2.561905">
        <ele>445.231</ele>
        <time>2026-02-01T15:36:28Z</time>
      </trkpt>
      <trkpt lat="43.224565" lon="-2.561940">
        <ele>445.424</ele>
        <time>2026-02-01T15:36:29Z</time>
      </trkpt>
      <trkpt lat="43.224578" lon="-2.561980">
        <ele>445.609</ele>
        <time>2026-02-01T15:36:30Z</time>
      </trkpt>
      <trkpt lat="43.224590" lon="-2.562020">
        <ele>445.621</ele>
        <time>2026-02-01T15:36:31Z</time>
      </trkpt>
      <trkpt lat="43.224603" lon="-2.562066">
        <ele>445.863</ele>
        <time>2026-02-01T15:36:32Z</time>
      </trkpt>
      <trkpt lat="43.224619" lon="-2.562112">
        <ele>446.018</ele>
        <time>2026-02-01T15:36:33Z</time>
      </trkpt>
      <trkpt lat="43.224635" lon="-2.562155">
        <ele>446.299</ele>
        <time>2026-02-01T15:36:34Z</time>
      </trkpt>
      <trkpt lat="43.224651" lon="-2.562202">
        <ele>446.686</ele>
        <time>2026-02-01T15:36:35Z</time>
      </trkpt>
      <trkpt lat="43.224669" lon="-2.562248">
        <ele>446.881</ele>
        <time>2026-02-01T15:36:36Z</time>
      </trkpt>
      <trkpt lat="43.224692" lon="-2.562294">
        <ele>447.076</ele>
        <time>2026-02-01T15:36:37Z</time>
      </trkpt>
      <trkpt lat="43.224719" lon="-2.562335">
        <ele>446.845</ele>
        <time>2026-02-01T15:36:38Z</time>
      </trkpt>
      <trkpt lat="43.224750" lon="-2.562365">
        <ele>447.014</ele>
        <time>2026-02-01T15:36:39Z</time>
      </trkpt>
      <trkpt lat="43.224782" lon="-2.562384">
        <ele>447.092</ele>
        <time>2026-02-01T15:36:40Z</time>
      </trkpt>
      <trkpt lat="43.224816" lon="-2.562393">
        <ele>447.073</ele>
        <time>2026-02-01T15:36:41Z</time>
      </trkpt>
      <trkpt lat="43.224851" lon="-2.562403">
        <ele>447.220</ele>
        <time>2026-02-01T15:36:42Z</time>
      </trkpt>
      <trkpt lat="43.224889" lon="-2.562406">
        <ele>447.409</ele>
        <time>2026-02-01T15:36:43Z</time>
      </trkpt>
      <trkpt lat="43.224922" lon="-2.562409">
        <ele>447.641</ele>
        <time>2026-02-01T15:36:44Z</time>
      </trkpt>
      <trkpt lat="43.224953" lon="-2.562414">
        <ele>448.093</ele>
        <time>2026-02-01T15:36:45Z</time>
      </trkpt>
      <trkpt lat="43.224983" lon="-2.562418">
        <ele>448.428</ele>
        <time>2026-02-01T15:36:46Z</time>
      </trkpt>
      <trkpt lat="43.225010" lon="-2.562424">
        <ele>448.819</ele>
        <time>2026-02-01T15:36:47Z</time>
      </trkpt>
      <trkpt lat="43.225036" lon="-2.562435">
        <ele>449.226</ele>
        <time>2026-02-01T15:36:48Z</time>
      </trkpt>
      <trkpt lat="43.225064" lon="-2.562446">
        <ele>449.871</ele>
        <time>2026-02-01T15:36:49Z</time>
      </trkpt>
      <trkpt lat="43.225093" lon="-2.562454">
        <ele>450.236</ele>
        <time>2026-02-01T15:36:50Z</time>
      </trkpt>
      <trkpt lat="43.225121" lon="-2.562464">
        <ele>450.665</ele>
        <time>2026-02-01T15:36:51Z</time>
      </trkpt>
      <trkpt lat="43.225147" lon="-2.562474">
        <ele>451.084</ele>
        <time>2026-02-01T15:36:52Z</time>
      </trkpt>
      <trkpt lat="43.225177" lon="-2.562484">
        <ele>451.471</ele>
        <time>2026-02-01T15:36:53Z</time>
      </trkpt>
      <trkpt lat="43.225207" lon="-2.562497">
        <ele>452.041</ele>
        <time>2026-02-01T15:36:54Z</time>
      </trkpt>
      <trkpt lat="43.225234" lon="-2.562515">
        <ele>452.215</ele>
        <time>2026-02-01T15:36:55Z</time>
      </trkpt>
      <trkpt lat="43.225259" lon="-2.562532">
        <ele>452.409</ele>
        <time>2026-02-01T15:36:56Z</time>
      </trkpt>
      <trkpt lat="43.225286" lon="-2.562548">
        <ele>452.839</ele>
        <time>2026-02-01T15:36:57Z</time>
      </trkpt>
      <trkpt lat="43.225312" lon="-2.562564">
        <ele>453.031</ele>
        <time>2026-02-01T15:36:58Z</time>
      </trkpt>
      <trkpt lat="43.225340" lon="-2.562575">
        <ele>453.216</ele>
        <time>2026-02-01T15:36:59Z</time>
      </trkpt>
      <trkpt lat="43.225372" lon="-2.562575">
        <ele>453.677</ele>
        <time>2026-02-01T15:37:00Z</time>
      </trkpt>
      <trkpt lat="43.225403" lon="-2.562575">
        <ele>453.834</ele>
        <time>2026-02-01T15:37:01Z</time>
      </trkpt>
      <trkpt lat="43.225435" lon="-2.562568">
        <ele>454.089</ele>
        <time>2026-02-01T15:37:02Z</time>
      </trkpt>
      <trkpt lat="43.225468" lon="-2.562557">
        <ele>454.294</ele>
        <time>2026-02-01T15:37:03Z</time>
      </trkpt>
      <trkpt lat="43.225498" lon="-2.562543">
        <ele>454.233</ele>
        <time>2026-02-01T15:37:04Z</time>
      </trkpt>
      <trkpt lat="43.225530" lon="-2.562531">
        <ele>454.482</ele>
        <time>2026-02-01T15:37:05Z</time>
      </trkpt>
      <trkpt lat="43.225559" lon="-2.562518">
        <ele>454.861</ele>
        <time>2026-02-01T15:37:06Z</time>
      </trkpt>
      <trkpt lat="43.225588" lon="-2.562510">
        <ele>455.221</ele>
        <time>2026-02-01T15:37:07Z</time>
      </trkpt>
      <trkpt lat="43.225621" lon="-2.562499">
        <ele>455.413</ele>
        <time>2026-02-01T15:37:08Z</time>
      </trkpt>
      <trkpt lat="43.225649" lon="-2.562484">
        <ele>455.809</ele>
        <time>2026-02-01T15:37:09Z</time>
      </trkpt>
      <trkpt lat="43.225680" lon="-2.562470">
        <ele>456.248</ele>
        <time>2026-02-01T15:37:10Z</time>
      </trkpt>
      <trkpt lat="43.225712" lon="-2.562455">
        <ele>456.220</ele>
        <time>2026-02-01T15:37:11Z</time>
      </trkpt>
      <trkpt lat="43.225743" lon="-2.562439">
        <ele>456.675</ele>
        <time>2026-02-01T15:37:12Z</time>
      </trkpt>
      <trkpt lat="43.225776" lon="-2.562422">
        <ele>456.816</ele>
        <time>2026-02-01T15:37:13Z</time>
      </trkpt>
      <trkpt lat="43.225812" lon="-2.562402">
        <ele>457.043</ele>
        <time>2026-02-01T15:37:14Z</time>
      </trkpt>
      <trkpt lat="43.225846" lon="-2.562385">
        <ele>457.018</ele>
        <time>2026-02-01T15:37:15Z</time>
      </trkpt>
      <trkpt lat="43.225884" lon="-2.562369">
        <ele>457.283</ele>
        <time>2026-02-01T15:37:16Z</time>
      </trkpt>
      <trkpt lat="43.225922" lon="-2.562354">
        <ele>457.432</ele>
        <time>2026-02-01T15:37:17Z</time>
      </trkpt>
      <trkpt lat="43.225960" lon="-2.562340">
        <ele>457.691</ele>
        <time>2026-02-01T15:37:18Z</time>
      </trkpt>
      <trkpt lat="43.226004" lon="-2.562329">
        <ele>457.861</ele>
        <time>2026-02-01T15:37:19Z</time>
      </trkpt>
      <trkpt lat="43.226047" lon="-2.562329">
        <ele>458.221</ele>
        <time>2026-02-01T15:37:20Z</time>
      </trkpt>
      <trkpt lat="43.226089" lon="-2.562341">
        <ele>458.413</ele>
        <time>2026-02-01T15:37:21Z</time>
      </trkpt>
      <trkpt lat="43.226127" lon="-2.562371">
        <ele>458.409</ele>
        <time>2026-02-01T15:37:22Z</time>
      </trkpt>
      <trkpt lat="43.226159" lon="-2.562402">
        <ele>458.258</ele>
        <time>2026-02-01T15:37:23Z</time>
      </trkpt>
      <trkpt lat="43.226192" lon="-2.562436">
        <ele>458.490</ele>
        <time>2026-02-01T15:37:24Z</time>
      </trkpt>
      <trkpt lat="43.226221" lon="-2.562476">
        <ele>458.655</ele>
        <time>2026-02-01T15:37:25Z</time>
      </trkpt>
      <trkpt lat="43.226242" lon="-2.562521">
        <ele>458.826</ele>
        <time>2026-02-01T15:37:26Z</time>
      </trkpt>
      <trkpt lat="43.226256" lon="-2.562574">
        <ele>459.083</ele>
        <time>2026-02-01T15:37:27Z</time>
      </trkpt>
      <trkpt lat="43.226266" lon="-2.562631">
        <ele>459.278</ele>
        <time>2026-02-01T15:37:28Z</time>
      </trkpt>
      <trkpt lat="43.226273" lon="-2.562689">
        <ele>459.473</ele>
        <time>2026-02-01T15:37:29Z</time>
      </trkpt>
      <trkpt lat="43.226272" lon="-2.562749">
        <ele>459.462</ele>
        <time>2026-02-01T15:37:30Z</time>
      </trkpt>
      <trkpt lat="43.226265" lon="-2.562805">
        <ele>459.621</ele>
        <time>2026-02-01T15:37:31Z</time>
      </trkpt>
      <trkpt lat="43.226263" lon="-2.562865">
        <ele>459.811</ele>
        <time>2026-02-01T15:37:32Z</time>
      </trkpt>
      <trkpt lat="43.226260" lon="-2.562916">
        <ele>460.021</ele>
        <time>2026-02-01T15:37:33Z</time>
      </trkpt>
      <trkpt lat="43.226254" lon="-2.562969">
        <ele>460.403</ele>
        <time>2026-02-01T15:37:34Z</time>
      </trkpt>
      <trkpt lat="43.226249" lon="-2.563023">
        <ele>460.409</ele>
        <time>2026-02-01T15:37:35Z</time>
      </trkpt>
      <trkpt lat="43.226244" lon="-2.563076">
        <ele>460.663</ele>
        <time>2026-02-01T15:37:36Z</time>
      </trkpt>
      <trkpt lat="43.226238" lon="-2.563133">
        <ele>460.425</ele>
        <time>2026-02-01T15:37:37Z</time>
      </trkpt>
      <trkpt lat="43.226231" lon="-2.563192">
        <ele>460.260</ele>
        <time>2026-02-01T15:37:38Z</time>
      </trkpt>
      <trkpt lat="43.226221" lon="-2.563253">
        <ele>460.051</ele>
        <time>2026-02-01T15:37:39Z</time>
      </trkpt>
      <trkpt lat="43.226207" lon="-2.563313">
        <ele>459.838</ele>
        <time>2026-02-01T15:37:40Z</time>
      </trkpt>
      <trkpt lat="43.226196" lon="-2.563372">
        <ele>459.833</ele>
        <time>2026-02-01T15:37:41Z</time>
      </trkpt>
      <trkpt lat="43.226182" lon="-2.563432">
        <ele>459.828</ele>
        <time>2026-02-01T15:37:42Z</time>
      </trkpt>
      <trkpt lat="43.226163" lon="-2.563492">
        <ele>459.827</ele>
        <time>2026-02-01T15:37:43Z</time>
      </trkpt>
      <trkpt lat="43.226144" lon="-2.563553">
        <ele>459.626</ele>
        <time>2026-02-01T15:37:44Z</time>
      </trkpt>
      <trkpt lat="43.226124" lon="-2.563618">
        <ele>459.698</ele>
        <time>2026-02-01T15:37:45Z</time>
      </trkpt>
      <trkpt lat="43.226097" lon="-2.563680">
        <ele>459.615</ele>
        <time>2026-02-01T15:37:46Z</time>
      </trkpt>
      <trkpt lat="43.226069" lon="-2.563741">
        <ele>459.426</ele>
        <time>2026-02-01T15:37:47Z</time>
      </trkpt>
      <trkpt lat="43.226040" lon="-2.563807">
        <ele>459.409</ele>
        <time>2026-02-01T15:37:48Z</time>
      </trkpt>
      <trkpt lat="43.226008" lon="-2.563866">
        <ele>459.641</ele>
        <time>2026-02-01T15:37:49Z</time>
      </trkpt>
      <trkpt lat="43.225983" lon="-2.563921">
        <ele>460.013</ele>
        <time>2026-02-01T15:37:50Z</time>
      </trkpt>
      <trkpt lat="43.225957" lon="-2.563975">
        <ele>460.298</ele>
        <time>2026-02-01T15:37:51Z</time>
      </trkpt>
      <trkpt lat="43.225927" lon="-2.564024">
        <ele>460.659</ele>
        <time>2026-02-01T15:37:52Z</time>
      </trkpt>
      <trkpt lat="43.225897" lon="-2.564075">
        <ele>460.676</ele>
        <time>2026-02-01T15:37:53Z</time>
      </trkpt>
      <trkpt lat="43.225870" lon="-2.564128">
        <ele>460.411</ele>
        <time>2026-02-01T15:37:54Z</time>
      </trkpt>
      <trkpt lat="43.225845" lon="-2.564185">
        <ele>460.026</ele>
        <time>2026-02-01T15:37:55Z</time>
      </trkpt>
      <trkpt lat="43.225810" lon="-2.564238">
        <ele>459.845</ele>
        <time>2026-02-01T15:37:56Z</time>
      </trkpt>
      <trkpt lat="43.225775" lon="-2.564292">
        <ele>459.434</ele>
        <time>2026-02-01T15:37:57Z</time>
      </trkpt>
      <trkpt lat="43.225736" lon="-2.564356">
        <ele>459.242</ele>
        <time>2026-02-01T15:37:58Z</time>
      </trkpt>
      <trkpt lat="43.225702" lon="-2.564422">
        <ele>459.022</ele>
        <time>2026-02-01T15:37:59Z</time>
      </trkpt>
      <trkpt lat="43.225666" lon="-2.564488">
        <ele>458.814</ele>
        <time>2026-02-01T15:38:00Z</time>
      </trkpt>
      <trkpt lat="43.225627" lon="-2.564559">
        <ele>458.209</ele>
        <time>2026-02-01T15:38:01Z</time>
      </trkpt>
      <trkpt lat="43.225584" lon="-2.564627">
        <ele>457.626</ele>
        <time>2026-02-01T15:38:02Z</time>
      </trkpt>
      <trkpt lat="43.225543" lon="-2.564694">
        <ele>457.288</ele>
        <time>2026-02-01T15:38:03Z</time>
      </trkpt>
      <trkpt lat="43.225500" lon="-2.564767">
        <ele>456.853</ele>
        <time>2026-02-01T15:38:04Z</time>
      </trkpt>
      <trkpt lat="43.225455" lon="-2.564841">
        <ele>456.264</ele>
        <time>2026-02-01T15:38:05Z</time>
      </trkpt>
      <trkpt lat="43.225405" lon="-2.564912">
        <ele>455.881</ele>
        <time>2026-02-01T15:38:06Z</time>
      </trkpt>
      <trkpt lat="43.225356" lon="-2.564980">
        <ele>455.456</ele>
        <time>2026-02-01T15:38:07Z</time>
      </trkpt>
      <trkpt lat="43.225306" lon="-2.565040">
        <ele>455.451</ele>
        <time>2026-02-01T15:38:08Z</time>
      </trkpt>
      <trkpt lat="43.225251" lon="-2.565098">
        <ele>455.450</ele>
        <time>2026-02-01T15:38:09Z</time>
      </trkpt>
      <trkpt lat="43.225195" lon="-2.565138">
        <ele>455.669</ele>
        <time>2026-02-01T15:38:10Z</time>
      </trkpt>
      <trkpt lat="43.225136" lon="-2.565175">
        <ele>455.617</ele>
        <time>2026-02-01T15:38:11Z</time>
      </trkpt>
      <trkpt lat="43.225076" lon="-2.565210">
        <ele>455.487</ele>
        <time>2026-02-01T15:38:12Z</time>
      </trkpt>
      <trkpt lat="43.225012" lon="-2.565240">
        <ele>455.015</ele>
        <time>2026-02-01T15:38:13Z</time>
      </trkpt>
      <trkpt lat="43.224941" lon="-2.565263">
        <ele>454.409</ele>
        <time>2026-02-01T15:38:14Z</time>
      </trkpt>
      <trkpt lat="43.224865" lon="-2.565291">
        <ele>454.233</ele>
        <time>2026-02-01T15:38:15Z</time>
      </trkpt>
      <trkpt lat="43.224790" lon="-2.565332">
        <ele>453.855</ele>
        <time>2026-02-01T15:38:16Z</time>
      </trkpt>
      <trkpt lat="43.224717" lon="-2.565380">
        <ele>453.480</ele>
        <time>2026-02-01T15:38:17Z</time>
      </trkpt>
      <trkpt lat="43.224650" lon="-2.565432">
        <ele>452.881</ele>
        <time>2026-02-01T15:38:18Z</time>
      </trkpt>
      <trkpt lat="43.224590" lon="-2.565492">
        <ele>452.668</ele>
        <time>2026-02-01T15:38:19Z</time>
      </trkpt>
      <trkpt lat="43.224550" lon="-2.565571">
        <ele>452.823</ele>
        <time>2026-02-01T15:38:20Z</time>
      </trkpt>
      <trkpt lat="43.224528" lon="-2.565660">
        <ele>452.688</ele>
        <time>2026-02-01T15:38:21Z</time>
      </trkpt>
      <trkpt lat="43.224527" lon="-2.565748">
        <ele>452.867</ele>
        <time>2026-02-01T15:38:22Z</time>
      </trkpt>
      <trkpt lat="43.224548" lon="-2.565817">
        <ele>453.076</ele>
        <time>2026-02-01T15:38:23Z</time>
      </trkpt>
      <trkpt lat="43.224584" lon="-2.565857">
        <ele>453.454</ele>
        <time>2026-02-01T15:38:24Z</time>
      </trkpt>
      <trkpt lat="43.224620" lon="-2.565880">
        <ele>453.856</ele>
        <time>2026-02-01T15:38:25Z</time>
      </trkpt>
      <trkpt lat="43.224658" lon="-2.565899">
        <ele>454.211</ele>
        <time>2026-02-01T15:38:26Z</time>
      </trkpt>
      <trkpt lat="43.224695" lon="-2.565916">
        <ele>454.809</ele>
        <time>2026-02-01T15:38:27Z</time>
      </trkpt>
      <trkpt lat="43.224728" lon="-2.565945">
        <ele>455.227</ele>
        <time>2026-02-01T15:38:28Z</time>
      </trkpt>
      <trkpt lat="43.224767" lon="-2.565974">
        <ele>455.479</ele>
        <time>2026-02-01T15:38:29Z</time>
      </trkpt>
      <trkpt lat="43.224810" lon="-2.565996">
        <ele>455.624</ele>
        <time>2026-02-01T15:38:30Z</time>
      </trkpt>
      <trkpt lat="43.224853" lon="-2.566013">
        <ele>455.855</ele>
        <time>2026-02-01T15:38:31Z</time>
      </trkpt>
      <trkpt lat="43.224892" lon="-2.566032">
        <ele>456.072</ele>
        <time>2026-02-01T15:38:32Z</time>
      </trkpt>
      <trkpt lat="43.224932" lon="-2.566048">
        <ele>456.237</ele>
        <time>2026-02-01T15:38:33Z</time>
      </trkpt>
      <trkpt lat="43.224972" lon="-2.566068">
        <ele>456.672</ele>
        <time>2026-02-01T15:38:34Z</time>
      </trkpt>
      <trkpt lat="43.225012" lon="-2.566087">
        <ele>456.891</ele>
        <time>2026-02-01T15:38:35Z</time>
      </trkpt>
      <trkpt lat="43.225053" lon="-2.566105">
        <ele>457.080</ele>
        <time>2026-02-01T15:38:36Z</time>
      </trkpt>
      <trkpt lat="43.225093" lon="-2.566120">
        <ele>457.267</ele>
        <time>2026-02-01T15:38:37Z</time>
      </trkpt>
      <trkpt lat="43.225134" lon="-2.566136">
        <ele>457.281</ele>
        <time>2026-02-01T15:38:38Z</time>
      </trkpt>
      <trkpt lat="43.225175" lon="-2.566146">
        <ele>457.419</ele>
        <time>2026-02-01T15:38:39Z</time>
      </trkpt>
      <trkpt lat="43.225215" lon="-2.566160">
        <ele>457.609</ele>
        <time>2026-02-01T15:38:40Z</time>
      </trkpt>
      <trkpt lat="43.225256" lon="-2.566177">
        <ele>457.648</ele>
        <time>2026-02-01T15:38:41Z</time>
      </trkpt>
      <trkpt lat="43.225295" lon="-2.566191">
        <ele>457.850</ele>
        <time>2026-02-01T15:38:42Z</time>
      </trkpt>
      <trkpt lat="43.225334" lon="-2.566206">
        <ele>458.095</ele>
        <time>2026-02-01T15:38:43Z</time>
      </trkpt>
      <trkpt lat="43.225376" lon="-2.566222">
        <ele>458.246</ele>
        <time>2026-02-01T15:38:44Z</time>
      </trkpt>
      <trkpt lat="43.225415" lon="-2.566234">
        <ele>458.473</ele>
        <time>2026-02-01T15:38:45Z</time>
      </trkpt>
      <trkpt lat="43.225455" lon="-2.566251">
        <ele>458.428</ele>
        <time>2026-02-01T15:38:46Z</time>
      </trkpt>
      <trkpt lat="43.225494" lon="-2.566267">
        <ele>458.683</ele>
        <time>2026-02-01T15:38:47Z</time>
      </trkpt>
      <trkpt lat="43.225532" lon="-2.566284">
        <ele>459.022</ele>
        <time>2026-02-01T15:38:48Z</time>
      </trkpt>
      <trkpt lat="43.225573" lon="-2.566304">
        <ele>459.031</ele>
        <time>2026-02-01T15:38:49Z</time>
      </trkpt>
      <trkpt lat="43.225610" lon="-2.566329">
        <ele>459.257</ele>
        <time>2026-02-01T15:38:50Z</time>
      </trkpt>
      <trkpt lat="43.225647" lon="-2.566357">
        <ele>459.200</ele>
        <time>2026-02-01T15:38:51Z</time>
      </trkpt>
      <trkpt lat="43.225684" lon="-2.566387">
        <ele>459.220</ele>
        <time>2026-02-01T15:38:52Z</time>
      </trkpt>
      <trkpt lat="43.225721" lon="-2.566410">
        <ele>459.209</ele>
        <time>2026-02-01T15:38:53Z</time>
      </trkpt>
      <trkpt lat="43.225760" lon="-2.566434">
        <ele>459.217</ele>
        <time>2026-02-01T15:38:54Z</time>
      </trkpt>
      <trkpt lat="43.225798" lon="-2.566457">
        <ele>459.469</ele>
        <time>2026-02-01T15:38:55Z</time>
      </trkpt>
      <trkpt lat="43.225833" lon="-2.566482">
        <ele>459.424</ele>
        <time>2026-02-01T15:38:56Z</time>
      </trkpt>
      <trkpt lat="43.225870" lon="-2.566509">
        <ele>459.485</ele>
        <time>2026-02-01T15:38:57Z</time>
      </trkpt>
      <trkpt lat="43.225904" lon="-2.566535">
        <ele>459.692</ele>
        <time>2026-02-01T15:38:58Z</time>
      </trkpt>
      <trkpt lat="43.225942" lon="-2.566560">
        <ele>459.817</ele>
        <time>2026-02-01T15:38:59Z</time>
      </trkpt>
      <trkpt lat="43.225980" lon="-2.566578">
        <ele>460.022</ele>
        <time>2026-02-01T15:39:00Z</time>
      </trkpt>
      <trkpt lat="43.226018" lon="-2.566595">
        <ele>460.431</ele>
        <time>2026-02-01T15:39:01Z</time>
      </trkpt>
      <trkpt lat="43.226055" lon="-2.566611">
        <ele>460.640</ele>
        <time>2026-02-01T15:39:02Z</time>
      </trkpt>
      <trkpt lat="43.226095" lon="-2.566627">
        <ele>460.636</ele>
        <time>2026-02-01T15:39:03Z</time>
      </trkpt>
      <trkpt lat="43.226139" lon="-2.566632">
        <ele>461.017</ele>
        <time>2026-02-01T15:39:04Z</time>
      </trkpt>
      <trkpt lat="43.226183" lon="-2.566638">
        <ele>461.218</ele>
        <time>2026-02-01T15:39:05Z</time>
      </trkpt>
      <trkpt lat="43.226225" lon="-2.566643">
        <ele>461.609</ele>
        <time>2026-02-01T15:39:06Z</time>
      </trkpt>
      <trkpt lat="43.226264" lon="-2.566646">
        <ele>462.245</ele>
        <time>2026-02-01T15:39:07Z</time>
      </trkpt>
      <trkpt lat="43.226298" lon="-2.566654">
        <ele>462.877</ele>
        <time>2026-02-01T15:39:08Z</time>
      </trkpt>
      <trkpt lat="43.226329" lon="-2.566667">
        <ele>463.222</ele>
        <time>2026-02-01T15:39:09Z</time>
      </trkpt>
      <trkpt lat="43.226364" lon="-2.566683">
        <ele>463.653</ele>
        <time>2026-02-01T15:39:10Z</time>
      </trkpt>
      <trkpt lat="43.226401" lon="-2.566700">
        <ele>463.880</ele>
        <time>2026-02-01T15:39:11Z</time>
      </trkpt>
      <trkpt lat="43.226440" lon="-2.566716">
        <ele>464.055</ele>
        <time>2026-02-01T15:39:12Z</time>
      </trkpt>
      <trkpt lat="43.226480" lon="-2.566733">
        <ele>464.280</ele>
        <time>2026-02-01T15:39:13Z</time>
      </trkpt>
      <trkpt lat="43.226519" lon="-2.566755">
        <ele>464.429</ele>
        <time>2026-02-01T15:39:14Z</time>
      </trkpt>
      <trkpt lat="43.226561" lon="-2.566772">
        <ele>464.668</ele>
        <time>2026-02-01T15:39:15Z</time>
      </trkpt>
      <trkpt lat="43.226601" lon="-2.566785">
        <ele>465.019</ele>
        <time>2026-02-01T15:39:16Z</time>
      </trkpt>
      <trkpt lat="43.226645" lon="-2.566792">
        <ele>465.209</ele>
        <time>2026-02-01T15:39:17Z</time>
      </trkpt>
      <trkpt lat="43.226688" lon="-2.566802">
        <ele>465.419</ele>
        <time>2026-02-01T15:39:18Z</time>
      </trkpt>
      <trkpt lat="43.226733" lon="-2.566811">
        <ele>465.609</ele>
        <time>2026-02-01T15:39:19Z</time>
      </trkpt>
      <trkpt lat="43.226776" lon="-2.566818">
        <ele>465.863</ele>
        <time>2026-02-01T15:39:20Z</time>
      </trkpt>
      <trkpt lat="43.226819" lon="-2.566815">
        <ele>466.055</ele>
        <time>2026-02-01T15:39:21Z</time>
      </trkpt>
      <trkpt lat="43.226860" lon="-2.566808">
        <ele>466.280</ele>
        <time>2026-02-01T15:39:22Z</time>
      </trkpt>
      <trkpt lat="43.226894" lon="-2.566807">
        <ele>466.411</ele>
        <time>2026-02-01T15:39:23Z</time>
      </trkpt>
      <trkpt lat="43.226931" lon="-2.566806">
        <ele>466.448</ele>
        <time>2026-02-01T15:39:24Z</time>
      </trkpt>
      <trkpt lat="43.226968" lon="-2.566803">
        <ele>466.683</ele>
        <time>2026-02-01T15:39:25Z</time>
      </trkpt>
      <trkpt lat="43.227007" lon="-2.566798">
        <ele>466.638</ele>
        <time>2026-02-01T15:39:26Z</time>
      </trkpt>
      <trkpt lat="43.227048" lon="-2.566794">
        <ele>466.687</ele>
        <time>2026-02-01T15:39:27Z</time>
      </trkpt>
      <trkpt lat="43.227089" lon="-2.566788">
        <ele>466.486</ele>
        <time>2026-02-01T15:39:28Z</time>
      </trkpt>
      <trkpt lat="43.227130" lon="-2.566787">
        <ele>466.248</ele>
        <time>2026-02-01T15:39:29Z</time>
      </trkpt>
      <trkpt lat="43.227173" lon="-2.566788">
        <ele>466.261</ele>
        <time>2026-02-01T15:39:30Z</time>
      </trkpt>
      <trkpt lat="43.227219" lon="-2.566786">
        <ele>465.617</ele>
        <time>2026-02-01T15:39:31Z</time>
      </trkpt>
      <trkpt lat="43.227267" lon="-2.566782">
        <ele>465.409</ele>
        <time>2026-02-01T15:39:32Z</time>
      </trkpt>
      <trkpt lat="43.227325" lon="-2.566789">
        <ele>464.816</ele>
        <time>2026-02-01T15:39:33Z</time>
      </trkpt>
      <trkpt lat="43.227381" lon="-2.566801">
        <ele>464.268</ele>
        <time>2026-02-01T15:39:34Z</time>
      </trkpt>
      <trkpt lat="43.227432" lon="-2.566833">
        <ele>463.823</ele>
        <time>2026-02-01T15:39:35Z</time>
      </trkpt>
      <trkpt lat="43.227474" lon="-2.566885">
        <ele>463.444</ele>
        <time>2026-02-01T15:39:36Z</time>
      </trkpt>
      <trkpt lat="43.227509" lon="-2.566943">
        <ele>463.261</ele>
        <time>2026-02-01T15:39:37Z</time>
      </trkpt>
      <trkpt lat="43.227530" lon="-2.567017">
        <ele>463.096</ele>
        <time>2026-02-01T15:39:38Z</time>
      </trkpt>
      <trkpt lat="43.227546" lon="-2.567100">
        <ele>462.871</ele>
        <time>2026-02-01T15:39:39Z</time>
      </trkpt>
      <trkpt lat="43.227563" lon="-2.567188">
        <ele>462.480</ele>
        <time>2026-02-01T15:39:40Z</time>
      </trkpt>
      <trkpt lat="43.227573" lon="-2.567280">
        <ele>462.289</ele>
        <time>2026-02-01T15:39:41Z</time>
      </trkpt>
      <trkpt lat="43.227573" lon="-2.567355">
        <ele>461.824</ele>
        <time>2026-02-01T15:39:42Z</time>
      </trkpt>
      <trkpt lat="43.227569" lon="-2.567405">
        <ele>461.404</ele>
        <time>2026-02-01T15:39:43Z</time>
      </trkpt>
      <trkpt lat="43.227557" lon="-2.567426">
        <ele>461.214</ele>
        <time>2026-02-01T15:39:44Z</time>
      </trkpt>
      <trkpt lat="43.227553" lon="-2.567450">
        <ele>461.209</ele>
        <time>2026-02-01T15:39:45Z</time>
      </trkpt>
      <trkpt lat="43.227556" lon="-2.567477">
        <ele>461.034</ele>
        <time>2026-02-01T15:39:46Z</time>
      </trkpt>
      <trkpt lat="43.227557" lon="-2.567497">
        <ele>460.836</ele>
        <time>2026-02-01T15:39:47Z</time>
      </trkpt>
      <trkpt lat="43.227554" lon="-2.567510">
        <ele>460.611</ele>
        <time>2026-02-01T15:39:48Z</time>
      </trkpt>
      <trkpt lat="43.227551" lon="-2.567510">
        <ele>460.432</ele>
        <time>2026-02-01T15:39:49Z</time>
      </trkpt>
      <trkpt lat="43.227549" lon="-2.567508">
        <ele>460.219</ele>
        <time>2026-02-01T15:39:50Z</time>
      </trkpt>
      <trkpt lat="43.227549" lon="-2.567508">
        <ele>460.294</ele>
        <time>2026-02-01T15:39:51Z</time>
      </trkpt>
      <trkpt lat="43.227553" lon="-2.567510">
        <ele>460.089</ele>
        <time>2026-02-01T15:39:52Z</time>
      </trkpt>
      <trkpt lat="43.227560" lon="-2.567521">
        <ele>460.098</ele>
        <time>2026-02-01T15:39:53Z</time>
      </trkpt>
      <trkpt lat="43.227564" lon="-2.567534">
        <ele>460.047</ele>
        <time>2026-02-01T15:39:54Z</time>
      </trkpt>
      <trkpt lat="43.227567" lon="-2.567540">
        <ele>460.082</ele>
        <time>2026-02-01T15:39:55Z</time>
      </trkpt>
      <trkpt lat="43.227567" lon="-2.567539">
        <ele>460.043</ele>
        <time>2026-02-01T15:39:56Z</time>
      </trkpt>
      <trkpt lat="43.227572" lon="-2.567530">
        <ele>459.817</ele>
        <time>2026-02-01T15:39:57Z</time>
      </trkpt>
      <trkpt lat="43.227576" lon="-2.567516">
        <ele>459.609</ele>
        <time>2026-02-01T15:39:58Z</time>
      </trkpt>
      <trkpt lat="43.227577" lon="-2.567499">
        <ele>459.490</ele>
        <time>2026-02-01T15:39:59Z</time>
      </trkpt>
      <trkpt lat="43.227581" lon="-2.567483">
        <ele>459.452</ele>
        <time>2026-02-01T15:40:00Z</time>
      </trkpt>
      <trkpt lat="43.227583" lon="-2.567475">
        <ele>459.487</ele>
        <time>2026-02-01T15:40:01Z</time>
      </trkpt>
      <trkpt lat="43.227586" lon="-2.567474">
        <ele>459.468</ele>
        <time>2026-02-01T15:40:02Z</time>
      </trkpt>
      <trkpt lat="43.227591" lon="-2.567474">
        <ele>459.425</ele>
        <time>2026-02-01T15:40:03Z</time>
      </trkpt>
      <trkpt lat="43.227593" lon="-2.567473">
        <ele>459.410</ele>
        <time>2026-02-01T15:40:04Z</time>
      </trkpt>
      <trkpt lat="43.227595" lon="-2.567469">
        <ele>459.425</ele>
        <time>2026-02-01T15:40:05Z</time>
      </trkpt>
      <trkpt lat="43.227596" lon="-2.567463">
        <ele>459.234</ele>
        <time>2026-02-01T15:40:06Z</time>
      </trkpt>
      <trkpt lat="43.227598" lon="-2.567459">
        <ele>459.263</ele>
        <time>2026-02-01T15:40:07Z</time>
      </trkpt>
      <trkpt lat="43.227598" lon="-2.567455">
        <ele>459.068</ele>
        <time>2026-02-01T15:40:08Z</time>
      </trkpt>
      <trkpt lat="43.227601" lon="-2.567448">
        <ele>459.042</ele>
        <time>2026-02-01T15:40:09Z</time>
      </trkpt>
      <trkpt lat="43.227599" lon="-2.567445">
        <ele>459.226</ele>
        <time>2026-02-01T15:40:10Z</time>
      </trkpt>
      <trkpt lat="43.227603" lon="-2.567441">
        <ele>459.209</ele>
        <time>2026-02-01T15:40:11Z</time>
      </trkpt>
      <trkpt lat="43.227599" lon="-2.567438">
        <ele>459.268</ele>
        <time>2026-02-01T15:40:12Z</time>
      </trkpt>
      <trkpt lat="43.227601" lon="-2.567433">
        <ele>459.450</ele>
        <time>2026-02-01T15:40:13Z</time>
      </trkpt>
      <trkpt lat="43.227598" lon="-2.567433">
        <ele>459.425</ele>
        <time>2026-02-01T15:40:14Z</time>
      </trkpt>
      <trkpt lat="43.227600" lon="-2.567431">
        <ele>459.296</ele>
        <time>2026-02-01T15:40:15Z</time>
      </trkpt>
      <trkpt lat="43.227600" lon="-2.567430">
        <ele>459.273</ele>
        <time>2026-02-01T15:40:16Z</time>
      </trkpt>
      <trkpt lat="43.227605" lon="-2.567426">
        <ele>459.258</ele>
        <time>2026-02-01T15:40:17Z</time>
      </trkpt>
      <trkpt lat="43.227607" lon="-2.567422">
        <ele>459.253</ele>
        <time>2026-02-01T15:40:18Z</time>
      </trkpt>
      <trkpt lat="43.227607" lon="-2.567422">
        <ele>459.222</ele>
        <time>2026-02-01T15:40:19Z</time>
      </trkpt>
      <trkpt lat="43.227607" lon="-2.567422">
        <ele>459.061</ele>
        <time>2026-02-01T15:40:20Z</time>
      </trkpt>
      <trkpt lat="43.227607" lon="-2.567422">
        <ele>459.072</ele>
        <time>2026-02-01T15:40:21Z</time>
      </trkpt>
      <trkpt lat="43.227607" lon="-2.567422">
        <ele>458.813</ele>
        <time>2026-02-01T15:40:22Z</time>
      </trkpt>
      <trkpt lat="43.227608" lon="-2.567420">
        <ele>458.614</ele>
        <time>2026-02-01T15:40:23Z</time>
      </trkpt>
      <trkpt lat="43.227613" lon="-2.567410">
        <ele>458.409</ele>
        <time>2026-02-01T15:40:24Z</time>
      </trkpt>
      <trkpt lat="43.227617" lon="-2.567403">
        <ele>458.219</ele>
        <time>2026-02-01T15:40:25Z</time>
      </trkpt>
      <trkpt lat="43.227619" lon="-2.567401">
        <ele>458.071</ele>
        <time>2026-02-01T15:40:26Z</time>
      </trkpt>
      <trkpt lat="43.227620" lon="-2.567402">
        <ele>458.096</ele>
        <time>2026-02-01T15:40:27Z</time>
      </trkpt>
      <trkpt lat="43.227620" lon="-2.567402">
        <ele>458.087</ele>
        <time>2026-02-01T15:40:28Z</time>
      </trkpt>
      <trkpt lat="43.227620" lon="-2.567402">
        <ele>458.084</ele>
        <time>2026-02-01T15:40:29Z</time>
      </trkpt>
      <trkpt lat="43.227620" lon="-2.567402">
        <ele>458.019</ele>
        <time>2026-02-01T15:40:30Z</time>
      </trkpt>
      <trkpt lat="43.227620" lon="-2.567402">
        <ele>457.864</ele>
        <time>2026-02-01T15:40:31Z</time>
      </trkpt>
      <trkpt lat="43.227620" lon="-2.567402">
        <ele>457.813</ele>
        <time>2026-02-01T15:40:32Z</time>
      </trkpt>
      <trkpt lat="43.227620" lon="-2.567402">
        <ele>457.862</ele>
        <time>2026-02-01T15:40:33Z</time>
      </trkpt>
      <trkpt lat="43.227620" lon="-2.567402">
        <ele>457.832</ele>
        <time>2026-02-01T15:40:34Z</time>
      </trkpt>
      <trkpt lat="43.227620" lon="-2.567402">
        <ele>457.692</ele>
        <time>2026-02-01T15:40:35Z</time>
      </trkpt>
      <trkpt lat="43.227620" lon="-2.567402">
        <ele>457.811</ele>
        <time>2026-02-01T15:40:36Z</time>
      </trkpt>
      <trkpt lat="43.227621" lon="-2.567402">
        <ele>457.809</ele>
        <time>2026-02-01T15:40:37Z</time>
      </trkpt>
      <trkpt lat="43.227622" lon="-2.567400">
        <ele>457.865</ele>
        <time>2026-02-01T15:40:38Z</time>
      </trkpt>
      <trkpt lat="43.227621" lon="-2.567399">
        <ele>457.847</ele>
        <time>2026-02-01T15:40:39Z</time>
      </trkpt>
      <trkpt lat="43.227621" lon="-2.567396">
        <ele>457.842</ele>
        <time>2026-02-01T15:40:40Z</time>
      </trkpt>
      <trkpt lat="43.227623" lon="-2.567390">
        <ele>457.893</ele>
        <time>2026-02-01T15:40:41Z</time>
      </trkpt>
      <trkpt lat="43.227620" lon="-2.567385">
        <ele>457.850</ele>
        <time>2026-02-01T15:40:42Z</time>
      </trkpt>
      <trkpt lat="43.227622" lon="-2.567383">
        <ele>457.895</ele>
        <time>2026-02-01T15:40:43Z</time>
      </trkpt>
      <trkpt lat="43.227623" lon="-2.567383">
        <ele>457.670</ele>
        <time>2026-02-01T15:40:44Z</time>
      </trkpt>
      <trkpt lat="43.227621" lon="-2.567390">
        <ele>457.449</ele>
        <time>2026-02-01T15:40:45Z</time>
      </trkpt>
      <trkpt lat="43.227617" lon="-2.567390">
        <ele>457.278</ele>
        <time>2026-02-01T15:40:46Z</time>
      </trkpt>
      <trkpt lat="43.227615" lon="-2.567380">
        <ele>457.072</ele>
        <time>2026-02-01T15:40:47Z</time>
      </trkpt>
      <trkpt lat="43.227613" lon="-2.567377">
        <ele>456.813</ele>
        <time>2026-02-01T15:40:48Z</time>
      </trkpt>
      <trkpt lat="43.227612" lon="-2.567377">
        <ele>456.814</ele>
        <time>2026-02-01T15:40:49Z</time>
      </trkpt>
      <trkpt lat="43.227612" lon="-2.567377">
        <ele>456.809</ele>
        <time>2026-02-01T15:40:50Z</time>
      </trkpt>
      <trkpt lat="43.227612" lon="-2.567377">
        <ele>457.039</ele>
        <time>2026-02-01T15:40:51Z</time>
      </trkpt>
      <trkpt lat="43.227603" lon="-2.567380">
        <ele>457.081</ele>
        <time>2026-02-01T15:40:52Z</time>
      </trkpt>
      <trkpt lat="43.227598" lon="-2.567382">
        <ele>457.076</ele>
        <time>2026-02-01T15:40:53Z</time>
      </trkpt>
      <trkpt lat="43.227592" lon="-2.567387">
        <ele>457.057</ele>
        <time>2026-02-01T15:40:54Z</time>
      </trkpt>
      <trkpt lat="43.227585" lon="-2.567394">
        <ele>457.024</ele>
        <time>2026-02-01T15:40:55Z</time>
      </trkpt>
      <trkpt lat="43.227579" lon="-2.567407">
        <ele>456.899</ele>
        <time>2026-02-01T15:40:56Z</time>
      </trkpt>
      <trkpt lat="43.227573" lon="-2.567421">
        <ele>456.624</ele>
        <time>2026-02-01T15:40:57Z</time>
      </trkpt>
      <trkpt lat="43.227568" lon="-2.567439">
        <ele>456.483</ele>
        <time>2026-02-01T15:40:58Z</time>
      </trkpt>
      <trkpt lat="43.227562" lon="-2.567456">
        <ele>456.482</ele>
        <time>2026-02-01T15:40:59Z</time>
      </trkpt>
      <trkpt lat="43.227560" lon="-2.567474">
        <ele>456.221</ele>
        <time>2026-02-01T15:41:00Z</time>
      </trkpt>
      <trkpt lat="43.227557" lon="-2.567489">
        <ele>456.241</ele>
        <time>2026-02-01T15:41:01Z</time>
      </trkpt>
      <trkpt lat="43.227555" lon="-2.567502">
        <ele>456.005</ele>
        <time>2026-02-01T15:41:02Z</time>
      </trkpt>
      <trkpt lat="43.227557" lon="-2.567513">
        <ele>456.009</ele>
        <time>2026-02-01T15:41:03Z</time>
      </trkpt>
      <trkpt lat="43.227559" lon="-2.567515">
        <ele>455.854</ele>
        <time>2026-02-01T15:41:04Z</time>
      </trkpt>
      <trkpt lat="43.227560" lon="-2.567513">
        <ele>455.836</ele>
        <time>2026-02-01T15:41:05Z</time>
      </trkpt>
      <trkpt lat="43.227560" lon="-2.567513">
        <ele>455.821</ele>
        <time>2026-02-01T15:41:06Z</time>
      </trkpt>
      <trkpt lat="43.227555" lon="-2.567517">
        <ele>455.862</ele>
        <time>2026-02-01T15:41:07Z</time>
      </trkpt>
      <trkpt lat="43.227556" lon="-2.567529">
        <ele>455.849</ele>
        <time>2026-02-01T15:41:08Z</time>
      </trkpt>
      <trkpt lat="43.227554" lon="-2.567532">
        <ele>455.824</ele>
        <time>2026-02-01T15:41:09Z</time>
      </trkpt>
      <trkpt lat="43.227554" lon="-2.567538">
        <ele>455.829</ele>
        <time>2026-02-01T15:41:10Z</time>
      </trkpt>
      <trkpt lat="43.227554" lon="-2.567542">
        <ele>455.838</ele>
        <time>2026-02-01T15:41:11Z</time>
      </trkpt>
      <trkpt lat="43.227554" lon="-2.567541">
        <ele>455.837</ele>
        <time>2026-02-01T15:41:12Z</time>
      </trkpt>
      <trkpt lat="43.227554" lon="-2.567535">
        <ele>455.659</ele>
        <time>2026-02-01T15:41:13Z</time>
      </trkpt>
      <trkpt lat="43.227551" lon="-2.567531">
        <ele>455.603</ele>
        <time>2026-02-01T15:41:14Z</time>
      </trkpt>
      <trkpt lat="43.227550" lon="-2.567536">
        <ele>455.823</ele>
        <time>2026-02-01T15:41:15Z</time>
      </trkpt>
      <trkpt lat="43.227543" lon="-2.567529">
        <ele>455.809</ele>
        <time>2026-02-01T15:41:16Z</time>
      </trkpt>
      <trkpt lat="43.227537" lon="-2.567524">
        <ele>455.827</ele>
        <time>2026-02-01T15:41:17Z</time>
      </trkpt>
      <trkpt lat="43.227529" lon="-2.567532">
        <ele>455.869</ele>
        <time>2026-02-01T15:41:18Z</time>
      </trkpt>
      <trkpt lat="43.227517" lon="-2.567542">
        <ele>455.834</ele>
        <time>2026-02-01T15:41:19Z</time>
      </trkpt>
      <trkpt lat="43.227504" lon="-2.567554">
        <ele>455.695</ele>
        <time>2026-02-01T15:41:20Z</time>
      </trkpt>
      <trkpt lat="43.227480" lon="-2.567570">
        <ele>455.412</ele>
        <time>2026-02-01T15:41:21Z</time>
      </trkpt>
      <trkpt lat="43.227455" lon="-2.567593">
        <ele>455.267</ele>
        <time>2026-02-01T15:41:22Z</time>
      </trkpt>
      <trkpt lat="43.227423" lon="-2.567620">
        <ele>455.072</ele>
        <time>2026-02-01T15:41:23Z</time>
      </trkpt>
      <trkpt lat="43.227391" lon="-2.567654">
        <ele>454.861</ele>
        <time>2026-02-01T15:41:24Z</time>
      </trkpt>
      <trkpt lat="43.227353" lon="-2.567680">
        <ele>454.680</ele>
        <time>2026-02-01T15:41:25Z</time>
      </trkpt>
      <trkpt lat="43.227309" lon="-2.567709">
        <ele>454.672</ele>
        <time>2026-02-01T15:41:26Z</time>
      </trkpt>
      <trkpt lat="43.227270" lon="-2.567752">
        <ele>454.413</ele>
        <time>2026-02-01T15:41:27Z</time>
      </trkpt>
      <trkpt lat="43.227231" lon="-2.567815">
        <ele>453.814</ele>
        <time>2026-02-01T15:41:28Z</time>
      </trkpt>
      <trkpt lat="43.227206" lon="-2.567902">
        <ele>453.409</ele>
        <time>2026-02-01T15:41:29Z</time>
      </trkpt>
      <trkpt lat="43.227198" lon="-2.568000">
        <ele>453.089</ele>
        <time>2026-02-01T15:41:30Z</time>
      </trkpt>
      <trkpt lat="43.227218" lon="-2.568085">
        <ele>452.491</ele>
        <time>2026-02-01T15:41:31Z</time>
      </trkpt>
      <trkpt lat="43.227255" lon="-2.568143">
        <ele>452.256</ele>
        <time>2026-02-01T15:41:32Z</time>
      </trkpt>
      <trkpt lat="43.227294" lon="-2.568184">
        <ele>452.037</ele>
        <time>2026-02-01T15:41:33Z</time>
      </trkpt>
      <trkpt lat="43.227325" lon="-2.568216">
        <ele>452.244</ele>
        <time>2026-02-01T15:41:34Z</time>
      </trkpt>
      <trkpt lat="43.227355" lon="-2.568250">
        <ele>452.449</ele>
        <time>2026-02-01T15:41:35Z</time>
      </trkpt>
      <trkpt lat="43.227386" lon="-2.568282">
        <ele>452.824</ele>
        <time>2026-02-01T15:41:36Z</time>
      </trkpt>
      <trkpt lat="43.227414" lon="-2.568319">
        <ele>453.213</ele>
        <time>2026-02-01T15:41:37Z</time>
      </trkpt>
      <trkpt lat="43.227439" lon="-2.568358">
        <ele>453.672</ele>
        <time>2026-02-01T15:41:38Z</time>
      </trkpt>
      <trkpt lat="43.227467" lon="-2.568395">
        <ele>453.822</ele>
        <time>2026-02-01T15:41:39Z</time>
      </trkpt>
      <trkpt lat="43.227492" lon="-2.568440">
        <ele>453.862</ele>
        <time>2026-02-01T15:41:40Z</time>
      </trkpt>
      <trkpt lat="43.227517" lon="-2.568484">
        <ele>453.808</ele>
        <time>2026-02-01T15:41:41Z</time>
      </trkpt>
      <trkpt lat="43.227540" lon="-2.568528">
        <ele>453.809</ele>
        <time>2026-02-01T15:41:42Z</time>
      </trkpt>
      <trkpt lat="43.227565" lon="-2.568572">
        <ele>454.064</ele>
        <time>2026-02-01T15:41:43Z</time>
      </trkpt>
      <trkpt lat="43.227589" lon="-2.568615">
        <ele>454.086</ele>
        <time>2026-02-01T15:41:44Z</time>
      </trkpt>
      <trkpt lat="43.227613" lon="-2.568656">
        <ele>454.261</ele>
        <time>2026-02-01T15:41:45Z</time>
      </trkpt>
      <trkpt lat="43.227636" lon="-2.568695">
        <ele>454.482</ele>
        <time>2026-02-01T15:41:46Z</time>
      </trkpt>
      <trkpt lat="43.227659" lon="-2.568739">
        <ele>454.859</ele>
        <time>2026-02-01T15:41:47Z</time>
      </trkpt>
      <trkpt lat="43.227686" lon="-2.568778">
        <ele>455.294</ele>
        <time>2026-02-01T15:41:48Z</time>
      </trkpt>
      <trkpt lat="43.227717" lon="-2.568813">
        <ele>455.649</ele>
        <time>2026-02-01T15:41:49Z</time>
      </trkpt>
      <trkpt lat="43.227745" lon="-2.568846">
        <ele>456.028</ele>
        <time>2026-02-01T15:41:50Z</time>
      </trkpt>
      <trkpt lat="43.227772" lon="-2.568877">
        <ele>456.477</ele>
        <time>2026-02-01T15:41:51Z</time>
      </trkpt>
      <trkpt lat="43.227794" lon="-2.568905">
        <ele>456.858</ele>
        <time>2026-02-01T15:41:52Z</time>
      </trkpt>
      <trkpt lat="43.227815" lon="-2.568934">
        <ele>457.052</ele>
        <time>2026-02-01T15:41:53Z</time>
      </trkpt>
      <trkpt lat="43.227839" lon="-2.568959">
        <ele>457.417</ele>
        <time>2026-02-01T15:41:54Z</time>
      </trkpt>
      <trkpt lat="43.227863" lon="-2.568986">
        <ele>457.609</ele>
        <time>2026-02-01T15:41:55Z</time>
      </trkpt>
      <trkpt lat="43.227886" lon="-2.569015">
        <ele>458.017</ele>
        <time>2026-02-01T15:41:56Z</time>
      </trkpt>
      <trkpt lat="43.227907" lon="-2.569045">
        <ele>458.469</ele>
        <time>2026-02-01T15:41:57Z</time>
      </trkpt>
      <trkpt lat="43.227931" lon="-2.569075">
        <ele>458.614</ele>
        <time>2026-02-01T15:41:58Z</time>
      </trkpt>
      <trkpt lat="43.227951" lon="-2.569103">
        <ele>458.835</ele>
        <time>2026-02-01T15:41:59Z</time>
      </trkpt>
      <trkpt lat="43.227970" lon="-2.569134">
        <ele>459.242</ele>
        <time>2026-02-01T15:42:00Z</time>
      </trkpt>
      <trkpt lat="43.227990" lon="-2.569165">
        <ele>459.487</ele>
        <time>2026-02-01T15:42:01Z</time>
      </trkpt>
      <trkpt lat="43.228012" lon="-2.569197">
        <ele>459.472</ele>
        <time>2026-02-01T15:42:02Z</time>
      </trkpt>
      <trkpt lat="43.228037" lon="-2.569235">
        <ele>459.661</ele>
        <time>2026-02-01T15:42:03Z</time>
      </trkpt>
      <trkpt lat="43.228065" lon="-2.569271">
        <ele>459.870</ele>
        <time>2026-02-01T15:42:04Z</time>
      </trkpt>
      <trkpt lat="43.228101" lon="-2.569302">
        <ele>459.868</ele>
        <time>2026-02-01T15:42:05Z</time>
      </trkpt>
      <trkpt lat="43.228138" lon="-2.569323">
        <ele>459.642</ele>
        <time>2026-02-01T15:42:06Z</time>
      </trkpt>
      <trkpt lat="43.228184" lon="-2.569339">
        <ele>459.426</ele>
        <time>2026-02-01T15:42:07Z</time>
      </trkpt>
      <trkpt lat="43.228232" lon="-2.569351">
        <ele>459.009</ele>
        <time>2026-02-01T15:42:08Z</time>
      </trkpt>
      <trkpt lat="43.228280" lon="-2.569355">
        <ele>459.038</ele>
        <time>2026-02-01T15:42:09Z</time>
      </trkpt>
      <trkpt lat="43.228324" lon="-2.569356">
        <ele>458.860</ele>
        <time>2026-02-01T15:42:10Z</time>
      </trkpt>
      <trkpt lat="43.228368" lon="-2.569350">
        <ele>458.845</ele>
        <time>2026-02-01T15:42:11Z</time>
      </trkpt>
      <trkpt lat="43.228410" lon="-2.569340">
        <ele>458.886</ele>
        <time>2026-02-01T15:42:12Z</time>
      </trkpt>
      <trkpt lat="43.228450" lon="-2.569326">
        <ele>458.873</ele>
        <time>2026-02-01T15:42:13Z</time>
      </trkpt>
      <trkpt lat="43.228487" lon="-2.569314">
        <ele>459.038</ele>
        <time>2026-02-01T15:42:14Z</time>
      </trkpt>
      <trkpt lat="43.228525" lon="-2.569301">
        <ele>459.083</ele>
        <time>2026-02-01T15:42:15Z</time>
      </trkpt>
      <trkpt lat="43.228562" lon="-2.569287">
        <ele>459.252</ele>
        <time>2026-02-01T15:42:16Z</time>
      </trkpt>
      <trkpt lat="43.228600" lon="-2.569270">
        <ele>459.431</ele>
        <time>2026-02-01T15:42:17Z</time>
      </trkpt>
      <trkpt lat="43.228637" lon="-2.569252">
        <ele>459.617</ele>
        <time>2026-02-01T15:42:18Z</time>
      </trkpt>
      <trkpt lat="43.228671" lon="-2.569232">
        <ele>459.887</ele>
        <time>2026-02-01T15:42:19Z</time>
      </trkpt>
      <trkpt lat="43.228705" lon="-2.569210">
        <ele>460.015</ele>
        <time>2026-02-01T15:42:20Z</time>
      </trkpt>
      <trkpt lat="43.228732" lon="-2.569187">
        <ele>460.209</ele>
        <time>2026-02-01T15:42:21Z</time>
      </trkpt>
      <trkpt lat="43.228756" lon="-2.569166">
        <ele>460.693</ele>
        <time>2026-02-01T15:42:22Z</time>
      </trkpt>
      <trkpt lat="43.228779" lon="-2.569145">
        <ele>460.895</ele>
        <time>2026-02-01T15:42:23Z</time>
      </trkpt>
      <trkpt lat="43.228803" lon="-2.569124">
        <ele>461.290</ele>
        <time>2026-02-01T15:42:24Z</time>
      </trkpt>
      <trkpt lat="43.228826" lon="-2.569098">
        <ele>461.631</ele>
        <time>2026-02-01T15:42:25Z</time>
      </trkpt>
      <trkpt lat="43.228849" lon="-2.569072">
        <ele>462.068</ele>
        <time>2026-02-01T15:42:26Z</time>
      </trkpt>
      <trkpt lat="43.228871" lon="-2.569043">
        <ele>462.283</ele>
        <time>2026-02-01T15:42:27Z</time>
      </trkpt>
      <trkpt lat="43.228893" lon="-2.569024">
        <ele>462.678</ele>
        <time>2026-02-01T15:42:28Z</time>
      </trkpt>
      <trkpt lat="43.228913" lon="-2.569005">
        <ele>463.057</ele>
        <time>2026-02-01T15:42:29Z</time>
      </trkpt>
      <trkpt lat="43.228931" lon="-2.568984">
        <ele>463.456</ele>
        <time>2026-02-01T15:42:30Z</time>
      </trkpt>
      <trkpt lat="43.228953" lon="-2.568962">
        <ele>463.655</ele>
        <time>2026-02-01T15:42:31Z</time>
      </trkpt>
      <trkpt lat="43.228975" lon="-2.568939">
        <ele>463.807</ele>
        <time>2026-02-01T15:42:32Z</time>
      </trkpt>
      <trkpt lat="43.228994" lon="-2.568909">
        <ele>463.817</ele>
        <time>2026-02-01T15:42:33Z</time>
      </trkpt>
      <trkpt lat="43.229011" lon="-2.568880">
        <ele>464.009</ele>
        <time>2026-02-01T15:42:34Z</time>
      </trkpt>
      <trkpt lat="43.229030" lon="-2.568856">
        <ele>464.077</ele>
        <time>2026-02-01T15:42:35Z</time>
      </trkpt>
      <trkpt lat="43.229050" lon="-2.568831">
        <ele>464.249</ele>
        <time>2026-02-01T15:42:36Z</time>
      </trkpt>
      <trkpt lat="43.229069" lon="-2.568808">
        <ele>464.454</ele>
        <time>2026-02-01T15:42:37Z</time>
      </trkpt>
      <trkpt lat="43.229087" lon="-2.568784">
        <ele>464.425</ele>
        <time>2026-02-01T15:42:38Z</time>
      </trkpt>
      <trkpt lat="43.229107" lon="-2.568764">
        <ele>464.612</ele>
        <time>2026-02-01T15:42:39Z</time>
      </trkpt>
      <trkpt lat="43.229127" lon="-2.568742">
        <ele>464.897</ele>
        <time>2026-02-01T15:42:40Z</time>
      </trkpt>
      <trkpt lat="43.229148" lon="-2.568715">
        <ele>465.012</ele>
        <time>2026-02-01T15:42:41Z</time>
      </trkpt>
      <trkpt lat="43.229165" lon="-2.568688">
        <ele>465.241</ele>
        <time>2026-02-01T15:42:42Z</time>
      </trkpt>
      <trkpt lat="43.229185" lon="-2.568660">
        <ele>465.420</ele>
        <time>2026-02-01T15:42:43Z</time>
      </trkpt>
      <trkpt lat="43.229202" lon="-2.568633">
        <ele>465.683</ele>
        <time>2026-02-01T15:42:44Z</time>
      </trkpt>
      <trkpt lat="43.229223" lon="-2.568609">
        <ele>465.625</ele>
        <time>2026-02-01T15:42:45Z</time>
      </trkpt>
      <trkpt lat="43.229245" lon="-2.568587">
        <ele>465.617</ele>
        <time>2026-02-01T15:42:46Z</time>
      </trkpt>
      <trkpt lat="43.229267" lon="-2.568567">
        <ele>465.809</ele>
        <time>2026-02-01T15:42:47Z</time>
      </trkpt>
      <trkpt lat="43.229292" lon="-2.568548">
        <ele>465.830</ele>
        <time>2026-02-01T15:42:48Z</time>
      </trkpt>
      <trkpt lat="43.229317" lon="-2.568537">
        <ele>466.092</ele>
        <time>2026-02-01T15:42:49Z</time>
      </trkpt>
      <trkpt lat="43.229343" lon="-2.568538">
        <ele>466.097</ele>
        <time>2026-02-01T15:42:50Z</time>
      </trkpt>
      <trkpt lat="43.229375" lon="-2.568539">
        <ele>466.078</ele>
        <time>2026-02-01T15:42:51Z</time>
      </trkpt>
      <trkpt lat="43.229406" lon="-2.568539">
        <ele>466.095</ele>
        <time>2026-02-01T15:42:52Z</time>
      </trkpt>
      <trkpt lat="43.229434" lon="-2.568547">
        <ele>466.250</ele>
        <time>2026-02-01T15:42:53Z</time>
      </trkpt>
      <trkpt lat="43.229462" lon="-2.568569">
        <ele>466.065</ele>
        <time>2026-02-01T15:42:54Z</time>
      </trkpt>
      <trkpt lat="43.229493" lon="-2.568601">
        <ele>465.854</ele>
        <time>2026-02-01T15:42:55Z</time>
      </trkpt>
      <trkpt lat="43.229519" lon="-2.568642">
        <ele>465.443</ele>
        <time>2026-02-01T15:42:56Z</time>
      </trkpt>
      <trkpt lat="43.229548" lon="-2.568695">
        <ele>465.086</ele>
        <time>2026-02-01T15:42:57Z</time>
      </trkpt>
      <trkpt lat="43.229573" lon="-2.568756">
        <ele>464.460</ele>
        <time>2026-02-01T15:42:58Z</time>
      </trkpt>
      <trkpt lat="43.229592" lon="-2.568823">
        <ele>463.826</ele>
        <time>2026-02-01T15:42:59Z</time>
      </trkpt>
      <trkpt lat="43.229610" lon="-2.568889">
        <ele>463.409</ele>
        <time>2026-02-01T15:43:00Z</time>
      </trkpt>
      <trkpt lat="43.229629" lon="-2.568951">
        <ele>463.270</ele>
        <time>2026-02-01T15:43:01Z</time>
      </trkpt>
      <trkpt lat="43.229649" lon="-2.569013">
        <ele>463.242</ele>
        <time>2026-02-01T15:43:02Z</time>
      </trkpt>
      <trkpt lat="43.229668" lon="-2.569075">
        <ele>463.297</ele>
        <time>2026-02-01T15:43:03Z</time>
      </trkpt>
      <trkpt lat="43.229685" lon="-2.569140">
        <ele>463.488</ele>
        <time>2026-02-01T15:43:04Z</time>
      </trkpt>
      <trkpt lat="43.229701" lon="-2.569205">
        <ele>463.885</ele>
        <time>2026-02-01T15:43:05Z</time>
      </trkpt>
      <trkpt lat="43.229728" lon="-2.569269">
        <ele>463.840</ele>
        <time>2026-02-01T15:43:06Z</time>
      </trkpt>
      <trkpt lat="43.229763" lon="-2.569323">
        <ele>463.895</ele>
        <time>2026-02-01T15:43:07Z</time>
      </trkpt>
      <trkpt lat="43.229806" lon="-2.569368">
        <ele>463.834</ele>
        <time>2026-02-01T15:43:08Z</time>
      </trkpt>
      <trkpt lat="43.229856" lon="-2.569395">
        <ele>463.863</ele>
        <time>2026-02-01T15:43:09Z</time>
      </trkpt>
      <trkpt lat="43.229911" lon="-2.569399">
        <ele>463.687</ele>
        <time>2026-02-01T15:43:10Z</time>
      </trkpt>
      <trkpt lat="43.229966" lon="-2.569384">
        <ele>463.642</ele>
        <time>2026-02-01T15:43:11Z</time>
      </trkpt>
      <trkpt lat="43.230007" lon="-2.569351">
        <ele>463.626</ele>
        <time>2026-02-01T15:43:12Z</time>
      </trkpt>
      <trkpt lat="43.230034" lon="-2.569310">
        <ele>464.009</ele>
        <time>2026-02-01T15:43:13Z</time>
      </trkpt>
      <trkpt lat="43.230051" lon="-2.569274">
        <ele>464.480</ele>
        <time>2026-02-01T15:43:14Z</time>
      </trkpt>
      <trkpt lat="43.230067" lon="-2.569241">
        <ele>465.032</ele>
        <time>2026-02-01T15:43:15Z</time>
      </trkpt>
      <trkpt lat="43.230081" lon="-2.569206">
        <ele>465.637</ele>
        <time>2026-02-01T15:43:16Z</time>
      </trkpt>
      <trkpt lat="43.230096" lon="-2.569172">
        <ele>465.858</ele>
        <time>2026-02-01T15:43:17Z</time>
      </trkpt>
      <trkpt lat="43.230114" lon="-2.569143">
        <ele>466.285</ele>
        <time>2026-02-01T15:43:18Z</time>
      </trkpt>
      <trkpt lat="43.230132" lon="-2.569117">
        <ele>466.670</ele>
        <time>2026-02-01T15:43:19Z</time>
      </trkpt>
      <trkpt lat="43.230146" lon="-2.569088">
        <ele>466.855</ele>
        <time>2026-02-01T15:43:20Z</time>
      </trkpt>
      <trkpt lat="43.230159" lon="-2.569057">
        <ele>467.044</ele>
        <time>2026-02-01T15:43:21Z</time>
      </trkpt>
      <trkpt lat="43.230168" lon="-2.569024">
        <ele>467.493</ele>
        <time>2026-02-01T15:43:22Z</time>
      </trkpt>
      <trkpt lat="43.230179" lon="-2.568992">
        <ele>467.673</ele>
        <time>2026-02-01T15:43:23Z</time>
      </trkpt>
      <trkpt lat="43.230195" lon="-2.568964">
        <ele>467.685</ele>
        <time>2026-02-01T15:43:24Z</time>
      </trkpt>
      <trkpt lat="43.230211" lon="-2.568934">
        <ele>467.813</ele>
        <time>2026-02-01T15:43:25Z</time>
      </trkpt>
      <trkpt lat="43.230229" lon="-2.568907">
        <ele>468.209</ele>
        <time>2026-02-01T15:43:26Z</time>
      </trkpt>
      <trkpt lat="43.230248" lon="-2.568878">
        <ele>468.649</ele>
        <time>2026-02-01T15:43:27Z</time>
      </trkpt>
      <trkpt lat="43.230267" lon="-2.568849">
        <ele>468.821</ele>
        <time>2026-02-01T15:43:28Z</time>
      </trkpt>
      <trkpt lat="43.230284" lon="-2.568819">
        <ele>469.016</ele>
        <time>2026-02-01T15:43:29Z</time>
      </trkpt>
      <trkpt lat="43.230299" lon="-2.568787">
        <ele>469.457</ele>
        <time>2026-02-01T15:43:30Z</time>
      </trkpt>
      <trkpt lat="43.230313" lon="-2.568759">
        <ele>469.654</ele>
        <time>2026-02-01T15:43:31Z</time>
      </trkpt>
      <trkpt lat="43.230328" lon="-2.568729">
        <ele>469.819</ele>
        <time>2026-02-01T15:43:32Z</time>
      </trkpt>
      <trkpt lat="43.230343" lon="-2.568705">
        <ele>470.014</ele>
        <time>2026-02-01T15:43:33Z</time>
      </trkpt>
      <trkpt lat="43.230358" lon="-2.568679">
        <ele>470.233</ele>
        <time>2026-02-01T15:43:34Z</time>
      </trkpt>
      <trkpt lat="43.230376" lon="-2.568650">
        <ele>470.452</ele>
        <time>2026-02-01T15:43:35Z</time>
      </trkpt>
      <trkpt lat="43.230392" lon="-2.568618">
        <ele>470.415</ele>
        <time>2026-02-01T15:43:36Z</time>
      </trkpt>
      <trkpt lat="43.230407" lon="-2.568591">
        <ele>470.665</ele>
        <time>2026-02-01T15:43:37Z</time>
      </trkpt>
      <trkpt lat="43.230424" lon="-2.568567">
        <ele>471.011</ele>
        <time>2026-02-01T15:43:38Z</time>
      </trkpt>
      <trkpt lat="43.230438" lon="-2.568542">
        <ele>471.209</ele>
        <time>2026-02-01T15:43:39Z</time>
      </trkpt>
      <trkpt lat="43.230451" lon="-2.568517">
        <ele>471.473</ele>
        <time>2026-02-01T15:43:40Z</time>
      </trkpt>
      <trkpt lat="43.230465" lon="-2.568493">
        <ele>471.625</ele>
        <time>2026-02-01T15:43:41Z</time>
      </trkpt>
      <trkpt lat="43.230484" lon="-2.568473">
        <ele>471.870</ele>
        <time>2026-02-01T15:43:42Z</time>
      </trkpt>
      <trkpt lat="43.230507" lon="-2.568455">
        <ele>472.071</ele>
        <time>2026-02-01T15:43:43Z</time>
      </trkpt>
      <trkpt lat="43.230528" lon="-2.568433">
        <ele>472.238</ele>
        <time>2026-02-01T15:43:44Z</time>
      </trkpt>
      <trkpt lat="43.230548" lon="-2.568416">
        <ele>472.473</ele>
        <time>2026-02-01T15:43:45Z</time>
      </trkpt>
      <trkpt lat="43.230571" lon="-2.568407">
        <ele>472.638</ele>
        <time>2026-02-01T15:43:46Z</time>
      </trkpt>
      <trkpt lat="43.230595" lon="-2.568400">
        <ele>472.887</ele>
        <time>2026-02-01T15:43:47Z</time>
      </trkpt>
      <trkpt lat="43.230618" lon="-2.568394">
        <ele>472.846</ele>
        <time>2026-02-01T15:43:48Z</time>
      </trkpt>
      <trkpt lat="43.230645" lon="-2.568390">
        <ele>473.055</ele>
        <time>2026-02-01T15:43:49Z</time>
      </trkpt>
      <trkpt lat="43.230669" lon="-2.568388">
        <ele>473.207</ele>
        <time>2026-02-01T15:43:50Z</time>
      </trkpt>
      <trkpt lat="43.230692" lon="-2.568388">
        <ele>473.217</ele>
        <time>2026-02-01T15:43:51Z</time>
      </trkpt>
      <trkpt lat="43.230718" lon="-2.568386">
        <ele>473.209</ele>
        <time>2026-02-01T15:43:52Z</time>
      </trkpt>
      <trkpt lat="43.230743" lon="-2.568387">
        <ele>473.447</ele>
        <time>2026-02-01T15:43:53Z</time>
      </trkpt>
      <trkpt lat="43.230770" lon="-2.568389">
        <ele>473.699</ele>
        <time>2026-02-01T15:43:54Z</time>
      </trkpt>
      <trkpt lat="43.230799" lon="-2.568396">
        <ele>473.634</ele>
        <time>2026-02-01T15:43:55Z</time>
      </trkpt>
      <trkpt lat="43.230829" lon="-2.568401">
        <ele>473.855</ele>
        <time>2026-02-01T15:43:56Z</time>
      </trkpt>
      <trkpt lat="43.230858" lon="-2.568401">
        <ele>474.072</ele>
        <time>2026-02-01T15:43:57Z</time>
      </trkpt>
      <trkpt lat="43.230886" lon="-2.568398">
        <ele>474.097</ele>
        <time>2026-02-01T15:43:58Z</time>
      </trkpt>
      <trkpt lat="43.230912" lon="-2.568393">
        <ele>474.252</ele>
        <time>2026-02-01T15:43:59Z</time>
      </trkpt>
      <trkpt lat="43.230940" lon="-2.568380">
        <ele>474.221</ele>
        <time>2026-02-01T15:44:00Z</time>
      </trkpt>
      <trkpt lat="43.230968" lon="-2.568360">
        <ele>474.260</ele>
        <time>2026-02-01T15:44:01Z</time>
      </trkpt>
      <trkpt lat="43.230993" lon="-2.568337">
        <ele>474.481</ele>
        <time>2026-02-01T15:44:02Z</time>
      </trkpt>
      <trkpt lat="43.231015" lon="-2.568316">
        <ele>474.861</ele>
        <time>2026-02-01T15:44:03Z</time>
      </trkpt>
      <trkpt lat="43.231039" lon="-2.568291">
        <ele>475.017</ele>
        <time>2026-02-01T15:44:04Z</time>
      </trkpt>
      <trkpt lat="43.231059" lon="-2.568268">
        <ele>475.409</ele>
        <time>2026-02-01T15:44:05Z</time>
      </trkpt>
      <trkpt lat="43.231075" lon="-2.568243">
        <ele>475.810</ele>
        <time>2026-02-01T15:44:06Z</time>
      </trkpt>
      <trkpt lat="43.231090" lon="-2.568214">
        <ele>476.292</ele>
        <time>2026-02-01T15:44:07Z</time>
      </trkpt>
      <trkpt lat="43.231107" lon="-2.568188">
        <ele>476.647</ele>
        <time>2026-02-01T15:44:08Z</time>
      </trkpt>
      <trkpt lat="43.231123" lon="-2.568162">
        <ele>477.048</ele>
        <time>2026-02-01T15:44:09Z</time>
      </trkpt>
      <trkpt lat="43.231135" lon="-2.568132">
        <ele>477.435</ele>
        <time>2026-02-01T15:44:10Z</time>
      </trkpt>
      <trkpt lat="43.231148" lon="-2.568102">
        <ele>477.650</ele>
        <time>2026-02-01T15:44:11Z</time>
      </trkpt>
      <trkpt lat="43.231163" lon="-2.568069">
        <ele>478.095</ele>
        <time>2026-02-01T15:44:12Z</time>
      </trkpt>
      <trkpt lat="43.231174" lon="-2.568036">
        <ele>478.214</ele>
        <time>2026-02-01T15:44:13Z</time>
      </trkpt>
      <trkpt lat="43.231190" lon="-2.568008">
        <ele>478.473</ele>
        <time>2026-02-01T15:44:14Z</time>
      </trkpt>
      <trkpt lat="43.231205" lon="-2.567981">
        <ele>478.623</ele>
        <time>2026-02-01T15:44:15Z</time>
      </trkpt>
      <trkpt lat="43.231220" lon="-2.567952">
        <ele>478.883</ele>
        <time>2026-02-01T15:44:16Z</time>
      </trkpt>
      <trkpt lat="43.231235" lon="-2.567923">
        <ele>479.211</ele>
        <time>2026-02-01T15:44:17Z</time>
      </trkpt>
      <trkpt lat="43.231251" lon="-2.567897">
        <ele>479.609</ele>
        <time>2026-02-01T15:44:18Z</time>
      </trkpt>
      <trkpt lat="43.231268" lon="-2.567866">
        <ele>479.864</ele>
        <time>2026-02-01T15:44:19Z</time>
      </trkpt>
      <trkpt lat="43.231284" lon="-2.567836">
        <ele>480.276</ele>
        <time>2026-02-01T15:44:20Z</time>
      </trkpt>
      <trkpt lat="43.231299" lon="-2.567812">
        <ele>480.461</ele>
        <time>2026-02-01T15:44:21Z</time>
      </trkpt>
      <trkpt lat="43.231317" lon="-2.567789">
        <ele>480.612</ele>
        <time>2026-02-01T15:44:22Z</time>
      </trkpt>
      <trkpt lat="43.231337" lon="-2.567763">
        <ele>480.819</ele>
        <time>2026-02-01T15:44:23Z</time>
      </trkpt>
      <trkpt lat="43.231354" lon="-2.567737">
        <ele>481.074</ele>
        <time>2026-02-01T15:44:24Z</time>
      </trkpt>
      <trkpt lat="43.231371" lon="-2.567705">
        <ele>481.019</ele>
        <time>2026-02-01T15:44:25Z</time>
      </trkpt>
      <trkpt lat="43.231388" lon="-2.567681">
        <ele>481.288</ele>
        <time>2026-02-01T15:44:26Z</time>
      </trkpt>
      <trkpt lat="43.231403" lon="-2.567651">
        <ele>481.677</ele>
        <time>2026-02-01T15:44:27Z</time>
      </trkpt>
      <trkpt lat="43.231417" lon="-2.567620">
        <ele>481.881</ele>
        <time>2026-02-01T15:44:28Z</time>
      </trkpt>
      <trkpt lat="43.231432" lon="-2.567588">
        <ele>482.061</ele>
        <time>2026-02-01T15:44:29Z</time>
      </trkpt>
      <trkpt lat="43.231442" lon="-2.567556">
        <ele>482.217</ele>
        <time>2026-02-01T15:44:30Z</time>
      </trkpt>
      <trkpt lat="43.231447" lon="-2.567520">
        <ele>482.409</ele>
        <time>2026-02-01T15:44:31Z</time>
      </trkpt>
      <trkpt lat="43.231453" lon="-2.567487">
        <ele>482.670</ele>
        <time>2026-02-01T15:44:32Z</time>
      </trkpt>
      <trkpt lat="43.231458" lon="-2.567451">
        <ele>482.812</ele>
        <time>2026-02-01T15:44:33Z</time>
      </trkpt>
      <trkpt lat="43.231463" lon="-2.567414">
        <ele>483.237</ele>
        <time>2026-02-01T15:44:34Z</time>
      </trkpt>
      <trkpt lat="43.231468" lon="-2.567379">
        <ele>483.468</ele>
        <time>2026-02-01T15:44:35Z</time>
      </trkpt>
      <trkpt lat="43.231472" lon="-2.567346">
        <ele>483.815</ele>
        <time>2026-02-01T15:44:36Z</time>
      </trkpt>
      <trkpt lat="43.231474" lon="-2.567310">
        <ele>484.230</ele>
        <time>2026-02-01T15:44:37Z</time>
      </trkpt>
      <trkpt lat="43.231474" lon="-2.567273">
        <ele>484.435</ele>
        <time>2026-02-01T15:44:38Z</time>
      </trkpt>
      <trkpt lat="43.231474" lon="-2.567238">
        <ele>484.824</ele>
        <time>2026-02-01T15:44:39Z</time>
      </trkpt>
      <trkpt lat="43.231479" lon="-2.567200">
        <ele>485.063</ele>
        <time>2026-02-01T15:44:40Z</time>
      </trkpt>
      <trkpt lat="43.231485" lon="-2.567161">
        <ele>485.447</ele>
        <time>2026-02-01T15:44:41Z</time>
      </trkpt>
      <trkpt lat="43.231491" lon="-2.567127">
        <ele>485.629</ele>
        <time>2026-02-01T15:44:42Z</time>
      </trkpt>
      <trkpt lat="43.231501" lon="-2.567090">
        <ele>486.021</ele>
        <time>2026-02-01T15:44:43Z</time>
      </trkpt>
      <trkpt lat="43.231507" lon="-2.567055">
        <ele>486.209</ele>
        <time>2026-02-01T15:44:44Z</time>
      </trkpt>
      <trkpt lat="43.231511" lon="-2.567020">
        <ele>486.616</ele>
        <time>2026-02-01T15:44:45Z</time>
      </trkpt>
      <trkpt lat="43.231515" lon="-2.566984">
        <ele>486.898</ele>
        <time>2026-02-01T15:44:46Z</time>
      </trkpt>
      <trkpt lat="43.231519" lon="-2.566948">
        <ele>487.043</ele>
        <time>2026-02-01T15:44:47Z</time>
      </trkpt>
      <trkpt lat="43.231521" lon="-2.566910">
        <ele>487.474</ele>
        <time>2026-02-01T15:44:48Z</time>
      </trkpt>
      <trkpt lat="43.231524" lon="-2.566879">
        <ele>487.681</ele>
        <time>2026-02-01T15:44:49Z</time>
      </trkpt>
      <trkpt lat="43.231531" lon="-2.566849">
        <ele>488.016</ele>
        <time>2026-02-01T15:44:50Z</time>
      </trkpt>
      <trkpt lat="43.231541" lon="-2.566819">
        <ele>488.411</ele>
        <time>2026-02-01T15:44:51Z</time>
      </trkpt>
      <trkpt lat="43.231552" lon="-2.566789">
        <ele>488.890</ele>
        <time>2026-02-01T15:44:52Z</time>
      </trkpt>
      <trkpt lat="43.231564" lon="-2.566759">
        <ele>489.059</ele>
        <time>2026-02-01T15:44:53Z</time>
      </trkpt>
      <trkpt lat="43.231581" lon="-2.566731">
        <ele>489.294</ele>
        <time>2026-02-01T15:44:54Z</time>
      </trkpt>
      <trkpt lat="43.231600" lon="-2.566707">
        <ele>489.457</ele>
        <time>2026-02-01T15:44:55Z</time>
      </trkpt>
      <trkpt lat="43.231616" lon="-2.566687">
        <ele>489.422</ele>
        <time>2026-02-01T15:44:56Z</time>
      </trkpt>
      <trkpt lat="43.231637" lon="-2.566663">
        <ele>489.609</ele>
        <time>2026-02-01T15:44:57Z</time>
      </trkpt>
      <trkpt lat="43.231659" lon="-2.566642">
        <ele>489.871</ele>
        <time>2026-02-01T15:44:58Z</time>
      </trkpt>
      <trkpt lat="43.231679" lon="-2.566619">
        <ele>490.053</ele>
        <time>2026-02-01T15:44:59Z</time>
      </trkpt>
      <trkpt lat="43.231698" lon="-2.566596">
        <ele>490.258</ele>
        <time>2026-02-01T15:45:00Z</time>
      </trkpt>
      <trkpt lat="43.231715" lon="-2.566571">
        <ele>490.429</ele>
        <time>2026-02-01T15:45:01Z</time>
      </trkpt>
      <trkpt lat="43.231733" lon="-2.566547">
        <ele>490.856</ele>
        <time>2026-02-01T15:45:02Z</time>
      </trkpt>
      <trkpt lat="43.231753" lon="-2.566521">
        <ele>491.211</ele>
        <time>2026-02-01T15:45:03Z</time>
      </trkpt>
      <trkpt lat="43.231773" lon="-2.566497">
        <ele>491.486</ele>
        <time>2026-02-01T15:45:04Z</time>
      </trkpt>
      <trkpt lat="43.231791" lon="-2.566471">
        <ele>491.675</ele>
        <time>2026-02-01T15:45:05Z</time>
      </trkpt>
      <trkpt lat="43.231808" lon="-2.566449">
        <ele>492.074</ele>
        <time>2026-02-01T15:45:06Z</time>
      </trkpt>
      <trkpt lat="43.231829" lon="-2.566426">
        <ele>492.261</ele>
        <time>2026-02-01T15:45:07Z</time>
      </trkpt>
      <trkpt lat="43.231852" lon="-2.566402">
        <ele>492.621</ele>
        <time>2026-02-01T15:45:08Z</time>
      </trkpt>
      <trkpt lat="43.231873" lon="-2.566380">
        <ele>492.813</ele>
        <time>2026-02-01T15:45:09Z</time>
      </trkpt>
      <trkpt lat="43.231893" lon="-2.566360">
        <ele>493.009</ele>
        <time>2026-02-01T15:45:10Z</time>
      </trkpt>
      <trkpt lat="43.231917" lon="-2.566348">
        <ele>493.248</ele>
        <time>2026-02-01T15:45:11Z</time>
      </trkpt>
      <trkpt lat="43.231943" lon="-2.566337">
        <ele>493.490</ele>
        <time>2026-02-01T15:45:12Z</time>
      </trkpt>
      <trkpt lat="43.231969" lon="-2.566329">
        <ele>493.615</ele>
        <time>2026-02-01T15:45:13Z</time>
      </trkpt>
      <trkpt lat="43.231996" lon="-2.566324">
        <ele>493.856</ele>
        <time>2026-02-01T15:45:14Z</time>
      </trkpt>
      <trkpt lat="43.232025" lon="-2.566320">
        <ele>493.823</ele>
        <time>2026-02-01T15:45:15Z</time>
      </trkpt>
      <trkpt lat="43.232055" lon="-2.566319">
        <ele>494.018</ele>
        <time>2026-02-01T15:45:16Z</time>
      </trkpt>
      <trkpt lat="43.232086" lon="-2.566319">
        <ele>494.083</ele>
        <time>2026-02-01T15:45:17Z</time>
      </trkpt>
      <trkpt lat="43.232117" lon="-2.566322">
        <ele>494.012</ele>
        <time>2026-02-01T15:45:18Z</time>
      </trkpt>
      <trkpt lat="43.232152" lon="-2.566321">
        <ele>493.831</ele>
        <time>2026-02-01T15:45:19Z</time>
      </trkpt>
      <trkpt lat="43.232190" lon="-2.566320">
        <ele>493.663</ele>
        <time>2026-02-01T15:45:20Z</time>
      </trkpt>
      <trkpt lat="43.232227" lon="-2.566320">
        <ele>493.444</ele>
        <time>2026-02-01T15:45:21Z</time>
      </trkpt>
      <trkpt lat="43.232265" lon="-2.566319">
        <ele>493.418</ele>
        <time>2026-02-01T15:45:22Z</time>
      </trkpt>
      <trkpt lat="43.232303" lon="-2.566320">
        <ele>493.409</ele>
        <time>2026-02-01T15:45:23Z</time>
      </trkpt>
      <trkpt lat="43.232338" lon="-2.566318">
        <ele>493.468</ele>
        <time>2026-02-01T15:45:24Z</time>
      </trkpt>
      <trkpt lat="43.232370" lon="-2.566311">
        <ele>493.410</ele>
        <time>2026-02-01T15:45:25Z</time>
      </trkpt>
      <trkpt lat="43.232404" lon="-2.566299">
        <ele>493.695</ele>
        <time>2026-02-01T15:45:26Z</time>
      </trkpt>
      <trkpt lat="43.232439" lon="-2.566286">
        <ele>493.896</ele>
        <time>2026-02-01T15:45:27Z</time>
      </trkpt>
      <trkpt lat="43.232472" lon="-2.566263">
        <ele>494.063</ele>
        <time>2026-02-01T15:45:28Z</time>
      </trkpt>
      <trkpt lat="43.232497" lon="-2.566242">
        <ele>494.228</ele>
        <time>2026-02-01T15:45:29Z</time>
      </trkpt>
      <trkpt lat="43.232521" lon="-2.566229">
        <ele>494.623</ele>
        <time>2026-02-01T15:45:30Z</time>
      </trkpt>
      <trkpt lat="43.232546" lon="-2.566212">
        <ele>494.872</ele>
        <time>2026-02-01T15:45:31Z</time>
      </trkpt>
      <trkpt lat="43.232568" lon="-2.566200">
        <ele>495.271</ele>
        <time>2026-02-01T15:45:32Z</time>
      </trkpt>
      <trkpt lat="43.232588" lon="-2.566179">
        <ele>495.446</ele>
        <time>2026-02-01T15:45:33Z</time>
      </trkpt>
      <trkpt lat="43.232606" lon="-2.566158">
        <ele>495.888</ele>
        <time>2026-02-01T15:45:34Z</time>
      </trkpt>
      <trkpt lat="43.232620" lon="-2.566139">
        <ele>496.016</ele>
        <time>2026-02-01T15:45:35Z</time>
      </trkpt>
      <trkpt lat="43.232633" lon="-2.566121">
        <ele>496.409</ele>
        <time>2026-02-01T15:45:36Z</time>
      </trkpt>
      <trkpt lat="43.232650" lon="-2.566103">
        <ele>497.026</ele>
        <time>2026-02-01T15:45:37Z</time>
      </trkpt>
      <trkpt lat="43.232665" lon="-2.566081">
        <ele>497.278</ele>
        <time>2026-02-01T15:45:38Z</time>
      </trkpt>
      <trkpt lat="43.232677" lon="-2.566060">
        <ele>497.423</ele>
        <time>2026-02-01T15:45:39Z</time>
      </trkpt>
      <trkpt lat="43.232699" lon="-2.566039">
        <ele>497.824</ele>
        <time>2026-02-01T15:45:40Z</time>
      </trkpt>
      <trkpt lat="43.232719" lon="-2.566022">
        <ele>498.021</ele>
        <time>2026-02-01T15:45:41Z</time>
      </trkpt>
      <trkpt lat="43.232741" lon="-2.566011">
        <ele>498.246</ele>
        <time>2026-02-01T15:45:42Z</time>
      </trkpt>
      <trkpt lat="43.232761" lon="-2.566012">
        <ele>498.621</ele>
        <time>2026-02-01T15:45:43Z</time>
      </trkpt>
      <trkpt lat="43.232781" lon="-2.566014">
        <ele>499.070</ele>
        <time>2026-02-01T15:45:44Z</time>
      </trkpt>
      <trkpt lat="43.232801" lon="-2.566024">
        <ele>499.689</ele>
        <time>2026-02-01T15:45:45Z</time>
      </trkpt>
      <trkpt lat="43.232817" lon="-2.566043">
        <ele>500.091</ele>
        <time>2026-02-01T15:45:46Z</time>
      </trkpt>
      <trkpt lat="43.232824" lon="-2.566068">
        <ele>500.481</ele>
        <time>2026-02-01T15:45:47Z</time>
      </trkpt>
      <trkpt lat="43.232828" lon="-2.566097">
        <ele>500.619</ele>
        <time>2026-02-01T15:45:48Z</time>
      </trkpt>
      <trkpt lat="43.232827" lon="-2.566125">
        <ele>500.809</ele>
        <time>2026-02-01T15:45:49Z</time>
      </trkpt>
      <trkpt lat="43.232814" lon="-2.566146">
        <ele>501.031</ele>
        <time>2026-02-01T15:45:50Z</time>
      </trkpt>
      <trkpt lat="43.232798" lon="-2.566166">
        <ele>501.493</ele>
        <time>2026-02-01T15:45:51Z</time>
      </trkpt>
      <trkpt lat="43.232781" lon="-2.566190">
        <ele>501.628</ele>
        <time>2026-02-01T15:45:52Z</time>
      </trkpt>
      <trkpt lat="43.232764" lon="-2.566212">
        <ele>501.619</ele>
        <time>2026-02-01T15:45:53Z</time>
      </trkpt>
      <trkpt lat="43.232748" lon="-2.566233">
        <ele>501.866</ele>
        <time>2026-02-01T15:45:54Z</time>
      </trkpt>
      <trkpt lat="43.232734" lon="-2.566255">
        <ele>501.891</ele>
        <time>2026-02-01T15:45:55Z</time>
      </trkpt>
      <trkpt lat="43.232717" lon="-2.566273">
        <ele>502.076</ele>
        <time>2026-02-01T15:45:56Z</time>
      </trkpt>
      <trkpt lat="43.232698" lon="-2.566297">
        <ele>502.265</ele>
        <time>2026-02-01T15:45:57Z</time>
      </trkpt>
      <trkpt lat="43.232682" lon="-2.566323">
        <ele>502.494</ele>
        <time>2026-02-01T15:45:58Z</time>
      </trkpt>
      <trkpt lat="43.232666" lon="-2.566348">
        <ele>502.879</ele>
        <time>2026-02-01T15:45:59Z</time>
      </trkpt>
      <trkpt lat="43.232651" lon="-2.566366">
        <ele>503.005</ele>
        <time>2026-02-01T15:46:00Z</time>
      </trkpt>
      <trkpt lat="43.232636" lon="-2.566380">
        <ele>503.225</ele>
        <time>2026-02-01T15:46:01Z</time>
      </trkpt>
      <trkpt lat="43.232621" lon="-2.566401">
        <ele>503.409</ele>
        <time>2026-02-01T15:46:02Z</time>
      </trkpt>
      <trkpt lat="43.232609" lon="-2.566419">
        <ele>503.629</ele>
        <time>2026-02-01T15:46:03Z</time>
      </trkpt>
      <trkpt lat="43.232593" lon="-2.566432">
        <ele>503.661</ele>
        <time>2026-02-01T15:46:04Z</time>
      </trkpt>
      <trkpt lat="43.232572" lon="-2.566447">
        <ele>503.826</ele>
        <time>2026-02-01T15:46:05Z</time>
      </trkpt>
      <trkpt lat="43.232553" lon="-2.566464">
        <ele>504.047</ele>
        <time>2026-02-01T15:46:06Z</time>
      </trkpt>
      <trkpt lat="43.232539" lon="-2.566488">
        <ele>504.434</ele>
        <time>2026-02-01T15:46:07Z</time>
      </trkpt>
      <trkpt lat="43.232527" lon="-2.566513">
        <ele>505.079</ele>
        <time>2026-02-01T15:46:08Z</time>
      </trkpt>
      <trkpt lat="43.232510" lon="-2.566530">
        <ele>505.464</ele>
        <time>2026-02-01T15:46:09Z</time>
      </trkpt>
      <trkpt lat="43.232494" lon="-2.566549">
        <ele>505.893</ele>
        <time>2026-02-01T15:46:10Z</time>
      </trkpt>
      <trkpt lat="43.232480" lon="-2.566566">
        <ele>506.262</ele>
        <time>2026-02-01T15:46:11Z</time>
      </trkpt>
      <trkpt lat="43.232464" lon="-2.566583">
        <ele>506.453</ele>
        <time>2026-02-01T15:46:12Z</time>
      </trkpt>
      <trkpt lat="43.232447" lon="-2.566600">
        <ele>506.404</ele>
        <time>2026-02-01T15:46:13Z</time>
      </trkpt>
      <trkpt lat="43.232427" lon="-2.566620">
        <ele>506.814</ele>
        <time>2026-02-01T15:46:14Z</time>
      </trkpt>
      <trkpt lat="43.232414" lon="-2.566639">
        <ele>507.009</ele>
        <time>2026-02-01T15:46:15Z</time>
      </trkpt>
      <trkpt lat="43.232400" lon="-2.566658">
        <ele>507.437</ele>
        <time>2026-02-01T15:46:16Z</time>
      </trkpt>
      <trkpt lat="43.232387" lon="-2.566678">
        <ele>507.889</ele>
        <time>2026-02-01T15:46:17Z</time>
      </trkpt>
      <trkpt lat="43.232373" lon="-2.566702">
        <ele>508.044</ele>
        <time>2026-02-01T15:46:18Z</time>
      </trkpt>
      <trkpt lat="43.232362" lon="-2.566732">
        <ele>508.435</ele>
        <time>2026-02-01T15:46:19Z</time>
      </trkpt>
      <trkpt lat="43.232352" lon="-2.566760">
        <ele>508.662</ele>
        <time>2026-02-01T15:46:20Z</time>
      </trkpt>
      <trkpt lat="43.232344" lon="-2.566786">
        <ele>508.627</ele>
        <time>2026-02-01T15:46:21Z</time>
      </trkpt>
      <trkpt lat="43.232339" lon="-2.566816">
        <ele>508.892</ele>
        <time>2026-02-01T15:46:22Z</time>
      </trkpt>
      <trkpt lat="43.232337" lon="-2.566845">
        <ele>508.811</ele>
        <time>2026-02-01T15:46:23Z</time>
      </trkpt>
      <trkpt lat="43.232336" lon="-2.566874">
        <ele>509.080</ele>
        <time>2026-02-01T15:46:24Z</time>
      </trkpt>
      <trkpt lat="43.232334" lon="-2.566900">
        <ele>509.298</ele>
        <time>2026-02-01T15:46:25Z</time>
      </trkpt>
      <trkpt lat="43.232334" lon="-2.566931">
        <ele>509.415</ele>
        <time>2026-02-01T15:46:26Z</time>
      </trkpt>
      <trkpt lat="43.232338" lon="-2.566959">
        <ele>509.626</ele>
        <time>2026-02-01T15:46:27Z</time>
      </trkpt>
      <trkpt lat="43.232341" lon="-2.566990">
        <ele>509.809</ele>
        <time>2026-02-01T15:46:28Z</time>
      </trkpt>
      <trkpt lat="43.232344" lon="-2.567017">
        <ele>510.091</ele>
        <time>2026-02-01T15:46:29Z</time>
      </trkpt>
      <trkpt lat="43.232348" lon="-2.567042">
        <ele>510.273</ele>
        <time>2026-02-01T15:46:30Z</time>
      </trkpt>
      <trkpt lat="43.232357" lon="-2.567071">
        <ele>510.448</ele>
        <time>2026-02-01T15:46:31Z</time>
      </trkpt>
      <trkpt lat="43.232364" lon="-2.567096">
        <ele>510.629</ele>
        <time>2026-02-01T15:46:32Z</time>
      </trkpt>
      <trkpt lat="43.232377" lon="-2.567122">
        <ele>510.876</ele>
        <time>2026-02-01T15:46:33Z</time>
      </trkpt>
      <trkpt lat="43.232383" lon="-2.567147">
        <ele>511.011</ele>
        <time>2026-02-01T15:46:34Z</time>
      </trkpt>
      <trkpt lat="43.232391" lon="-2.567173">
        <ele>511.066</ele>
        <time>2026-02-01T15:46:35Z</time>
      </trkpt>
      <trkpt lat="43.232395" lon="-2.567199">
        <ele>511.235</ele>
        <time>2026-02-01T15:46:36Z</time>
      </trkpt>
      <trkpt lat="43.232401" lon="-2.567226">
        <ele>511.654</ele>
        <time>2026-02-01T15:46:37Z</time>
      </trkpt>
      <trkpt lat="43.232408" lon="-2.567252">
        <ele>511.879</ele>
        <time>2026-02-01T15:46:38Z</time>
      </trkpt>
      <trkpt lat="43.232412" lon="-2.567280">
        <ele>512.005</ele>
        <time>2026-02-01T15:46:39Z</time>
      </trkpt>
      <trkpt lat="43.232418" lon="-2.567307">
        <ele>512.225</ele>
        <time>2026-02-01T15:46:40Z</time>
      </trkpt>
      <trkpt lat="43.232423" lon="-2.567333">
        <ele>512.609</ele>
        <time>2026-02-01T15:46:41Z</time>
      </trkpt>
      <trkpt lat="43.232428" lon="-2.567358">
        <ele>512.629</ele>
        <time>2026-02-01T15:46:42Z</time>
      </trkpt>
      <trkpt lat="43.232433" lon="-2.567386">
        <ele>512.871</ele>
        <time>2026-02-01T15:46:43Z</time>
      </trkpt>
      <trkpt lat="43.232434" lon="-2.567413">
        <ele>513.056</ele>
        <time>2026-02-01T15:46:44Z</time>
      </trkpt>
      <trkpt lat="43.232439" lon="-2.567444">
        <ele>513.497</ele>
        <time>2026-02-01T15:46:45Z</time>
      </trkpt>
      <trkpt lat="43.232443" lon="-2.567469">
        <ele>513.614</ele>
        <time>2026-02-01T15:46:46Z</time>
      </trkpt>
      <trkpt lat="43.232442" lon="-2.567494">
        <ele>513.829</ele>
        <time>2026-02-01T15:46:47Z</time>
      </trkpt>
      <trkpt lat="43.232440" lon="-2.567526">
        <ele>514.054</ele>
        <time>2026-02-01T15:46:48Z</time>
      </trkpt>
      <trkpt lat="43.232438" lon="-2.567553">
        <ele>514.293</ele>
        <time>2026-02-01T15:46:49Z</time>
      </trkpt>
      <trkpt lat="43.232436" lon="-2.567583">
        <ele>514.462</ele>
        <time>2026-02-01T15:46:50Z</time>
      </trkpt>
      <trkpt lat="43.232434" lon="-2.567608">
        <ele>514.475</ele>
        <time>2026-02-01T15:46:51Z</time>
      </trkpt>
      <trkpt lat="43.232429" lon="-2.567637">
        <ele>514.628</ele>
        <time>2026-02-01T15:46:52Z</time>
      </trkpt>
      <trkpt lat="43.232425" lon="-2.567665">
        <ele>514.820</ele>
        <time>2026-02-01T15:46:53Z</time>
      </trkpt>
      <trkpt lat="43.232424" lon="-2.567697">
        <ele>515.209</ele>
        <time>2026-02-01T15:46:54Z</time>
      </trkpt>
      <trkpt lat="43.232423" lon="-2.567727">
        <ele>515.479</ele>
        <time>2026-02-01T15:46:55Z</time>
      </trkpt>
      <trkpt lat="43.232418" lon="-2.567760">
        <ele>515.671</ele>
        <time>2026-02-01T15:46:56Z</time>
      </trkpt>
      <trkpt lat="43.232411" lon="-2.567788">
        <ele>516.026</ele>
        <time>2026-02-01T15:46:57Z</time>
      </trkpt>
      <trkpt lat="43.232407" lon="-2.567820">
        <ele>516.237</ele>
        <time>2026-02-01T15:46:58Z</time>
      </trkpt>
      <trkpt lat="43.232407" lon="-2.567853">
        <ele>516.654</ele>
        <time>2026-02-01T15:46:59Z</time>
      </trkpt>
      <trkpt lat="43.232407" lon="-2.567880">
        <ele>516.849</ele>
        <time>2026-02-01T15:47:00Z</time>
      </trkpt>
      <trkpt lat="43.232408" lon="-2.567909">
        <ele>517.054</ele>
        <time>2026-02-01T15:47:01Z</time>
      </trkpt>
      <trkpt lat="43.232409" lon="-2.567939">
        <ele>517.233</ele>
        <time>2026-02-01T15:47:02Z</time>
      </trkpt>
      <trkpt lat="43.232408" lon="-2.567968">
        <ele>517.492</ele>
        <time>2026-02-01T15:47:03Z</time>
      </trkpt>
      <trkpt lat="43.232407" lon="-2.568000">
        <ele>517.817</ele>
        <time>2026-02-01T15:47:04Z</time>
      </trkpt>
      <trkpt lat="43.232407" lon="-2.568029">
        <ele>518.287</ele>
        <time>2026-02-01T15:47:05Z</time>
      </trkpt>
      <trkpt lat="43.232407" lon="-2.568058">
        <ele>518.615</ele>
        <time>2026-02-01T15:47:06Z</time>
      </trkpt>
      <trkpt lat="43.232412" lon="-2.568092">
        <ele>518.809</ele>
        <time>2026-02-01T15:47:07Z</time>
      </trkpt>
      <trkpt lat="43.232417" lon="-2.568123">
        <ele>519.283</ele>
        <time>2026-02-01T15:47:08Z</time>
      </trkpt>
      <trkpt lat="43.232420" lon="-2.568153">
        <ele>519.675</ele>
        <time>2026-02-01T15:47:09Z</time>
      </trkpt>
      <trkpt lat="43.232423" lon="-2.568180">
        <ele>520.030</ele>
        <time>2026-02-01T15:47:10Z</time>
      </trkpt>
      <trkpt lat="43.232426" lon="-2.568211">
        <ele>520.411</ele>
        <time>2026-02-01T15:47:11Z</time>
      </trkpt>
      <trkpt lat="43.232431" lon="-2.568241">
        <ele>520.868</ele>
        <time>2026-02-01T15:47:12Z</time>
      </trkpt>
      <trkpt lat="43.232438" lon="-2.568268">
        <ele>521.093</ele>
        <time>2026-02-01T15:47:13Z</time>
      </trkpt>
      <trkpt lat="43.232442" lon="-2.568293">
        <ele>521.468</ele>
        <time>2026-02-01T15:47:14Z</time>
      </trkpt>
      <trkpt lat="43.232444" lon="-2.568321">
        <ele>521.617</ele>
        <time>2026-02-01T15:47:15Z</time>
      </trkpt>
      <trkpt lat="43.232448" lon="-2.568355">
        <ele>522.076</ele>
        <time>2026-02-01T15:47:16Z</time>
      </trkpt>
      <trkpt lat="43.232455" lon="-2.568384">
        <ele>522.277</ele>
        <time>2026-02-01T15:47:17Z</time>
      </trkpt>
      <trkpt lat="43.232462" lon="-2.568407">
        <ele>522.661</ele>
        <time>2026-02-01T15:47:18Z</time>
      </trkpt>
      <trkpt lat="43.232470" lon="-2.568436">
        <ele>522.827</ele>
        <time>2026-02-01T15:47:19Z</time>
      </trkpt>
      <trkpt lat="43.232476" lon="-2.568465">
        <ele>523.009</ele>
        <time>2026-02-01T15:47:20Z</time>
      </trkpt>
      <trkpt lat="43.232481" lon="-2.568494">
        <ele>523.279</ele>
        <time>2026-02-01T15:47:21Z</time>
      </trkpt>
      <trkpt lat="43.232491" lon="-2.568519">
        <ele>523.421</ele>
        <time>2026-02-01T15:47:22Z</time>
      </trkpt>
      <trkpt lat="43.232500" lon="-2.568544">
        <ele>523.456</ele>
        <time>2026-02-01T15:47:23Z</time>
      </trkpt>
      <trkpt lat="43.232505" lon="-2.568569">
        <ele>523.687</ele>
        <time>2026-02-01T15:47:24Z</time>
      </trkpt>
      <trkpt lat="43.232510" lon="-2.568593">
        <ele>523.874</ele>
        <time>2026-02-01T15:47:25Z</time>
      </trkpt>
      <trkpt lat="43.232517" lon="-2.568622">
        <ele>524.239</ele>
        <time>2026-02-01T15:47:26Z</time>
      </trkpt>
      <trkpt lat="43.232526" lon="-2.568651">
        <ele>524.454</ele>
        <time>2026-02-01T15:47:27Z</time>
      </trkpt>
      <trkpt lat="43.232533" lon="-2.568681">
        <ele>524.673</ele>
        <time>2026-02-01T15:47:28Z</time>
      </trkpt>
      <trkpt lat="43.232537" lon="-2.568712">
        <ele>524.862</ele>
        <time>2026-02-01T15:47:29Z</time>
      </trkpt>
      <trkpt lat="43.232543" lon="-2.568743">
        <ele>525.089</ele>
        <time>2026-02-01T15:47:30Z</time>
      </trkpt>
      <trkpt lat="43.232547" lon="-2.568773">
        <ele>525.206</ele>
        <time>2026-02-01T15:47:31Z</time>
      </trkpt>
      <trkpt lat="43.232551" lon="-2.568801">
        <ele>525.426</ele>
        <time>2026-02-01T15:47:32Z</time>
      </trkpt>
      <trkpt lat="43.232556" lon="-2.568828">
        <ele>525.609</ele>
        <time>2026-02-01T15:47:33Z</time>
      </trkpt>
      <trkpt lat="43.232559" lon="-2.568855">
        <ele>525.810</ele>
        <time>2026-02-01T15:47:34Z</time>
      </trkpt>
      <trkpt lat="43.232560" lon="-2.568884">
        <ele>525.852</ele>
        <time>2026-02-01T15:47:35Z</time>
      </trkpt>
      <trkpt lat="43.232559" lon="-2.568912">
        <ele>526.027</ele>
        <time>2026-02-01T15:47:36Z</time>
      </trkpt>
      <trkpt lat="43.232558" lon="-2.568949">
        <ele>526.248</ele>
        <time>2026-02-01T15:47:37Z</time>
      </trkpt>
      <trkpt lat="43.232560" lon="-2.568982">
        <ele>526.425</ele>
        <time>2026-02-01T15:47:38Z</time>
      </trkpt>
      <trkpt lat="43.232565" lon="-2.569010">
        <ele>526.820</ele>
        <time>2026-02-01T15:47:39Z</time>
      </trkpt>
      <trkpt lat="43.232569" lon="-2.569043">
        <ele>527.025</ele>
        <time>2026-02-01T15:47:40Z</time>
      </trkpt>
      <trkpt lat="43.232568" lon="-2.569074">
        <ele>527.274</ele>
        <time>2026-02-01T15:47:41Z</time>
      </trkpt>
      <trkpt lat="43.232564" lon="-2.569105">
        <ele>527.633</ele>
        <time>2026-02-01T15:47:42Z</time>
      </trkpt>
      <trkpt lat="43.232561" lon="-2.569137">
        <ele>527.844</ele>
        <time>2026-02-01T15:47:43Z</time>
      </trkpt>
      <trkpt lat="43.232560" lon="-2.569163">
        <ele>528.205</ele>
        <time>2026-02-01T15:47:44Z</time>
      </trkpt>
      <trkpt lat="43.232561" lon="-2.569199">
        <ele>528.615</ele>
        <time>2026-02-01T15:47:45Z</time>
      </trkpt>
      <trkpt lat="43.232563" lon="-2.569231">
        <ele>529.009</ele>
        <time>2026-02-01T15:47:46Z</time>
      </trkpt>
      <trkpt lat="43.232568" lon="-2.569260">
        <ele>529.456</ele>
        <time>2026-02-01T15:47:47Z</time>
      </trkpt>
      <trkpt lat="43.232571" lon="-2.569288">
        <ele>529.648</ele>
        <time>2026-02-01T15:47:48Z</time>
      </trkpt>
      <trkpt lat="43.232572" lon="-2.569314">
        <ele>529.833</ele>
        <time>2026-02-01T15:47:49Z</time>
      </trkpt>
      <trkpt lat="43.232572" lon="-2.569344">
        <ele>530.234</ele>
        <time>2026-02-01T15:47:50Z</time>
      </trkpt>
      <trkpt lat="43.232575" lon="-2.569374">
        <ele>530.461</ele>
        <time>2026-02-01T15:47:51Z</time>
      </trkpt>
      <trkpt lat="43.232579" lon="-2.569405">
        <ele>530.896</ele>
        <time>2026-02-01T15:47:52Z</time>
      </trkpt>
      <trkpt lat="43.232586" lon="-2.569441">
        <ele>531.261</ele>
        <time>2026-02-01T15:47:53Z</time>
      </trkpt>
      <trkpt lat="43.232593" lon="-2.569470">
        <ele>531.220</ele>
        <time>2026-02-01T15:47:54Z</time>
      </trkpt>
      <trkpt lat="43.232591" lon="-2.569499">
        <ele>531.459</ele>
        <time>2026-02-01T15:47:55Z</time>
      </trkpt>
      <trkpt lat="43.232584" lon="-2.569533">
        <ele>531.852</ele>
        <time>2026-02-01T15:47:56Z</time>
      </trkpt>
      <trkpt lat="43.232586" lon="-2.569562">
        <ele>532.053</ele>
        <time>2026-02-01T15:47:57Z</time>
      </trkpt>
      <trkpt lat="43.232590" lon="-2.569591">
        <ele>532.408</ele>
        <time>2026-02-01T15:47:58Z</time>
      </trkpt>
      <trkpt lat="43.232591" lon="-2.569618">
        <ele>532.809</ele>
        <time>2026-02-01T15:47:59Z</time>
      </trkpt>
      <trkpt lat="43.232596" lon="-2.569647">
        <ele>533.427</ele>
        <time>2026-02-01T15:48:00Z</time>
      </trkpt>
      <trkpt lat="43.232601" lon="-2.569677">
        <ele>533.639</ele>
        <time>2026-02-01T15:48:01Z</time>
      </trkpt>
      <trkpt lat="43.232605" lon="-2.569706">
        <ele>533.894</ele>
        <time>2026-02-01T15:48:02Z</time>
      </trkpt>
      <trkpt lat="43.232609" lon="-2.569734">
        <ele>534.055</ele>
        <time>2026-02-01T15:48:03Z</time>
      </trkpt>
      <trkpt lat="43.232617" lon="-2.569764">
        <ele>534.082</ele>
        <time>2026-02-01T15:48:04Z</time>
      </trkpt>
      <trkpt lat="43.232624" lon="-2.569791">
        <ele>534.447</ele>
        <time>2026-02-01T15:48:05Z</time>
      </trkpt>
      <trkpt lat="43.232630" lon="-2.569822">
        <ele>534.642</ele>
        <time>2026-02-01T15:48:06Z</time>
      </trkpt>
      <trkpt lat="43.232636" lon="-2.569851">
        <ele>535.061</ele>
        <time>2026-02-01T15:48:07Z</time>
      </trkpt>
      <trkpt lat="43.232644" lon="-2.569882">
        <ele>535.460</ele>
        <time>2026-02-01T15:48:08Z</time>
      </trkpt>
      <trkpt lat="43.232653" lon="-2.569914">
        <ele>535.639</ele>
        <time>2026-02-01T15:48:09Z</time>
      </trkpt>
      <trkpt lat="43.232658" lon="-2.569945">
        <ele>535.801</ele>
        <time>2026-02-01T15:48:10Z</time>
      </trkpt>
      <trkpt lat="43.232662" lon="-2.569975">
        <ele>535.821</ele>
        <time>2026-02-01T15:48:11Z</time>
      </trkpt>
      <trkpt lat="43.232665" lon="-2.570001">
        <ele>535.809</ele>
        <time>2026-02-01T15:48:12Z</time>
      </trkpt>
      <trkpt lat="43.232669" lon="-2.570034">
        <ele>536.075</ele>
        <time>2026-02-01T15:48:13Z</time>
      </trkpt>
      <trkpt lat="43.232677" lon="-2.570064">
        <ele>536.237</ele>
        <time>2026-02-01T15:48:14Z</time>
      </trkpt>
      <trkpt lat="43.232684" lon="-2.570095">
        <ele>536.252</ele>
        <time>2026-02-01T15:48:15Z</time>
      </trkpt>
      <trkpt lat="43.232690" lon="-2.570124">
        <ele>536.433</ele>
        <time>2026-02-01T15:48:16Z</time>
      </trkpt>
      <trkpt lat="43.232696" lon="-2.570156">
        <ele>536.680</ele>
        <time>2026-02-01T15:48:17Z</time>
      </trkpt>
      <trkpt lat="43.232697" lon="-2.570188">
        <ele>536.835</ele>
        <time>2026-02-01T15:48:18Z</time>
      </trkpt>
      <trkpt lat="43.232699" lon="-2.570220">
        <ele>537.060</ele>
        <time>2026-02-01T15:48:19Z</time>
      </trkpt>
      <trkpt lat="43.232702" lon="-2.570249">
        <ele>537.249</ele>
        <time>2026-02-01T15:48:20Z</time>
      </trkpt>
      <trkpt lat="43.232702" lon="-2.570281">
        <ele>537.468</ele>
        <time>2026-02-01T15:48:21Z</time>
      </trkpt>
      <trkpt lat="43.232703" lon="-2.570312">
        <ele>537.649</ele>
        <time>2026-02-01T15:48:22Z</time>
      </trkpt>
      <trkpt lat="43.232702" lon="-2.570341">
        <ele>538.002</ele>
        <time>2026-02-01T15:48:23Z</time>
      </trkpt>
      <trkpt lat="43.232698" lon="-2.570372">
        <ele>538.422</ele>
        <time>2026-02-01T15:48:24Z</time>
      </trkpt>
      <trkpt lat="43.232692" lon="-2.570403">
        <ele>538.809</ele>
        <time>2026-02-01T15:48:25Z</time>
      </trkpt>
      <trkpt lat="43.232688" lon="-2.570434">
        <ele>539.226</ele>
        <time>2026-02-01T15:48:26Z</time>
      </trkpt>
      <trkpt lat="43.232690" lon="-2.570463">
        <ele>539.658</ele>
        <time>2026-02-01T15:48:27Z</time>
      </trkpt>
      <trkpt lat="43.232688" lon="-2.570494">
        <ele>540.293</ele>
        <time>2026-02-01T15:48:28Z</time>
      </trkpt>
      <trkpt lat="43.232687" lon="-2.570526">
        <ele>540.694</ele>
        <time>2026-02-01T15:48:29Z</time>
      </trkpt>
      <trkpt lat="43.232684" lon="-2.570556">
        <ele>541.071</ele>
        <time>2026-02-01T15:48:30Z</time>
      </trkpt>
      <trkpt lat="43.232683" lon="-2.570584">
        <ele>541.226</ele>
        <time>2026-02-01T15:48:31Z</time>
      </trkpt>
      <trkpt lat="43.232683" lon="-2.570613">
        <ele>541.631</ele>
        <time>2026-02-01T15:48:32Z</time>
      </trkpt>
      <trkpt lat="43.232682" lon="-2.570643">
        <ele>542.030</ele>
        <time>2026-02-01T15:48:33Z</time>
      </trkpt>
      <trkpt lat="43.232678" lon="-2.570677">
        <ele>542.679</ele>
        <time>2026-02-01T15:48:34Z</time>
      </trkpt>
      <trkpt lat="43.232678" lon="-2.570715">
        <ele>542.874</ele>
        <time>2026-02-01T15:48:35Z</time>
      </trkpt>
      <trkpt lat="43.232679" lon="-2.570752">
        <ele>543.056</ele>
        <time>2026-02-01T15:48:36Z</time>
      </trkpt>
      <trkpt lat="43.232675" lon="-2.570795">
        <ele>543.221</ele>
        <time>2026-02-01T15:48:37Z</time>
      </trkpt>
      <trkpt lat="43.232670" lon="-2.570840">
        <ele>543.209</ele>
        <time>2026-02-01T15:48:38Z</time>
      </trkpt>
      <trkpt lat="43.232666" lon="-2.570893">
        <ele>543.229</ele>
        <time>2026-02-01T15:48:39Z</time>
      </trkpt>
      <trkpt lat="43.232657" lon="-2.570953">
        <ele>543.281</ele>
        <time>2026-02-01T15:48:40Z</time>
      </trkpt>
      <trkpt lat="43.232645" lon="-2.571017">
        <ele>542.856</ele>
        <time>2026-02-01T15:48:41Z</time>
      </trkpt>
      <trkpt lat="43.232641" lon="-2.571085">
        <ele>542.497</ele>
        <time>2026-02-01T15:48:42Z</time>
      </trkpt>
      <trkpt lat="43.232635" lon="-2.571156">
        <ele>542.254</ele>
        <time>2026-02-01T15:48:43Z</time>
      </trkpt>
      <trkpt lat="43.232631" lon="-2.571228">
        <ele>541.819</ele>
        <time>2026-02-01T15:48:44Z</time>
      </trkpt>
      <trkpt lat="43.232630" lon="-2.571305">
        <ele>541.654</ele>
        <time>2026-02-01T15:48:45Z</time>
      </trkpt>
      <trkpt lat="43.232627" lon="-2.571382">
        <ele>541.243</ele>
        <time>2026-02-01T15:48:46Z</time>
      </trkpt>
      <trkpt lat="43.232622" lon="-2.571468">
        <ele>540.832</ele>
        <time>2026-02-01T15:48:47Z</time>
      </trkpt>
      <trkpt lat="43.232609" lon="-2.571557">
        <ele>540.468</ele>
        <time>2026-02-01T15:48:48Z</time>
      </trkpt>
      <trkpt lat="43.232589" lon="-2.571650">
        <ele>539.642</ele>
        <time>2026-02-01T15:48:49Z</time>
      </trkpt>
      <trkpt lat="43.232549" lon="-2.571734">
        <ele>538.826</ele>
        <time>2026-02-01T15:48:50Z</time>
      </trkpt>
      <trkpt lat="43.232499" lon="-2.571815">
        <ele>538.209</ele>
        <time>2026-02-01T15:48:51Z</time>
      </trkpt>
      <trkpt lat="43.232453" lon="-2.571896">
        <ele>537.628</ele>
        <time>2026-02-01T15:48:52Z</time>
      </trkpt>
      <trkpt lat="43.232407" lon="-2.571979">
        <ele>537.260</ele>
        <time>2026-02-01T15:48:53Z</time>
      </trkpt>
      <trkpt lat="43.232362" lon="-2.572058">
        <ele>536.865</ele>
        <time>2026-02-01T15:48:54Z</time>
      </trkpt>
      <trkpt lat="43.232317" lon="-2.572139">
        <ele>536.676</ele>
        <time>2026-02-01T15:48:55Z</time>
      </trkpt>
      <trkpt lat="43.232268" lon="-2.572221">
        <ele>536.053</ele>
        <time>2026-02-01T15:48:56Z</time>
      </trkpt>
      <trkpt lat="43.232218" lon="-2.572305">
        <ele>535.648</ele>
        <time>2026-02-01T15:48:57Z</time>
      </trkpt>
      <trkpt lat="43.232165" lon="-2.572389">
        <ele>535.023</ele>
        <time>2026-02-01T15:48:58Z</time>
      </trkpt>
      <trkpt lat="43.232103" lon="-2.572475">
        <ele>534.252</ele>
        <time>2026-02-01T15:48:59Z</time>
      </trkpt>
      <trkpt lat="43.232036" lon="-2.572564">
        <ele>533.431</ele>
        <time>2026-02-01T15:49:00Z</time>
      </trkpt>
      <trkpt lat="43.231966" lon="-2.572650">
        <ele>532.681</ele>
        <time>2026-02-01T15:49:01Z</time>
      </trkpt>
      <trkpt lat="43.231894" lon="-2.572730">
        <ele>532.061</ele>
        <time>2026-02-01T15:49:02Z</time>
      </trkpt>
      <trkpt lat="43.231817" lon="-2.572807">
        <ele>531.617</ele>
        <time>2026-02-01T15:49:03Z</time>
      </trkpt>
      <trkpt lat="43.231755" lon="-2.572883">
        <ele>531.609</ele>
        <time>2026-02-01T15:49:04Z</time>
      </trkpt>
      <trkpt lat="43.231712" lon="-2.572952">
        <ele>531.620</ele>
        <time>2026-02-01T15:49:05Z</time>
      </trkpt>
      <trkpt lat="43.231698" lon="-2.573015">
        <ele>531.842</ele>
        <time>2026-02-01T15:49:06Z</time>
      </trkpt>
      <trkpt lat="43.231726" lon="-2.573057">
        <ele>532.067</ele>
        <time>2026-02-01T15:49:07Z</time>
      </trkpt>
      <trkpt lat="43.231769" lon="-2.573061">
        <ele>532.028</ele>
        <time>2026-02-01T15:49:08Z</time>
      </trkpt>
      <trkpt lat="43.231811" lon="-2.573064">
        <ele>532.085</ele>
        <time>2026-02-01T15:49:09Z</time>
      </trkpt>
      <trkpt lat="43.231863" lon="-2.573073">
        <ele>531.040</ele>
        <time>2026-02-01T15:49:10Z</time>
      </trkpt>
      <trkpt lat="43.231929" lon="-2.573090">
        <ele>529.435</ele>
        <time>2026-02-01T15:49:11Z</time>
      </trkpt>
      <trkpt lat="43.232008" lon="-2.573113">
        <ele>527.884</ele>
        <time>2026-02-01T15:49:12Z</time>
      </trkpt>
      <trkpt lat="43.232097" lon="-2.573140">
        <ele>526.013</ele>
        <time>2026-02-01T15:49:13Z</time>
      </trkpt>
      <trkpt lat="43.232196" lon="-2.573175">
        <ele>523.833</ele>
        <time>2026-02-01T15:49:14Z</time>
      </trkpt>
      <trkpt lat="43.232304" lon="-2.573216">
        <ele>521.823</ele>
        <time>2026-02-01T15:49:15Z</time>
      </trkpt>
      <trkpt lat="43.232420" lon="-2.573254">
        <ele>519.815</ele>
        <time>2026-02-01T15:49:16Z</time>
      </trkpt>
      <trkpt lat="43.232543" lon="-2.573281">
        <ele>517.809</ele>
        <time>2026-02-01T15:49:17Z</time>
      </trkpt>
      <trkpt lat="43.232671" lon="-2.573296">
        <ele>515.855</ele>
        <time>2026-02-01T15:49:18Z</time>
      </trkpt>
      <trkpt lat="43.232807" lon="-2.573309">
        <ele>513.257</ele>
        <time>2026-02-01T15:49:19Z</time>
      </trkpt>
      <trkpt lat="43.232946" lon="-2.573327">
        <ele>510.612</ele>
        <time>2026-02-01T15:49:20Z</time>
      </trkpt>
      <trkpt lat="43.233091" lon="-2.573354">
        <ele>508.293</ele>
        <time>2026-02-01T15:49:21Z</time>
      </trkpt>
      <trkpt lat="43.233239" lon="-2.573386">
        <ele>505.620</ele>
        <time>2026-02-01T15:49:22Z</time>
      </trkpt>
      <trkpt lat="43.233382" lon="-2.573415">
        <ele>503.695</ele>
        <time>2026-02-01T15:49:23Z</time>
      </trkpt>
      <trkpt lat="43.233515" lon="-2.573442">
        <ele>502.060</ele>
        <time>2026-02-01T15:49:24Z</time>
      </trkpt>
      <trkpt lat="43.233638" lon="-2.573475">
        <ele>500.439</ele>
        <time>2026-02-01T15:49:25Z</time>
      </trkpt>
      <trkpt lat="43.233750" lon="-2.573518">
        <ele>499.228</ele>
        <time>2026-02-01T15:49:26Z</time>
      </trkpt>
      <trkpt lat="43.233857" lon="-2.573558">
        <ele>498.499</ele>
        <time>2026-02-01T15:49:27Z</time>
      </trkpt>
      <trkpt lat="43.233975" lon="-2.573575">
        <ele>496.807</ele>
        <time>2026-02-01T15:49:28Z</time>
      </trkpt>
      <trkpt lat="43.234099" lon="-2.573579">
        <ele>494.827</ele>
        <time>2026-02-01T15:49:29Z</time>
      </trkpt>
      <trkpt lat="43.234233" lon="-2.573584">
        <ele>493.209</ele>
        <time>2026-02-01T15:49:30Z</time>
      </trkpt>
      <trkpt lat="43.234367" lon="-2.573598">
        <ele>489.871</ele>
        <time>2026-02-01T15:49:31Z</time>
      </trkpt>
      <trkpt lat="43.234489" lon="-2.573608">
        <ele>486.633</ele>
        <time>2026-02-01T15:49:32Z</time>
      </trkpt>
      <trkpt lat="43.234600" lon="-2.573608">
        <ele>484.238</ele>
        <time>2026-02-01T15:49:33Z</time>
      </trkpt>
      <trkpt lat="43.234693" lon="-2.573586">
        <ele>482.489</ele>
        <time>2026-02-01T15:49:34Z</time>
      </trkpt>
      <trkpt lat="43.234772" lon="-2.573529">
        <ele>481.646</ele>
        <time>2026-02-01T15:49:35Z</time>
      </trkpt>
      <trkpt lat="43.234841" lon="-2.573445">
        <ele>481.061</ele>
        <time>2026-02-01T15:49:36Z</time>
      </trkpt>
      <trkpt lat="43.234910" lon="-2.573365">
        <ele>480.266</ele>
        <time>2026-02-01T15:49:37Z</time>
      </trkpt>
      <trkpt lat="43.234986" lon="-2.573286">
        <ele>478.835</ele>
        <time>2026-02-01T15:49:38Z</time>
      </trkpt>
      <trkpt lat="43.235074" lon="-2.573204">
        <ele>477.214</ele>
        <time>2026-02-01T15:49:39Z</time>
      </trkpt>
      <trkpt lat="43.235176" lon="-2.573139">
        <ele>476.095</ele>
        <time>2026-02-01T15:49:40Z</time>
      </trkpt>
      <trkpt lat="43.235284" lon="-2.573096">
        <ele>474.449</ele>
        <time>2026-02-01T15:49:41Z</time>
      </trkpt>
      <trkpt lat="43.235394" lon="-2.573054">
        <ele>472.823</ele>
        <time>2026-02-01T15:49:42Z</time>
      </trkpt>
      <trkpt lat="43.235504" lon="-2.573007">
        <ele>471.409</ele>
        <time>2026-02-01T15:49:43Z</time>
      </trkpt>
      <trkpt lat="43.235621" lon="-2.572973">
        <ele>471.281</ele>
        <time>2026-02-01T15:49:44Z</time>
      </trkpt>
      <trkpt lat="43.235736" lon="-2.572950">
        <ele>470.853</ele>
        <time>2026-02-01T15:49:45Z</time>
      </trkpt>
      <trkpt lat="43.235849" lon="-2.572944">
        <ele>470.868</ele>
        <time>2026-02-01T15:49:46Z</time>
      </trkpt>
      <trkpt lat="43.235956" lon="-2.572919">
        <ele>470.439</ele>
        <time>2026-02-01T15:49:47Z</time>
      </trkpt>
      <trkpt lat="43.236060" lon="-2.572871">
        <ele>469.866</ele>
        <time>2026-02-01T15:49:48Z</time>
      </trkpt>
      <trkpt lat="43.236153" lon="-2.572819">
        <ele>468.441</ele>
        <time>2026-02-01T15:49:49Z</time>
      </trkpt>
      <trkpt lat="43.236236" lon="-2.572767">
        <ele>466.896</ele>
        <time>2026-02-01T15:49:50Z</time>
      </trkpt>
      <trkpt lat="43.236310" lon="-2.572728">
        <ele>465.045</ele>
        <time>2026-02-01T15:49:51Z</time>
      </trkpt>
      <trkpt lat="43.236377" lon="-2.572716">
        <ele>464.674</ele>
        <time>2026-02-01T15:49:52Z</time>
      </trkpt>
      <trkpt lat="43.236430" lon="-2.572753">
        <ele>462.859</ele>
        <time>2026-02-01T15:49:53Z</time>
      </trkpt>
      <trkpt lat="43.236466" lon="-2.572777">
        <ele>461.803</ele>
        <time>2026-02-01T15:49:54Z</time>
      </trkpt>
      <trkpt lat="43.236467" lon="-2.572796">
        <ele>461.223</ele>
        <time>2026-02-01T15:49:55Z</time>
      </trkpt>
      <trkpt lat="43.236444" lon="-2.572820">
        <ele>461.009</ele>
        <time>2026-02-01T15:49:56Z</time>
      </trkpt>
      <trkpt lat="43.236419" lon="-2.572843">
        <ele>460.867</ele>
        <time>2026-02-01T15:49:57Z</time>
      </trkpt>
      <trkpt lat="43.236393" lon="-2.572872">
        <ele>460.699</ele>
        <time>2026-02-01T15:49:58Z</time>
      </trkpt>
      <trkpt lat="43.236358" lon="-2.572918">
        <ele>460.074</ele>
        <time>2026-02-01T15:49:59Z</time>
      </trkpt>
      <trkpt lat="43.236329" lon="-2.572983">
        <ele>459.425</ele>
        <time>2026-02-01T15:50:00Z</time>
      </trkpt>
      <trkpt lat="43.236322" lon="-2.573056">
        <ele>458.852</ele>
        <time>2026-02-01T15:50:01Z</time>
      </trkpt>
      <trkpt lat="43.236343" lon="-2.573129">
        <ele>458.057</ele>
        <time>2026-02-01T15:50:02Z</time>
      </trkpt>
      <trkpt lat="43.236388" lon="-2.573178">
        <ele>456.812</ele>
        <time>2026-02-01T15:50:03Z</time>
      </trkpt>
      <trkpt lat="43.236451" lon="-2.573178">
        <ele>455.881</ele>
        <time>2026-02-01T15:50:04Z</time>
      </trkpt>
      <trkpt lat="43.236519" lon="-2.573145">
        <ele>454.830</ele>
        <time>2026-02-01T15:50:05Z</time>
      </trkpt>
      <trkpt lat="43.236588" lon="-2.573090">
        <ele>453.436</ele>
        <time>2026-02-01T15:50:06Z</time>
      </trkpt>
      <trkpt lat="43.236666" lon="-2.573019">
        <ele>451.617</ele>
        <time>2026-02-01T15:50:07Z</time>
      </trkpt>
      <trkpt lat="43.236750" lon="-2.572926">
        <ele>449.218</ele>
        <time>2026-02-01T15:50:08Z</time>
      </trkpt>
      <trkpt lat="43.236839" lon="-2.572820">
        <ele>446.609</ele>
        <time>2026-02-01T15:50:09Z</time>
      </trkpt>
      <trkpt lat="43.236928" lon="-2.572707">
        <ele>443.485</ele>
        <time>2026-02-01T15:50:10Z</time>
      </trkpt>
      <trkpt lat="43.237020" lon="-2.572603">
        <ele>440.017</ele>
        <time>2026-02-01T15:50:11Z</time>
      </trkpt>
      <trkpt lat="43.237114" lon="-2.572514">
        <ele>437.282</ele>
        <time>2026-02-01T15:50:12Z</time>
      </trkpt>
      <trkpt lat="43.237208" lon="-2.572440">
        <ele>435.273</ele>
        <time>2026-02-01T15:50:13Z</time>
      </trkpt>
      <trkpt lat="43.237295" lon="-2.572385">
        <ele>433.670</ele>
        <time>2026-02-01T15:50:14Z</time>
      </trkpt>
      <trkpt lat="43.237374" lon="-2.572334">
        <ele>432.485</ele>
        <time>2026-02-01T15:50:15Z</time>
      </trkpt>
      <trkpt lat="43.237441" lon="-2.572284">
        <ele>431.040</ele>
        <time>2026-02-01T15:50:16Z</time>
      </trkpt>
      <trkpt lat="43.237509" lon="-2.572211">
        <ele>429.699</ele>
        <time>2026-02-01T15:50:17Z</time>
      </trkpt>
      <trkpt lat="43.237568" lon="-2.572111">
        <ele>428.048</ele>
        <time>2026-02-01T15:50:18Z</time>
      </trkpt>
      <trkpt lat="43.237620" lon="-2.571993">
        <ele>425.636</ele>
        <time>2026-02-01T15:50:19Z</time>
      </trkpt>
      <trkpt lat="43.237672" lon="-2.571854">
        <ele>423.417</ele>
        <time>2026-02-01T15:50:20Z</time>
      </trkpt>
      <trkpt lat="43.237740" lon="-2.571713">
        <ele>421.018</ele>
        <time>2026-02-01T15:50:21Z</time>
      </trkpt>
      <trkpt lat="43.237826" lon="-2.571577">
        <ele>417.209</ele>
        <time>2026-02-01T15:50:22Z</time>
      </trkpt>
      <trkpt lat="43.237926" lon="-2.571448">
        <ele>413.825</ele>
        <time>2026-02-01T15:50:23Z</time>
      </trkpt>
      <trkpt lat="43.238033" lon="-2.571324">
        <ele>410.497</ele>
        <time>2026-02-01T15:50:24Z</time>
      </trkpt>
      <trkpt lat="43.238137" lon="-2.571198">
        <ele>408.092</ele>
        <time>2026-02-01T15:50:25Z</time>
      </trkpt>
      <trkpt lat="43.238246" lon="-2.571074">
        <ele>406.053</ele>
        <time>2026-02-01T15:50:26Z</time>
      </trkpt>
      <trkpt lat="43.238360" lon="-2.570954">
        <ele>403.850</ele>
        <time>2026-02-01T15:50:27Z</time>
      </trkpt>
      <trkpt lat="43.238482" lon="-2.570842">
        <ele>400.865</ele>
        <time>2026-02-01T15:50:28Z</time>
      </trkpt>
      <trkpt lat="43.238616" lon="-2.570736">
        <ele>398.870</ele>
        <time>2026-02-01T15:50:29Z</time>
      </trkpt>
      <trkpt lat="43.238748" lon="-2.570644">
        <ele>396.869</ele>
        <time>2026-02-01T15:50:30Z</time>
      </trkpt>
      <trkpt lat="43.238879" lon="-2.570566">
        <ele>395.068</ele>
        <time>2026-02-01T15:50:31Z</time>
      </trkpt>
      <trkpt lat="43.239005" lon="-2.570495">
        <ele>393.632</ele>
        <time>2026-02-01T15:50:32Z</time>
      </trkpt>
      <trkpt lat="43.239126" lon="-2.570435">
        <ele>393.692</ele>
        <time>2026-02-01T15:50:33Z</time>
      </trkpt>
      <trkpt lat="43.239235" lon="-2.570396">
        <ele>393.411</ele>
        <time>2026-02-01T15:50:34Z</time>
      </trkpt>
      <trkpt lat="43.239335" lon="-2.570380">
        <ele>393.209</ele>
        <time>2026-02-01T15:50:35Z</time>
      </trkpt>
      <trkpt lat="43.239429" lon="-2.570381">
        <ele>393.415</ele>
        <time>2026-02-01T15:50:36Z</time>
      </trkpt>
      <trkpt lat="43.239510" lon="-2.570386">
        <ele>394.027</ele>
        <time>2026-02-01T15:50:37Z</time>
      </trkpt>
      <trkpt lat="43.239580" lon="-2.570386">
        <ele>394.242</ele>
        <time>2026-02-01T15:50:38Z</time>
      </trkpt>
      <trkpt lat="43.239643" lon="-2.570363">
        <ele>394.253</ele>
        <time>2026-02-01T15:50:39Z</time>
      </trkpt>
      <trkpt lat="43.239698" lon="-2.570308">
        <ele>393.890</ele>
        <time>2026-02-01T15:50:40Z</time>
      </trkpt>
      <trkpt lat="43.239743" lon="-2.570233">
        <ele>393.025</ele>
        <time>2026-02-01T15:50:41Z</time>
      </trkpt>
      <trkpt lat="43.239779" lon="-2.570136">
        <ele>392.220</ele>
        <time>2026-02-01T15:50:42Z</time>
      </trkpt>
      <trkpt lat="43.239807" lon="-2.570028">
        <ele>390.659</ele>
        <time>2026-02-01T15:50:43Z</time>
      </trkpt>
      <trkpt lat="43.239834" lon="-2.569903">
        <ele>389.248</ele>
        <time>2026-02-01T15:50:44Z</time>
      </trkpt>
      <trkpt lat="43.239853" lon="-2.569764">
        <ele>387.068</ele>
        <time>2026-02-01T15:50:45Z</time>
      </trkpt>
      <trkpt lat="43.239867" lon="-2.569613">
        <ele>384.842</ele>
        <time>2026-02-01T15:50:46Z</time>
      </trkpt>
      <trkpt lat="43.239877" lon="-2.569458">
        <ele>383.026</ele>
        <time>2026-02-01T15:50:47Z</time>
      </trkpt>
      <trkpt lat="43.239879" lon="-2.569297">
        <ele>381.809</ele>
        <time>2026-02-01T15:50:48Z</time>
      </trkpt>
      <trkpt lat="43.239868" lon="-2.569133">
        <ele>378.498</ele>
        <time>2026-02-01T15:50:49Z</time>
      </trkpt>
      <trkpt lat="43.239850" lon="-2.568966">
        <ele>375.430</ele>
        <time>2026-02-01T15:50:50Z</time>
      </trkpt>
      <trkpt lat="43.239824" lon="-2.568798">
        <ele>372.255</ele>
        <time>2026-02-01T15:50:51Z</time>
      </trkpt>
      <trkpt lat="43.239793" lon="-2.568641">
        <ele>369.686</ele>
        <time>2026-02-01T15:50:52Z</time>
      </trkpt>
      <trkpt lat="43.239757" lon="-2.568493">
        <ele>368.223</ele>
        <time>2026-02-01T15:50:53Z</time>
      </trkpt>
      <trkpt lat="43.239723" lon="-2.568354">
        <ele>366.268</ele>
        <time>2026-02-01T15:50:54Z</time>
      </trkpt>
      <trkpt lat="43.239701" lon="-2.568214">
        <ele>364.233</ele>
        <time>2026-02-01T15:50:55Z</time>
      </trkpt>
      <trkpt lat="43.239705" lon="-2.568076">
        <ele>363.622</ele>
        <time>2026-02-01T15:50:56Z</time>
      </trkpt>
      <trkpt lat="43.239718" lon="-2.567938">
        <ele>362.271</ele>
        <time>2026-02-01T15:50:57Z</time>
      </trkpt>
      <trkpt lat="43.239740" lon="-2.567799">
        <ele>360.855</ele>
        <time>2026-02-01T15:50:58Z</time>
      </trkpt>
      <trkpt lat="43.239760" lon="-2.567662">
        <ele>360.207</ele>
        <time>2026-02-01T15:50:59Z</time>
      </trkpt>
      <trkpt lat="43.239765" lon="-2.567524">
        <ele>359.017</ele>
        <time>2026-02-01T15:51:00Z</time>
      </trkpt>
      <trkpt lat="43.239754" lon="-2.567391">
        <ele>357.809</ele>
        <time>2026-02-01T15:51:01Z</time>
      </trkpt>
      <trkpt lat="43.239737" lon="-2.567267">
        <ele>356.837</ele>
        <time>2026-02-01T15:51:02Z</time>
      </trkpt>
      <trkpt lat="43.239739" lon="-2.567141">
        <ele>355.289</ele>
        <time>2026-02-01T15:51:03Z</time>
      </trkpt>
      <trkpt lat="43.239769" lon="-2.567037">
        <ele>354.484</ele>
        <time>2026-02-01T15:51:04Z</time>
      </trkpt>
      <trkpt lat="43.239817" lon="-2.566951">
        <ele>353.895</ele>
        <time>2026-02-01T15:51:05Z</time>
      </trkpt>
      <trkpt lat="43.239871" lon="-2.566871">
        <ele>353.062</ele>
        <time>2026-02-01T15:51:06Z</time>
      </trkpt>
      <trkpt lat="43.239911" lon="-2.566773">
        <ele>352.237</ele>
        <time>2026-02-01T15:51:07Z</time>
      </trkpt>
      <trkpt lat="43.239944" lon="-2.566667">
        <ele>351.662</ele>
        <time>2026-02-01T15:51:08Z</time>
      </trkpt>
      <trkpt lat="43.239986" lon="-2.566560">
        <ele>350.631</ele>
        <time>2026-02-01T15:51:09Z</time>
      </trkpt>
      <trkpt lat="43.240045" lon="-2.566470">
        <ele>349.250</ele>
        <time>2026-02-01T15:51:10Z</time>
      </trkpt>
      <trkpt lat="43.240104" lon="-2.566387">
        <ele>348.676</ele>
        <time>2026-02-01T15:51:11Z</time>
      </trkpt>
      <trkpt lat="43.240163" lon="-2.566305">
        <ele>348.690</ele>
        <time>2026-02-01T15:51:12Z</time>
      </trkpt>
      <trkpt lat="43.240218" lon="-2.566221">
        <ele>348.619</ele>
        <time>2026-02-01T15:51:13Z</time>
      </trkpt>
      <trkpt lat="43.240273" lon="-2.566138">
        <ele>348.209</ele>
        <time>2026-02-01T15:51:14Z</time>
      </trkpt>
      <trkpt lat="43.240329" lon="-2.566046">
        <ele>347.449</ele>
        <time>2026-02-01T15:51:15Z</time>
      </trkpt>
      <trkpt lat="43.240383" lon="-2.565951">
        <ele>347.071</ele>
        <time>2026-02-01T15:51:16Z</time>
      </trkpt>
      <trkpt lat="43.240436" lon="-2.565852">
        <ele>346.686</ele>
        <time>2026-02-01T15:51:17Z</time>
      </trkpt>
      <trkpt lat="43.240491" lon="-2.565751">
        <ele>346.227</ele>
        <time>2026-02-01T15:51:18Z</time>
      </trkpt>
      <trkpt lat="43.240544" lon="-2.565642">
        <ele>345.624</ele>
        <time>2026-02-01T15:51:19Z</time>
      </trkpt>
      <trkpt lat="43.240577" lon="-2.565529">
        <ele>345.279</ele>
        <time>2026-02-01T15:51:20Z</time>
      </trkpt>
      <trkpt lat="43.240577" lon="-2.565410">
        <ele>344.434</ele>
        <time>2026-02-01T15:51:21Z</time>
      </trkpt>
      <trkpt lat="43.240541" lon="-2.565299">
        <ele>343.293</ele>
        <time>2026-02-01T15:51:22Z</time>
      </trkpt>
      <trkpt lat="43.240500" lon="-2.565216">
        <ele>341.812</ele>
        <time>2026-02-01T15:51:23Z</time>
      </trkpt>
      <trkpt lat="43.240482" lon="-2.565132">
        <ele>340.657</ele>
        <time>2026-02-01T15:51:24Z</time>
      </trkpt>
      <trkpt lat="43.240505" lon="-2.565045">
        <ele>339.600</ele>
        <time>2026-02-01T15:51:25Z</time>
      </trkpt>
      <trkpt lat="43.240552" lon="-2.564971">
        <ele>339.020</ele>
        <time>2026-02-01T15:51:26Z</time>
      </trkpt>
      <trkpt lat="43.240614" lon="-2.564920">
        <ele>338.409</ele>
        <time>2026-02-01T15:51:27Z</time>
      </trkpt>
      <trkpt lat="43.240686" lon="-2.564876">
        <ele>337.637</ele>
        <time>2026-02-01T15:51:28Z</time>
      </trkpt>
      <trkpt lat="43.240761" lon="-2.564828">
        <ele>336.449</ele>
        <time>2026-02-01T15:51:29Z</time>
      </trkpt>
      <trkpt lat="43.240838" lon="-2.564771">
        <ele>335.284</ele>
        <time>2026-02-01T15:51:30Z</time>
      </trkpt>
      <trkpt lat="43.240907" lon="-2.564697">
        <ele>334.485</ele>
        <time>2026-02-01T15:51:31Z</time>
      </trkpt>
      <trkpt lat="43.240978" lon="-2.564615">
        <ele>334.462</ele>
        <time>2026-02-01T15:51:32Z</time>
      </trkpt>
      <trkpt lat="43.241043" lon="-2.564527">
        <ele>334.077</ele>
        <time>2026-02-01T15:51:33Z</time>
      </trkpt>
      <trkpt lat="43.241100" lon="-2.564423">
        <ele>333.422</ele>
        <time>2026-02-01T15:51:34Z</time>
      </trkpt>
      <trkpt lat="43.241154" lon="-2.564305">
        <ele>332.671</ele>
        <time>2026-02-01T15:51:35Z</time>
      </trkpt>
      <trkpt lat="43.241208" lon="-2.564179">
        <ele>330.830</ele>
        <time>2026-02-01T15:51:36Z</time>
      </trkpt>
      <trkpt lat="43.241268" lon="-2.564045">
        <ele>328.648</ele>
        <time>2026-02-01T15:51:37Z</time>
      </trkpt>
      <trkpt lat="43.241332" lon="-2.563917">
        <ele>327.061</ele>
        <time>2026-02-01T15:51:38Z</time>
      </trkpt>
      <trkpt lat="43.241394" lon="-2.563803">
        <ele>325.617</ele>
        <time>2026-02-01T15:51:39Z</time>
      </trkpt>
      <trkpt lat="43.241447" lon="-2.563694">
        <ele>324.409</ele>
        <time>2026-02-01T15:51:40Z</time>
      </trkpt>
      <trkpt lat="43.241488" lon="-2.563589">
        <ele>323.456</ele>
        <time>2026-02-01T15:51:41Z</time>
      </trkpt>
      <trkpt lat="43.241510" lon="-2.563483">
        <ele>322.688</ele>
        <time>2026-02-01T15:51:42Z</time>
      </trkpt>
      <trkpt lat="43.241507" lon="-2.563383">
        <ele>321.883</ele>
        <time>2026-02-01T15:51:43Z</time>
      </trkpt>
      <trkpt lat="43.241476" lon="-2.563292">
        <ele>321.024</ele>
        <time>2026-02-01T15:51:44Z</time>
      </trkpt>
      <trkpt lat="43.241423" lon="-2.563211">
        <ele>320.021</ele>
        <time>2026-02-01T15:51:45Z</time>
      </trkpt>
      <trkpt lat="43.241357" lon="-2.563143">
        <ele>318.886</ele>
        <time>2026-02-01T15:51:46Z</time>
      </trkpt>
      <trkpt lat="43.241293" lon="-2.563087">
        <ele>317.041</ele>
        <time>2026-02-01T15:51:47Z</time>
      </trkpt>
      <trkpt lat="43.241244" lon="-2.563034">
        <ele>315.820</ele>
        <time>2026-02-01T15:51:48Z</time>
      </trkpt>
      <trkpt lat="43.241212" lon="-2.562974">
        <ele>314.439</ele>
        <time>2026-02-01T15:51:49Z</time>
      </trkpt>
      <trkpt lat="43.241207" lon="-2.562904">
        <ele>313.457</ele>
        <time>2026-02-01T15:51:50Z</time>
      </trkpt>
      <trkpt lat="43.241229" lon="-2.562839">
        <ele>312.600</ele>
        <time>2026-02-01T15:51:51Z</time>
      </trkpt>
      <trkpt lat="43.241273" lon="-2.562790">
        <ele>312.020</ele>
        <time>2026-02-01T15:51:52Z</time>
      </trkpt>
      <trkpt lat="43.241335" lon="-2.562756">
        <ele>311.009</ele>
        <time>2026-02-01T15:51:53Z</time>
      </trkpt>
      <trkpt lat="43.241414" lon="-2.562727">
        <ele>309.497</ele>
        <time>2026-02-01T15:51:54Z</time>
      </trkpt>
      <trkpt lat="43.241496" lon="-2.562707">
        <ele>308.449</ele>
        <time>2026-02-01T15:51:55Z</time>
      </trkpt>
      <trkpt lat="43.241588" lon="-2.562699">
        <ele>307.284</ele>
        <time>2026-02-01T15:51:56Z</time>
      </trkpt>
      <trkpt lat="43.241686" lon="-2.562686">
        <ele>305.635</ele>
        <time>2026-02-01T15:51:57Z</time>
      </trkpt>
      <trkpt lat="43.241789" lon="-2.562675">
        <ele>304.292</ele>
        <time>2026-02-01T15:51:58Z</time>
      </trkpt>
      <trkpt lat="43.241891" lon="-2.562670">
        <ele>303.277</ele>
        <time>2026-02-01T15:51:59Z</time>
      </trkpt>
      <trkpt lat="43.241991" lon="-2.562663">
        <ele>301.672</ele>
        <time>2026-02-01T15:52:00Z</time>
      </trkpt>
      <trkpt lat="43.242084" lon="-2.562638">
        <ele>300.651</ele>
        <time>2026-02-01T15:52:01Z</time>
      </trkpt>
      <trkpt lat="43.242171" lon="-2.562587">
        <ele>299.660</ele>
        <time>2026-02-01T15:52:02Z</time>
      </trkpt>
      <trkpt lat="43.242250" lon="-2.562513">
        <ele>298.689</ele>
        <time>2026-02-01T15:52:03Z</time>
      </trkpt>
      <trkpt lat="43.242328" lon="-2.562430">
        <ele>296.806</ele>
        <time>2026-02-01T15:52:04Z</time>
      </trkpt>
      <trkpt lat="43.242406" lon="-2.562332">
        <ele>295.226</ele>
        <time>2026-02-01T15:52:05Z</time>
      </trkpt>
      <trkpt lat="43.242487" lon="-2.562232">
        <ele>294.009</ele>
        <time>2026-02-01T15:52:06Z</time>
      </trkpt>
      <trkpt lat="43.242566" lon="-2.562134">
        <ele>292.440</ele>
        <time>2026-02-01T15:52:07Z</time>
      </trkpt>
      <trkpt lat="43.242641" lon="-2.562029">
        <ele>290.622</ele>
        <time>2026-02-01T15:52:08Z</time>
      </trkpt>
      <trkpt lat="43.242707" lon="-2.561905">
        <ele>289.237</ele>
        <time>2026-02-01T15:52:09Z</time>
      </trkpt>
      <trkpt lat="43.242770" lon="-2.561780">
        <ele>287.468</ele>
        <time>2026-02-01T15:52:10Z</time>
      </trkpt>
      <trkpt lat="43.242828" lon="-2.561659">
        <ele>286.455</ele>
        <time>2026-02-01T15:52:11Z</time>
      </trkpt>
      <trkpt lat="43.242882" lon="-2.561543">
        <ele>284.490</ele>
        <time>2026-02-01T15:52:12Z</time>
      </trkpt>
      <trkpt lat="43.242934" lon="-2.561440">
        <ele>283.095</ele>
        <time>2026-02-01T15:52:13Z</time>
      </trkpt>
      <trkpt lat="43.242989" lon="-2.561356">
        <ele>281.224</ele>
        <time>2026-02-01T15:52:14Z</time>
      </trkpt>
      <trkpt lat="43.243040" lon="-2.561290">
        <ele>279.823</ele>
        <time>2026-02-01T15:52:15Z</time>
      </trkpt>
      <trkpt lat="43.243091" lon="-2.561239">
        <ele>278.626</ele>
        <time>2026-02-01T15:52:16Z</time>
      </trkpt>
      <trkpt lat="43.243146" lon="-2.561220">
        <ele>277.847</ele>
        <time>2026-02-01T15:52:17Z</time>
      </trkpt>
      <trkpt lat="43.243192" lon="-2.561238">
        <ele>277.211</ele>
        <time>2026-02-01T15:52:18Z</time>
      </trkpt>
      <trkpt lat="43.243219" lon="-2.561292">
        <ele>276.409</ele>
        <time>2026-02-01T15:52:19Z</time>
      </trkpt>
      <trkpt lat="43.243224" lon="-2.561364">
        <ele>275.814</ele>
        <time>2026-02-01T15:52:20Z</time>
      </trkpt>
      <trkpt lat="43.243207" lon="-2.561445">
        <ele>274.836</ele>
        <time>2026-02-01T15:52:21Z</time>
      </trkpt>
      <trkpt lat="43.243178" lon="-2.561539">
        <ele>273.671</ele>
        <time>2026-02-01T15:52:22Z</time>
      </trkpt>
      <trkpt lat="43.243150" lon="-2.561635">
        <ele>272.612</ele>
        <time>2026-02-01T15:52:23Z</time>
      </trkpt>
      <trkpt lat="43.243116" lon="-2.561725">
        <ele>271.619</ele>
        <time>2026-02-01T15:52:24Z</time>
      </trkpt>
      <trkpt lat="43.243091" lon="-2.561807">
        <ele>271.054</ele>
        <time>2026-02-01T15:52:25Z</time>
      </trkpt>
      <trkpt lat="43.243077" lon="-2.561877">
        <ele>270.469</ele>
        <time>2026-02-01T15:52:26Z</time>
      </trkpt>
      <trkpt lat="43.243090" lon="-2.561946">
        <ele>270.038</ele>
        <time>2026-02-01T15:52:27Z</time>
      </trkpt>
      <trkpt lat="43.243126" lon="-2.561992">
        <ele>269.677</ele>
        <time>2026-02-01T15:52:28Z</time>
      </trkpt>
      <trkpt lat="43.243178" lon="-2.561994">
        <ele>269.094</ele>
        <time>2026-02-01T15:52:29Z</time>
      </trkpt>
      <trkpt lat="43.243224" lon="-2.561955">
        <ele>268.257</ele>
        <time>2026-02-01T15:52:30Z</time>
      </trkpt>
      <trkpt lat="43.243259" lon="-2.561891">
        <ele>267.022</ele>
        <time>2026-02-01T15:52:31Z</time>
      </trkpt>
      <trkpt lat="43.243297" lon="-2.561817">
        <ele>266.209</ele>
        <time>2026-02-01T15:52:32Z</time>
      </trkpt>
      <trkpt lat="43.243346" lon="-2.561739">
        <ele>265.061</ele>
        <time>2026-02-01T15:52:33Z</time>
      </trkpt>
      <trkpt lat="43.243399" lon="-2.561656">
        <ele>263.693</ele>
        <time>2026-02-01T15:52:34Z</time>
      </trkpt>
      <trkpt lat="43.243460" lon="-2.561568">
        <ele>262.448</ele>
        <time>2026-02-01T15:52:35Z</time>
      </trkpt>
      <trkpt lat="43.243522" lon="-2.561464">
        <ele>261.449</ele>
        <time>2026-02-01T15:52:36Z</time>
      </trkpt>
      <trkpt lat="43.243576" lon="-2.561346">
        <ele>260.056</ele>
        <time>2026-02-01T15:52:37Z</time>
      </trkpt>
      <trkpt lat="43.243629" lon="-2.561228">
        <ele>258.431</ele>
        <time>2026-02-01T15:52:38Z</time>
      </trkpt>
      <trkpt lat="43.243680" lon="-2.561116">
        <ele>256.856</ele>
        <time>2026-02-01T15:52:39Z</time>
      </trkpt>
      <trkpt lat="43.243734" lon="-2.561007">
        <ele>255.225</ele>
        <time>2026-02-01T15:52:40Z</time>
      </trkpt>
      <trkpt lat="43.243802" lon="-2.560911">
        <ele>253.434</ele>
        <time>2026-02-01T15:52:41Z</time>
      </trkpt>
      <trkpt lat="43.243883" lon="-2.560832">
        <ele>252.292</ele>
        <time>2026-02-01T15:52:42Z</time>
      </trkpt>
      <trkpt lat="43.243964" lon="-2.560742">
        <ele>250.073</ele>
        <time>2026-02-01T15:52:43Z</time>
      </trkpt>
      <trkpt lat="43.244035" lon="-2.560645">
        <ele>248.220</ele>
        <time>2026-02-01T15:52:44Z</time>
      </trkpt>
      <trkpt lat="43.244103" lon="-2.560537">
        <ele>246.209</ele>
        <time>2026-02-01T15:52:45Z</time>
      </trkpt>
      <trkpt lat="43.244166" lon="-2.560425">
        <ele>244.071</ele>
        <time>2026-02-01T15:52:46Z</time>
      </trkpt>
      <trkpt lat="43.244225" lon="-2.560312">
        <ele>242.043</ele>
        <time>2026-02-01T15:52:47Z</time>
      </trkpt>
      <trkpt lat="43.244280" lon="-2.560200">
        <ele>240.228</ele>
        <time>2026-02-01T15:52:48Z</time>
      </trkpt>
      <trkpt lat="43.244331" lon="-2.560080">
        <ele>238.829</ele>
        <time>2026-02-01T15:52:49Z</time>
      </trkpt>
      <trkpt lat="43.244373" lon="-2.559956">
        <ele>237.096</ele>
        <time>2026-02-01T15:52:50Z</time>
      </trkpt>
      <trkpt lat="43.244411" lon="-2.559831">
        <ele>235.451</ele>
        <time>2026-02-01T15:52:51Z</time>
      </trkpt>
      <trkpt lat="43.244444" lon="-2.559724">
        <ele>234.246</ele>
        <time>2026-02-01T15:52:52Z</time>
      </trkpt>
      <trkpt lat="43.244476" lon="-2.559643">
        <ele>233.255</ele>
        <time>2026-02-01T15:52:53Z</time>
      </trkpt>
      <trkpt lat="43.244498" lon="-2.559589">
        <ele>232.674</ele>
        <time>2026-02-01T15:52:54Z</time>
      </trkpt>
      <trkpt lat="43.244529" lon="-2.559564">
        <ele>232.428</ele>
        <time>2026-02-01T15:52:55Z</time>
      </trkpt>
      <trkpt lat="43.244565" lon="-2.559568">
        <ele>232.489</ele>
        <time>2026-02-01T15:52:56Z</time>
      </trkpt>
      <trkpt lat="43.244586" lon="-2.559597">
        <ele>232.617</ele>
        <time>2026-02-01T15:52:57Z</time>
      </trkpt>
      <trkpt lat="43.244588" lon="-2.559624">
        <ele>232.609</ele>
        <time>2026-02-01T15:52:58Z</time>
      </trkpt>
      <trkpt lat="43.244592" lon="-2.559652">
        <ele>232.634</ele>
        <time>2026-02-01T15:52:59Z</time>
      </trkpt>
      <trkpt lat="43.244598" lon="-2.559679">
        <ele>232.626</ele>
        <time>2026-02-01T15:53:00Z</time>
      </trkpt>
      <trkpt lat="43.244605" lon="-2.559707">
        <ele>232.881</ele>
        <time>2026-02-01T15:53:01Z</time>
      </trkpt>
      <trkpt lat="43.244614" lon="-2.559736">
        <ele>232.812</ele>
        <time>2026-02-01T15:53:02Z</time>
      </trkpt>
      <trkpt lat="43.244628" lon="-2.559769">
        <ele>232.869</ele>
        <time>2026-02-01T15:53:03Z</time>
      </trkpt>
      <trkpt lat="43.244642" lon="-2.559801">
        <ele>233.094</ele>
        <time>2026-02-01T15:53:04Z</time>
      </trkpt>
      <trkpt lat="43.244661" lon="-2.559835">
        <ele>233.269</ele>
        <time>2026-02-01T15:53:05Z</time>
      </trkpt>
      <trkpt lat="43.244684" lon="-2.559868">
        <ele>233.268</ele>
        <time>2026-02-01T15:53:06Z</time>
      </trkpt>
      <trkpt lat="43.244709" lon="-2.559896">
        <ele>233.457</ele>
        <time>2026-02-01T15:53:07Z</time>
      </trkpt>
      <trkpt lat="43.244733" lon="-2.559924">
        <ele>233.414</ele>
        <time>2026-02-01T15:53:08Z</time>
      </trkpt>
      <trkpt lat="43.244760" lon="-2.559948">
        <ele>233.854</ele>
        <time>2026-02-01T15:53:09Z</time>
      </trkpt>
      <trkpt lat="43.244793" lon="-2.559965">
        <ele>234.209</ele>
        <time>2026-02-01T15:53:10Z</time>
      </trkpt>
      <trkpt lat="43.244825" lon="-2.559975">
        <ele>234.409</ele>
        <time>2026-02-01T15:53:11Z</time>
      </trkpt>
      <trkpt lat="43.244857" lon="-2.559982">
        <ele>234.893</ele>
        <time>2026-02-01T15:53:12Z</time>
      </trkpt>
      <trkpt lat="43.244889" lon="-2.559978">
        <ele>235.285</ele>
        <time>2026-02-01T15:53:13Z</time>
      </trkpt>
      <trkpt lat="43.244918" lon="-2.559966">
        <ele>235.620</ele>
        <time>2026-02-01T15:53:14Z</time>
      </trkpt>
      <trkpt lat="43.244947" lon="-2.559960">
        <ele>235.831</ele>
        <time>2026-02-01T15:53:15Z</time>
      </trkpt>
      <trkpt lat="43.244977" lon="-2.559957">
        <ele>236.258</ele>
        <time>2026-02-01T15:53:16Z</time>
      </trkpt>
      <trkpt lat="43.245008" lon="-2.559942">
        <ele>236.483</ele>
        <time>2026-02-01T15:53:17Z</time>
      </trkpt>
      <trkpt lat="43.245036" lon="-2.559918">
        <ele>236.868</ele>
        <time>2026-02-01T15:53:18Z</time>
      </trkpt>
      <trkpt lat="43.245063" lon="-2.559891">
        <ele>237.277</ele>
        <time>2026-02-01T15:53:19Z</time>
      </trkpt>
      <trkpt lat="43.245087" lon="-2.559858">
        <ele>237.456</ele>
        <time>2026-02-01T15:53:20Z</time>
      </trkpt>
      <trkpt lat="43.245110" lon="-2.559824">
        <ele>237.826</ele>
        <time>2026-02-01T15:53:21Z</time>
      </trkpt>
      <trkpt lat="43.245133" lon="-2.559791">
        <ele>238.047</ele>
        <time>2026-02-01T15:53:22Z</time>
      </trkpt>
      <trkpt lat="43.245154" lon="-2.559755">
        <ele>238.411</ele>
        <time>2026-02-01T15:53:23Z</time>
      </trkpt>
      <trkpt lat="43.245175" lon="-2.559725">
        <ele>238.609</ele>
        <time>2026-02-01T15:53:24Z</time>
      </trkpt>
      <trkpt lat="43.245198" lon="-2.559695">
        <ele>239.054</ele>
        <time>2026-02-01T15:53:25Z</time>
      </trkpt>
      <trkpt lat="43.245218" lon="-2.559663">
        <ele>239.486</ele>
        <time>2026-02-01T15:53:26Z</time>
      </trkpt>
      <trkpt lat="43.245238" lon="-2.559630">
        <ele>239.611</ele>
        <time>2026-02-01T15:53:27Z</time>
      </trkpt>
      <trkpt lat="43.245253" lon="-2.559605">
        <ele>240.022</ele>
        <time>2026-02-01T15:53:28Z</time>
      </trkpt>
      <trkpt lat="43.245271" lon="-2.559580">
        <ele>240.289</ele>
        <time>2026-02-01T15:53:29Z</time>
      </trkpt>
      <trkpt lat="43.245289" lon="-2.559556">
        <ele>240.644</ele>
        <time>2026-02-01T15:53:30Z</time>
      </trkpt>
      <trkpt lat="43.245310" lon="-2.559536">
        <ele>241.059</ele>
        <time>2026-02-01T15:53:31Z</time>
      </trkpt>
      <trkpt lat="43.245332" lon="-2.559515">
        <ele>241.428</ele>
        <time>2026-02-01T15:53:32Z</time>
      </trkpt>
      <trkpt lat="43.245352" lon="-2.559489">
        <ele>241.667</ele>
        <time>2026-02-01T15:53:33Z</time>
      </trkpt>
      <trkpt lat="43.245370" lon="-2.559476">
        <ele>241.839</ele>
        <time>2026-02-01T15:53:34Z</time>
      </trkpt>
      <trkpt lat="43.245391" lon="-2.559473">
        <ele>242.001</ele>
        <time>2026-02-01T15:53:35Z</time>
      </trkpt>
      <trkpt lat="43.245415" lon="-2.559461">
        <ele>242.221</ele>
        <time>2026-02-01T15:53:36Z</time>
      </trkpt>
      <trkpt lat="43.245438" lon="-2.559448">
        <ele>242.409</ele>
        <time>2026-02-01T15:53:37Z</time>
      </trkpt>
      <trkpt lat="43.245460" lon="-2.559434">
        <ele>242.845</ele>
        <time>2026-02-01T15:53:38Z</time>
      </trkpt>
      <trkpt lat="43.245482" lon="-2.559418">
        <ele>243.077</ele>
        <time>2026-02-01T15:53:39Z</time>
      </trkpt>
      <trkpt lat="43.245506" lon="-2.559401">
        <ele>243.282</ele>
        <time>2026-02-01T15:53:40Z</time>
      </trkpt>
      <trkpt lat="43.245530" lon="-2.559383">
        <ele>243.493</ele>
        <time>2026-02-01T15:53:41Z</time>
      </trkpt>
      <trkpt lat="43.245554" lon="-2.559366">
        <ele>243.670</ele>
        <time>2026-02-01T15:53:42Z</time>
      </trkpt>
      <trkpt lat="43.245576" lon="-2.559352">
        <ele>243.665</ele>
        <time>2026-02-01T15:53:43Z</time>
      </trkpt>
      <trkpt lat="43.245597" lon="-2.559330">
        <ele>243.830</ele>
        <time>2026-02-01T15:53:44Z</time>
      </trkpt>
      <trkpt lat="43.245617" lon="-2.559303">
        <ele>243.839</ele>
        <time>2026-02-01T15:53:45Z</time>
      </trkpt>
      <trkpt lat="43.245637" lon="-2.559276">
        <ele>244.218</ele>
        <time>2026-02-01T15:53:46Z</time>
      </trkpt>
      <trkpt lat="43.245653" lon="-2.559250">
        <ele>244.432</ele>
        <time>2026-02-01T15:53:47Z</time>
      </trkpt>
      <trkpt lat="43.245675" lon="-2.559231">
        <ele>244.492</ele>
        <time>2026-02-01T15:53:48Z</time>
      </trkpt>
      <trkpt lat="43.245694" lon="-2.559207">
        <ele>244.611</ele>
        <time>2026-02-01T15:53:49Z</time>
      </trkpt>
      <trkpt lat="43.245718" lon="-2.559193">
        <ele>245.009</ele>
        <time>2026-02-01T15:53:50Z</time>
      </trkpt>
      <trkpt lat="43.245742" lon="-2.559194">
        <ele>245.255</ele>
        <time>2026-02-01T15:53:51Z</time>
      </trkpt>
      <trkpt lat="43.245766" lon="-2.559199">
        <ele>245.427</ele>
        <time>2026-02-01T15:53:52Z</time>
      </trkpt>
      <trkpt lat="43.245793" lon="-2.559194">
        <ele>245.692</ele>
        <time>2026-02-01T15:53:53Z</time>
      </trkpt>
      <trkpt lat="43.245820" lon="-2.559190">
        <ele>246.043</ele>
        <time>2026-02-01T15:53:54Z</time>
      </trkpt>
      <trkpt lat="43.245844" lon="-2.559188">
        <ele>246.290</ele>
        <time>2026-02-01T15:53:55Z</time>
      </trkpt>
      <trkpt lat="43.245867" lon="-2.559191">
        <ele>246.475</ele>
        <time>2026-02-01T15:53:56Z</time>
      </trkpt>
      <trkpt lat="43.245888" lon="-2.559202">
        <ele>246.690</ele>
        <time>2026-02-01T15:53:57Z</time>
      </trkpt>
      <trkpt lat="43.245906" lon="-2.559217">
        <ele>246.849</ele>
        <time>2026-02-01T15:53:58Z</time>
      </trkpt>
      <trkpt lat="43.245925" lon="-2.559236">
        <ele>247.058</ele>
        <time>2026-02-01T15:53:59Z</time>
      </trkpt>
      <trkpt lat="43.245943" lon="-2.559260">
        <ele>247.296</ele>
        <time>2026-02-01T15:54:00Z</time>
      </trkpt>
      <trkpt lat="43.245960" lon="-2.559283">
        <ele>247.431</ele>
        <time>2026-02-01T15:54:01Z</time>
      </trkpt>
      <trkpt lat="43.245976" lon="-2.559312">
        <ele>247.624</ele>
        <time>2026-02-01T15:54:02Z</time>
      </trkpt>
      <trkpt lat="43.245990" lon="-2.559342">
        <ele>247.809</ele>
        <time>2026-02-01T15:54:03Z</time>
      </trkpt>
      <trkpt lat="43.246003" lon="-2.559375">
        <ele>248.081</ele>
        <time>2026-02-01T15:54:04Z</time>
      </trkpt>
      <trkpt lat="43.246015" lon="-2.559407">
        <ele>248.423</ele>
        <time>2026-02-01T15:54:05Z</time>
      </trkpt>
      <trkpt lat="43.246026" lon="-2.559438">
        <ele>248.698</ele>
        <time>2026-02-01T15:54:06Z</time>
      </trkpt>
      <trkpt lat="43.246040" lon="-2.559467">
        <ele>248.689</ele>
        <time>2026-02-01T15:54:07Z</time>
      </trkpt>
      <trkpt lat="43.246054" lon="-2.559498">
        <ele>249.036</ele>
        <time>2026-02-01T15:54:08Z</time>
      </trkpt>
      <trkpt lat="43.246066" lon="-2.559526">
        <ele>249.231</ele>
        <time>2026-02-01T15:54:09Z</time>
      </trkpt>
      <trkpt lat="43.246076" lon="-2.559556">
        <ele>249.296</ele>
        <time>2026-02-01T15:54:10Z</time>
      </trkpt>
      <trkpt lat="43.246089" lon="-2.559586">
        <ele>249.465</ele>
        <time>2026-02-01T15:54:11Z</time>
      </trkpt>
      <trkpt lat="43.246102" lon="-2.559612">
        <ele>249.844</ele>
        <time>2026-02-01T15:54:12Z</time>
      </trkpt>
      <trkpt lat="43.246114" lon="-2.559640">
        <ele>249.881</ele>
        <time>2026-02-01T15:54:13Z</time>
      </trkpt>
      <trkpt lat="43.246127" lon="-2.559670">
        <ele>250.261</ele>
        <time>2026-02-01T15:54:14Z</time>
      </trkpt>
      <trkpt lat="43.246140" lon="-2.559701">
        <ele>250.417</ele>
        <time>2026-02-01T15:54:15Z</time>
      </trkpt>
      <trkpt lat="43.246154" lon="-2.559730">
        <ele>250.609</ele>
        <time>2026-02-01T15:54:16Z</time>
      </trkpt>
      <trkpt lat="43.246170" lon="-2.559761">
        <ele>250.810</ele>
        <time>2026-02-01T15:54:17Z</time>
      </trkpt>
      <trkpt lat="43.246184" lon="-2.559792">
        <ele>251.092</ele>
        <time>2026-02-01T15:54:18Z</time>
      </trkpt>
      <trkpt lat="43.246198" lon="-2.559822">
        <ele>251.497</ele>
        <time>2026-02-01T15:54:19Z</time>
      </trkpt>
      <trkpt lat="43.246209" lon="-2.559852">
        <ele>251.618</ele>
        <time>2026-02-01T15:54:20Z</time>
      </trkpt>
      <trkpt lat="43.246221" lon="-2.559882">
        <ele>251.845</ele>
        <time>2026-02-01T15:54:21Z</time>
      </trkpt>
      <trkpt lat="43.246237" lon="-2.559912">
        <ele>252.010</ele>
        <time>2026-02-01T15:54:22Z</time>
      </trkpt>
      <trkpt lat="43.246250" lon="-2.559941">
        <ele>252.295</ele>
        <time>2026-02-01T15:54:23Z</time>
      </trkpt>
      <trkpt lat="43.246262" lon="-2.559972">
        <ele>252.424</ele>
        <time>2026-02-01T15:54:24Z</time>
      </trkpt>
      <trkpt lat="43.246277" lon="-2.560007">
        <ele>252.873</ele>
        <time>2026-02-01T15:54:25Z</time>
      </trkpt>
      <trkpt lat="43.246293" lon="-2.560036">
        <ele>253.289</ele>
        <time>2026-02-01T15:54:26Z</time>
      </trkpt>
      <trkpt lat="43.246307" lon="-2.560065">
        <ele>253.406</ele>
        <time>2026-02-01T15:54:27Z</time>
      </trkpt>
      <trkpt lat="43.246321" lon="-2.560094">
        <ele>253.626</ele>
        <time>2026-02-01T15:54:28Z</time>
      </trkpt>
      <trkpt lat="43.246333" lon="-2.560120">
        <ele>253.809</ele>
        <time>2026-02-01T15:54:29Z</time>
      </trkpt>
      <trkpt lat="43.246347" lon="-2.560151">
        <ele>254.220</ele>
        <time>2026-02-01T15:54:30Z</time>
      </trkpt>
      <trkpt lat="43.246360" lon="-2.560183">
        <ele>254.682</ele>
        <time>2026-02-01T15:54:31Z</time>
      </trkpt>
      <trkpt lat="43.246373" lon="-2.560215">
        <ele>254.817</ele>
        <time>2026-02-01T15:54:32Z</time>
      </trkpt>
      <trkpt lat="43.246388" lon="-2.560243">
        <ele>255.218</ele>
        <time>2026-02-01T15:54:33Z</time>
      </trkpt>
      <trkpt lat="43.246400" lon="-2.560276">
        <ele>255.475</ele>
        <time>2026-02-01T15:54:34Z</time>
      </trkpt>
      <trkpt lat="43.246413" lon="-2.560306">
        <ele>255.680</ele>
        <time>2026-02-01T15:54:35Z</time>
      </trkpt>
      <trkpt lat="43.246427" lon="-2.560333">
        <ele>256.085</ele>
        <time>2026-02-01T15:54:36Z</time>
      </trkpt>
      <trkpt lat="43.246442" lon="-2.560364">
        <ele>256.244</ele>
        <time>2026-02-01T15:54:37Z</time>
      </trkpt>
      <trkpt lat="43.246458" lon="-2.560396">
        <ele>256.493</ele>
        <time>2026-02-01T15:54:38Z</time>
      </trkpt>
      <trkpt lat="43.246474" lon="-2.560426">
        <ele>256.631</ele>
        <time>2026-02-01T15:54:39Z</time>
      </trkpt>
      <trkpt lat="43.246488" lon="-2.560456">
        <ele>257.061</ele>
        <time>2026-02-01T15:54:40Z</time>
      </trkpt>
      <trkpt lat="43.246502" lon="-2.560485">
        <ele>257.207</ele>
        <time>2026-02-01T15:54:41Z</time>
      </trkpt>
      <trkpt lat="43.246517" lon="-2.560513">
        <ele>257.409</ele>
        <time>2026-02-01T15:54:42Z</time>
      </trkpt>
      <trkpt lat="43.246530" lon="-2.560543">
        <ele>257.615</ele>
        <time>2026-02-01T15:54:43Z</time>
      </trkpt>
      <trkpt lat="43.246547" lon="-2.560570">
        <ele>257.887</ele>
        <time>2026-02-01T15:54:44Z</time>
      </trkpt>
      <trkpt lat="43.246564" lon="-2.560596">
        <ele>258.022</ele>
        <time>2026-02-01T15:54:45Z</time>
      </trkpt>
      <trkpt lat="43.246578" lon="-2.560626">
        <ele>258.053</ele>
        <time>2026-02-01T15:54:46Z</time>
      </trkpt>
      <trkpt lat="43.246592" lon="-2.560658">
        <ele>258.430</ele>
        <time>2026-02-01T15:54:47Z</time>
      </trkpt>
      <trkpt lat="43.246610" lon="-2.560691">
        <ele>258.665</ele>
        <time>2026-02-01T15:54:48Z</time>
      </trkpt>
      <trkpt lat="43.246623" lon="-2.560716">
        <ele>259.090</ele>
        <time>2026-02-01T15:54:49Z</time>
      </trkpt>
      <trkpt lat="43.246635" lon="-2.560746">
        <ele>259.069</ele>
        <time>2026-02-01T15:54:50Z</time>
      </trkpt>
      <trkpt lat="43.246650" lon="-2.560772">
        <ele>259.468</ele>
        <time>2026-02-01T15:54:51Z</time>
      </trkpt>
      <trkpt lat="43.246665" lon="-2.560801">
        <ele>259.679</ele>
        <time>2026-02-01T15:54:52Z</time>
      </trkpt>
      <trkpt lat="43.246680" lon="-2.560828">
        <ele>259.805</ele>
        <time>2026-02-01T15:54:53Z</time>
      </trkpt>
      <trkpt lat="43.246692" lon="-2.560857">
        <ele>260.025</ele>
        <time>2026-02-01T15:54:54Z</time>
      </trkpt>
      <trkpt lat="43.246705" lon="-2.560886">
        <ele>260.209</ele>
        <time>2026-02-01T15:54:55Z</time>
      </trkpt>
      <trkpt lat="43.246721" lon="-2.560916">
        <ele>260.489</ele>
        <time>2026-02-01T15:54:56Z</time>
      </trkpt>
      <trkpt lat="43.246737" lon="-2.560946">
        <ele>260.611</ele>
        <time>2026-02-01T15:54:57Z</time>
      </trkpt>
      <trkpt lat="43.246749" lon="-2.560973">
        <ele>260.836</ele>
        <time>2026-02-01T15:54:58Z</time>
      </trkpt>
      <trkpt lat="43.246762" lon="-2.561004">
        <ele>261.017</ele>
        <time>2026-02-01T15:54:59Z</time>
      </trkpt>
      <trkpt lat="43.246778" lon="-2.561033">
        <ele>261.224</ele>
        <time>2026-02-01T15:55:00Z</time>
      </trkpt>
      <trkpt lat="43.246794" lon="-2.561065">
        <ele>261.629</ele>
        <time>2026-02-01T15:55:01Z</time>
      </trkpt>
      <trkpt lat="43.246805" lon="-2.561095">
        <ele>262.034</ele>
        <time>2026-02-01T15:55:02Z</time>
      </trkpt>
      <trkpt lat="43.246811" lon="-2.561126">
        <ele>262.263</ele>
        <time>2026-02-01T15:55:03Z</time>
      </trkpt>
      <trkpt lat="43.246825" lon="-2.561153">
        <ele>262.612</ele>
        <time>2026-02-01T15:55:04Z</time>
      </trkpt>
      <trkpt lat="43.246844" lon="-2.561181">
        <ele>262.818</ele>
        <time>2026-02-01T15:55:05Z</time>
      </trkpt>
      <trkpt lat="43.246865" lon="-2.561203">
        <ele>262.898</ele>
        <time>2026-02-01T15:55:06Z</time>
      </trkpt>
      <trkpt lat="43.246886" lon="-2.561225">
        <ele>262.817</ele>
        <time>2026-02-01T15:55:07Z</time>
      </trkpt>
      <trkpt lat="43.246910" lon="-2.561245">
        <ele>263.009</ele>
        <time>2026-02-01T15:55:08Z</time>
      </trkpt>
      <trkpt lat="43.246937" lon="-2.561259">
        <ele>263.293</ele>
        <time>2026-02-01T15:55:09Z</time>
      </trkpt>
      <trkpt lat="43.246965" lon="-2.561269">
        <ele>263.265</ele>
        <time>2026-02-01T15:55:10Z</time>
      </trkpt>
      <trkpt lat="43.246992" lon="-2.561274">
        <ele>263.460</ele>
        <time>2026-02-01T15:55:11Z</time>
      </trkpt>
      <trkpt lat="43.247020" lon="-2.561276">
        <ele>263.481</ele>
        <time>2026-02-01T15:55:12Z</time>
      </trkpt>
      <trkpt lat="43.247045" lon="-2.561271">
        <ele>263.688</ele>
        <time>2026-02-01T15:55:13Z</time>
      </trkpt>
      <trkpt lat="43.247070" lon="-2.561262">
        <ele>263.823</ele>
        <time>2026-02-01T15:55:14Z</time>
      </trkpt>
      <trkpt lat="43.247097" lon="-2.561247">
        <ele>263.828</ele>
        <time>2026-02-01T15:55:15Z</time>
      </trkpt>
      <trkpt lat="43.247119" lon="-2.561227">
        <ele>264.047</ele>
        <time>2026-02-01T15:55:16Z</time>
      </trkpt>
      <trkpt lat="43.247141" lon="-2.561210">
        <ele>264.236</ele>
        <time>2026-02-01T15:55:17Z</time>
      </trkpt>
      <trkpt lat="43.247165" lon="-2.561191">
        <ele>264.431</ele>
        <time>2026-02-01T15:55:18Z</time>
      </trkpt>
      <trkpt lat="43.247188" lon="-2.561166">
        <ele>264.661</ele>
        <time>2026-02-01T15:55:19Z</time>
      </trkpt>
      <trkpt lat="43.247209" lon="-2.561138">
        <ele>264.807</ele>
        <time>2026-02-01T15:55:20Z</time>
      </trkpt>
      <trkpt lat="43.247227" lon="-2.561108">
        <ele>265.009</ele>
        <time>2026-02-01T15:55:21Z</time>
      </trkpt>
      <trkpt lat="43.247242" lon="-2.561074">
        <ele>265.245</ele>
        <time>2026-02-01T15:55:22Z</time>
      </trkpt>
      <trkpt lat="43.247257" lon="-2.561043">
        <ele>265.447</ele>
        <time>2026-02-01T15:55:23Z</time>
      </trkpt>
      <trkpt lat="43.247273" lon="-2.561008">
        <ele>265.612</ele>
        <time>2026-02-01T15:55:24Z</time>
      </trkpt>
      <trkpt lat="43.247286" lon="-2.560966">
        <ele>266.013</ele>
        <time>2026-02-01T15:55:25Z</time>
      </trkpt>
      <trkpt lat="43.247295" lon="-2.560920">
        <ele>266.250</ele>
        <time>2026-02-01T15:55:26Z</time>
      </trkpt>
      <trkpt lat="43.247306" lon="-2.560874">
        <ele>266.465</ele>
        <time>2026-02-01T15:55:27Z</time>
      </trkpt>
      <trkpt lat="43.247313" lon="-2.560828">
        <ele>266.660</ele>
        <time>2026-02-01T15:55:28Z</time>
      </trkpt>
      <trkpt lat="43.247320" lon="-2.560787">
        <ele>267.099</ele>
        <time>2026-02-01T15:55:29Z</time>
      </trkpt>
      <trkpt lat="43.247328" lon="-2.560750">
        <ele>267.218</ele>
        <time>2026-02-01T15:55:30Z</time>
      </trkpt>
      <trkpt lat="43.247338" lon="-2.560714">
        <ele>267.484</ele>
        <time>2026-02-01T15:55:31Z</time>
      </trkpt>
      <trkpt lat="43.247347" lon="-2.560673">
        <ele>267.807</ele>
        <time>2026-02-01T15:55:32Z</time>
      </trkpt>
      <trkpt lat="43.247357" lon="-2.560632">
        <ele>268.017</ele>
        <time>2026-02-01T15:55:33Z</time>
      </trkpt>
      <trkpt lat="43.247367" lon="-2.560593">
        <ele>268.409</ele>
        <time>2026-02-01T15:55:34Z</time>
      </trkpt>
      <trkpt lat="43.247372" lon="-2.560551">
        <ele>268.660</ele>
        <time>2026-02-01T15:55:35Z</time>
      </trkpt>
      <trkpt lat="43.247376" lon="-2.560507">
        <ele>269.052</ele>
        <time>2026-02-01T15:55:36Z</time>
      </trkpt>
      <trkpt lat="43.247377" lon="-2.560464">
        <ele>269.447</ele>
        <time>2026-02-01T15:55:37Z</time>
      </trkpt>
      <trkpt lat="43.247379" lon="-2.560423">
        <ele>269.888</ele>
        <time>2026-02-01T15:55:38Z</time>
      </trkpt>
      <trkpt lat="43.247383" lon="-2.560380">
        <ele>270.095</ele>
        <time>2026-02-01T15:55:39Z</time>
      </trkpt>
      <trkpt lat="43.247385" lon="-2.560340">
        <ele>270.250</ele>
        <time>2026-02-01T15:55:40Z</time>
      </trkpt>
      <trkpt lat="43.247384" lon="-2.560297">
        <ele>270.625</ele>
        <time>2026-02-01T15:55:41Z</time>
      </trkpt>
      <trkpt lat="43.247382" lon="-2.560255">
        <ele>270.814</ele>
        <time>2026-02-01T15:55:42Z</time>
      </trkpt>
      <trkpt lat="43.247381" lon="-2.560212">
        <ele>271.083</ele>
        <time>2026-02-01T15:55:43Z</time>
      </trkpt>
      <trkpt lat="43.247376" lon="-2.560170">
        <ele>271.213</ele>
        <time>2026-02-01T15:55:44Z</time>
      </trkpt>
      <trkpt lat="43.247371" lon="-2.560129">
        <ele>271.443</ele>
        <time>2026-02-01T15:55:45Z</time>
      </trkpt>
      <trkpt lat="43.247370" lon="-2.560086">
        <ele>271.607</ele>
        <time>2026-02-01T15:55:46Z</time>
      </trkpt>
      <trkpt lat="43.247366" lon="-2.560039">
        <ele>271.809</ele>
        <time>2026-02-01T15:55:47Z</time>
      </trkpt>
      <trkpt lat="43.247363" lon="-2.559998">
        <ele>272.023</ele>
        <time>2026-02-01T15:55:48Z</time>
      </trkpt>
      <trkpt lat="43.247361" lon="-2.559958">
        <ele>272.235</ele>
        <time>2026-02-01T15:55:49Z</time>
      </trkpt>
      <trkpt lat="43.247360" lon="-2.559915">
        <ele>272.680</ele>
        <time>2026-02-01T15:55:50Z</time>
      </trkpt>
      <trkpt lat="43.247364" lon="-2.559871">
        <ele>272.841</ele>
        <time>2026-02-01T15:55:51Z</time>
      </trkpt>
      <trkpt lat="43.247369" lon="-2.559831">
        <ele>273.258</ele>
        <time>2026-02-01T15:55:52Z</time>
      </trkpt>
      <trkpt lat="43.247376" lon="-2.559786">
        <ele>273.463</ele>
        <time>2026-02-01T15:55:53Z</time>
      </trkpt>
      <trkpt lat="43.247384" lon="-2.559741">
        <ele>273.688</ele>
        <time>2026-02-01T15:55:54Z</time>
      </trkpt>
      <trkpt lat="43.247394" lon="-2.559698">
        <ele>273.837</ele>
        <time>2026-02-01T15:55:55Z</time>
      </trkpt>
      <trkpt lat="43.247405" lon="-2.559661">
        <ele>274.296</ele>
        <time>2026-02-01T15:55:56Z</time>
      </trkpt>
      <trkpt lat="43.247418" lon="-2.559622">
        <ele>274.474</ele>
        <time>2026-02-01T15:55:57Z</time>
      </trkpt>
      <trkpt lat="43.247429" lon="-2.559582">
        <ele>274.856</ele>
        <time>2026-02-01T15:55:58Z</time>
      </trkpt>
      <trkpt lat="43.247443" lon="-2.559541">
        <ele>275.221</ele>
        <time>2026-02-01T15:55:59Z</time>
      </trkpt>
      <trkpt lat="43.247461" lon="-2.559504">
        <ele>275.409</ele>
        <time>2026-02-01T15:56:00Z</time>
      </trkpt>
      <trkpt lat="43.247478" lon="-2.559469">
        <ele>275.819</ele>
        <time>2026-02-01T15:56:01Z</time>
      </trkpt>
      <trkpt lat="43.247500" lon="-2.559443">
        <ele>276.011</ele>
        <time>2026-02-01T15:56:02Z</time>
      </trkpt>
      <trkpt lat="43.247527" lon="-2.559420">
        <ele>276.266</ele>
        <time>2026-02-01T15:56:03Z</time>
      </trkpt>
      <trkpt lat="43.247557" lon="-2.559401">
        <ele>276.687</ele>
        <time>2026-02-01T15:56:04Z</time>
      </trkpt>
      <trkpt lat="43.247585" lon="-2.559388">
        <ele>277.094</ele>
        <time>2026-02-01T15:56:05Z</time>
      </trkpt>
      <trkpt lat="43.247613" lon="-2.559374">
        <ele>277.219</ele>
        <time>2026-02-01T15:56:06Z</time>
      </trkpt>
      <trkpt lat="43.247641" lon="-2.559362">
        <ele>277.414</ele>
        <time>2026-02-01T15:56:07Z</time>
      </trkpt>
      <trkpt lat="43.247669" lon="-2.559358">
        <ele>277.843</ele>
        <time>2026-02-01T15:56:08Z</time>
      </trkpt>
      <trkpt lat="43.247697" lon="-2.559359">
        <ele>278.242</ele>
        <time>2026-02-01T15:56:09Z</time>
      </trkpt>
      <trkpt lat="43.247729" lon="-2.559362">
        <ele>278.424</ele>
        <time>2026-02-01T15:56:10Z</time>
      </trkpt>
      <trkpt lat="43.247758" lon="-2.559372">
        <ele>278.604</ele>
        <time>2026-02-01T15:56:11Z</time>
      </trkpt>
      <trkpt lat="43.247786" lon="-2.559389">
        <ele>278.814</ele>
        <time>2026-02-01T15:56:12Z</time>
      </trkpt>
      <trkpt lat="43.247817" lon="-2.559410">
        <ele>279.009</ele>
        <time>2026-02-01T15:56:13Z</time>
      </trkpt>
      <trkpt lat="43.247843" lon="-2.559435">
        <ele>279.064</ele>
        <time>2026-02-01T15:56:14Z</time>
      </trkpt>
      <trkpt lat="43.247863" lon="-2.559471">
        <ele>279.276</ele>
        <time>2026-02-01T15:56:15Z</time>
      </trkpt>
      <trkpt lat="43.247880" lon="-2.559505">
        <ele>279.491</ele>
        <time>2026-02-01T15:56:16Z</time>
      </trkpt>
      <trkpt lat="43.247896" lon="-2.559538">
        <ele>279.622</ele>
        <time>2026-02-01T15:56:17Z</time>
      </trkpt>
      <trkpt lat="43.247912" lon="-2.559575">
        <ele>279.829</ele>
        <time>2026-02-01T15:56:18Z</time>
      </trkpt>
      <trkpt lat="43.247926" lon="-2.559613">
        <ele>280.024</ele>
        <time>2026-02-01T15:56:19Z</time>
      </trkpt>
      <trkpt lat="43.247941" lon="-2.559651">
        <ele>280.259</ele>
        <time>2026-02-01T15:56:20Z</time>
      </trkpt>
      <trkpt lat="43.247959" lon="-2.559691">
        <ele>280.458</ele>
        <time>2026-02-01T15:56:21Z</time>
      </trkpt>
      <trkpt lat="43.247978" lon="-2.559722">
        <ele>280.897</ele>
        <time>2026-02-01T15:56:22Z</time>
      </trkpt>
      <trkpt lat="43.247996" lon="-2.559757">
        <ele>281.032</ele>
        <time>2026-02-01T15:56:23Z</time>
      </trkpt>
      <trkpt lat="43.248012" lon="-2.559793">
        <ele>281.492</ele>
        <time>2026-02-01T15:56:24Z</time>
      </trkpt>
      <trkpt lat="43.248028" lon="-2.559829">
        <ele>281.611</ele>
        <time>2026-02-01T15:56:25Z</time>
      </trkpt>
      <trkpt lat="43.248048" lon="-2.559863">
        <ele>282.009</ele>
        <time>2026-02-01T15:56:26Z</time>
      </trkpt>
      <trkpt lat="43.248063" lon="-2.559895">
        <ele>282.245</ele>
        <time>2026-02-01T15:56:27Z</time>
      </trkpt>
      <trkpt lat="43.248080" lon="-2.559932">
        <ele>282.647</ele>
        <time>2026-02-01T15:56:28Z</time>
      </trkpt>
      <trkpt lat="43.248096" lon="-2.559964">
        <ele>283.042</ele>
        <time>2026-02-01T15:56:29Z</time>
      </trkpt>
      <trkpt lat="43.248113" lon="-2.559998">
        <ele>283.213</ele>
        <time>2026-02-01T15:56:30Z</time>
      </trkpt>
      <trkpt lat="43.248127" lon="-2.560032">
        <ele>283.640</ele>
        <time>2026-02-01T15:56:31Z</time>
      </trkpt>
      <trkpt lat="43.248140" lon="-2.560071">
        <ele>283.875</ele>
        <time>2026-02-01T15:56:32Z</time>
      </trkpt>
      <trkpt lat="43.248157" lon="-2.560109">
        <ele>284.020</ele>
        <time>2026-02-01T15:56:33Z</time>
      </trkpt>
      <trkpt lat="43.248172" lon="-2.560147">
        <ele>284.229</ele>
        <time>2026-02-01T15:56:34Z</time>
      </trkpt>
      <trkpt lat="43.248185" lon="-2.560184">
        <ele>284.638</ele>
        <time>2026-02-01T15:56:35Z</time>
      </trkpt>
      <trkpt lat="43.248195" lon="-2.560218">
        <ele>285.052</ele>
        <time>2026-02-01T15:56:36Z</time>
      </trkpt>
      <trkpt lat="43.248206" lon="-2.560252">
        <ele>285.453</ele>
        <time>2026-02-01T15:56:37Z</time>
      </trkpt>
      <trkpt lat="43.248216" lon="-2.560284">
        <ele>285.808</ele>
        <time>2026-02-01T15:56:38Z</time>
      </trkpt>
      <trkpt lat="43.248224" lon="-2.560316">
        <ele>286.209</ele>
        <time>2026-02-01T15:56:39Z</time>
      </trkpt>
      <trkpt lat="43.248230" lon="-2.560348">
        <ele>286.677</ele>
        <time>2026-02-01T15:56:40Z</time>
      </trkpt>
      <trkpt lat="43.248236" lon="-2.560384">
        <ele>287.029</ele>
        <time>2026-02-01T15:56:41Z</time>
      </trkpt>
      <trkpt lat="43.248244" lon="-2.560420">
        <ele>287.424</ele>
        <time>2026-02-01T15:56:42Z</time>
      </trkpt>
      <trkpt lat="43.248249" lon="-2.560454">
        <ele>287.865</ele>
        <time>2026-02-01T15:56:43Z</time>
      </trkpt>
      <trkpt lat="43.248252" lon="-2.560487">
        <ele>288.292</ele>
        <time>2026-02-01T15:56:44Z</time>
      </trkpt>
      <trkpt lat="43.248260" lon="-2.560516">
        <ele>288.427</ele>
        <time>2026-02-01T15:56:45Z</time>
      </trkpt>
      <trkpt lat="43.248271" lon="-2.560550">
        <ele>288.832</ele>
        <time>2026-02-01T15:56:46Z</time>
      </trkpt>
      <trkpt lat="43.248280" lon="-2.560582">
        <ele>289.031</ele>
        <time>2026-02-01T15:56:47Z</time>
      </trkpt>
      <trkpt lat="43.248288" lon="-2.560614">
        <ele>289.470</ele>
        <time>2026-02-01T15:56:48Z</time>
      </trkpt>
      <trkpt lat="43.248295" lon="-2.560650">
        <ele>289.631</ele>
        <time>2026-02-01T15:56:49Z</time>
      </trkpt>
      <trkpt lat="43.248301" lon="-2.560685">
        <ele>290.261</ele>
        <time>2026-02-01T15:56:50Z</time>
      </trkpt>
      <trkpt lat="43.248307" lon="-2.560719">
        <ele>290.407</ele>
        <time>2026-02-01T15:56:51Z</time>
      </trkpt>
      <trkpt lat="43.248314" lon="-2.560751">
        <ele>290.809</ele>
        <time>2026-02-01T15:56:52Z</time>
      </trkpt>
      <trkpt lat="43.248321" lon="-2.560784">
        <ele>291.095</ele>
        <time>2026-02-01T15:56:53Z</time>
      </trkpt>
      <trkpt lat="43.248328" lon="-2.560821">
        <ele>291.437</ele>
        <time>2026-02-01T15:56:54Z</time>
      </trkpt>
      <trkpt lat="43.248334" lon="-2.560852">
        <ele>291.862</ele>
        <time>2026-02-01T15:56:55Z</time>
      </trkpt>
      <trkpt lat="43.248341" lon="-2.560887">
        <ele>292.033</ele>
        <time>2026-02-01T15:56:56Z</time>
      </trkpt>
      <trkpt lat="43.248347" lon="-2.560921">
        <ele>292.230</ele>
        <time>2026-02-01T15:56:57Z</time>
      </trkpt>
      <trkpt lat="43.248352" lon="-2.560953">
        <ele>292.665</ele>
        <time>2026-02-01T15:56:58Z</time>
      </trkpt>
      <trkpt lat="43.248358" lon="-2.560987">
        <ele>292.820</ele>
        <time>2026-02-01T15:56:59Z</time>
      </trkpt>
      <trkpt lat="43.248364" lon="-2.561023">
        <ele>293.219</ele>
        <time>2026-02-01T15:57:00Z</time>
      </trkpt>
      <trkpt lat="43.248377" lon="-2.561052">
        <ele>293.478</ele>
        <time>2026-02-01T15:57:01Z</time>
      </trkpt>
      <trkpt lat="43.248383" lon="-2.561088">
        <ele>293.695</ele>
        <time>2026-02-01T15:57:02Z</time>
      </trkpt>
      <trkpt lat="43.248389" lon="-2.561126">
        <ele>293.849</ele>
        <time>2026-02-01T15:57:03Z</time>
      </trkpt>
      <trkpt lat="43.248389" lon="-2.561161">
        <ele>294.023</ele>
        <time>2026-02-01T15:57:04Z</time>
      </trkpt>
      <trkpt lat="43.248389" lon="-2.561199">
        <ele>294.409</ele>
        <time>2026-02-01T15:57:05Z</time>
      </trkpt>
      <trkpt lat="43.248398" lon="-2.561231">
        <ele>294.871</ele>
        <time>2026-02-01T15:57:06Z</time>
      </trkpt>
      <trkpt lat="43.248407" lon="-2.561267">
        <ele>295.283</ele>
        <time>2026-02-01T15:57:07Z</time>
      </trkpt>
      <trkpt lat="43.248413" lon="-2.561303">
        <ele>295.818</ele>
        <time>2026-02-01T15:57:08Z</time>
      </trkpt>
      <trkpt lat="43.248419" lon="-2.561331">
        <ele>296.239</ele>
        <time>2026-02-01T15:57:09Z</time>
      </trkpt>
      <trkpt lat="43.248426" lon="-2.561360">
        <ele>296.496</ele>
        <time>2026-02-01T15:57:10Z</time>
      </trkpt>
      <trkpt lat="43.248432" lon="-2.561396">
        <ele>296.841</ele>
        <time>2026-02-01T15:57:11Z</time>
      </trkpt>
      <trkpt lat="43.248438" lon="-2.561434">
        <ele>297.046</ele>
        <time>2026-02-01T15:57:12Z</time>
      </trkpt>
      <trkpt lat="43.248447" lon="-2.561472">
        <ele>297.475</ele>
        <time>2026-02-01T15:57:13Z</time>
      </trkpt>
      <trkpt lat="43.248456" lon="-2.561509">
        <ele>297.654</ele>
        <time>2026-02-01T15:57:14Z</time>
      </trkpt>
      <trkpt lat="43.248464" lon="-2.561549">
        <ele>298.013</ele>
        <time>2026-02-01T15:57:15Z</time>
      </trkpt>
      <trkpt lat="43.248469" lon="-2.561588">
        <ele>298.243</ele>
        <time>2026-02-01T15:57:16Z</time>
      </trkpt>
      <trkpt lat="43.248474" lon="-2.561626">
        <ele>298.607</ele>
        <time>2026-02-01T15:57:17Z</time>
      </trkpt>
      <trkpt lat="43.248480" lon="-2.561664">
        <ele>298.809</ele>
        <time>2026-02-01T15:57:18Z</time>
      </trkpt>
      <trkpt lat="43.248489" lon="-2.561703">
        <ele>299.033</ele>
        <time>2026-02-01T15:57:19Z</time>
      </trkpt>
      <trkpt lat="43.248497" lon="-2.561743">
        <ele>299.415</ele>
        <time>2026-02-01T15:57:20Z</time>
      </trkpt>
      <trkpt lat="43.248503" lon="-2.561785">
        <ele>299.660</ele>
        <time>2026-02-01T15:57:21Z</time>
      </trkpt>
      <trkpt lat="43.248513" lon="-2.561825">
        <ele>299.651</ele>
        <time>2026-02-01T15:57:22Z</time>
      </trkpt>
      <trkpt lat="43.248520" lon="-2.561864">
        <ele>299.878</ele>
        <time>2026-02-01T15:57:23Z</time>
      </trkpt>
      <trkpt lat="43.248523" lon="-2.561907">
        <ele>300.053</ele>
        <time>2026-02-01T15:57:24Z</time>
      </trkpt>
      <trkpt lat="43.248528" lon="-2.561953">
        <ele>300.218</ele>
        <time>2026-02-01T15:57:25Z</time>
      </trkpt>
      <trkpt lat="43.248534" lon="-2.561999">
        <ele>300.247</ele>
        <time>2026-02-01T15:57:26Z</time>
      </trkpt>
      <trkpt lat="43.248538" lon="-2.562041">
        <ele>300.226</ele>
        <time>2026-02-01T15:57:27Z</time>
      </trkpt>
      <trkpt lat="43.248540" lon="-2.562081">
        <ele>300.278</ele>
        <time>2026-02-01T15:57:28Z</time>
      </trkpt>
      <trkpt lat="43.248542" lon="-2.562120">
        <ele>300.433</ele>
        <time>2026-02-01T15:57:29Z</time>
      </trkpt>
      <trkpt lat="43.248542" lon="-2.562162">
        <ele>300.626</ele>
        <time>2026-02-01T15:57:30Z</time>
      </trkpt>
      <trkpt lat="43.248541" lon="-2.562202">
        <ele>300.809</ele>
        <time>2026-02-01T15:57:31Z</time>
      </trkpt>
      <trkpt lat="43.248543" lon="-2.562245">
        <ele>300.819</ele>
        <time>2026-02-01T15:57:32Z</time>
      </trkpt>
      <trkpt lat="43.248548" lon="-2.562284">
        <ele>301.041</ele>
        <time>2026-02-01T15:57:33Z</time>
      </trkpt>
      <trkpt lat="43.248549" lon="-2.562320">
        <ele>301.246</ele>
        <time>2026-02-01T15:57:34Z</time>
      </trkpt>
      <trkpt lat="43.248550" lon="-2.562358">
        <ele>301.257</ele>
        <time>2026-02-01T15:57:35Z</time>
      </trkpt>
      <trkpt lat="43.248551" lon="-2.562398">
        <ele>301.484</ele>
        <time>2026-02-01T15:57:36Z</time>
      </trkpt>
      <trkpt lat="43.248550" lon="-2.562437">
        <ele>301.429</ele>
        <time>2026-02-01T15:57:37Z</time>
      </trkpt>
      <trkpt lat="43.248547" lon="-2.562478">
        <ele>301.434</ele>
        <time>2026-02-01T15:57:38Z</time>
      </trkpt>
      <trkpt lat="43.248541" lon="-2.562523">
        <ele>301.493</ele>
        <time>2026-02-01T15:57:39Z</time>
      </trkpt>
      <trkpt lat="43.248542" lon="-2.562570">
        <ele>301.412</ele>
        <time>2026-02-01T15:57:40Z</time>
      </trkpt>
      <trkpt lat="43.248544" lon="-2.562609">
        <ele>301.484</ele>
        <time>2026-02-01T15:57:41Z</time>
      </trkpt>
      <trkpt lat="43.248541" lon="-2.562649">
        <ele>301.407</ele>
        <time>2026-02-01T15:57:42Z</time>
      </trkpt>
      <trkpt lat="43.248534" lon="-2.562689">
        <ele>301.417</ele>
        <time>2026-02-01T15:57:43Z</time>
      </trkpt>
      <trkpt lat="43.248524" lon="-2.562729">
        <ele>301.609</ele>
        <time>2026-02-01T15:57:44Z</time>
      </trkpt>
      <trkpt lat="43.248511" lon="-2.562768">
        <ele>301.620</ele>
        <time>2026-02-01T15:57:45Z</time>
      </trkpt>
      <trkpt lat="43.248501" lon="-2.562810">
        <ele>301.862</ele>
        <time>2026-02-01T15:57:46Z</time>
      </trkpt>
      <trkpt lat="43.248494" lon="-2.562851">
        <ele>302.067</ele>
        <time>2026-02-01T15:57:47Z</time>
      </trkpt>
      <trkpt lat="43.248486" lon="-2.562890">
        <ele>302.268</ele>
        <time>2026-02-01T15:57:48Z</time>
      </trkpt>
      <trkpt lat="43.248475" lon="-2.562927">
        <ele>302.265</ele>
        <time>2026-02-01T15:57:49Z</time>
      </trkpt>
      <trkpt lat="43.248463" lon="-2.562959">
        <ele>302.630</ele>
        <time>2026-02-01T15:57:50Z</time>
      </trkpt>
      <trkpt lat="43.248449" lon="-2.562993">
        <ele>302.865</ele>
        <time>2026-02-01T15:57:51Z</time>
      </trkpt>
      <trkpt lat="43.248430" lon="-2.563025">
        <ele>303.254</ele>
        <time>2026-02-01T15:57:52Z</time>
      </trkpt>
      <trkpt lat="43.248408" lon="-2.563055">
        <ele>303.433</ele>
        <time>2026-02-01T15:57:53Z</time>
      </trkpt>
      <trkpt lat="43.248385" lon="-2.563081">
        <ele>303.829</ele>
        <time>2026-02-01T15:57:54Z</time>
      </trkpt>
      <trkpt lat="43.248365" lon="-2.563110">
        <ele>304.000</ele>
        <time>2026-02-01T15:57:55Z</time>
      </trkpt>
      <trkpt lat="43.248344" lon="-2.563147">
        <ele>304.220</ele>
        <time>2026-02-01T15:57:56Z</time>
      </trkpt>
      <trkpt lat="43.248323" lon="-2.563180">
        <ele>304.409</ele>
        <time>2026-02-01T15:57:57Z</time>
      </trkpt>
      <trkpt lat="43.248301" lon="-2.563206">
        <ele>304.884</ele>
        <time>2026-02-01T15:57:58Z</time>
      </trkpt>
      <trkpt lat="43.248274" lon="-2.563229">
        <ele>305.266</ele>
        <time>2026-02-01T15:57:59Z</time>
      </trkpt>
      <trkpt lat="43.248249" lon="-2.563252">
        <ele>305.621</ele>
        <time>2026-02-01T15:58:00Z</time>
      </trkpt>
      <trkpt lat="43.248227" lon="-2.563280">
        <ele>306.232</ele>
        <time>2026-02-01T15:58:01Z</time>
      </trkpt>
      <trkpt lat="43.248203" lon="-2.563306">
        <ele>306.439</ele>
        <time>2026-02-01T15:58:02Z</time>
      </trkpt>
      <trkpt lat="43.248180" lon="-2.563334">
        <ele>306.864</ele>
        <time>2026-02-01T15:58:03Z</time>
      </trkpt>
      <trkpt lat="43.248160" lon="-2.563370">
        <ele>307.049</ele>
        <time>2026-02-01T15:58:04Z</time>
      </trkpt>
      <trkpt lat="43.248145" lon="-2.563407">
        <ele>307.268</ele>
        <time>2026-02-01T15:58:05Z</time>
      </trkpt>
      <trkpt lat="43.248131" lon="-2.563439">
        <ele>307.677</ele>
        <time>2026-02-01T15:58:06Z</time>
      </trkpt>
      <trkpt lat="43.248114" lon="-2.563472">
        <ele>307.872</ele>
        <time>2026-02-01T15:58:07Z</time>
      </trkpt>
      <trkpt lat="43.248093" lon="-2.563503">
        <ele>308.213</ele>
        <time>2026-02-01T15:58:08Z</time>
      </trkpt>
      <trkpt lat="43.248069" lon="-2.563528">
        <ele>308.614</ele>
        <time>2026-02-01T15:58:09Z</time>
      </trkpt>
      <trkpt lat="43.248042" lon="-2.563550">
        <ele>309.209</ele>
        <time>2026-02-01T15:58:10Z</time>
      </trkpt>
      <trkpt lat="43.248018" lon="-2.563566">
        <ele>309.649</ele>
        <time>2026-02-01T15:58:11Z</time>
      </trkpt>
      <trkpt lat="43.247989" lon="-2.563579">
        <ele>310.071</ele>
        <time>2026-02-01T15:58:12Z</time>
      </trkpt>
      <trkpt lat="43.247960" lon="-2.563594">
        <ele>310.486</ele>
        <time>2026-02-01T15:58:13Z</time>
      </trkpt>
      <trkpt lat="43.247932" lon="-2.563610">
        <ele>310.647</ele>
        <time>2026-02-01T15:58:14Z</time>
      </trkpt>
      <trkpt lat="43.247901" lon="-2.563620">
        <ele>310.844</ele>
        <time>2026-02-01T15:58:15Z</time>
      </trkpt>
      <trkpt lat="43.247868" lon="-2.563628">
        <ele>311.099</ele>
        <time>2026-02-01T15:58:16Z</time>
      </trkpt>
      <trkpt lat="43.247833" lon="-2.563632">
        <ele>311.214</ele>
        <time>2026-02-01T15:58:17Z</time>
      </trkpt>
      <trkpt lat="43.247798" lon="-2.563634">
        <ele>311.263</ele>
        <time>2026-02-01T15:58:18Z</time>
      </trkpt>
      <trkpt lat="43.247764" lon="-2.563637">
        <ele>311.442</ele>
        <time>2026-02-01T15:58:19Z</time>
      </trkpt>
      <trkpt lat="43.247730" lon="-2.563640">
        <ele>311.696</ele>
        <time>2026-02-01T15:58:20Z</time>
      </trkpt>
      <trkpt lat="43.247697" lon="-2.563639">
        <ele>311.831</ele>
        <time>2026-02-01T15:58:21Z</time>
      </trkpt>
      <trkpt lat="43.247661" lon="-2.563640">
        <ele>311.824</ele>
        <time>2026-02-01T15:58:22Z</time>
      </trkpt>
      <trkpt lat="43.247627" lon="-2.563644">
        <ele>312.009</ele>
        <time>2026-02-01T15:58:23Z</time>
      </trkpt>
      <trkpt lat="43.247592" lon="-2.563655">
        <ele>312.011</ele>
        <time>2026-02-01T15:58:24Z</time>
      </trkpt>
      <trkpt lat="43.247558" lon="-2.563673">
        <ele>312.063</ele>
        <time>2026-02-01T15:58:25Z</time>
      </trkpt>
      <trkpt lat="43.247527" lon="-2.563701">
        <ele>312.068</ele>
        <time>2026-02-01T15:58:26Z</time>
      </trkpt>
      <trkpt lat="43.247501" lon="-2.563733">
        <ele>312.039</ele>
        <time>2026-02-01T15:58:27Z</time>
      </trkpt>
      <trkpt lat="43.247478" lon="-2.563772">
        <ele>312.056</ele>
        <time>2026-02-01T15:58:28Z</time>
      </trkpt>
      <trkpt lat="43.247461" lon="-2.563812">
        <ele>312.281</ele>
        <time>2026-02-01T15:58:29Z</time>
      </trkpt>
      <trkpt lat="43.247443" lon="-2.563852">
        <ele>312.256</ele>
        <time>2026-02-01T15:58:30Z</time>
      </trkpt>
      <trkpt lat="43.247423" lon="-2.563893">
        <ele>312.495</ele>
        <time>2026-02-01T15:58:31Z</time>
      </trkpt>
      <trkpt lat="43.247402" lon="-2.563934">
        <ele>312.464</ele>
        <time>2026-02-01T15:58:32Z</time>
      </trkpt>
      <trkpt lat="43.247381" lon="-2.563974">
        <ele>312.691</ele>
        <time>2026-02-01T15:58:33Z</time>
      </trkpt>
      <trkpt lat="43.247361" lon="-2.564016">
        <ele>312.881</ele>
        <time>2026-02-01T15:58:34Z</time>
      </trkpt>
      <trkpt lat="43.247344" lon="-2.564058">
        <ele>312.819</ele>
        <time>2026-02-01T15:58:35Z</time>
      </trkpt>
      <trkpt lat="43.247323" lon="-2.564098">
        <ele>313.009</ele>
        <time>2026-02-01T15:58:36Z</time>
      </trkpt>
      <trkpt lat="43.247301" lon="-2.564136">
        <ele>313.291</ele>
        <time>2026-02-01T15:58:37Z</time>
      </trkpt>
      <trkpt lat="43.247278" lon="-2.564175">
        <ele>313.273</ele>
        <time>2026-02-01T15:58:38Z</time>
      </trkpt>
      <trkpt lat="43.247253" lon="-2.564208">
        <ele>313.438</ele>
        <time>2026-02-01T15:58:39Z</time>
      </trkpt>
      <trkpt lat="43.247227" lon="-2.564242">
        <ele>313.629</ele>
        <time>2026-02-01T15:58:40Z</time>
      </trkpt>
      <trkpt lat="43.247200" lon="-2.564278">
        <ele>313.886</ele>
        <time>2026-02-01T15:58:41Z</time>
      </trkpt>
      <trkpt lat="43.247174" lon="-2.564316">
        <ele>314.011</ele>
        <time>2026-02-01T15:58:42Z</time>
      </trkpt>
      <trkpt lat="43.247149" lon="-2.564347">
        <ele>314.456</ele>
        <time>2026-02-01T15:58:43Z</time>
      </trkpt>
      <trkpt lat="43.247126" lon="-2.564378">
        <ele>314.665</ele>
        <time>2026-02-01T15:58:44Z</time>
      </trkpt>
      <trkpt lat="43.247108" lon="-2.564411">
        <ele>314.884</ele>
        <time>2026-02-01T15:58:45Z</time>
      </trkpt>
      <trkpt lat="43.247094" lon="-2.564439">
        <ele>315.082</ele>
        <time>2026-02-01T15:58:46Z</time>
      </trkpt>
      <trkpt lat="43.247079" lon="-2.564463">
        <ele>315.243</ele>
        <time>2026-02-01T15:58:47Z</time>
      </trkpt>
      <trkpt lat="43.247062" lon="-2.564487">
        <ele>315.217</ele>
        <time>2026-02-01T15:58:48Z</time>
      </trkpt>
      <trkpt lat="43.247047" lon="-2.564517">
        <ele>315.409</ele>
        <time>2026-02-01T15:58:49Z</time>
      </trkpt>
      <trkpt lat="43.247030" lon="-2.564542">
        <ele>315.680</ele>
        <time>2026-02-01T15:58:50Z</time>
      </trkpt>
      <trkpt lat="43.247010" lon="-2.564564">
        <ele>315.892</ele>
        <time>2026-02-01T15:58:51Z</time>
      </trkpt>
      <trkpt lat="43.246987" lon="-2.564586">
        <ele>316.017</ele>
        <time>2026-02-01T15:58:52Z</time>
      </trkpt>
      <trkpt lat="43.246963" lon="-2.564596">
        <ele>316.288</ele>
        <time>2026-02-01T15:58:53Z</time>
      </trkpt>
      <trkpt lat="43.246937" lon="-2.564602">
        <ele>316.655</ele>
        <time>2026-02-01T15:58:54Z</time>
      </trkpt>
      <trkpt lat="43.246910" lon="-2.564602">
        <ele>316.820</ele>
        <time>2026-02-01T15:58:55Z</time>
      </trkpt>
      <trkpt lat="43.246887" lon="-2.564595">
        <ele>317.025</ele>
        <time>2026-02-01T15:58:56Z</time>
      </trkpt>
      <trkpt lat="43.246867" lon="-2.564580">
        <ele>317.454</ele>
        <time>2026-02-01T15:58:57Z</time>
      </trkpt>
      <trkpt lat="43.246848" lon="-2.564559">
        <ele>317.693</ele>
        <time>2026-02-01T15:58:58Z</time>
      </trkpt>
      <trkpt lat="43.246829" lon="-2.564535">
        <ele>318.033</ele>
        <time>2026-02-01T15:58:59Z</time>
      </trkpt>
      <trkpt lat="43.246806" lon="-2.564513">
        <ele>318.223</ele>
        <time>2026-02-01T15:59:00Z</time>
      </trkpt>
      <trkpt lat="43.246789" lon="-2.564483">
        <ele>318.415</ele>
        <time>2026-02-01T15:59:01Z</time>
      </trkpt>
      <trkpt lat="43.246778" lon="-2.564453">
        <ele>318.609</ele>
        <time>2026-02-01T15:59:02Z</time>
      </trkpt>
      <trkpt lat="43.246769" lon="-2.564420">
        <ele>319.025</ele>
        <time>2026-02-01T15:59:03Z</time>
      </trkpt>
      <trkpt lat="43.246758" lon="-2.564390">
        <ele>319.287</ele>
        <time>2026-02-01T15:59:04Z</time>
      </trkpt>
      <trkpt lat="43.246745" lon="-2.564363">
        <ele>319.642</ele>
        <time>2026-02-01T15:59:05Z</time>
      </trkpt>
      <trkpt lat="43.246734" lon="-2.564335">
        <ele>320.053</ele>
        <time>2026-02-01T15:59:06Z</time>
      </trkpt>
      <trkpt lat="43.246720" lon="-2.564303">
        <ele>320.430</ele>
        <time>2026-02-01T15:59:07Z</time>
      </trkpt>
      <trkpt lat="43.246708" lon="-2.564271">
        <ele>320.625</ele>
        <time>2026-02-01T15:59:08Z</time>
      </trkpt>
      <trkpt lat="43.246693" lon="-2.564236">
        <ele>320.810</ele>
        <time>2026-02-01T15:59:09Z</time>
      </trkpt>
      <trkpt lat="43.246684" lon="-2.564206">
        <ele>321.019</ele>
        <time>2026-02-01T15:59:10Z</time>
      </trkpt>
      <trkpt lat="43.246672" lon="-2.564174">
        <ele>321.268</ele>
        <time>2026-02-01T15:59:11Z</time>
      </trkpt>
      <trkpt lat="43.246660" lon="-2.564139">
        <ele>321.462</ele>
        <time>2026-02-01T15:59:12Z</time>
      </trkpt>
      <trkpt lat="43.246650" lon="-2.564107">
        <ele>321.883</ele>
        <time>2026-02-01T15:59:13Z</time>
      </trkpt>
      <trkpt lat="43.246642" lon="-2.564076">
        <ele>322.211</ele>
        <time>2026-02-01T15:59:14Z</time>
      </trkpt>
      <trkpt lat="43.246631" lon="-2.564043">
        <ele>322.409</ele>
        <time>2026-02-01T15:59:15Z</time>
      </trkpt>
      <trkpt lat="43.246619" lon="-2.564011">
        <ele>322.638</ele>
        <time>2026-02-01T15:59:16Z</time>
      </trkpt>
      <trkpt lat="43.246611" lon="-2.563975">
        <ele>322.850</ele>
        <time>2026-02-01T15:59:17Z</time>
      </trkpt>
      <trkpt lat="43.246602" lon="-2.563938">
        <ele>323.025</ele>
        <time>2026-02-01T15:59:18Z</time>
      </trkpt>
      <trkpt lat="43.246591" lon="-2.563905">
        <ele>323.046</ele>
        <time>2026-02-01T15:59:19Z</time>
      </trkpt>
      <trkpt lat="43.246582" lon="-2.563872">
        <ele>323.263</ele>
        <time>2026-02-01T15:59:20Z</time>
      </trkpt>
      <trkpt lat="43.246575" lon="-2.563839">
        <ele>323.238</ele>
        <time>2026-02-01T15:59:21Z</time>
      </trkpt>
      <trkpt lat="43.246566" lon="-2.563809">
        <ele>323.243</ele>
        <time>2026-02-01T15:59:22Z</time>
      </trkpt>
      <trkpt lat="43.246556" lon="-2.563778">
        <ele>323.412</ele>
        <time>2026-02-01T15:59:23Z</time>
      </trkpt>
      <trkpt lat="43.246550" lon="-2.563745">
        <ele>323.651</ele>
        <time>2026-02-01T15:59:24Z</time>
      </trkpt>
      <trkpt lat="43.246540" lon="-2.563710">
        <ele>323.868</ele>
        <time>2026-02-01T15:59:25Z</time>
      </trkpt>
      <trkpt lat="43.246530" lon="-2.563676">
        <ele>323.842</ele>
        <time>2026-02-01T15:59:26Z</time>
      </trkpt>
      <trkpt lat="43.246518" lon="-2.563639">
        <ele>324.226</ele>
        <time>2026-02-01T15:59:27Z</time>
      </trkpt>
      <trkpt lat="43.246507" lon="-2.563602">
        <ele>324.209</ele>
        <time>2026-02-01T15:59:28Z</time>
      </trkpt>
      <trkpt lat="43.246497" lon="-2.563569">
        <ele>324.498</ele>
        <time>2026-02-01T15:59:29Z</time>
      </trkpt>
      <trkpt lat="43.246486" lon="-2.563536">
        <ele>324.640</ele>
        <time>2026-02-01T15:59:30Z</time>
      </trkpt>
      <trkpt lat="43.246475" lon="-2.563501">
        <ele>325.025</ele>
        <time>2026-02-01T15:59:31Z</time>
      </trkpt>
      <trkpt lat="43.246467" lon="-2.563470">
        <ele>325.246</ele>
        <time>2026-02-01T15:59:32Z</time>
      </trkpt>
      <trkpt lat="43.246455" lon="-2.563435">
        <ele>325.413</ele>
        <time>2026-02-01T15:59:33Z</time>
      </trkpt>
      <trkpt lat="43.246445" lon="-2.563400">
        <ele>325.668</ele>
        <time>2026-02-01T15:59:34Z</time>
      </trkpt>
      <trkpt lat="43.246436" lon="-2.563368">
        <ele>325.833</ele>
        <time>2026-02-01T15:59:35Z</time>
      </trkpt>
      <trkpt lat="43.246424" lon="-2.563340">
        <ele>326.022</ele>
        <time>2026-02-01T15:59:36Z</time>
      </trkpt>
      <trkpt lat="43.246411" lon="-2.563304">
        <ele>326.041</ele>
        <time>2026-02-01T15:59:37Z</time>
      </trkpt>
      <trkpt lat="43.246400" lon="-2.563274">
        <ele>326.431</ele>
        <time>2026-02-01T15:59:38Z</time>
      </trkpt>
      <trkpt lat="43.246389" lon="-2.563243">
        <ele>326.661</ele>
        <time>2026-02-01T15:59:39Z</time>
      </trkpt>
      <trkpt lat="43.246376" lon="-2.563209">
        <ele>327.007</ele>
        <time>2026-02-01T15:59:40Z</time>
      </trkpt>
      <trkpt lat="43.246362" lon="-2.563178">
        <ele>327.209</ele>
        <time>2026-02-01T15:59:41Z</time>
      </trkpt>
      <trkpt lat="43.246349" lon="-2.563146">
        <ele>327.665</ele>
        <time>2026-02-01T15:59:42Z</time>
      </trkpt>
      <trkpt lat="43.246337" lon="-2.563115">
        <ele>327.877</ele>
        <time>2026-02-01T15:59:43Z</time>
      </trkpt>
      <trkpt lat="43.246328" lon="-2.563084">
        <ele>328.062</ele>
        <time>2026-02-01T15:59:44Z</time>
      </trkpt>
      <trkpt lat="43.246321" lon="-2.563049">
        <ele>328.693</ele>
        <time>2026-02-01T15:59:45Z</time>
      </trkpt>
      <trkpt lat="43.246313" lon="-2.563018">
        <ele>329.040</ele>
        <time>2026-02-01T15:59:46Z</time>
      </trkpt>
      <trkpt lat="43.246297" lon="-2.562986">
        <ele>329.065</ele>
        <time>2026-02-01T15:59:47Z</time>
      </trkpt>
      <trkpt lat="43.246276" lon="-2.562962">
        <ele>329.230</ele>
        <time>2026-02-01T15:59:48Z</time>
      </trkpt>
      <trkpt lat="43.246257" lon="-2.562941">
        <ele>329.649</ele>
        <time>2026-02-01T15:59:49Z</time>
      </trkpt>
      <trkpt lat="43.246242" lon="-2.562918">
        <ele>329.818</ele>
        <time>2026-02-01T15:59:50Z</time>
      </trkpt>
      <trkpt lat="43.246228" lon="-2.562895">
        <ele>330.067</ele>
        <time>2026-02-01T15:59:51Z</time>
      </trkpt>
      <trkpt lat="43.246210" lon="-2.562869">
        <ele>330.281</ele>
        <time>2026-02-01T15:59:52Z</time>
      </trkpt>
      <trkpt lat="43.246190" lon="-2.562849">
        <ele>330.619</ele>
        <time>2026-02-01T15:59:53Z</time>
      </trkpt>
      <trkpt lat="43.246173" lon="-2.562824">
        <ele>331.009</ele>
        <time>2026-02-01T15:59:54Z</time>
      </trkpt>
      <trkpt lat="43.246155" lon="-2.562795">
        <ele>331.278</ele>
        <time>2026-02-01T15:59:55Z</time>
      </trkpt>
      <trkpt lat="43.246137" lon="-2.562772">
        <ele>331.480</ele>
        <time>2026-02-01T15:59:56Z</time>
      </trkpt>
      <trkpt lat="43.246115" lon="-2.562746">
        <ele>331.885</ele>
        <time>2026-02-01T15:59:57Z</time>
      </trkpt>
      <trkpt lat="43.246096" lon="-2.562725">
        <ele>332.026</ele>
        <time>2026-02-01T15:59:58Z</time>
      </trkpt>
      <trkpt lat="43.246075" lon="-2.562704">
        <ele>332.253</ele>
        <time>2026-02-01T15:59:59Z</time>
      </trkpt>
      <trkpt lat="43.246056" lon="-2.562682">
        <ele>332.488</ele>
        <time>2026-02-01T16:00:00Z</time>
      </trkpt>
      <trkpt lat="43.246034" lon="-2.562659">
        <ele>332.893</ele>
        <time>2026-02-01T16:00:01Z</time>
      </trkpt>
      <trkpt lat="43.246010" lon="-2.562640">
        <ele>333.042</ele>
        <time>2026-02-01T16:00:02Z</time>
      </trkpt>
      <trkpt lat="43.245987" lon="-2.562620">
        <ele>333.271</ele>
        <time>2026-02-01T16:00:03Z</time>
      </trkpt>
      <trkpt lat="43.245961" lon="-2.562602">
        <ele>333.663</ele>
        <time>2026-02-01T16:00:04Z</time>
      </trkpt>
      <trkpt lat="43.245936" lon="-2.562588">
        <ele>333.844</ele>
        <time>2026-02-01T16:00:05Z</time>
      </trkpt>
      <trkpt lat="43.245910" lon="-2.562576">
        <ele>334.018</ele>
        <time>2026-02-01T16:00:06Z</time>
      </trkpt>
      <trkpt lat="43.245886" lon="-2.562570">
        <ele>334.009</ele>
        <time>2026-02-01T16:00:07Z</time>
      </trkpt>
      <trkpt lat="43.245860" lon="-2.562559">
        <ele>334.268</ele>
        <time>2026-02-01T16:00:08Z</time>
      </trkpt>
      <trkpt lat="43.245832" lon="-2.562553">
        <ele>334.430</ele>
        <time>2026-02-01T16:00:09Z</time>
      </trkpt>
      <trkpt lat="43.245805" lon="-2.562553">
        <ele>334.645</ele>
        <time>2026-02-01T16:00:10Z</time>
      </trkpt>
      <trkpt lat="43.245776" lon="-2.562557">
        <ele>334.896</ele>
        <time>2026-02-01T16:00:11Z</time>
      </trkpt>
      <trkpt lat="43.245750" lon="-2.562566">
        <ele>335.083</ele>
        <time>2026-02-01T16:00:12Z</time>
      </trkpt>
      <trkpt lat="43.245726" lon="-2.562579">
        <ele>335.448</ele>
        <time>2026-02-01T16:00:13Z</time>
      </trkpt>
      <trkpt lat="43.245704" lon="-2.562598">
        <ele>335.493</ele>
        <time>2026-02-01T16:00:14Z</time>
      </trkpt>
      <trkpt lat="43.245683" lon="-2.562622">
        <ele>335.672</ele>
        <time>2026-02-01T16:00:15Z</time>
      </trkpt>
      <trkpt lat="43.245663" lon="-2.562649">
        <ele>335.661</ele>
        <time>2026-02-01T16:00:16Z</time>
      </trkpt>
      <trkpt lat="43.245644" lon="-2.562677">
        <ele>336.037</ele>
        <time>2026-02-01T16:00:17Z</time>
      </trkpt>
      <trkpt lat="43.245627" lon="-2.562704">
        <ele>336.249</ele>
        <time>2026-02-01T16:00:18Z</time>
      </trkpt>
      <trkpt lat="43.245609" lon="-2.562730">
        <ele>336.413</ele>
        <time>2026-02-01T16:00:19Z</time>
      </trkpt>
      <trkpt lat="43.245594" lon="-2.562759">
        <ele>336.809</ele>
        <time>2026-02-01T16:00:20Z</time>
      </trkpt>
      <trkpt lat="43.245582" lon="-2.562787">
        <ele>337.045</ele>
        <time>2026-02-01T16:00:21Z</time>
      </trkpt>
      <trkpt lat="43.245567" lon="-2.562817">
        <ele>337.067</ele>
        <time>2026-02-01T16:00:22Z</time>
      </trkpt>
      <trkpt lat="43.245550" lon="-2.562850">
        <ele>337.292</ele>
        <time>2026-02-01T16:00:23Z</time>
      </trkpt>
      <trkpt lat="43.245529" lon="-2.562878">
        <ele>337.483</ele>
        <time>2026-02-01T16:00:24Z</time>
      </trkpt>
      <trkpt lat="43.245510" lon="-2.562903">
        <ele>337.620</ele>
        <time>2026-02-01T16:00:25Z</time>
      </trkpt>
      <trkpt lat="43.245490" lon="-2.562927">
        <ele>338.075</ele>
        <time>2026-02-01T16:00:26Z</time>
      </trkpt>
      <trkpt lat="43.245465" lon="-2.562945">
        <ele>338.420</ele>
        <time>2026-02-01T16:00:27Z</time>
      </trkpt>
      <trkpt lat="43.245441" lon="-2.562957">
        <ele>338.899</ele>
        <time>2026-02-01T16:00:28Z</time>
      </trkpt>
      <trkpt lat="43.245411" lon="-2.562962">
        <ele>339.228</ele>
        <time>2026-02-01T16:00:29Z</time>
      </trkpt>
      <trkpt lat="43.245384" lon="-2.562966">
        <ele>339.613</ele>
        <time>2026-02-01T16:00:30Z</time>
      </trkpt>
      <trkpt lat="43.245357" lon="-2.562976">
        <ele>339.843</ele>
        <time>2026-02-01T16:00:31Z</time>
      </trkpt>
      <trkpt lat="43.245335" lon="-2.562998">
        <ele>340.207</ele>
        <time>2026-02-01T16:00:32Z</time>
      </trkpt>
      <trkpt lat="43.245317" lon="-2.563022">
        <ele>340.409</ele>
        <time>2026-02-01T16:00:33Z</time>
      </trkpt>
      <trkpt lat="43.245298" lon="-2.563045">
        <ele>340.883</ele>
        <time>2026-02-01T16:00:34Z</time>
      </trkpt>
      <trkpt lat="43.245288" lon="-2.563078">
        <ele>341.065</ele>
        <time>2026-02-01T16:00:35Z</time>
      </trkpt>
      <trkpt lat="43.245280" lon="-2.563115">
        <ele>341.210</ele>
        <time>2026-02-01T16:00:36Z</time>
      </trkpt>
      <trkpt lat="43.245269" lon="-2.563151">
        <ele>341.671</ele>
        <time>2026-02-01T16:00:37Z</time>
      </trkpt>
      <trkpt lat="43.245262" lon="-2.563192">
        <ele>341.828</ele>
        <time>2026-02-01T16:00:38Z</time>
      </trkpt>
      <trkpt lat="43.245260" lon="-2.563228">
        <ele>342.223</ele>
        <time>2026-02-01T16:00:39Z</time>
      </trkpt>
      <trkpt lat="43.245254" lon="-2.563256">
        <ele>342.628</ele>
        <time>2026-02-01T16:00:40Z</time>
      </trkpt>
      <trkpt lat="43.245244" lon="-2.563284">
        <ele>343.047</ele>
        <time>2026-02-01T16:00:41Z</time>
      </trkpt>
      <trkpt lat="43.245237" lon="-2.563312">
        <ele>343.256</ele>
        <time>2026-02-01T16:00:42Z</time>
      </trkpt>
      <trkpt lat="43.245230" lon="-2.563339">
        <ele>343.686</ele>
        <time>2026-02-01T16:00:43Z</time>
      </trkpt>
      <trkpt lat="43.245222" lon="-2.563369">
        <ele>344.060</ele>
        <time>2026-02-01T16:00:44Z</time>
      </trkpt>
      <trkpt lat="43.245215" lon="-2.563402">
        <ele>344.226</ele>
        <time>2026-02-01T16:00:45Z</time>
      </trkpt>
      <trkpt lat="43.245206" lon="-2.563427">
        <ele>344.409</ele>
        <time>2026-02-01T16:00:46Z</time>
      </trkpt>
      <trkpt lat="43.245192" lon="-2.563451">
        <ele>344.690</ele>
        <time>2026-02-01T16:00:47Z</time>
      </trkpt>
      <trkpt lat="43.245173" lon="-2.563472">
        <ele>345.062</ele>
        <time>2026-02-01T16:00:48Z</time>
      </trkpt>
      <trkpt lat="43.245159" lon="-2.563492">
        <ele>345.477</ele>
        <time>2026-02-01T16:00:49Z</time>
      </trkpt>
      <trkpt lat="43.245139" lon="-2.563512">
        <ele>345.818</ele>
        <time>2026-02-01T16:00:50Z</time>
      </trkpt>
      <trkpt lat="43.245123" lon="-2.563534">
        <ele>346.215</ele>
        <time>2026-02-01T16:00:51Z</time>
      </trkpt>
      <trkpt lat="43.245106" lon="-2.563554">
        <ele>346.620</ele>
        <time>2026-02-01T16:00:52Z</time>
      </trkpt>
      <trkpt lat="43.245089" lon="-2.563569">
        <ele>346.815</ele>
        <time>2026-02-01T16:00:53Z</time>
      </trkpt>
      <trkpt lat="43.245072" lon="-2.563584">
        <ele>347.064</ele>
        <time>2026-02-01T16:00:54Z</time>
      </trkpt>
      <trkpt lat="43.245056" lon="-2.563599">
        <ele>347.073</ele>
        <time>2026-02-01T16:00:55Z</time>
      </trkpt>
      <trkpt lat="43.245035" lon="-2.563612">
        <ele>347.483</ele>
        <time>2026-02-01T16:00:56Z</time>
      </trkpt>
      <trkpt lat="43.245014" lon="-2.563624">
        <ele>347.625</ele>
        <time>2026-02-01T16:00:57Z</time>
      </trkpt>
      <trkpt lat="43.244991" lon="-2.563637">
        <ele>348.017</ele>
        <time>2026-02-01T16:00:58Z</time>
      </trkpt>
      <trkpt lat="43.244970" lon="-2.563653">
        <ele>348.209</ele>
        <time>2026-02-01T16:00:59Z</time>
      </trkpt>
      <trkpt lat="43.244951" lon="-2.563674">
        <ele>348.660</ele>
        <time>2026-02-01T16:01:00Z</time>
      </trkpt>
      <trkpt lat="43.244938" lon="-2.563703">
        <ele>348.612</ele>
        <time>2026-02-01T16:01:01Z</time>
      </trkpt>
      <trkpt lat="43.244925" lon="-2.563733">
        <ele>348.877</ele>
        <time>2026-02-01T16:01:02Z</time>
      </trkpt>
      <trkpt lat="43.244915" lon="-2.563759">
        <ele>349.018</ele>
        <time>2026-02-01T16:01:03Z</time>
      </trkpt>
      <trkpt lat="43.244909" lon="-2.563789">
        <ele>349.255</ele>
        <time>2026-02-01T16:01:04Z</time>
      </trkpt>
      <trkpt lat="43.244906" lon="-2.563823">
        <ele>349.410</ele>
        <time>2026-02-01T16:01:05Z</time>
      </trkpt>
      <trkpt lat="43.244901" lon="-2.563851">
        <ele>349.665</ele>
        <time>2026-02-01T16:01:06Z</time>
      </trkpt>
      <trkpt lat="43.244899" lon="-2.563880">
        <ele>350.044</ele>
        <time>2026-02-01T16:01:07Z</time>
      </trkpt>
      <trkpt lat="43.244897" lon="-2.563913">
        <ele>350.243</ele>
        <time>2026-02-01T16:01:08Z</time>
      </trkpt>
      <trkpt lat="43.244896" lon="-2.563946">
        <ele>350.485</ele>
        <time>2026-02-01T16:01:09Z</time>
      </trkpt>
      <trkpt lat="43.244894" lon="-2.563986">
        <ele>350.889</ele>
        <time>2026-02-01T16:01:10Z</time>
      </trkpt>
      <trkpt lat="43.244888" lon="-2.564016">
        <ele>351.217</ele>
        <time>2026-02-01T16:01:11Z</time>
      </trkpt>
      <trkpt lat="43.244882" lon="-2.564049">
        <ele>351.609</ele>
        <time>2026-02-01T16:01:12Z</time>
      </trkpt>
      <trkpt lat="43.244877" lon="-2.564078">
        <ele>352.240</ele>
        <time>2026-02-01T16:01:13Z</time>
      </trkpt>
      <trkpt lat="43.244876" lon="-2.564108">
        <ele>352.412</ele>
        <time>2026-02-01T16:01:14Z</time>
      </trkpt>
      <trkpt lat="43.244874" lon="-2.564139">
        <ele>352.477</ele>
        <time>2026-02-01T16:01:15Z</time>
      </trkpt>
      <trkpt lat="43.244874" lon="-2.564169">
        <ele>352.678</ele>
        <time>2026-02-01T16:01:16Z</time>
      </trkpt>
      <trkpt lat="43.244872" lon="-2.564195">
        <ele>353.045</ele>
        <time>2026-02-01T16:01:17Z</time>
      </trkpt>
      <trkpt lat="43.244865" lon="-2.564222">
        <ele>353.250</ele>
        <time>2026-02-01T16:01:18Z</time>
      </trkpt>
      <trkpt lat="43.244860" lon="-2.564257">
        <ele>353.295</ele>
        <time>2026-02-01T16:01:19Z</time>
      </trkpt>
      <trkpt lat="43.244850" lon="-2.564288">
        <ele>353.454</ele>
        <time>2026-02-01T16:01:20Z</time>
      </trkpt>
      <trkpt lat="43.244842" lon="-2.564317">
        <ele>353.673</ele>
        <time>2026-02-01T16:01:21Z</time>
      </trkpt>
      <trkpt lat="43.244831" lon="-2.564341">
        <ele>353.871</ele>
        <time>2026-02-01T16:01:22Z</time>
      </trkpt>
      <trkpt lat="43.244817" lon="-2.564367">
        <ele>354.041</ele>
        <time>2026-02-01T16:01:23Z</time>
      </trkpt>
      <trkpt lat="43.244802" lon="-2.564391">
        <ele>354.415</ele>
        <time>2026-02-01T16:01:24Z</time>
      </trkpt>
      <trkpt lat="43.244787" lon="-2.564421">
        <ele>354.809</ele>
        <time>2026-02-01T16:01:25Z</time>
      </trkpt>
      <trkpt lat="43.244775" lon="-2.564447">
        <ele>355.039</ele>
        <time>2026-02-01T16:01:26Z</time>
      </trkpt>
      <trkpt lat="43.244758" lon="-2.564476">
        <ele>355.451</ele>
        <time>2026-02-01T16:01:27Z</time>
      </trkpt>
      <trkpt lat="43.244745" lon="-2.564505">
        <ele>355.826</ele>
        <time>2026-02-01T16:01:28Z</time>
      </trkpt>
      <trkpt lat="43.244738" lon="-2.564540">
        <ele>356.037</ele>
        <time>2026-02-01T16:01:29Z</time>
      </trkpt>
      <trkpt lat="43.244734" lon="-2.564579">
        <ele>356.454</ele>
        <time>2026-02-01T16:01:30Z</time>
      </trkpt>
      <trkpt lat="43.244730" lon="-2.564624">
        <ele>356.459</ele>
        <time>2026-02-01T16:01:31Z</time>
      </trkpt>
      <trkpt lat="43.244736" lon="-2.564667">
        <ele>356.654</ele>
        <time>2026-02-01T16:01:32Z</time>
      </trkpt>
      <trkpt lat="43.244749" lon="-2.564698">
        <ele>356.843</ele>
        <time>2026-02-01T16:01:33Z</time>
      </trkpt>
      <trkpt lat="43.244759" lon="-2.564731">
        <ele>356.892</ele>
        <time>2026-02-01T16:01:34Z</time>
      </trkpt>
      <trkpt lat="43.244777" lon="-2.564764">
        <ele>357.048</ele>
        <time>2026-02-01T16:01:35Z</time>
      </trkpt>
      <trkpt lat="43.244791" lon="-2.564799">
        <ele>357.261</ele>
        <time>2026-02-01T16:01:36Z</time>
      </trkpt>
      <trkpt lat="43.244807" lon="-2.564833">
        <ele>357.417</ele>
        <time>2026-02-01T16:01:37Z</time>
      </trkpt>
      <trkpt lat="43.244826" lon="-2.564867">
        <ele>357.609</ele>
        <time>2026-02-01T16:01:38Z</time>
      </trkpt>
      <trkpt lat="43.244842" lon="-2.564898">
        <ele>357.696</ele>
        <time>2026-02-01T16:01:39Z</time>
      </trkpt>
      <trkpt lat="43.244858" lon="-2.564930">
        <ele>357.848</ele>
        <time>2026-02-01T16:01:40Z</time>
      </trkpt>
      <trkpt lat="43.244874" lon="-2.564957">
        <ele>358.043</ele>
        <time>2026-02-01T16:01:41Z</time>
      </trkpt>
      <trkpt lat="43.244889" lon="-2.564987">
        <ele>358.474</ele>
        <time>2026-02-01T16:01:42Z</time>
      </trkpt>
      <trkpt lat="43.244903" lon="-2.565019">
        <ele>358.631</ele>
        <time>2026-02-01T16:01:43Z</time>
      </trkpt>
      <trkpt lat="43.244919" lon="-2.565051">
        <ele>359.066</ele>
        <time>2026-02-01T16:01:44Z</time>
      </trkpt>
      <trkpt lat="43.244936" lon="-2.565082">
        <ele>359.431</ele>
        <time>2026-02-01T16:01:45Z</time>
      </trkpt>
      <trkpt lat="43.244956" lon="-2.565114">
        <ele>359.670</ele>
        <time>2026-02-01T16:01:46Z</time>
      </trkpt>
      <trkpt lat="43.244971" lon="-2.565148">
        <ele>359.879</ele>
        <time>2026-02-01T16:01:47Z</time>
      </trkpt>
      <trkpt lat="43.244986" lon="-2.565184">
        <ele>360.098</ele>
        <time>2026-02-01T16:01:48Z</time>
      </trkpt>
      <trkpt lat="43.245006" lon="-2.565213">
        <ele>360.215</ele>
        <time>2026-02-01T16:01:49Z</time>
      </trkpt>
      <trkpt lat="43.245025" lon="-2.565234">
        <ele>360.426</ele>
        <time>2026-02-01T16:01:50Z</time>
      </trkpt>
      <trkpt lat="43.245041" lon="-2.565265">
        <ele>360.409</ele>
        <time>2026-02-01T16:01:51Z</time>
      </trkpt>
      <trkpt lat="43.245052" lon="-2.565300">
        <ele>360.851</ele>
        <time>2026-02-01T16:01:52Z</time>
      </trkpt>
      <trkpt lat="43.245063" lon="-2.565329">
        <ele>361.083</ele>
        <time>2026-02-01T16:01:53Z</time>
      </trkpt>
      <trkpt lat="43.245076" lon="-2.565358">
        <ele>361.448</ele>
        <time>2026-02-01T16:01:54Z</time>
      </trkpt>
      <trkpt lat="43.245091" lon="-2.565387">
        <ele>361.649</ele>
        <time>2026-02-01T16:01:55Z</time>
      </trkpt>
      <trkpt lat="43.245110" lon="-2.565417">
        <ele>362.066</ele>
        <time>2026-02-01T16:01:56Z</time>
      </trkpt>
      <trkpt lat="43.245131" lon="-2.565443">
        <ele>362.231</ele>
        <time>2026-02-01T16:01:57Z</time>
      </trkpt>
      <trkpt lat="43.245153" lon="-2.565464">
        <ele>362.226</ele>
        <time>2026-02-01T16:01:58Z</time>
      </trkpt>
      <trkpt lat="43.245179" lon="-2.565483">
        <ele>362.425</ele>
        <time>2026-02-01T16:01:59Z</time>
      </trkpt>
      <trkpt lat="43.245201" lon="-2.565502">
        <ele>362.414</ele>
        <time>2026-02-01T16:02:00Z</time>
      </trkpt>
      <trkpt lat="43.245224" lon="-2.565521">
        <ele>362.675</ele>
        <time>2026-02-01T16:02:01Z</time>
      </trkpt>
      <trkpt lat="43.245251" lon="-2.565539">
        <ele>362.628</ele>
        <time>2026-02-01T16:02:02Z</time>
      </trkpt>
      <trkpt lat="43.245278" lon="-2.565556">
        <ele>362.820</ele>
        <time>2026-02-01T16:02:03Z</time>
      </trkpt>
      <trkpt lat="43.245304" lon="-2.565571">
        <ele>362.809</ele>
        <time>2026-02-01T16:02:04Z</time>
      </trkpt>
      <trkpt lat="43.245331" lon="-2.565590">
        <ele>363.039</ele>
        <time>2026-02-01T16:02:05Z</time>
      </trkpt>
      <trkpt lat="43.245356" lon="-2.565613">
        <ele>363.051</ele>
        <time>2026-02-01T16:02:06Z</time>
      </trkpt>
      <trkpt lat="43.245378" lon="-2.565636">
        <ele>363.266</ele>
        <time>2026-02-01T16:02:07Z</time>
      </trkpt>
      <trkpt lat="43.245397" lon="-2.565662">
        <ele>363.477</ele>
        <time>2026-02-01T16:02:08Z</time>
      </trkpt>
      <trkpt lat="43.245415" lon="-2.565686">
        <ele>363.634</ele>
        <time>2026-02-01T16:02:09Z</time>
      </trkpt>
      <trkpt lat="43.245432" lon="-2.565710">
        <ele>363.699</ele>
        <time>2026-02-01T16:02:10Z</time>
      </trkpt>
      <trkpt lat="43.245448" lon="-2.565735">
        <ele>363.834</ele>
        <time>2026-02-01T16:02:11Z</time>
      </trkpt>
      <trkpt lat="43.245462" lon="-2.565764">
        <ele>364.013</ele>
        <time>2026-02-01T16:02:12Z</time>
      </trkpt>
      <trkpt lat="43.245477" lon="-2.565798">
        <ele>364.212</ele>
        <time>2026-02-01T16:02:13Z</time>
      </trkpt>
      <trkpt lat="43.245492" lon="-2.565836">
        <ele>364.487</ele>
        <time>2026-02-01T16:02:14Z</time>
      </trkpt>
      <trkpt lat="43.245508" lon="-2.565875">
        <ele>364.842</ele>
        <time>2026-02-01T16:02:15Z</time>
      </trkpt>
      <trkpt lat="43.245524" lon="-2.565907">
        <ele>365.026</ele>
        <time>2026-02-01T16:02:16Z</time>
      </trkpt>
      <trkpt lat="43.245544" lon="-2.565932">
        <ele>365.409</ele>
        <time>2026-02-01T16:02:17Z</time>
      </trkpt>
      <trkpt lat="43.245564" lon="-2.565961">
        <ele>365.870</ele>
        <time>2026-02-01T16:02:18Z</time>
      </trkpt>
      <trkpt lat="43.245582" lon="-2.565990">
        <ele>366.052</ele>
        <time>2026-02-01T16:02:19Z</time>
      </trkpt>
      <trkpt lat="43.245598" lon="-2.566021">
        <ele>366.097</ele>
        <time>2026-02-01T16:02:20Z</time>
      </trkpt>
      <trkpt lat="43.245619" lon="-2.566053">
        <ele>366.458</ele>
        <time>2026-02-01T16:02:21Z</time>
      </trkpt>
      <trkpt lat="43.245646" lon="-2.566072">
        <ele>366.835</ele>
        <time>2026-02-01T16:02:22Z</time>
      </trkpt>
      <trkpt lat="43.245671" lon="-2.566084">
        <ele>367.220</ele>
        <time>2026-02-01T16:02:23Z</time>
      </trkpt>
      <trkpt lat="43.245692" lon="-2.566102">
        <ele>367.635</ele>
        <time>2026-02-01T16:02:24Z</time>
      </trkpt>
      <trkpt lat="43.245712" lon="-2.566112">
        <ele>368.214</ele>
        <time>2026-02-01T16:02:25Z</time>
      </trkpt>
      <trkpt lat="43.245733" lon="-2.566123">
        <ele>368.693</ele>
        <time>2026-02-01T16:02:26Z</time>
      </trkpt>
      <trkpt lat="43.245757" lon="-2.566133">
        <ele>369.087</ele>
        <time>2026-02-01T16:02:27Z</time>
      </trkpt>
      <trkpt lat="43.245780" lon="-2.566144">
        <ele>369.442</ele>
        <time>2026-02-01T16:02:28Z</time>
      </trkpt>
      <trkpt lat="43.245804" lon="-2.566154">
        <ele>369.626</ele>
        <time>2026-02-01T16:02:29Z</time>
      </trkpt>
      <trkpt lat="43.245827" lon="-2.566158">
        <ele>370.009</ele>
        <time>2026-02-01T16:02:30Z</time>
      </trkpt>
      <trkpt lat="43.245851" lon="-2.566163">
        <ele>370.430</ele>
        <time>2026-02-01T16:02:31Z</time>
      </trkpt>
      <trkpt lat="43.245874" lon="-2.566169">
        <ele>370.862</ele>
        <time>2026-02-01T16:02:32Z</time>
      </trkpt>
      <trkpt lat="43.245894" lon="-2.566180">
        <ele>371.017</ele>
        <time>2026-02-01T16:02:33Z</time>
      </trkpt>
      <trkpt lat="43.245919" lon="-2.566186">
        <ele>371.488</ele>
        <time>2026-02-01T16:02:34Z</time>
      </trkpt>
      <trkpt lat="43.245941" lon="-2.566192">
        <ele>371.675</ele>
        <time>2026-02-01T16:02:35Z</time>
      </trkpt>
      <trkpt lat="43.245962" lon="-2.566201">
        <ele>371.890</ele>
        <time>2026-02-01T16:02:36Z</time>
      </trkpt>
      <trkpt lat="43.245983" lon="-2.566210">
        <ele>372.285</ele>
        <time>2026-02-01T16:02:37Z</time>
      </trkpt>
      <trkpt lat="43.246002" lon="-2.566224">
        <ele>372.494</ele>
        <time>2026-02-01T16:02:38Z</time>
      </trkpt>
      <trkpt lat="43.246024" lon="-2.566237">
        <ele>372.433</ele>
        <time>2026-02-01T16:02:39Z</time>
      </trkpt>
      <trkpt lat="43.246044" lon="-2.566249">
        <ele>372.652</ele>
        <time>2026-02-01T16:02:40Z</time>
      </trkpt>
      <trkpt lat="43.246062" lon="-2.566263">
        <ele>372.853</ele>
        <time>2026-02-01T16:02:41Z</time>
      </trkpt>
      <trkpt lat="43.246078" lon="-2.566273">
        <ele>373.208</ele>
        <time>2026-02-01T16:02:42Z</time>
      </trkpt>
      <trkpt lat="43.246098" lon="-2.566287">
        <ele>373.409</ele>
        <time>2026-02-01T16:02:43Z</time>
      </trkpt>
      <trkpt lat="43.246119" lon="-2.566301">
        <ele>373.627</ele>
        <time>2026-02-01T16:02:44Z</time>
      </trkpt>
      <trkpt lat="43.246139" lon="-2.566316">
        <ele>374.019</ele>
        <time>2026-02-01T16:02:45Z</time>
      </trkpt>
      <trkpt lat="43.246161" lon="-2.566331">
        <ele>374.484</ele>
        <time>2026-02-01T16:02:46Z</time>
      </trkpt>
      <trkpt lat="43.246183" lon="-2.566346">
        <ele>374.665</ele>
        <time>2026-02-01T16:02:47Z</time>
      </trkpt>
      <trkpt lat="43.246206" lon="-2.566358">
        <ele>375.052</ele>
        <time>2026-02-01T16:02:48Z</time>
      </trkpt>
      <trkpt lat="43.246223" lon="-2.566367">
        <ele>375.497</ele>
        <time>2026-02-01T16:02:49Z</time>
      </trkpt>
      <trkpt lat="43.246241" lon="-2.566379">
        <ele>375.892</ele>
        <time>2026-02-01T16:02:50Z</time>
      </trkpt>
      <trkpt lat="43.246260" lon="-2.566396">
        <ele>376.021</ele>
        <time>2026-02-01T16:02:51Z</time>
      </trkpt>
      <trkpt lat="43.246278" lon="-2.566416">
        <ele>376.460</ele>
        <time>2026-02-01T16:02:52Z</time>
      </trkpt>
      <trkpt lat="43.246294" lon="-2.566442">
        <ele>376.853</ele>
        <time>2026-02-01T16:02:53Z</time>
      </trkpt>
      <trkpt lat="43.246315" lon="-2.566467">
        <ele>377.204</ele>
        <time>2026-02-01T16:02:54Z</time>
      </trkpt>
      <trkpt lat="43.246334" lon="-2.566485">
        <ele>377.614</ele>
        <time>2026-02-01T16:02:55Z</time>
      </trkpt>
      <trkpt lat="43.246350" lon="-2.566505">
        <ele>377.809</ele>
        <time>2026-02-01T16:02:56Z</time>
      </trkpt>
      <trkpt lat="43.246358" lon="-2.566527">
        <ele>378.077</ele>
        <time>2026-02-01T16:02:57Z</time>
      </trkpt>
      <trkpt lat="43.246369" lon="-2.566549">
        <ele>378.449</ele>
        <time>2026-02-01T16:02:58Z</time>
      </trkpt>
      <trkpt lat="43.246371" lon="-2.566579">
        <ele>378.684</ele>
        <time>2026-02-01T16:02:59Z</time>
      </trkpt>
      <trkpt lat="43.246386" lon="-2.566608">
        <ele>378.885</ele>
        <time>2026-02-01T16:03:00Z</time>
      </trkpt>
      <trkpt lat="43.246400" lon="-2.566631">
        <ele>379.452</ele>
        <time>2026-02-01T16:03:01Z</time>
      </trkpt>
      <trkpt lat="43.246410" lon="-2.566654">
        <ele>379.887</ele>
        <time>2026-02-01T16:03:02Z</time>
      </trkpt>
      <trkpt lat="43.246421" lon="-2.566678">
        <ele>380.022</ele>
        <time>2026-02-01T16:03:03Z</time>
      </trkpt>
      <trkpt lat="43.246432" lon="-2.566706">
        <ele>380.451</ele>
        <time>2026-02-01T16:03:04Z</time>
      </trkpt>
      <trkpt lat="43.246443" lon="-2.566733">
        <ele>380.870</ele>
        <time>2026-02-01T16:03:05Z</time>
      </trkpt>
      <trkpt lat="43.246455" lon="-2.566762">
        <ele>381.285</ele>
        <time>2026-02-01T16:03:06Z</time>
      </trkpt>
      <trkpt lat="43.246465" lon="-2.566791">
        <ele>381.489</ele>
        <time>2026-02-01T16:03:07Z</time>
      </trkpt>
      <trkpt lat="43.246474" lon="-2.566819">
        <ele>381.617</ele>
        <time>2026-02-01T16:03:08Z</time>
      </trkpt>
      <trkpt lat="43.246479" lon="-2.566847">
        <ele>381.809</ele>
        <time>2026-02-01T16:03:09Z</time>
      </trkpt>
      <trkpt lat="43.246488" lon="-2.566876">
        <ele>382.240</ele>
        <time>2026-02-01T16:03:10Z</time>
      </trkpt>
      <trkpt lat="43.246497" lon="-2.566904">
        <ele>382.622</ele>
        <time>2026-02-01T16:03:11Z</time>
      </trkpt>
      <trkpt lat="43.246504" lon="-2.566930">
        <ele>383.067</ele>
        <time>2026-02-01T16:03:12Z</time>
      </trkpt>
      <trkpt lat="43.246509" lon="-2.566957">
        <ele>383.218</ele>
        <time>2026-02-01T16:03:13Z</time>
      </trkpt>
      <trkpt lat="43.246513" lon="-2.566988">
        <ele>383.675</ele>
        <time>2026-02-01T16:03:14Z</time>
      </trkpt>
      <trkpt lat="43.246518" lon="-2.567017">
        <ele>383.820</ele>
        <time>2026-02-01T16:03:15Z</time>
      </trkpt>
      <trkpt lat="43.246521" lon="-2.567046">
        <ele>384.225</ele>
        <time>2026-02-01T16:03:16Z</time>
      </trkpt>
      <trkpt lat="43.246526" lon="-2.567076">
        <ele>384.664</ele>
        <time>2026-02-01T16:03:17Z</time>
      </trkpt>
      <trkpt lat="43.246527" lon="-2.567107">
        <ele>385.043</ele>
        <time>2026-02-01T16:03:18Z</time>
      </trkpt>
      <trkpt lat="43.246531" lon="-2.567143">
        <ele>385.461</ele>
        <time>2026-02-01T16:03:19Z</time>
      </trkpt>
      <trkpt lat="43.246531" lon="-2.567173">
        <ele>385.621</ele>
        <time>2026-02-01T16:03:20Z</time>
      </trkpt>
      <trkpt lat="43.246531" lon="-2.567205">
        <ele>386.013</ele>
        <time>2026-02-01T16:03:21Z</time>
      </trkpt>
      <trkpt lat="43.246532" lon="-2.567235">
        <ele>386.409</ele>
        <time>2026-02-01T16:03:22Z</time>
      </trkpt>
      <trkpt lat="43.246531" lon="-2.567267">
        <ele>386.668</ele>
        <time>2026-02-01T16:03:23Z</time>
      </trkpt>
      <trkpt lat="43.246530" lon="-2.567298">
        <ele>386.840</ele>
        <time>2026-02-01T16:03:24Z</time>
      </trkpt>
      <trkpt lat="43.246532" lon="-2.567333">
        <ele>387.285</ele>
        <time>2026-02-01T16:03:25Z</time>
      </trkpt>
      <trkpt lat="43.246531" lon="-2.567370">
        <ele>387.656</ele>
        <time>2026-02-01T16:03:26Z</time>
      </trkpt>
      <trkpt lat="43.246530" lon="-2.567392">
        <ele>388.013</ele>
        <time>2026-02-01T16:03:27Z</time>
      </trkpt>
      <trkpt lat="43.246527" lon="-2.567420">
        <ele>388.418</ele>
        <time>2026-02-01T16:03:28Z</time>
      </trkpt>
      <trkpt lat="43.246524" lon="-2.567447">
        <ele>388.893</ele>
        <time>2026-02-01T16:03:29Z</time>
      </trkpt>
      <trkpt lat="43.246520" lon="-2.567473">
        <ele>389.262</ele>
        <time>2026-02-01T16:03:30Z</time>
      </trkpt>
      <trkpt lat="43.246518" lon="-2.567501">
        <ele>389.481</ele>
        <time>2026-02-01T16:03:31Z</time>
      </trkpt>
      <trkpt lat="43.246518" lon="-2.567529">
        <ele>389.688</ele>
        <time>2026-02-01T16:03:32Z</time>
      </trkpt>
      <trkpt lat="43.246513" lon="-2.567561">
        <ele>390.024</ele>
        <time>2026-02-01T16:03:33Z</time>
      </trkpt>
      <trkpt lat="43.246507" lon="-2.567590">
        <ele>390.226</ele>
        <time>2026-02-01T16:03:34Z</time>
      </trkpt>
      <trkpt lat="43.246500" lon="-2.567616">
        <ele>390.609</ele>
        <time>2026-02-01T16:03:35Z</time>
      </trkpt>
      <trkpt lat="43.246495" lon="-2.567645">
        <ele>390.840</ele>
        <time>2026-02-01T16:03:36Z</time>
      </trkpt>
      <trkpt lat="43.246490" lon="-2.567675">
        <ele>391.282</ele>
        <time>2026-02-01T16:03:37Z</time>
      </trkpt>
      <trkpt lat="43.246485" lon="-2.567707">
        <ele>391.827</ele>
        <time>2026-02-01T16:03:38Z</time>
      </trkpt>
      <trkpt lat="43.246469" lon="-2.567734">
        <ele>392.298</ele>
        <time>2026-02-01T16:03:39Z</time>
      </trkpt>
      <trkpt lat="43.246460" lon="-2.567765">
        <ele>392.685</ele>
        <time>2026-02-01T16:03:40Z</time>
      </trkpt>
      <trkpt lat="43.246451" lon="-2.567790">
        <ele>392.870</ele>
        <time>2026-02-01T16:03:41Z</time>
      </trkpt>
      <trkpt lat="43.246441" lon="-2.567812">
        <ele>393.285</ele>
        <time>2026-02-01T16:03:42Z</time>
      </trkpt>
      <trkpt lat="43.246430" lon="-2.567837">
        <ele>393.454</ele>
        <time>2026-02-01T16:03:43Z</time>
      </trkpt>
      <trkpt lat="43.246418" lon="-2.567864">
        <ele>393.893</ele>
        <time>2026-02-01T16:03:44Z</time>
      </trkpt>
      <trkpt lat="43.246409" lon="-2.567891">
        <ele>394.262</ele>
        <time>2026-02-01T16:03:45Z</time>
      </trkpt>
      <trkpt lat="43.246399" lon="-2.567915">
        <ele>394.683</ele>
        <time>2026-02-01T16:03:46Z</time>
      </trkpt>
      <trkpt lat="43.246391" lon="-2.567940">
        <ele>394.811</ele>
        <time>2026-02-01T16:03:47Z</time>
      </trkpt>
      <trkpt lat="43.246382" lon="-2.567970">
        <ele>395.209</ele>
        <time>2026-02-01T16:03:48Z</time>
      </trkpt>
      <trkpt lat="43.246372" lon="-2.567994">
        <ele>395.468</ele>
        <time>2026-02-01T16:03:49Z</time>
      </trkpt>
      <trkpt lat="43.246362" lon="-2.568023">
        <ele>395.670</ele>
        <time>2026-02-01T16:03:50Z</time>
      </trkpt>
      <trkpt lat="43.246350" lon="-2.568048">
        <ele>396.215</ele>
        <time>2026-02-01T16:03:51Z</time>
      </trkpt>
      <trkpt lat="43.246331" lon="-2.568066">
        <ele>396.696</ele>
        <time>2026-02-01T16:03:52Z</time>
      </trkpt>
      <trkpt lat="43.246316" lon="-2.568087">
        <ele>397.053</ele>
        <time>2026-02-01T16:03:53Z</time>
      </trkpt>
      <trkpt lat="43.246302" lon="-2.568106">
        <ele>397.458</ele>
        <time>2026-02-01T16:03:54Z</time>
      </trkpt>
      <trkpt lat="43.246288" lon="-2.568126">
        <ele>397.863</ele>
        <time>2026-02-01T16:03:55Z</time>
      </trkpt>
      <trkpt lat="43.246270" lon="-2.568144">
        <ele>397.862</ele>
        <time>2026-02-01T16:03:56Z</time>
      </trkpt>
      <trkpt lat="43.246250" lon="-2.568164">
        <ele>398.071</ele>
        <time>2026-02-01T16:03:57Z</time>
      </trkpt>
      <trkpt lat="43.246235" lon="-2.568186">
        <ele>398.292</ele>
        <time>2026-02-01T16:03:58Z</time>
      </trkpt>
      <trkpt lat="43.246224" lon="-2.568213">
        <ele>398.473</ele>
        <time>2026-02-01T16:03:59Z</time>
      </trkpt>
      <trkpt lat="43.246211" lon="-2.568238">
        <ele>398.620</ele>
        <time>2026-02-01T16:04:00Z</time>
      </trkpt>
      <trkpt lat="43.246193" lon="-2.568254">
        <ele>399.009</ele>
        <time>2026-02-01T16:04:01Z</time>
      </trkpt>
      <trkpt lat="43.246175" lon="-2.568270">
        <ele>399.481</ele>
        <time>2026-02-01T16:04:02Z</time>
      </trkpt>
      <trkpt lat="43.246155" lon="-2.568284">
        <ele>399.883</ele>
        <time>2026-02-01T16:04:03Z</time>
      </trkpt>
      <trkpt lat="43.246140" lon="-2.568299">
        <ele>400.258</ele>
        <time>2026-02-01T16:04:04Z</time>
      </trkpt>
      <trkpt lat="43.246124" lon="-2.568320">
        <ele>400.479</ele>
        <time>2026-02-01T16:04:05Z</time>
      </trkpt>
      <trkpt lat="43.246114" lon="-2.568353">
        <ele>400.676</ele>
        <time>2026-02-01T16:04:06Z</time>
      </trkpt>
      <trkpt lat="43.246103" lon="-2.568379">
        <ele>400.691</ele>
        <time>2026-02-01T16:04:07Z</time>
      </trkpt>
      <trkpt lat="43.246087" lon="-2.568401">
        <ele>400.826</ele>
        <time>2026-02-01T16:04:08Z</time>
      </trkpt>
      <trkpt lat="43.246069" lon="-2.568420">
        <ele>401.245</ele>
        <time>2026-02-01T16:04:09Z</time>
      </trkpt>
      <trkpt lat="43.246057" lon="-2.568439">
        <ele>401.624</ele>
        <time>2026-02-01T16:04:10Z</time>
      </trkpt>
      <trkpt lat="43.246047" lon="-2.568464">
        <ele>402.015</ele>
        <time>2026-02-01T16:04:11Z</time>
      </trkpt>
      <trkpt lat="43.246035" lon="-2.568483">
        <ele>402.465</ele>
        <time>2026-02-01T16:04:12Z</time>
      </trkpt>
      <trkpt lat="43.246021" lon="-2.568502">
        <ele>402.811</ele>
        <time>2026-02-01T16:04:13Z</time>
      </trkpt>
      <trkpt lat="43.246008" lon="-2.568529">
        <ele>403.009</ele>
        <time>2026-02-01T16:04:14Z</time>
      </trkpt>
      <trkpt lat="43.245997" lon="-2.568551">
        <ele>403.413</ele>
        <time>2026-02-01T16:04:15Z</time>
      </trkpt>
      <trkpt lat="43.245986" lon="-2.568577">
        <ele>403.625</ele>
        <time>2026-02-01T16:04:16Z</time>
      </trkpt>
      <trkpt lat="43.245975" lon="-2.568605">
        <ele>403.830</ele>
        <time>2026-02-01T16:04:17Z</time>
      </trkpt>
      <trkpt lat="43.245960" lon="-2.568626">
        <ele>404.211</ele>
        <time>2026-02-01T16:04:18Z</time>
      </trkpt>
      <trkpt lat="43.245946" lon="-2.568651">
        <ele>404.448</ele>
        <time>2026-02-01T16:04:19Z</time>
      </trkpt>
      <trkpt lat="43.245933" lon="-2.568677">
        <ele>404.653</ele>
        <time>2026-02-01T16:04:20Z</time>
      </trkpt>
      <trkpt lat="43.245918" lon="-2.568702">
        <ele>404.838</ele>
        <time>2026-02-01T16:04:21Z</time>
      </trkpt>
      <trkpt lat="43.245904" lon="-2.568723">
        <ele>405.087</ele>
        <time>2026-02-01T16:04:22Z</time>
      </trkpt>
      <trkpt lat="43.245891" lon="-2.568746">
        <ele>405.416</ele>
        <time>2026-02-01T16:04:23Z</time>
      </trkpt>
      <trkpt lat="43.245877" lon="-2.568765">
        <ele>405.667</ele>
        <time>2026-02-01T16:04:24Z</time>
      </trkpt>
      <trkpt lat="43.245860" lon="-2.568786">
        <ele>406.081</ele>
        <time>2026-02-01T16:04:25Z</time>
      </trkpt>
      <trkpt lat="43.245847" lon="-2.568809">
        <ele>406.219</ele>
        <time>2026-02-01T16:04:26Z</time>
      </trkpt>
      <trkpt lat="43.245834" lon="-2.568829">
        <ele>406.609</ele>
        <time>2026-02-01T16:04:27Z</time>
      </trkpt>
      <trkpt lat="43.245822" lon="-2.568853">
        <ele>406.688</ele>
        <time>2026-02-01T16:04:28Z</time>
      </trkpt>
      <trkpt lat="43.245808" lon="-2.568873">
        <ele>406.830</ele>
        <time>2026-02-01T16:04:29Z</time>
      </trkpt>
      <trkpt lat="43.245793" lon="-2.568894">
        <ele>407.235</ele>
        <time>2026-02-01T16:04:30Z</time>
      </trkpt>
      <trkpt lat="43.245779" lon="-2.568918">
        <ele>407.676</ele>
        <time>2026-02-01T16:04:31Z</time>
      </trkpt>
      <trkpt lat="43.245765" lon="-2.568942">
        <ele>408.273</ele>
        <time>2026-02-01T16:04:32Z</time>
      </trkpt>
      <trkpt lat="43.245749" lon="-2.568967">
        <ele>408.668</ele>
        <time>2026-02-01T16:04:33Z</time>
      </trkpt>
      <trkpt lat="43.245733" lon="-2.568989">
        <ele>409.233</ele>
        <time>2026-02-01T16:04:34Z</time>
      </trkpt>
      <trkpt lat="43.245716" lon="-2.569013">
        <ele>409.642</ele>
        <time>2026-02-01T16:04:35Z</time>
      </trkpt>
      <trkpt lat="43.245700" lon="-2.569031">
        <ele>409.831</ele>
        <time>2026-02-01T16:04:36Z</time>
      </trkpt>
      <trkpt lat="43.245683" lon="-2.569052">
        <ele>410.046</ele>
        <time>2026-02-01T16:04:37Z</time>
      </trkpt>
      <trkpt lat="43.245667" lon="-2.569068">
        <ele>410.088</ele>
        <time>2026-02-01T16:04:38Z</time>
      </trkpt>
      <trkpt lat="43.245650" lon="-2.569088">
        <ele>410.216</ele>
        <time>2026-02-01T16:04:39Z</time>
      </trkpt>
      <trkpt lat="43.245638" lon="-2.569108">
        <ele>410.609</ele>
        <time>2026-02-01T16:04:40Z</time>
      </trkpt>
      <trkpt lat="43.245626" lon="-2.569136">
        <ele>411.066</ele>
        <time>2026-02-01T16:04:41Z</time>
      </trkpt>
      <trkpt lat="43.245618" lon="-2.569167">
        <ele>411.438</ele>
        <time>2026-02-01T16:04:42Z</time>
      </trkpt>
      <trkpt lat="43.245611" lon="-2.569198">
        <ele>412.053</ele>
        <time>2026-02-01T16:04:43Z</time>
      </trkpt>
      <trkpt lat="43.245603" lon="-2.569226">
        <ele>412.484</ele>
        <time>2026-02-01T16:04:44Z</time>
      </trkpt>
      <trkpt lat="43.245596" lon="-2.569259">
        <ele>412.651</ele>
        <time>2026-02-01T16:04:45Z</time>
      </trkpt>
      <trkpt lat="43.245588" lon="-2.569290">
        <ele>412.646</ele>
        <time>2026-02-01T16:04:46Z</time>
      </trkpt>
      <trkpt lat="43.245580" lon="-2.569317">
        <ele>412.821</ele>
        <time>2026-02-01T16:04:47Z</time>
      </trkpt>
      <trkpt lat="43.245573" lon="-2.569345">
        <ele>413.070</ele>
        <time>2026-02-01T16:04:48Z</time>
      </trkpt>
      <trkpt lat="43.245566" lon="-2.569375">
        <ele>413.239</ele>
        <time>2026-02-01T16:04:49Z</time>
      </trkpt>
      <trkpt lat="43.245559" lon="-2.569405">
        <ele>413.438</ele>
        <time>2026-02-01T16:04:50Z</time>
      </trkpt>
      <trkpt lat="43.245553" lon="-2.569435">
        <ele>413.870</ele>
        <time>2026-02-01T16:04:51Z</time>
      </trkpt>
      <trkpt lat="43.245548" lon="-2.569469">
        <ele>414.217</ele>
        <time>2026-02-01T16:04:52Z</time>
      </trkpt>
      <trkpt lat="43.245547" lon="-2.569506">
        <ele>414.409</ele>
        <time>2026-02-01T16:04:53Z</time>
      </trkpt>
      <trkpt lat="43.245543" lon="-2.569536">
        <ele>414.895</ele>
        <time>2026-02-01T16:04:54Z</time>
      </trkpt>
      <trkpt lat="43.245540" lon="-2.569569">
        <ele>415.087</ele>
        <time>2026-02-01T16:04:55Z</time>
      </trkpt>
      <trkpt lat="43.245539" lon="-2.569601">
        <ele>415.072</ele>
        <time>2026-02-01T16:04:56Z</time>
      </trkpt>
      <trkpt lat="43.245541" lon="-2.569632">
        <ele>415.273</ele>
        <time>2026-02-01T16:04:57Z</time>
      </trkpt>
      <trkpt lat="43.245543" lon="-2.569664">
        <ele>415.410</ele>
        <time>2026-02-01T16:04:58Z</time>
      </trkpt>
      <trkpt lat="43.245547" lon="-2.569696">
        <ele>415.835</ele>
        <time>2026-02-01T16:04:59Z</time>
      </trkpt>
      <trkpt lat="43.245553" lon="-2.569726">
        <ele>416.060</ele>
        <time>2026-02-01T16:05:00Z</time>
      </trkpt>
      <trkpt lat="43.245559" lon="-2.569758">
        <ele>416.299</ele>
        <time>2026-02-01T16:05:01Z</time>
      </trkpt>
      <trkpt lat="43.245561" lon="-2.569788">
        <ele>416.698</ele>
        <time>2026-02-01T16:05:02Z</time>
      </trkpt>
      <trkpt lat="43.245558" lon="-2.569815">
        <ele>416.827</ele>
        <time>2026-02-01T16:05:03Z</time>
      </trkpt>
      <trkpt lat="43.245553" lon="-2.569847">
        <ele>417.068</ele>
        <time>2026-02-01T16:05:04Z</time>
      </trkpt>
      <trkpt lat="43.245552" lon="-2.569879">
        <ele>417.414</ele>
        <time>2026-02-01T16:05:05Z</time>
      </trkpt>
      <trkpt lat="43.245553" lon="-2.569911">
        <ele>417.809</ele>
        <time>2026-02-01T16:05:06Z</time>
      </trkpt>
      <trkpt lat="43.245552" lon="-2.569944">
        <ele>418.234</ele>
        <time>2026-02-01T16:05:07Z</time>
      </trkpt>
      <trkpt lat="43.245550" lon="-2.569971">
        <ele>418.666</ele>
        <time>2026-02-01T16:05:08Z</time>
      </trkpt>
      <trkpt lat="43.245550" lon="-2.570001">
        <ele>419.051</ele>
        <time>2026-02-01T16:05:09Z</time>
      </trkpt>
      <trkpt lat="43.245551" lon="-2.570030">
        <ele>419.252</ele>
        <time>2026-02-01T16:05:10Z</time>
      </trkpt>
      <trkpt lat="43.245552" lon="-2.570061">
        <ele>419.459</ele>
        <time>2026-02-01T16:05:11Z</time>
      </trkpt>
      <trkpt lat="43.245556" lon="-2.570092">
        <ele>420.014</ele>
        <time>2026-02-01T16:05:12Z</time>
      </trkpt>
      <trkpt lat="43.245560" lon="-2.570125">
        <ele>420.229</ele>
        <time>2026-02-01T16:05:13Z</time>
      </trkpt>
      <trkpt lat="43.245558" lon="-2.570159">
        <ele>420.648</ele>
        <time>2026-02-01T16:05:14Z</time>
      </trkpt>
      <trkpt lat="43.245559" lon="-2.570192">
        <ele>421.057</ele>
        <time>2026-02-01T16:05:15Z</time>
      </trkpt>
      <trkpt lat="43.245560" lon="-2.570225">
        <ele>421.488</ele>
        <time>2026-02-01T16:05:16Z</time>
      </trkpt>
      <trkpt lat="43.245562" lon="-2.570255">
        <ele>421.624</ele>
        <time>2026-02-01T16:05:17Z</time>
      </trkpt>
      <trkpt lat="43.245560" lon="-2.570288">
        <ele>422.226</ele>
        <time>2026-02-01T16:05:18Z</time>
      </trkpt>
      <trkpt lat="43.245559" lon="-2.570314">
        <ele>422.609</ele>
        <time>2026-02-01T16:05:19Z</time>
      </trkpt>
      <trkpt lat="43.245556" lon="-2.570339">
        <ele>423.080</ele>
        <time>2026-02-01T16:05:20Z</time>
      </trkpt>
      <trkpt lat="43.245546" lon="-2.570355">
        <ele>423.432</ele>
        <time>2026-02-01T16:05:21Z</time>
      </trkpt>
      <trkpt lat="43.245533" lon="-2.570374">
        <ele>423.657</ele>
        <time>2026-02-01T16:05:22Z</time>
      </trkpt>
      <trkpt lat="43.245516" lon="-2.570381">
        <ele>424.028</ele>
        <time>2026-02-01T16:05:23Z</time>
      </trkpt>
      <trkpt lat="43.245497" lon="-2.570372">
        <ele>424.455</ele>
        <time>2026-02-01T16:05:24Z</time>
      </trkpt>
      <trkpt lat="43.245487" lon="-2.570355">
        <ele>424.820</ele>
        <time>2026-02-01T16:05:25Z</time>
      </trkpt>
      <trkpt lat="43.245482" lon="-2.570336">
        <ele>425.085</ele>
        <time>2026-02-01T16:05:26Z</time>
      </trkpt>
      <trkpt lat="43.245478" lon="-2.570309">
        <ele>425.274</ele>
        <time>2026-02-01T16:05:27Z</time>
      </trkpt>
      <trkpt lat="43.245476" lon="-2.570278">
        <ele>425.633</ele>
        <time>2026-02-01T16:05:28Z</time>
      </trkpt>
      <trkpt lat="43.245477" lon="-2.570247">
        <ele>425.612</ele>
        <time>2026-02-01T16:05:29Z</time>
      </trkpt>
      <trkpt lat="43.245482" lon="-2.570217">
        <ele>425.832</ele>
        <time>2026-02-01T16:05:30Z</time>
      </trkpt>
      <trkpt lat="43.245479" lon="-2.570185">
        <ele>426.005</ele>
        <time>2026-02-01T16:05:31Z</time>
      </trkpt>
      <trkpt lat="43.245476" lon="-2.570155">
        <ele>426.209</ele>
        <time>2026-02-01T16:05:32Z</time>
      </trkpt>
      <trkpt lat="43.245471" lon="-2.570127">
        <ele>426.473</ele>
        <time>2026-02-01T16:05:33Z</time>
      </trkpt>
      <trkpt lat="43.245466" lon="-2.570095">
        <ele>426.875</ele>
        <time>2026-02-01T16:05:34Z</time>
      </trkpt>
      <trkpt lat="43.245461" lon="-2.570066">
        <ele>427.020</ele>
        <time>2026-02-01T16:05:35Z</time>
      </trkpt>
      <trkpt lat="43.245453" lon="-2.570035">
        <ele>427.241</ele>
        <time>2026-02-01T16:05:36Z</time>
      </trkpt>
      <trkpt lat="43.245444" lon="-2.570007">
        <ele>427.468</ele>
        <time>2026-02-01T16:05:37Z</time>
      </trkpt>
      <trkpt lat="43.245437" lon="-2.569982">
        <ele>427.663</ele>
        <time>2026-02-01T16:05:38Z</time>
      </trkpt>
      <trkpt lat="43.245429" lon="-2.569955">
        <ele>428.038</ele>
        <time>2026-02-01T16:05:39Z</time>
      </trkpt>
      <trkpt lat="43.245419" lon="-2.569926">
        <ele>428.467</ele>
        <time>2026-02-01T16:05:40Z</time>
      </trkpt>
      <trkpt lat="43.245409" lon="-2.569902">
        <ele>428.646</ele>
        <time>2026-02-01T16:05:41Z</time>
      </trkpt>
      <trkpt lat="43.245399" lon="-2.569876">
        <ele>428.825</ele>
        <time>2026-02-01T16:05:42Z</time>
      </trkpt>
      <trkpt lat="43.245390" lon="-2.569849">
        <ele>429.026</ele>
        <time>2026-02-01T16:05:43Z</time>
      </trkpt>
      <trkpt lat="43.245379" lon="-2.569818">
        <ele>429.008</ele>
        <time>2026-02-01T16:05:44Z</time>
      </trkpt>
      <trkpt lat="43.245369" lon="-2.569787">
        <ele>429.209</ele>
        <time>2026-02-01T16:05:45Z</time>
      </trkpt>
      <trkpt lat="43.245356" lon="-2.569756">
        <ele>429.474</ele>
        <time>2026-02-01T16:05:46Z</time>
      </trkpt>
      <trkpt lat="43.245342" lon="-2.569730">
        <ele>429.696</ele>
        <time>2026-02-01T16:05:47Z</time>
      </trkpt>
      <trkpt lat="43.245328" lon="-2.569700">
        <ele>430.021</ele>
        <time>2026-02-01T16:05:48Z</time>
      </trkpt>
      <trkpt lat="43.245317" lon="-2.569673">
        <ele>430.222</ele>
        <time>2026-02-01T16:05:49Z</time>
      </trkpt>
      <trkpt lat="43.245303" lon="-2.569648">
        <ele>430.639</ele>
        <time>2026-02-01T16:05:50Z</time>
      </trkpt>
      <trkpt lat="43.245292" lon="-2.569626">
        <ele>431.044</ele>
        <time>2026-02-01T16:05:51Z</time>
      </trkpt>
      <trkpt lat="43.245280" lon="-2.569604">
        <ele>431.219</ele>
        <time>2026-02-01T16:05:52Z</time>
      </trkpt>
      <trkpt lat="43.245268" lon="-2.569577">
        <ele>431.618</ele>
        <time>2026-02-01T16:05:53Z</time>
      </trkpt>
      <trkpt lat="43.245254" lon="-2.569551">
        <ele>431.837</ele>
        <time>2026-02-01T16:05:54Z</time>
      </trkpt>
      <trkpt lat="43.245240" lon="-2.569526">
        <ele>432.049</ele>
        <time>2026-02-01T16:05:55Z</time>
      </trkpt>
      <trkpt lat="43.245225" lon="-2.569499">
        <ele>432.202</ele>
        <time>2026-02-01T16:05:56Z</time>
      </trkpt>
      <trkpt lat="43.245206" lon="-2.569471">
        <ele>432.622</ele>
        <time>2026-02-01T16:05:57Z</time>
      </trkpt>
      <trkpt lat="43.245187" lon="-2.569452">
        <ele>433.009</ele>
        <time>2026-02-01T16:05:58Z</time>
      </trkpt>
      <trkpt lat="43.245167" lon="-2.569429">
        <ele>433.296</ele>
        <time>2026-02-01T16:05:59Z</time>
      </trkpt>
      <trkpt lat="43.245149" lon="-2.569409">
        <ele>433.268</ele>
        <time>2026-02-01T16:06:00Z</time>
      </trkpt>
      <trkpt lat="43.245144" lon="-2.569382">
        <ele>433.453</ele>
        <time>2026-02-01T16:06:01Z</time>
      </trkpt>
      <trkpt lat="43.245129" lon="-2.569356">
        <ele>433.684</ele>
        <time>2026-02-01T16:06:02Z</time>
      </trkpt>
      <trkpt lat="43.245115" lon="-2.569336">
        <ele>434.211</ele>
        <time>2026-02-01T16:06:03Z</time>
      </trkpt>
      <trkpt lat="43.245097" lon="-2.569312">
        <ele>434.646</ele>
        <time>2026-02-01T16:06:04Z</time>
      </trkpt>
      <trkpt lat="43.245079" lon="-2.569293">
        <ele>435.231</ele>
        <time>2026-02-01T16:06:05Z</time>
      </trkpt>
      <trkpt lat="43.245062" lon="-2.569277">
        <ele>435.490</ele>
        <time>2026-02-01T16:06:06Z</time>
      </trkpt>
      <trkpt lat="43.245042" lon="-2.569262">
        <ele>435.649</ele>
        <time>2026-02-01T16:06:07Z</time>
      </trkpt>
      <trkpt lat="43.245019" lon="-2.569248">
        <ele>435.858</ele>
        <time>2026-02-01T16:06:08Z</time>
      </trkpt>
      <trkpt lat="43.244999" lon="-2.569235">
        <ele>435.852</ele>
        <time>2026-02-01T16:06:09Z</time>
      </trkpt>
      <trkpt lat="43.244973" lon="-2.569229">
        <ele>436.017</ele>
        <time>2026-02-01T16:06:10Z</time>
      </trkpt>
      <trkpt lat="43.244949" lon="-2.569227">
        <ele>436.209</ele>
        <time>2026-02-01T16:06:11Z</time>
      </trkpt>
      <trkpt lat="43.244929" lon="-2.569227">
        <ele>436.427</ele>
        <time>2026-02-01T16:06:12Z</time>
      </trkpt>
      <trkpt lat="43.244906" lon="-2.569226">
        <ele>436.699</ele>
        <time>2026-02-01T16:06:13Z</time>
      </trkpt>
      <trkpt lat="43.244883" lon="-2.569225">
        <ele>436.884</ele>
        <time>2026-02-01T16:06:14Z</time>
      </trkpt>
      <trkpt lat="43.244860" lon="-2.569227">
        <ele>437.095</ele>
        <time>2026-02-01T16:06:15Z</time>
      </trkpt>
      <trkpt lat="43.244836" lon="-2.569229">
        <ele>437.212</ele>
        <time>2026-02-01T16:06:16Z</time>
      </trkpt>
      <trkpt lat="43.244811" lon="-2.569231">
        <ele>437.667</ele>
        <time>2026-02-01T16:06:17Z</time>
      </trkpt>
      <trkpt lat="43.244787" lon="-2.569235">
        <ele>437.872</ele>
        <time>2026-02-01T16:06:18Z</time>
      </trkpt>
      <trkpt lat="43.244762" lon="-2.569241">
        <ele>438.281</ele>
        <time>2026-02-01T16:06:19Z</time>
      </trkpt>
      <trkpt lat="43.244740" lon="-2.569250">
        <ele>438.470</ele>
        <time>2026-02-01T16:06:20Z</time>
      </trkpt>
      <trkpt lat="43.244719" lon="-2.569257">
        <ele>438.842</ele>
        <time>2026-02-01T16:06:21Z</time>
      </trkpt>
      <trkpt lat="43.244698" lon="-2.569265">
        <ele>439.022</ele>
        <time>2026-02-01T16:06:22Z</time>
      </trkpt>
      <trkpt lat="43.244676" lon="-2.569272">
        <ele>439.414</ele>
        <time>2026-02-01T16:06:23Z</time>
      </trkpt>
      <trkpt lat="43.244654" lon="-2.569277">
        <ele>439.809</ele>
        <time>2026-02-01T16:06:24Z</time>
      </trkpt>
      <trkpt lat="43.244633" lon="-2.569292">
        <ele>440.046</ele>
        <time>2026-02-01T16:06:25Z</time>
      </trkpt>
      <trkpt lat="43.244611" lon="-2.569303">
        <ele>440.438</ele>
        <time>2026-02-01T16:06:26Z</time>
      </trkpt>
      <trkpt lat="43.244588" lon="-2.569316">
        <ele>440.693</ele>
        <time>2026-02-01T16:06:27Z</time>
      </trkpt>
      <trkpt lat="43.244565" lon="-2.569332">
        <ele>440.894</ele>
        <time>2026-02-01T16:06:28Z</time>
      </trkpt>
      <trkpt lat="43.244547" lon="-2.569349">
        <ele>441.021</ele>
        <time>2026-02-01T16:06:29Z</time>
      </trkpt>
      <trkpt lat="43.244526" lon="-2.569363">
        <ele>441.246</ele>
        <time>2026-02-01T16:06:30Z</time>
      </trkpt>
      <trkpt lat="43.244503" lon="-2.569378">
        <ele>441.691</ele>
        <time>2026-02-01T16:06:31Z</time>
      </trkpt>
      <trkpt lat="43.244484" lon="-2.569393">
        <ele>441.820</ele>
        <time>2026-02-01T16:06:32Z</time>
      </trkpt>
      <trkpt lat="43.244465" lon="-2.569412">
        <ele>442.239</ele>
        <time>2026-02-01T16:06:33Z</time>
      </trkpt>
      <trkpt lat="43.244448" lon="-2.569433">
        <ele>442.459</ele>
        <time>2026-02-01T16:06:34Z</time>
      </trkpt>
      <trkpt lat="43.244430" lon="-2.569453">
        <ele>442.803</ele>
        <time>2026-02-01T16:06:35Z</time>
      </trkpt>
      <trkpt lat="43.244409" lon="-2.569468">
        <ele>443.223</ele>
        <time>2026-02-01T16:06:36Z</time>
      </trkpt>
      <trkpt lat="43.244389" lon="-2.569483">
        <ele>443.409</ele>
        <time>2026-02-01T16:06:37Z</time>
      </trkpt>
      <trkpt lat="43.244371" lon="-2.569495">
        <ele>443.867</ele>
        <time>2026-02-01T16:06:38Z</time>
      </trkpt>
      <trkpt lat="43.244352" lon="-2.569510">
        <ele>444.099</ele>
        <time>2026-02-01T16:06:39Z</time>
      </trkpt>
      <trkpt lat="43.244332" lon="-2.569522">
        <ele>444.294</ele>
        <time>2026-02-01T16:06:40Z</time>
      </trkpt>
      <trkpt lat="43.244314" lon="-2.569539">
        <ele>444.445</ele>
        <time>2026-02-01T16:06:41Z</time>
      </trkpt>
      <trkpt lat="43.244292" lon="-2.569556">
        <ele>444.622</ele>
        <time>2026-02-01T16:06:42Z</time>
      </trkpt>
      <trkpt lat="43.244271" lon="-2.569569">
        <ele>444.847</ele>
        <time>2026-02-01T16:06:43Z</time>
      </trkpt>
      <trkpt lat="43.244254" lon="-2.569585">
        <ele>445.082</ele>
        <time>2026-02-01T16:06:44Z</time>
      </trkpt>
      <trkpt lat="43.244235" lon="-2.569603">
        <ele>445.251</ele>
        <time>2026-02-01T16:06:45Z</time>
      </trkpt>
      <trkpt lat="43.244214" lon="-2.569619">
        <ele>445.460</ele>
        <time>2026-02-01T16:06:46Z</time>
      </trkpt>
      <trkpt lat="43.244192" lon="-2.569631">
        <ele>445.635</ele>
        <time>2026-02-01T16:06:47Z</time>
      </trkpt>
      <trkpt lat="43.244171" lon="-2.569645">
        <ele>446.086</ele>
        <time>2026-02-01T16:06:48Z</time>
      </trkpt>
      <trkpt lat="43.244154" lon="-2.569664">
        <ele>446.214</ele>
        <time>2026-02-01T16:06:49Z</time>
      </trkpt>
      <trkpt lat="43.244134" lon="-2.569681">
        <ele>446.609</ele>
        <time>2026-02-01T16:06:50Z</time>
      </trkpt>
      <trkpt lat="43.244113" lon="-2.569699">
        <ele>446.895</ele>
        <time>2026-02-01T16:06:51Z</time>
      </trkpt>
      <trkpt lat="43.244096" lon="-2.569715">
        <ele>447.097</ele>
        <time>2026-02-01T16:06:52Z</time>
      </trkpt>
      <trkpt lat="43.244079" lon="-2.569734">
        <ele>447.462</ele>
        <time>2026-02-01T16:06:53Z</time>
      </trkpt>
      <trkpt lat="43.244063" lon="-2.569758">
        <ele>447.683</ele>
        <time>2026-02-01T16:06:54Z</time>
      </trkpt>
      <trkpt lat="43.244044" lon="-2.569779">
        <ele>448.090</ele>
        <time>2026-02-01T16:06:55Z</time>
      </trkpt>
      <trkpt lat="43.244026" lon="-2.569803">
        <ele>448.685</ele>
        <time>2026-02-01T16:06:56Z</time>
      </trkpt>
      <trkpt lat="43.244009" lon="-2.569830">
        <ele>448.890</ele>
        <time>2026-02-01T16:06:57Z</time>
      </trkpt>
      <trkpt lat="43.243988" lon="-2.569850">
        <ele>449.039</ele>
        <time>2026-02-01T16:06:58Z</time>
      </trkpt>
      <trkpt lat="43.243970" lon="-2.569867">
        <ele>449.478</ele>
        <time>2026-02-01T16:06:59Z</time>
      </trkpt>
      <trkpt lat="43.243955" lon="-2.569888">
        <ele>449.672</ele>
        <time>2026-02-01T16:07:00Z</time>
      </trkpt>
      <trkpt lat="43.243939" lon="-2.569908">
        <ele>450.013</ele>
        <time>2026-02-01T16:07:01Z</time>
      </trkpt>
      <trkpt lat="43.243923" lon="-2.569927">
        <ele>450.414</ele>
        <time>2026-02-01T16:07:02Z</time>
      </trkpt>
      <trkpt lat="43.243905" lon="-2.569943">
        <ele>450.809</ele>
        <time>2026-02-01T16:07:03Z</time>
      </trkpt>
      <trkpt lat="43.243883" lon="-2.569955">
        <ele>450.899</ele>
        <time>2026-02-01T16:07:04Z</time>
      </trkpt>
      <trkpt lat="43.243864" lon="-2.569977">
        <ele>451.291</ele>
        <time>2026-02-01T16:07:05Z</time>
      </trkpt>
      <trkpt lat="43.243847" lon="-2.569993">
        <ele>451.446</ele>
        <time>2026-02-01T16:07:06Z</time>
      </trkpt>
      <trkpt lat="43.243828" lon="-2.570004">
        <ele>451.677</ele>
        <time>2026-02-01T16:07:07Z</time>
      </trkpt>
      <trkpt lat="43.243805" lon="-2.570019">
        <ele>452.084</ele>
        <time>2026-02-01T16:07:08Z</time>
      </trkpt>
      <trkpt lat="43.243783" lon="-2.570031">
        <ele>452.079</ele>
        <time>2026-02-01T16:07:09Z</time>
      </trkpt>
      <trkpt lat="43.243763" lon="-2.570047">
        <ele>452.484</ele>
        <time>2026-02-01T16:07:10Z</time>
      </trkpt>
      <trkpt lat="43.243744" lon="-2.570066">
        <ele>452.623</ele>
        <time>2026-02-01T16:07:11Z</time>
      </trkpt>
      <trkpt lat="43.243728" lon="-2.570084">
        <ele>452.812</ele>
        <time>2026-02-01T16:07:12Z</time>
      </trkpt>
      <trkpt lat="43.243710" lon="-2.570098">
        <ele>453.216</ele>
        <time>2026-02-01T16:07:13Z</time>
      </trkpt>
      <trkpt lat="43.243688" lon="-2.570111">
        <ele>453.476</ele>
        <time>2026-02-01T16:07:14Z</time>
      </trkpt>
      <trkpt lat="43.243672" lon="-2.570130">
        <ele>453.813</ele>
        <time>2026-02-01T16:07:15Z</time>
      </trkpt>
      <trkpt lat="43.243657" lon="-2.570146">
        <ele>454.009</ele>
        <time>2026-02-01T16:07:16Z</time>
      </trkpt>
      <trkpt lat="43.243641" lon="-2.570157">
        <ele>454.453</ele>
        <time>2026-02-01T16:07:17Z</time>
      </trkpt>
      <trkpt lat="43.243619" lon="-2.570177">
        <ele>454.615</ele>
        <time>2026-02-01T16:07:18Z</time>
      </trkpt>
      <trkpt lat="43.243601" lon="-2.570204">
        <ele>454.890</ele>
        <time>2026-02-01T16:07:19Z</time>
      </trkpt>
      <trkpt lat="43.243584" lon="-2.570219">
        <ele>455.011</ele>
        <time>2026-02-01T16:07:20Z</time>
      </trkpt>
      <trkpt lat="43.243568" lon="-2.570231">
        <ele>455.248</ele>
        <time>2026-02-01T16:07:21Z</time>
      </trkpt>
      <trkpt lat="43.243548" lon="-2.570240">
        <ele>455.223</ele>
        <time>2026-02-01T16:07:22Z</time>
      </trkpt>
      <trkpt lat="43.243526" lon="-2.570246">
        <ele>455.468</ele>
        <time>2026-02-01T16:07:23Z</time>
      </trkpt>
      <trkpt lat="43.243497" lon="-2.570248">
        <ele>455.667</ele>
        <time>2026-02-01T16:07:24Z</time>
      </trkpt>
      <trkpt lat="43.243470" lon="-2.570254">
        <ele>455.846</ele>
        <time>2026-02-01T16:07:25Z</time>
      </trkpt>
      <trkpt lat="43.243440" lon="-2.570257">
        <ele>456.095</ele>
        <time>2026-02-01T16:07:26Z</time>
      </trkpt>
      <trkpt lat="43.243411" lon="-2.570256">
        <ele>456.249</ele>
        <time>2026-02-01T16:07:27Z</time>
      </trkpt>
      <trkpt lat="43.243382" lon="-2.570255">
        <ele>456.423</ele>
        <time>2026-02-01T16:07:28Z</time>
      </trkpt>
      <trkpt lat="43.243353" lon="-2.570256">
        <ele>456.609</ele>
        <time>2026-02-01T16:07:29Z</time>
      </trkpt>
      <trkpt lat="43.243325" lon="-2.570253">
        <ele>456.831</ele>
        <time>2026-02-01T16:07:30Z</time>
      </trkpt>
      <trkpt lat="43.243299" lon="-2.570251">
        <ele>457.083</ele>
        <time>2026-02-01T16:07:31Z</time>
      </trkpt>
      <trkpt lat="43.243273" lon="-2.570250">
        <ele>457.058</ele>
        <time>2026-02-01T16:07:32Z</time>
      </trkpt>
      <trkpt lat="43.243247" lon="-2.570246">
        <ele>457.229</ele>
        <time>2026-02-01T16:07:33Z</time>
      </trkpt>
      <trkpt lat="43.243220" lon="-2.570244">
        <ele>457.476</ele>
        <time>2026-02-01T16:07:34Z</time>
      </trkpt>
      <trkpt lat="43.243193" lon="-2.570238">
        <ele>457.611</ele>
        <time>2026-02-01T16:07:35Z</time>
      </trkpt>
      <trkpt lat="43.243169" lon="-2.570232">
        <ele>458.016</ele>
        <time>2026-02-01T16:07:36Z</time>
      </trkpt>
      <trkpt lat="43.243141" lon="-2.570228">
        <ele>458.295</ele>
        <time>2026-02-01T16:07:37Z</time>
      </trkpt>
      <trkpt lat="43.243117" lon="-2.570221">
        <ele>458.644</ele>
        <time>2026-02-01T16:07:38Z</time>
      </trkpt>
      <trkpt lat="43.243091" lon="-2.570215">
        <ele>458.852</ele>
        <time>2026-02-01T16:07:39Z</time>
      </trkpt>
      <trkpt lat="43.243067" lon="-2.570208">
        <ele>459.053</ele>
        <time>2026-02-01T16:07:40Z</time>
      </trkpt>
      <trkpt lat="43.243044" lon="-2.570201">
        <ele>459.408</ele>
        <time>2026-02-01T16:07:41Z</time>
      </trkpt>
      <trkpt lat="43.243021" lon="-2.570194">
        <ele>459.809</ele>
        <time>2026-02-01T16:07:42Z</time>
      </trkpt>
      <trkpt lat="43.243000" lon="-2.570189">
        <ele>460.087</ele>
        <time>2026-02-01T16:07:43Z</time>
      </trkpt>
      <trkpt lat="43.242982" lon="-2.570183">
        <ele>460.239</ele>
        <time>2026-02-01T16:07:44Z</time>
      </trkpt>
      <trkpt lat="43.242962" lon="-2.570178">
        <ele>460.454</ele>
        <time>2026-02-01T16:07:45Z</time>
      </trkpt>
      <trkpt lat="43.242939" lon="-2.570168">
        <ele>460.635</ele>
        <time>2026-02-01T16:07:46Z</time>
      </trkpt>
      <trkpt lat="43.242918" lon="-2.570159">
        <ele>460.822</ele>
        <time>2026-02-01T16:07:47Z</time>
      </trkpt>
      <trkpt lat="43.242897" lon="-2.570152">
        <ele>461.067</ele>
        <time>2026-02-01T16:07:48Z</time>
      </trkpt>
      <trkpt lat="43.242876" lon="-2.570138">
        <ele>461.412</ele>
        <time>2026-02-01T16:07:49Z</time>
      </trkpt>
      <trkpt lat="43.242848" lon="-2.570124">
        <ele>461.611</ele>
        <time>2026-02-01T16:07:50Z</time>
      </trkpt>
      <trkpt lat="43.242822" lon="-2.570121">
        <ele>462.020</ele>
        <time>2026-02-01T16:07:51Z</time>
      </trkpt>
      <trkpt lat="43.242801" lon="-2.570125">
        <ele>462.695</ele>
        <time>2026-02-01T16:07:52Z</time>
      </trkpt>
      <trkpt lat="43.242782" lon="-2.570134">
        <ele>463.049</ele>
        <time>2026-02-01T16:07:53Z</time>
      </trkpt>
      <trkpt lat="43.242763" lon="-2.570155">
        <ele>463.423</ele>
        <time>2026-02-01T16:07:54Z</time>
      </trkpt>
      <trkpt lat="43.242750" lon="-2.570180">
        <ele>463.809</ele>
        <time>2026-02-01T16:07:55Z</time>
      </trkpt>
      <trkpt lat="43.242745" lon="-2.570209">
        <ele>464.281</ele>
        <time>2026-02-01T16:07:56Z</time>
      </trkpt>
      <trkpt lat="43.242744" lon="-2.570240">
        <ele>464.493</ele>
        <time>2026-02-01T16:07:57Z</time>
      </trkpt>
      <trkpt lat="43.242747" lon="-2.570268">
        <ele>464.848</ele>
        <time>2026-02-01T16:07:58Z</time>
      </trkpt>
      <trkpt lat="43.242749" lon="-2.570295">
        <ele>465.069</ele>
        <time>2026-02-01T16:07:59Z</time>
      </trkpt>
      <trkpt lat="43.242754" lon="-2.570325">
        <ele>465.286</ele>
        <time>2026-02-01T16:08:00Z</time>
      </trkpt>
      <trkpt lat="43.242768" lon="-2.570351">
        <ele>465.611</ele>
        <time>2026-02-01T16:08:01Z</time>
      </trkpt>
      <trkpt lat="43.242777" lon="-2.570379">
        <ele>465.816</ele>
        <time>2026-02-01T16:08:02Z</time>
      </trkpt>
      <trkpt lat="43.242788" lon="-2.570401">
        <ele>466.295</ele>
        <time>2026-02-01T16:08:03Z</time>
      </trkpt>
      <trkpt lat="43.242801" lon="-2.570424">
        <ele>466.614</ele>
        <time>2026-02-01T16:08:04Z</time>
      </trkpt>
      <trkpt lat="43.242811" lon="-2.570441">
        <ele>467.054</ele>
        <time>2026-02-01T16:08:05Z</time>
      </trkpt>
      <trkpt lat="43.242818" lon="-2.570460">
        <ele>467.256</ele>
        <time>2026-02-01T16:08:06Z</time>
      </trkpt>
      <trkpt lat="43.242828" lon="-2.570485">
        <ele>467.611</ele>
        <time>2026-02-01T16:08:07Z</time>
      </trkpt>
      <trkpt lat="43.242838" lon="-2.570506">
        <ele>468.009</ele>
        <time>2026-02-01T16:08:08Z</time>
      </trkpt>
      <trkpt lat="43.242852" lon="-2.570525">
        <ele>468.227</ele>
        <time>2026-02-01T16:08:09Z</time>
      </trkpt>
      <trkpt lat="43.242864" lon="-2.570545">
        <ele>468.669</ele>
        <time>2026-02-01T16:08:10Z</time>
      </trkpt>
      <trkpt lat="43.242877" lon="-2.570566">
        <ele>468.894</ele>
        <time>2026-02-01T16:08:11Z</time>
      </trkpt>
      <trkpt lat="43.242888" lon="-2.570587">
        <ele>469.075</ele>
        <time>2026-02-01T16:08:12Z</time>
      </trkpt>
      <trkpt lat="43.242893" lon="-2.570608">
        <ele>469.462</ele>
        <time>2026-02-01T16:08:13Z</time>
      </trkpt>
      <trkpt lat="43.242903" lon="-2.570633">
        <ele>469.837</ele>
        <time>2026-02-01T16:08:14Z</time>
      </trkpt>
      <trkpt lat="43.242911" lon="-2.570656">
        <ele>470.262</ele>
        <time>2026-02-01T16:08:15Z</time>
      </trkpt>
      <trkpt lat="43.242921" lon="-2.570679">
        <ele>470.411</ele>
        <time>2026-02-01T16:08:16Z</time>
      </trkpt>
      <trkpt lat="43.242930" lon="-2.570703">
        <ele>470.630</ele>
        <time>2026-02-01T16:08:17Z</time>
      </trkpt>
      <trkpt lat="43.242935" lon="-2.570725">
        <ele>471.068</ele>
        <time>2026-02-01T16:08:18Z</time>
      </trkpt>
      <trkpt lat="43.242939" lon="-2.570750">
        <ele>471.242</ele>
        <time>2026-02-01T16:08:19Z</time>
      </trkpt>
      <trkpt lat="43.242946" lon="-2.570772">
        <ele>471.626</ele>
        <time>2026-02-01T16:08:20Z</time>
      </trkpt>
      <trkpt lat="43.242954" lon="-2.570791">
        <ele>472.009</ele>
        <time>2026-02-01T16:08:21Z</time>
      </trkpt>
      <trkpt lat="43.242960" lon="-2.570814">
        <ele>472.658</ele>
        <time>2026-02-01T16:08:22Z</time>
      </trkpt>
      <trkpt lat="43.242968" lon="-2.570838">
        <ele>473.010</ele>
        <time>2026-02-01T16:08:23Z</time>
      </trkpt>
      <trkpt lat="43.242974" lon="-2.570860">
        <ele>473.425</ele>
        <time>2026-02-01T16:08:24Z</time>
      </trkpt>
      <trkpt lat="43.242982" lon="-2.570881">
        <ele>473.886</ele>
        <time>2026-02-01T16:08:25Z</time>
      </trkpt>
      <trkpt lat="43.242989" lon="-2.570900">
        <ele>474.223</ele>
        <time>2026-02-01T16:08:26Z</time>
      </trkpt>
      <trkpt lat="43.242993" lon="-2.570920">
        <ele>474.658</ele>
        <time>2026-02-01T16:08:27Z</time>
      </trkpt>
      <trkpt lat="43.242998" lon="-2.570940">
        <ele>475.083</ele>
        <time>2026-02-01T16:08:28Z</time>
      </trkpt>
      <trkpt lat="43.243005" lon="-2.570961">
        <ele>475.422</ele>
        <time>2026-02-01T16:08:29Z</time>
      </trkpt>
      <trkpt lat="43.243012" lon="-2.570983">
        <ele>475.821</ele>
        <time>2026-02-01T16:08:30Z</time>
      </trkpt>
      <trkpt lat="43.243017" lon="-2.571001">
        <ele>476.219</ele>
        <time>2026-02-01T16:08:31Z</time>
      </trkpt>
      <trkpt lat="43.243024" lon="-2.571021">
        <ele>476.409</ele>
        <time>2026-02-01T16:08:32Z</time>
      </trkpt>
      <trkpt lat="43.243032" lon="-2.571043">
        <ele>476.619</ele>
        <time>2026-02-01T16:08:33Z</time>
      </trkpt>
      <trkpt lat="43.243041" lon="-2.571068">
        <ele>476.809</ele>
        <time>2026-02-01T16:08:34Z</time>
      </trkpt>
      <trkpt lat="43.243051" lon="-2.571094">
        <ele>477.013</ele>
        <time>2026-02-01T16:08:35Z</time>
      </trkpt>
      <trkpt lat="43.243060" lon="-2.571117">
        <ele>477.215</ele>
        <time>2026-02-01T16:08:36Z</time>
      </trkpt>
      <trkpt lat="43.243065" lon="-2.571141">
        <ele>477.650</ele>
        <time>2026-02-01T16:08:37Z</time>
      </trkpt>
      <trkpt lat="43.243071" lon="-2.571163">
        <ele>478.041</ele>
        <time>2026-02-01T16:08:38Z</time>
      </trkpt>
      <trkpt lat="43.243079" lon="-2.571183">
        <ele>478.448</ele>
        <time>2026-02-01T16:08:39Z</time>
      </trkpt>
      <trkpt lat="43.243088" lon="-2.571202">
        <ele>478.893</ele>
        <time>2026-02-01T16:08:40Z</time>
      </trkpt>
      <trkpt lat="43.243095" lon="-2.571220">
        <ele>479.258</ele>
        <time>2026-02-01T16:08:41Z</time>
      </trkpt>
      <trkpt lat="43.243107" lon="-2.571238">
        <ele>479.697</ele>
        <time>2026-02-01T16:08:42Z</time>
      </trkpt>
      <trkpt lat="43.243118" lon="-2.571252">
        <ele>479.816</ele>
        <time>2026-02-01T16:08:43Z</time>
      </trkpt>
      <trkpt lat="43.243125" lon="-2.571270">
        <ele>480.044</ele>
        <time>2026-02-01T16:08:44Z</time>
      </trkpt>
      <trkpt lat="43.243135" lon="-2.571287">
        <ele>480.005</ele>
        <time>2026-02-01T16:08:45Z</time>
      </trkpt>
      <trkpt lat="43.243142" lon="-2.571303">
        <ele>480.415</ele>
        <time>2026-02-01T16:08:46Z</time>
      </trkpt>
      <trkpt lat="43.243147" lon="-2.571321">
        <ele>480.609</ele>
        <time>2026-02-01T16:08:47Z</time>
      </trkpt>
      <trkpt lat="43.243152" lon="-2.571346">
        <ele>481.096</ele>
        <time>2026-02-01T16:08:48Z</time>
      </trkpt>
      <trkpt lat="43.243155" lon="-2.571366">
        <ele>481.258</ele>
        <time>2026-02-01T16:08:49Z</time>
      </trkpt>
      <trkpt lat="43.243156" lon="-2.571389">
        <ele>481.643</ele>
        <time>2026-02-01T16:08:50Z</time>
      </trkpt>
      <trkpt lat="43.243159" lon="-2.571415">
        <ele>482.044</ele>
        <time>2026-02-01T16:08:51Z</time>
      </trkpt>
      <trkpt lat="43.243160" lon="-2.571438">
        <ele>482.221</ele>
        <time>2026-02-01T16:08:52Z</time>
      </trkpt>
      <trkpt lat="43.243159" lon="-2.571466">
        <ele>482.646</ele>
        <time>2026-02-01T16:08:53Z</time>
      </trkpt>
      <trkpt lat="43.243159" lon="-2.571493">
        <ele>482.841</ele>
        <time>2026-02-01T16:08:54Z</time>
      </trkpt>
      <trkpt lat="43.243159" lon="-2.571517">
        <ele>483.080</ele>
        <time>2026-02-01T16:08:55Z</time>
      </trkpt>
      <trkpt lat="43.243161" lon="-2.571543">
        <ele>483.299</ele>
        <time>2026-02-01T16:08:56Z</time>
      </trkpt>
      <trkpt lat="43.243156" lon="-2.571559">
        <ele>483.466</ele>
        <time>2026-02-01T16:08:57Z</time>
      </trkpt>
      <trkpt lat="43.243157" lon="-2.571580">
        <ele>483.829</ele>
        <time>2026-02-01T16:08:58Z</time>
      </trkpt>
      <trkpt lat="43.243158" lon="-2.571602">
        <ele>484.221</ele>
        <time>2026-02-01T16:08:59Z</time>
      </trkpt>
      <trkpt lat="43.243160" lon="-2.571624">
        <ele>484.409</ele>
        <time>2026-02-01T16:09:00Z</time>
      </trkpt>
      <trkpt lat="43.243157" lon="-2.571647">
        <ele>484.898</ele>
        <time>2026-02-01T16:09:01Z</time>
      </trkpt>
      <trkpt lat="43.243157" lon="-2.571671">
        <ele>485.080</ele>
        <time>2026-02-01T16:09:02Z</time>
      </trkpt>
      <trkpt lat="43.243153" lon="-2.571696">
        <ele>485.425</ele>
        <time>2026-02-01T16:09:03Z</time>
      </trkpt>
      <trkpt lat="43.243148" lon="-2.571720">
        <ele>485.466</ele>
        <time>2026-02-01T16:09:04Z</time>
      </trkpt>
      <trkpt lat="43.243144" lon="-2.571741">
        <ele>485.653</ele>
        <time>2026-02-01T16:09:05Z</time>
      </trkpt>
      <trkpt lat="43.243141" lon="-2.571763">
        <ele>485.878</ele>
        <time>2026-02-01T16:09:06Z</time>
      </trkpt>
      <trkpt lat="43.243136" lon="-2.571788">
        <ele>486.293</ele>
        <time>2026-02-01T16:09:07Z</time>
      </trkpt>
      <trkpt lat="43.243130" lon="-2.571812">
        <ele>486.662</ele>
        <time>2026-02-01T16:09:08Z</time>
      </trkpt>
      <trkpt lat="43.243121" lon="-2.571834">
        <ele>487.091</ele>
        <time>2026-02-01T16:09:09Z</time>
      </trkpt>
      <trkpt lat="43.243112" lon="-2.571854">
        <ele>487.463</ele>
        <time>2026-02-01T16:09:10Z</time>
      </trkpt>
      <trkpt lat="43.243104" lon="-2.571874">
        <ele>487.844</ele>
        <time>2026-02-01T16:09:11Z</time>
      </trkpt>
      <trkpt lat="43.243095" lon="-2.571892">
        <ele>488.018</ele>
        <time>2026-02-01T16:09:12Z</time>
      </trkpt>
      <trkpt lat="43.243084" lon="-2.571915">
        <ele>488.209</ele>
        <time>2026-02-01T16:09:13Z</time>
      </trkpt>
      <trkpt lat="43.243073" lon="-2.571932">
        <ele>488.618</ele>
        <time>2026-02-01T16:09:14Z</time>
      </trkpt>
      <trkpt lat="43.243057" lon="-2.571953">
        <ele>488.810</ele>
        <time>2026-02-01T16:09:15Z</time>
      </trkpt>
      <trkpt lat="43.243043" lon="-2.571968">
        <ele>489.035</ele>
        <time>2026-02-01T16:09:16Z</time>
      </trkpt>
      <trkpt lat="43.243032" lon="-2.571985">
        <ele>489.286</ele>
        <time>2026-02-01T16:09:17Z</time>
      </trkpt>
      <trkpt lat="43.243018" lon="-2.571996">
        <ele>489.433</ele>
        <time>2026-02-01T16:09:18Z</time>
      </trkpt>
      <trkpt lat="43.243001" lon="-2.572013">
        <ele>489.418</ele>
        <time>2026-02-01T16:09:19Z</time>
      </trkpt>
      <trkpt lat="43.242984" lon="-2.572031">
        <ele>489.613</ele>
        <time>2026-02-01T16:09:20Z</time>
      </trkpt>
      <trkpt lat="43.242971" lon="-2.572050">
        <ele>489.842</ele>
        <time>2026-02-01T16:09:21Z</time>
      </trkpt>
      <trkpt lat="43.242957" lon="-2.572070">
        <ele>490.291</ele>
        <time>2026-02-01T16:09:22Z</time>
      </trkpt>
      <trkpt lat="43.242941" lon="-2.572083">
        <ele>490.619</ele>
        <time>2026-02-01T16:09:23Z</time>
      </trkpt>
      <trkpt lat="43.242922" lon="-2.572094">
        <ele>491.009</ele>
        <time>2026-02-01T16:09:24Z</time>
      </trkpt>
      <trkpt lat="43.242907" lon="-2.572105">
        <ele>491.419</ele>
        <time>2026-02-01T16:09:25Z</time>
      </trkpt>
      <trkpt lat="43.242889" lon="-2.572119">
        <ele>491.809</ele>
        <time>2026-02-01T16:09:26Z</time>
      </trkpt>
      <trkpt lat="43.242873" lon="-2.572134">
        <ele>492.063</ele>
        <time>2026-02-01T16:09:27Z</time>
      </trkpt>
      <trkpt lat="43.242857" lon="-2.572149">
        <ele>492.295</ele>
        <time>2026-02-01T16:09:28Z</time>
      </trkpt>
      <trkpt lat="43.242843" lon="-2.572164">
        <ele>492.690</ele>
        <time>2026-02-01T16:09:29Z</time>
      </trkpt>
      <trkpt lat="43.242827" lon="-2.572176">
        <ele>492.671</ele>
        <time>2026-02-01T16:09:30Z</time>
      </trkpt>
      <trkpt lat="43.242810" lon="-2.572187">
        <ele>493.028</ele>
        <time>2026-02-01T16:09:31Z</time>
      </trkpt>
      <trkpt lat="43.242793" lon="-2.572199">
        <ele>493.263</ele>
        <time>2026-02-01T16:09:32Z</time>
      </trkpt>
      <trkpt lat="43.242776" lon="-2.572219">
        <ele>493.478</ele>
        <time>2026-02-01T16:09:33Z</time>
      </trkpt>
      <trkpt lat="43.242759" lon="-2.572238">
        <ele>493.417</ele>
        <time>2026-02-01T16:09:34Z</time>
      </trkpt>
      <trkpt lat="43.242742" lon="-2.572251">
        <ele>493.616</ele>
        <time>2026-02-01T16:09:35Z</time>
      </trkpt>
      <trkpt lat="43.242724" lon="-2.572265">
        <ele>493.877</ele>
        <time>2026-02-01T16:09:36Z</time>
      </trkpt>
      <trkpt lat="43.242705" lon="-2.572277">
        <ele>493.861</ele>
        <time>2026-02-01T16:09:37Z</time>
      </trkpt>
      <trkpt lat="43.242686" lon="-2.572290">
        <ele>494.227</ele>
        <time>2026-02-01T16:09:38Z</time>
      </trkpt>
      <trkpt lat="43.242668" lon="-2.572306">
        <ele>494.409</ele>
        <time>2026-02-01T16:09:39Z</time>
      </trkpt>
      <trkpt lat="43.242655" lon="-2.572323">
        <ele>494.669</ele>
        <time>2026-02-01T16:09:40Z</time>
      </trkpt>
      <trkpt lat="43.242640" lon="-2.572343">
        <ele>494.871</ele>
        <time>2026-02-01T16:09:41Z</time>
      </trkpt>
      <trkpt lat="43.242624" lon="-2.572364">
        <ele>495.056</ele>
        <time>2026-02-01T16:09:42Z</time>
      </trkpt>
      <trkpt lat="43.242615" lon="-2.572386">
        <ele>495.257</ele>
        <time>2026-02-01T16:09:43Z</time>
      </trkpt>
      <trkpt lat="43.242604" lon="-2.572387">
        <ele>495.464</ele>
        <time>2026-02-01T16:09:44Z</time>
      </trkpt>
      <trkpt lat="43.242603" lon="-2.572389">
        <ele>495.489</ele>
        <time>2026-02-01T16:09:45Z</time>
      </trkpt>
      <trkpt lat="43.242603" lon="-2.572389">
        <ele>495.434</ele>
        <time>2026-02-01T16:09:46Z</time>
      </trkpt>
      <trkpt lat="43.242597" lon="-2.572385">
        <ele>495.283</ele>
        <time>2026-02-01T16:09:47Z</time>
      </trkpt>
      <trkpt lat="43.242599" lon="-2.572393">
        <ele>495.292</ele>
        <time>2026-02-01T16:09:48Z</time>
      </trkpt>
      <trkpt lat="43.242595" lon="-2.572398">
        <ele>495.287</ele>
        <time>2026-02-01T16:09:49Z</time>
      </trkpt>
      <trkpt lat="43.242592" lon="-2.572400">
        <ele>495.242</ele>
        <time>2026-02-01T16:09:50Z</time>
      </trkpt>
      <trkpt lat="43.242596" lon="-2.572407">
        <ele>495.026</ele>
        <time>2026-02-01T16:09:51Z</time>
      </trkpt>
      <trkpt lat="43.242595" lon="-2.572407">
        <ele>495.009</ele>
        <time>2026-02-01T16:09:52Z</time>
      </trkpt>
      <trkpt lat="43.242596" lon="-2.572411">
        <ele>495.060</ele>
        <time>2026-02-01T16:09:53Z</time>
      </trkpt>
      <trkpt lat="43.242596" lon="-2.572411">
        <ele>495.092</ele>
        <time>2026-02-01T16:09:54Z</time>
      </trkpt>
      <trkpt lat="43.242596" lon="-2.572411">
        <ele>495.077</ele>
        <time>2026-02-01T16:09:55Z</time>
      </trkpt>
      <trkpt lat="43.242596" lon="-2.572410">
        <ele>495.058</ele>
        <time>2026-02-01T16:09:56Z</time>
      </trkpt>
      <trkpt lat="43.242598" lon="-2.572410">
        <ele>494.835</ele>
        <time>2026-02-01T16:09:57Z</time>
      </trkpt>
      <trkpt lat="43.242596" lon="-2.572411">
        <ele>494.870</ele>
        <time>2026-02-01T16:09:58Z</time>
      </trkpt>
      <trkpt lat="43.242596" lon="-2.572411">
        <ele>494.645</ele>
        <time>2026-02-01T16:09:59Z</time>
      </trkpt>
      <trkpt lat="43.242596" lon="-2.572411">
        <ele>494.654</ele>
        <time>2026-02-01T16:10:00Z</time>
      </trkpt>
      <trkpt lat="43.242596" lon="-2.572411">
        <ele>494.413</ele>
        <time>2026-02-01T16:10:01Z</time>
      </trkpt>
      <trkpt lat="43.242596" lon="-2.572411">
        <ele>494.411</ele>
        <time>2026-02-01T16:10:02Z</time>
      </trkpt>
      <trkpt lat="43.242596" lon="-2.572411">
        <ele>494.421</ele>
        <time>2026-02-01T16:10:03Z</time>
      </trkpt>
      <trkpt lat="43.242596" lon="-2.572411">
        <ele>494.203</ele>
        <time>2026-02-01T16:10:04Z</time>
      </trkpt>
      <trkpt lat="43.242596" lon="-2.572411">
        <ele>494.209</ele>
        <time>2026-02-01T16:10:05Z</time>
      </trkpt>
      <trkpt lat="43.242596" lon="-2.572411">
        <ele>494.053</ele>
        <time>2026-02-01T16:10:06Z</time>
      </trkpt>
      <trkpt lat="43.242596" lon="-2.572411">
        <ele>494.085</ele>
        <time>2026-02-01T16:10:07Z</time>
      </trkpt>
      <trkpt lat="43.242596" lon="-2.572411">
        <ele>493.860</ele>
        <time>2026-02-01T16:10:08Z</time>
      </trkpt>
      <trkpt lat="43.242596" lon="-2.572411">
        <ele>493.841</ele>
        <time>2026-02-01T16:10:09Z</time>
      </trkpt>
      <trkpt lat="43.242596" lon="-2.572411">
        <ele>493.688</ele>
        <time>2026-02-01T16:10:10Z</time>
      </trkpt>
      <trkpt lat="43.242596" lon="-2.572411">
        <ele>493.663</ele>
        <time>2026-02-01T16:10:11Z</time>
      </trkpt>
      <trkpt lat="43.242596" lon="-2.572411">
        <ele>493.688</ele>
        <time>2026-02-01T16:10:12Z</time>
      </trkpt>
      <trkpt lat="43.242596" lon="-2.572411">
        <ele>493.667</ele>
        <time>2026-02-01T16:10:13Z</time>
      </trkpt>
      <trkpt lat="43.242596" lon="-2.572411">
        <ele>493.656</ele>
        <time>2026-02-01T16:10:14Z</time>
      </trkpt>
      <trkpt lat="43.242596" lon="-2.572411">
        <ele>493.611</ele>
        <time>2026-02-01T16:10:15Z</time>
      </trkpt>
      <trkpt lat="43.242596" lon="-2.572411">
        <ele>493.621</ele>
        <time>2026-02-01T16:10:16Z</time>
      </trkpt>
      <trkpt lat="43.242596" lon="-2.572411">
        <ele>493.603</ele>
        <time>2026-02-01T16:10:17Z</time>
      </trkpt>
      <trkpt lat="43.242596" lon="-2.572411">
        <ele>493.609</ele>
        <time>2026-02-01T16:10:18Z</time>
      </trkpt>
      <trkpt lat="43.242596" lon="-2.572411">
        <ele>493.493</ele>
        <time>2026-02-01T16:10:19Z</time>
      </trkpt>
      <trkpt lat="43.242596" lon="-2.572411">
        <ele>493.485</ele>
        <time>2026-02-01T16:10:20Z</time>
      </trkpt>
      <trkpt lat="43.242596" lon="-2.572411">
        <ele>493.250</ele>
        <time>2026-02-01T16:10:21Z</time>
      </trkpt>
      <trkpt lat="43.242596" lon="-2.572411">
        <ele>493.091</ele>
        <time>2026-02-01T16:10:22Z</time>
      </trkpt>
      <trkpt lat="43.242596" lon="-2.572411">
        <ele>493.098</ele>
        <time>2026-02-01T16:10:23Z</time>
      </trkpt>
      <trkpt lat="43.242596" lon="-2.572411">
        <ele>493.073</ele>
        <time>2026-02-01T16:10:24Z</time>
      </trkpt>
      <trkpt lat="43.242596" lon="-2.572411">
        <ele>492.888</ele>
        <time>2026-02-01T16:10:25Z</time>
      </trkpt>
      <trkpt lat="43.242596" lon="-2.572411">
        <ele>492.867</ele>
        <time>2026-02-01T16:10:26Z</time>
      </trkpt>
      <trkpt lat="43.242596" lon="-2.572411">
        <ele>492.636</ele>
        <time>2026-02-01T16:10:27Z</time>
      </trkpt>
      <trkpt lat="43.242596" lon="-2.572411">
        <ele>492.691</ele>
        <time>2026-02-01T16:10:28Z</time>
      </trkpt>
      <trkpt lat="43.242596" lon="-2.572411">
        <ele>492.681</ele>
        <time>2026-02-01T16:10:29Z</time>
      </trkpt>
      <trkpt lat="43.242596" lon="-2.572411">
        <ele>492.619</ele>
        <time>2026-02-01T16:10:30Z</time>
      </trkpt>
      <trkpt lat="43.242596" lon="-2.572411">
        <ele>492.409</ele>
        <time>2026-02-01T16:10:31Z</time>
      </trkpt>
      <trkpt lat="43.242596" lon="-2.572411">
        <ele>492.481</ele>
        <time>2026-02-01T16:10:32Z</time>
      </trkpt>
      <trkpt lat="43.242596" lon="-2.572411">
        <ele>492.483</ele>
        <time>2026-02-01T16:10:33Z</time>
      </trkpt>
      <trkpt lat="43.242596" lon="-2.572411">
        <ele>492.438</ele>
        <time>2026-02-01T16:10:34Z</time>
      </trkpt>
      <trkpt lat="43.242596" lon="-2.572411">
        <ele>492.429</ele>
        <time>2026-02-01T16:10:35Z</time>
      </trkpt>
      <trkpt lat="43.242596" lon="-2.572411">
        <ele>492.426</ele>
        <time>2026-02-01T16:10:36Z</time>
      </trkpt>
      <trkpt lat="43.242596" lon="-2.572411">
        <ele>492.441</ele>
        <time>2026-02-01T16:10:37Z</time>
      </trkpt>
      <trkpt lat="43.242596" lon="-2.572411">
        <ele>492.486</ele>
        <time>2026-02-01T16:10:38Z</time>
      </trkpt>
      <trkpt lat="43.242603" lon="-2.572409">
        <ele>492.475</ele>
        <time>2026-02-01T16:10:39Z</time>
      </trkpt>
      <trkpt lat="43.242609" lon="-2.572416">
        <ele>492.474</ele>
        <time>2026-02-01T16:10:40Z</time>
      </trkpt>
      <trkpt lat="43.242606" lon="-2.572411">
        <ele>492.497</ele>
        <time>2026-02-01T16:10:41Z</time>
      </trkpt>
      <trkpt lat="43.242603" lon="-2.572405">
        <ele>492.423</ele>
        <time>2026-02-01T16:10:42Z</time>
      </trkpt>
      <trkpt lat="43.242600" lon="-2.572403">
        <ele>492.425</ele>
        <time>2026-02-01T16:10:43Z</time>
      </trkpt>
      <trkpt lat="43.242596" lon="-2.572411">
        <ele>492.409</ele>
        <time>2026-02-01T16:10:44Z</time>
      </trkpt>
      <trkpt lat="43.242596" lon="-2.572411">
        <ele>492.431</ele>
        <time>2026-02-01T16:10:45Z</time>
      </trkpt>
      <trkpt lat="43.242596" lon="-2.572411">
        <ele>492.493</ele>
        <time>2026-02-01T16:10:46Z</time>
      </trkpt>
      <trkpt lat="43.242596" lon="-2.572411">
        <ele>492.288</ele>
        <time>2026-02-01T16:10:47Z</time>
      </trkpt>
      <trkpt lat="43.242596" lon="-2.572411">
        <ele>492.269</ele>
        <time>2026-02-01T16:10:48Z</time>
      </trkpt>
      <trkpt lat="43.242601" lon="-2.572405">
        <ele>492.266</ele>
        <time>2026-02-01T16:10:49Z</time>
      </trkpt>
      <trkpt lat="43.242585" lon="-2.572414">
        <ele>492.221</ele>
        <time>2026-02-01T16:10:50Z</time>
      </trkpt>
      <trkpt lat="43.242567" lon="-2.572425">
        <ele>492.466</ele>
        <time>2026-02-01T16:10:51Z</time>
      </trkpt>
      <trkpt lat="43.242551" lon="-2.572448">
        <ele>492.835</ele>
        <time>2026-02-01T16:10:52Z</time>
      </trkpt>
      <trkpt lat="43.242528" lon="-2.572465">
        <ele>493.214</ele>
        <time>2026-02-01T16:10:53Z</time>
      </trkpt>
      <trkpt lat="43.242513" lon="-2.572495">
        <ele>493.435</ele>
        <time>2026-02-01T16:10:54Z</time>
      </trkpt>
      <trkpt lat="43.242500" lon="-2.572520">
        <ele>493.886</ele>
        <time>2026-02-01T16:10:55Z</time>
      </trkpt>
      <trkpt lat="43.242486" lon="-2.572547">
        <ele>494.214</ele>
        <time>2026-02-01T16:10:56Z</time>
      </trkpt>
      <trkpt lat="43.242475" lon="-2.572573">
        <ele>494.609</ele>
        <time>2026-02-01T16:10:57Z</time>
      </trkpt>
      <trkpt lat="43.242466" lon="-2.572602">
        <ele>495.065</ele>
        <time>2026-02-01T16:10:58Z</time>
      </trkpt>
      <trkpt lat="43.242458" lon="-2.572635">
        <ele>495.457</ele>
        <time>2026-02-01T16:10:59Z</time>
      </trkpt>
      <trkpt lat="43.242454" lon="-2.572671">
        <ele>495.892</ele>
        <time>2026-02-01T16:11:00Z</time>
      </trkpt>
      <trkpt lat="43.242453" lon="-2.572708">
        <ele>496.063</ele>
        <time>2026-02-01T16:11:01Z</time>
      </trkpt>
      <trkpt lat="43.242450" lon="-2.572742">
        <ele>496.230</ele>
        <time>2026-02-01T16:11:02Z</time>
      </trkpt>
      <trkpt lat="43.242451" lon="-2.572779">
        <ele>496.465</ele>
        <time>2026-02-01T16:11:03Z</time>
      </trkpt>
      <trkpt lat="43.242453" lon="-2.572820">
        <ele>496.620</ele>
        <time>2026-02-01T16:11:04Z</time>
      </trkpt>
      <trkpt lat="43.242455" lon="-2.572871">
        <ele>496.889</ele>
        <time>2026-02-01T16:11:05Z</time>
      </trkpt>
      <trkpt lat="43.242459" lon="-2.572913">
        <ele>496.878</ele>
        <time>2026-02-01T16:11:06Z</time>
      </trkpt>
      <trkpt lat="43.242462" lon="-2.572950">
        <ele>497.041</ele>
        <time>2026-02-01T16:11:07Z</time>
      </trkpt>
      <trkpt lat="43.242464" lon="-2.572993">
        <ele>497.281</ele>
        <time>2026-02-01T16:11:08Z</time>
      </trkpt>
      <trkpt lat="43.242467" lon="-2.573034">
        <ele>497.409</ele>
        <time>2026-02-01T16:11:09Z</time>
      </trkpt>
      <trkpt lat="43.242469" lon="-2.573071">
        <ele>497.609</ele>
        <time>2026-02-01T16:11:10Z</time>
      </trkpt>
      <trkpt lat="43.242471" lon="-2.573114">
        <ele>497.846</ele>
        <time>2026-02-01T16:11:11Z</time>
      </trkpt>
      <trkpt lat="43.242473" lon="-2.573154">
        <ele>498.018</ele>
        <time>2026-02-01T16:11:12Z</time>
      </trkpt>
      <trkpt lat="43.242475" lon="-2.573193">
        <ele>498.013</ele>
        <time>2026-02-01T16:11:13Z</time>
      </trkpt>
      <trkpt lat="43.242478" lon="-2.573235">
        <ele>498.264</ele>
        <time>2026-02-01T16:11:14Z</time>
      </trkpt>
      <trkpt lat="43.242479" lon="-2.573272">
        <ele>498.221</ele>
        <time>2026-02-01T16:11:15Z</time>
      </trkpt>
      <trkpt lat="43.242478" lon="-2.573311">
        <ele>498.636</ele>
        <time>2026-02-01T16:11:16Z</time>
      </trkpt>
      <trkpt lat="43.242478" lon="-2.573350">
        <ele>498.881</ele>
        <time>2026-02-01T16:11:17Z</time>
      </trkpt>
      <trkpt lat="43.242478" lon="-2.573390">
        <ele>499.050</ele>
        <time>2026-02-01T16:11:18Z</time>
      </trkpt>
      <trkpt lat="43.242478" lon="-2.573423">
        <ele>499.229</ele>
        <time>2026-02-01T16:11:19Z</time>
      </trkpt>
      <trkpt lat="43.242475" lon="-2.573458">
        <ele>499.429</ele>
        <time>2026-02-01T16:11:20Z</time>
      </trkpt>
      <trkpt lat="43.242467" lon="-2.573493">
        <ele>499.600</ele>
        <time>2026-02-01T16:11:21Z</time>
      </trkpt>
      <trkpt lat="43.242458" lon="-2.573531">
        <ele>500.020</ele>
        <time>2026-02-01T16:11:22Z</time>
      </trkpt>
      <trkpt lat="43.242450" lon="-2.573566">
        <ele>500.409</ele>
        <time>2026-02-01T16:11:23Z</time>
      </trkpt>
      <trkpt lat="43.242439" lon="-2.573597">
        <ele>500.894</ele>
        <time>2026-02-01T16:11:24Z</time>
      </trkpt>
      <trkpt lat="43.242426" lon="-2.573629">
        <ele>501.236</ele>
        <time>2026-02-01T16:11:25Z</time>
      </trkpt>
      <trkpt lat="43.242408" lon="-2.573661">
        <ele>501.661</ele>
        <time>2026-02-01T16:11:26Z</time>
      </trkpt>
      <trkpt lat="43.242386" lon="-2.573690">
        <ele>502.022</ele>
        <time>2026-02-01T16:11:27Z</time>
      </trkpt>
      <trkpt lat="43.242364" lon="-2.573709">
        <ele>502.489</ele>
        <time>2026-02-01T16:11:28Z</time>
      </trkpt>
      <trkpt lat="43.242348" lon="-2.573728">
        <ele>502.874</ele>
        <time>2026-02-01T16:11:29Z</time>
      </trkpt>
      <trkpt lat="43.242329" lon="-2.573745">
        <ele>503.219</ele>
        <time>2026-02-01T16:11:30Z</time>
      </trkpt>
      <trkpt lat="43.242309" lon="-2.573760">
        <ele>503.658</ele>
        <time>2026-02-01T16:11:31Z</time>
      </trkpt>
      <trkpt lat="43.242292" lon="-2.573779">
        <ele>504.097</ele>
        <time>2026-02-01T16:11:32Z</time>
      </trkpt>
      <trkpt lat="43.242274" lon="-2.573796">
        <ele>504.447</ele>
        <time>2026-02-01T16:11:33Z</time>
      </trkpt>
      <trkpt lat="43.242258" lon="-2.573816">
        <ele>504.629</ele>
        <time>2026-02-01T16:11:34Z</time>
      </trkpt>
      <trkpt lat="43.242245" lon="-2.573835">
        <ele>505.021</ele>
        <time>2026-02-01T16:11:35Z</time>
      </trkpt>
      <trkpt lat="43.242231" lon="-2.573853">
        <ele>505.609</ele>
        <time>2026-02-01T16:11:36Z</time>
      </trkpt>
      <trkpt lat="43.242216" lon="-2.573875">
        <ele>505.856</ele>
        <time>2026-02-01T16:11:37Z</time>
      </trkpt>
      <trkpt lat="43.242207" lon="-2.573900">
        <ele>506.058</ele>
        <time>2026-02-01T16:11:38Z</time>
      </trkpt>
      <trkpt lat="43.242201" lon="-2.573927">
        <ele>506.443</ele>
        <time>2026-02-01T16:11:39Z</time>
      </trkpt>
      <trkpt lat="43.242196" lon="-2.573956">
        <ele>506.674</ele>
        <time>2026-02-01T16:11:40Z</time>
      </trkpt>
      <trkpt lat="43.242191" lon="-2.573978">
        <ele>507.081</ele>
        <time>2026-02-01T16:11:41Z</time>
      </trkpt>
      <trkpt lat="43.242184" lon="-2.574001">
        <ele>507.226</ele>
        <time>2026-02-01T16:11:42Z</time>
      </trkpt>
      <trkpt lat="43.242176" lon="-2.574028">
        <ele>507.481</ele>
        <time>2026-02-01T16:11:43Z</time>
      </trkpt>
      <trkpt lat="43.242169" lon="-2.574056">
        <ele>507.620</ele>
        <time>2026-02-01T16:11:44Z</time>
      </trkpt>
      <trkpt lat="43.242162" lon="-2.574082">
        <ele>507.849</ele>
        <time>2026-02-01T16:11:45Z</time>
      </trkpt>
      <trkpt lat="43.242156" lon="-2.574103">
        <ele>508.037</ele>
        <time>2026-02-01T16:11:46Z</time>
      </trkpt>
      <trkpt lat="43.242150" lon="-2.574123">
        <ele>508.249</ele>
        <time>2026-02-01T16:11:47Z</time>
      </trkpt>
      <trkpt lat="43.242140" lon="-2.574145">
        <ele>508.613</ele>
        <time>2026-02-01T16:11:48Z</time>
      </trkpt>
      <trkpt lat="43.242130" lon="-2.574174">
        <ele>509.009</ele>
        <time>2026-02-01T16:11:49Z</time>
      </trkpt>
      <trkpt lat="43.242120" lon="-2.574199">
        <ele>509.615</ele>
        <time>2026-02-01T16:11:50Z</time>
      </trkpt>
      <trkpt lat="43.242113" lon="-2.574225">
        <ele>510.067</ele>
        <time>2026-02-01T16:11:51Z</time>
      </trkpt>
      <trkpt lat="43.242103" lon="-2.574247">
        <ele>510.442</ele>
        <time>2026-02-01T16:11:52Z</time>
      </trkpt>
      <trkpt lat="43.242091" lon="-2.574273">
        <ele>510.893</ele>
        <time>2026-02-01T16:11:53Z</time>
      </trkpt>
      <trkpt lat="43.242079" lon="-2.574297">
        <ele>511.050</ele>
        <time>2026-02-01T16:11:54Z</time>
      </trkpt>
      <trkpt lat="43.242068" lon="-2.574318">
        <ele>511.415</ele>
        <time>2026-02-01T16:11:55Z</time>
      </trkpt>
      <trkpt lat="43.242056" lon="-2.574333">
        <ele>511.840</ele>
        <time>2026-02-01T16:11:56Z</time>
      </trkpt>
      <trkpt lat="43.242044" lon="-2.574352">
        <ele>512.089</ele>
        <time>2026-02-01T16:11:57Z</time>
      </trkpt>
      <trkpt lat="43.242031" lon="-2.574372">
        <ele>512.418</ele>
        <time>2026-02-01T16:11:58Z</time>
      </trkpt>
      <trkpt lat="43.242019" lon="-2.574390">
        <ele>512.847</ele>
        <time>2026-02-01T16:11:59Z</time>
      </trkpt>
      <trkpt lat="43.242003" lon="-2.574405">
        <ele>513.229</ele>
        <time>2026-02-01T16:12:00Z</time>
      </trkpt>
      <trkpt lat="43.241986" lon="-2.574416">
        <ele>513.621</ele>
        <time>2026-02-01T16:12:01Z</time>
      </trkpt>
      <trkpt lat="43.241970" lon="-2.574425">
        <ele>513.809</ele>
        <time>2026-02-01T16:12:02Z</time>
      </trkpt>
      <trkpt lat="43.241953" lon="-2.574429">
        <ele>514.046</ele>
        <time>2026-02-01T16:12:03Z</time>
      </trkpt>
      <trkpt lat="43.241936" lon="-2.574432">
        <ele>514.458</ele>
        <time>2026-02-01T16:12:04Z</time>
      </trkpt>
      <trkpt lat="43.241917" lon="-2.574430">
        <ele>514.823</ele>
        <time>2026-02-01T16:12:05Z</time>
      </trkpt>
      <trkpt lat="43.241898" lon="-2.574425">
        <ele>515.214</ele>
        <time>2026-02-01T16:12:06Z</time>
      </trkpt>
      <trkpt lat="43.241873" lon="-2.574422">
        <ele>515.671</ele>
        <time>2026-02-01T16:12:07Z</time>
      </trkpt>
      <trkpt lat="43.241851" lon="-2.574417">
        <ele>515.876</ele>
        <time>2026-02-01T16:12:08Z</time>
      </trkpt>
      <trkpt lat="43.241828" lon="-2.574416">
        <ele>516.251</ele>
        <time>2026-02-01T16:12:09Z</time>
      </trkpt>
      <trkpt lat="43.241808" lon="-2.574420">
        <ele>516.210</ele>
        <time>2026-02-01T16:12:10Z</time>
      </trkpt>
      <trkpt lat="43.241789" lon="-2.574423">
        <ele>516.449</ele>
        <time>2026-02-01T16:12:11Z</time>
      </trkpt>
      <trkpt lat="43.241765" lon="-2.574425">
        <ele>516.628</ele>
        <time>2026-02-01T16:12:12Z</time>
      </trkpt>
      <trkpt lat="43.241744" lon="-2.574430">
        <ele>516.889</ele>
        <time>2026-02-01T16:12:13Z</time>
      </trkpt>
      <trkpt lat="43.241725" lon="-2.574441">
        <ele>517.017</ele>
        <time>2026-02-01T16:12:14Z</time>
      </trkpt>
      <trkpt lat="43.241708" lon="-2.574454">
        <ele>517.209</ele>
        <time>2026-02-01T16:12:15Z</time>
      </trkpt>
      <trkpt lat="43.241692" lon="-2.574467">
        <ele>517.434</ele>
        <time>2026-02-01T16:12:16Z</time>
      </trkpt>
      <trkpt lat="43.241672" lon="-2.574476">
        <ele>517.646</ele>
        <time>2026-02-01T16:12:17Z</time>
      </trkpt>
      <trkpt lat="43.241649" lon="-2.574489">
        <ele>517.881</ele>
        <time>2026-02-01T16:12:18Z</time>
      </trkpt>
      <trkpt lat="43.241630" lon="-2.574501">
        <ele>518.012</ele>
        <time>2026-02-01T16:12:19Z</time>
      </trkpt>
      <trkpt lat="43.241611" lon="-2.574508">
        <ele>518.449</ele>
        <time>2026-02-01T16:12:20Z</time>
      </trkpt>
      <trkpt lat="43.241589" lon="-2.574514">
        <ele>518.824</ele>
        <time>2026-02-01T16:12:21Z</time>
      </trkpt>
      <trkpt lat="43.241569" lon="-2.574523">
        <ele>519.279</ele>
        <time>2026-02-01T16:12:22Z</time>
      </trkpt>
      <trkpt lat="43.241552" lon="-2.574530">
        <ele>519.458</ele>
        <time>2026-02-01T16:12:23Z</time>
      </trkpt>
      <trkpt lat="43.241535" lon="-2.574537">
        <ele>519.847</ele>
        <time>2026-02-01T16:12:24Z</time>
      </trkpt>
      <trkpt lat="43.241515" lon="-2.574540">
        <ele>520.218</ele>
        <time>2026-02-01T16:12:25Z</time>
      </trkpt>
      <trkpt lat="43.241495" lon="-2.574549">
        <ele>520.698</ele>
        <time>2026-02-01T16:12:26Z</time>
      </trkpt>
      <trkpt lat="43.241476" lon="-2.574559">
        <ele>520.817</ele>
        <time>2026-02-01T16:12:27Z</time>
      </trkpt>
      <trkpt lat="43.241455" lon="-2.574568">
        <ele>521.409</ele>
        <time>2026-02-01T16:12:28Z</time>
      </trkpt>
      <trkpt lat="43.241433" lon="-2.574584">
        <ele>521.893</ele>
        <time>2026-02-01T16:12:29Z</time>
      </trkpt>
      <trkpt lat="43.241414" lon="-2.574605">
        <ele>522.035</ele>
        <time>2026-02-01T16:12:30Z</time>
      </trkpt>
      <trkpt lat="43.241395" lon="-2.574622">
        <ele>522.490</ele>
        <time>2026-02-01T16:12:31Z</time>
      </trkpt>
      <trkpt lat="43.241379" lon="-2.574644">
        <ele>522.871</ele>
        <time>2026-02-01T16:12:32Z</time>
      </trkpt>
      <trkpt lat="43.241364" lon="-2.574663">
        <ele>523.048</ele>
        <time>2026-02-01T16:12:33Z</time>
      </trkpt>
      <trkpt lat="43.241353" lon="-2.574690">
        <ele>523.443</ele>
        <time>2026-02-01T16:12:34Z</time>
      </trkpt>
      <trkpt lat="43.241343" lon="-2.574713">
        <ele>523.628</ele>
        <time>2026-02-01T16:12:35Z</time>
      </trkpt>
      <trkpt lat="43.241335" lon="-2.574742">
        <ele>524.047</ele>
        <time>2026-02-01T16:12:36Z</time>
      </trkpt>
      <trkpt lat="43.241327" lon="-2.574768">
        <ele>524.496</ele>
        <time>2026-02-01T16:12:37Z</time>
      </trkpt>
      <trkpt lat="43.241320" lon="-2.574797">
        <ele>524.654</ele>
        <time>2026-02-01T16:12:38Z</time>
      </trkpt>
      <trkpt lat="43.241318" lon="-2.574825">
        <ele>524.856</ele>
        <time>2026-02-01T16:12:39Z</time>
      </trkpt>
      <trkpt lat="43.241314" lon="-2.574850">
        <ele>525.011</ele>
        <time>2026-02-01T16:12:40Z</time>
      </trkpt>
      <trkpt lat="43.241309" lon="-2.574873">
        <ele>525.209</ele>
        <time>2026-02-01T16:12:41Z</time>
      </trkpt>
      <trkpt lat="43.241300" lon="-2.574897">
        <ele>525.677</ele>
        <time>2026-02-01T16:12:42Z</time>
      </trkpt>
      <trkpt lat="43.241293" lon="-2.574923">
        <ele>525.879</ele>
        <time>2026-02-01T16:12:43Z</time>
      </trkpt>
      <trkpt lat="43.241282" lon="-2.574943">
        <ele>526.284</ele>
        <time>2026-02-01T16:12:44Z</time>
      </trkpt>
      <trkpt lat="43.241272" lon="-2.574973">
        <ele>526.435</ele>
        <time>2026-02-01T16:12:45Z</time>
      </trkpt>
      <trkpt lat="43.241265" lon="-2.574998">
        <ele>527.032</ele>
        <time>2026-02-01T16:12:46Z</time>
      </trkpt>
      <trkpt lat="43.241254" lon="-2.575026">
        <ele>527.417</ele>
        <time>2026-02-01T16:12:47Z</time>
      </trkpt>
      <trkpt lat="43.241240" lon="-2.575045">
        <ele>527.692</ele>
        <time>2026-02-01T16:12:48Z</time>
      </trkpt>
      <trkpt lat="43.241226" lon="-2.575068">
        <ele>527.811</ele>
        <time>2026-02-01T16:12:49Z</time>
      </trkpt>
      <trkpt lat="43.241209" lon="-2.575092">
        <ele>528.040</ele>
        <time>2026-02-01T16:12:50Z</time>
      </trkpt>
      <trkpt lat="43.241196" lon="-2.575114">
        <ele>528.233</ele>
        <time>2026-02-01T16:12:51Z</time>
      </trkpt>
      <trkpt lat="43.241181" lon="-2.575136">
        <ele>528.423</ele>
        <time>2026-02-01T16:12:52Z</time>
      </trkpt>
      <trkpt lat="43.241161" lon="-2.575158">
        <ele>528.415</ele>
        <time>2026-02-01T16:12:53Z</time>
      </trkpt>
      <trkpt lat="43.241141" lon="-2.575171">
        <ele>528.609</ele>
        <time>2026-02-01T16:12:54Z</time>
      </trkpt>
      <trkpt lat="43.241125" lon="-2.575175">
        <ele>529.085</ele>
        <time>2026-02-01T16:12:55Z</time>
      </trkpt>
      <trkpt lat="43.241107" lon="-2.575179">
        <ele>529.257</ele>
        <time>2026-02-01T16:12:56Z</time>
      </trkpt>
      <trkpt lat="43.241088" lon="-2.575181">
        <ele>529.682</ele>
        <time>2026-02-01T16:12:57Z</time>
      </trkpt>
      <trkpt lat="43.241066" lon="-2.575181">
        <ele>530.013</ele>
        <time>2026-02-01T16:12:58Z</time>
      </trkpt>
      <trkpt lat="43.241046" lon="-2.575183">
        <ele>530.210</ele>
        <time>2026-02-01T16:12:59Z</time>
      </trkpt>
      <trkpt lat="43.241025" lon="-2.575182">
        <ele>530.485</ele>
        <time>2026-02-01T16:13:00Z</time>
      </trkpt>
      <trkpt lat="43.241003" lon="-2.575185">
        <ele>530.680</ele>
        <time>2026-02-01T16:13:01Z</time>
      </trkpt>
      <trkpt lat="43.240981" lon="-2.575188">
        <ele>530.869</ele>
        <time>2026-02-01T16:13:02Z</time>
      </trkpt>
      <trkpt lat="43.240957" lon="-2.575187">
        <ele>531.028</ele>
        <time>2026-02-01T16:13:03Z</time>
      </trkpt>
      <trkpt lat="43.240934" lon="-2.575191">
        <ele>531.239</ele>
        <time>2026-02-01T16:13:04Z</time>
      </trkpt>
      <trkpt lat="43.240911" lon="-2.575197">
        <ele>531.401</ele>
        <time>2026-02-01T16:13:05Z</time>
      </trkpt>
      <trkpt lat="43.240889" lon="-2.575209">
        <ele>531.421</ele>
        <time>2026-02-01T16:13:06Z</time>
      </trkpt>
      <trkpt lat="43.240865" lon="-2.575217">
        <ele>531.609</ele>
        <time>2026-02-01T16:13:07Z</time>
      </trkpt>
      <trkpt lat="43.240841" lon="-2.575231">
        <ele>531.685</ele>
        <time>2026-02-01T16:13:08Z</time>
      </trkpt>
      <trkpt lat="43.240819" lon="-2.575242">
        <ele>531.697</ele>
        <time>2026-02-01T16:13:09Z</time>
      </trkpt>
      <trkpt lat="43.240797" lon="-2.575258">
        <ele>531.672</ele>
        <time>2026-02-01T16:13:10Z</time>
      </trkpt>
      <trkpt lat="43.240776" lon="-2.575277">
        <ele>531.893</ele>
        <time>2026-02-01T16:13:11Z</time>
      </trkpt>
      <trkpt lat="43.240756" lon="-2.575299">
        <ele>531.840</ele>
        <time>2026-02-01T16:13:12Z</time>
      </trkpt>
      <trkpt lat="43.240738" lon="-2.575316">
        <ele>532.015</ele>
        <time>2026-02-01T16:13:13Z</time>
      </trkpt>
      <trkpt lat="43.240718" lon="-2.575333">
        <ele>532.280</ele>
        <time>2026-02-01T16:13:14Z</time>
      </trkpt>
      <trkpt lat="43.240695" lon="-2.575350">
        <ele>532.229</ele>
        <time>2026-02-01T16:13:15Z</time>
      </trkpt>
      <trkpt lat="43.240674" lon="-2.575365">
        <ele>532.438</ele>
        <time>2026-02-01T16:13:16Z</time>
      </trkpt>
      <trkpt lat="43.240652" lon="-2.575376">
        <ele>532.445</ele>
        <time>2026-02-01T16:13:17Z</time>
      </trkpt>
      <trkpt lat="43.240627" lon="-2.575384">
        <ele>532.647</ele>
        <time>2026-02-01T16:13:18Z</time>
      </trkpt>
      <trkpt lat="43.240602" lon="-2.575390">
        <ele>532.811</ele>
        <time>2026-02-01T16:13:19Z</time>
      </trkpt>
      <trkpt lat="43.240580" lon="-2.575397">
        <ele>533.009</ele>
        <time>2026-02-01T16:13:20Z</time>
      </trkpt>
      <trkpt lat="43.240555" lon="-2.575411">
        <ele>533.276</ele>
        <time>2026-02-01T16:13:21Z</time>
      </trkpt>
      <trkpt lat="43.240537" lon="-2.575435">
        <ele>533.618</ele>
        <time>2026-02-01T16:13:22Z</time>
      </trkpt>
      <trkpt lat="43.240527" lon="-2.575468">
        <ele>533.823</ele>
        <time>2026-02-01T16:13:23Z</time>
      </trkpt>
      <trkpt lat="43.240525" lon="-2.575502">
        <ele>534.054</ele>
        <time>2026-02-01T16:13:24Z</time>
      </trkpt>
      <trkpt lat="43.240530" lon="-2.575534">
        <ele>534.271</ele>
        <time>2026-02-01T16:13:25Z</time>
      </trkpt>
      <trkpt lat="43.240545" lon="-2.575563">
        <ele>534.486</ele>
        <time>2026-02-01T16:13:26Z</time>
      </trkpt>
      <trkpt lat="43.240568" lon="-2.575577">
        <ele>534.881</ele>
        <time>2026-02-01T16:13:27Z</time>
      </trkpt>
      <trkpt lat="43.240591" lon="-2.575582">
        <ele>535.290</ele>
        <time>2026-02-01T16:13:28Z</time>
      </trkpt>
      <trkpt lat="43.240615" lon="-2.575586">
        <ele>535.649</ele>
        <time>2026-02-01T16:13:29Z</time>
      </trkpt>
      <trkpt lat="43.240639" lon="-2.575582">
        <ele>536.013</ele>
        <time>2026-02-01T16:13:30Z</time>
      </trkpt>
      <trkpt lat="43.240659" lon="-2.575579">
        <ele>536.443</ele>
        <time>2026-02-01T16:13:31Z</time>
      </trkpt>
      <trkpt lat="43.240678" lon="-2.575579">
        <ele>536.807</ele>
        <time>2026-02-01T16:13:32Z</time>
      </trkpt>
      <trkpt lat="43.240695" lon="-2.575576">
        <ele>537.209</ele>
        <time>2026-02-01T16:13:33Z</time>
      </trkpt>
      <trkpt lat="43.240710" lon="-2.575569">
        <ele>537.623</ele>
        <time>2026-02-01T16:13:34Z</time>
      </trkpt>
      <trkpt lat="43.240730" lon="-2.575565">
        <ele>537.845</ele>
        <time>2026-02-01T16:13:35Z</time>
      </trkpt>
      <trkpt lat="43.240750" lon="-2.575558">
        <ele>538.040</ele>
        <time>2026-02-01T16:13:36Z</time>
      </trkpt>
      <trkpt lat="43.240771" lon="-2.575552">
        <ele>538.261</ele>
        <time>2026-02-01T16:13:37Z</time>
      </trkpt>
      <trkpt lat="43.240794" lon="-2.575545">
        <ele>538.688</ele>
        <time>2026-02-01T16:13:38Z</time>
      </trkpt>
      <trkpt lat="43.240812" lon="-2.575544">
        <ele>538.653</ele>
        <time>2026-02-01T16:13:39Z</time>
      </trkpt>
      <trkpt lat="43.240828" lon="-2.575546">
        <ele>539.278</ele>
        <time>2026-02-01T16:13:40Z</time>
      </trkpt>
      <trkpt lat="43.240847" lon="-2.575538">
        <ele>539.617</ele>
        <time>2026-02-01T16:13:41Z</time>
      </trkpt>
      <trkpt lat="43.240869" lon="-2.575538">
        <ele>540.296</ele>
        <time>2026-02-01T16:13:42Z</time>
      </trkpt>
      <trkpt lat="43.240890" lon="-2.575544">
        <ele>541.026</ele>
        <time>2026-02-01T16:13:43Z</time>
      </trkpt>
      <trkpt lat="43.240911" lon="-2.575542">
        <ele>541.447</ele>
        <time>2026-02-01T16:13:44Z</time>
      </trkpt>
      <trkpt lat="43.240930" lon="-2.575537">
        <ele>541.811</ele>
        <time>2026-02-01T16:13:45Z</time>
      </trkpt>
      <trkpt lat="43.240951" lon="-2.575542">
        <ele>542.409</ele>
        <time>2026-02-01T16:13:46Z</time>
      </trkpt>
      <trkpt lat="43.240972" lon="-2.575545">
        <ele>542.854</ele>
        <time>2026-02-01T16:13:47Z</time>
      </trkpt>
      <trkpt lat="43.240993" lon="-2.575548">
        <ele>543.256</ele>
        <time>2026-02-01T16:13:48Z</time>
      </trkpt>
      <trkpt lat="43.241014" lon="-2.575553">
        <ele>543.821</ele>
        <time>2026-02-01T16:13:49Z</time>
      </trkpt>
      <trkpt lat="43.241035" lon="-2.575554">
        <ele>544.212</ele>
        <time>2026-02-01T16:13:50Z</time>
      </trkpt>
      <trkpt lat="43.241052" lon="-2.575554">
        <ele>544.669</ele>
        <time>2026-02-01T16:13:51Z</time>
      </trkpt>
      <trkpt lat="43.241069" lon="-2.575569">
        <ele>544.824</ele>
        <time>2026-02-01T16:13:52Z</time>
      </trkpt>
      <trkpt lat="43.241082" lon="-2.575570">
        <ele>545.229</ele>
        <time>2026-02-01T16:13:53Z</time>
      </trkpt>
      <trkpt lat="43.241099" lon="-2.575570">
        <ele>545.688</ele>
        <time>2026-02-01T16:13:54Z</time>
      </trkpt>
      <trkpt lat="43.241120" lon="-2.575579">
        <ele>546.277</ele>
        <time>2026-02-01T16:13:55Z</time>
      </trkpt>
      <trkpt lat="43.241140" lon="-2.575583">
        <ele>546.896</ele>
        <time>2026-02-01T16:13:56Z</time>
      </trkpt>
      <trkpt lat="43.241159" lon="-2.575585">
        <ele>547.031</ele>
        <time>2026-02-01T16:13:57Z</time>
      </trkpt>
      <trkpt lat="43.241177" lon="-2.575587">
        <ele>547.624</ele>
        <time>2026-02-01T16:13:58Z</time>
      </trkpt>
      <trkpt lat="43.241197" lon="-2.575587">
        <ele>548.009</ele>
        <time>2026-02-01T16:13:59Z</time>
      </trkpt>
      <trkpt lat="43.241220" lon="-2.575586">
        <ele>548.271</ele>
        <time>2026-02-01T16:14:00Z</time>
      </trkpt>
      <trkpt lat="43.241244" lon="-2.575586">
        <ele>548.473</ele>
        <time>2026-02-01T16:14:01Z</time>
      </trkpt>
      <trkpt lat="43.241263" lon="-2.575585">
        <ele>548.888</ele>
        <time>2026-02-01T16:14:02Z</time>
      </trkpt>
      <trkpt lat="43.241283" lon="-2.575583">
        <ele>549.229</ele>
        <time>2026-02-01T16:14:03Z</time>
      </trkpt>
      <trkpt lat="43.241303" lon="-2.575582">
        <ele>549.656</ele>
        <time>2026-02-01T16:14:04Z</time>
      </trkpt>
      <trkpt lat="43.241325" lon="-2.575582">
        <ele>550.281</ele>
        <time>2026-02-01T16:14:05Z</time>
      </trkpt>
      <trkpt lat="43.241344" lon="-2.575578">
        <ele>550.616</ele>
        <time>2026-02-01T16:14:06Z</time>
      </trkpt>
      <trkpt lat="43.241362" lon="-2.575576">
        <ele>551.215</ele>
        <time>2026-02-01T16:14:07Z</time>
      </trkpt>
      <trkpt lat="43.241380" lon="-2.575573">
        <ele>551.664</ele>
        <time>2026-02-01T16:14:08Z</time>
      </trkpt>
      <trkpt lat="43.241398" lon="-2.575574">
        <ele>552.032</ele>
        <time>2026-02-01T16:14:09Z</time>
      </trkpt>
      <trkpt lat="43.241416" lon="-2.575571">
        <ele>552.292</ele>
        <time>2026-02-01T16:14:10Z</time>
      </trkpt>
      <trkpt lat="43.241435" lon="-2.575567">
        <ele>552.411</ele>
        <time>2026-02-01T16:14:11Z</time>
      </trkpt>
      <trkpt lat="43.241455" lon="-2.575563">
        <ele>552.609</ele>
        <time>2026-02-01T16:14:12Z</time>
      </trkpt>
      <trkpt lat="43.241475" lon="-2.575559">
        <ele>553.075</ele>
        <time>2026-02-01T16:14:13Z</time>
      </trkpt>
      <trkpt lat="43.241499" lon="-2.575551">
        <ele>553.477</ele>
        <time>2026-02-01T16:14:14Z</time>
      </trkpt>
      <trkpt lat="43.241523" lon="-2.575546">
        <ele>553.852</ele>
        <time>2026-02-01T16:14:15Z</time>
      </trkpt>
      <trkpt lat="43.241542" lon="-2.575537">
        <ele>554.443</ele>
        <time>2026-02-01T16:14:16Z</time>
      </trkpt>
      <trkpt lat="43.241564" lon="-2.575529">
        <ele>554.890</ele>
        <time>2026-02-01T16:14:17Z</time>
      </trkpt>
      <trkpt lat="43.241584" lon="-2.575520">
        <ele>555.245</ele>
        <time>2026-02-01T16:14:18Z</time>
      </trkpt>
      <trkpt lat="43.241603" lon="-2.575510">
        <ele>555.820</ele>
        <time>2026-02-01T16:14:19Z</time>
      </trkpt>
      <trkpt lat="43.241621" lon="-2.575497">
        <ele>556.019</ele>
        <time>2026-02-01T16:14:20Z</time>
      </trkpt>
      <trkpt lat="43.241638" lon="-2.575485">
        <ele>556.448</ele>
        <time>2026-02-01T16:14:21Z</time>
      </trkpt>
      <trkpt lat="43.241657" lon="-2.575480">
        <ele>556.899</ele>
        <time>2026-02-01T16:14:22Z</time>
      </trkpt>
      <trkpt lat="43.241676" lon="-2.575471">
        <ele>557.207</ele>
        <time>2026-02-01T16:14:23Z</time>
      </trkpt>
      <trkpt lat="43.241694" lon="-2.575464">
        <ele>557.627</ele>
        <time>2026-02-01T16:14:24Z</time>
      </trkpt>
      <trkpt lat="43.241712" lon="-2.575458">
        <ele>558.009</ele>
        <time>2026-02-01T16:14:25Z</time>
      </trkpt>
      <trkpt lat="43.241731" lon="-2.575449">
        <ele>558.411</ele>
        <time>2026-02-01T16:14:26Z</time>
      </trkpt>
      <trkpt lat="43.241748" lon="-2.575441">
        <ele>558.893</ele>
        <time>2026-02-01T16:14:27Z</time>
      </trkpt>
      <trkpt lat="43.241766" lon="-2.575433">
        <ele>559.228</ele>
        <time>2026-02-01T16:14:28Z</time>
      </trkpt>
      <trkpt lat="43.241788" lon="-2.575422">
        <ele>559.619</ele>
        <time>2026-02-01T16:14:29Z</time>
      </trkpt>
      <trkpt lat="43.241806" lon="-2.575414">
        <ele>560.036</ele>
        <time>2026-02-01T16:14:30Z</time>
      </trkpt>
      <trkpt lat="43.241824" lon="-2.575404">
        <ele>560.211</ele>
        <time>2026-02-01T16:14:31Z</time>
      </trkpt>
      <trkpt lat="43.241842" lon="-2.575393">
        <ele>560.636</ele>
        <time>2026-02-01T16:14:32Z</time>
      </trkpt>
      <trkpt lat="43.241861" lon="-2.575385">
        <ele>560.835</ele>
        <time>2026-02-01T16:14:33Z</time>
      </trkpt>
      <trkpt lat="43.241881" lon="-2.575376">
        <ele>561.274</ele>
        <time>2026-02-01T16:14:34Z</time>
      </trkpt>
      <trkpt lat="43.241897" lon="-2.575368">
        <ele>561.499</ele>
        <time>2026-02-01T16:14:35Z</time>
      </trkpt>
      <trkpt lat="43.241914" lon="-2.575362">
        <ele>561.807</ele>
        <time>2026-02-01T16:14:36Z</time>
      </trkpt>
      <trkpt lat="43.241935" lon="-2.575353">
        <ele>562.027</ele>
        <time>2026-02-01T16:14:37Z</time>
      </trkpt>
      <trkpt lat="43.241956" lon="-2.575345">
        <ele>562.409</ele>
        <time>2026-02-01T16:14:38Z</time>
      </trkpt>
      <trkpt lat="43.241976" lon="-2.575339">
        <ele>562.661</ele>
        <time>2026-02-01T16:14:39Z</time>
      </trkpt>
      <trkpt lat="43.241993" lon="-2.575333">
        <ele>562.683</ele>
        <time>2026-02-01T16:14:40Z</time>
      </trkpt>
      <trkpt lat="43.242014" lon="-2.575332">
        <ele>563.038</ele>
        <time>2026-02-01T16:14:41Z</time>
      </trkpt>
      <trkpt lat="43.242032" lon="-2.575327">
        <ele>563.269</ele>
        <time>2026-02-01T16:14:42Z</time>
      </trkpt>
      <trkpt lat="43.242051" lon="-2.575328">
        <ele>563.426</ele>
        <time>2026-02-01T16:14:43Z</time>
      </trkpt>
      <trkpt lat="43.242070" lon="-2.575327">
        <ele>563.661</ele>
        <time>2026-02-01T16:14:44Z</time>
      </trkpt>
      <trkpt lat="43.242090" lon="-2.575324">
        <ele>564.046</ele>
        <time>2026-02-01T16:14:45Z</time>
      </trkpt>
      <trkpt lat="43.242113" lon="-2.575325">
        <ele>564.255</ele>
        <time>2026-02-01T16:14:46Z</time>
      </trkpt>
      <trkpt lat="43.242134" lon="-2.575325">
        <ele>564.234</ele>
        <time>2026-02-01T16:14:47Z</time>
      </trkpt>
      <trkpt lat="43.242153" lon="-2.575323">
        <ele>564.499</ele>
        <time>2026-02-01T16:14:48Z</time>
      </trkpt>
      <trkpt lat="43.242172" lon="-2.575327">
        <ele>564.607</ele>
        <time>2026-02-01T16:14:49Z</time>
      </trkpt>
      <trkpt lat="43.242191" lon="-2.575335">
        <ele>564.627</ele>
        <time>2026-02-01T16:14:50Z</time>
      </trkpt>
      <trkpt lat="43.242211" lon="-2.575339">
        <ele>564.809</ele>
        <time>2026-02-01T16:14:51Z</time>
      </trkpt>
      <trkpt lat="43.242235" lon="-2.575340">
        <ele>565.041</ele>
        <time>2026-02-01T16:14:52Z</time>
      </trkpt>
      <trkpt lat="43.242257" lon="-2.575338">
        <ele>565.293</ele>
        <time>2026-02-01T16:14:53Z</time>
      </trkpt>
      <trkpt lat="43.242279" lon="-2.575336">
        <ele>565.488</ele>
        <time>2026-02-01T16:14:54Z</time>
      </trkpt>
      <trkpt lat="43.242303" lon="-2.575331">
        <ele>565.699</ele>
        <time>2026-02-01T16:14:55Z</time>
      </trkpt>
      <trkpt lat="43.242328" lon="-2.575326">
        <ele>565.886</ele>
        <time>2026-02-01T16:14:56Z</time>
      </trkpt>
      <trkpt lat="43.242350" lon="-2.575316">
        <ele>565.841</ele>
        <time>2026-02-01T16:14:57Z</time>
      </trkpt>
      <trkpt lat="43.242375" lon="-2.575306">
        <ele>566.066</ele>
        <time>2026-02-01T16:14:58Z</time>
      </trkpt>
      <trkpt lat="43.242398" lon="-2.575296">
        <ele>566.285</ele>
        <time>2026-02-01T16:14:59Z</time>
      </trkpt>
      <trkpt lat="43.242421" lon="-2.575285">
        <ele>566.474</ele>
        <time>2026-02-01T16:15:00Z</time>
      </trkpt>
      <trkpt lat="43.242444" lon="-2.575275">
        <ele>566.623</ele>
        <time>2026-02-01T16:15:01Z</time>
      </trkpt>
      <trkpt lat="43.242466" lon="-2.575264">
        <ele>567.083</ele>
        <time>2026-02-01T16:15:02Z</time>
      </trkpt>
      <trkpt lat="43.242487" lon="-2.575256">
        <ele>567.211</ele>
        <time>2026-02-01T16:15:03Z</time>
      </trkpt>
      <trkpt lat="43.242511" lon="-2.575248">
        <ele>567.209</ele>
        <time>2026-02-01T16:15:04Z</time>
      </trkpt>
      <trkpt lat="43.242537" lon="-2.575239">
        <ele>567.414</ele>
        <time>2026-02-01T16:15:05Z</time>
      </trkpt>
      <trkpt lat="43.242560" lon="-2.575231">
        <ele>567.446</ele>
        <time>2026-02-01T16:15:06Z</time>
      </trkpt>
      <trkpt lat="43.242584" lon="-2.575223">
        <ele>567.611</ele>
        <time>2026-02-01T16:15:07Z</time>
      </trkpt>
      <trkpt lat="43.242611" lon="-2.575213">
        <ele>567.892</ele>
        <time>2026-02-01T16:15:08Z</time>
      </trkpt>
      <trkpt lat="43.242637" lon="-2.575204">
        <ele>568.049</ele>
        <time>2026-02-01T16:15:09Z</time>
      </trkpt>
      <trkpt lat="43.242660" lon="-2.575196">
        <ele>568.024</ele>
        <time>2026-02-01T16:15:10Z</time>
      </trkpt>
      <trkpt lat="43.242683" lon="-2.575188">
        <ele>568.079</ele>
        <time>2026-02-01T16:15:11Z</time>
      </trkpt>
      <trkpt lat="43.242706" lon="-2.575175">
        <ele>568.218</ele>
        <time>2026-02-01T16:15:12Z</time>
      </trkpt>
      <trkpt lat="43.242729" lon="-2.575169">
        <ele>568.237</ele>
        <time>2026-02-01T16:15:13Z</time>
      </trkpt>
      <trkpt lat="43.242750" lon="-2.575155">
        <ele>568.484</ele>
        <time>2026-02-01T16:15:14Z</time>
      </trkpt>
      <trkpt lat="43.242775" lon="-2.575140">
        <ele>568.607</ele>
        <time>2026-02-01T16:15:15Z</time>
      </trkpt>
      <trkpt lat="43.242800" lon="-2.575121">
        <ele>569.017</ele>
        <time>2026-02-01T16:15:16Z</time>
      </trkpt>
      <trkpt lat="43.242820" lon="-2.575102">
        <ele>569.209</ele>
        <time>2026-02-01T16:15:17Z</time>
      </trkpt>
      <trkpt lat="43.242842" lon="-2.575082">
        <ele>569.690</ele>
        <time>2026-02-01T16:15:18Z</time>
      </trkpt>
      <trkpt lat="43.242864" lon="-2.575069">
        <ele>569.892</ele>
        <time>2026-02-01T16:15:19Z</time>
      </trkpt>
      <trkpt lat="43.242882" lon="-2.575048">
        <ele>570.047</ele>
        <time>2026-02-01T16:15:20Z</time>
      </trkpt>
      <trkpt lat="43.242895" lon="-2.575021">
        <ele>570.038</ele>
        <time>2026-02-01T16:15:21Z</time>
      </trkpt>
      <trkpt lat="43.242908" lon="-2.574991">
        <ele>570.495</ele>
        <time>2026-02-01T16:15:22Z</time>
      </trkpt>
      <trkpt lat="43.242920" lon="-2.574962">
        <ele>570.630</ele>
        <time>2026-02-01T16:15:23Z</time>
      </trkpt>
      <trkpt lat="43.242931" lon="-2.574933">
        <ele>571.015</ele>
        <time>2026-02-01T16:15:24Z</time>
      </trkpt>
      <trkpt lat="43.242939" lon="-2.574903">
        <ele>571.294</ele>
        <time>2026-02-01T16:15:25Z</time>
      </trkpt>
      <trkpt lat="43.242946" lon="-2.574872">
        <ele>571.433</ele>
        <time>2026-02-01T16:15:26Z</time>
      </trkpt>
      <trkpt lat="43.242953" lon="-2.574842">
        <ele>571.638</ele>
        <time>2026-02-01T16:15:27Z</time>
      </trkpt>
      <trkpt lat="43.242959" lon="-2.574807">
        <ele>571.870</ele>
        <time>2026-02-01T16:15:28Z</time>
      </trkpt>
      <trkpt lat="43.242969" lon="-2.574777">
        <ele>572.017</ele>
        <time>2026-02-01T16:15:29Z</time>
      </trkpt>
      <trkpt lat="43.242982" lon="-2.574751">
        <ele>572.209</ele>
        <time>2026-02-01T16:15:30Z</time>
      </trkpt>
      <trkpt lat="43.242996" lon="-2.574723">
        <ele>572.625</ele>
        <time>2026-02-01T16:15:31Z</time>
      </trkpt>
      <trkpt lat="43.243010" lon="-2.574696">
        <ele>572.847</ele>
        <time>2026-02-01T16:15:32Z</time>
      </trkpt>
      <trkpt lat="43.243025" lon="-2.574675">
        <ele>573.052</ele>
        <time>2026-02-01T16:15:33Z</time>
      </trkpt>
      <trkpt lat="43.243045" lon="-2.574657">
        <ele>573.283</ele>
        <time>2026-02-01T16:15:34Z</time>
      </trkpt>
      <trkpt lat="43.243067" lon="-2.574637">
        <ele>573.290</ele>
        <time>2026-02-01T16:15:35Z</time>
      </trkpt>
      <trkpt lat="43.243090" lon="-2.574619">
        <ele>573.295</ele>
        <time>2026-02-01T16:15:36Z</time>
      </trkpt>
      <trkpt lat="43.243114" lon="-2.574605">
        <ele>573.050</ele>
        <time>2026-02-01T16:15:37Z</time>
      </trkpt>
      <trkpt lat="43.243138" lon="-2.574587">
        <ele>573.229</ele>
        <time>2026-02-01T16:15:38Z</time>
      </trkpt>
      <trkpt lat="43.243161" lon="-2.574567">
        <ele>573.428</ele>
        <time>2026-02-01T16:15:39Z</time>
      </trkpt>
      <trkpt lat="43.243180" lon="-2.574545">
        <ele>573.478</ele>
        <time>2026-02-01T16:15:40Z</time>
      </trkpt>
      <trkpt lat="43.243199" lon="-2.574523">
        <ele>573.633</ele>
        <time>2026-02-01T16:15:41Z</time>
      </trkpt>
      <trkpt lat="43.243220" lon="-2.574502">
        <ele>573.826</ele>
        <time>2026-02-01T16:15:42Z</time>
      </trkpt>
      <trkpt lat="43.243245" lon="-2.574482">
        <ele>573.809</ele>
        <time>2026-02-01T16:15:43Z</time>
      </trkpt>
      <trkpt lat="43.243266" lon="-2.574462">
        <ele>573.829</ele>
        <time>2026-02-01T16:15:44Z</time>
      </trkpt>
      <trkpt lat="43.243287" lon="-2.574436">
        <ele>574.081</ele>
        <time>2026-02-01T16:15:45Z</time>
      </trkpt>
      <trkpt lat="43.243308" lon="-2.574407">
        <ele>574.046</ele>
        <time>2026-02-01T16:15:46Z</time>
      </trkpt>
      <trkpt lat="43.243329" lon="-2.574384">
        <ele>574.277</ele>
        <time>2026-02-01T16:15:47Z</time>
      </trkpt>
      <trkpt lat="43.243355" lon="-2.574365">
        <ele>574.484</ele>
        <time>2026-02-01T16:15:48Z</time>
      </trkpt>
      <trkpt lat="43.243370" lon="-2.574350">
        <ele>574.839</ele>
        <time>2026-02-01T16:15:49Z</time>
      </trkpt>
      <trkpt lat="43.243385" lon="-2.574336">
        <ele>575.014</ele>
        <time>2026-02-01T16:15:50Z</time>
      </trkpt>
      <trkpt lat="43.243404" lon="-2.574313">
        <ele>575.263</ele>
        <time>2026-02-01T16:15:51Z</time>
      </trkpt>
      <trkpt lat="43.243424" lon="-2.574291">
        <ele>575.622</ele>
        <time>2026-02-01T16:15:52Z</time>
      </trkpt>
      <trkpt lat="43.243443" lon="-2.574270">
        <ele>576.259</ele>
        <time>2026-02-01T16:15:53Z</time>
      </trkpt>
      <trkpt lat="43.243460" lon="-2.574249">
        <ele>576.603</ele>
        <time>2026-02-01T16:15:54Z</time>
      </trkpt>
      <trkpt lat="43.243475" lon="-2.574229">
        <ele>576.823</ele>
        <time>2026-02-01T16:15:55Z</time>
      </trkpt>
      <trkpt lat="43.243492" lon="-2.574207">
        <ele>577.209</ele>
        <time>2026-02-01T16:15:56Z</time>
      </trkpt>
      <trkpt lat="43.243515" lon="-2.574189">
        <ele>577.617</ele>
        <time>2026-02-01T16:15:57Z</time>
      </trkpt>
      <trkpt lat="43.243538" lon="-2.574184">
        <ele>577.869</ele>
        <time>2026-02-01T16:15:58Z</time>
      </trkpt>
      <trkpt lat="43.243563" lon="-2.574191">
        <ele>578.024</ele>
        <time>2026-02-01T16:15:59Z</time>
      </trkpt>
      <trkpt lat="43.243577" lon="-2.574209">
        <ele>578.285</ele>
        <time>2026-02-01T16:16:00Z</time>
      </trkpt>
      <trkpt lat="43.243578" lon="-2.574235">
        <ele>578.472</ele>
        <time>2026-02-01T16:16:01Z</time>
      </trkpt>
      <trkpt lat="43.243570" lon="-2.574263">
        <ele>578.467</ele>
        <time>2026-02-01T16:16:02Z</time>
      </trkpt>
      <trkpt lat="43.243559" lon="-2.574288">
        <ele>578.462</ele>
        <time>2026-02-01T16:16:03Z</time>
      </trkpt>
      <trkpt lat="43.243546" lon="-2.574321">
        <ele>578.681</ele>
        <time>2026-02-01T16:16:04Z</time>
      </trkpt>
      <trkpt lat="43.243536" lon="-2.574355">
        <ele>578.630</ele>
        <time>2026-02-01T16:16:05Z</time>
      </trkpt>
      <trkpt lat="43.243521" lon="-2.574390">
        <ele>578.669</ele>
        <time>2026-02-01T16:16:06Z</time>
      </trkpt>
      <trkpt lat="43.243501" lon="-2.574426">
        <ele>578.604</ele>
        <time>2026-02-01T16:16:07Z</time>
      </trkpt>
      <trkpt lat="43.243486" lon="-2.574459">
        <ele>578.824</ele>
        <time>2026-02-01T16:16:08Z</time>
      </trkpt>
      <trkpt lat="43.243478" lon="-2.574497">
        <ele>579.009</ele>
        <time>2026-02-01T16:16:09Z</time>
      </trkpt>
      <trkpt lat="43.243467" lon="-2.574530">
        <ele>579.028</ele>
        <time>2026-02-01T16:16:10Z</time>
      </trkpt>
      <trkpt lat="43.243457" lon="-2.574568">
        <ele>579.450</ele>
        <time>2026-02-01T16:16:11Z</time>
      </trkpt>
      <trkpt lat="43.243448" lon="-2.574602">
        <ele>579.855</ele>
        <time>2026-02-01T16:16:12Z</time>
      </trkpt>
      <trkpt lat="43.243439" lon="-2.574642">
        <ele>580.026</ele>
        <time>2026-02-01T16:16:13Z</time>
      </trkpt>
      <trkpt lat="43.243432" lon="-2.574677">
        <ele>580.423</ele>
        <time>2026-02-01T16:16:14Z</time>
      </trkpt>
      <trkpt lat="43.243425" lon="-2.574708">
        <ele>580.618</ele>
        <time>2026-02-01T16:16:15Z</time>
      </trkpt>
      <trkpt lat="43.243417" lon="-2.574737">
        <ele>581.073</ele>
        <time>2026-02-01T16:16:16Z</time>
      </trkpt>
      <trkpt lat="43.243412" lon="-2.574773">
        <ele>581.492</ele>
        <time>2026-02-01T16:16:17Z</time>
      </trkpt>
      <trkpt lat="43.243408" lon="-2.574806">
        <ele>581.661</ele>
        <time>2026-02-01T16:16:18Z</time>
      </trkpt>
      <trkpt lat="43.243403" lon="-2.574835">
        <ele>581.861</ele>
        <time>2026-02-01T16:16:19Z</time>
      </trkpt>
      <trkpt lat="43.243399" lon="-2.574863">
        <ele>582.021</ele>
        <time>2026-02-01T16:16:20Z</time>
      </trkpt>
      <trkpt lat="43.243397" lon="-2.574897">
        <ele>582.013</ele>
        <time>2026-02-01T16:16:21Z</time>
      </trkpt>
      <trkpt lat="43.243393" lon="-2.574932">
        <ele>582.209</ele>
        <time>2026-02-01T16:16:22Z</time>
      </trkpt>
      <trkpt lat="43.243397" lon="-2.574963">
        <ele>582.468</ele>
        <time>2026-02-01T16:16:23Z</time>
      </trkpt>
      <trkpt lat="43.243395" lon="-2.574992">
        <ele>582.680</ele>
        <time>2026-02-01T16:16:24Z</time>
      </trkpt>
      <trkpt lat="43.243395" lon="-2.575028">
        <ele>582.865</ele>
        <time>2026-02-01T16:16:25Z</time>
      </trkpt>
      <trkpt lat="43.243393" lon="-2.575061">
        <ele>583.296</ele>
        <time>2026-02-01T16:16:26Z</time>
      </trkpt>
      <trkpt lat="43.243394" lon="-2.575097">
        <ele>583.463</ele>
        <time>2026-02-01T16:16:27Z</time>
      </trkpt>
      <trkpt lat="43.243392" lon="-2.575129">
        <ele>583.658</ele>
        <time>2026-02-01T16:16:28Z</time>
      </trkpt>
      <trkpt lat="43.243392" lon="-2.575155">
        <ele>584.063</ele>
        <time>2026-02-01T16:16:29Z</time>
      </trkpt>
      <trkpt lat="43.243391" lon="-2.575185">
        <ele>584.492</ele>
        <time>2026-02-01T16:16:30Z</time>
      </trkpt>
      <trkpt lat="43.243391" lon="-2.575210">
        <ele>584.881</ele>
        <time>2026-02-01T16:16:31Z</time>
      </trkpt>
      <trkpt lat="43.243391" lon="-2.575236">
        <ele>585.238</ele>
        <time>2026-02-01T16:16:32Z</time>
      </trkpt>
      <trkpt lat="43.243390" lon="-2.575267">
        <ele>585.870</ele>
        <time>2026-02-01T16:16:33Z</time>
      </trkpt>
      <trkpt lat="43.243390" lon="-2.575294">
        <ele>586.017</ele>
        <time>2026-02-01T16:16:34Z</time>
      </trkpt>
      <trkpt lat="43.243389" lon="-2.575320">
        <ele>586.409</ele>
        <time>2026-02-01T16:16:35Z</time>
      </trkpt>
      <trkpt lat="43.243390" lon="-2.575348">
        <ele>586.815</ele>
        <time>2026-02-01T16:16:36Z</time>
      </trkpt>
      <trkpt lat="43.243389" lon="-2.575372">
        <ele>587.037</ele>
        <time>2026-02-01T16:16:37Z</time>
      </trkpt>
      <trkpt lat="43.243387" lon="-2.575396">
        <ele>587.462</ele>
        <time>2026-02-01T16:16:38Z</time>
      </trkpt>
      <trkpt lat="43.243384" lon="-2.575422">
        <ele>587.873</ele>
        <time>2026-02-01T16:16:39Z</time>
      </trkpt>
      <trkpt lat="43.243382" lon="-2.575447">
        <ele>588.220</ele>
        <time>2026-02-01T16:16:40Z</time>
      </trkpt>
      <trkpt lat="43.243379" lon="-2.575473">
        <ele>588.685</ele>
        <time>2026-02-01T16:16:41Z</time>
      </trkpt>
      <trkpt lat="43.243378" lon="-2.575502">
        <ele>589.020</ele>
        <time>2026-02-01T16:16:42Z</time>
      </trkpt>
      <trkpt lat="43.243375" lon="-2.575529">
        <ele>589.439</ele>
        <time>2026-02-01T16:16:43Z</time>
      </trkpt>
      <trkpt lat="43.243373" lon="-2.575552">
        <ele>589.878</ele>
        <time>2026-02-01T16:16:44Z</time>
      </trkpt>
      <trkpt lat="43.243368" lon="-2.575579">
        <ele>589.888</ele>
        <time>2026-02-01T16:16:45Z</time>
      </trkpt>
      <trkpt lat="43.243364" lon="-2.575607">
        <ele>590.024</ele>
        <time>2026-02-01T16:16:46Z</time>
      </trkpt>
      <trkpt lat="43.243362" lon="-2.575632">
        <ele>590.426</ele>
        <time>2026-02-01T16:16:47Z</time>
      </trkpt>
      <trkpt lat="43.243359" lon="-2.575657">
        <ele>590.409</ele>
        <time>2026-02-01T16:16:48Z</time>
      </trkpt>
      <trkpt lat="43.243354" lon="-2.575685">
        <ele>590.610</ele>
        <time>2026-02-01T16:16:49Z</time>
      </trkpt>
      <trkpt lat="43.243349" lon="-2.575710">
        <ele>591.092</ele>
        <time>2026-02-01T16:16:50Z</time>
      </trkpt>
      <trkpt lat="43.243345" lon="-2.575739">
        <ele>591.237</ele>
        <time>2026-02-01T16:16:51Z</time>
      </trkpt>
      <trkpt lat="43.243343" lon="-2.575765">
        <ele>591.458</ele>
        <time>2026-02-01T16:16:52Z</time>
      </trkpt>
      <trkpt lat="43.243339" lon="-2.575790">
        <ele>591.865</ele>
        <time>2026-02-01T16:16:53Z</time>
      </trkpt>
      <trkpt lat="43.243337" lon="-2.575820">
        <ele>591.890</ele>
        <time>2026-02-01T16:16:54Z</time>
      </trkpt>
      <trkpt lat="43.243340" lon="-2.575846">
        <ele>592.065</ele>
        <time>2026-02-01T16:16:55Z</time>
      </trkpt>
      <trkpt lat="43.243339" lon="-2.575873">
        <ele>592.464</ele>
        <time>2026-02-01T16:16:56Z</time>
      </trkpt>
      <trkpt lat="43.243337" lon="-2.575900">
        <ele>592.653</ele>
        <time>2026-02-01T16:16:57Z</time>
      </trkpt>
      <trkpt lat="43.243334" lon="-2.575926">
        <ele>593.012</ele>
        <time>2026-02-01T16:16:58Z</time>
      </trkpt>
      <trkpt lat="43.243331" lon="-2.575952">
        <ele>593.632</ele>
        <time>2026-02-01T16:16:59Z</time>
      </trkpt>
      <trkpt lat="43.243327" lon="-2.575976">
        <ele>594.005</ele>
        <time>2026-02-01T16:17:00Z</time>
      </trkpt>
      <trkpt lat="43.243326" lon="-2.575997">
        <ele>594.409</ele>
        <time>2026-02-01T16:17:01Z</time>
      </trkpt>
      <trkpt lat="43.243324" lon="-2.576021">
        <ele>594.673</ele>
        <time>2026-02-01T16:17:02Z</time>
      </trkpt>
      <trkpt lat="43.243320" lon="-2.576050">
        <ele>594.855</ele>
        <time>2026-02-01T16:17:03Z</time>
      </trkpt>
      <trkpt lat="43.243316" lon="-2.576075">
        <ele>595.040</ele>
        <time>2026-02-01T16:17:04Z</time>
      </trkpt>
      <trkpt lat="43.243311" lon="-2.576100">
        <ele>595.021</ele>
        <time>2026-02-01T16:17:05Z</time>
      </trkpt>
      <trkpt lat="43.243311" lon="-2.576124">
        <ele>595.448</ele>
        <time>2026-02-01T16:17:06Z</time>
      </trkpt>
      <trkpt lat="43.243307" lon="-2.576150">
        <ele>595.673</ele>
        <time>2026-02-01T16:17:07Z</time>
      </trkpt>
      <trkpt lat="43.243303" lon="-2.576178">
        <ele>595.818</ele>
        <time>2026-02-01T16:17:08Z</time>
      </trkpt>
      <trkpt lat="43.243300" lon="-2.576204">
        <ele>596.057</ele>
        <time>2026-02-01T16:17:09Z</time>
      </trkpt>
      <trkpt lat="43.243298" lon="-2.576227">
        <ele>596.476</ele>
        <time>2026-02-01T16:17:10Z</time>
      </trkpt>
      <trkpt lat="43.243296" lon="-2.576250">
        <ele>596.639</ele>
        <time>2026-02-01T16:17:11Z</time>
      </trkpt>
      <trkpt lat="43.243293" lon="-2.576272">
        <ele>596.801</ele>
        <time>2026-02-01T16:17:12Z</time>
      </trkpt>
      <trkpt lat="43.243290" lon="-2.576299">
        <ele>597.221</ele>
        <time>2026-02-01T16:17:13Z</time>
      </trkpt>
      <trkpt lat="43.243285" lon="-2.576324">
        <ele>597.609</ele>
        <time>2026-02-01T16:17:14Z</time>
      </trkpt>
      <trkpt lat="43.243279" lon="-2.576351">
        <ele>597.855</ele>
        <time>2026-02-01T16:17:15Z</time>
      </trkpt>
      <trkpt lat="43.243273" lon="-2.576381">
        <ele>598.057</ele>
        <time>2026-02-01T16:17:16Z</time>
      </trkpt>
      <trkpt lat="43.243270" lon="-2.576411">
        <ele>598.242</ele>
        <time>2026-02-01T16:17:17Z</time>
      </trkpt>
      <trkpt lat="43.243267" lon="-2.576440">
        <ele>598.453</ele>
        <time>2026-02-01T16:17:18Z</time>
      </trkpt>
      <trkpt lat="43.243269" lon="-2.576468">
        <ele>598.880</ele>
        <time>2026-02-01T16:17:19Z</time>
      </trkpt>
      <trkpt lat="43.243268" lon="-2.576496">
        <ele>599.095</ele>
        <time>2026-02-01T16:17:20Z</time>
      </trkpt>
      <trkpt lat="43.243262" lon="-2.576524">
        <ele>599.480</ele>
        <time>2026-02-01T16:17:21Z</time>
      </trkpt>
      <trkpt lat="43.243257" lon="-2.576549">
        <ele>599.849</ele>
        <time>2026-02-01T16:17:22Z</time>
      </trkpt>
      <trkpt lat="43.243254" lon="-2.576577">
        <ele>600.028</ele>
        <time>2026-02-01T16:17:23Z</time>
      </trkpt>
      <trkpt lat="43.243253" lon="-2.576603">
        <ele>600.268</ele>
        <time>2026-02-01T16:17:24Z</time>
      </trkpt>
      <trkpt lat="43.243251" lon="-2.576627">
        <ele>600.442</ele>
        <time>2026-02-01T16:17:25Z</time>
      </trkpt>
      <trkpt lat="43.243246" lon="-2.576652">
        <ele>600.626</ele>
        <time>2026-02-01T16:17:26Z</time>
      </trkpt>
      <trkpt lat="43.243242" lon="-2.576681">
        <ele>600.809</ele>
        <time>2026-02-01T16:17:27Z</time>
      </trkpt>
      <trkpt lat="43.243239" lon="-2.576712">
        <ele>601.018</ele>
        <time>2026-02-01T16:17:28Z</time>
      </trkpt>
      <trkpt lat="43.243232" lon="-2.576737">
        <ele>601.280</ele>
        <time>2026-02-01T16:17:29Z</time>
      </trkpt>
      <trkpt lat="43.243228" lon="-2.576765">
        <ele>601.245</ele>
        <time>2026-02-01T16:17:30Z</time>
      </trkpt>
      <trkpt lat="43.243224" lon="-2.576796">
        <ele>601.246</ele>
        <time>2026-02-01T16:17:31Z</time>
      </trkpt>
      <trkpt lat="43.243223" lon="-2.576834">
        <ele>601.473</ele>
        <time>2026-02-01T16:17:32Z</time>
      </trkpt>
      <trkpt lat="43.243222" lon="-2.576870">
        <ele>601.448</ele>
        <time>2026-02-01T16:17:33Z</time>
      </trkpt>
      <trkpt lat="43.243222" lon="-2.576908">
        <ele>601.463</ele>
        <time>2026-02-01T16:17:34Z</time>
      </trkpt>
      <trkpt lat="43.243221" lon="-2.576944">
        <ele>601.642</ele>
        <time>2026-02-01T16:17:35Z</time>
      </trkpt>
      <trkpt lat="43.243213" lon="-2.576978">
        <ele>601.621</ele>
        <time>2026-02-01T16:17:36Z</time>
      </trkpt>
      <trkpt lat="43.243206" lon="-2.577013">
        <ele>601.833</ele>
        <time>2026-02-01T16:17:37Z</time>
      </trkpt>
      <trkpt lat="43.243199" lon="-2.577050">
        <ele>602.023</ele>
        <time>2026-02-01T16:17:38Z</time>
      </trkpt>
      <trkpt lat="43.243195" lon="-2.577086">
        <ele>602.015</ele>
        <time>2026-02-01T16:17:39Z</time>
      </trkpt>
      <trkpt lat="43.243189" lon="-2.577134">
        <ele>602.009</ele>
        <time>2026-02-01T16:17:40Z</time>
      </trkpt>
      <trkpt lat="43.243184" lon="-2.577188">
        <ele>602.045</ele>
        <time>2026-02-01T16:17:41Z</time>
      </trkpt>
      <trkpt lat="43.243176" lon="-2.577250">
        <ele>601.667</ele>
        <time>2026-02-01T16:17:42Z</time>
      </trkpt>
      <trkpt lat="43.243167" lon="-2.577320">
        <ele>600.682</ele>
        <time>2026-02-01T16:17:43Z</time>
      </trkpt>
      <trkpt lat="43.243156" lon="-2.577396">
        <ele>600.223</ele>
        <time>2026-02-01T16:17:44Z</time>
      </trkpt>
      <trkpt lat="43.243141" lon="-2.577478">
        <ele>599.270</ele>
        <time>2026-02-01T16:17:45Z</time>
      </trkpt>
      <trkpt lat="43.243122" lon="-2.577563">
        <ele>598.415</ele>
        <time>2026-02-01T16:17:46Z</time>
      </trkpt>
      <trkpt lat="43.243099" lon="-2.577651">
        <ele>597.660</ele>
        <time>2026-02-01T16:17:47Z</time>
      </trkpt>
      <trkpt lat="43.243074" lon="-2.577729">
        <ele>597.279</ele>
        <time>2026-02-01T16:17:48Z</time>
      </trkpt>
      <trkpt lat="43.243043" lon="-2.577804">
        <ele>597.028</ele>
        <time>2026-02-01T16:17:49Z</time>
      </trkpt>
      <trkpt lat="43.243014" lon="-2.577875">
        <ele>597.056</ele>
        <time>2026-02-01T16:17:50Z</time>
      </trkpt>
      <trkpt lat="43.242987" lon="-2.577947">
        <ele>596.859</ele>
        <time>2026-02-01T16:17:51Z</time>
      </trkpt>
      <trkpt lat="43.242951" lon="-2.578015">
        <ele>597.014</ele>
        <time>2026-02-01T16:17:52Z</time>
      </trkpt>
      <trkpt lat="43.242919" lon="-2.578075">
        <ele>598.409</ele>
        <time>2026-02-01T16:17:53Z</time>
      </trkpt>
      <trkpt lat="43.242881" lon="-2.578140">
        <ele>598.477</ele>
        <time>2026-02-01T16:17:54Z</time>
      </trkpt>
      <trkpt lat="43.242841" lon="-2.578199">
        <ele>598.299</ele>
        <time>2026-02-01T16:17:55Z</time>
      </trkpt>
      <trkpt lat="43.242798" lon="-2.578260">
        <ele>598.064</ele>
        <time>2026-02-01T16:17:56Z</time>
      </trkpt>
      <trkpt lat="43.242757" lon="-2.578318">
        <ele>597.635</ele>
        <time>2026-02-01T16:17:57Z</time>
      </trkpt>
      <trkpt lat="43.242715" lon="-2.578368">
        <ele>596.852</ele>
        <time>2026-02-01T16:17:58Z</time>
      </trkpt>
      <trkpt lat="43.242677" lon="-2.578411">
        <ele>597.087</ele>
        <time>2026-02-01T16:17:59Z</time>
      </trkpt>
      <trkpt lat="43.242644" lon="-2.578459">
        <ele>597.092</ele>
        <time>2026-02-01T16:18:00Z</time>
      </trkpt>
      <trkpt lat="43.242614" lon="-2.578511">
        <ele>597.241</ele>
        <time>2026-02-01T16:18:01Z</time>
      </trkpt>
      <trkpt lat="43.242581" lon="-2.578573">
        <ele>597.210</ele>
        <time>2026-02-01T16:18:02Z</time>
      </trkpt>
      <trkpt lat="43.242543" lon="-2.578640">
        <ele>597.023</ele>
        <time>2026-02-01T16:18:03Z</time>
      </trkpt>
      <trkpt lat="43.242508" lon="-2.578717">
        <ele>595.883</ele>
        <time>2026-02-01T16:18:04Z</time>
      </trkpt>
      <trkpt lat="43.242475" lon="-2.578801">
        <ele>595.411</ele>
        <time>2026-02-01T16:18:05Z</time>
      </trkpt>
      <trkpt lat="43.242437" lon="-2.578880">
        <ele>595.409</ele>
        <time>2026-02-01T16:18:06Z</time>
      </trkpt>
      <trkpt lat="43.242393" lon="-2.578954">
        <ele>595.414</ele>
        <time>2026-02-01T16:18:07Z</time>
      </trkpt>
      <trkpt lat="43.242351" lon="-2.579033">
        <ele>595.256</ele>
        <time>2026-02-01T16:18:08Z</time>
      </trkpt>
      <trkpt lat="43.242311" lon="-2.579108">
        <ele>595.011</ele>
        <time>2026-02-01T16:18:09Z</time>
      </trkpt>
      <trkpt lat="43.242282" lon="-2.579185">
        <ele>594.422</ele>
        <time>2026-02-01T16:18:10Z</time>
      </trkpt>
      <trkpt lat="43.242251" lon="-2.579270">
        <ele>593.499</ele>
        <time>2026-02-01T16:18:11Z</time>
      </trkpt>
      <trkpt lat="43.242213" lon="-2.579355">
        <ele>592.824</ele>
        <time>2026-02-01T16:18:12Z</time>
      </trkpt>
      <trkpt lat="43.242175" lon="-2.579441">
        <ele>592.419</ele>
        <time>2026-02-01T16:18:13Z</time>
      </trkpt>
      <trkpt lat="43.242137" lon="-2.579528">
        <ele>591.848</ele>
        <time>2026-02-01T16:18:14Z</time>
      </trkpt>
      <trkpt lat="43.242094" lon="-2.579614">
        <ele>591.867</ele>
        <time>2026-02-01T16:18:15Z</time>
      </trkpt>
      <trkpt lat="43.242047" lon="-2.579696">
        <ele>591.861</ele>
        <time>2026-02-01T16:18:16Z</time>
      </trkpt>
      <trkpt lat="43.242001" lon="-2.579777">
        <ele>591.421</ele>
        <time>2026-02-01T16:18:17Z</time>
      </trkpt>
      <trkpt lat="43.241961" lon="-2.579855">
        <ele>591.013</ele>
        <time>2026-02-01T16:18:18Z</time>
      </trkpt>
      <trkpt lat="43.241922" lon="-2.579930">
        <ele>591.009</ele>
        <time>2026-02-01T16:18:19Z</time>
      </trkpt>
      <trkpt lat="43.241884" lon="-2.580009">
        <ele>590.668</ele>
        <time>2026-02-01T16:18:20Z</time>
      </trkpt>
      <trkpt lat="43.241848" lon="-2.580090">
        <ele>590.470</ele>
        <time>2026-02-01T16:18:21Z</time>
      </trkpt>
      <trkpt lat="43.241813" lon="-2.580165">
        <ele>590.425</ele>
        <time>2026-02-01T16:18:22Z</time>
      </trkpt>
      <trkpt lat="43.241778" lon="-2.580235">
        <ele>590.086</ele>
        <time>2026-02-01T16:18:23Z</time>
      </trkpt>
      <trkpt lat="43.241749" lon="-2.580307">
        <ele>589.693</ele>
        <time>2026-02-01T16:18:24Z</time>
      </trkpt>
      <trkpt lat="43.241715" lon="-2.580373">
        <ele>589.878</ele>
        <time>2026-02-01T16:18:25Z</time>
      </trkpt>
      <trkpt lat="43.241682" lon="-2.580450">
        <ele>590.093</ele>
        <time>2026-02-01T16:18:26Z</time>
      </trkpt>
      <trkpt lat="43.241649" lon="-2.580520">
        <ele>590.072</ele>
        <time>2026-02-01T16:18:27Z</time>
      </trkpt>
      <trkpt lat="43.241619" lon="-2.580585">
        <ele>590.461</ele>
        <time>2026-02-01T16:18:28Z</time>
      </trkpt>
      <trkpt lat="43.241597" lon="-2.580642">
        <ele>590.657</ele>
        <time>2026-02-01T16:18:29Z</time>
      </trkpt>
      <trkpt lat="43.241582" lon="-2.580696">
        <ele>590.600</ele>
        <time>2026-02-01T16:18:30Z</time>
      </trkpt>
      <trkpt lat="43.241570" lon="-2.580746">
        <ele>591.020</ele>
        <time>2026-02-01T16:18:31Z</time>
      </trkpt>
      <trkpt lat="43.241558" lon="-2.580787">
        <ele>591.409</ele>
        <time>2026-02-01T16:18:32Z</time>
      </trkpt>
      <trkpt lat="43.241544" lon="-2.580828">
        <ele>591.677</ele>
        <time>2026-02-01T16:18:33Z</time>
      </trkpt>
      <trkpt lat="43.241529" lon="-2.580874">
        <ele>591.899</ele>
        <time>2026-02-01T16:18:34Z</time>
      </trkpt>
      <trkpt lat="43.241515" lon="-2.580919">
        <ele>591.814</ele>
        <time>2026-02-01T16:18:35Z</time>
      </trkpt>
      <trkpt lat="43.241500" lon="-2.580965">
        <ele>592.295</ele>
        <time>2026-02-01T16:18:36Z</time>
      </trkpt>
      <trkpt lat="43.241488" lon="-2.581012">
        <ele>592.432</ele>
        <time>2026-02-01T16:18:37Z</time>
      </trkpt>
      <trkpt lat="43.241474" lon="-2.581058">
        <ele>592.817</ele>
        <time>2026-02-01T16:18:38Z</time>
      </trkpt>
      <trkpt lat="43.241458" lon="-2.581096">
        <ele>593.012</ele>
        <time>2026-02-01T16:18:39Z</time>
      </trkpt>
      <trkpt lat="43.241444" lon="-2.581131">
        <ele>593.671</ele>
        <time>2026-02-01T16:18:40Z</time>
      </trkpt>
      <trkpt lat="43.241427" lon="-2.581167">
        <ele>594.020</ele>
        <time>2026-02-01T16:18:41Z</time>
      </trkpt>
      <trkpt lat="43.241407" lon="-2.581198">
        <ele>594.269</ele>
        <time>2026-02-01T16:18:42Z</time>
      </trkpt>
      <trkpt lat="43.241386" lon="-2.581228">
        <ele>594.204</ele>
        <time>2026-02-01T16:18:43Z</time>
      </trkpt>
      <trkpt lat="43.241360" lon="-2.581257">
        <ele>594.224</ele>
        <time>2026-02-01T16:18:44Z</time>
      </trkpt>
      <trkpt lat="43.241325" lon="-2.581285">
        <ele>594.209</ele>
        <time>2026-02-01T16:18:45Z</time>
      </trkpt>
      <trkpt lat="43.241282" lon="-2.581306">
        <ele>593.828</ele>
        <time>2026-02-01T16:18:46Z</time>
      </trkpt>
      <trkpt lat="43.241232" lon="-2.581316">
        <ele>593.430</ele>
        <time>2026-02-01T16:18:47Z</time>
      </trkpt>
      <trkpt lat="43.241181" lon="-2.581324">
        <ele>592.865</ele>
        <time>2026-02-01T16:18:48Z</time>
      </trkpt>
      <trkpt lat="43.241129" lon="-2.581325">
        <ele>592.276</ele>
        <time>2026-02-01T16:18:49Z</time>
      </trkpt>
      <trkpt lat="43.241075" lon="-2.581319">
        <ele>592.083</ele>
        <time>2026-02-01T16:18:50Z</time>
      </trkpt>
      <trkpt lat="43.241018" lon="-2.581323">
        <ele>591.688</ele>
        <time>2026-02-01T16:18:51Z</time>
      </trkpt>
      <trkpt lat="43.240961" lon="-2.581327">
        <ele>591.413</ele>
        <time>2026-02-01T16:18:52Z</time>
      </trkpt>
      <trkpt lat="43.240904" lon="-2.581331">
        <ele>591.432</ele>
        <time>2026-02-01T16:18:53Z</time>
      </trkpt>
      <trkpt lat="43.240845" lon="-2.581335">
        <ele>591.071</ele>
        <time>2026-02-01T16:18:54Z</time>
      </trkpt>
      <trkpt lat="43.240788" lon="-2.581337">
        <ele>590.815</ele>
        <time>2026-02-01T16:18:55Z</time>
      </trkpt>
      <trkpt lat="43.240733" lon="-2.581336">
        <ele>590.865</ele>
        <time>2026-02-01T16:18:56Z</time>
      </trkpt>
      <trkpt lat="43.240675" lon="-2.581333">
        <ele>590.811</ele>
        <time>2026-02-01T16:18:57Z</time>
      </trkpt>
      <trkpt lat="43.240616" lon="-2.581331">
        <ele>590.809</ele>
        <time>2026-02-01T16:18:58Z</time>
      </trkpt>
      <trkpt lat="43.240556" lon="-2.581325">
        <ele>590.853</ele>
        <time>2026-02-01T16:18:59Z</time>
      </trkpt>
      <trkpt lat="43.240494" lon="-2.581324">
        <ele>590.485</ele>
        <time>2026-02-01T16:19:00Z</time>
      </trkpt>
      <trkpt lat="43.240430" lon="-2.581324">
        <ele>589.890</ele>
        <time>2026-02-01T16:19:01Z</time>
      </trkpt>
      <trkpt lat="43.240364" lon="-2.581325">
        <ele>589.221</ele>
        <time>2026-02-01T16:19:02Z</time>
      </trkpt>
      <trkpt lat="43.240298" lon="-2.581326">
        <ele>589.098</ele>
        <time>2026-02-01T16:19:03Z</time>
      </trkpt>
      <trkpt lat="43.240235" lon="-2.581330">
        <ele>588.823</ele>
        <time>2026-02-01T16:19:04Z</time>
      </trkpt>
      <trkpt lat="43.240165" lon="-2.581340">
        <ele>588.258</ele>
        <time>2026-02-01T16:19:05Z</time>
      </trkpt>
      <trkpt lat="43.240097" lon="-2.581356">
        <ele>587.877</ele>
        <time>2026-02-01T16:19:06Z</time>
      </trkpt>
      <trkpt lat="43.240026" lon="-2.581377">
        <ele>587.836</ele>
        <time>2026-02-01T16:19:07Z</time>
      </trkpt>
      <trkpt lat="43.239956" lon="-2.581404">
        <ele>587.232</ele>
        <time>2026-02-01T16:19:08Z</time>
      </trkpt>
      <trkpt lat="43.239892" lon="-2.581435">
        <ele>586.892</ele>
        <time>2026-02-01T16:19:09Z</time>
      </trkpt>
      <trkpt lat="43.239832" lon="-2.581468">
        <ele>586.811</ele>
        <time>2026-02-01T16:19:10Z</time>
      </trkpt>
      <trkpt lat="43.239775" lon="-2.581498">
        <ele>587.009</ele>
        <time>2026-02-01T16:19:11Z</time>
      </trkpt>
      <trkpt lat="43.239725" lon="-2.581537">
        <ele>587.225</ele>
        <time>2026-02-01T16:19:12Z</time>
      </trkpt>
      <trkpt lat="43.239678" lon="-2.581572">
        <ele>587.817</ele>
        <time>2026-02-01T16:19:13Z</time>
      </trkpt>
      <trkpt lat="43.239629" lon="-2.581600">
        <ele>588.012</ele>
        <time>2026-02-01T16:19:14Z</time>
      </trkpt>
      <trkpt lat="43.239578" lon="-2.581616">
        <ele>588.473</ele>
        <time>2026-02-01T16:19:15Z</time>
      </trkpt>
      <trkpt lat="43.239530" lon="-2.581633">
        <ele>588.670</ele>
        <time>2026-02-01T16:19:16Z</time>
      </trkpt>
      <trkpt lat="43.239484" lon="-2.581655">
        <ele>588.625</ele>
        <time>2026-02-01T16:19:17Z</time>
      </trkpt>
      <trkpt lat="43.239439" lon="-2.581681">
        <ele>588.440</ele>
        <time>2026-02-01T16:19:18Z</time>
      </trkpt>
      <trkpt lat="43.239395" lon="-2.581705">
        <ele>588.419</ele>
        <time>2026-02-01T16:19:19Z</time>
      </trkpt>
      <trkpt lat="43.239352" lon="-2.581728">
        <ele>588.668</ele>
        <time>2026-02-01T16:19:20Z</time>
      </trkpt>
      <trkpt lat="43.239308" lon="-2.581751">
        <ele>588.875</ele>
        <time>2026-02-01T16:19:21Z</time>
      </trkpt>
      <trkpt lat="43.239266" lon="-2.581774">
        <ele>588.828</ele>
        <time>2026-02-01T16:19:22Z</time>
      </trkpt>
      <trkpt lat="43.239226" lon="-2.581790">
        <ele>588.820</ele>
        <time>2026-02-01T16:19:23Z</time>
      </trkpt>
      <trkpt lat="43.239185" lon="-2.581804">
        <ele>589.009</ele>
        <time>2026-02-01T16:19:24Z</time>
      </trkpt>
      <trkpt lat="43.239144" lon="-2.581815">
        <ele>589.299</ele>
        <time>2026-02-01T16:19:25Z</time>
      </trkpt>
      <trkpt lat="43.239101" lon="-2.581827">
        <ele>589.261</ele>
        <time>2026-02-01T16:19:26Z</time>
      </trkpt>
      <trkpt lat="43.239058" lon="-2.581835">
        <ele>589.646</ele>
        <time>2026-02-01T16:19:27Z</time>
      </trkpt>
      <trkpt lat="43.239019" lon="-2.581846">
        <ele>590.057</ele>
        <time>2026-02-01T16:19:28Z</time>
      </trkpt>
      <trkpt lat="43.238983" lon="-2.581854">
        <ele>590.424</ele>
        <time>2026-02-01T16:19:29Z</time>
      </trkpt>
      <trkpt lat="43.238953" lon="-2.581869">
        <ele>590.679</ele>
        <time>2026-02-01T16:19:30Z</time>
      </trkpt>
      <trkpt lat="43.238924" lon="-2.581881">
        <ele>591.034</ele>
        <time>2026-02-01T16:19:31Z</time>
      </trkpt>
      <trkpt lat="43.238889" lon="-2.581888">
        <ele>591.483</ele>
        <time>2026-02-01T16:19:32Z</time>
      </trkpt>
      <trkpt lat="43.238858" lon="-2.581899">
        <ele>591.662</ele>
        <time>2026-02-01T16:19:33Z</time>
      </trkpt>
      <trkpt lat="43.238827" lon="-2.581915">
        <ele>592.058</ele>
        <time>2026-02-01T16:19:34Z</time>
      </trkpt>
      <trkpt lat="43.238798" lon="-2.581933">
        <ele>592.252</ele>
        <time>2026-02-01T16:19:35Z</time>
      </trkpt>
      <trkpt lat="43.238767" lon="-2.581949">
        <ele>592.417</ele>
        <time>2026-02-01T16:19:36Z</time>
      </trkpt>
      <trkpt lat="43.238738" lon="-2.581968">
        <ele>592.409</ele>
        <time>2026-02-01T16:19:37Z</time>
      </trkpt>
      <trkpt lat="43.238706" lon="-2.581986">
        <ele>592.657</ele>
        <time>2026-02-01T16:19:38Z</time>
      </trkpt>
      <trkpt lat="43.238676" lon="-2.582003">
        <ele>592.869</ele>
        <time>2026-02-01T16:19:39Z</time>
      </trkpt>
      <trkpt lat="43.238647" lon="-2.582025">
        <ele>593.024</ele>
        <time>2026-02-01T16:19:40Z</time>
      </trkpt>
      <trkpt lat="43.238616" lon="-2.582047">
        <ele>593.265</ele>
        <time>2026-02-01T16:19:41Z</time>
      </trkpt>
      <trkpt lat="43.238587" lon="-2.582073">
        <ele>593.252</ele>
        <time>2026-02-01T16:19:42Z</time>
      </trkpt>
      <trkpt lat="43.238557" lon="-2.582092">
        <ele>593.217</ele>
        <time>2026-02-01T16:19:43Z</time>
      </trkpt>
      <trkpt lat="43.238527" lon="-2.582113">
        <ele>593.232</ele>
        <time>2026-02-01T16:19:44Z</time>
      </trkpt>
      <trkpt lat="43.238493" lon="-2.582125">
        <ele>593.481</ele>
        <time>2026-02-01T16:19:45Z</time>
      </trkpt>
      <trkpt lat="43.238459" lon="-2.582150">
        <ele>593.420</ele>
        <time>2026-02-01T16:19:46Z</time>
      </trkpt>
      <trkpt lat="43.238426" lon="-2.582173">
        <ele>593.692</ele>
        <time>2026-02-01T16:19:47Z</time>
      </trkpt>
      <trkpt lat="43.238396" lon="-2.582199">
        <ele>594.073</ele>
        <time>2026-02-01T16:19:48Z</time>
      </trkpt>
      <trkpt lat="43.238364" lon="-2.582227">
        <ele>594.020</ele>
        <time>2026-02-01T16:19:49Z</time>
      </trkpt>
      <trkpt lat="43.238332" lon="-2.582258">
        <ele>594.009</ele>
        <time>2026-02-01T16:19:50Z</time>
      </trkpt>
      <trkpt lat="43.238305" lon="-2.582292">
        <ele>594.211</ele>
        <time>2026-02-01T16:19:51Z</time>
      </trkpt>
      <trkpt lat="43.238272" lon="-2.582326">
        <ele>594.473</ele>
        <time>2026-02-01T16:19:52Z</time>
      </trkpt>
      <trkpt lat="43.238241" lon="-2.582353">
        <ele>594.678</ele>
        <time>2026-02-01T16:19:53Z</time>
      </trkpt>
      <trkpt lat="43.238211" lon="-2.582377">
        <ele>594.699</ele>
        <time>2026-02-01T16:19:54Z</time>
      </trkpt>
      <trkpt lat="43.238181" lon="-2.582410">
        <ele>595.266</ele>
        <time>2026-02-01T16:19:55Z</time>
      </trkpt>
      <trkpt lat="43.238151" lon="-2.582440">
        <ele>595.441</ele>
        <time>2026-02-01T16:19:56Z</time>
      </trkpt>
      <trkpt lat="43.238122" lon="-2.582468">
        <ele>595.846</ele>
        <time>2026-02-01T16:19:57Z</time>
      </trkpt>
      <trkpt lat="43.238092" lon="-2.582498">
        <ele>596.085</ele>
        <time>2026-02-01T16:19:58Z</time>
      </trkpt>
      <trkpt lat="43.238060" lon="-2.582524">
        <ele>596.414</ele>
        <time>2026-02-01T16:19:59Z</time>
      </trkpt>
      <trkpt lat="43.238027" lon="-2.582549">
        <ele>596.863</ele>
        <time>2026-02-01T16:20:00Z</time>
      </trkpt>
      <trkpt lat="43.237992" lon="-2.582570">
        <ele>597.044</ele>
        <time>2026-02-01T16:20:01Z</time>
      </trkpt>
      <trkpt lat="43.237957" lon="-2.582586">
        <ele>597.218</ele>
        <time>2026-02-01T16:20:02Z</time>
      </trkpt>
      <trkpt lat="43.237921" lon="-2.582603">
        <ele>597.609</ele>
        <time>2026-02-01T16:20:03Z</time>
      </trkpt>
      <trkpt lat="43.237884" lon="-2.582618">
        <ele>597.648</ele>
        <time>2026-02-01T16:20:04Z</time>
      </trkpt>
      <trkpt lat="43.237847" lon="-2.582629">
        <ele>597.610</ele>
        <time>2026-02-01T16:20:05Z</time>
      </trkpt>
      <trkpt lat="43.237809" lon="-2.582637">
        <ele>597.865</ele>
        <time>2026-02-01T16:20:06Z</time>
      </trkpt>
      <trkpt lat="43.237771" lon="-2.582645">
        <ele>597.876</ele>
        <time>2026-02-01T16:20:07Z</time>
      </trkpt>
      <trkpt lat="43.237734" lon="-2.582654">
        <ele>597.843</ele>
        <time>2026-02-01T16:20:08Z</time>
      </trkpt>
      <trkpt lat="43.237697" lon="-2.582664">
        <ele>598.048</ele>
        <time>2026-02-01T16:20:09Z</time>
      </trkpt>
      <trkpt lat="43.237662" lon="-2.582676">
        <ele>598.283</ele>
        <time>2026-02-01T16:20:10Z</time>
      </trkpt>
      <trkpt lat="43.237630" lon="-2.582694">
        <ele>598.632</ele>
        <time>2026-02-01T16:20:11Z</time>
      </trkpt>
      <trkpt lat="43.237598" lon="-2.582714">
        <ele>599.011</ele>
        <time>2026-02-01T16:20:12Z</time>
      </trkpt>
      <trkpt lat="43.237566" lon="-2.582735">
        <ele>599.277</ele>
        <time>2026-02-01T16:20:13Z</time>
      </trkpt>
      <trkpt lat="43.237536" lon="-2.582754">
        <ele>599.661</ele>
        <time>2026-02-01T16:20:14Z</time>
      </trkpt>
      <trkpt lat="43.237505" lon="-2.582776">
        <ele>600.027</ele>
        <time>2026-02-01T16:20:15Z</time>
      </trkpt>
      <trkpt lat="43.237474" lon="-2.582795">
        <ele>600.209</ele>
        <time>2026-02-01T16:20:16Z</time>
      </trkpt>
      <trkpt lat="43.237444" lon="-2.582814">
        <ele>600.469</ele>
        <time>2026-02-01T16:20:17Z</time>
      </trkpt>
      <trkpt lat="43.237412" lon="-2.582833">
        <ele>600.831</ele>
        <time>2026-02-01T16:20:18Z</time>
      </trkpt>
      <trkpt lat="43.237382" lon="-2.582851">
        <ele>601.066</ele>
        <time>2026-02-01T16:20:19Z</time>
      </trkpt>
      <trkpt lat="43.237353" lon="-2.582872">
        <ele>601.297</ele>
        <time>2026-02-01T16:20:20Z</time>
      </trkpt>
      <trkpt lat="43.237328" lon="-2.582894">
        <ele>601.664</ele>
        <time>2026-02-01T16:20:21Z</time>
      </trkpt>
      <trkpt lat="43.237305" lon="-2.582914">
        <ele>602.069</ele>
        <time>2026-02-01T16:20:22Z</time>
      </trkpt>
      <trkpt lat="43.237280" lon="-2.582928">
        <ele>602.284</ele>
        <time>2026-02-01T16:20:23Z</time>
      </trkpt>
      <trkpt lat="43.237256" lon="-2.582944">
        <ele>602.443</ele>
        <time>2026-02-01T16:20:24Z</time>
      </trkpt>
      <trkpt lat="43.237235" lon="-2.582959">
        <ele>602.622</ele>
        <time>2026-02-01T16:20:25Z</time>
      </trkpt>
      <trkpt lat="43.237211" lon="-2.582975">
        <ele>602.667</ele>
        <time>2026-02-01T16:20:26Z</time>
      </trkpt>
      <trkpt lat="43.237181" lon="-2.582989">
        <ele>602.481</ele>
        <time>2026-02-01T16:20:27Z</time>
      </trkpt>
      <trkpt lat="43.237156" lon="-2.583003">
        <ele>602.219</ele>
        <time>2026-02-01T16:20:28Z</time>
      </trkpt>
      <trkpt lat="43.237139" lon="-2.583013">
        <ele>602.009</ele>
        <time>2026-02-01T16:20:29Z</time>
      </trkpt>
      <trkpt lat="43.237117" lon="-2.583012">
        <ele>601.838</ele>
        <time>2026-02-01T16:20:30Z</time>
      </trkpt>
      <trkpt lat="43.237097" lon="-2.583004">
        <ele>601.450</ele>
        <time>2026-02-01T16:20:31Z</time>
      </trkpt>
      <trkpt lat="43.237072" lon="-2.583001">
        <ele>601.415</ele>
        <time>2026-02-01T16:20:32Z</time>
      </trkpt>
      <trkpt lat="43.237044" lon="-2.582999">
        <ele>601.266</ele>
        <time>2026-02-01T16:20:33Z</time>
      </trkpt>
      <trkpt lat="43.237014" lon="-2.582991">
        <ele>600.883</ele>
        <time>2026-02-01T16:20:34Z</time>
      </trkpt>
      <trkpt lat="43.236979" lon="-2.582985">
        <ele>600.638</ele>
        <time>2026-02-01T16:20:35Z</time>
      </trkpt>
      <trkpt lat="43.236940" lon="-2.582991">
        <ele>600.493</ele>
        <time>2026-02-01T16:20:36Z</time>
      </trkpt>
      <trkpt lat="43.236898" lon="-2.583009">
        <ele>599.882</ele>
        <time>2026-02-01T16:20:37Z</time>
      </trkpt>
      <trkpt lat="43.236855" lon="-2.583032">
        <ele>599.251</ele>
        <time>2026-02-01T16:20:38Z</time>
      </trkpt>
      <trkpt lat="43.236810" lon="-2.583061">
        <ele>598.831</ele>
        <time>2026-02-01T16:20:39Z</time>
      </trkpt>
      <trkpt lat="43.236766" lon="-2.583095">
        <ele>598.461</ele>
        <time>2026-02-01T16:20:40Z</time>
      </trkpt>
      <trkpt lat="43.236721" lon="-2.583134">
        <ele>598.207</ele>
        <time>2026-02-01T16:20:41Z</time>
      </trkpt>
      <trkpt lat="43.236674" lon="-2.583172">
        <ele>598.209</ele>
        <time>2026-02-01T16:20:42Z</time>
      </trkpt>
      <trkpt lat="43.236629" lon="-2.583212">
        <ele>598.285</ele>
        <time>2026-02-01T16:20:43Z</time>
      </trkpt>
      <trkpt lat="43.236586" lon="-2.583260">
        <ele>598.077</ele>
        <time>2026-02-01T16:20:44Z</time>
      </trkpt>
      <trkpt lat="43.236545" lon="-2.583308">
        <ele>598.232</ele>
        <time>2026-02-01T16:20:45Z</time>
      </trkpt>
      <trkpt lat="43.236503" lon="-2.583354">
        <ele>598.263</ele>
        <time>2026-02-01T16:20:46Z</time>
      </trkpt>
      <trkpt lat="43.236460" lon="-2.583403">
        <ele>598.260</ele>
        <time>2026-02-01T16:20:47Z</time>
      </trkpt>
      <trkpt lat="43.236415" lon="-2.583455">
        <ele>598.475</ele>
        <time>2026-02-01T16:20:48Z</time>
      </trkpt>
      <trkpt lat="43.236371" lon="-2.583505">
        <ele>598.490</ele>
        <time>2026-02-01T16:20:49Z</time>
      </trkpt>
      <trkpt lat="43.236327" lon="-2.583550">
        <ele>598.459</ele>
        <time>2026-02-01T16:20:50Z</time>
      </trkpt>
      <trkpt lat="43.236283" lon="-2.583597">
        <ele>598.048</ele>
        <time>2026-02-01T16:20:51Z</time>
      </trkpt>
      <trkpt lat="43.236238" lon="-2.583645">
        <ele>597.678</ele>
        <time>2026-02-01T16:20:52Z</time>
      </trkpt>
      <trkpt lat="43.236189" lon="-2.583693">
        <ele>597.233</ele>
        <time>2026-02-01T16:20:53Z</time>
      </trkpt>
      <trkpt lat="43.236136" lon="-2.583735">
        <ele>596.626</ele>
        <time>2026-02-01T16:20:54Z</time>
      </trkpt>
      <trkpt lat="43.236079" lon="-2.583771">
        <ele>596.409</ele>
        <time>2026-02-01T16:20:55Z</time>
      </trkpt>
      <trkpt lat="43.236021" lon="-2.583819">
        <ele>596.469</ele>
        <time>2026-02-01T16:20:56Z</time>
      </trkpt>
      <trkpt lat="43.235974" lon="-2.583888">
        <ele>596.261</ele>
        <time>2026-02-01T16:20:57Z</time>
      </trkpt>
      <trkpt lat="43.235937" lon="-2.583971">
        <ele>596.236</ele>
        <time>2026-02-01T16:20:58Z</time>
      </trkpt>
      <trkpt lat="43.235907" lon="-2.584067">
        <ele>596.297</ele>
        <time>2026-02-01T16:20:59Z</time>
      </trkpt>
      <trkpt lat="43.235882" lon="-2.584177">
        <ele>595.644</ele>
        <time>2026-02-01T16:21:00Z</time>
      </trkpt>
      <trkpt lat="43.235870" lon="-2.584294">
        <ele>595.069</ele>
        <time>2026-02-01T16:21:01Z</time>
      </trkpt>
      <trkpt lat="43.235874" lon="-2.584419">
        <ele>594.624</ele>
        <time>2026-02-01T16:21:02Z</time>
      </trkpt>
      <trkpt lat="43.235885" lon="-2.584546">
        <ele>593.893</ele>
        <time>2026-02-01T16:21:03Z</time>
      </trkpt>
      <trkpt lat="43.235895" lon="-2.584675">
        <ele>593.412</ele>
        <time>2026-02-01T16:21:04Z</time>
      </trkpt>
      <trkpt lat="43.235907" lon="-2.584806">
        <ele>592.451</ele>
        <time>2026-02-01T16:21:05Z</time>
      </trkpt>
      <trkpt lat="43.235924" lon="-2.584939">
        <ele>591.201</ele>
        <time>2026-02-01T16:21:06Z</time>
      </trkpt>
      <trkpt lat="43.235935" lon="-2.585073">
        <ele>590.611</ele>
        <time>2026-02-01T16:21:07Z</time>
      </trkpt>
      <trkpt lat="43.235943" lon="-2.585207">
        <ele>590.009</ele>
        <time>2026-02-01T16:21:08Z</time>
      </trkpt>
      <trkpt lat="43.235950" lon="-2.585342">
        <ele>589.857</ele>
        <time>2026-02-01T16:21:09Z</time>
      </trkpt>
      <trkpt lat="43.235966" lon="-2.585475">
        <ele>588.879</ele>
        <time>2026-02-01T16:21:10Z</time>
      </trkpt>
      <trkpt lat="43.235984" lon="-2.585605">
        <ele>588.214</ele>
        <time>2026-02-01T16:21:11Z</time>
      </trkpt>
      <trkpt lat="43.236007" lon="-2.585732">
        <ele>586.675</ele>
        <time>2026-02-01T16:21:12Z</time>
      </trkpt>
      <trkpt lat="43.236032" lon="-2.585856">
        <ele>585.082</ele>
        <time>2026-02-01T16:21:13Z</time>
      </trkpt>
      <trkpt lat="43.236061" lon="-2.585976">
        <ele>583.887</ele>
        <time>2026-02-01T16:21:14Z</time>
      </trkpt>
      <trkpt lat="43.236096" lon="-2.586099">
        <ele>583.222</ele>
        <time>2026-02-01T16:21:15Z</time>
      </trkpt>
      <trkpt lat="43.236134" lon="-2.586219">
        <ele>582.821</ele>
        <time>2026-02-01T16:21:16Z</time>
      </trkpt>
      <trkpt lat="43.236175" lon="-2.586339">
        <ele>582.480</ele>
        <time>2026-02-01T16:21:17Z</time>
      </trkpt>
      <trkpt lat="43.236219" lon="-2.586455">
        <ele>581.635</ele>
        <time>2026-02-01T16:21:18Z</time>
      </trkpt>
      <trkpt lat="43.236264" lon="-2.586570">
        <ele>580.686</ele>
        <time>2026-02-01T16:21:19Z</time>
      </trkpt>
      <trkpt lat="43.236304" lon="-2.586695">
        <ele>580.214</ele>
        <time>2026-02-01T16:21:20Z</time>
      </trkpt>
      <trkpt lat="43.236337" lon="-2.586822">
        <ele>580.009</ele>
        <time>2026-02-01T16:21:21Z</time>
      </trkpt>
      <trkpt lat="43.236357" lon="-2.586951">
        <ele>580.065</ele>
        <time>2026-02-01T16:21:22Z</time>
      </trkpt>
      <trkpt lat="43.236367" lon="-2.587086">
        <ele>580.287</ele>
        <time>2026-02-01T16:21:23Z</time>
      </trkpt>
      <trkpt lat="43.236370" lon="-2.587219">
        <ele>580.452</ele>
        <time>2026-02-01T16:21:24Z</time>
      </trkpt>
      <trkpt lat="43.236366" lon="-2.587359">
        <ele>580.433</ele>
        <time>2026-02-01T16:21:25Z</time>
      </trkpt>
      <trkpt lat="43.236348" lon="-2.587500">
        <ele>579.410</ele>
        <time>2026-02-01T16:21:26Z</time>
      </trkpt>
      <trkpt lat="43.236319" lon="-2.587637">
        <ele>578.685</ele>
        <time>2026-02-01T16:21:27Z</time>
      </trkpt>
      <trkpt lat="43.236278" lon="-2.587772">
        <ele>577.420</ele>
        <time>2026-02-01T16:21:28Z</time>
      </trkpt>
      <trkpt lat="43.236222" lon="-2.587898">
        <ele>575.839</ele>
        <time>2026-02-01T16:21:29Z</time>
      </trkpt>
      <trkpt lat="43.236156" lon="-2.588005">
        <ele>574.878</ele>
        <time>2026-02-01T16:21:30Z</time>
      </trkpt>
      <trkpt lat="43.236085" lon="-2.588094">
        <ele>573.848</ele>
        <time>2026-02-01T16:21:31Z</time>
      </trkpt>
      <trkpt lat="43.236012" lon="-2.588163">
        <ele>573.661</ele>
        <time>2026-02-01T16:21:32Z</time>
      </trkpt>
      <trkpt lat="43.235936" lon="-2.588214">
        <ele>573.817</ele>
        <time>2026-02-01T16:21:33Z</time>
      </trkpt>
      <trkpt lat="43.235857" lon="-2.588250">
        <ele>574.409</ele>
        <time>2026-02-01T16:21:34Z</time>
      </trkpt>
      <trkpt lat="43.235782" lon="-2.588279">
        <ele>575.096</ele>
        <time>2026-02-01T16:21:35Z</time>
      </trkpt>
      <trkpt lat="43.235711" lon="-2.588310">
        <ele>575.498</ele>
        <time>2026-02-01T16:21:36Z</time>
      </trkpt>
      <trkpt lat="43.235647" lon="-2.588347">
        <ele>575.883</ele>
        <time>2026-02-01T16:21:37Z</time>
      </trkpt>
      <trkpt lat="43.235591" lon="-2.588390">
        <ele>575.834</ele>
        <time>2026-02-01T16:21:38Z</time>
      </trkpt>
      <trkpt lat="43.235546" lon="-2.588438">
        <ele>575.881</ele>
        <time>2026-02-01T16:21:39Z</time>
      </trkpt>
      <trkpt lat="43.235513" lon="-2.588492">
        <ele>575.866</ele>
        <time>2026-02-01T16:21:40Z</time>
      </trkpt>
      <trkpt lat="43.235490" lon="-2.588554">
        <ele>576.061</ele>
        <time>2026-02-01T16:21:41Z</time>
      </trkpt>
      <trkpt lat="43.235482" lon="-2.588621">
        <ele>576.090</ele>
        <time>2026-02-01T16:21:42Z</time>
      </trkpt>
      <trkpt lat="43.235480" lon="-2.588685">
        <ele>576.249</ele>
        <time>2026-02-01T16:21:43Z</time>
      </trkpt>
      <trkpt lat="43.235481" lon="-2.588751">
        <ele>576.291</ele>
        <time>2026-02-01T16:21:44Z</time>
      </trkpt>
      <trkpt lat="43.235487" lon="-2.588814">
        <ele>576.481</ele>
        <time>2026-02-01T16:21:45Z</time>
      </trkpt>
      <trkpt lat="43.235496" lon="-2.588876">
        <ele>576.619</ele>
        <time>2026-02-01T16:21:46Z</time>
      </trkpt>
      <trkpt lat="43.235508" lon="-2.588943">
        <ele>576.809</ele>
        <time>2026-02-01T16:21:47Z</time>
      </trkpt>
      <trkpt lat="43.235524" lon="-2.589003">
        <ele>577.071</ele>
        <time>2026-02-01T16:21:48Z</time>
      </trkpt>
      <trkpt lat="43.235541" lon="-2.589064">
        <ele>577.213</ele>
        <time>2026-02-01T16:21:49Z</time>
      </trkpt>
      <trkpt lat="43.235557" lon="-2.589121">
        <ele>577.458</ele>
        <time>2026-02-01T16:21:50Z</time>
      </trkpt>
      <trkpt lat="43.235573" lon="-2.589178">
        <ele>577.649</ele>
        <time>2026-02-01T16:21:51Z</time>
      </trkpt>
      <trkpt lat="43.235590" lon="-2.589236">
        <ele>577.656</ele>
        <time>2026-02-01T16:21:52Z</time>
      </trkpt>
      <trkpt lat="43.235609" lon="-2.589296">
        <ele>577.651</ele>
        <time>2026-02-01T16:21:53Z</time>
      </trkpt>
      <trkpt lat="43.235627" lon="-2.589360">
        <ele>577.676</ele>
        <time>2026-02-01T16:21:54Z</time>
      </trkpt>
      <trkpt lat="43.235648" lon="-2.589428">
        <ele>577.485</ele>
        <time>2026-02-01T16:21:55Z</time>
      </trkpt>
      <trkpt lat="43.235668" lon="-2.589495">
        <ele>577.074</ele>
        <time>2026-02-01T16:21:56Z</time>
      </trkpt>
      <trkpt lat="43.235691" lon="-2.589568">
        <ele>576.861</ele>
        <time>2026-02-01T16:21:57Z</time>
      </trkpt>
      <trkpt lat="43.235714" lon="-2.589648">
        <ele>576.421</ele>
        <time>2026-02-01T16:21:58Z</time>
      </trkpt>
      <trkpt lat="43.235736" lon="-2.589731">
        <ele>575.813</ele>
        <time>2026-02-01T16:21:59Z</time>
      </trkpt>
      <trkpt lat="43.235760" lon="-2.589822">
        <ele>575.209</ele>
        <time>2026-02-01T16:22:00Z</time>
      </trkpt>
      <trkpt lat="43.235785" lon="-2.589913">
        <ele>574.818</ele>
        <time>2026-02-01T16:22:01Z</time>
      </trkpt>
      <trkpt lat="43.235813" lon="-2.590010">
        <ele>574.040</ele>
        <time>2026-02-01T16:22:02Z</time>
      </trkpt>
      <trkpt lat="43.235840" lon="-2.590111">
        <ele>573.455</ele>
        <time>2026-02-01T16:22:03Z</time>
      </trkpt>
      <trkpt lat="43.235867" lon="-2.590215">
        <ele>573.046</ele>
        <time>2026-02-01T16:22:04Z</time>
      </trkpt>
      <trkpt lat="43.235897" lon="-2.590322">
        <ele>572.693</ele>
        <time>2026-02-01T16:22:05Z</time>
      </trkpt>
      <trkpt lat="43.235935" lon="-2.590423">
        <ele>572.288</ele>
        <time>2026-02-01T16:22:06Z</time>
      </trkpt>
      <trkpt lat="43.235983" lon="-2.590514">
        <ele>571.863</ele>
        <time>2026-02-01T16:22:07Z</time>
      </trkpt>
      <trkpt lat="43.236036" lon="-2.590593">
        <ele>571.492</ele>
        <time>2026-02-01T16:22:08Z</time>
      </trkpt>
      <trkpt lat="43.236093" lon="-2.590667">
        <ele>571.261</ele>
        <time>2026-02-01T16:22:09Z</time>
      </trkpt>
      <trkpt lat="43.236155" lon="-2.590729">
        <ele>571.419</ele>
        <time>2026-02-01T16:22:10Z</time>
      </trkpt>
      <trkpt lat="43.236218" lon="-2.590788">
        <ele>571.209</ele>
        <time>2026-02-01T16:22:11Z</time>
      </trkpt>
      <trkpt lat="43.236282" lon="-2.590845">
        <ele>571.219</ele>
        <time>2026-02-01T16:22:12Z</time>
      </trkpt>
      <trkpt lat="43.236346" lon="-2.590907">
        <ele>570.809</ele>
        <time>2026-02-01T16:22:13Z</time>
      </trkpt>
      <trkpt lat="43.236407" lon="-2.590978">
        <ele>570.443</ele>
        <time>2026-02-01T16:22:14Z</time>
      </trkpt>
      <trkpt lat="43.236468" lon="-2.591057">
        <ele>569.825</ele>
        <time>2026-02-01T16:22:15Z</time>
      </trkpt>
      <trkpt lat="43.236529" lon="-2.591144">
        <ele>569.040</ele>
        <time>2026-02-01T16:22:16Z</time>
      </trkpt>
      <trkpt lat="43.236587" lon="-2.591237">
        <ele>568.061</ele>
        <time>2026-02-01T16:22:17Z</time>
      </trkpt>
      <trkpt lat="43.236643" lon="-2.591334">
        <ele>567.288</ele>
        <time>2026-02-01T16:22:18Z</time>
      </trkpt>
      <trkpt lat="43.236692" lon="-2.591441">
        <ele>566.683</ele>
        <time>2026-02-01T16:22:19Z</time>
      </trkpt>
      <trkpt lat="43.236733" lon="-2.591559">
        <ele>565.628</ele>
        <time>2026-02-01T16:22:20Z</time>
      </trkpt>
      <trkpt lat="43.236766" lon="-2.591679">
        <ele>565.017</ele>
        <time>2026-02-01T16:22:21Z</time>
      </trkpt>
      <trkpt lat="43.236790" lon="-2.591797">
        <ele>564.876</ele>
        <time>2026-02-01T16:22:22Z</time>
      </trkpt>
      <trkpt lat="43.236804" lon="-2.591919">
        <ele>564.232</ele>
        <time>2026-02-01T16:22:23Z</time>
      </trkpt>
      <trkpt lat="43.236819" lon="-2.592039">
        <ele>563.892</ele>
        <time>2026-02-01T16:22:24Z</time>
      </trkpt>
      <trkpt lat="43.236827" lon="-2.592157">
        <ele>563.611</ele>
        <time>2026-02-01T16:22:25Z</time>
      </trkpt>
      <trkpt lat="43.236829" lon="-2.592270">
        <ele>564.009</ele>
        <time>2026-02-01T16:22:26Z</time>
      </trkpt>
      <trkpt lat="43.236836" lon="-2.592384">
        <ele>564.025</ele>
        <time>2026-02-01T16:22:27Z</time>
      </trkpt>
      <trkpt lat="43.236847" lon="-2.592493">
        <ele>564.067</ele>
        <time>2026-02-01T16:22:28Z</time>
      </trkpt>
      <trkpt lat="43.236868" lon="-2.592608">
        <ele>564.242</ele>
        <time>2026-02-01T16:22:29Z</time>
      </trkpt>
      <trkpt lat="43.236897" lon="-2.592719">
        <ele>564.283</ele>
        <time>2026-02-01T16:22:30Z</time>
      </trkpt>
      <trkpt lat="43.236929" lon="-2.592822">
        <ele>564.230</ele>
        <time>2026-02-01T16:22:31Z</time>
      </trkpt>
      <trkpt lat="43.236962" lon="-2.592929">
        <ele>563.835</ele>
        <time>2026-02-01T16:22:32Z</time>
      </trkpt>
      <trkpt lat="43.236998" lon="-2.593034">
        <ele>563.650</ele>
        <time>2026-02-01T16:22:33Z</time>
      </trkpt>
      <trkpt lat="43.237025" lon="-2.593143">
        <ele>563.439</ele>
        <time>2026-02-01T16:22:34Z</time>
      </trkpt>
      <trkpt lat="43.237045" lon="-2.593259">
        <ele>563.058</ele>
        <time>2026-02-01T16:22:35Z</time>
      </trkpt>
      <trkpt lat="43.237062" lon="-2.593373">
        <ele>562.458</ele>
        <time>2026-02-01T16:22:36Z</time>
      </trkpt>
      <trkpt lat="43.237081" lon="-2.593488">
        <ele>562.252</ele>
        <time>2026-02-01T16:22:37Z</time>
      </trkpt>
      <trkpt lat="43.237100" lon="-2.593603">
        <ele>562.017</ele>
        <time>2026-02-01T16:22:38Z</time>
      </trkpt>
      <trkpt lat="43.237114" lon="-2.593713">
        <ele>561.809</ele>
        <time>2026-02-01T16:22:39Z</time>
      </trkpt>
      <trkpt lat="43.237124" lon="-2.593830">
        <ele>561.617</ele>
        <time>2026-02-01T16:22:40Z</time>
      </trkpt>
      <trkpt lat="43.237127" lon="-2.593946">
        <ele>561.499</ele>
        <time>2026-02-01T16:22:41Z</time>
      </trkpt>
      <trkpt lat="43.237127" lon="-2.594057">
        <ele>561.284</ele>
        <time>2026-02-01T16:22:42Z</time>
      </trkpt>
      <trkpt lat="43.237127" lon="-2.594166">
        <ele>561.295</ele>
        <time>2026-02-01T16:22:43Z</time>
      </trkpt>
      <trkpt lat="43.237126" lon="-2.594270">
        <ele>561.262</ele>
        <time>2026-02-01T16:22:44Z</time>
      </trkpt>
      <trkpt lat="43.237131" lon="-2.594371">
        <ele>561.467</ele>
        <time>2026-02-01T16:22:45Z</time>
      </trkpt>
      <trkpt lat="43.237155" lon="-2.594467">
        <ele>561.682</ele>
        <time>2026-02-01T16:22:46Z</time>
      </trkpt>
      <trkpt lat="43.237191" lon="-2.594548">
        <ele>561.891</ele>
        <time>2026-02-01T16:22:47Z</time>
      </trkpt>
      <trkpt lat="43.237240" lon="-2.594612">
        <ele>562.060</ele>
        <time>2026-02-01T16:22:48Z</time>
      </trkpt>
      <trkpt lat="43.237297" lon="-2.594644">
        <ele>562.283</ele>
        <time>2026-02-01T16:22:49Z</time>
      </trkpt>
      <trkpt lat="43.237355" lon="-2.594654">
        <ele>562.625</ele>
        <time>2026-02-01T16:22:50Z</time>
      </trkpt>
      <trkpt lat="43.237411" lon="-2.594657">
        <ele>563.017</ele>
        <time>2026-02-01T16:22:51Z</time>
      </trkpt>
      <trkpt lat="43.237467" lon="-2.594655">
        <ele>563.409</ele>
        <time>2026-02-01T16:22:52Z</time>
      </trkpt>
      <trkpt lat="43.237521" lon="-2.594650">
        <ele>563.850</ele>
        <time>2026-02-01T16:22:53Z</time>
      </trkpt>
      <trkpt lat="43.237571" lon="-2.594653">
        <ele>564.032</ele>
        <time>2026-02-01T16:22:54Z</time>
      </trkpt>
      <trkpt lat="43.237617" lon="-2.594657">
        <ele>564.437</ele>
        <time>2026-02-01T16:22:55Z</time>
      </trkpt>
      <trkpt lat="43.237661" lon="-2.594656">
        <ele>564.628</ele>
        <time>2026-02-01T16:22:56Z</time>
      </trkpt>
      <trkpt lat="43.237704" lon="-2.594657">
        <ele>564.855</ele>
        <time>2026-02-01T16:22:57Z</time>
      </trkpt>
      <trkpt lat="43.237749" lon="-2.594658">
        <ele>565.280</ele>
        <time>2026-02-01T16:22:58Z</time>
      </trkpt>
      <trkpt lat="43.237793" lon="-2.594667">
        <ele>565.635</ele>
        <time>2026-02-01T16:22:59Z</time>
      </trkpt>
      <trkpt lat="43.237836" lon="-2.594682">
        <ele>565.874</ele>
        <time>2026-02-01T16:23:00Z</time>
      </trkpt>
      <trkpt lat="43.237878" lon="-2.594708">
        <ele>565.813</ele>
        <time>2026-02-01T16:23:01Z</time>
      </trkpt>
      <trkpt lat="43.237923" lon="-2.594730">
        <ele>565.862</ele>
        <time>2026-02-01T16:23:02Z</time>
      </trkpt>
      <trkpt lat="43.237966" lon="-2.594760">
        <ele>565.683</ele>
        <time>2026-02-01T16:23:03Z</time>
      </trkpt>
      <trkpt lat="43.238010" lon="-2.594790">
        <ele>565.411</ele>
        <time>2026-02-01T16:23:04Z</time>
      </trkpt>
      <trkpt lat="43.238058" lon="-2.594827">
        <ele>565.009</ele>
        <time>2026-02-01T16:23:05Z</time>
      </trkpt>
      <trkpt lat="43.238108" lon="-2.594869">
        <ele>564.648</ele>
        <time>2026-02-01T16:23:06Z</time>
      </trkpt>
      <trkpt lat="43.238148" lon="-2.594920">
        <ele>564.220</ele>
        <time>2026-02-01T16:23:07Z</time>
      </trkpt>
      <trkpt lat="43.238188" lon="-2.594984">
        <ele>563.645</ele>
        <time>2026-02-01T16:23:08Z</time>
      </trkpt>
      <trkpt lat="43.238229" lon="-2.595058">
        <ele>563.086</ele>
        <time>2026-02-01T16:23:09Z</time>
      </trkpt>
      <trkpt lat="43.238258" lon="-2.595144">
        <ele>562.453</ele>
        <time>2026-02-01T16:23:10Z</time>
      </trkpt>
      <trkpt lat="43.238286" lon="-2.595232">
        <ele>561.698</ele>
        <time>2026-02-01T16:23:11Z</time>
      </trkpt>
      <trkpt lat="43.238316" lon="-2.595322">
        <ele>561.073</ele>
        <time>2026-02-01T16:23:12Z</time>
      </trkpt>
      <trkpt lat="43.238339" lon="-2.595428">
        <ele>560.432</ele>
        <time>2026-02-01T16:23:13Z</time>
      </trkpt>
      <trkpt lat="43.238358" lon="-2.595541">
        <ele>559.431</ele>
        <time>2026-02-01T16:23:14Z</time>
      </trkpt>
      <trkpt lat="43.238374" lon="-2.595659">
        <ele>558.879</ele>
        <time>2026-02-01T16:23:15Z</time>
      </trkpt>
      <trkpt lat="43.238383" lon="-2.595779">
        <ele>558.005</ele>
        <time>2026-02-01T16:23:16Z</time>
      </trkpt>
      <trkpt lat="43.238391" lon="-2.595914">
        <ele>556.625</ele>
        <time>2026-02-01T16:23:17Z</time>
      </trkpt>
      <trkpt lat="43.238393" lon="-2.596049">
        <ele>555.809</ele>
        <time>2026-02-01T16:23:18Z</time>
      </trkpt>
      <trkpt lat="43.238385" lon="-2.596190">
        <ele>554.419</ele>
        <time>2026-02-01T16:23:19Z</time>
      </trkpt>
      <trkpt lat="43.238372" lon="-2.596335">
        <ele>553.471</ele>
        <time>2026-02-01T16:23:20Z</time>
      </trkpt>
      <trkpt lat="43.238347" lon="-2.596482">
        <ele>552.436</ele>
        <time>2026-02-01T16:23:21Z</time>
      </trkpt>
      <trkpt lat="43.238315" lon="-2.596625">
        <ele>551.087</ele>
        <time>2026-02-01T16:23:22Z</time>
      </trkpt>
      <trkpt lat="43.238272" lon="-2.596764">
        <ele>550.064</ele>
        <time>2026-02-01T16:23:23Z</time>
      </trkpt>
      <trkpt lat="43.238218" lon="-2.596903">
        <ele>549.259</ele>
        <time>2026-02-01T16:23:24Z</time>
      </trkpt>
      <trkpt lat="43.238156" lon="-2.597039">
        <ele>548.044</ele>
        <time>2026-02-01T16:23:25Z</time>
      </trkpt>
      <trkpt lat="43.238093" lon="-2.597166">
        <ele>547.453</ele>
        <time>2026-02-01T16:23:26Z</time>
      </trkpt>
      <trkpt lat="43.238024" lon="-2.597276">
        <ele>547.272</ele>
        <time>2026-02-01T16:23:27Z</time>
      </trkpt>
      <trkpt lat="43.237958" lon="-2.597378">
        <ele>547.093</ele>
        <time>2026-02-01T16:23:28Z</time>
      </trkpt>
      <trkpt lat="43.237894" lon="-2.597478">
        <ele>547.065</ele>
        <time>2026-02-01T16:23:29Z</time>
      </trkpt>
      <trkpt lat="43.237839" lon="-2.597574">
        <ele>547.421</ele>
        <time>2026-02-01T16:23:30Z</time>
      </trkpt>
      <trkpt lat="43.237798" lon="-2.597673">
        <ele>548.009</ele>
        <time>2026-02-01T16:23:31Z</time>
      </trkpt>
      <trkpt lat="43.237767" lon="-2.597765">
        <ele>548.451</ele>
        <time>2026-02-01T16:23:32Z</time>
      </trkpt>
      <trkpt lat="43.237742" lon="-2.597846">
        <ele>549.033</ele>
        <time>2026-02-01T16:23:33Z</time>
      </trkpt>
      <trkpt lat="43.237720" lon="-2.597914">
        <ele>549.638</ele>
        <time>2026-02-01T16:23:34Z</time>
      </trkpt>
      <trkpt lat="43.237703" lon="-2.597971">
        <ele>550.089</ele>
        <time>2026-02-01T16:23:35Z</time>
      </trkpt>
      <trkpt lat="43.237689" lon="-2.598015">
        <ele>550.636</ele>
        <time>2026-02-01T16:23:36Z</time>
      </trkpt>
      <trkpt lat="43.237675" lon="-2.598055">
        <ele>551.261</ele>
        <time>2026-02-01T16:23:37Z</time>
      </trkpt>
      <trkpt lat="43.237660" lon="-2.598098">
        <ele>551.696</ele>
        <time>2026-02-01T16:23:38Z</time>
      </trkpt>
      <trkpt lat="43.237646" lon="-2.598138">
        <ele>552.095</ele>
        <time>2026-02-01T16:23:39Z</time>
      </trkpt>
      <trkpt lat="43.237638" lon="-2.598182">
        <ele>552.434</ele>
        <time>2026-02-01T16:23:40Z</time>
      </trkpt>
      <trkpt lat="43.237628" lon="-2.598224">
        <ele>552.822</ele>
        <time>2026-02-01T16:23:41Z</time>
      </trkpt>
      <trkpt lat="43.237613" lon="-2.598267">
        <ele>553.062</ele>
        <time>2026-02-01T16:23:42Z</time>
      </trkpt>
      <trkpt lat="43.237595" lon="-2.598311">
        <ele>553.208</ele>
        <time>2026-02-01T16:23:43Z</time>
      </trkpt>
      <trkpt lat="43.237581" lon="-2.598355">
        <ele>553.409</ele>
        <time>2026-02-01T16:23:44Z</time>
      </trkpt>
      <trkpt lat="43.237571" lon="-2.598397">
        <ele>553.884</ele>
        <time>2026-02-01T16:23:45Z</time>
      </trkpt>
      <trkpt lat="43.237562" lon="-2.598442">
        <ele>554.016</ele>
        <time>2026-02-01T16:23:46Z</time>
      </trkpt>
      <trkpt lat="43.237552" lon="-2.598487">
        <ele>554.241</ele>
        <time>2026-02-01T16:23:47Z</time>
      </trkpt>
      <trkpt lat="43.237538" lon="-2.598529">
        <ele>554.492</ele>
        <time>2026-02-01T16:23:48Z</time>
      </trkpt>
      <trkpt lat="43.237521" lon="-2.598572">
        <ele>554.629</ele>
        <time>2026-02-01T16:23:49Z</time>
      </trkpt>
      <trkpt lat="43.237506" lon="-2.598616">
        <ele>554.864</ele>
        <time>2026-02-01T16:23:50Z</time>
      </trkpt>
      <trkpt lat="43.237491" lon="-2.598659">
        <ele>554.829</ele>
        <time>2026-02-01T16:23:51Z</time>
      </trkpt>
      <trkpt lat="43.237477" lon="-2.598702">
        <ele>555.098</ele>
        <time>2026-02-01T16:23:52Z</time>
      </trkpt>
      <trkpt lat="43.237463" lon="-2.598747">
        <ele>555.287</ele>
        <time>2026-02-01T16:23:53Z</time>
      </trkpt>
      <trkpt lat="43.237452" lon="-2.598794">
        <ele>555.454</ele>
        <time>2026-02-01T16:23:54Z</time>
      </trkpt>
      <trkpt lat="43.237442" lon="-2.598841">
        <ele>555.456</ele>
        <time>2026-02-01T16:23:55Z</time>
      </trkpt>
      <trkpt lat="43.237431" lon="-2.598889">
        <ele>555.611</ele>
        <time>2026-02-01T16:23:56Z</time>
      </trkpt>
      <trkpt lat="43.237420" lon="-2.598940">
        <ele>555.609</ele>
        <time>2026-02-01T16:23:57Z</time>
      </trkpt>
      <trkpt lat="43.237412" lon="-2.598994">
        <ele>555.667</ele>
        <time>2026-02-01T16:23:58Z</time>
      </trkpt>
      <trkpt lat="43.237407" lon="-2.599047">
        <ele>555.639</ele>
        <time>2026-02-01T16:23:59Z</time>
      </trkpt>
      <trkpt lat="43.237403" lon="-2.599102">
        <ele>555.854</ele>
        <time>2026-02-01T16:24:00Z</time>
      </trkpt>
      <trkpt lat="43.237399" lon="-2.599158">
        <ele>556.075</ele>
        <time>2026-02-01T16:24:01Z</time>
      </trkpt>
      <trkpt lat="43.237393" lon="-2.599206">
        <ele>556.012</ele>
        <time>2026-02-01T16:24:02Z</time>
      </trkpt>
      <trkpt lat="43.237383" lon="-2.599261">
        <ele>556.217</ele>
        <time>2026-02-01T16:24:03Z</time>
      </trkpt>
      <trkpt lat="43.237368" lon="-2.599316">
        <ele>556.222</ele>
        <time>2026-02-01T16:24:04Z</time>
      </trkpt>
      <trkpt lat="43.237355" lon="-2.599372">
        <ele>556.291</ele>
        <time>2026-02-01T16:24:05Z</time>
      </trkpt>
      <trkpt lat="43.237344" lon="-2.599430">
        <ele>556.240</ele>
        <time>2026-02-01T16:24:06Z</time>
      </trkpt>
      <trkpt lat="43.237332" lon="-2.599493">
        <ele>556.084</ele>
        <time>2026-02-01T16:24:07Z</time>
      </trkpt>
      <trkpt lat="43.237319" lon="-2.599558">
        <ele>556.207</ele>
        <time>2026-02-01T16:24:08Z</time>
      </trkpt>
      <trkpt lat="43.237305" lon="-2.599626">
        <ele>556.217</ele>
        <time>2026-02-01T16:24:09Z</time>
      </trkpt>
      <trkpt lat="43.237290" lon="-2.599696">
        <ele>556.009</ele>
        <time>2026-02-01T16:24:10Z</time>
      </trkpt>
      <trkpt lat="43.237274" lon="-2.599760">
        <ele>555.860</ele>
        <time>2026-02-01T16:24:11Z</time>
      </trkpt>
      <trkpt lat="43.237255" lon="-2.599832">
        <ele>555.672</ele>
        <time>2026-02-01T16:24:12Z</time>
      </trkpt>
      <trkpt lat="43.237234" lon="-2.599898">
        <ele>555.497</ele>
        <time>2026-02-01T16:24:13Z</time>
      </trkpt>
      <trkpt lat="43.237216" lon="-2.599968">
        <ele>555.218</ele>
        <time>2026-02-01T16:24:14Z</time>
      </trkpt>
      <trkpt lat="43.237199" lon="-2.600039">
        <ele>555.275</ele>
        <time>2026-02-01T16:24:15Z</time>
      </trkpt>
      <trkpt lat="43.237180" lon="-2.600105">
        <ele>555.020</ele>
        <time>2026-02-01T16:24:16Z</time>
      </trkpt>
      <trkpt lat="43.237158" lon="-2.600172">
        <ele>555.065</ele>
        <time>2026-02-01T16:24:17Z</time>
      </trkpt>
      <trkpt lat="43.237139" lon="-2.600239">
        <ele>555.234</ele>
        <time>2026-02-01T16:24:18Z</time>
      </trkpt>
      <trkpt lat="43.237120" lon="-2.600306">
        <ele>555.243</ele>
        <time>2026-02-01T16:24:19Z</time>
      </trkpt>
      <trkpt lat="43.237100" lon="-2.600379">
        <ele>555.096</ele>
        <time>2026-02-01T16:24:20Z</time>
      </trkpt>
      <trkpt lat="43.237080" lon="-2.600448">
        <ele>555.231</ele>
        <time>2026-02-01T16:24:21Z</time>
      </trkpt>
      <trkpt lat="43.237058" lon="-2.600510">
        <ele>555.224</ele>
        <time>2026-02-01T16:24:22Z</time>
      </trkpt>
      <trkpt lat="43.237033" lon="-2.600575">
        <ele>555.209</ele>
        <time>2026-02-01T16:24:23Z</time>
      </trkpt>
      <trkpt lat="43.237006" lon="-2.600638">
        <ele>555.261</ele>
        <time>2026-02-01T16:24:24Z</time>
      </trkpt>
      <trkpt lat="43.236979" lon="-2.600696">
        <ele>555.413</ele>
        <time>2026-02-01T16:24:25Z</time>
      </trkpt>
      <trkpt lat="43.236948" lon="-2.600752">
        <ele>555.838</ele>
        <time>2026-02-01T16:24:26Z</time>
      </trkpt>
      <trkpt lat="43.236915" lon="-2.600807">
        <ele>555.829</ele>
        <time>2026-02-01T16:24:27Z</time>
      </trkpt>
      <trkpt lat="43.236886" lon="-2.600856">
        <ele>556.046</ele>
        <time>2026-02-01T16:24:28Z</time>
      </trkpt>
      <trkpt lat="43.236856" lon="-2.600899">
        <ele>556.461</ele>
        <time>2026-02-01T16:24:29Z</time>
      </trkpt>
      <trkpt lat="43.236825" lon="-2.600933">
        <ele>556.616</ele>
        <time>2026-02-01T16:24:30Z</time>
      </trkpt>
      <trkpt lat="43.236799" lon="-2.600963">
        <ele>557.085</ele>
        <time>2026-02-01T16:24:31Z</time>
      </trkpt>
      <trkpt lat="43.236778" lon="-2.600989">
        <ele>557.294</ele>
        <time>2026-02-01T16:24:32Z</time>
      </trkpt>
      <trkpt lat="43.236759" lon="-2.601019">
        <ele>557.846</ele>
        <time>2026-02-01T16:24:33Z</time>
      </trkpt>
      <trkpt lat="43.236740" lon="-2.601051">
        <ele>558.088</ele>
        <time>2026-02-01T16:24:34Z</time>
      </trkpt>
      <trkpt lat="43.236723" lon="-2.601077">
        <ele>558.216</ele>
        <time>2026-02-01T16:24:35Z</time>
      </trkpt>
      <trkpt lat="43.236708" lon="-2.601104">
        <ele>558.409</ele>
        <time>2026-02-01T16:24:36Z</time>
      </trkpt>
      <trkpt lat="43.236692" lon="-2.601129">
        <ele>558.896</ele>
        <time>2026-02-01T16:24:37Z</time>
      </trkpt>
      <trkpt lat="43.236676" lon="-2.601162">
        <ele>559.048</ele>
        <time>2026-02-01T16:24:38Z</time>
      </trkpt>
      <trkpt lat="43.236659" lon="-2.601192">
        <ele>559.493</ele>
        <time>2026-02-01T16:24:39Z</time>
      </trkpt>
      <trkpt lat="43.236641" lon="-2.601224">
        <ele>559.884</ele>
        <time>2026-02-01T16:24:40Z</time>
      </trkpt>
      <trkpt lat="43.236622" lon="-2.601255">
        <ele>560.411</ele>
        <time>2026-02-01T16:24:41Z</time>
      </trkpt>
      <trkpt lat="43.236603" lon="-2.601280">
        <ele>560.846</ele>
        <time>2026-02-01T16:24:42Z</time>
      </trkpt>
      <trkpt lat="43.236584" lon="-2.601308">
        <ele>561.241</ele>
        <time>2026-02-01T16:24:43Z</time>
      </trkpt>
      <trkpt lat="43.236564" lon="-2.601339">
        <ele>561.640</ele>
        <time>2026-02-01T16:24:44Z</time>
      </trkpt>
      <trkpt lat="43.236547" lon="-2.601370">
        <ele>561.889</ele>
        <time>2026-02-01T16:24:45Z</time>
      </trkpt>
      <trkpt lat="43.236528" lon="-2.601401">
        <ele>561.824</ele>
        <time>2026-02-01T16:24:46Z</time>
      </trkpt>
      <trkpt lat="43.236510" lon="-2.601431">
        <ele>561.804</ele>
        <time>2026-02-01T16:24:47Z</time>
      </trkpt>
      <trkpt lat="43.236492" lon="-2.601460">
        <ele>562.014</ele>
        <time>2026-02-01T16:24:48Z</time>
      </trkpt>
      <trkpt lat="43.236474" lon="-2.601490">
        <ele>562.209</ele>
        <time>2026-02-01T16:24:49Z</time>
      </trkpt>
      <trkpt lat="43.236457" lon="-2.601519">
        <ele>562.284</ele>
        <time>2026-02-01T16:24:50Z</time>
      </trkpt>
      <trkpt lat="43.236440" lon="-2.601555">
        <ele>562.266</ele>
        <time>2026-02-01T16:24:51Z</time>
      </trkpt>
      <trkpt lat="43.236419" lon="-2.601588">
        <ele>562.491</ele>
        <time>2026-02-01T16:24:52Z</time>
      </trkpt>
      <trkpt lat="43.236398" lon="-2.601619">
        <ele>562.432</ele>
        <time>2026-02-01T16:24:53Z</time>
      </trkpt>
      <trkpt lat="43.236379" lon="-2.601655">
        <ele>562.489</ele>
        <time>2026-02-01T16:24:54Z</time>
      </trkpt>
      <trkpt lat="43.236360" lon="-2.601691">
        <ele>562.464</ele>
        <time>2026-02-01T16:24:55Z</time>
      </trkpt>
      <trkpt lat="43.236345" lon="-2.601727">
        <ele>562.619</ele>
        <time>2026-02-01T16:24:56Z</time>
      </trkpt>
      <trkpt lat="43.236329" lon="-2.601761">
        <ele>562.628</ele>
        <time>2026-02-01T16:24:57Z</time>
      </trkpt>
      <trkpt lat="43.236314" lon="-2.601798">
        <ele>562.877</ele>
        <time>2026-02-01T16:24:58Z</time>
      </trkpt>
      <trkpt lat="43.236298" lon="-2.601826">
        <ele>563.077</ele>
        <time>2026-02-01T16:24:59Z</time>
      </trkpt>
      <trkpt lat="43.236286" lon="-2.601857">
        <ele>563.261</ele>
        <time>2026-02-01T16:25:00Z</time>
      </trkpt>
      <trkpt lat="43.236278" lon="-2.601885">
        <ele>563.227</ele>
        <time>2026-02-01T16:25:01Z</time>
      </trkpt>
      <trkpt lat="43.236269" lon="-2.601893">
        <ele>563.409</ele>
        <time>2026-02-01T16:25:02Z</time>
      </trkpt>
      <trkpt lat="43.236268" lon="-2.601891">
        <ele>563.429</ele>
        <time>2026-02-01T16:25:03Z</time>
      </trkpt>
      <trkpt lat="43.236268" lon="-2.601891">
        <ele>563.261</ele>
        <time>2026-02-01T16:25:04Z</time>
      </trkpt>
      <trkpt lat="43.236272" lon="-2.601890">
        <ele>563.046</ele>
        <time>2026-02-01T16:25:05Z</time>
      </trkpt>
      <trkpt lat="43.236281" lon="-2.601897">
        <ele>563.097</ele>
        <time>2026-02-01T16:25:06Z</time>
      </trkpt>
      <trkpt lat="43.236292" lon="-2.601897">
        <ele>562.864</ele>
        <time>2026-02-01T16:25:07Z</time>
      </trkpt>
      <trkpt lat="43.236296" lon="-2.601885">
        <ele>562.639</ele>
        <time>2026-02-01T16:25:08Z</time>
      </trkpt>
      <trkpt lat="43.236298" lon="-2.601867">
        <ele>562.484</ele>
        <time>2026-02-01T16:25:09Z</time>
      </trkpt>
      <trkpt lat="43.236300" lon="-2.601852">
        <ele>562.463</ele>
        <time>2026-02-01T16:25:10Z</time>
      </trkpt>
      <trkpt lat="43.236291" lon="-2.601837">
        <ele>562.252</ele>
        <time>2026-02-01T16:25:11Z</time>
      </trkpt>
      <trkpt lat="43.236282" lon="-2.601843">
        <ele>562.249</ele>
        <time>2026-02-01T16:25:12Z</time>
      </trkpt>
      <trkpt lat="43.236279" lon="-2.601855">
        <ele>562.002</ele>
        <time>2026-02-01T16:25:13Z</time>
      </trkpt>
      <trkpt lat="43.236277" lon="-2.601869">
        <ele>561.822</ele>
        <time>2026-02-01T16:25:14Z</time>
      </trkpt>
      <trkpt lat="43.236273" lon="-2.601871">
        <ele>561.409</ele>
        <time>2026-02-01T16:25:15Z</time>
      </trkpt>
      <trkpt lat="43.236267" lon="-2.601884">
        <ele>561.096</ele>
        <time>2026-02-01T16:25:16Z</time>
      </trkpt>
      <trkpt lat="43.236263" lon="-2.601890">
        <ele>560.688</ele>
        <time>2026-02-01T16:25:17Z</time>
      </trkpt>
      <trkpt lat="43.236259" lon="-2.601906">
        <ele>560.293</ele>
        <time>2026-02-01T16:25:18Z</time>
      </trkpt>
      <trkpt lat="43.236254" lon="-2.601909">
        <ele>559.624</ele>
        <time>2026-02-01T16:25:19Z</time>
      </trkpt>
      <trkpt lat="43.236251" lon="-2.601914">
        <ele>559.291</ele>
        <time>2026-02-01T16:25:20Z</time>
      </trkpt>
      <trkpt lat="43.236244" lon="-2.601929">
        <ele>558.816</ele>
        <time>2026-02-01T16:25:21Z</time>
      </trkpt>
      <trkpt lat="43.236241" lon="-2.601935">
        <ele>558.631</ele>
        <time>2026-02-01T16:25:22Z</time>
      </trkpt>
      <trkpt lat="43.236239" lon="-2.601936">
        <ele>558.420</ele>
        <time>2026-02-01T16:25:23Z</time>
      </trkpt>
      <trkpt lat="43.236234" lon="-2.601947">
        <ele>558.479</ele>
        <time>2026-02-01T16:25:24Z</time>
      </trkpt>
      <trkpt lat="43.236234" lon="-2.601947">
        <ele>558.473</ele>
        <time>2026-02-01T16:25:25Z</time>
      </trkpt>
      <trkpt lat="43.236234" lon="-2.601947">
        <ele>558.485</ele>
        <time>2026-02-01T16:25:26Z</time>
      </trkpt>
      <trkpt lat="43.236234" lon="-2.601947">
        <ele>558.413</ele>
        <time>2026-02-01T16:25:27Z</time>
      </trkpt>
      <trkpt lat="43.236234" lon="-2.601947">
        <ele>558.409</ele>
        <time>2026-02-01T16:25:28Z</time>
      </trkpt>
      <trkpt lat="43.236234" lon="-2.601947">
        <ele>558.229</ele>
        <time>2026-02-01T16:25:29Z</time>
      </trkpt>
      <trkpt lat="43.236234" lon="-2.601947">
        <ele>558.011</ele>
        <time>2026-02-01T16:25:30Z</time>
      </trkpt>
      <trkpt lat="43.236234" lon="-2.601947">
        <ele>558.086</ele>
        <time>2026-02-01T16:25:31Z</time>
      </trkpt>
      <trkpt lat="43.236234" lon="-2.601947">
        <ele>557.857</ele>
        <time>2026-02-01T16:25:32Z</time>
      </trkpt>
      <trkpt lat="43.236234" lon="-2.601947">
        <ele>557.694</ele>
        <time>2026-02-01T16:25:33Z</time>
      </trkpt>
      <trkpt lat="43.236236" lon="-2.601944">
        <ele>557.629</ele>
        <time>2026-02-01T16:25:34Z</time>
      </trkpt>
      <trkpt lat="43.236245" lon="-2.601929">
        <ele>557.474</ele>
        <time>2026-02-01T16:25:35Z</time>
      </trkpt>
      <trkpt lat="43.236250" lon="-2.601919">
        <ele>557.413</ele>
        <time>2026-02-01T16:25:36Z</time>
      </trkpt>
      <trkpt lat="43.236257" lon="-2.601914">
        <ele>557.252</ele>
        <time>2026-02-01T16:25:37Z</time>
      </trkpt>
      <trkpt lat="43.236257" lon="-2.601914">
        <ele>557.243</ele>
        <time>2026-02-01T16:25:38Z</time>
      </trkpt>
      <trkpt lat="43.236257" lon="-2.601914">
        <ele>557.064</ele>
        <time>2026-02-01T16:25:39Z</time>
      </trkpt>
      <trkpt lat="43.236257" lon="-2.601914">
        <ele>557.010</ele>
        <time>2026-02-01T16:25:40Z</time>
      </trkpt>
      <trkpt lat="43.236257" lon="-2.601914">
        <ele>556.809</ele>
        <time>2026-02-01T16:25:41Z</time>
      </trkpt>
      <trkpt lat="43.236257" lon="-2.601914">
        <ele>556.816</ele>
        <time>2026-02-01T16:25:42Z</time>
      </trkpt>
      <trkpt lat="43.236257" lon="-2.601914">
        <ele>556.878</ele>
        <time>2026-02-01T16:25:43Z</time>
      </trkpt>
      <trkpt lat="43.236258" lon="-2.601914">
        <ele>556.853</ele>
        <time>2026-02-01T16:25:44Z</time>
      </trkpt>
      <trkpt lat="43.236256" lon="-2.601914">
        <ele>556.874</ele>
        <time>2026-02-01T16:25:45Z</time>
      </trkpt>
      <trkpt lat="43.236258" lon="-2.601915">
        <ele>556.821</ele>
        <time>2026-02-01T16:25:46Z</time>
      </trkpt>
      <trkpt lat="43.236257" lon="-2.601914">
        <ele>556.846</ele>
        <time>2026-02-01T16:25:47Z</time>
      </trkpt>
      <trkpt lat="43.236257" lon="-2.601914">
        <ele>556.651</ele>
        <time>2026-02-01T16:25:48Z</time>
      </trkpt>
      <trkpt lat="43.236257" lon="-2.601914">
        <ele>556.470</ele>
        <time>2026-02-01T16:25:49Z</time>
      </trkpt>
      <trkpt lat="43.236257" lon="-2.601914">
        <ele>556.239</ele>
        <time>2026-02-01T16:25:50Z</time>
      </trkpt>
      <trkpt lat="43.236257" lon="-2.601914">
        <ele>556.091</ele>
        <time>2026-02-01T16:25:51Z</time>
      </trkpt>
      <trkpt lat="43.236257" lon="-2.601914">
        <ele>555.881</ele>
        <time>2026-02-01T16:25:52Z</time>
      </trkpt>
      <trkpt lat="43.236257" lon="-2.601914">
        <ele>555.619</ele>
        <time>2026-02-01T16:25:53Z</time>
      </trkpt>
      <trkpt lat="43.236257" lon="-2.601914">
        <ele>555.609</ele>
        <time>2026-02-01T16:25:54Z</time>
      </trkpt>
      <trkpt lat="43.236257" lon="-2.601914">
        <ele>555.611</ele>
        <time>2026-02-01T16:25:55Z</time>
      </trkpt>
      <trkpt lat="43.236257" lon="-2.601914">
        <ele>555.443</ele>
        <time>2026-02-01T16:25:56Z</time>
      </trkpt>
      <trkpt lat="43.236257" lon="-2.601914">
        <ele>555.458</ele>
        <time>2026-02-01T16:25:57Z</time>
      </trkpt>
      <trkpt lat="43.236257" lon="-2.601914">
        <ele>555.489</ele>
        <time>2026-02-01T16:25:58Z</time>
      </trkpt>
      <trkpt lat="43.236257" lon="-2.601914">
        <ele>555.226</ele>
        <time>2026-02-01T16:25:59Z</time>
      </trkpt>
      <trkpt lat="43.236257" lon="-2.601914">
        <ele>555.291</ele>
        <time>2026-02-01T16:26:00Z</time>
      </trkpt>
      <trkpt lat="43.236257" lon="-2.601914">
        <ele>555.026</ele>
        <time>2026-02-01T16:26:01Z</time>
      </trkpt>
      <trkpt lat="43.236257" lon="-2.601914">
        <ele>554.815</ele>
        <time>2026-02-01T16:26:02Z</time>
      </trkpt>
      <trkpt lat="43.236257" lon="-2.601914">
        <ele>554.694</ele>
        <time>2026-02-01T16:26:03Z</time>
      </trkpt>
      <trkpt lat="43.236257" lon="-2.601914">
        <ele>554.673</ele>
        <time>2026-02-01T16:26:04Z</time>
      </trkpt>
      <trkpt lat="43.236257" lon="-2.601914">
        <ele>554.485</ele>
        <time>2026-02-01T16:26:05Z</time>
      </trkpt>
      <trkpt lat="43.236257" lon="-2.601914">
        <ele>554.413</ele>
        <time>2026-02-01T16:26:06Z</time>
      </trkpt>
      <trkpt lat="43.236257" lon="-2.601914">
        <ele>554.409</ele>
        <time>2026-02-01T16:26:07Z</time>
      </trkpt>
      <trkpt lat="43.236257" lon="-2.601914">
        <ele>554.269</ele>
        <time>2026-02-01T16:26:08Z</time>
      </trkpt>
      <trkpt lat="43.236257" lon="-2.601914">
        <ele>554.241</ele>
        <time>2026-02-01T16:26:09Z</time>
      </trkpt>
      <trkpt lat="43.236257" lon="-2.601914">
        <ele>554.296</ele>
        <time>2026-02-01T16:26:10Z</time>
      </trkpt>
      <trkpt lat="43.236257" lon="-2.601914">
        <ele>554.057</ele>
        <time>2026-02-01T16:26:11Z</time>
      </trkpt>
      <trkpt lat="43.236257" lon="-2.601914">
        <ele>553.844</ele>
        <time>2026-02-01T16:26:12Z</time>
      </trkpt>
      <trkpt lat="43.236257" lon="-2.601914">
        <ele>553.829</ele>
        <time>2026-02-01T16:26:13Z</time>
      </trkpt>
      <trkpt lat="43.236257" lon="-2.601914">
        <ele>553.684</ele>
        <time>2026-02-01T16:26:14Z</time>
      </trkpt>
      <trkpt lat="43.236257" lon="-2.601914">
        <ele>553.613</ele>
        <time>2026-02-01T16:26:15Z</time>
      </trkpt>
      <trkpt lat="43.236257" lon="-2.601914">
        <ele>553.412</ele>
        <time>2026-02-01T16:26:16Z</time>
      </trkpt>
      <trkpt lat="43.236257" lon="-2.601914">
        <ele>553.443</ele>
        <time>2026-02-01T16:26:17Z</time>
      </trkpt>
      <trkpt lat="43.236257" lon="-2.601914">
        <ele>553.464</ele>
        <time>2026-02-01T16:26:18Z</time>
      </trkpt>
      <trkpt lat="43.236257" lon="-2.601914">
        <ele>553.410</ele>
        <time>2026-02-01T16:26:19Z</time>
      </trkpt>
      <trkpt lat="43.236257" lon="-2.601914">
        <ele>553.409</ele>
        <time>2026-02-01T16:26:20Z</time>
      </trkpt>
      <trkpt lat="43.236257" lon="-2.601914">
        <ele>553.266</ele>
        <time>2026-02-01T16:26:21Z</time>
      </trkpt>
      <trkpt lat="43.236257" lon="-2.601914">
        <ele>553.228</ele>
        <time>2026-02-01T16:26:22Z</time>
      </trkpt>
      <trkpt lat="43.236257" lon="-2.601914">
        <ele>553.233</ele>
        <time>2026-02-01T16:26:23Z</time>
      </trkpt>
      <trkpt lat="43.236257" lon="-2.601914">
        <ele>553.264</ele>
        <time>2026-02-01T16:26:24Z</time>
      </trkpt>
      <trkpt lat="43.236257" lon="-2.601914">
        <ele>553.241</ele>
        <time>2026-02-01T16:26:25Z</time>
      </trkpt>
      <trkpt lat="43.236257" lon="-2.601914">
        <ele>553.236</ele>
        <time>2026-02-01T16:26:26Z</time>
      </trkpt>
      <trkpt lat="43.236257" lon="-2.601914">
        <ele>553.021</ele>
        <time>2026-02-01T16:26:27Z</time>
      </trkpt>
      <trkpt lat="43.236257" lon="-2.601914">
        <ele>553.030</ele>
        <time>2026-02-01T16:26:28Z</time>
      </trkpt>
      <trkpt lat="43.236257" lon="-2.601914">
        <ele>552.859</ele>
        <time>2026-02-01T16:26:29Z</time>
      </trkpt>
      <trkpt lat="43.236257" lon="-2.601914">
        <ele>552.823</ele>
        <time>2026-02-01T16:26:30Z</time>
      </trkpt>
      <trkpt lat="43.236257" lon="-2.601914">
        <ele>552.683</ele>
        <time>2026-02-01T16:26:31Z</time>
      </trkpt>
      <trkpt lat="43.236257" lon="-2.601914">
        <ele>552.611</ele>
        <time>2026-02-01T16:26:32Z</time>
      </trkpt>
      <trkpt lat="43.236257" lon="-2.601914">
        <ele>552.609</ele>
        <time>2026-02-01T16:26:33Z</time>
      </trkpt>
      <trkpt lat="43.236257" lon="-2.601914">
        <ele>552.444</ele>
        <time>2026-02-01T16:26:34Z</time>
      </trkpt>
      <trkpt lat="43.236257" lon="-2.601914">
        <ele>552.446</ele>
        <time>2026-02-01T16:26:35Z</time>
      </trkpt>
      <trkpt lat="43.236257" lon="-2.601914">
        <ele>552.481</ele>
        <time>2026-02-01T16:26:36Z</time>
      </trkpt>
      <trkpt lat="43.236257" lon="-2.601914">
        <ele>552.492</ele>
        <time>2026-02-01T16:26:37Z</time>
      </trkpt>
      <trkpt lat="43.236257" lon="-2.601914">
        <ele>552.489</ele>
        <time>2026-02-01T16:26:38Z</time>
      </trkpt>
      <trkpt lat="43.236257" lon="-2.601914">
        <ele>552.444</ele>
        <time>2026-02-01T16:26:39Z</time>
      </trkpt>
      <trkpt lat="43.236257" lon="-2.601914">
        <ele>552.449</ele>
        <time>2026-02-01T16:26:40Z</time>
      </trkpt>
      <trkpt lat="43.236257" lon="-2.601914">
        <ele>552.268</ele>
        <time>2026-02-01T16:26:41Z</time>
      </trkpt>
      <trkpt lat="43.236257" lon="-2.601914">
        <ele>552.067</ele>
        <time>2026-02-01T16:26:42Z</time>
      </trkpt>
      <trkpt lat="43.236257" lon="-2.601914">
        <ele>552.034</ele>
        <time>2026-02-01T16:26:43Z</time>
      </trkpt>
      <trkpt lat="43.236257" lon="-2.601914">
        <ele>551.855</ele>
        <time>2026-02-01T16:26:44Z</time>
      </trkpt>
      <trkpt lat="43.236257" lon="-2.601914">
        <ele>551.810</ele>
        <time>2026-02-01T16:26:45Z</time>
      </trkpt>
      <trkpt lat="43.236257" lon="-2.601914">
        <ele>551.809</ele>
        <time>2026-02-01T16:26:46Z</time>
      </trkpt>
      <trkpt lat="43.236257" lon="-2.601914">
        <ele>551.695</ele>
        <time>2026-02-01T16:26:47Z</time>
      </trkpt>
      <trkpt lat="43.236257" lon="-2.601914">
        <ele>551.497</ele>
        <time>2026-02-01T16:26:48Z</time>
      </trkpt>
      <trkpt lat="43.236257" lon="-2.601914">
        <ele>551.452</ele>
        <time>2026-02-01T16:26:49Z</time>
      </trkpt>
      <trkpt lat="43.236257" lon="-2.601914">
        <ele>551.463</ele>
        <time>2026-02-01T16:26:50Z</time>
      </trkpt>
      <trkpt lat="43.236257" lon="-2.601914">
        <ele>551.490</ele>
        <time>2026-02-01T16:26:51Z</time>
      </trkpt>
      <trkpt lat="43.236257" lon="-2.601914">
        <ele>551.495</ele>
        <time>2026-02-01T16:26:52Z</time>
      </trkpt>
      <trkpt lat="43.236257" lon="-2.601914">
        <ele>551.470</ele>
        <time>2026-02-01T16:26:53Z</time>
      </trkpt>
      <trkpt lat="43.236257" lon="-2.601914">
        <ele>551.279</ele>
        <time>2026-02-01T16:26:54Z</time>
      </trkpt>
      <trkpt lat="43.236257" lon="-2.601914">
        <ele>551.278</ele>
        <time>2026-02-01T16:26:55Z</time>
      </trkpt>
      <trkpt lat="43.236257" lon="-2.601914">
        <ele>551.069</ele>
        <time>2026-02-01T16:26:56Z</time>
      </trkpt>
      <trkpt lat="43.236257" lon="-2.601914">
        <ele>551.004</ele>
        <time>2026-02-01T16:26:57Z</time>
      </trkpt>
      <trkpt lat="43.236257" lon="-2.601914">
        <ele>550.824</ele>
        <time>2026-02-01T16:26:58Z</time>
      </trkpt>
      <trkpt lat="43.236257" lon="-2.601914">
        <ele>550.809</ele>
        <time>2026-02-01T16:26:59Z</time>
      </trkpt>
      <trkpt lat="43.236257" lon="-2.601914">
        <ele>551.078</ele>
        <time>2026-02-01T16:27:00Z</time>
      </trkpt>
      <trkpt lat="43.236257" lon="-2.601914">
        <ele>551.030</ele>
        <time>2026-02-01T16:27:01Z</time>
      </trkpt>
      <trkpt lat="43.236257" lon="-2.601914">
        <ele>551.215</ele>
        <time>2026-02-01T16:27:02Z</time>
      </trkpt>
      <trkpt lat="43.236251" lon="-2.601915">
        <ele>551.286</ele>
        <time>2026-02-01T16:27:03Z</time>
      </trkpt>
      <trkpt lat="43.236244" lon="-2.601911">
        <ele>551.483</ele>
        <time>2026-02-01T16:27:04Z</time>
      </trkpt>
      <trkpt lat="43.236243" lon="-2.601908">
        <ele>551.448</ele>
        <time>2026-02-01T16:27:05Z</time>
      </trkpt>
      <trkpt lat="43.236243" lon="-2.601910">
        <ele>551.463</ele>
        <time>2026-02-01T16:27:06Z</time>
      </trkpt>
      <trkpt lat="43.236244" lon="-2.601899">
        <ele>551.612</ele>
        <time>2026-02-01T16:27:07Z</time>
      </trkpt>
      <trkpt lat="43.236247" lon="-2.601891">
        <ele>551.631</ele>
        <time>2026-02-01T16:27:08Z</time>
      </trkpt>
      <trkpt lat="43.236246" lon="-2.601879">
        <ele>551.846</ele>
        <time>2026-02-01T16:27:09Z</time>
      </trkpt>
      <trkpt lat="43.236249" lon="-2.601874">
        <ele>551.888</ele>
        <time>2026-02-01T16:27:10Z</time>
      </trkpt>
      <trkpt lat="43.236252" lon="-2.601860">
        <ele>552.016</ele>
        <time>2026-02-01T16:27:11Z</time>
      </trkpt>
      <trkpt lat="43.236263" lon="-2.601865">
        <ele>552.209</ele>
        <time>2026-02-01T16:27:12Z</time>
      </trkpt>
      <trkpt lat="43.236265" lon="-2.601867">
        <ele>552.226</ele>
        <time>2026-02-01T16:27:13Z</time>
      </trkpt>
      <trkpt lat="43.236262" lon="-2.601868">
        <ele>552.438</ele>
        <time>2026-02-01T16:27:14Z</time>
      </trkpt>
      <trkpt lat="43.236258" lon="-2.601868">
        <ele>552.673</ele>
        <time>2026-02-01T16:27:15Z</time>
      </trkpt>
      <trkpt lat="43.236258" lon="-2.601882">
        <ele>552.824</ele>
        <time>2026-02-01T16:27:16Z</time>
      </trkpt>
      <trkpt lat="43.236259" lon="-2.601892">
        <ele>553.071</ele>
        <time>2026-02-01T16:27:17Z</time>
      </trkpt>
      <trkpt lat="43.236262" lon="-2.601892">
        <ele>553.246</ele>
        <time>2026-02-01T16:27:18Z</time>
      </trkpt>
      <trkpt lat="43.236258" lon="-2.601895">
        <ele>553.411</ele>
        <time>2026-02-01T16:27:19Z</time>
      </trkpt>
      <trkpt lat="43.236256" lon="-2.601892">
        <ele>553.490</ele>
        <time>2026-02-01T16:27:20Z</time>
      </trkpt>
      <trkpt lat="43.236256" lon="-2.601892">
        <ele>553.459</ele>
        <time>2026-02-01T16:27:21Z</time>
      </trkpt>
      <trkpt lat="43.236263" lon="-2.601911">
        <ele>553.427</ele>
        <time>2026-02-01T16:27:22Z</time>
      </trkpt>
      <trkpt lat="43.236269" lon="-2.601924">
        <ele>553.468</ele>
        <time>2026-02-01T16:27:23Z</time>
      </trkpt>
      <trkpt lat="43.236269" lon="-2.601933">
        <ele>553.414</ele>
        <time>2026-02-01T16:27:24Z</time>
      </trkpt>
      <trkpt lat="43.236272" lon="-2.601946">
        <ele>553.409</ele>
        <time>2026-02-01T16:27:25Z</time>
      </trkpt>
      <trkpt lat="43.236268" lon="-2.601953">
        <ele>553.414</ele>
        <time>2026-02-01T16:27:26Z</time>
      </trkpt>
      <trkpt lat="43.236272" lon="-2.601949">
        <ele>553.636</ele>
        <time>2026-02-01T16:27:27Z</time>
      </trkpt>
      <trkpt lat="43.236270" lon="-2.601946">
        <ele>553.871</ele>
        <time>2026-02-01T16:27:28Z</time>
      </trkpt>
      <trkpt lat="43.236274" lon="-2.601946">
        <ele>553.822</ele>
        <time>2026-02-01T16:27:29Z</time>
      </trkpt>
      <trkpt lat="43.236274" lon="-2.601946">
        <ele>554.049</ele>
        <time>2026-02-01T16:27:30Z</time>
      </trkpt>
      <trkpt lat="43.236274" lon="-2.601946">
        <ele>554.014</ele>
        <time>2026-02-01T16:27:31Z</time>
      </trkpt>
      <trkpt lat="43.236274" lon="-2.601946">
        <ele>554.029</ele>
        <time>2026-02-01T16:27:32Z</time>
      </trkpt>
      <trkpt lat="43.236274" lon="-2.601946">
        <ele>553.868</ele>
        <time>2026-02-01T16:27:33Z</time>
      </trkpt>
      <trkpt lat="43.236274" lon="-2.601946">
        <ele>553.837</ele>
        <time>2026-02-01T16:27:34Z</time>
      </trkpt>
      <trkpt lat="43.236274" lon="-2.601946">
        <ele>553.862</ele>
        <time>2026-02-01T16:27:35Z</time>
      </trkpt>
      <trkpt lat="43.236274" lon="-2.601946">
        <ele>553.683</ele>
        <time>2026-02-01T16:27:36Z</time>
      </trkpt>
      <trkpt lat="43.236273" lon="-2.601938">
        <ele>553.611</ele>
        <time>2026-02-01T16:27:37Z</time>
      </trkpt>
      <trkpt lat="43.236275" lon="-2.601931">
        <ele>553.609</ele>
        <time>2026-02-01T16:27:38Z</time>
      </trkpt>
      <trkpt lat="43.236278" lon="-2.601928">
        <ele>553.648</ele>
        <time>2026-02-01T16:27:39Z</time>
      </trkpt>
      <trkpt lat="43.236280" lon="-2.601929">
        <ele>553.620</ele>
        <time>2026-02-01T16:27:40Z</time>
      </trkpt>
      <trkpt lat="43.236280" lon="-2.601929">
        <ele>553.685</ele>
        <time>2026-02-01T16:27:41Z</time>
      </trkpt>
      <trkpt lat="43.236280" lon="-2.601929">
        <ele>553.626</ele>
        <time>2026-02-01T16:27:42Z</time>
      </trkpt>
      <trkpt lat="43.236280" lon="-2.601929">
        <ele>553.613</ele>
        <time>2026-02-01T16:27:43Z</time>
      </trkpt>
      <trkpt lat="43.236280" lon="-2.601929">
        <ele>553.628</ele>
        <time>2026-02-01T16:27:44Z</time>
      </trkpt>
      <trkpt lat="43.236280" lon="-2.601929">
        <ele>553.493</ele>
        <time>2026-02-01T16:27:45Z</time>
      </trkpt>
      <trkpt lat="43.236280" lon="-2.601929">
        <ele>553.442</ele>
        <time>2026-02-01T16:27:46Z</time>
      </trkpt>
      <trkpt lat="43.236280" lon="-2.601929">
        <ele>553.491</ele>
        <time>2026-02-01T16:27:47Z</time>
      </trkpt>
      <trkpt lat="43.236280" lon="-2.601929">
        <ele>553.438</ele>
        <time>2026-02-01T16:27:48Z</time>
      </trkpt>
      <trkpt lat="43.236280" lon="-2.601929">
        <ele>553.470</ele>
        <time>2026-02-01T16:27:49Z</time>
      </trkpt>
      <trkpt lat="43.236280" lon="-2.601929">
        <ele>553.417</ele>
        <time>2026-02-01T16:27:50Z</time>
      </trkpt>
      <trkpt lat="43.236280" lon="-2.601929">
        <ele>553.409</ele>
        <time>2026-02-01T16:27:51Z</time>
      </trkpt>
      <trkpt lat="43.236280" lon="-2.601929">
        <ele>553.425</ele>
        <time>2026-02-01T16:27:52Z</time>
      </trkpt>
      <trkpt lat="43.236280" lon="-2.601929">
        <ele>553.267</ele>
        <time>2026-02-01T16:27:53Z</time>
      </trkpt>
      <trkpt lat="43.236280" lon="-2.601929">
        <ele>553.272</ele>
        <time>2026-02-01T16:27:54Z</time>
      </trkpt>
      <trkpt lat="43.236280" lon="-2.601929">
        <ele>553.243</ele>
        <time>2026-02-01T16:27:55Z</time>
      </trkpt>
      <trkpt lat="43.236280" lon="-2.601929">
        <ele>553.240</ele>
        <time>2026-02-01T16:27:56Z</time>
      </trkpt>
      <trkpt lat="43.236280" lon="-2.601929">
        <ele>553.235</ele>
        <time>2026-02-01T16:27:57Z</time>
      </trkpt>
      <trkpt lat="43.236280" lon="-2.601929">
        <ele>553.220</ele>
        <time>2026-02-01T16:27:58Z</time>
      </trkpt>
      <trkpt lat="43.236280" lon="-2.601929">
        <ele>553.459</ele>
        <time>2026-02-01T16:27:59Z</time>
      </trkpt>
      <trkpt lat="43.236280" lon="-2.601929">
        <ele>553.438</ele>
        <time>2026-02-01T16:28:00Z</time>
      </trkpt>
      <trkpt lat="43.236280" lon="-2.601929">
        <ele>553.644</ele>
        <time>2026-02-01T16:28:01Z</time>
      </trkpt>
      <trkpt lat="43.236280" lon="-2.601929">
        <ele>553.605</ele>
        <time>2026-02-01T16:28:02Z</time>
      </trkpt>
      <trkpt lat="43.236280" lon="-2.601929">
        <ele>553.815</ele>
        <time>2026-02-01T16:28:03Z</time>
      </trkpt>
      <trkpt lat="43.236280" lon="-2.601929">
        <ele>553.809</ele>
        <time>2026-02-01T16:28:04Z</time>
      </trkpt>
      <trkpt lat="43.236278" lon="-2.601929">
        <ele>553.866</ele>
        <time>2026-02-01T16:28:05Z</time>
      </trkpt>
      <trkpt lat="43.236282" lon="-2.601939">
        <ele>553.898</ele>
        <time>2026-02-01T16:28:06Z</time>
      </trkpt>
      <trkpt lat="43.236282" lon="-2.601947">
        <ele>553.853</ele>
        <time>2026-02-01T16:28:07Z</time>
      </trkpt>
      <trkpt lat="43.236282" lon="-2.601966">
        <ele>554.094</ele>
        <time>2026-02-01T16:28:08Z</time>
      </trkpt>
      <trkpt lat="43.236292" lon="-2.601995">
        <ele>554.021</ele>
        <time>2026-02-01T16:28:09Z</time>
      </trkpt>
      <trkpt lat="43.236310" lon="-2.602026">
        <ele>553.886</ele>
        <time>2026-02-01T16:28:10Z</time>
      </trkpt>
      <trkpt lat="43.236336" lon="-2.602061">
        <ele>553.621</ele>
        <time>2026-02-01T16:28:11Z</time>
      </trkpt>
      <trkpt lat="43.236361" lon="-2.602094">
        <ele>553.650</ele>
        <time>2026-02-01T16:28:12Z</time>
      </trkpt>
      <trkpt lat="43.236386" lon="-2.602128">
        <ele>553.469</ele>
        <time>2026-02-01T16:28:13Z</time>
      </trkpt>
      <trkpt lat="43.236412" lon="-2.602165">
        <ele>553.636</ele>
        <time>2026-02-01T16:28:14Z</time>
      </trkpt>
      <trkpt lat="43.236439" lon="-2.602205">
        <ele>554.017</ele>
        <time>2026-02-01T16:28:15Z</time>
      </trkpt>
      <trkpt lat="43.236468" lon="-2.602238">
        <ele>554.618</ele>
        <time>2026-02-01T16:28:16Z</time>
      </trkpt>
      <trkpt lat="43.236499" lon="-2.602270">
        <ele>555.009</ele>
        <time>2026-02-01T16:28:17Z</time>
      </trkpt>
      <trkpt lat="43.236529" lon="-2.602304">
        <ele>555.235</ele>
        <time>2026-02-01T16:28:18Z</time>
      </trkpt>
      <trkpt lat="43.236562" lon="-2.602336">
        <ele>555.477</ele>
        <time>2026-02-01T16:28:19Z</time>
      </trkpt>
      <trkpt lat="43.236597" lon="-2.602372">
        <ele>555.442</ele>
        <time>2026-02-01T16:28:20Z</time>
      </trkpt>
      <trkpt lat="43.236633" lon="-2.602408">
        <ele>555.253</ele>
        <time>2026-02-01T16:28:21Z</time>
      </trkpt>
      <trkpt lat="43.236671" lon="-2.602448">
        <ele>555.030</ele>
        <time>2026-02-01T16:28:22Z</time>
      </trkpt>
      <trkpt lat="43.236713" lon="-2.602489">
        <ele>555.265</ele>
        <time>2026-02-01T16:28:23Z</time>
      </trkpt>
      <trkpt lat="43.236755" lon="-2.602535">
        <ele>555.240</ele>
        <time>2026-02-01T16:28:24Z</time>
      </trkpt>
      <trkpt lat="43.236801" lon="-2.602584">
        <ele>555.029</ele>
        <time>2026-02-01T16:28:25Z</time>
      </trkpt>
      <trkpt lat="43.236848" lon="-2.602624">
        <ele>554.838</ele>
        <time>2026-02-01T16:28:26Z</time>
      </trkpt>
      <trkpt lat="43.236900" lon="-2.602674">
        <ele>554.464</ele>
        <time>2026-02-01T16:28:27Z</time>
      </trkpt>
      <trkpt lat="43.236950" lon="-2.602732">
        <ele>554.406</ele>
        <time>2026-02-01T16:28:28Z</time>
      </trkpt>
      <trkpt lat="43.237003" lon="-2.602796">
        <ele>554.016</ele>
        <time>2026-02-01T16:28:29Z</time>
      </trkpt>
      <trkpt lat="43.237060" lon="-2.602853">
        <ele>553.409</ele>
        <time>2026-02-01T16:28:30Z</time>
      </trkpt>
      <trkpt lat="43.237123" lon="-2.602915">
        <ele>552.698</ele>
        <time>2026-02-01T16:28:31Z</time>
      </trkpt>
      <trkpt lat="43.237187" lon="-2.602980">
        <ele>552.040</ele>
        <time>2026-02-01T16:28:32Z</time>
      </trkpt>
      <trkpt lat="43.237259" lon="-2.603045">
        <ele>551.215</ele>
        <time>2026-02-01T16:28:33Z</time>
      </trkpt>
      <trkpt lat="43.237338" lon="-2.603095">
        <ele>550.686</ele>
        <time>2026-02-01T16:28:34Z</time>
      </trkpt>
      <trkpt lat="43.237423" lon="-2.603140">
        <ele>550.093</ele>
        <time>2026-02-01T16:28:35Z</time>
      </trkpt>
      <trkpt lat="43.237511" lon="-2.603177">
        <ele>549.248</ele>
        <time>2026-02-01T16:28:36Z</time>
      </trkpt>
      <trkpt lat="43.237597" lon="-2.603207">
        <ele>548.843</ele>
        <time>2026-02-01T16:28:37Z</time>
      </trkpt>
      <trkpt lat="43.237682" lon="-2.603238">
        <ele>548.042</ele>
        <time>2026-02-01T16:28:38Z</time>
      </trkpt>
      <trkpt lat="43.237768" lon="-2.603284">
        <ele>547.411</ele>
        <time>2026-02-01T16:28:39Z</time>
      </trkpt>
      <trkpt lat="43.237853" lon="-2.603343">
        <ele>546.617</ele>
        <time>2026-02-01T16:28:40Z</time>
      </trkpt>
      <trkpt lat="43.237936" lon="-2.603412">
        <ele>546.087</ele>
        <time>2026-02-01T16:28:41Z</time>
      </trkpt>
      <trkpt lat="43.238019" lon="-2.603488">
        <ele>545.615</ele>
        <time>2026-02-01T16:28:42Z</time>
      </trkpt>
      <trkpt lat="43.238112" lon="-2.603560">
        <ele>545.009</ele>
        <time>2026-02-01T16:28:43Z</time>
      </trkpt>
      <trkpt lat="43.238211" lon="-2.603617">
        <ele>544.243</ele>
        <time>2026-02-01T16:28:44Z</time>
      </trkpt>
      <trkpt lat="43.238317" lon="-2.603668">
        <ele>543.035</ele>
        <time>2026-02-01T16:28:45Z</time>
      </trkpt>
      <trkpt lat="43.238427" lon="-2.603713">
        <ele>541.690</ele>
        <time>2026-02-01T16:28:46Z</time>
      </trkpt>
      <trkpt lat="43.238532" lon="-2.603776">
        <ele>540.081</ele>
        <time>2026-02-01T16:28:47Z</time>
      </trkpt>
      <trkpt lat="43.238630" lon="-2.603860">
        <ele>538.618</ele>
        <time>2026-02-01T16:28:48Z</time>
      </trkpt>
      <trkpt lat="43.238723" lon="-2.603960">
        <ele>537.223</ele>
        <time>2026-02-01T16:28:49Z</time>
      </trkpt>
      <trkpt lat="43.238812" lon="-2.604063">
        <ele>536.248</ele>
        <time>2026-02-01T16:28:50Z</time>
      </trkpt>
      <trkpt lat="43.238910" lon="-2.604158">
        <ele>535.677</ele>
        <time>2026-02-01T16:28:51Z</time>
      </trkpt>
      <trkpt lat="43.239011" lon="-2.604239">
        <ele>534.696</ele>
        <time>2026-02-01T16:28:52Z</time>
      </trkpt>
      <trkpt lat="43.239114" lon="-2.604311">
        <ele>534.081</ele>
        <time>2026-02-01T16:28:53Z</time>
      </trkpt>
      <trkpt lat="43.239217" lon="-2.604381">
        <ele>533.261</ele>
        <time>2026-02-01T16:28:54Z</time>
      </trkpt>
      <trkpt lat="43.239323" lon="-2.604448">
        <ele>532.217</ele>
        <time>2026-02-01T16:28:55Z</time>
      </trkpt>
      <trkpt lat="43.239428" lon="-2.604525">
        <ele>531.209</ele>
        <time>2026-02-01T16:28:56Z</time>
      </trkpt>
      <trkpt lat="43.239524" lon="-2.604621">
        <ele>530.030</ele>
        <time>2026-02-01T16:28:57Z</time>
      </trkpt>
      <trkpt lat="43.239610" lon="-2.604735">
        <ele>528.822</ele>
        <time>2026-02-01T16:28:58Z</time>
      </trkpt>
      <trkpt lat="43.239687" lon="-2.604862">
        <ele>527.457</ele>
        <time>2026-02-01T16:28:59Z</time>
      </trkpt>
      <trkpt lat="43.239752" lon="-2.604998">
        <ele>526.678</ele>
        <time>2026-02-01T16:29:00Z</time>
      </trkpt>
      <trkpt lat="43.239800" lon="-2.605137">
        <ele>526.085</ele>
        <time>2026-02-01T16:29:01Z</time>
      </trkpt>
      <trkpt lat="43.239832" lon="-2.605280">
        <ele>525.060</ele>
        <time>2026-02-01T16:29:02Z</time>
      </trkpt>
      <trkpt lat="43.239843" lon="-2.605427">
        <ele>524.445</ele>
        <time>2026-02-01T16:29:03Z</time>
      </trkpt>
      <trkpt lat="43.239824" lon="-2.605571">
        <ele>524.014</ele>
        <time>2026-02-01T16:29:04Z</time>
      </trkpt>
      <trkpt lat="43.239786" lon="-2.605720">
        <ele>523.033</ele>
        <time>2026-02-01T16:29:05Z</time>
      </trkpt>
      <trkpt lat="43.239750" lon="-2.605868">
        <ele>522.288</ele>
        <time>2026-02-01T16:29:06Z</time>
      </trkpt>
      <trkpt lat="43.239724" lon="-2.606010">
        <ele>522.024</ele>
        <time>2026-02-01T16:29:07Z</time>
      </trkpt>
      <trkpt lat="43.239712" lon="-2.606138">
        <ele>522.226</ele>
        <time>2026-02-01T16:29:08Z</time>
      </trkpt>
      <trkpt lat="43.239721" lon="-2.606246">
        <ele>522.409</ele>
        <time>2026-02-01T16:29:09Z</time>
      </trkpt>
      <trkpt lat="43.239754" lon="-2.606345">
        <ele>523.290</ele>
        <time>2026-02-01T16:29:10Z</time>
      </trkpt>
      <trkpt lat="43.239806" lon="-2.606400">
        <ele>524.432</ele>
        <time>2026-02-01T16:29:11Z</time>
      </trkpt>
      <trkpt lat="43.239855" lon="-2.606416">
        <ele>525.047</ele>
        <time>2026-02-01T16:29:12Z</time>
      </trkpt>
      <trkpt lat="43.239895" lon="-2.606439">
        <ele>525.658</ele>
        <time>2026-02-01T16:29:13Z</time>
      </trkpt>
      <trkpt lat="43.239920" lon="-2.606472">
        <ele>526.455</ele>
        <time>2026-02-01T16:29:14Z</time>
      </trkpt>
      <trkpt lat="43.239936" lon="-2.606501">
        <ele>527.070</ele>
        <time>2026-02-01T16:29:15Z</time>
      </trkpt>
      <trkpt lat="43.239944" lon="-2.606519">
        <ele>527.425</ele>
        <time>2026-02-01T16:29:16Z</time>
      </trkpt>
      <trkpt lat="43.239958" lon="-2.606540">
        <ele>528.074</ele>
        <time>2026-02-01T16:29:17Z</time>
      </trkpt>
      <trkpt lat="43.239979" lon="-2.606561">
        <ele>528.293</ele>
        <time>2026-02-01T16:29:18Z</time>
      </trkpt>
      <trkpt lat="43.239995" lon="-2.606569">
        <ele>528.621</ele>
        <time>2026-02-01T16:29:19Z</time>
      </trkpt>
      <trkpt lat="43.240018" lon="-2.606573">
        <ele>528.841</ele>
        <time>2026-02-01T16:29:20Z</time>
      </trkpt>
      <trkpt lat="43.240035" lon="-2.606578">
        <ele>529.205</ele>
        <time>2026-02-01T16:29:21Z</time>
      </trkpt>
      <trkpt lat="43.240050" lon="-2.606593">
        <ele>529.609</ele>
        <time>2026-02-01T16:29:22Z</time>
      </trkpt>
      <trkpt lat="43.240060" lon="-2.606615">
        <ele>530.094</ele>
        <time>2026-02-01T16:29:23Z</time>
      </trkpt>
      <trkpt lat="43.240073" lon="-2.606639">
        <ele>530.416</ele>
        <time>2026-02-01T16:29:24Z</time>
      </trkpt>
      <trkpt lat="43.240086" lon="-2.606663">
        <ele>530.641</ele>
        <time>2026-02-01T16:29:25Z</time>
      </trkpt>
      <trkpt lat="43.240100" lon="-2.606687">
        <ele>530.812</ele>
        <time>2026-02-01T16:29:26Z</time>
      </trkpt>
      <trkpt lat="43.240117" lon="-2.606708">
        <ele>531.269</ele>
        <time>2026-02-01T16:29:27Z</time>
      </trkpt>
      <trkpt lat="43.240132" lon="-2.606725">
        <ele>531.654</ele>
        <time>2026-02-01T16:29:28Z</time>
      </trkpt>
      <trkpt lat="43.240146" lon="-2.606743">
        <ele>531.819</ele>
        <time>2026-02-01T16:29:29Z</time>
      </trkpt>
      <trkpt lat="43.240157" lon="-2.606766">
        <ele>532.228</ele>
        <time>2026-02-01T16:29:30Z</time>
      </trkpt>
      <trkpt lat="43.240172" lon="-2.606793">
        <ele>532.847</ele>
        <time>2026-02-01T16:29:31Z</time>
      </trkpt>
      <trkpt lat="43.240187" lon="-2.606808">
        <ele>533.073</ele>
        <time>2026-02-01T16:29:32Z</time>
      </trkpt>
      <trkpt lat="43.240202" lon="-2.606833">
        <ele>533.085</ele>
        <time>2026-02-01T16:29:33Z</time>
      </trkpt>
      <trkpt lat="43.240218" lon="-2.606857">
        <ele>533.213</ele>
        <time>2026-02-01T16:29:34Z</time>
      </trkpt>
      <trkpt lat="43.240230" lon="-2.606883">
        <ele>533.609</ele>
        <time>2026-02-01T16:29:35Z</time>
      </trkpt>
      <trkpt lat="43.240235" lon="-2.606907">
        <ele>533.849</ele>
        <time>2026-02-01T16:29:36Z</time>
      </trkpt>
      <trkpt lat="43.240244" lon="-2.606933">
        <ele>534.261</ele>
        <time>2026-02-01T16:29:37Z</time>
      </trkpt>
      <trkpt lat="43.240257" lon="-2.606956">
        <ele>534.856</ele>
        <time>2026-02-01T16:29:38Z</time>
      </trkpt>
      <trkpt lat="43.240268" lon="-2.606979">
        <ele>535.427</ele>
        <time>2026-02-01T16:29:39Z</time>
      </trkpt>
      <trkpt lat="43.240277" lon="-2.607003">
        <ele>535.664</ele>
        <time>2026-02-01T16:29:40Z</time>
      </trkpt>
      <trkpt lat="43.240285" lon="-2.607028">
        <ele>535.819</ele>
        <time>2026-02-01T16:29:41Z</time>
      </trkpt>
      <trkpt lat="43.240294" lon="-2.607054">
        <ele>536.044</ele>
        <time>2026-02-01T16:29:42Z</time>
      </trkpt>
      <trkpt lat="43.240306" lon="-2.607078">
        <ele>536.223</ele>
        <time>2026-02-01T16:29:43Z</time>
      </trkpt>
      <trkpt lat="43.240316" lon="-2.607104">
        <ele>536.432</ele>
        <time>2026-02-01T16:29:44Z</time>
      </trkpt>
      <trkpt lat="43.240325" lon="-2.607134">
        <ele>536.897</ele>
        <time>2026-02-01T16:29:45Z</time>
      </trkpt>
      <trkpt lat="43.240333" lon="-2.607159">
        <ele>537.023</ele>
        <time>2026-02-01T16:29:46Z</time>
      </trkpt>
      <trkpt lat="43.240340" lon="-2.607184">
        <ele>537.225</ele>
        <time>2026-02-01T16:29:47Z</time>
      </trkpt>
      <trkpt lat="43.240346" lon="-2.607212">
        <ele>537.609</ele>
        <time>2026-02-01T16:29:48Z</time>
      </trkpt>
      <trkpt lat="43.240352" lon="-2.607242">
        <ele>537.881</ele>
        <time>2026-02-01T16:29:49Z</time>
      </trkpt>
      <trkpt lat="43.240360" lon="-2.607272">
        <ele>538.023</ele>
        <time>2026-02-01T16:29:50Z</time>
      </trkpt>
      <trkpt lat="43.240369" lon="-2.607302">
        <ele>538.248</ele>
        <time>2026-02-01T16:29:51Z</time>
      </trkpt>
      <trkpt lat="43.240377" lon="-2.607330">
        <ele>538.429</ele>
        <time>2026-02-01T16:29:52Z</time>
      </trkpt>
      <trkpt lat="43.240384" lon="-2.607358">
        <ele>538.646</ele>
        <time>2026-02-01T16:29:53Z</time>
      </trkpt>
      <trkpt lat="43.240388" lon="-2.607385">
        <ele>538.811</ele>
        <time>2026-02-01T16:29:54Z</time>
      </trkpt>
      <trkpt lat="43.240394" lon="-2.607417">
        <ele>539.036</ele>
        <time>2026-02-01T16:29:55Z</time>
      </trkpt>
      <trkpt lat="43.240405" lon="-2.607447">
        <ele>539.275</ele>
        <time>2026-02-01T16:29:56Z</time>
      </trkpt>
      <trkpt lat="43.240413" lon="-2.607471">
        <ele>539.614</ele>
        <time>2026-02-01T16:29:57Z</time>
      </trkpt>
      <trkpt lat="43.240418" lon="-2.607501">
        <ele>539.886</ele>
        <time>2026-02-01T16:29:58Z</time>
      </trkpt>
      <trkpt lat="43.240424" lon="-2.607532">
        <ele>540.060</ele>
        <time>2026-02-01T16:29:59Z</time>
      </trkpt>
      <trkpt lat="43.240428" lon="-2.607558">
        <ele>540.226</ele>
        <time>2026-02-01T16:30:00Z</time>
      </trkpt>
      <trkpt lat="43.240434" lon="-2.607590">
        <ele>540.409</ele>
        <time>2026-02-01T16:30:01Z</time>
      </trkpt>
      <trkpt lat="43.240442" lon="-2.607625">
        <ele>540.610</ele>
        <time>2026-02-01T16:30:02Z</time>
      </trkpt>
      <trkpt lat="43.240448" lon="-2.607656">
        <ele>540.892</ele>
        <time>2026-02-01T16:30:03Z</time>
      </trkpt>
      <trkpt lat="43.240455" lon="-2.607687">
        <ele>541.067</ele>
        <time>2026-02-01T16:30:04Z</time>
      </trkpt>
      <trkpt lat="43.240462" lon="-2.607722">
        <ele>541.288</ele>
        <time>2026-02-01T16:30:05Z</time>
      </trkpt>
      <trkpt lat="43.240466" lon="-2.607756">
        <ele>541.435</ele>
        <time>2026-02-01T16:30:06Z</time>
      </trkpt>
      <trkpt lat="43.240468" lon="-2.607795">
        <ele>541.680</ele>
        <time>2026-02-01T16:30:07Z</time>
      </trkpt>
      <trkpt lat="43.240470" lon="-2.607837">
        <ele>542.025</ele>
        <time>2026-02-01T16:30:08Z</time>
      </trkpt>
      <trkpt lat="43.240478" lon="-2.607876">
        <ele>542.224</ele>
        <time>2026-02-01T16:30:09Z</time>
      </trkpt>
      <trkpt lat="43.240487" lon="-2.607909">
        <ele>542.463</ele>
        <time>2026-02-01T16:30:10Z</time>
      </trkpt>
      <trkpt lat="43.240495" lon="-2.607944">
        <ele>542.654</ele>
        <time>2026-02-01T16:30:11Z</time>
      </trkpt>
      <trkpt lat="43.240507" lon="-2.607977">
        <ele>542.656</ele>
        <time>2026-02-01T16:30:12Z</time>
      </trkpt>
      <trkpt lat="43.240516" lon="-2.608010">
        <ele>542.811</ele>
        <time>2026-02-01T16:30:13Z</time>
      </trkpt>
      <trkpt lat="43.240522" lon="-2.608046">
        <ele>543.209</ele>
        <time>2026-02-01T16:30:14Z</time>
      </trkpt>
      <trkpt lat="43.240530" lon="-2.608085">
        <ele>543.697</ele>
        <time>2026-02-01T16:30:15Z</time>
      </trkpt>
      <trkpt lat="43.240539" lon="-2.608125">
        <ele>543.899</ele>
        <time>2026-02-01T16:30:16Z</time>
      </trkpt>
      <trkpt lat="43.240549" lon="-2.608157">
        <ele>544.024</ele>
        <time>2026-02-01T16:30:17Z</time>
      </trkpt>
      <trkpt lat="43.240555" lon="-2.608192">
        <ele>544.455</ele>
        <time>2026-02-01T16:30:18Z</time>
      </trkpt>
      <trkpt lat="43.240565" lon="-2.608228">
        <ele>544.632</ele>
        <time>2026-02-01T16:30:19Z</time>
      </trkpt>
      <trkpt lat="43.240578" lon="-2.608265">
        <ele>544.697</ele>
        <time>2026-02-01T16:30:20Z</time>
      </trkpt>
      <trkpt lat="43.240589" lon="-2.608298">
        <ele>545.092</ele>
        <time>2026-02-01T16:30:21Z</time>
      </trkpt>
      <trkpt lat="43.240600" lon="-2.608332">
        <ele>545.241</ele>
        <time>2026-02-01T16:30:22Z</time>
      </trkpt>
      <trkpt lat="43.240613" lon="-2.608367">
        <ele>545.490</ele>
        <time>2026-02-01T16:30:23Z</time>
      </trkpt>
      <trkpt lat="43.240629" lon="-2.608401">
        <ele>545.471</ele>
        <time>2026-02-01T16:30:24Z</time>
      </trkpt>
      <trkpt lat="43.240642" lon="-2.608437">
        <ele>545.641</ele>
        <time>2026-02-01T16:30:25Z</time>
      </trkpt>
      <trkpt lat="43.240646" lon="-2.608471">
        <ele>545.815</ele>
        <time>2026-02-01T16:30:26Z</time>
      </trkpt>
      <trkpt lat="43.240656" lon="-2.608499">
        <ele>546.209</ele>
        <time>2026-02-01T16:30:27Z</time>
      </trkpt>
      <trkpt lat="43.240669" lon="-2.608532">
        <ele>546.429</ele>
        <time>2026-02-01T16:30:28Z</time>
      </trkpt>
      <trkpt lat="43.240679" lon="-2.608565">
        <ele>546.891</ele>
        <time>2026-02-01T16:30:29Z</time>
      </trkpt>
      <trkpt lat="43.240688" lon="-2.608600">
        <ele>547.086</ele>
        <time>2026-02-01T16:30:30Z</time>
      </trkpt>
      <trkpt lat="43.240695" lon="-2.608638">
        <ele>547.237</ele>
        <time>2026-02-01T16:30:31Z</time>
      </trkpt>
      <trkpt lat="43.240700" lon="-2.608675">
        <ele>547.244</ele>
        <time>2026-02-01T16:30:32Z</time>
      </trkpt>
      <trkpt lat="43.240703" lon="-2.608713">
        <ele>547.429</ele>
        <time>2026-02-01T16:30:33Z</time>
      </trkpt>
      <trkpt lat="43.240707" lon="-2.608754">
        <ele>547.674</ele>
        <time>2026-02-01T16:30:34Z</time>
      </trkpt>
      <trkpt lat="43.240706" lon="-2.608790">
        <ele>547.823</ele>
        <time>2026-02-01T16:30:35Z</time>
      </trkpt>
      <trkpt lat="43.240709" lon="-2.608829">
        <ele>548.062</ele>
        <time>2026-02-01T16:30:36Z</time>
      </trkpt>
      <trkpt lat="43.240711" lon="-2.608864">
        <ele>548.271</ele>
        <time>2026-02-01T16:30:37Z</time>
      </trkpt>
      <trkpt lat="43.240715" lon="-2.608902">
        <ele>548.441</ele>
        <time>2026-02-01T16:30:38Z</time>
      </trkpt>
      <trkpt lat="43.240719" lon="-2.608941">
        <ele>548.615</ele>
        <time>2026-02-01T16:30:39Z</time>
      </trkpt>
      <trkpt lat="43.240720" lon="-2.608979">
        <ele>548.809</ele>
        <time>2026-02-01T16:30:40Z</time>
      </trkpt>
      <trkpt lat="43.240721" lon="-2.609018">
        <ele>549.069</ele>
        <time>2026-02-01T16:30:41Z</time>
      </trkpt>
      <trkpt lat="43.240722" lon="-2.609058">
        <ele>549.411</ele>
        <time>2026-02-01T16:30:42Z</time>
      </trkpt>
      <trkpt lat="43.240722" lon="-2.609102">
        <ele>549.636</ele>
        <time>2026-02-01T16:30:43Z</time>
      </trkpt>
      <trkpt lat="43.240723" lon="-2.609147">
        <ele>550.047</ele>
        <time>2026-02-01T16:30:44Z</time>
      </trkpt>
      <trkpt lat="43.240727" lon="-2.609191">
        <ele>550.084</ele>
        <time>2026-02-01T16:30:45Z</time>
      </trkpt>
      <trkpt lat="43.240727" lon="-2.609232">
        <ele>550.249</ele>
        <time>2026-02-01T16:30:46Z</time>
      </trkpt>
      <trkpt lat="43.240726" lon="-2.609280">
        <ele>550.474</ele>
        <time>2026-02-01T16:30:47Z</time>
      </trkpt>
      <trkpt lat="43.240728" lon="-2.609326">
        <ele>550.683</ele>
        <time>2026-02-01T16:30:48Z</time>
      </trkpt>
      <trkpt lat="43.240726" lon="-2.609372">
        <ele>550.652</ele>
        <time>2026-02-01T16:30:49Z</time>
      </trkpt>
      <trkpt lat="43.240723" lon="-2.609419">
        <ele>550.867</ele>
        <time>2026-02-01T16:30:50Z</time>
      </trkpt>
      <trkpt lat="43.240718" lon="-2.609467">
        <ele>551.081</ele>
        <time>2026-02-01T16:30:51Z</time>
      </trkpt>
      <trkpt lat="43.240720" lon="-2.609515">
        <ele>551.019</ele>
        <time>2026-02-01T16:30:52Z</time>
      </trkpt>
      <trkpt lat="43.240718" lon="-2.609568">
        <ele>550.809</ele>
        <time>2026-02-01T16:30:53Z</time>
      </trkpt>
      <trkpt lat="43.240712" lon="-2.609621">
        <ele>550.858</ele>
        <time>2026-02-01T16:30:54Z</time>
      </trkpt>
      <trkpt lat="43.240707" lon="-2.609673">
        <ele>550.810</ele>
        <time>2026-02-01T16:30:55Z</time>
      </trkpt>
      <trkpt lat="43.240705" lon="-2.609725">
        <ele>550.625</ele>
        <time>2026-02-01T16:30:56Z</time>
      </trkpt>
      <trkpt lat="43.240701" lon="-2.609776">
        <ele>550.626</ele>
        <time>2026-02-01T16:30:57Z</time>
      </trkpt>
      <trkpt lat="43.240699" lon="-2.609832">
        <ele>550.663</ele>
        <time>2026-02-01T16:30:58Z</time>
      </trkpt>
      <trkpt lat="43.240700" lon="-2.609887">
        <ele>550.488</ele>
        <time>2026-02-01T16:30:59Z</time>
      </trkpt>
      <trkpt lat="43.240706" lon="-2.609942">
        <ele>550.613</ele>
        <time>2026-02-01T16:31:00Z</time>
      </trkpt>
      <trkpt lat="43.240715" lon="-2.609996">
        <ele>550.852</ele>
        <time>2026-02-01T16:31:01Z</time>
      </trkpt>
      <trkpt lat="43.240719" lon="-2.610045">
        <ele>551.061</ele>
        <time>2026-02-01T16:31:02Z</time>
      </trkpt>
      <trkpt lat="43.240723" lon="-2.610099">
        <ele>551.416</ele>
        <time>2026-02-01T16:31:03Z</time>
      </trkpt>
      <trkpt lat="43.240735" lon="-2.610145">
        <ele>551.676</ele>
        <time>2026-02-01T16:31:04Z</time>
      </trkpt>
      <trkpt lat="43.240744" lon="-2.610193">
        <ele>551.813</ele>
        <time>2026-02-01T16:31:05Z</time>
      </trkpt>
      <trkpt lat="43.240750" lon="-2.610243">
        <ele>552.209</ele>
        <time>2026-02-01T16:31:06Z</time>
      </trkpt>
      <trkpt lat="43.240756" lon="-2.610290">
        <ele>552.443</ele>
        <time>2026-02-01T16:31:07Z</time>
      </trkpt>
      <trkpt lat="43.240760" lon="-2.610339">
        <ele>552.625</ele>
        <time>2026-02-01T16:31:08Z</time>
      </trkpt>
      <trkpt lat="43.240765" lon="-2.610390">
        <ele>553.020</ele>
        <time>2026-02-01T16:31:09Z</time>
      </trkpt>
      <trkpt lat="43.240773" lon="-2.610440">
        <ele>553.421</ele>
        <time>2026-02-01T16:31:10Z</time>
      </trkpt>
      <trkpt lat="43.240786" lon="-2.610496">
        <ele>553.688</ele>
        <time>2026-02-01T16:31:11Z</time>
      </trkpt>
      <trkpt lat="43.240801" lon="-2.610547">
        <ele>553.873</ele>
        <time>2026-02-01T16:31:12Z</time>
      </trkpt>
      <trkpt lat="43.240819" lon="-2.610596">
        <ele>553.838</ele>
        <time>2026-02-01T16:31:13Z</time>
      </trkpt>
      <trkpt lat="43.240847" lon="-2.610638">
        <ele>553.827</ele>
        <time>2026-02-01T16:31:14Z</time>
      </trkpt>
      <trkpt lat="43.240878" lon="-2.610674">
        <ele>553.696</ele>
        <time>2026-02-01T16:31:15Z</time>
      </trkpt>
      <trkpt lat="43.240911" lon="-2.610700">
        <ele>553.472</ele>
        <time>2026-02-01T16:31:16Z</time>
      </trkpt>
      <trkpt lat="43.240947" lon="-2.610707">
        <ele>553.413</ele>
        <time>2026-02-01T16:31:17Z</time>
      </trkpt>
      <trkpt lat="43.240982" lon="-2.610712">
        <ele>553.414</ele>
        <time>2026-02-01T16:31:18Z</time>
      </trkpt>
      <trkpt lat="43.241017" lon="-2.610719">
        <ele>553.609</ele>
        <time>2026-02-01T16:31:19Z</time>
      </trkpt>
      <trkpt lat="43.241049" lon="-2.610734">
        <ele>554.019</ele>
        <time>2026-02-01T16:31:20Z</time>
      </trkpt>
      <trkpt lat="43.241078" lon="-2.610751">
        <ele>554.491</ele>
        <time>2026-02-01T16:31:21Z</time>
      </trkpt>
      <trkpt lat="43.241111" lon="-2.610769">
        <ele>554.886</ele>
        <time>2026-02-01T16:31:22Z</time>
      </trkpt>
      <trkpt lat="43.241144" lon="-2.610783">
        <ele>555.067</ele>
        <time>2026-02-01T16:31:23Z</time>
      </trkpt>
      <trkpt lat="43.241182" lon="-2.610792">
        <ele>555.284</ele>
        <time>2026-02-01T16:31:24Z</time>
      </trkpt>
      <trkpt lat="43.241223" lon="-2.610798">
        <ele>555.039</ele>
        <time>2026-02-01T16:31:25Z</time>
      </trkpt>
      <trkpt lat="43.241265" lon="-2.610804">
        <ele>555.074</ele>
        <time>2026-02-01T16:31:26Z</time>
      </trkpt>
      <trkpt lat="43.241306" lon="-2.610813">
        <ele>554.823</ele>
        <time>2026-02-01T16:31:27Z</time>
      </trkpt>
      <trkpt lat="43.241345" lon="-2.610820">
        <ele>555.092</ele>
        <time>2026-02-01T16:31:28Z</time>
      </trkpt>
      <trkpt lat="43.241385" lon="-2.610828">
        <ele>555.227</ele>
        <time>2026-02-01T16:31:29Z</time>
      </trkpt>
      <trkpt lat="43.241422" lon="-2.610837">
        <ele>555.268</ele>
        <time>2026-02-01T16:31:30Z</time>
      </trkpt>
      <trkpt lat="43.241460" lon="-2.610842">
        <ele>555.214</ele>
        <time>2026-02-01T16:31:31Z</time>
      </trkpt>
      <trkpt lat="43.241500" lon="-2.610847">
        <ele>555.209</ele>
        <time>2026-02-01T16:31:32Z</time>
      </trkpt>
      <trkpt lat="43.241540" lon="-2.610853">
        <ele>555.424</ele>
        <time>2026-02-01T16:31:33Z</time>
      </trkpt>
      <trkpt lat="43.241577" lon="-2.610864">
        <ele>555.436</ele>
        <time>2026-02-01T16:31:34Z</time>
      </trkpt>
      <trkpt lat="43.241612" lon="-2.610879">
        <ele>555.431</ele>
        <time>2026-02-01T16:31:35Z</time>
      </trkpt>
      <trkpt lat="43.241646" lon="-2.610897">
        <ele>555.412</ele>
        <time>2026-02-01T16:31:36Z</time>
      </trkpt>
      <trkpt lat="43.241676" lon="-2.610919">
        <ele>555.619</ele>
        <time>2026-02-01T16:31:37Z</time>
      </trkpt>
      <trkpt lat="43.241707" lon="-2.610945">
        <ele>556.084</ele>
        <time>2026-02-01T16:31:38Z</time>
      </trkpt>
      <trkpt lat="43.241737" lon="-2.610972">
        <ele>556.229</ele>
        <time>2026-02-01T16:31:39Z</time>
      </trkpt>
      <trkpt lat="43.241765" lon="-2.610995">
        <ele>556.418</ele>
        <time>2026-02-01T16:31:40Z</time>
      </trkpt>
      <trkpt lat="43.241790" lon="-2.611022">
        <ele>556.667</ele>
        <time>2026-02-01T16:31:41Z</time>
      </trkpt>
      <trkpt lat="43.241810" lon="-2.611049">
        <ele>557.089</ele>
        <time>2026-02-01T16:31:42Z</time>
      </trkpt>
      <trkpt lat="43.241823" lon="-2.611075">
        <ele>557.006</ele>
        <time>2026-02-01T16:31:43Z</time>
      </trkpt>
      <trkpt lat="43.241831" lon="-2.611088">
        <ele>557.426</ele>
        <time>2026-02-01T16:31:44Z</time>
      </trkpt>
      <trkpt lat="43.241836" lon="-2.611103">
        <ele>557.609</ele>
        <time>2026-02-01T16:31:45Z</time>
      </trkpt>
      <trkpt lat="43.241845" lon="-2.611112">
        <ele>557.660</ele>
        <time>2026-02-01T16:31:46Z</time>
      </trkpt>
      <trkpt lat="43.241856" lon="-2.611122">
        <ele>557.672</ele>
        <time>2026-02-01T16:31:47Z</time>
      </trkpt>
      <trkpt lat="43.241873" lon="-2.611142">
        <ele>557.697</ele>
        <time>2026-02-01T16:31:48Z</time>
      </trkpt>
      <trkpt lat="43.241890" lon="-2.611166">
        <ele>557.428</ele>
        <time>2026-02-01T16:31:49Z</time>
      </trkpt>
      <trkpt lat="43.241914" lon="-2.611189">
        <ele>557.015</ele>
        <time>2026-02-01T16:31:50Z</time>
      </trkpt>
      <trkpt lat="43.241939" lon="-2.611215">
        <ele>557.040</ele>
        <time>2026-02-01T16:31:51Z</time>
      </trkpt>
      <trkpt lat="43.241966" lon="-2.611244">
        <ele>557.275</ele>
        <time>2026-02-01T16:31:52Z</time>
      </trkpt>
      <trkpt lat="43.241992" lon="-2.611269">
        <ele>557.224</ele>
        <time>2026-02-01T16:31:53Z</time>
      </trkpt>
      <trkpt lat="43.242016" lon="-2.611293">
        <ele>557.443</ele>
        <time>2026-02-01T16:31:54Z</time>
      </trkpt>
      <trkpt lat="43.242034" lon="-2.611310">
        <ele>557.679</ele>
        <time>2026-02-01T16:31:55Z</time>
      </trkpt>
      <trkpt lat="43.242047" lon="-2.611319">
        <ele>557.805</ele>
        <time>2026-02-01T16:31:56Z</time>
      </trkpt>
      <trkpt lat="43.242059" lon="-2.611324">
        <ele>557.825</ele>
        <time>2026-02-01T16:31:57Z</time>
      </trkpt>
      <trkpt lat="43.242067" lon="-2.611328">
        <ele>558.009</ele>
        <time>2026-02-01T16:31:58Z</time>
      </trkpt>
      <trkpt lat="43.242087" lon="-2.611342">
        <ele>558.049</ele>
        <time>2026-02-01T16:31:59Z</time>
      </trkpt>
      <trkpt lat="43.242108" lon="-2.611362">
        <ele>558.071</ele>
        <time>2026-02-01T16:32:00Z</time>
      </trkpt>
      <trkpt lat="43.242129" lon="-2.611385">
        <ele>558.056</ele>
        <time>2026-02-01T16:32:01Z</time>
      </trkpt>
      <trkpt lat="43.242157" lon="-2.611410">
        <ele>558.017</ele>
        <time>2026-02-01T16:32:02Z</time>
      </trkpt>
      <trkpt lat="43.242183" lon="-2.611438">
        <ele>558.034</ele>
        <time>2026-02-01T16:32:03Z</time>
      </trkpt>
      <trkpt lat="43.242213" lon="-2.611470">
        <ele>557.889</ele>
        <time>2026-02-01T16:32:04Z</time>
      </trkpt>
      <trkpt lat="43.242238" lon="-2.611502">
        <ele>557.624</ele>
        <time>2026-02-01T16:32:05Z</time>
      </trkpt>
      <trkpt lat="43.242267" lon="-2.611540">
        <ele>557.683</ele>
        <time>2026-02-01T16:32:06Z</time>
      </trkpt>
      <trkpt lat="43.242293" lon="-2.611579">
        <ele>557.482</ele>
        <time>2026-02-01T16:32:07Z</time>
      </trkpt>
      <trkpt lat="43.242316" lon="-2.611625">
        <ele>557.653</ele>
        <time>2026-02-01T16:32:08Z</time>
      </trkpt>
      <trkpt lat="43.242341" lon="-2.611673">
        <ele>557.404</ele>
        <time>2026-02-01T16:32:09Z</time>
      </trkpt>
      <trkpt lat="43.242363" lon="-2.611719">
        <ele>557.614</ele>
        <time>2026-02-01T16:32:10Z</time>
      </trkpt>
      <trkpt lat="43.242378" lon="-2.611768">
        <ele>557.609</ele>
        <time>2026-02-01T16:32:11Z</time>
      </trkpt>
      <trkpt lat="43.242392" lon="-2.611822">
        <ele>557.617</ele>
        <time>2026-02-01T16:32:12Z</time>
      </trkpt>
      <trkpt lat="43.242408" lon="-2.611876">
        <ele>557.899</ele>
        <time>2026-02-01T16:32:13Z</time>
      </trkpt>
      <trkpt lat="43.242429" lon="-2.611926">
        <ele>558.254</ele>
        <time>2026-02-01T16:32:14Z</time>
      </trkpt>
      <trkpt lat="43.242452" lon="-2.611978">
        <ele>558.635</ele>
        <time>2026-02-01T16:32:15Z</time>
      </trkpt>
      <trkpt lat="43.242469" lon="-2.612030">
        <ele>558.662</ele>
        <time>2026-02-01T16:32:16Z</time>
      </trkpt>
      <trkpt lat="43.242485" lon="-2.612087">
        <ele>558.817</ele>
        <time>2026-02-01T16:32:17Z</time>
      </trkpt>
      <trkpt lat="43.242499" lon="-2.612146">
        <ele>559.082</ele>
        <time>2026-02-01T16:32:18Z</time>
      </trkpt>
      <trkpt lat="43.242515" lon="-2.612206">
        <ele>559.041</ele>
        <time>2026-02-01T16:32:19Z</time>
      </trkpt>
      <trkpt lat="43.242532" lon="-2.612263">
        <ele>559.070</ele>
        <time>2026-02-01T16:32:20Z</time>
      </trkpt>
      <trkpt lat="43.242549" lon="-2.612316">
        <ele>559.495</ele>
        <time>2026-02-01T16:32:21Z</time>
      </trkpt>
      <trkpt lat="43.242561" lon="-2.612370">
        <ele>559.449</ele>
        <time>2026-02-01T16:32:22Z</time>
      </trkpt>
      <trkpt lat="43.242576" lon="-2.612421">
        <ele>559.623</ele>
        <time>2026-02-01T16:32:23Z</time>
      </trkpt>
      <trkpt lat="43.242595" lon="-2.612477">
        <ele>559.809</ele>
        <time>2026-02-01T16:32:24Z</time>
      </trkpt>
      <trkpt lat="43.242615" lon="-2.612528">
        <ele>560.271</ele>
        <time>2026-02-01T16:32:25Z</time>
      </trkpt>
      <trkpt lat="43.242636" lon="-2.612572">
        <ele>560.413</ele>
        <time>2026-02-01T16:32:26Z</time>
      </trkpt>
      <trkpt lat="43.242649" lon="-2.612613">
        <ele>560.688</ele>
        <time>2026-02-01T16:32:27Z</time>
      </trkpt>
      <trkpt lat="43.242667" lon="-2.612653">
        <ele>561.079</ele>
        <time>2026-02-01T16:32:28Z</time>
      </trkpt>
      <trkpt lat="43.242677" lon="-2.612694">
        <ele>561.686</ele>
        <time>2026-02-01T16:32:29Z</time>
      </trkpt>
      <trkpt lat="43.242692" lon="-2.612730">
        <ele>562.081</ele>
        <time>2026-02-01T16:32:30Z</time>
      </trkpt>
      <trkpt lat="43.242707" lon="-2.612763">
        <ele>562.416</ele>
        <time>2026-02-01T16:32:31Z</time>
      </trkpt>
      <trkpt lat="43.242721" lon="-2.612793">
        <ele>563.055</ele>
        <time>2026-02-01T16:32:32Z</time>
      </trkpt>
      <trkpt lat="43.242737" lon="-2.612823">
        <ele>563.634</ele>
        <time>2026-02-01T16:32:33Z</time>
      </trkpt>
      <trkpt lat="43.242752" lon="-2.612852">
        <ele>564.027</ele>
        <time>2026-02-01T16:32:34Z</time>
      </trkpt>
      <trkpt lat="43.242767" lon="-2.612880">
        <ele>564.468</ele>
        <time>2026-02-01T16:32:35Z</time>
      </trkpt>
      <trkpt lat="43.242782" lon="-2.612910">
        <ele>564.814</ele>
        <time>2026-02-01T16:32:36Z</time>
      </trkpt>
      <trkpt lat="43.242795" lon="-2.612940">
        <ele>565.209</ele>
        <time>2026-02-01T16:32:37Z</time>
      </trkpt>
      <trkpt lat="43.242809" lon="-2.612971">
        <ele>565.634</ele>
        <time>2026-02-01T16:32:38Z</time>
      </trkpt>
      <trkpt lat="43.242825" lon="-2.613001">
        <ele>566.076</ele>
        <time>2026-02-01T16:32:39Z</time>
      </trkpt>
      <trkpt lat="43.242840" lon="-2.613029">
        <ele>566.461</ele>
        <time>2026-02-01T16:32:40Z</time>
      </trkpt>
      <trkpt lat="43.242853" lon="-2.613061">
        <ele>566.642</ele>
        <time>2026-02-01T16:32:41Z</time>
      </trkpt>
      <trkpt lat="43.242863" lon="-2.613095">
        <ele>566.879</ele>
        <time>2026-02-01T16:32:42Z</time>
      </trkpt>
      <trkpt lat="43.242874" lon="-2.613131">
        <ele>567.014</ele>
        <time>2026-02-01T16:32:43Z</time>
      </trkpt>
      <trkpt lat="43.242884" lon="-2.613161">
        <ele>567.269</ele>
        <time>2026-02-01T16:32:44Z</time>
      </trkpt>
      <trkpt lat="43.242897" lon="-2.613194">
        <ele>567.468</ele>
        <time>2026-02-01T16:32:45Z</time>
      </trkpt>
      <trkpt lat="43.242910" lon="-2.613227">
        <ele>567.697</ele>
        <time>2026-02-01T16:32:46Z</time>
      </trkpt>
      <trkpt lat="43.242920" lon="-2.613258">
        <ele>567.872</ele>
        <time>2026-02-01T16:32:47Z</time>
      </trkpt>
      <trkpt lat="43.242931" lon="-2.613293">
        <ele>568.013</ele>
        <time>2026-02-01T16:32:48Z</time>
      </trkpt>
      <trkpt lat="43.242943" lon="-2.613327">
        <ele>568.014</ele>
        <time>2026-02-01T16:32:49Z</time>
      </trkpt>
      <trkpt lat="43.242955" lon="-2.613357">
        <ele>568.009</ele>
        <time>2026-02-01T16:32:50Z</time>
      </trkpt>
      <trkpt lat="43.242963" lon="-2.613379">
        <ele>568.299</ele>
        <time>2026-02-01T16:32:51Z</time>
      </trkpt>
      <trkpt lat="43.242972" lon="-2.613403">
        <ele>568.061</ele>
        <time>2026-02-01T16:32:52Z</time>
      </trkpt>
      <trkpt lat="43.242979" lon="-2.613423">
        <ele>568.056</ele>
        <time>2026-02-01T16:32:53Z</time>
      </trkpt>
      <trkpt lat="43.242987" lon="-2.613441">
        <ele>568.287</ele>
        <time>2026-02-01T16:32:54Z</time>
      </trkpt>
      <trkpt lat="43.242987" lon="-2.613449">
        <ele>568.284</ele>
        <time>2026-02-01T16:32:55Z</time>
      </trkpt>
      <trkpt lat="43.242991" lon="-2.613465">
        <ele>568.479</ele>
        <time>2026-02-01T16:32:56Z</time>
      </trkpt>
      <trkpt lat="43.242988" lon="-2.613482">
        <ele>568.494</ele>
        <time>2026-02-01T16:32:57Z</time>
      </trkpt>
      <trkpt lat="43.242991" lon="-2.613507">
        <ele>568.463</ele>
        <time>2026-02-01T16:32:58Z</time>
      </trkpt>
      <trkpt lat="43.243001" lon="-2.613523">
        <ele>568.082</ele>
        <time>2026-02-01T16:32:59Z</time>
      </trkpt>
      <trkpt lat="43.243007" lon="-2.613550">
        <ele>567.854</ele>
        <time>2026-02-01T16:33:00Z</time>
      </trkpt>
      <trkpt lat="43.243016" lon="-2.613578">
        <ele>567.656</ele>
        <time>2026-02-01T16:33:01Z</time>
      </trkpt>
      <trkpt lat="43.243030" lon="-2.613608">
        <ele>567.411</ele>
        <time>2026-02-01T16:33:02Z</time>
      </trkpt>
      <trkpt lat="43.243043" lon="-2.613640">
        <ele>567.209</ele>
        <time>2026-02-01T16:33:03Z</time>
      </trkpt>
      <trkpt lat="43.243054" lon="-2.613676">
        <ele>567.287</ele>
        <time>2026-02-01T16:33:04Z</time>
      </trkpt>
      <trkpt lat="43.243063" lon="-2.613710">
        <ele>567.219</ele>
        <time>2026-02-01T16:33:05Z</time>
      </trkpt>
      <trkpt lat="43.243072" lon="-2.613745">
        <ele>567.274</ele>
        <time>2026-02-01T16:33:06Z</time>
      </trkpt>
      <trkpt lat="43.243074" lon="-2.613781">
        <ele>567.225</ele>
        <time>2026-02-01T16:33:07Z</time>
      </trkpt>
      <trkpt lat="43.243080" lon="-2.613813">
        <ele>567.022</ele>
        <time>2026-02-01T16:33:08Z</time>
      </trkpt>
      <trkpt lat="43.243086" lon="-2.613837">
        <ele>567.067</ele>
        <time>2026-02-01T16:33:09Z</time>
      </trkpt>
      <trkpt lat="43.243084" lon="-2.613865">
        <ele>567.012</ele>
        <time>2026-02-01T16:33:10Z</time>
      </trkpt>
      <trkpt lat="43.243071" lon="-2.613884">
        <ele>567.071</ele>
        <time>2026-02-01T16:33:11Z</time>
      </trkpt>
      <trkpt lat="43.243049" lon="-2.613891">
        <ele>567.050</ele>
        <time>2026-02-01T16:33:12Z</time>
      </trkpt>
      <trkpt lat="43.243024" lon="-2.613894">
        <ele>567.018</ele>
        <time>2026-02-01T16:33:13Z</time>
      </trkpt>
      <trkpt lat="43.243000" lon="-2.613895">
        <ele>567.098</ele>
        <time>2026-02-01T16:33:14Z</time>
      </trkpt>
      <trkpt lat="43.242973" lon="-2.613902">
        <ele>567.017</ele>
        <time>2026-02-01T16:33:15Z</time>
      </trkpt>
      <trkpt lat="43.242947" lon="-2.613913">
        <ele>567.209</ele>
        <time>2026-02-01T16:33:16Z</time>
      </trkpt>
      <trkpt lat="43.242923" lon="-2.613921">
        <ele>567.493</ele>
        <time>2026-02-01T16:33:17Z</time>
      </trkpt>
      <trkpt lat="43.242898" lon="-2.613926">
        <ele>567.645</ele>
        <time>2026-02-01T16:33:18Z</time>
      </trkpt>
      <trkpt lat="43.242870" lon="-2.613931">
        <ele>567.860</ele>
        <time>2026-02-01T16:33:19Z</time>
      </trkpt>
      <trkpt lat="43.242843" lon="-2.613937">
        <ele>568.011</ele>
        <time>2026-02-01T16:33:20Z</time>
      </trkpt>
      <trkpt lat="43.242816" lon="-2.613944">
        <ele>568.488</ele>
        <time>2026-02-01T16:33:21Z</time>
      </trkpt>
      <trkpt lat="43.242791" lon="-2.613951">
        <ele>568.653</ele>
        <time>2026-02-01T16:33:22Z</time>
      </trkpt>
      <trkpt lat="43.242767" lon="-2.613961">
        <ele>569.048</ele>
        <time>2026-02-01T16:33:23Z</time>
      </trkpt>
      <trkpt lat="43.242744" lon="-2.613973">
        <ele>569.437</ele>
        <time>2026-02-01T16:33:24Z</time>
      </trkpt>
      <trkpt lat="43.242725" lon="-2.613982">
        <ele>569.626</ele>
        <time>2026-02-01T16:33:25Z</time>
      </trkpt>
      <trkpt lat="43.242703" lon="-2.613989">
        <ele>570.016</ele>
        <time>2026-02-01T16:33:26Z</time>
      </trkpt>
      <trkpt lat="43.242684" lon="-2.614000">
        <ele>570.476</ele>
        <time>2026-02-01T16:33:27Z</time>
      </trkpt>
      <trkpt lat="43.242669" lon="-2.614014">
        <ele>570.613</ele>
        <time>2026-02-01T16:33:28Z</time>
      </trkpt>
      <trkpt lat="43.242649" lon="-2.614023">
        <ele>571.009</ele>
        <time>2026-02-01T16:33:29Z</time>
      </trkpt>
      <trkpt lat="43.242627" lon="-2.614032">
        <ele>571.233</ele>
        <time>2026-02-01T16:33:30Z</time>
      </trkpt>
      <trkpt lat="43.242608" lon="-2.614040">
        <ele>571.675</ele>
        <time>2026-02-01T16:33:31Z</time>
      </trkpt>
      <trkpt lat="43.242584" lon="-2.614048">
        <ele>572.020</ele>
        <time>2026-02-01T16:33:32Z</time>
      </trkpt>
      <trkpt lat="43.242563" lon="-2.614055">
        <ele>572.441</ele>
        <time>2026-02-01T16:33:33Z</time>
      </trkpt>
      <trkpt lat="43.242543" lon="-2.614070">
        <ele>572.648</ele>
        <time>2026-02-01T16:33:34Z</time>
      </trkpt>
      <trkpt lat="43.242524" lon="-2.614089">
        <ele>572.883</ele>
        <time>2026-02-01T16:33:35Z</time>
      </trkpt>
      <trkpt lat="43.242510" lon="-2.614105">
        <ele>573.078</ele>
        <time>2026-02-01T16:33:36Z</time>
      </trkpt>
      <trkpt lat="43.242491" lon="-2.614113">
        <ele>573.277</ele>
        <time>2026-02-01T16:33:37Z</time>
      </trkpt>
      <trkpt lat="43.242472" lon="-2.614111">
        <ele>573.466</ele>
        <time>2026-02-01T16:33:38Z</time>
      </trkpt>
      <trkpt lat="43.242449" lon="-2.614114">
        <ele>573.889</ele>
        <time>2026-02-01T16:33:39Z</time>
      </trkpt>
      <trkpt lat="43.242428" lon="-2.614124">
        <ele>574.206</ele>
        <time>2026-02-01T16:33:40Z</time>
      </trkpt>
      <trkpt lat="43.242410" lon="-2.614140">
        <ele>574.826</ele>
        <time>2026-02-01T16:33:41Z</time>
      </trkpt>
      <trkpt lat="43.242394" lon="-2.614153">
        <ele>575.009</ele>
        <time>2026-02-01T16:33:42Z</time>
      </trkpt>
      <trkpt lat="43.242377" lon="-2.614168">
        <ele>575.450</ele>
        <time>2026-02-01T16:33:43Z</time>
      </trkpt>
      <trkpt lat="43.242360" lon="-2.614184">
        <ele>575.662</ele>
        <time>2026-02-01T16:33:44Z</time>
      </trkpt>
      <trkpt lat="43.242343" lon="-2.614200">
        <ele>576.067</ele>
        <time>2026-02-01T16:33:45Z</time>
      </trkpt>
      <trkpt lat="43.242328" lon="-2.614212">
        <ele>576.478</ele>
        <time>2026-02-01T16:33:46Z</time>
      </trkpt>
      <trkpt lat="43.242308" lon="-2.614224">
        <ele>576.825</ele>
        <time>2026-02-01T16:33:47Z</time>
      </trkpt>
      <trkpt lat="43.242287" lon="-2.614237">
        <ele>577.240</ele>
        <time>2026-02-01T16:33:48Z</time>
      </trkpt>
      <trkpt lat="43.242271" lon="-2.614257">
        <ele>577.645</ele>
        <time>2026-02-01T16:33:49Z</time>
      </trkpt>
      <trkpt lat="43.242257" lon="-2.614279">
        <ele>577.874</ele>
        <time>2026-02-01T16:33:50Z</time>
      </trkpt>
      <trkpt lat="43.242242" lon="-2.614302">
        <ele>578.023</ele>
        <time>2026-02-01T16:33:51Z</time>
      </trkpt>
      <trkpt lat="43.242229" lon="-2.614321">
        <ele>578.442</ele>
        <time>2026-02-01T16:33:52Z</time>
      </trkpt>
      <trkpt lat="43.242214" lon="-2.614341">
        <ele>578.822</ele>
        <time>2026-02-01T16:33:53Z</time>
      </trkpt>
      <trkpt lat="43.242200" lon="-2.614363">
        <ele>579.214</ele>
        <time>2026-02-01T16:33:54Z</time>
      </trkpt>
      <trkpt lat="43.242188" lon="-2.614385">
        <ele>579.609</ele>
        <time>2026-02-01T16:33:55Z</time>
      </trkpt>
      <trkpt lat="43.242174" lon="-2.614407">
        <ele>579.876</ele>
        <time>2026-02-01T16:33:56Z</time>
      </trkpt>
      <trkpt lat="43.242161" lon="-2.614428">
        <ele>580.028</ele>
        <time>2026-02-01T16:33:57Z</time>
      </trkpt>
      <trkpt lat="43.242147" lon="-2.614451">
        <ele>580.243</ele>
        <time>2026-02-01T16:33:58Z</time>
      </trkpt>
      <trkpt lat="43.242133" lon="-2.614474">
        <ele>580.624</ele>
        <time>2026-02-01T16:33:59Z</time>
      </trkpt>
      <trkpt lat="43.242122" lon="-2.614497">
        <ele>581.061</ele>
        <time>2026-02-01T16:34:00Z</time>
      </trkpt>
      <trkpt lat="43.242110" lon="-2.614519">
        <ele>581.246</ele>
        <time>2026-02-01T16:34:01Z</time>
      </trkpt>
      <trkpt lat="43.242099" lon="-2.614540">
        <ele>581.661</ele>
        <time>2026-02-01T16:34:02Z</time>
      </trkpt>
      <trkpt lat="43.242089" lon="-2.614561">
        <ele>582.090</ele>
        <time>2026-02-01T16:34:03Z</time>
      </trkpt>
      <trkpt lat="43.242075" lon="-2.614584">
        <ele>582.459</ele>
        <time>2026-02-01T16:34:04Z</time>
      </trkpt>
      <trkpt lat="43.242061" lon="-2.614610">
        <ele>582.855</ele>
        <time>2026-02-01T16:34:05Z</time>
      </trkpt>
      <trkpt lat="43.242049" lon="-2.614635">
        <ele>583.207</ele>
        <time>2026-02-01T16:34:06Z</time>
      </trkpt>
      <trkpt lat="43.242038" lon="-2.614659">
        <ele>583.417</ele>
        <time>2026-02-01T16:34:07Z</time>
      </trkpt>
      <trkpt lat="43.242028" lon="-2.614682">
        <ele>583.809</ele>
        <time>2026-02-01T16:34:08Z</time>
      </trkpt>
      <trkpt lat="43.242015" lon="-2.614707">
        <ele>584.267</ele>
        <time>2026-02-01T16:34:09Z</time>
      </trkpt>
      <trkpt lat="43.242002" lon="-2.614732">
        <ele>584.629</ele>
        <time>2026-02-01T16:34:10Z</time>
      </trkpt>
      <trkpt lat="43.241988" lon="-2.614753">
        <ele>585.074</ele>
        <time>2026-02-01T16:34:11Z</time>
      </trkpt>
      <trkpt lat="43.241977" lon="-2.614776">
        <ele>585.495</ele>
        <time>2026-02-01T16:34:12Z</time>
      </trkpt>
      <trkpt lat="43.241967" lon="-2.614800">
        <ele>585.652</ele>
        <time>2026-02-01T16:34:13Z</time>
      </trkpt>
      <trkpt lat="43.241957" lon="-2.614823">
        <ele>586.067</ele>
        <time>2026-02-01T16:34:14Z</time>
      </trkpt>
      <trkpt lat="43.241948" lon="-2.614848">
        <ele>586.232</ele>
        <time>2026-02-01T16:34:15Z</time>
      </trkpt>
      <trkpt lat="43.241935" lon="-2.614873">
        <ele>586.461</ele>
        <time>2026-02-01T16:34:16Z</time>
      </trkpt>
      <trkpt lat="43.241921" lon="-2.614897">
        <ele>586.840</ele>
        <time>2026-02-01T16:34:17Z</time>
      </trkpt>
      <trkpt lat="43.241906" lon="-2.614921">
        <ele>587.082</ele>
        <time>2026-02-01T16:34:18Z</time>
      </trkpt>
      <trkpt lat="43.241893" lon="-2.614946">
        <ele>587.243</ele>
        <time>2026-02-01T16:34:19Z</time>
      </trkpt>
      <trkpt lat="43.241881" lon="-2.614971">
        <ele>587.617</ele>
        <time>2026-02-01T16:34:20Z</time>
      </trkpt>
      <trkpt lat="43.241872" lon="-2.614994">
        <ele>587.809</ele>
        <time>2026-02-01T16:34:21Z</time>
      </trkpt>
      <trkpt lat="43.241862" lon="-2.615017">
        <ele>588.010</ele>
        <time>2026-02-01T16:34:22Z</time>
      </trkpt>
      <trkpt lat="43.241849" lon="-2.615043">
        <ele>588.212</ele>
        <time>2026-02-01T16:34:23Z</time>
      </trkpt>
      <trkpt lat="43.241835" lon="-2.615069">
        <ele>588.487</ele>
        <time>2026-02-01T16:34:24Z</time>
      </trkpt>
      <trkpt lat="43.241823" lon="-2.615095">
        <ele>588.668</ele>
        <time>2026-02-01T16:34:25Z</time>
      </trkpt>
      <trkpt lat="43.241813" lon="-2.615123">
        <ele>588.855</ele>
        <time>2026-02-01T16:34:26Z</time>
      </trkpt>
      <trkpt lat="43.241805" lon="-2.615149">
        <ele>589.040</ele>
        <time>2026-02-01T16:34:27Z</time>
      </trkpt>
      <trkpt lat="43.241796" lon="-2.615177">
        <ele>589.255</ele>
        <time>2026-02-01T16:34:28Z</time>
      </trkpt>
      <trkpt lat="43.241786" lon="-2.615204">
        <ele>589.694</ele>
        <time>2026-02-01T16:34:29Z</time>
      </trkpt>
      <trkpt lat="43.241775" lon="-2.615228">
        <ele>589.863</ele>
        <time>2026-02-01T16:34:30Z</time>
      </trkpt>
      <trkpt lat="43.241760" lon="-2.615248">
        <ele>590.217</ele>
        <time>2026-02-01T16:34:31Z</time>
      </trkpt>
      <trkpt lat="43.241745" lon="-2.615274">
        <ele>590.487</ele>
        <time>2026-02-01T16:34:32Z</time>
      </trkpt>
      <trkpt lat="43.241734" lon="-2.615301">
        <ele>590.615</ele>
        <time>2026-02-01T16:34:33Z</time>
      </trkpt>
      <trkpt lat="43.241725" lon="-2.615323">
        <ele>590.809</ele>
        <time>2026-02-01T16:34:34Z</time>
      </trkpt>
      <trkpt lat="43.241714" lon="-2.615351">
        <ele>591.053</ele>
        <time>2026-02-01T16:34:35Z</time>
      </trkpt>
      <trkpt lat="43.241705" lon="-2.615375">
        <ele>591.275</ele>
        <time>2026-02-01T16:34:36Z</time>
      </trkpt>
      <trkpt lat="43.241694" lon="-2.615401">
        <ele>591.460</ele>
        <time>2026-02-01T16:34:37Z</time>
      </trkpt>
      <trkpt lat="43.241685" lon="-2.615429">
        <ele>591.661</ele>
        <time>2026-02-01T16:34:38Z</time>
      </trkpt>
      <trkpt lat="43.241678" lon="-2.615454">
        <ele>591.888</ele>
        <time>2026-02-01T16:34:39Z</time>
      </trkpt>
      <trkpt lat="43.241669" lon="-2.615476">
        <ele>592.013</ele>
        <time>2026-02-01T16:34:40Z</time>
      </trkpt>
      <trkpt lat="43.241656" lon="-2.615503">
        <ele>592.298</ele>
        <time>2026-02-01T16:34:41Z</time>
      </trkpt>
      <trkpt lat="43.241641" lon="-2.615525">
        <ele>592.687</ele>
        <time>2026-02-01T16:34:42Z</time>
      </trkpt>
      <trkpt lat="43.241628" lon="-2.615545">
        <ele>592.876</ele>
        <time>2026-02-01T16:34:43Z</time>
      </trkpt>
      <trkpt lat="43.241618" lon="-2.615569">
        <ele>593.066</ele>
        <time>2026-02-01T16:34:44Z</time>
      </trkpt>
      <trkpt lat="43.241605" lon="-2.615594">
        <ele>593.229</ele>
        <time>2026-02-01T16:34:45Z</time>
      </trkpt>
      <trkpt lat="43.241592" lon="-2.615615">
        <ele>593.421</ele>
        <time>2026-02-01T16:34:46Z</time>
      </trkpt>
      <trkpt lat="43.241579" lon="-2.615633">
        <ele>593.809</ele>
        <time>2026-02-01T16:34:47Z</time>
      </trkpt>
      <trkpt lat="43.241567" lon="-2.615660">
        <ele>594.038</ele>
        <time>2026-02-01T16:34:48Z</time>
      </trkpt>
      <trkpt lat="43.241561" lon="-2.615690">
        <ele>594.030</ele>
        <time>2026-02-01T16:34:49Z</time>
      </trkpt>
      <trkpt lat="43.241551" lon="-2.615713">
        <ele>594.225</ele>
        <time>2026-02-01T16:34:50Z</time>
      </trkpt>
      <trkpt lat="43.241538" lon="-2.615733">
        <ele>594.476</ele>
        <time>2026-02-01T16:34:51Z</time>
      </trkpt>
      <trkpt lat="43.241523" lon="-2.615754">
        <ele>594.613</ele>
        <time>2026-02-01T16:34:52Z</time>
      </trkpt>
      <trkpt lat="43.241509" lon="-2.615780">
        <ele>594.898</ele>
        <time>2026-02-01T16:34:53Z</time>
      </trkpt>
      <trkpt lat="43.241498" lon="-2.615809">
        <ele>595.213</ele>
        <time>2026-02-01T16:34:54Z</time>
      </trkpt>
      <trkpt lat="43.241486" lon="-2.615836">
        <ele>595.442</ele>
        <time>2026-02-01T16:34:55Z</time>
      </trkpt>
      <trkpt lat="43.241475" lon="-2.615860">
        <ele>595.651</ele>
        <time>2026-02-01T16:34:56Z</time>
      </trkpt>
      <trkpt lat="43.241464" lon="-2.615886">
        <ele>595.819</ele>
        <time>2026-02-01T16:34:57Z</time>
      </trkpt>
      <trkpt lat="43.241452" lon="-2.615915">
        <ele>596.209</ele>
        <time>2026-02-01T16:34:58Z</time>
      </trkpt>
      <trkpt lat="43.241442" lon="-2.615939">
        <ele>596.619</ele>
        <time>2026-02-01T16:34:59Z</time>
      </trkpt>
      <trkpt lat="43.241433" lon="-2.615965">
        <ele>596.809</ele>
        <time>2026-02-01T16:35:00Z</time>
      </trkpt>
      <trkpt lat="43.241423" lon="-2.615988">
        <ele>597.273</ele>
        <time>2026-02-01T16:35:01Z</time>
      </trkpt>
      <trkpt lat="43.241408" lon="-2.616011">
        <ele>597.445</ele>
        <time>2026-02-01T16:35:02Z</time>
      </trkpt>
      <trkpt lat="43.241394" lon="-2.616033">
        <ele>597.680</ele>
        <time>2026-02-01T16:35:03Z</time>
      </trkpt>
      <trkpt lat="43.241380" lon="-2.616059">
        <ele>597.861</ele>
        <time>2026-02-01T16:35:04Z</time>
      </trkpt>
      <trkpt lat="43.241371" lon="-2.616085">
        <ele>598.288</ele>
        <time>2026-02-01T16:35:05Z</time>
      </trkpt>
      <trkpt lat="43.241364" lon="-2.616111">
        <ele>598.473</ele>
        <time>2026-02-01T16:35:06Z</time>
      </trkpt>
      <trkpt lat="43.241357" lon="-2.616137">
        <ele>598.628</ele>
        <time>2026-02-01T16:35:07Z</time>
      </trkpt>
      <trkpt lat="43.241347" lon="-2.616159">
        <ele>599.047</ele>
        <time>2026-02-01T16:35:08Z</time>
      </trkpt>
      <trkpt lat="43.241336" lon="-2.616180">
        <ele>599.456</ele>
        <time>2026-02-01T16:35:09Z</time>
      </trkpt>
      <trkpt lat="43.241322" lon="-2.616198">
        <ele>599.611</ele>
        <time>2026-02-01T16:35:10Z</time>
      </trkpt>
      <trkpt lat="43.241306" lon="-2.616207">
        <ele>600.021</ele>
        <time>2026-02-01T16:35:11Z</time>
      </trkpt>
      <trkpt lat="43.241286" lon="-2.616213">
        <ele>600.403</ele>
        <time>2026-02-01T16:35:12Z</time>
      </trkpt>
      <trkpt lat="43.241268" lon="-2.616212">
        <ele>600.809</ele>
        <time>2026-02-01T16:35:13Z</time>
      </trkpt>
      <trkpt lat="43.241253" lon="-2.616199">
        <ele>601.293</ele>
        <time>2026-02-01T16:35:14Z</time>
      </trkpt>
      <trkpt lat="43.241243" lon="-2.616181">
        <ele>601.895</ele>
        <time>2026-02-01T16:35:15Z</time>
      </trkpt>
      <trkpt lat="43.241236" lon="-2.616157">
        <ele>602.250</ele>
        <time>2026-02-01T16:35:16Z</time>
      </trkpt>
      <trkpt lat="43.241231" lon="-2.616131">
        <ele>602.451</ele>
        <time>2026-02-01T16:35:17Z</time>
      </trkpt>
      <trkpt lat="43.241231" lon="-2.616103">
        <ele>602.858</ele>
        <time>2026-02-01T16:35:18Z</time>
      </trkpt>
      <trkpt lat="43.241235" lon="-2.616072">
        <ele>603.053</ele>
        <time>2026-02-01T16:35:19Z</time>
      </trkpt>
      <trkpt lat="43.241241" lon="-2.616047">
        <ele>603.218</ele>
        <time>2026-02-01T16:35:20Z</time>
      </trkpt>
      <trkpt lat="43.241243" lon="-2.616018">
        <ele>603.217</ele>
        <time>2026-02-01T16:35:21Z</time>
      </trkpt>
      <trkpt lat="43.241247" lon="-2.615991">
        <ele>603.296</ele>
        <time>2026-02-01T16:35:22Z</time>
      </trkpt>
      <trkpt lat="43.241257" lon="-2.615963">
        <ele>603.077</ele>
        <time>2026-02-01T16:35:23Z</time>
      </trkpt>
      <trkpt lat="43.241273" lon="-2.615940">
        <ele>603.261</ele>
        <time>2026-02-01T16:35:24Z</time>
      </trkpt>
      <trkpt lat="43.241287" lon="-2.615926">
        <ele>603.427</ele>
        <time>2026-02-01T16:35:25Z</time>
      </trkpt>
      <trkpt lat="43.241297" lon="-2.615901">
        <ele>603.609</ele>
        <time>2026-02-01T16:35:26Z</time>
      </trkpt>
      <trkpt lat="43.241305" lon="-2.615876">
        <ele>604.099</ele>
        <time>2026-02-01T16:35:27Z</time>
      </trkpt>
      <trkpt lat="43.241317" lon="-2.615849">
        <ele>604.251</ele>
        <time>2026-02-01T16:35:28Z</time>
      </trkpt>
      <trkpt lat="43.241329" lon="-2.615826">
        <ele>604.446</ele>
        <time>2026-02-01T16:35:29Z</time>
      </trkpt>
      <trkpt lat="43.241340" lon="-2.615798">
        <ele>604.637</ele>
        <time>2026-02-01T16:35:30Z</time>
      </trkpt>
      <trkpt lat="43.241348" lon="-2.615775">
        <ele>604.854</ele>
        <time>2026-02-01T16:35:31Z</time>
      </trkpt>
      <trkpt lat="43.241358" lon="-2.615747">
        <ele>604.819</ele>
        <time>2026-02-01T16:35:32Z</time>
      </trkpt>
      <trkpt lat="43.241366" lon="-2.615714">
        <ele>605.034</ele>
        <time>2026-02-01T16:35:33Z</time>
      </trkpt>
      <trkpt lat="43.241369" lon="-2.615684">
        <ele>605.283</ele>
        <time>2026-02-01T16:35:34Z</time>
      </trkpt>
      <trkpt lat="43.241371" lon="-2.615653">
        <ele>605.452</ele>
        <time>2026-02-01T16:35:35Z</time>
      </trkpt>
      <trkpt lat="43.241374" lon="-2.615621">
        <ele>605.664</ele>
        <time>2026-02-01T16:35:36Z</time>
      </trkpt>
      <trkpt lat="43.241380" lon="-2.615593">
        <ele>605.806</ele>
        <time>2026-02-01T16:35:37Z</time>
      </trkpt>
      <trkpt lat="43.241387" lon="-2.615562">
        <ele>606.016</ele>
        <time>2026-02-01T16:35:38Z</time>
      </trkpt>
      <trkpt lat="43.241392" lon="-2.615531">
        <ele>606.209</ele>
        <time>2026-02-01T16:35:39Z</time>
      </trkpt>
      <trkpt lat="43.241395" lon="-2.615501">
        <ele>606.238</ele>
        <time>2026-02-01T16:35:40Z</time>
      </trkpt>
      <trkpt lat="43.241398" lon="-2.615468">
        <ele>606.460</ele>
        <time>2026-02-01T16:35:41Z</time>
      </trkpt>
      <trkpt lat="43.241398" lon="-2.615436">
        <ele>606.675</ele>
        <time>2026-02-01T16:35:42Z</time>
      </trkpt>
      <trkpt lat="43.241398" lon="-2.615407">
        <ele>606.896</ele>
        <time>2026-02-01T16:35:43Z</time>
      </trkpt>
      <trkpt lat="43.241399" lon="-2.615378">
        <ele>607.073</ele>
        <time>2026-02-01T16:35:44Z</time>
      </trkpt>
      <trkpt lat="43.241398" lon="-2.615348">
        <ele>607.288</ele>
        <time>2026-02-01T16:35:45Z</time>
      </trkpt>
      <trkpt lat="43.241397" lon="-2.615316">
        <ele>607.483</ele>
        <time>2026-02-01T16:35:46Z</time>
      </trkpt>
      <trkpt lat="43.241396" lon="-2.615283">
        <ele>607.472</ele>
        <time>2026-02-01T16:35:47Z</time>
      </trkpt>
      <trkpt lat="43.241394" lon="-2.615254">
        <ele>607.861</ele>
        <time>2026-02-01T16:35:48Z</time>
      </trkpt>
      <trkpt lat="43.241388" lon="-2.615227">
        <ele>608.054</ele>
        <time>2026-02-01T16:35:49Z</time>
      </trkpt>
      <trkpt lat="43.241389" lon="-2.615194">
        <ele>608.056</ele>
        <time>2026-02-01T16:35:50Z</time>
      </trkpt>
      <trkpt lat="43.241386" lon="-2.615159">
        <ele>608.211</ele>
        <time>2026-02-01T16:35:51Z</time>
      </trkpt>
      <trkpt lat="43.241384" lon="-2.615129">
        <ele>608.409</ele>
        <time>2026-02-01T16:35:52Z</time>
      </trkpt>
      <trkpt lat="43.241387" lon="-2.615106">
        <ele>608.677</ele>
        <time>2026-02-01T16:35:53Z</time>
      </trkpt>
      <trkpt lat="43.241387" lon="-2.615080">
        <ele>608.819</ele>
        <time>2026-02-01T16:35:54Z</time>
      </trkpt>
      <trkpt lat="43.241387" lon="-2.615053">
        <ele>609.234</ele>
        <time>2026-02-01T16:35:55Z</time>
      </trkpt>
      <trkpt lat="43.241386" lon="-2.615021">
        <ele>609.635</ele>
        <time>2026-02-01T16:35:56Z</time>
      </trkpt>
      <trkpt lat="43.241382" lon="-2.614991">
        <ele>609.812</ele>
        <time>2026-02-01T16:35:57Z</time>
      </trkpt>
      <trkpt lat="43.241376" lon="-2.614958">
        <ele>610.257</ele>
        <time>2026-02-01T16:35:58Z</time>
      </trkpt>
      <trkpt lat="43.241369" lon="-2.614926">
        <ele>610.412</ele>
        <time>2026-02-01T16:35:59Z</time>
      </trkpt>
      <trkpt lat="43.241364" lon="-2.614900">
        <ele>610.881</ele>
        <time>2026-02-01T16:36:00Z</time>
      </trkpt>
      <trkpt lat="43.241358" lon="-2.614871">
        <ele>611.250</ele>
        <time>2026-02-01T16:36:01Z</time>
      </trkpt>
      <trkpt lat="43.241352" lon="-2.614844">
        <ele>611.472</ele>
        <time>2026-02-01T16:36:02Z</time>
      </trkpt>
      <trkpt lat="43.241345" lon="-2.614817">
        <ele>611.813</ele>
        <time>2026-02-01T16:36:03Z</time>
      </trkpt>
      <trkpt lat="43.241336" lon="-2.614788">
        <ele>612.014</ele>
        <time>2026-02-01T16:36:04Z</time>
      </trkpt>
      <trkpt lat="43.241329" lon="-2.614760">
        <ele>612.409</ele>
        <time>2026-02-01T16:36:05Z</time>
      </trkpt>
      <trkpt lat="43.241321" lon="-2.614728">
        <ele>612.619</ele>
        <time>2026-02-01T16:36:06Z</time>
      </trkpt>
      <trkpt lat="43.241311" lon="-2.614703">
        <ele>612.611</ele>
        <time>2026-02-01T16:36:07Z</time>
      </trkpt>
      <trkpt lat="43.241298" lon="-2.614673">
        <ele>612.696</ele>
        <time>2026-02-01T16:36:08Z</time>
      </trkpt>
      <trkpt lat="43.241288" lon="-2.614641">
        <ele>612.887</ele>
        <time>2026-02-01T16:36:09Z</time>
      </trkpt>
      <trkpt lat="43.241284" lon="-2.614608">
        <ele>613.094</ele>
        <time>2026-02-01T16:36:10Z</time>
      </trkpt>
      <trkpt lat="43.241276" lon="-2.614581">
        <ele>613.249</ele>
        <time>2026-02-01T16:36:11Z</time>
      </trkpt>
      <trkpt lat="43.241267" lon="-2.614555">
        <ele>613.814</ele>
        <time>2026-02-01T16:36:12Z</time>
      </trkpt>
      <trkpt lat="43.241256" lon="-2.614528">
        <ele>614.273</ele>
        <time>2026-02-01T16:36:13Z</time>
      </trkpt>
      <trkpt lat="43.241247" lon="-2.614507">
        <ele>614.632</ele>
        <time>2026-02-01T16:36:14Z</time>
      </trkpt>
      <trkpt lat="43.241238" lon="-2.614485">
        <ele>615.011</ele>
        <time>2026-02-01T16:36:15Z</time>
      </trkpt>
      <trkpt lat="43.241225" lon="-2.614460">
        <ele>615.221</ele>
        <time>2026-02-01T16:36:16Z</time>
      </trkpt>
      <trkpt lat="43.241212" lon="-2.614437">
        <ele>615.603</ele>
        <time>2026-02-01T16:36:17Z</time>
      </trkpt>
      <trkpt lat="43.241198" lon="-2.614413">
        <ele>615.809</ele>
        <time>2026-02-01T16:36:18Z</time>
      </trkpt>
      <trkpt lat="43.241187" lon="-2.614390">
        <ele>616.243</ele>
        <time>2026-02-01T16:36:19Z</time>
      </trkpt>
      <trkpt lat="43.241176" lon="-2.614369">
        <ele>616.655</ele>
        <time>2026-02-01T16:36:20Z</time>
      </trkpt>
      <trkpt lat="43.241165" lon="-2.614344">
        <ele>617.040</ele>
        <time>2026-02-01T16:36:21Z</time>
      </trkpt>
      <trkpt lat="43.241153" lon="-2.614320">
        <ele>617.421</ele>
        <time>2026-02-01T16:36:22Z</time>
      </trkpt>
      <trkpt lat="43.241138" lon="-2.614297">
        <ele>617.828</ele>
        <time>2026-02-01T16:36:23Z</time>
      </trkpt>
      <trkpt lat="43.241122" lon="-2.614279">
        <ele>618.213</ele>
        <time>2026-02-01T16:36:24Z</time>
      </trkpt>
      <trkpt lat="43.241112" lon="-2.614259">
        <ele>618.688</ele>
        <time>2026-02-01T16:36:25Z</time>
      </trkpt>
      <trkpt lat="43.241100" lon="-2.614237">
        <ele>618.857</ele>
        <time>2026-02-01T16:36:26Z</time>
      </trkpt>
      <trkpt lat="43.241084" lon="-2.614211">
        <ele>619.226</ele>
        <time>2026-02-01T16:36:27Z</time>
      </trkpt>
      <trkpt lat="43.241069" lon="-2.614191">
        <ele>619.661</ele>
        <time>2026-02-01T16:36:28Z</time>
      </trkpt>
      <trkpt lat="43.241058" lon="-2.614174">
        <ele>620.021</ele>
        <time>2026-02-01T16:36:29Z</time>
      </trkpt>
      <trkpt lat="43.241043" lon="-2.614159">
        <ele>620.413</ele>
        <time>2026-02-01T16:36:30Z</time>
      </trkpt>
      <trkpt lat="43.241029" lon="-2.614148">
        <ele>620.809</ele>
        <time>2026-02-01T16:36:31Z</time>
      </trkpt>
      <trkpt lat="43.241015" lon="-2.614133">
        <ele>621.258</ele>
        <time>2026-02-01T16:36:32Z</time>
      </trkpt>
      <trkpt lat="43.241001" lon="-2.614115">
        <ele>621.630</ele>
        <time>2026-02-01T16:36:33Z</time>
      </trkpt>
      <trkpt lat="43.240986" lon="-2.614098">
        <ele>622.065</ele>
        <time>2026-02-01T16:36:34Z</time>
      </trkpt>
      <trkpt lat="43.240974" lon="-2.614076">
        <ele>622.496</ele>
        <time>2026-02-01T16:36:35Z</time>
      </trkpt>
      <trkpt lat="43.240961" lon="-2.614057">
        <ele>622.843</ele>
        <time>2026-02-01T16:36:36Z</time>
      </trkpt>
      <trkpt lat="43.240946" lon="-2.614039">
        <ele>623.078</ele>
        <time>2026-02-01T16:36:37Z</time>
      </trkpt>
      <trkpt lat="43.240933" lon="-2.614021">
        <ele>623.443</ele>
        <time>2026-02-01T16:36:38Z</time>
      </trkpt>
      <trkpt lat="43.240916" lon="-2.614005">
        <ele>623.872</ele>
        <time>2026-02-01T16:36:39Z</time>
      </trkpt>
      <trkpt lat="43.240898" lon="-2.613991">
        <ele>624.051</ele>
        <time>2026-02-01T16:36:40Z</time>
      </trkpt>
      <trkpt lat="43.240879" lon="-2.613977">
        <ele>624.479</ele>
        <time>2026-02-01T16:36:41Z</time>
      </trkpt>
      <trkpt lat="43.240859" lon="-2.613968">
        <ele>624.805</ele>
        <time>2026-02-01T16:36:42Z</time>
      </trkpt>
      <trkpt lat="43.240844" lon="-2.613959">
        <ele>625.025</ele>
        <time>2026-02-01T16:36:43Z</time>
      </trkpt>
      <trkpt lat="43.240831" lon="-2.613945">
        <ele>625.409</ele>
        <time>2026-02-01T16:36:44Z</time>
      </trkpt>
      <trkpt lat="43.240818" lon="-2.613929">
        <ele>625.889</ele>
        <time>2026-02-01T16:36:45Z</time>
      </trkpt>
      <trkpt lat="43.240804" lon="-2.613914">
        <ele>626.281</ele>
        <time>2026-02-01T16:36:46Z</time>
      </trkpt>
      <trkpt lat="43.240792" lon="-2.613896">
        <ele>626.666</ele>
        <time>2026-02-01T16:36:47Z</time>
      </trkpt>
      <trkpt lat="43.240782" lon="-2.613877">
        <ele>627.237</ele>
        <time>2026-02-01T16:36:48Z</time>
      </trkpt>
      <trkpt lat="43.240768" lon="-2.613859">
        <ele>627.674</ele>
        <time>2026-02-01T16:36:49Z</time>
      </trkpt>
      <trkpt lat="43.240754" lon="-2.613844">
        <ele>628.069</ele>
        <time>2026-02-01T16:36:50Z</time>
      </trkpt>
      <trkpt lat="43.240739" lon="-2.613831">
        <ele>628.284</ele>
        <time>2026-02-01T16:36:51Z</time>
      </trkpt>
      <trkpt lat="43.240724" lon="-2.613821">
        <ele>628.423</ele>
        <time>2026-02-01T16:36:52Z</time>
      </trkpt>
      <trkpt lat="43.240709" lon="-2.613809">
        <ele>628.882</ele>
        <time>2026-02-01T16:36:53Z</time>
      </trkpt>
      <trkpt lat="43.240695" lon="-2.613793">
        <ele>629.239</ele>
        <time>2026-02-01T16:36:54Z</time>
      </trkpt>
      <trkpt lat="43.240680" lon="-2.613776">
        <ele>629.401</ele>
        <time>2026-02-01T16:36:55Z</time>
      </trkpt>
      <trkpt lat="43.240664" lon="-2.613762">
        <ele>629.821</ele>
        <time>2026-02-01T16:36:56Z</time>
      </trkpt>
      <trkpt lat="43.240647" lon="-2.613746">
        <ele>630.409</ele>
        <time>2026-02-01T16:36:57Z</time>
      </trkpt>
      <trkpt lat="43.240630" lon="-2.613731">
        <ele>630.845</ele>
        <time>2026-02-01T16:36:58Z</time>
      </trkpt>
      <trkpt lat="43.240613" lon="-2.613723">
        <ele>631.097</ele>
        <time>2026-02-01T16:36:59Z</time>
      </trkpt>
      <trkpt lat="43.240598" lon="-2.613708">
        <ele>631.662</ele>
        <time>2026-02-01T16:37:00Z</time>
      </trkpt>
      <trkpt lat="43.240588" lon="-2.613689">
        <ele>631.813</ele>
        <time>2026-02-01T16:37:01Z</time>
      </trkpt>
      <trkpt lat="43.240575" lon="-2.613672">
        <ele>632.230</ele>
        <time>2026-02-01T16:37:02Z</time>
      </trkpt>
      <trkpt lat="43.240557" lon="-2.613660">
        <ele>632.435</ele>
        <time>2026-02-01T16:37:03Z</time>
      </trkpt>
      <trkpt lat="43.240542" lon="-2.613648">
        <ele>632.840</ele>
        <time>2026-02-01T16:37:04Z</time>
      </trkpt>
      <trkpt lat="43.240526" lon="-2.613637">
        <ele>633.249</ele>
        <time>2026-02-01T16:37:05Z</time>
      </trkpt>
      <trkpt lat="43.240510" lon="-2.613623">
        <ele>633.678</ele>
        <time>2026-02-01T16:37:06Z</time>
      </trkpt>
      <trkpt lat="43.240495" lon="-2.613607">
        <ele>634.019</ele>
        <time>2026-02-01T16:37:07Z</time>
      </trkpt>
      <trkpt lat="43.240479" lon="-2.613595">
        <ele>634.209</ele>
        <time>2026-02-01T16:37:08Z</time>
      </trkpt>
      <trkpt lat="43.240469" lon="-2.613576">
        <ele>634.619</ele>
        <time>2026-02-01T16:37:09Z</time>
      </trkpt>
      <trkpt lat="43.240459" lon="-2.613557">
        <ele>635.009</ele>
        <time>2026-02-01T16:37:10Z</time>
      </trkpt>
      <trkpt lat="43.240445" lon="-2.613543">
        <ele>635.293</ele>
        <time>2026-02-01T16:37:11Z</time>
      </trkpt>
      <trkpt lat="43.240427" lon="-2.613530">
        <ele>635.695</ele>
        <time>2026-02-01T16:37:12Z</time>
      </trkpt>
      <trkpt lat="43.240412" lon="-2.613519">
        <ele>636.040</ele>
        <time>2026-02-01T16:37:13Z</time>
      </trkpt>
      <trkpt lat="43.240398" lon="-2.613509">
        <ele>636.411</ele>
        <time>2026-02-01T16:37:14Z</time>
      </trkpt>
      <trkpt lat="43.240381" lon="-2.613498">
        <ele>636.878</ele>
        <time>2026-02-01T16:37:15Z</time>
      </trkpt>
      <trkpt lat="43.240369" lon="-2.613485">
        <ele>637.053</ele>
        <time>2026-02-01T16:37:16Z</time>
      </trkpt>
      <trkpt lat="43.240354" lon="-2.613469">
        <ele>637.478</ele>
        <time>2026-02-01T16:37:17Z</time>
      </trkpt>
      <trkpt lat="43.240338" lon="-2.613456">
        <ele>637.837</ele>
        <time>2026-02-01T16:37:18Z</time>
      </trkpt>
      <trkpt lat="43.240322" lon="-2.613446">
        <ele>638.076</ele>
        <time>2026-02-01T16:37:19Z</time>
      </trkpt>
      <trkpt lat="43.240307" lon="-2.613433">
        <ele>638.219</ele>
        <time>2026-02-01T16:37:20Z</time>
      </trkpt>
      <trkpt lat="43.240294" lon="-2.613417">
        <ele>638.409</ele>
        <time>2026-02-01T16:37:21Z</time>
      </trkpt>
      <trkpt lat="43.240281" lon="-2.613400">
        <ele>638.619</ele>
        <time>2026-02-01T16:37:22Z</time>
      </trkpt>
      <trkpt lat="43.240268" lon="-2.613383">
        <ele>639.009</ele>
        <time>2026-02-01T16:37:23Z</time>
      </trkpt>
      <trkpt lat="43.240252" lon="-2.613370">
        <ele>639.293</ele>
        <time>2026-02-01T16:37:24Z</time>
      </trkpt>
      <trkpt lat="43.240238" lon="-2.613360">
        <ele>639.685</ele>
        <time>2026-02-01T16:37:25Z</time>
      </trkpt>
      <trkpt lat="43.240221" lon="-2.613348">
        <ele>640.040</ele>
        <time>2026-02-01T16:37:26Z</time>
      </trkpt>
      <trkpt lat="43.240205" lon="-2.613333">
        <ele>640.231</ele>
        <time>2026-02-01T16:37:27Z</time>
      </trkpt>
      <trkpt lat="43.240194" lon="-2.613316">
        <ele>640.468</ele>
        <time>2026-02-01T16:37:28Z</time>
      </trkpt>
      <trkpt lat="43.240184" lon="-2.613299">
        <ele>640.693</ele>
        <time>2026-02-01T16:37:29Z</time>
      </trkpt>
      <trkpt lat="43.240170" lon="-2.613284">
        <ele>640.828</ele>
        <time>2026-02-01T16:37:30Z</time>
      </trkpt>
      <trkpt lat="43.240155" lon="-2.613271">
        <ele>641.287</ele>
        <time>2026-02-01T16:37:31Z</time>
      </trkpt>
      <trkpt lat="43.240142" lon="-2.613257">
        <ele>641.426</ele>
        <time>2026-02-01T16:37:32Z</time>
      </trkpt>
      <trkpt lat="43.240129" lon="-2.613238">
        <ele>641.676</ele>
        <time>2026-02-01T16:37:33Z</time>
      </trkpt>
      <trkpt lat="43.240115" lon="-2.613221">
        <ele>642.090</ele>
        <time>2026-02-01T16:37:34Z</time>
      </trkpt>
      <trkpt lat="43.240101" lon="-2.613203">
        <ele>642.219</ele>
        <time>2026-02-01T16:37:35Z</time>
      </trkpt>
      <trkpt lat="43.240086" lon="-2.613190">
        <ele>642.409</ele>
        <time>2026-02-01T16:37:36Z</time>
      </trkpt>
      <trkpt lat="43.240071" lon="-2.613179">
        <ele>642.849</ele>
        <time>2026-02-01T16:37:37Z</time>
      </trkpt>
      <trkpt lat="43.240057" lon="-2.613165">
        <ele>643.071</ele>
        <time>2026-02-01T16:37:38Z</time>
      </trkpt>
      <trkpt lat="43.240043" lon="-2.613151">
        <ele>643.476</ele>
        <time>2026-02-01T16:37:39Z</time>
      </trkpt>
      <trkpt lat="43.240027" lon="-2.613139">
        <ele>643.857</ele>
        <time>2026-02-01T16:37:40Z</time>
      </trkpt>
      <trkpt lat="43.240010" lon="-2.613128">
        <ele>644.014</ele>
        <time>2026-02-01T16:37:41Z</time>
      </trkpt>
      <trkpt lat="43.239997" lon="-2.613114">
        <ele>644.479</ele>
        <time>2026-02-01T16:37:42Z</time>
      </trkpt>
      <trkpt lat="43.239981" lon="-2.613099">
        <ele>644.634</ele>
        <time>2026-02-01T16:37:43Z</time>
      </trkpt>
      <trkpt lat="43.239966" lon="-2.613084">
        <ele>645.033</ele>
        <time>2026-02-01T16:37:44Z</time>
      </trkpt>
      <trkpt lat="43.239953" lon="-2.613069">
        <ele>645.282</ele>
        <time>2026-02-01T16:37:45Z</time>
      </trkpt>
      <trkpt lat="43.239943" lon="-2.613051">
        <ele>645.614</ele>
        <time>2026-02-01T16:37:46Z</time>
      </trkpt>
      <trkpt lat="43.239932" lon="-2.613036">
        <ele>646.054</ele>
        <time>2026-02-01T16:37:47Z</time>
      </trkpt>
      <trkpt lat="43.239918" lon="-2.613020">
        <ele>646.409</ele>
        <time>2026-02-01T16:37:48Z</time>
      </trkpt>
      <trkpt lat="43.239900" lon="-2.613006">
        <ele>646.609</ele>
        <time>2026-02-01T16:37:49Z</time>
      </trkpt>
      <trkpt lat="43.239884" lon="-2.612994">
        <ele>647.083</ele>
        <time>2026-02-01T16:37:50Z</time>
      </trkpt>
      <trkpt lat="43.239866" lon="-2.612981">
        <ele>647.215</ele>
        <time>2026-02-01T16:37:51Z</time>
      </trkpt>
      <trkpt lat="43.239851" lon="-2.612967">
        <ele>647.430</ele>
        <time>2026-02-01T16:37:52Z</time>
      </trkpt>
      <trkpt lat="43.239835" lon="-2.612953">
        <ele>647.681</ele>
        <time>2026-02-01T16:37:53Z</time>
      </trkpt>
      <trkpt lat="43.239818" lon="-2.612940">
        <ele>648.058</ele>
        <time>2026-02-01T16:37:54Z</time>
      </trkpt>
      <trkpt lat="43.239801" lon="-2.612928">
        <ele>648.253</ele>
        <time>2026-02-01T16:37:55Z</time>
      </trkpt>
      <trkpt lat="43.239787" lon="-2.612913">
        <ele>648.468</ele>
        <time>2026-02-01T16:37:56Z</time>
      </trkpt>
      <trkpt lat="43.239771" lon="-2.612896">
        <ele>648.857</ele>
        <time>2026-02-01T16:37:57Z</time>
      </trkpt>
      <trkpt lat="43.239757" lon="-2.612880">
        <ele>649.286</ele>
        <time>2026-02-01T16:37:58Z</time>
      </trkpt>
      <trkpt lat="43.239742" lon="-2.612865">
        <ele>649.652</ele>
        <time>2026-02-01T16:37:59Z</time>
      </trkpt>
      <trkpt lat="43.239730" lon="-2.612849">
        <ele>650.253</ele>
        <time>2026-02-01T16:38:00Z</time>
      </trkpt>
      <trkpt lat="43.239716" lon="-2.612834">
        <ele>650.408</ele>
        <time>2026-02-01T16:38:01Z</time>
      </trkpt>
      <trkpt lat="43.239704" lon="-2.612817">
        <ele>650.809</ele>
        <time>2026-02-01T16:38:02Z</time>
      </trkpt>
      <trkpt lat="43.239687" lon="-2.612801">
        <ele>651.097</ele>
        <time>2026-02-01T16:38:03Z</time>
      </trkpt>
      <trkpt lat="43.239671" lon="-2.612792">
        <ele>651.259</ele>
        <time>2026-02-01T16:38:04Z</time>
      </trkpt>
      <trkpt lat="43.239659" lon="-2.612781">
        <ele>651.634</ele>
        <time>2026-02-01T16:38:05Z</time>
      </trkpt>
      <trkpt lat="43.239646" lon="-2.612766">
        <ele>652.015</ele>
        <time>2026-02-01T16:38:06Z</time>
      </trkpt>
      <trkpt lat="43.239629" lon="-2.612757">
        <ele>652.252</ele>
        <time>2026-02-01T16:38:07Z</time>
      </trkpt>
      <trkpt lat="43.239610" lon="-2.612754">
        <ele>652.487</ele>
        <time>2026-02-01T16:38:08Z</time>
      </trkpt>
      <trkpt lat="43.239592" lon="-2.612741">
        <ele>652.662</ele>
        <time>2026-02-01T16:38:09Z</time>
      </trkpt>
      <trkpt lat="43.239576" lon="-2.612727">
        <ele>652.841</ele>
        <time>2026-02-01T16:38:10Z</time>
      </trkpt>
      <trkpt lat="43.239564" lon="-2.612708">
        <ele>653.020</ele>
        <time>2026-02-01T16:38:11Z</time>
      </trkpt>
      <trkpt lat="43.239549" lon="-2.612694">
        <ele>653.646</ele>
        <time>2026-02-01T16:38:12Z</time>
      </trkpt>
      <trkpt lat="43.239536" lon="-2.612680">
        <ele>654.088</ele>
        <time>2026-02-01T16:38:13Z</time>
      </trkpt>
      <trkpt lat="43.239520" lon="-2.612665">
        <ele>654.616</ele>
        <time>2026-02-01T16:38:14Z</time>
      </trkpt>
      <trkpt lat="43.239500" lon="-2.612654">
        <ele>655.209</ele>
        <time>2026-02-01T16:38:15Z</time>
      </trkpt>
      <trkpt lat="43.239483" lon="-2.612647">
        <ele>655.676</ele>
        <time>2026-02-01T16:38:16Z</time>
      </trkpt>
      <trkpt lat="43.239467" lon="-2.612639">
        <ele>656.018</ele>
        <time>2026-02-01T16:38:17Z</time>
      </trkpt>
      <trkpt lat="43.239453" lon="-2.612628">
        <ele>656.443</ele>
        <time>2026-02-01T16:38:18Z</time>
      </trkpt>
      <trkpt lat="43.239438" lon="-2.612616">
        <ele>656.884</ele>
        <time>2026-02-01T16:38:19Z</time>
      </trkpt>
      <trkpt lat="43.239420" lon="-2.612609">
        <ele>657.261</ele>
        <time>2026-02-01T16:38:20Z</time>
      </trkpt>
      <trkpt lat="43.239401" lon="-2.612606">
        <ele>657.686</ele>
        <time>2026-02-01T16:38:21Z</time>
      </trkpt>
      <trkpt lat="43.239383" lon="-2.612602">
        <ele>658.031</ele>
        <time>2026-02-01T16:38:22Z</time>
      </trkpt>
      <trkpt lat="43.239368" lon="-2.612590">
        <ele>658.680</ele>
        <time>2026-02-01T16:38:23Z</time>
      </trkpt>
      <trkpt lat="43.239352" lon="-2.612578">
        <ele>659.049</ele>
        <time>2026-02-01T16:38:24Z</time>
      </trkpt>
      <trkpt lat="43.239336" lon="-2.612570">
        <ele>659.462</ele>
        <time>2026-02-01T16:38:25Z</time>
      </trkpt>
      <trkpt lat="43.239320" lon="-2.612561">
        <ele>659.883</ele>
        <time>2026-02-01T16:38:26Z</time>
      </trkpt>
      <trkpt lat="43.239305" lon="-2.612550">
        <ele>660.211</ele>
        <time>2026-02-01T16:38:27Z</time>
      </trkpt>
      <trkpt lat="43.239288" lon="-2.612539">
        <ele>660.609</ele>
        <time>2026-02-01T16:38:28Z</time>
      </trkpt>
      <trkpt lat="43.239269" lon="-2.612531">
        <ele>661.018</ele>
        <time>2026-02-01T16:38:29Z</time>
      </trkpt>
      <trkpt lat="43.239255" lon="-2.612524">
        <ele>661.630</ele>
        <time>2026-02-01T16:38:30Z</time>
      </trkpt>
      <trkpt lat="43.239239" lon="-2.612516">
        <ele>662.055</ele>
        <time>2026-02-01T16:38:31Z</time>
      </trkpt>
      <trkpt lat="43.239222" lon="-2.612509">
        <ele>662.476</ele>
        <time>2026-02-01T16:38:32Z</time>
      </trkpt>
      <trkpt lat="43.239207" lon="-2.612497">
        <ele>663.073</ele>
        <time>2026-02-01T16:38:33Z</time>
      </trkpt>
      <trkpt lat="43.239192" lon="-2.612482">
        <ele>663.488</ele>
        <time>2026-02-01T16:38:34Z</time>
      </trkpt>
      <trkpt lat="43.239178" lon="-2.612470">
        <ele>664.023</ele>
        <time>2026-02-01T16:38:35Z</time>
      </trkpt>
      <trkpt lat="43.239164" lon="-2.612458">
        <ele>664.442</ele>
        <time>2026-02-01T16:38:36Z</time>
      </trkpt>
      <trkpt lat="43.239146" lon="-2.612446">
        <ele>665.031</ele>
        <time>2026-02-01T16:38:37Z</time>
      </trkpt>
      <trkpt lat="43.239129" lon="-2.612440">
        <ele>665.433</ele>
        <time>2026-02-01T16:38:38Z</time>
      </trkpt>
      <trkpt lat="43.239113" lon="-2.612435">
        <ele>666.023</ele>
        <time>2026-02-01T16:38:39Z</time>
      </trkpt>
      <trkpt lat="43.239098" lon="-2.612433">
        <ele>666.415</ele>
        <time>2026-02-01T16:38:40Z</time>
      </trkpt>
      <trkpt lat="43.239080" lon="-2.612427">
        <ele>666.809</ele>
        <time>2026-02-01T16:38:41Z</time>
      </trkpt>
      <trkpt lat="43.239061" lon="-2.612414">
        <ele>667.475</ele>
        <time>2026-02-01T16:38:42Z</time>
      </trkpt>
      <trkpt lat="43.239049" lon="-2.612404">
        <ele>668.077</ele>
        <time>2026-02-01T16:38:43Z</time>
      </trkpt>
      <trkpt lat="43.239036" lon="-2.612396">
        <ele>668.622</ele>
        <time>2026-02-01T16:38:44Z</time>
      </trkpt>
      <trkpt lat="43.239020" lon="-2.612386">
        <ele>669.083</ele>
        <time>2026-02-01T16:38:45Z</time>
      </trkpt>
      <trkpt lat="43.239006" lon="-2.612378">
        <ele>669.470</ele>
        <time>2026-02-01T16:38:46Z</time>
      </trkpt>
      <trkpt lat="43.238988" lon="-2.612379">
        <ele>669.685</ele>
        <time>2026-02-01T16:38:47Z</time>
      </trkpt>
      <trkpt lat="43.238970" lon="-2.612381">
        <ele>670.030</ele>
        <time>2026-02-01T16:38:48Z</time>
      </trkpt>
      <trkpt lat="43.238955" lon="-2.612373">
        <ele>670.699</ele>
        <time>2026-02-01T16:38:49Z</time>
      </trkpt>
      <trkpt lat="43.238940" lon="-2.612358">
        <ele>671.258</ele>
        <time>2026-02-01T16:38:50Z</time>
      </trkpt>
      <trkpt lat="43.238925" lon="-2.612346">
        <ele>671.862</ele>
        <time>2026-02-01T16:38:51Z</time>
      </trkpt>
      <trkpt lat="43.238910" lon="-2.612339">
        <ele>672.483</ele>
        <time>2026-02-01T16:38:52Z</time>
      </trkpt>
      <trkpt lat="43.238894" lon="-2.612333">
        <ele>673.011</ele>
        <time>2026-02-01T16:38:53Z</time>
      </trkpt>
      <trkpt lat="43.238877" lon="-2.612329">
        <ele>673.609</ele>
        <time>2026-02-01T16:38:54Z</time>
      </trkpt>
      <trkpt lat="43.238857" lon="-2.612326">
        <ele>674.288</ele>
        <time>2026-02-01T16:38:55Z</time>
      </trkpt>
      <trkpt lat="43.238835" lon="-2.612324">
        <ele>674.860</ele>
        <time>2026-02-01T16:38:56Z</time>
      </trkpt>
      <trkpt lat="43.238816" lon="-2.612314">
        <ele>675.295</ele>
        <time>2026-02-01T16:38:57Z</time>
      </trkpt>
      <trkpt lat="43.238801" lon="-2.612304">
        <ele>675.876</ele>
        <time>2026-02-01T16:38:58Z</time>
      </trkpt>
      <trkpt lat="43.238785" lon="-2.612294">
        <ele>676.223</ele>
        <time>2026-02-01T16:38:59Z</time>
      </trkpt>
      <trkpt lat="43.238768" lon="-2.612287">
        <ele>676.888</ele>
        <time>2026-02-01T16:39:00Z</time>
      </trkpt>
      <trkpt lat="43.238752" lon="-2.612281">
        <ele>677.243</ele>
        <time>2026-02-01T16:39:01Z</time>
      </trkpt>
      <trkpt lat="43.238735" lon="-2.612277">
        <ele>677.642</ele>
        <time>2026-02-01T16:39:02Z</time>
      </trkpt>
      <trkpt lat="43.238719" lon="-2.612271">
        <ele>678.281</ele>
        <time>2026-02-01T16:39:03Z</time>
      </trkpt>
      <trkpt lat="43.238703" lon="-2.612264">
        <ele>678.624</ele>
        <time>2026-02-01T16:39:04Z</time>
      </trkpt>
      <trkpt lat="43.238688" lon="-2.612255">
        <ele>678.804</ele>
        <time>2026-02-01T16:39:05Z</time>
      </trkpt>
      <trkpt lat="43.238673" lon="-2.612243">
        <ele>679.214</ele>
        <time>2026-02-01T16:39:06Z</time>
      </trkpt>
      <trkpt lat="43.238656" lon="-2.612229">
        <ele>679.409</ele>
        <time>2026-02-01T16:39:07Z</time>
      </trkpt>
      <trkpt lat="43.238640" lon="-2.612222">
        <ele>679.664</ele>
        <time>2026-02-01T16:39:08Z</time>
      </trkpt>
      <trkpt lat="43.238623" lon="-2.612221">
        <ele>680.016</ele>
        <time>2026-02-01T16:39:09Z</time>
      </trkpt>
      <trkpt lat="43.238609" lon="-2.612213">
        <ele>680.481</ele>
        <time>2026-02-01T16:39:10Z</time>
      </trkpt>
      <trkpt lat="43.238593" lon="-2.612200">
        <ele>680.852</ele>
        <time>2026-02-01T16:39:11Z</time>
      </trkpt>
      <trkpt lat="43.238579" lon="-2.612186">
        <ele>681.499</ele>
        <time>2026-02-01T16:39:12Z</time>
      </trkpt>
      <trkpt lat="43.238562" lon="-2.612174">
        <ele>681.824</ele>
        <time>2026-02-01T16:39:13Z</time>
      </trkpt>
      <trkpt lat="43.238546" lon="-2.612165">
        <ele>682.449</ele>
        <time>2026-02-01T16:39:14Z</time>
      </trkpt>
      <trkpt lat="43.238529" lon="-2.612157">
        <ele>682.828</ele>
        <time>2026-02-01T16:39:15Z</time>
      </trkpt>
      <trkpt lat="43.238511" lon="-2.612147">
        <ele>683.027</ele>
        <time>2026-02-01T16:39:16Z</time>
      </trkpt>
      <trkpt lat="43.238495" lon="-2.612134">
        <ele>683.457</ele>
        <time>2026-02-01T16:39:17Z</time>
      </trkpt>
      <trkpt lat="43.238480" lon="-2.612118">
        <ele>683.800</ele>
        <time>2026-02-01T16:39:18Z</time>
      </trkpt>
      <trkpt lat="43.238465" lon="-2.612103">
        <ele>684.220</ele>
        <time>2026-02-01T16:39:19Z</time>
      </trkpt>
      <trkpt lat="43.238447" lon="-2.612092">
        <ele>684.609</ele>
        <time>2026-02-01T16:39:20Z</time>
      </trkpt>
      <trkpt lat="43.238430" lon="-2.612085">
        <ele>685.047</ele>
        <time>2026-02-01T16:39:21Z</time>
      </trkpt>
      <trkpt lat="43.238413" lon="-2.612078">
        <ele>685.479</ele>
        <time>2026-02-01T16:39:22Z</time>
      </trkpt>
      <trkpt lat="43.238398" lon="-2.612067">
        <ele>685.824</ele>
        <time>2026-02-01T16:39:23Z</time>
      </trkpt>
      <trkpt lat="43.238381" lon="-2.612052">
        <ele>686.275</ele>
        <time>2026-02-01T16:39:24Z</time>
      </trkpt>
      <trkpt lat="43.238367" lon="-2.612037">
        <ele>686.682</ele>
        <time>2026-02-01T16:39:25Z</time>
      </trkpt>
      <trkpt lat="43.238354" lon="-2.612022">
        <ele>687.067</ele>
        <time>2026-02-01T16:39:26Z</time>
      </trkpt>
      <trkpt lat="43.238338" lon="-2.612008">
        <ele>687.412</ele>
        <time>2026-02-01T16:39:27Z</time>
      </trkpt>
      <trkpt lat="43.238319" lon="-2.611999">
        <ele>687.881</ele>
        <time>2026-02-01T16:39:28Z</time>
      </trkpt>
      <trkpt lat="43.238300" lon="-2.611993">
        <ele>688.240</ele>
        <time>2026-02-01T16:39:29Z</time>
      </trkpt>
      <trkpt lat="43.238285" lon="-2.611984">
        <ele>688.611</ele>
        <time>2026-02-01T16:39:30Z</time>
      </trkpt>
      <trkpt lat="43.238267" lon="-2.611973">
        <ele>689.021</ele>
        <time>2026-02-01T16:39:31Z</time>
      </trkpt>
      <trkpt lat="43.238252" lon="-2.611960">
        <ele>689.203</ele>
        <time>2026-02-01T16:39:32Z</time>
      </trkpt>
      <trkpt lat="43.238236" lon="-2.611944">
        <ele>689.409</ele>
        <time>2026-02-01T16:39:33Z</time>
      </trkpt>
      <trkpt lat="43.238219" lon="-2.611933">
        <ele>689.663</ele>
        <time>2026-02-01T16:39:34Z</time>
      </trkpt>
      <trkpt lat="43.238203" lon="-2.611924">
        <ele>690.055</ele>
        <time>2026-02-01T16:39:35Z</time>
      </trkpt>
      <trkpt lat="43.238186" lon="-2.611917">
        <ele>690.490</ele>
        <time>2026-02-01T16:39:36Z</time>
      </trkpt>
      <trkpt lat="43.238171" lon="-2.611907">
        <ele>690.641</ele>
        <time>2026-02-01T16:39:37Z</time>
      </trkpt>
      <trkpt lat="43.238158" lon="-2.611892">
        <ele>691.078</ele>
        <time>2026-02-01T16:39:38Z</time>
      </trkpt>
      <trkpt lat="43.238140" lon="-2.611875">
        <ele>691.473</ele>
        <time>2026-02-01T16:39:39Z</time>
      </trkpt>
      <trkpt lat="43.238124" lon="-2.611862">
        <ele>691.858</ele>
        <time>2026-02-01T16:39:40Z</time>
      </trkpt>
      <trkpt lat="43.238105" lon="-2.611853">
        <ele>692.027</ele>
        <time>2026-02-01T16:39:41Z</time>
      </trkpt>
      <trkpt lat="43.238086" lon="-2.611841">
        <ele>692.256</ele>
        <time>2026-02-01T16:39:42Z</time>
      </trkpt>
      <trkpt lat="43.238073" lon="-2.611823">
        <ele>692.676</ele>
        <time>2026-02-01T16:39:43Z</time>
      </trkpt>
      <trkpt lat="43.238060" lon="-2.611803">
        <ele>693.090</ele>
        <time>2026-02-01T16:39:44Z</time>
      </trkpt>
      <trkpt lat="43.238046" lon="-2.611785">
        <ele>693.219</ele>
        <time>2026-02-01T16:39:45Z</time>
      </trkpt>
      <trkpt lat="43.238029" lon="-2.611772">
        <ele>693.609</ele>
        <time>2026-02-01T16:39:46Z</time>
      </trkpt>
      <trkpt lat="43.238012" lon="-2.611756">
        <ele>694.089</ele>
        <time>2026-02-01T16:39:47Z</time>
      </trkpt>
      <trkpt lat="43.237996" lon="-2.611739">
        <ele>694.221</ele>
        <time>2026-02-01T16:39:48Z</time>
      </trkpt>
      <trkpt lat="43.237980" lon="-2.611722">
        <ele>694.466</ele>
        <time>2026-02-01T16:39:49Z</time>
      </trkpt>
      <trkpt lat="43.237964" lon="-2.611703">
        <ele>694.687</ele>
        <time>2026-02-01T16:39:50Z</time>
      </trkpt>
      <trkpt lat="43.237947" lon="-2.611684">
        <ele>694.824</ele>
        <time>2026-02-01T16:39:51Z</time>
      </trkpt>
      <trkpt lat="43.237929" lon="-2.611666">
        <ele>695.099</ele>
        <time>2026-02-01T16:39:52Z</time>
      </trkpt>
      <trkpt lat="43.237912" lon="-2.611654">
        <ele>695.234</ele>
        <time>2026-02-01T16:39:53Z</time>
      </trkpt>
      <trkpt lat="43.237897" lon="-2.611638">
        <ele>695.443</ele>
        <time>2026-02-01T16:39:54Z</time>
      </trkpt>
      <trkpt lat="43.237884" lon="-2.611621">
        <ele>695.622</ele>
        <time>2026-02-01T16:39:55Z</time>
      </trkpt>
      <trkpt lat="43.237869" lon="-2.611602">
        <ele>695.867</ele>
        <time>2026-02-01T16:39:56Z</time>
      </trkpt>
      <trkpt lat="43.237856" lon="-2.611582">
        <ele>695.881</ele>
        <time>2026-02-01T16:39:57Z</time>
      </trkpt>
      <trkpt lat="43.237843" lon="-2.611563">
        <ele>696.019</ele>
        <time>2026-02-01T16:39:58Z</time>
      </trkpt>
      <trkpt lat="43.237829" lon="-2.611544">
        <ele>696.409</ele>
        <time>2026-02-01T16:39:59Z</time>
      </trkpt>
      <trkpt lat="43.237813" lon="-2.611527">
        <ele>696.618</ele>
        <time>2026-02-01T16:40:00Z</time>
      </trkpt>
      <trkpt lat="43.237796" lon="-2.611509">
        <ele>697.050</ele>
        <time>2026-02-01T16:40:01Z</time>
      </trkpt>
      <trkpt lat="43.237780" lon="-2.611490">
        <ele>697.435</ele>
        <time>2026-02-01T16:40:02Z</time>
      </trkpt>
      <trkpt lat="43.237760" lon="-2.611474">
        <ele>697.626</ele>
        <time>2026-02-01T16:40:03Z</time>
      </trkpt>
      <trkpt lat="43.237741" lon="-2.611461">
        <ele>698.023</ele>
        <time>2026-02-01T16:40:04Z</time>
      </trkpt>
      <trkpt lat="43.237722" lon="-2.611445">
        <ele>698.298</ele>
        <time>2026-02-01T16:40:05Z</time>
      </trkpt>
      <trkpt lat="43.237708" lon="-2.611427">
        <ele>698.653</ele>
        <time>2026-02-01T16:40:06Z</time>
      </trkpt>
      <trkpt lat="43.237690" lon="-2.611406">
        <ele>698.852</ele>
        <time>2026-02-01T16:40:07Z</time>
      </trkpt>
      <trkpt lat="43.237670" lon="-2.611400">
        <ele>699.061</ele>
        <time>2026-02-01T16:40:08Z</time>
      </trkpt>
      <trkpt lat="43.237655" lon="-2.611381">
        <ele>699.471</ele>
        <time>2026-02-01T16:40:09Z</time>
      </trkpt>
      <trkpt lat="43.237639" lon="-2.611359">
        <ele>699.641</ele>
        <time>2026-02-01T16:40:10Z</time>
      </trkpt>
      <trkpt lat="43.237632" lon="-2.611341">
        <ele>700.015</ele>
        <time>2026-02-01T16:40:11Z</time>
      </trkpt>
      <trkpt lat="43.237620" lon="-2.611326">
        <ele>700.409</ele>
        <time>2026-02-01T16:40:12Z</time>
      </trkpt>
      <trkpt lat="43.237607" lon="-2.611307">
        <ele>701.029</ele>
        <time>2026-02-01T16:40:13Z</time>
      </trkpt>
      <trkpt lat="43.237593" lon="-2.611286">
        <ele>701.651</ele>
        <time>2026-02-01T16:40:14Z</time>
      </trkpt>
      <trkpt lat="43.237576" lon="-2.611269">
        <ele>702.026</ele>
        <time>2026-02-01T16:40:15Z</time>
      </trkpt>
      <trkpt lat="43.237560" lon="-2.611254">
        <ele>702.237</ele>
        <time>2026-02-01T16:40:16Z</time>
      </trkpt>
      <trkpt lat="43.237541" lon="-2.611242">
        <ele>702.624</ele>
        <time>2026-02-01T16:40:17Z</time>
      </trkpt>
      <trkpt lat="43.237524" lon="-2.611229">
        <ele>702.859</ele>
        <time>2026-02-01T16:40:18Z</time>
      </trkpt>
      <trkpt lat="43.237503" lon="-2.611218">
        <ele>703.084</ele>
        <time>2026-02-01T16:40:19Z</time>
      </trkpt>
      <trkpt lat="43.237484" lon="-2.611204">
        <ele>703.043</ele>
        <time>2026-02-01T16:40:20Z</time>
      </trkpt>
      <trkpt lat="43.237470" lon="-2.611192">
        <ele>703.292</ele>
        <time>2026-02-01T16:40:21Z</time>
      </trkpt>
      <trkpt lat="43.237448" lon="-2.611180">
        <ele>703.491</ele>
        <time>2026-02-01T16:40:22Z</time>
      </trkpt>
      <trkpt lat="43.237430" lon="-2.611168">
        <ele>703.481</ele>
        <time>2026-02-01T16:40:23Z</time>
      </trkpt>
      <trkpt lat="43.237425" lon="-2.611155">
        <ele>703.619</ele>
        <time>2026-02-01T16:40:24Z</time>
      </trkpt>
      <trkpt lat="43.237411" lon="-2.611134">
        <ele>704.009</ele>
        <time>2026-02-01T16:40:25Z</time>
      </trkpt>
      <trkpt lat="43.237401" lon="-2.611116">
        <ele>704.431</ele>
        <time>2026-02-01T16:40:26Z</time>
      </trkpt>
      <trkpt lat="43.237390" lon="-2.611097">
        <ele>704.843</ele>
        <time>2026-02-01T16:40:27Z</time>
      </trkpt>
      <trkpt lat="43.237376" lon="-2.611085">
        <ele>705.298</ele>
        <time>2026-02-01T16:40:28Z</time>
      </trkpt>
      <trkpt lat="43.237363" lon="-2.611075">
        <ele>705.689</ele>
        <time>2026-02-01T16:40:29Z</time>
      </trkpt>
      <trkpt lat="43.237349" lon="-2.611060">
        <ele>705.836</ele>
        <time>2026-02-01T16:40:30Z</time>
      </trkpt>
      <trkpt lat="43.237335" lon="-2.611044">
        <ele>706.261</ele>
        <time>2026-02-01T16:40:31Z</time>
      </trkpt>
      <trkpt lat="43.237319" lon="-2.611026">
        <ele>706.466</ele>
        <time>2026-02-01T16:40:32Z</time>
      </trkpt>
      <trkpt lat="43.237303" lon="-2.611011">
        <ele>706.695</ele>
        <time>2026-02-01T16:40:33Z</time>
      </trkpt>
      <trkpt lat="43.237287" lon="-2.610995">
        <ele>707.014</ele>
        <time>2026-02-01T16:40:34Z</time>
      </trkpt>
      <trkpt lat="43.237274" lon="-2.610978">
        <ele>707.291</ele>
        <time>2026-02-01T16:40:35Z</time>
      </trkpt>
      <trkpt lat="43.237256" lon="-2.610959">
        <ele>707.681</ele>
        <time>2026-02-01T16:40:36Z</time>
      </trkpt>
      <trkpt lat="43.237238" lon="-2.610941">
        <ele>708.019</ele>
        <time>2026-02-01T16:40:37Z</time>
      </trkpt>
      <trkpt lat="43.237221" lon="-2.610923">
        <ele>708.209</ele>
        <time>2026-02-01T16:40:38Z</time>
      </trkpt>
      <trkpt lat="43.237204" lon="-2.610903">
        <ele>708.641</ele>
        <time>2026-02-01T16:40:39Z</time>
      </trkpt>
      <trkpt lat="43.237186" lon="-2.610888">
        <ele>708.883</ele>
        <time>2026-02-01T16:40:40Z</time>
      </trkpt>
      <trkpt lat="43.237170" lon="-2.610876">
        <ele>709.088</ele>
        <time>2026-02-01T16:40:41Z</time>
      </trkpt>
      <trkpt lat="43.237157" lon="-2.610864">
        <ele>709.499</ele>
        <time>2026-02-01T16:40:42Z</time>
      </trkpt>
      <trkpt lat="43.237148" lon="-2.610848">
        <ele>709.616</ele>
        <time>2026-02-01T16:40:43Z</time>
      </trkpt>
      <trkpt lat="43.237135" lon="-2.610830">
        <ele>710.011</ele>
        <time>2026-02-01T16:40:44Z</time>
      </trkpt>
      <trkpt lat="43.237121" lon="-2.610808">
        <ele>710.286</ele>
        <time>2026-02-01T16:40:45Z</time>
      </trkpt>
      <trkpt lat="43.237108" lon="-2.610790">
        <ele>710.685</ele>
        <time>2026-02-01T16:40:46Z</time>
      </trkpt>
      <trkpt lat="43.237093" lon="-2.610771">
        <ele>710.844</ele>
        <time>2026-02-01T16:40:47Z</time>
      </trkpt>
      <trkpt lat="43.237079" lon="-2.610754">
        <ele>711.038</ele>
        <time>2026-02-01T16:40:48Z</time>
      </trkpt>
      <trkpt lat="43.237063" lon="-2.610738">
        <ele>711.470</ele>
        <time>2026-02-01T16:40:49Z</time>
      </trkpt>
      <trkpt lat="43.237048" lon="-2.610722">
        <ele>711.817</ele>
        <time>2026-02-01T16:40:50Z</time>
      </trkpt>
      <trkpt lat="43.237033" lon="-2.610704">
        <ele>712.209</ele>
        <time>2026-02-01T16:40:51Z</time>
      </trkpt>
      <trkpt lat="43.237017" lon="-2.610686">
        <ele>712.675</ele>
        <time>2026-02-01T16:40:52Z</time>
      </trkpt>
      <trkpt lat="43.237002" lon="-2.610668">
        <ele>712.817</ele>
        <time>2026-02-01T16:40:53Z</time>
      </trkpt>
      <trkpt lat="43.236984" lon="-2.610649">
        <ele>713.262</ele>
        <time>2026-02-01T16:40:54Z</time>
      </trkpt>
      <trkpt lat="43.236963" lon="-2.610638">
        <ele>713.223</ele>
        <time>2026-02-01T16:40:55Z</time>
      </trkpt>
      <trkpt lat="43.236945" lon="-2.610622">
        <ele>713.420</ele>
        <time>2026-02-01T16:40:56Z</time>
      </trkpt>
      <trkpt lat="43.236930" lon="-2.610609">
        <ele>713.675</ele>
        <time>2026-02-01T16:40:57Z</time>
      </trkpt>
      <trkpt lat="43.236926" lon="-2.610588">
        <ele>713.840</ele>
        <time>2026-02-01T16:40:58Z</time>
      </trkpt>
      <trkpt lat="43.236916" lon="-2.610566">
        <ele>714.279</ele>
        <time>2026-02-01T16:40:59Z</time>
      </trkpt>
      <trkpt lat="43.236901" lon="-2.610546">
        <ele>714.648</ele>
        <time>2026-02-01T16:41:00Z</time>
      </trkpt>
      <trkpt lat="43.236887" lon="-2.610528">
        <ele>715.019</ele>
        <time>2026-02-01T16:41:01Z</time>
      </trkpt>
      <trkpt lat="43.236871" lon="-2.610511">
        <ele>715.409</ele>
        <time>2026-02-01T16:41:02Z</time>
      </trkpt>
      <trkpt lat="43.236858" lon="-2.610492">
        <ele>715.819</ele>
        <time>2026-02-01T16:41:03Z</time>
      </trkpt>
      <trkpt lat="43.236846" lon="-2.610473">
        <ele>716.209</ele>
        <time>2026-02-01T16:41:04Z</time>
      </trkpt>
      <trkpt lat="43.236833" lon="-2.610448">
        <ele>716.453</ele>
        <time>2026-02-01T16:41:05Z</time>
      </trkpt>
      <trkpt lat="43.236820" lon="-2.610422">
        <ele>716.825</ele>
        <time>2026-02-01T16:41:06Z</time>
      </trkpt>
      <trkpt lat="43.236803" lon="-2.610395">
        <ele>717.240</ele>
        <time>2026-02-01T16:41:07Z</time>
      </trkpt>
      <trkpt lat="43.236786" lon="-2.610371">
        <ele>717.671</ele>
        <time>2026-02-01T16:41:08Z</time>
      </trkpt>
      <trkpt lat="43.236767" lon="-2.610354">
        <ele>718.088</ele>
        <time>2026-02-01T16:41:09Z</time>
      </trkpt>
      <trkpt lat="43.236749" lon="-2.610336">
        <ele>718.483</ele>
        <time>2026-02-01T16:41:10Z</time>
      </trkpt>
      <trkpt lat="43.236738" lon="-2.610315">
        <ele>718.828</ele>
        <time>2026-02-01T16:41:11Z</time>
      </trkpt>
      <trkpt lat="43.236724" lon="-2.610291">
        <ele>719.267</ele>
        <time>2026-02-01T16:41:12Z</time>
      </trkpt>
      <trkpt lat="43.236708" lon="-2.610269">
        <ele>719.456</ele>
        <time>2026-02-01T16:41:13Z</time>
      </trkpt>
      <trkpt lat="43.236692" lon="-2.610247">
        <ele>719.881</ele>
        <time>2026-02-01T16:41:14Z</time>
      </trkpt>
      <trkpt lat="43.236676" lon="-2.610222">
        <ele>720.261</ele>
        <time>2026-02-01T16:41:15Z</time>
      </trkpt>
      <trkpt lat="43.236659" lon="-2.610201">
        <ele>720.417</ele>
        <time>2026-02-01T16:41:16Z</time>
      </trkpt>
      <trkpt lat="43.236641" lon="-2.610179">
        <ele>720.809</ele>
        <time>2026-02-01T16:41:17Z</time>
      </trkpt>
      <trkpt lat="43.236626" lon="-2.610156">
        <ele>721.250</ele>
        <time>2026-02-01T16:41:18Z</time>
      </trkpt>
      <trkpt lat="43.236609" lon="-2.610135">
        <ele>721.462</ele>
        <time>2026-02-01T16:41:19Z</time>
      </trkpt>
      <trkpt lat="43.236591" lon="-2.610111">
        <ele>721.827</ele>
        <time>2026-02-01T16:41:20Z</time>
      </trkpt>
      <trkpt lat="43.236574" lon="-2.610088">
        <ele>722.098</ele>
        <time>2026-02-01T16:41:21Z</time>
      </trkpt>
      <trkpt lat="43.236562" lon="-2.610065">
        <ele>722.265</ele>
        <time>2026-02-01T16:41:22Z</time>
      </trkpt>
      <trkpt lat="43.236549" lon="-2.610039">
        <ele>722.630</ele>
        <time>2026-02-01T16:41:23Z</time>
      </trkpt>
      <trkpt lat="43.236535" lon="-2.610010">
        <ele>722.845</ele>
        <time>2026-02-01T16:41:24Z</time>
      </trkpt>
      <trkpt lat="43.236519" lon="-2.609986">
        <ele>723.214</ele>
        <time>2026-02-01T16:41:25Z</time>
      </trkpt>
      <trkpt lat="43.236502" lon="-2.609964">
        <ele>723.483</ele>
        <time>2026-02-01T16:41:26Z</time>
      </trkpt>
      <trkpt lat="43.236484" lon="-2.609943">
        <ele>723.845</ele>
        <time>2026-02-01T16:41:27Z</time>
      </trkpt>
      <trkpt lat="43.236467" lon="-2.609918">
        <ele>724.247</ele>
        <time>2026-02-01T16:41:28Z</time>
      </trkpt>
      <trkpt lat="43.236453" lon="-2.609891">
        <ele>724.611</ele>
        <time>2026-02-01T16:41:29Z</time>
      </trkpt>
      <trkpt lat="43.236439" lon="-2.609862">
        <ele>725.009</ele>
        <time>2026-02-01T16:41:30Z</time>
      </trkpt>
      <trkpt lat="43.236426" lon="-2.609834">
        <ele>725.256</ele>
        <time>2026-02-01T16:41:31Z</time>
      </trkpt>
      <trkpt lat="43.236412" lon="-2.609804">
        <ele>725.668</ele>
        <time>2026-02-01T16:41:32Z</time>
      </trkpt>
      <trkpt lat="43.236401" lon="-2.609777">
        <ele>725.823</ele>
        <time>2026-02-01T16:41:33Z</time>
      </trkpt>
      <trkpt lat="43.236389" lon="-2.609749">
        <ele>726.024</ele>
        <time>2026-02-01T16:41:34Z</time>
      </trkpt>
      <trkpt lat="43.236374" lon="-2.609721">
        <ele>726.491</ele>
        <time>2026-02-01T16:41:35Z</time>
      </trkpt>
      <trkpt lat="43.236360" lon="-2.609692">
        <ele>726.616</ele>
        <time>2026-02-01T16:41:36Z</time>
      </trkpt>
      <trkpt lat="43.236342" lon="-2.609668">
        <ele>726.811</ele>
        <time>2026-02-01T16:41:37Z</time>
      </trkpt>
      <trkpt lat="43.236323" lon="-2.609647">
        <ele>727.060</ele>
        <time>2026-02-01T16:41:38Z</time>
      </trkpt>
      <trkpt lat="43.236305" lon="-2.609624">
        <ele>727.259</ele>
        <time>2026-02-01T16:41:39Z</time>
      </trkpt>
      <trkpt lat="43.236289" lon="-2.609599">
        <ele>727.449</ele>
        <time>2026-02-01T16:41:40Z</time>
      </trkpt>
      <trkpt lat="43.236274" lon="-2.609575">
        <ele>727.602</ele>
        <time>2026-02-01T16:41:41Z</time>
      </trkpt>
      <trkpt lat="43.236259" lon="-2.609548">
        <ele>728.022</ele>
        <time>2026-02-01T16:41:42Z</time>
      </trkpt>
      <trkpt lat="43.236246" lon="-2.609521">
        <ele>728.209</ele>
        <time>2026-02-01T16:41:43Z</time>
      </trkpt>
      <trkpt lat="43.236232" lon="-2.609491">
        <ele>728.416</ele>
        <time>2026-02-01T16:41:44Z</time>
      </trkpt>
      <trkpt lat="43.236211" lon="-2.609466">
        <ele>728.638</ele>
        <time>2026-02-01T16:41:45Z</time>
      </trkpt>
      <trkpt lat="43.236193" lon="-2.609440">
        <ele>728.833</ele>
        <time>2026-02-01T16:41:46Z</time>
      </trkpt>
      <trkpt lat="43.236172" lon="-2.609409">
        <ele>728.874</ele>
        <time>2026-02-01T16:41:47Z</time>
      </trkpt>
      <trkpt lat="43.236154" lon="-2.609384">
        <ele>729.271</ele>
        <time>2026-02-01T16:41:48Z</time>
      </trkpt>
      <trkpt lat="43.236135" lon="-2.609359">
        <ele>729.496</ele>
        <time>2026-02-01T16:41:49Z</time>
      </trkpt>
      <trkpt lat="43.236118" lon="-2.609333">
        <ele>729.671</ele>
        <time>2026-02-01T16:41:50Z</time>
      </trkpt>
      <trkpt lat="43.236098" lon="-2.609306">
        <ele>729.880</ele>
        <time>2026-02-01T16:41:51Z</time>
      </trkpt>
      <trkpt lat="43.236079" lon="-2.609281">
        <ele>730.079</ele>
        <time>2026-02-01T16:41:52Z</time>
      </trkpt>
      <trkpt lat="43.236061" lon="-2.609255">
        <ele>730.269</ele>
        <time>2026-02-01T16:41:53Z</time>
      </trkpt>
      <trkpt lat="43.236043" lon="-2.609226">
        <ele>730.404</ele>
        <time>2026-02-01T16:41:54Z</time>
      </trkpt>
      <trkpt lat="43.236023" lon="-2.609200">
        <ele>730.624</ele>
        <time>2026-02-01T16:41:55Z</time>
      </trkpt>
      <trkpt lat="43.236004" lon="-2.609174">
        <ele>731.009</ele>
        <time>2026-02-01T16:41:56Z</time>
      </trkpt>
      <trkpt lat="43.235987" lon="-2.609148">
        <ele>731.298</ele>
        <time>2026-02-01T16:41:57Z</time>
      </trkpt>
      <trkpt lat="43.235969" lon="-2.609119">
        <ele>731.430</ele>
        <time>2026-02-01T16:41:58Z</time>
      </trkpt>
      <trkpt lat="43.235949" lon="-2.609091">
        <ele>731.685</ele>
        <time>2026-02-01T16:41:59Z</time>
      </trkpt>
      <trkpt lat="43.235929" lon="-2.609063">
        <ele>731.856</ele>
        <time>2026-02-01T16:42:00Z</time>
      </trkpt>
      <trkpt lat="43.235909" lon="-2.609036">
        <ele>732.033</ele>
        <time>2026-02-01T16:42:01Z</time>
      </trkpt>
      <trkpt lat="43.235891" lon="-2.609008">
        <ele>732.448</ele>
        <time>2026-02-01T16:42:02Z</time>
      </trkpt>
      <trkpt lat="43.235873" lon="-2.608980">
        <ele>732.623</ele>
        <time>2026-02-01T16:42:03Z</time>
      </trkpt>
      <trkpt lat="43.235853" lon="-2.608954">
        <ele>733.052</ele>
        <time>2026-02-01T16:42:04Z</time>
      </trkpt>
      <trkpt lat="43.235833" lon="-2.608932">
        <ele>733.621</ele>
        <time>2026-02-01T16:42:05Z</time>
      </trkpt>
      <trkpt lat="43.235814" lon="-2.608914">
        <ele>733.851</ele>
        <time>2026-02-01T16:42:06Z</time>
      </trkpt>
      <trkpt lat="43.235794" lon="-2.608910">
        <ele>734.001</ele>
        <time>2026-02-01T16:42:07Z</time>
      </trkpt>
      <trkpt lat="43.235770" lon="-2.608911">
        <ele>734.211</ele>
        <time>2026-02-01T16:42:08Z</time>
      </trkpt>
      <trkpt lat="43.235745" lon="-2.608913">
        <ele>734.609</ele>
        <time>2026-02-01T16:42:09Z</time>
      </trkpt>
      <trkpt lat="43.235729" lon="-2.608924">
        <ele>735.067</ele>
        <time>2026-02-01T16:42:10Z</time>
      </trkpt>
      <trkpt lat="43.235716" lon="-2.608945">
        <ele>735.279</ele>
        <time>2026-02-01T16:42:11Z</time>
      </trkpt>
      <trkpt lat="43.235712" lon="-2.608973">
        <ele>735.894</ele>
        <time>2026-02-01T16:42:12Z</time>
      </trkpt>
      <trkpt lat="43.235708" lon="-2.609002">
        <ele>736.465</ele>
        <time>2026-02-01T16:42:13Z</time>
      </trkpt>
      <trkpt lat="43.235710" lon="-2.609035">
        <ele>736.882</ele>
        <time>2026-02-01T16:42:14Z</time>
      </trkpt>
      <trkpt lat="43.235720" lon="-2.609065">
        <ele>737.277</ele>
        <time>2026-02-01T16:42:15Z</time>
      </trkpt>
      <trkpt lat="43.235732" lon="-2.609088">
        <ele>737.692</ele>
        <time>2026-02-01T16:42:16Z</time>
      </trkpt>
      <trkpt lat="43.235745" lon="-2.609107">
        <ele>738.061</ele>
        <time>2026-02-01T16:42:17Z</time>
      </trkpt>
      <trkpt lat="43.235761" lon="-2.609127">
        <ele>738.450</ele>
        <time>2026-02-01T16:42:18Z</time>
      </trkpt>
      <trkpt lat="43.235773" lon="-2.609148">
        <ele>738.649</ele>
        <time>2026-02-01T16:42:19Z</time>
      </trkpt>
      <trkpt lat="43.235787" lon="-2.609168">
        <ele>738.802</ele>
        <time>2026-02-01T16:42:20Z</time>
      </trkpt>
      <trkpt lat="43.235798" lon="-2.609186">
        <ele>739.022</ele>
        <time>2026-02-01T16:42:21Z</time>
      </trkpt>
      <trkpt lat="43.235809" lon="-2.609202">
        <ele>739.409</ele>
        <time>2026-02-01T16:42:22Z</time>
      </trkpt>
      <trkpt lat="43.235820" lon="-2.609220">
        <ele>739.666</ele>
        <time>2026-02-01T16:42:23Z</time>
      </trkpt>
      <trkpt lat="43.235835" lon="-2.609240">
        <ele>739.868</ele>
        <time>2026-02-01T16:42:24Z</time>
      </trkpt>
      <trkpt lat="43.235850" lon="-2.609261">
        <ele>740.293</ele>
        <time>2026-02-01T16:42:25Z</time>
      </trkpt>
      <trkpt lat="43.235863" lon="-2.609284">
        <ele>740.424</ele>
        <time>2026-02-01T16:42:26Z</time>
      </trkpt>
      <trkpt lat="43.235878" lon="-2.609308">
        <ele>740.871</ele>
        <time>2026-02-01T16:42:27Z</time>
      </trkpt>
      <trkpt lat="43.235895" lon="-2.609331">
        <ele>741.026</ele>
        <time>2026-02-01T16:42:28Z</time>
      </trkpt>
      <trkpt lat="43.235909" lon="-2.609360">
        <ele>741.221</ele>
        <time>2026-02-01T16:42:29Z</time>
      </trkpt>
      <trkpt lat="43.235924" lon="-2.609394">
        <ele>741.420</ele>
        <time>2026-02-01T16:42:30Z</time>
      </trkpt>
      <trkpt lat="43.235939" lon="-2.609428">
        <ele>741.629</ele>
        <time>2026-02-01T16:42:31Z</time>
      </trkpt>
      <trkpt lat="43.235950" lon="-2.609458">
        <ele>741.871</ele>
        <time>2026-02-01T16:42:32Z</time>
      </trkpt>
      <trkpt lat="43.235960" lon="-2.609492">
        <ele>741.841</ele>
        <time>2026-02-01T16:42:33Z</time>
      </trkpt>
      <trkpt lat="43.235969" lon="-2.609522">
        <ele>742.215</ele>
        <time>2026-02-01T16:42:34Z</time>
      </trkpt>
      <trkpt lat="43.235983" lon="-2.609555">
        <ele>742.409</ele>
        <time>2026-02-01T16:42:35Z</time>
      </trkpt>
      <trkpt lat="43.235997" lon="-2.609585">
        <ele>742.639</ele>
        <time>2026-02-01T16:42:36Z</time>
      </trkpt>
      <trkpt lat="43.236011" lon="-2.609619">
        <ele>742.841</ele>
        <time>2026-02-01T16:42:37Z</time>
      </trkpt>
      <trkpt lat="43.236023" lon="-2.609650">
        <ele>743.026</ele>
        <time>2026-02-01T16:42:38Z</time>
      </trkpt>
      <trkpt lat="43.236034" lon="-2.609685">
        <ele>743.257</ele>
        <time>2026-02-01T16:42:39Z</time>
      </trkpt>
      <trkpt lat="43.236044" lon="-2.609718">
        <ele>743.424</ele>
        <time>2026-02-01T16:42:40Z</time>
      </trkpt>
      <trkpt lat="43.236054" lon="-2.609752">
        <ele>743.619</ele>
        <time>2026-02-01T16:42:41Z</time>
      </trkpt>
      <trkpt lat="43.236062" lon="-2.609785">
        <ele>743.854</ele>
        <time>2026-02-01T16:42:42Z</time>
      </trkpt>
      <trkpt lat="43.236067" lon="-2.609818">
        <ele>744.053</ele>
        <time>2026-02-01T16:42:43Z</time>
      </trkpt>
      <trkpt lat="43.236077" lon="-2.609859">
        <ele>744.272</ele>
        <time>2026-02-01T16:42:44Z</time>
      </trkpt>
      <trkpt lat="43.236088" lon="-2.609895">
        <ele>744.449</ele>
        <time>2026-02-01T16:42:45Z</time>
      </trkpt>
      <trkpt lat="43.236095" lon="-2.609928">
        <ele>744.602</ele>
        <time>2026-02-01T16:42:46Z</time>
      </trkpt>
      <trkpt lat="43.236104" lon="-2.609962">
        <ele>744.822</ele>
        <time>2026-02-01T16:42:47Z</time>
      </trkpt>
      <trkpt lat="43.236111" lon="-2.609998">
        <ele>745.009</ele>
        <time>2026-02-01T16:42:48Z</time>
      </trkpt>
      <trkpt lat="43.236118" lon="-2.610031">
        <ele>745.476</ele>
        <time>2026-02-01T16:42:49Z</time>
      </trkpt>
      <trkpt lat="43.236127" lon="-2.610063">
        <ele>745.868</ele>
        <time>2026-02-01T16:42:50Z</time>
      </trkpt>
      <trkpt lat="43.236134" lon="-2.610101">
        <ele>746.253</ele>
        <time>2026-02-01T16:42:51Z</time>
      </trkpt>
      <trkpt lat="43.236141" lon="-2.610136">
        <ele>746.464</ele>
        <time>2026-02-01T16:42:52Z</time>
      </trkpt>
      <trkpt lat="43.236153" lon="-2.610168">
        <ele>746.631</ele>
        <time>2026-02-01T16:42:53Z</time>
      </trkpt>
      <trkpt lat="43.236163" lon="-2.610204">
        <ele>746.866</ele>
        <time>2026-02-01T16:42:54Z</time>
      </trkpt>
      <trkpt lat="43.236172" lon="-2.610239">
        <ele>747.061</ele>
        <time>2026-02-01T16:42:55Z</time>
      </trkpt>
      <trkpt lat="43.236179" lon="-2.610273">
        <ele>747.450</ele>
        <time>2026-02-01T16:42:56Z</time>
      </trkpt>
      <trkpt lat="43.236184" lon="-2.610306">
        <ele>747.899</ele>
        <time>2026-02-01T16:42:57Z</time>
      </trkpt>
      <trkpt lat="43.236190" lon="-2.610336">
        <ele>748.292</ele>
        <time>2026-02-01T16:42:58Z</time>
      </trkpt>
      <trkpt lat="43.236195" lon="-2.610372">
        <ele>748.673</ele>
        <time>2026-02-01T16:42:59Z</time>
      </trkpt>
      <trkpt lat="43.236203" lon="-2.610407">
        <ele>749.020</ele>
        <time>2026-02-01T16:43:00Z</time>
      </trkpt>
      <trkpt lat="43.236214" lon="-2.610444">
        <ele>749.409</ele>
        <time>2026-02-01T16:43:01Z</time>
      </trkpt>
      <trkpt lat="43.236223" lon="-2.610480">
        <ele>749.891</ele>
        <time>2026-02-01T16:43:02Z</time>
      </trkpt>
      <trkpt lat="43.236229" lon="-2.610517">
        <ele>750.223</ele>
        <time>2026-02-01T16:43:03Z</time>
      </trkpt>
      <trkpt lat="43.236232" lon="-2.610553">
        <ele>750.838</ele>
        <time>2026-02-01T16:43:04Z</time>
      </trkpt>
      <trkpt lat="43.236236" lon="-2.610592">
        <ele>751.269</ele>
        <time>2026-02-01T16:43:05Z</time>
      </trkpt>
      <trkpt lat="43.236243" lon="-2.610622">
        <ele>751.686</ele>
        <time>2026-02-01T16:43:06Z</time>
      </trkpt>
      <trkpt lat="43.236254" lon="-2.610651">
        <ele>751.861</ele>
        <time>2026-02-01T16:43:07Z</time>
      </trkpt>
      <trkpt lat="43.236266" lon="-2.610681">
        <ele>752.076</ele>
        <time>2026-02-01T16:43:08Z</time>
      </trkpt>
      <trkpt lat="43.236278" lon="-2.610710">
        <ele>752.265</ele>
        <time>2026-02-01T16:43:09Z</time>
      </trkpt>
      <trkpt lat="43.236289" lon="-2.610733">
        <ele>752.494</ele>
        <time>2026-02-01T16:43:10Z</time>
      </trkpt>
      <trkpt lat="43.236300" lon="-2.610762">
        <ele>752.636</ele>
        <time>2026-02-01T16:43:11Z</time>
      </trkpt>
      <trkpt lat="43.236308" lon="-2.610789">
        <ele>753.017</ele>
        <time>2026-02-01T16:43:12Z</time>
      </trkpt>
      <trkpt lat="43.236316" lon="-2.610820">
        <ele>753.418</ele>
        <time>2026-02-01T16:43:13Z</time>
      </trkpt>
      <trkpt lat="43.236324" lon="-2.610851">
        <ele>753.809</ele>
        <time>2026-02-01T16:43:14Z</time>
      </trkpt>
      <trkpt lat="43.236333" lon="-2.610883">
        <ele>754.085</ele>
        <time>2026-02-01T16:43:15Z</time>
      </trkpt>
      <trkpt lat="43.236345" lon="-2.610916">
        <ele>754.297</ele>
        <time>2026-02-01T16:43:16Z</time>
      </trkpt>
      <trkpt lat="43.236354" lon="-2.610949">
        <ele>754.462</ele>
        <time>2026-02-01T16:43:17Z</time>
      </trkpt>
      <trkpt lat="43.236356" lon="-2.610974">
        <ele>754.843</ele>
        <time>2026-02-01T16:43:18Z</time>
      </trkpt>
      <trkpt lat="43.236362" lon="-2.610998">
        <ele>755.030</ele>
        <time>2026-02-01T16:43:19Z</time>
      </trkpt>
      <trkpt lat="43.236369" lon="-2.611026">
        <ele>755.645</ele>
        <time>2026-02-01T16:43:20Z</time>
      </trkpt>
      <trkpt lat="43.236377" lon="-2.611057">
        <ele>756.280</ele>
        <time>2026-02-01T16:43:21Z</time>
      </trkpt>
      <trkpt lat="43.236383" lon="-2.611089">
        <ele>756.849</ele>
        <time>2026-02-01T16:43:22Z</time>
      </trkpt>
      <trkpt lat="43.236391" lon="-2.611118">
        <ele>757.498</ele>
        <time>2026-02-01T16:43:23Z</time>
      </trkpt>
      <trkpt lat="43.236398" lon="-2.611145">
        <ele>757.637</ele>
        <time>2026-02-01T16:43:24Z</time>
      </trkpt>
      <trkpt lat="43.236404" lon="-2.611174">
        <ele>757.849</ele>
        <time>2026-02-01T16:43:25Z</time>
      </trkpt>
      <trkpt lat="43.236412" lon="-2.611198">
        <ele>758.213</ele>
        <time>2026-02-01T16:43:26Z</time>
      </trkpt>
      <trkpt lat="43.236421" lon="-2.611227">
        <ele>758.409</ele>
        <time>2026-02-01T16:43:27Z</time>
      </trkpt>
      <trkpt lat="43.236428" lon="-2.611253">
        <ele>758.895</ele>
        <time>2026-02-01T16:43:28Z</time>
      </trkpt>
      <trkpt lat="43.236436" lon="-2.611279">
        <ele>759.057</ele>
        <time>2026-02-01T16:43:29Z</time>
      </trkpt>
      <trkpt lat="43.236443" lon="-2.611307">
        <ele>759.232</ele>
        <time>2026-02-01T16:43:30Z</time>
      </trkpt>
      <trkpt lat="43.236447" lon="-2.611335">
        <ele>759.633</ele>
        <time>2026-02-01T16:43:31Z</time>
      </trkpt>
      <trkpt lat="43.236452" lon="-2.611363">
        <ele>759.860</ele>
        <time>2026-02-01T16:43:32Z</time>
      </trkpt>
      <trkpt lat="43.236459" lon="-2.611389">
        <ele>760.055</ele>
        <time>2026-02-01T16:43:33Z</time>
      </trkpt>
      <trkpt lat="43.236468" lon="-2.611415">
        <ele>760.010</ele>
        <time>2026-02-01T16:43:34Z</time>
      </trkpt>
      <trkpt lat="43.236475" lon="-2.611442">
        <ele>760.229</ele>
        <time>2026-02-01T16:43:35Z</time>
      </trkpt>
      <trkpt lat="43.236483" lon="-2.611466">
        <ele>760.468</ele>
        <time>2026-02-01T16:43:36Z</time>
      </trkpt>
      <trkpt lat="43.236491" lon="-2.611492">
        <ele>760.678</ele>
        <time>2026-02-01T16:43:37Z</time>
      </trkpt>
      <trkpt lat="43.236497" lon="-2.611520">
        <ele>761.033</ele>
        <time>2026-02-01T16:43:38Z</time>
      </trkpt>
      <trkpt lat="43.236502" lon="-2.611548">
        <ele>761.426</ele>
        <time>2026-02-01T16:43:39Z</time>
      </trkpt>
      <trkpt lat="43.236509" lon="-2.611581">
        <ele>762.009</ele>
        <time>2026-02-01T16:43:40Z</time>
      </trkpt>
      <trkpt lat="43.236515" lon="-2.611609">
        <ele>762.439</ele>
        <time>2026-02-01T16:43:41Z</time>
      </trkpt>
      <trkpt lat="43.236524" lon="-2.611635">
        <ele>762.671</ele>
        <time>2026-02-01T16:43:42Z</time>
      </trkpt>
      <trkpt lat="43.236530" lon="-2.611660">
        <ele>762.856</ele>
        <time>2026-02-01T16:43:43Z</time>
      </trkpt>
      <trkpt lat="43.236536" lon="-2.611687">
        <ele>763.227</ele>
        <time>2026-02-01T16:43:44Z</time>
      </trkpt>
      <trkpt lat="43.236540" lon="-2.611715">
        <ele>763.454</ele>
        <time>2026-02-01T16:43:45Z</time>
      </trkpt>
      <trkpt lat="43.236546" lon="-2.611746">
        <ele>763.639</ele>
        <time>2026-02-01T16:43:46Z</time>
      </trkpt>
      <trkpt lat="43.236552" lon="-2.611772">
        <ele>764.244</ele>
        <time>2026-02-01T16:43:47Z</time>
      </trkpt>
      <trkpt lat="43.236557" lon="-2.611800">
        <ele>764.613</ele>
        <time>2026-02-01T16:43:48Z</time>
      </trkpt>
      <trkpt lat="43.236560" lon="-2.611828">
        <ele>765.232</ele>
        <time>2026-02-01T16:43:49Z</time>
      </trkpt>
      <trkpt lat="43.236561" lon="-2.611860">
        <ele>765.614</ele>
        <time>2026-02-01T16:43:50Z</time>
      </trkpt>
      <trkpt lat="43.236568" lon="-2.611891">
        <ele>765.854</ele>
        <time>2026-02-01T16:43:51Z</time>
      </trkpt>
      <trkpt lat="43.236577" lon="-2.611914">
        <ele>766.209</ele>
        <time>2026-02-01T16:43:52Z</time>
      </trkpt>
      <trkpt lat="43.236586" lon="-2.611942">
        <ele>766.409</ele>
        <time>2026-02-01T16:43:53Z</time>
      </trkpt>
      <trkpt lat="43.236590" lon="-2.611969">
        <ele>766.683</ele>
        <time>2026-02-01T16:43:54Z</time>
      </trkpt>
      <trkpt lat="43.236592" lon="-2.611997">
        <ele>766.845</ele>
        <time>2026-02-01T16:43:55Z</time>
      </trkpt>
      <trkpt lat="43.236592" lon="-2.612028">
        <ele>767.210</ele>
        <time>2026-02-01T16:43:56Z</time>
      </trkpt>
      <trkpt lat="43.236591" lon="-2.612058">
        <ele>767.461</ele>
        <time>2026-02-01T16:43:57Z</time>
      </trkpt>
      <trkpt lat="43.236589" lon="-2.612089">
        <ele>767.698</ele>
        <time>2026-02-01T16:43:58Z</time>
      </trkpt>
      <trkpt lat="43.236590" lon="-2.612120">
        <ele>767.833</ele>
        <time>2026-02-01T16:43:59Z</time>
      </trkpt>
      <trkpt lat="43.236595" lon="-2.612152">
        <ele>768.038</ele>
        <time>2026-02-01T16:44:00Z</time>
      </trkpt>
      <trkpt lat="43.236604" lon="-2.612184">
        <ele>768.427</ele>
        <time>2026-02-01T16:44:01Z</time>
      </trkpt>
      <trkpt lat="43.236609" lon="-2.612211">
        <ele>768.886</ele>
        <time>2026-02-01T16:44:02Z</time>
      </trkpt>
      <trkpt lat="43.236613" lon="-2.612240">
        <ele>769.022</ele>
        <time>2026-02-01T16:44:03Z</time>
      </trkpt>
      <trkpt lat="43.236614" lon="-2.612269">
        <ele>769.262</ele>
        <time>2026-02-01T16:44:04Z</time>
      </trkpt>
      <trkpt lat="43.236614" lon="-2.612297">
        <ele>769.608</ele>
        <time>2026-02-01T16:44:05Z</time>
      </trkpt>
      <trkpt lat="43.236613" lon="-2.612315">
        <ele>770.009</ele>
        <time>2026-02-01T16:44:06Z</time>
      </trkpt>
      <trkpt lat="43.236615" lon="-2.612343">
        <ele>770.474</ele>
        <time>2026-02-01T16:44:07Z</time>
      </trkpt>
      <trkpt lat="43.236619" lon="-2.612372">
        <ele>770.836</ele>
        <time>2026-02-01T16:44:08Z</time>
      </trkpt>
      <trkpt lat="43.236626" lon="-2.612399">
        <ele>771.421</ele>
        <time>2026-02-01T16:44:09Z</time>
      </trkpt>
      <trkpt lat="43.236636" lon="-2.612430">
        <ele>771.882</ele>
        <time>2026-02-01T16:44:10Z</time>
      </trkpt>
      <trkpt lat="43.236644" lon="-2.612457">
        <ele>772.239</ele>
        <time>2026-02-01T16:44:11Z</time>
      </trkpt>
      <trkpt lat="43.236649" lon="-2.612487">
        <ele>772.824</ele>
        <time>2026-02-01T16:44:12Z</time>
      </trkpt>
      <trkpt lat="43.236657" lon="-2.612515">
        <ele>773.029</ele>
        <time>2026-02-01T16:44:13Z</time>
      </trkpt>
      <trkpt lat="43.236668" lon="-2.612544">
        <ele>773.278</ele>
        <time>2026-02-01T16:44:14Z</time>
      </trkpt>
      <trkpt lat="43.236676" lon="-2.612576">
        <ele>773.417</ele>
        <time>2026-02-01T16:44:15Z</time>
      </trkpt>
      <trkpt lat="43.236685" lon="-2.612599">
        <ele>773.836</ele>
        <time>2026-02-01T16:44:16Z</time>
      </trkpt>
      <trkpt lat="43.236694" lon="-2.612627">
        <ele>774.017</ele>
        <time>2026-02-01T16:44:17Z</time>
      </trkpt>
      <trkpt lat="43.236701" lon="-2.612655">
        <ele>774.218</ele>
        <time>2026-02-01T16:44:18Z</time>
      </trkpt>
      <trkpt lat="43.236709" lon="-2.612681">
        <ele>774.609</ele>
        <time>2026-02-01T16:44:19Z</time>
      </trkpt>
      <trkpt lat="43.236719" lon="-2.612708">
        <ele>774.885</ele>
        <time>2026-02-01T16:44:20Z</time>
      </trkpt>
      <trkpt lat="43.236728" lon="-2.612735">
        <ele>775.247</ele>
        <time>2026-02-01T16:44:21Z</time>
      </trkpt>
      <trkpt lat="43.236735" lon="-2.612761">
        <ele>775.642</ele>
        <time>2026-02-01T16:44:22Z</time>
      </trkpt>
      <trkpt lat="43.236741" lon="-2.612790">
        <ele>776.033</ele>
        <time>2026-02-01T16:44:23Z</time>
      </trkpt>
      <trkpt lat="43.236747" lon="-2.612819">
        <ele>776.680</ele>
        <time>2026-02-01T16:44:24Z</time>
      </trkpt>
      <trkpt lat="43.236756" lon="-2.612846">
        <ele>777.065</ele>
        <time>2026-02-01T16:44:25Z</time>
      </trkpt>
      <trkpt lat="43.236767" lon="-2.612873">
        <ele>777.280</ele>
        <time>2026-02-01T16:44:26Z</time>
      </trkpt>
      <trkpt lat="43.236778" lon="-2.612896">
        <ele>777.699</ele>
        <time>2026-02-01T16:44:27Z</time>
      </trkpt>
      <trkpt lat="43.236787" lon="-2.612919">
        <ele>777.818</ele>
        <time>2026-02-01T16:44:28Z</time>
      </trkpt>
      <trkpt lat="43.236795" lon="-2.612947">
        <ele>778.087</ele>
        <time>2026-02-01T16:44:29Z</time>
      </trkpt>
      <trkpt lat="43.236803" lon="-2.612977">
        <ele>778.242</ele>
        <time>2026-02-01T16:44:30Z</time>
      </trkpt>
      <trkpt lat="43.236810" lon="-2.613005">
        <ele>778.426</ele>
        <time>2026-02-01T16:44:31Z</time>
      </trkpt>
      <trkpt lat="43.236816" lon="-2.613033">
        <ele>778.609</ele>
        <time>2026-02-01T16:44:32Z</time>
      </trkpt>
      <trkpt lat="43.236823" lon="-2.613059">
        <ele>778.620</ele>
        <time>2026-02-01T16:44:33Z</time>
      </trkpt>
      <trkpt lat="43.236833" lon="-2.613083">
        <ele>778.822</ele>
        <time>2026-02-01T16:44:34Z</time>
      </trkpt>
      <trkpt lat="43.236844" lon="-2.613103">
        <ele>779.217</ele>
        <time>2026-02-01T16:44:35Z</time>
      </trkpt>
      <trkpt lat="43.236853" lon="-2.613126">
        <ele>779.638</ele>
        <time>2026-02-01T16:44:36Z</time>
      </trkpt>
      <trkpt lat="43.236861" lon="-2.613151">
        <ele>780.295</ele>
        <time>2026-02-01T16:44:37Z</time>
      </trkpt>
      <trkpt lat="43.236868" lon="-2.613175">
        <ele>781.480</ele>
        <time>2026-02-01T16:44:38Z</time>
      </trkpt>
      <trkpt lat="43.236876" lon="-2.613194">
        <ele>782.045</ele>
        <time>2026-02-01T16:44:39Z</time>
      </trkpt>
      <trkpt lat="43.236882" lon="-2.613216">
        <ele>782.444</ele>
        <time>2026-02-01T16:44:40Z</time>
      </trkpt>
      <trkpt lat="43.236890" lon="-2.613237">
        <ele>782.633</ele>
        <time>2026-02-01T16:44:41Z</time>
      </trkpt>
      <trkpt lat="43.236895" lon="-2.613257">
        <ele>782.657</ele>
        <time>2026-02-01T16:44:42Z</time>
      </trkpt>
      <trkpt lat="43.236900" lon="-2.613279">
        <ele>782.800</ele>
        <time>2026-02-01T16:44:43Z</time>
      </trkpt>
      <trkpt lat="43.236903" lon="-2.613305">
        <ele>782.820</ele>
        <time>2026-02-01T16:44:44Z</time>
      </trkpt>
      <trkpt lat="43.236907" lon="-2.613329">
        <ele>783.009</ele>
        <time>2026-02-01T16:44:45Z</time>
      </trkpt>
      <trkpt lat="43.236912" lon="-2.613348">
        <ele>783.427</ele>
        <time>2026-02-01T16:44:46Z</time>
      </trkpt>
      <trkpt lat="43.236914" lon="-2.613365">
        <ele>784.079</ele>
        <time>2026-02-01T16:44:47Z</time>
      </trkpt>
      <trkpt lat="43.236914" lon="-2.613391">
        <ele>784.694</ele>
        <time>2026-02-01T16:44:48Z</time>
      </trkpt>
      <trkpt lat="43.236911" lon="-2.613414">
        <ele>785.475</ele>
        <time>2026-02-01T16:44:49Z</time>
      </trkpt>
      <trkpt lat="43.236908" lon="-2.613441">
        <ele>785.872</ele>
        <time>2026-02-01T16:44:50Z</time>
      </trkpt>
      <trkpt lat="43.236908" lon="-2.613460">
        <ele>786.277</ele>
        <time>2026-02-01T16:44:51Z</time>
      </trkpt>
      <trkpt lat="43.236908" lon="-2.613483">
        <ele>786.452</ele>
        <time>2026-02-01T16:44:52Z</time>
      </trkpt>
      <trkpt lat="43.236907" lon="-2.613504">
        <ele>786.831</ele>
        <time>2026-02-01T16:44:53Z</time>
      </trkpt>
      <trkpt lat="43.236905" lon="-2.613527">
        <ele>787.030</ele>
        <time>2026-02-01T16:44:54Z</time>
      </trkpt>
      <trkpt lat="43.236899" lon="-2.613549">
        <ele>787.457</ele>
        <time>2026-02-01T16:44:55Z</time>
      </trkpt>
      <trkpt lat="43.236890" lon="-2.613567">
        <ele>787.800</ele>
        <time>2026-02-01T16:44:56Z</time>
      </trkpt>
      <trkpt lat="43.236880" lon="-2.613586">
        <ele>788.020</ele>
        <time>2026-02-01T16:44:57Z</time>
      </trkpt>
      <trkpt lat="43.236869" lon="-2.613603">
        <ele>788.609</ele>
        <time>2026-02-01T16:44:58Z</time>
      </trkpt>
      <trkpt lat="43.236859" lon="-2.613620">
        <ele>789.047</ele>
        <time>2026-02-01T16:44:59Z</time>
      </trkpt>
      <trkpt lat="43.236852" lon="-2.613640">
        <ele>789.279</ele>
        <time>2026-02-01T16:45:00Z</time>
      </trkpt>
      <trkpt lat="43.236845" lon="-2.613664">
        <ele>789.474</ele>
        <time>2026-02-01T16:45:01Z</time>
      </trkpt>
      <trkpt lat="43.236841" lon="-2.613684">
        <ele>789.425</ele>
        <time>2026-02-01T16:45:02Z</time>
      </trkpt>
      <trkpt lat="43.236838" lon="-2.613705">
        <ele>789.432</ele>
        <time>2026-02-01T16:45:03Z</time>
      </trkpt>
      <trkpt lat="43.236834" lon="-2.613726">
        <ele>789.297</ele>
        <time>2026-02-01T16:45:04Z</time>
      </trkpt>
      <trkpt lat="43.236829" lon="-2.613747">
        <ele>789.222</ele>
        <time>2026-02-01T16:45:05Z</time>
      </trkpt>
      <trkpt lat="43.236822" lon="-2.613766">
        <ele>789.241</ele>
        <time>2026-02-01T16:45:06Z</time>
      </trkpt>
      <trkpt lat="43.236817" lon="-2.613773">
        <ele>789.270</ele>
        <time>2026-02-01T16:45:07Z</time>
      </trkpt>
      <trkpt lat="43.236820" lon="-2.613771">
        <ele>789.862</ele>
        <time>2026-02-01T16:45:08Z</time>
      </trkpt>
      <trkpt lat="43.236820" lon="-2.613771">
        <ele>790.283</ele>
        <time>2026-02-01T16:45:09Z</time>
      </trkpt>
      <trkpt lat="43.236822" lon="-2.613783">
        <ele>790.611</ele>
        <time>2026-02-01T16:45:10Z</time>
      </trkpt>
      <trkpt lat="43.236822" lon="-2.613783">
        <ele>791.009</ele>
        <time>2026-02-01T16:45:11Z</time>
      </trkpt>
      <trkpt lat="43.236822" lon="-2.613783">
        <ele>791.258</ele>
        <time>2026-02-01T16:45:12Z</time>
      </trkpt>
      <trkpt lat="43.236822" lon="-2.613783">
        <ele>791.620</ele>
        <time>2026-02-01T16:45:13Z</time>
      </trkpt>
      <trkpt lat="43.236822" lon="-2.613783">
        <ele>791.895</ele>
        <time>2026-02-01T16:45:14Z</time>
      </trkpt>
      <trkpt lat="43.236822" lon="-2.613783">
        <ele>792.066</ele>
        <time>2026-02-01T16:45:15Z</time>
      </trkpt>
      <trkpt lat="43.236822" lon="-2.613783">
        <ele>792.213</ele>
        <time>2026-02-01T16:45:16Z</time>
      </trkpt>
      <trkpt lat="43.236822" lon="-2.613783">
        <ele>792.018</ele>
        <time>2026-02-01T16:45:17Z</time>
      </trkpt>
      <trkpt lat="43.236822" lon="-2.613783">
        <ele>792.053</ele>
        <time>2026-02-01T16:45:18Z</time>
      </trkpt>
      <trkpt lat="43.236822" lon="-2.613783">
        <ele>791.852</ele>
        <time>2026-02-01T16:45:19Z</time>
      </trkpt>
      <trkpt lat="43.236822" lon="-2.613783">
        <ele>791.831</ele>
        <time>2026-02-01T16:45:20Z</time>
      </trkpt>
      <trkpt lat="43.236822" lon="-2.613783">
        <ele>791.861</ele>
        <time>2026-02-01T16:45:21Z</time>
      </trkpt>
      <trkpt lat="43.236822" lon="-2.613783">
        <ele>791.621</ele>
        <time>2026-02-01T16:45:22Z</time>
      </trkpt>
      <trkpt lat="43.236822" lon="-2.613783">
        <ele>791.613</ele>
        <time>2026-02-01T16:45:23Z</time>
      </trkpt>
      <trkpt lat="43.236822" lon="-2.613783">
        <ele>791.409</ele>
        <time>2026-02-01T16:45:24Z</time>
      </trkpt>
      <trkpt lat="43.236822" lon="-2.613783">
        <ele>791.468</ele>
        <time>2026-02-01T16:45:25Z</time>
      </trkpt>
      <trkpt lat="43.236822" lon="-2.613783">
        <ele>791.230</ele>
        <time>2026-02-01T16:45:26Z</time>
      </trkpt>
      <trkpt lat="43.236822" lon="-2.613783">
        <ele>791.235</ele>
        <time>2026-02-01T16:45:27Z</time>
      </trkpt>
      <trkpt lat="43.236822" lon="-2.613783">
        <ele>791.056</ele>
        <time>2026-02-01T16:45:28Z</time>
      </trkpt>
      <trkpt lat="43.236822" lon="-2.613783">
        <ele>790.853</ele>
        <time>2026-02-01T16:45:29Z</time>
      </trkpt>
      <trkpt lat="43.236822" lon="-2.613783">
        <ele>790.688</ele>
        <time>2026-02-01T16:45:30Z</time>
      </trkpt>
      <trkpt lat="43.236822" lon="-2.613783">
        <ele>790.483</ele>
        <time>2026-02-01T16:45:31Z</time>
      </trkpt>
      <trkpt lat="43.236822" lon="-2.613783">
        <ele>790.482</ele>
        <time>2026-02-01T16:45:32Z</time>
      </trkpt>
      <trkpt lat="43.236822" lon="-2.613783">
        <ele>790.241</ele>
        <time>2026-02-01T16:45:33Z</time>
      </trkpt>
      <trkpt lat="43.236822" lon="-2.613783">
        <ele>790.226</ele>
        <time>2026-02-01T16:45:34Z</time>
      </trkpt>
      <trkpt lat="43.236822" lon="-2.613783">
        <ele>790.447</ele>
        <time>2026-02-01T16:45:35Z</time>
      </trkpt>
      <trkpt lat="43.236822" lon="-2.613780">
        <ele>790.211</ele>
        <time>2026-02-01T16:45:36Z</time>
      </trkpt>
      <trkpt lat="43.236822" lon="-2.613783">
        <ele>790.209</ele>
        <time>2026-02-01T16:45:37Z</time>
      </trkpt>
      <trkpt lat="43.236822" lon="-2.613783">
        <ele>790.254</ele>
        <time>2026-02-01T16:45:38Z</time>
      </trkpt>
      <trkpt lat="43.236822" lon="-2.613783">
        <ele>790.426</ele>
        <time>2026-02-01T16:45:39Z</time>
      </trkpt>
      <trkpt lat="43.236822" lon="-2.613783">
        <ele>790.411</ele>
        <time>2026-02-01T16:45:40Z</time>
      </trkpt>
      <trkpt lat="43.236822" lon="-2.613783">
        <ele>790.842</ele>
        <time>2026-02-01T16:45:41Z</time>
      </trkpt>
      <trkpt lat="43.236822" lon="-2.613783">
        <ele>791.019</ele>
        <time>2026-02-01T16:45:42Z</time>
      </trkpt>
      <trkpt lat="43.236822" lon="-2.613783">
        <ele>791.024</ele>
        <time>2026-02-01T16:45:43Z</time>
      </trkpt>
      <trkpt lat="43.236822" lon="-2.613783">
        <ele>791.069</ele>
        <time>2026-02-01T16:45:44Z</time>
      </trkpt>
      <trkpt lat="43.236822" lon="-2.613783">
        <ele>791.018</ele>
        <time>2026-02-01T16:45:45Z</time>
      </trkpt>
      <trkpt lat="43.236820" lon="-2.613772">
        <ele>791.027</ele>
        <time>2026-02-01T16:45:46Z</time>
      </trkpt>
      <trkpt lat="43.236822" lon="-2.613783">
        <ele>791.094</ele>
        <time>2026-02-01T16:45:47Z</time>
      </trkpt>
      <trkpt lat="43.236822" lon="-2.613783">
        <ele>791.057</ele>
        <time>2026-02-01T16:45:48Z</time>
      </trkpt>
      <trkpt lat="43.236822" lon="-2.613783">
        <ele>791.022</ele>
        <time>2026-02-01T16:45:49Z</time>
      </trkpt>
      <trkpt lat="43.236822" lon="-2.613783">
        <ele>791.009</ele>
        <time>2026-02-01T16:45:50Z</time>
      </trkpt>
      <trkpt lat="43.236822" lon="-2.613783">
        <ele>790.891</ele>
        <time>2026-02-01T16:45:51Z</time>
      </trkpt>
      <trkpt lat="43.236822" lon="-2.613783">
        <ele>790.893</ele>
        <time>2026-02-01T16:45:52Z</time>
      </trkpt>
      <trkpt lat="43.236822" lon="-2.613783">
        <ele>790.638</ele>
        <time>2026-02-01T16:45:53Z</time>
      </trkpt>
      <trkpt lat="43.236822" lon="-2.613783">
        <ele>790.819</ele>
        <time>2026-02-01T16:45:54Z</time>
      </trkpt>
      <trkpt lat="43.236822" lon="-2.613783">
        <ele>790.886</ele>
        <time>2026-02-01T16:45:55Z</time>
      </trkpt>
      <trkpt lat="43.236822" lon="-2.613783">
        <ele>791.031</ele>
        <time>2026-02-01T16:45:56Z</time>
      </trkpt>
      <trkpt lat="43.236822" lon="-2.613783">
        <ele>791.226</ele>
        <time>2026-02-01T16:45:57Z</time>
      </trkpt>
      <trkpt lat="43.236822" lon="-2.613783">
        <ele>791.295</ele>
        <time>2026-02-01T16:45:58Z</time>
      </trkpt>
      <trkpt lat="43.236822" lon="-2.613783">
        <ele>791.084</ele>
        <time>2026-02-01T16:45:59Z</time>
      </trkpt>
      <trkpt lat="43.236822" lon="-2.613783">
        <ele>790.849</ele>
        <time>2026-02-01T16:46:00Z</time>
      </trkpt>
      <trkpt lat="43.236822" lon="-2.613783">
        <ele>790.602</ele>
        <time>2026-02-01T16:46:01Z</time>
      </trkpt>
      <trkpt lat="43.236822" lon="-2.613783">
        <ele>790.422</ele>
        <time>2026-02-01T16:46:02Z</time>
      </trkpt>
      <trkpt lat="43.236822" lon="-2.613783">
        <ele>790.209</ele>
        <time>2026-02-01T16:46:03Z</time>
      </trkpt>
      <trkpt lat="43.236822" lon="-2.613783">
        <ele>790.086</ele>
        <time>2026-02-01T16:46:04Z</time>
      </trkpt>
      <trkpt lat="43.236822" lon="-2.613783">
        <ele>790.018</ele>
        <time>2026-02-01T16:46:05Z</time>
      </trkpt>
      <trkpt lat="43.236822" lon="-2.613783">
        <ele>790.063</ele>
        <time>2026-02-01T16:46:06Z</time>
      </trkpt>
      <trkpt lat="43.236822" lon="-2.613783">
        <ele>789.814</ele>
        <time>2026-02-01T16:46:07Z</time>
      </trkpt>
      <trkpt lat="43.236822" lon="-2.613783">
        <ele>789.691</ele>
        <time>2026-02-01T16:46:08Z</time>
      </trkpt>
      <trkpt lat="43.236822" lon="-2.613783">
        <ele>789.486</ele>
        <time>2026-02-01T16:46:09Z</time>
      </trkpt>
      <trkpt lat="43.236822" lon="-2.613783">
        <ele>789.241</ele>
        <time>2026-02-01T16:46:10Z</time>
      </trkpt>
      <trkpt lat="43.236822" lon="-2.613783">
        <ele>789.220</ele>
        <time>2026-02-01T16:46:11Z</time>
      </trkpt>
      <trkpt lat="43.236822" lon="-2.613783">
        <ele>789.269</ele>
        <time>2026-02-01T16:46:12Z</time>
      </trkpt>
      <trkpt lat="43.236822" lon="-2.613783">
        <ele>789.021</ele>
        <time>2026-02-01T16:46:13Z</time>
      </trkpt>
      <trkpt lat="43.236822" lon="-2.613783">
        <ele>789.041</ele>
        <time>2026-02-01T16:46:14Z</time>
      </trkpt>
      <trkpt lat="43.236822" lon="-2.613783">
        <ele>788.805</ele>
        <time>2026-02-01T16:46:15Z</time>
      </trkpt>
      <trkpt lat="43.236822" lon="-2.613783">
        <ele>788.609</ele>
        <time>2026-02-01T16:46:16Z</time>
      </trkpt>
      <trkpt lat="43.236822" lon="-2.613783">
        <ele>788.454</ele>
        <time>2026-02-01T16:46:17Z</time>
      </trkpt>
      <trkpt lat="43.236822" lon="-2.613783">
        <ele>788.276</ele>
        <time>2026-02-01T16:46:18Z</time>
      </trkpt>
      <trkpt lat="43.236822" lon="-2.613783">
        <ele>788.271</ele>
        <time>2026-02-01T16:46:19Z</time>
      </trkpt>
      <trkpt lat="43.236822" lon="-2.613783">
        <ele>788.412</ele>
        <time>2026-02-01T16:46:20Z</time>
      </trkpt>
      <trkpt lat="43.236822" lon="-2.613783">
        <ele>788.219</ele>
        <time>2026-02-01T16:46:21Z</time>
      </trkpt>
      <trkpt lat="43.236822" lon="-2.613783">
        <ele>788.274</ele>
        <time>2026-02-01T16:46:22Z</time>
      </trkpt>
      <trkpt lat="43.236822" lon="-2.613783">
        <ele>788.469</ele>
        <time>2026-02-01T16:46:23Z</time>
      </trkpt>
      <trkpt lat="43.236822" lon="-2.613783">
        <ele>788.428</ele>
        <time>2026-02-01T16:46:24Z</time>
      </trkpt>
      <trkpt lat="43.236822" lon="-2.613783">
        <ele>788.657</ele>
        <time>2026-02-01T16:46:25Z</time>
      </trkpt>
      <trkpt lat="43.236819" lon="-2.613772">
        <ele>789.284</ele>
        <time>2026-02-01T16:46:26Z</time>
      </trkpt>
      <trkpt lat="43.236818" lon="-2.613767">
        <ele>789.807</ele>
        <time>2026-02-01T16:46:27Z</time>
      </trkpt>
      <trkpt lat="43.236822" lon="-2.613771">
        <ele>790.417</ele>
        <time>2026-02-01T16:46:28Z</time>
      </trkpt>
      <trkpt lat="43.236822" lon="-2.613783">
        <ele>790.809</ele>
        <time>2026-02-01T16:46:29Z</time>
      </trkpt>
      <trkpt lat="43.236820" lon="-2.613769">
        <ele>791.690</ele>
        <time>2026-02-01T16:46:30Z</time>
      </trkpt>
      <trkpt lat="43.236817" lon="-2.613763">
        <ele>791.842</ele>
        <time>2026-02-01T16:46:31Z</time>
      </trkpt>
      <trkpt lat="43.236816" lon="-2.613763">
        <ele>792.077</ele>
        <time>2026-02-01T16:46:32Z</time>
      </trkpt>
      <trkpt lat="43.236816" lon="-2.613763">
        <ele>792.218</ele>
        <time>2026-02-01T16:46:33Z</time>
      </trkpt>
      <trkpt lat="43.236808" lon="-2.613757">
        <ele>792.685</ele>
        <time>2026-02-01T16:46:34Z</time>
      </trkpt>
      <trkpt lat="43.236798" lon="-2.613745">
        <ele>793.020</ele>
        <time>2026-02-01T16:46:35Z</time>
      </trkpt>
      <trkpt lat="43.236792" lon="-2.613730">
        <ele>793.675</ele>
        <time>2026-02-01T16:46:36Z</time>
      </trkpt>
      <trkpt lat="43.236791" lon="-2.613713">
        <ele>793.614</ele>
        <time>2026-02-01T16:46:37Z</time>
      </trkpt>
      <trkpt lat="43.236786" lon="-2.613685">
        <ele>793.693</ele>
        <time>2026-02-01T16:46:38Z</time>
      </trkpt>
      <trkpt lat="43.236776" lon="-2.613657">
        <ele>793.042</ele>
        <time>2026-02-01T16:46:39Z</time>
      </trkpt>
      <trkpt lat="43.236758" lon="-2.613623">
        <ele>792.822</ele>
        <time>2026-02-01T16:46:40Z</time>
      </trkpt>
      <trkpt lat="43.236729" lon="-2.613603">
        <ele>792.814</ele>
        <time>2026-02-01T16:46:41Z</time>
      </trkpt>
      <trkpt lat="43.236699" lon="-2.613593">
        <ele>793.009</ele>
        <time>2026-02-01T16:46:42Z</time>
      </trkpt>
      <trkpt lat="43.236666" lon="-2.613578">
        <ele>793.496</ele>
        <time>2026-02-01T16:46:43Z</time>
      </trkpt>
      <trkpt lat="43.236640" lon="-2.613551">
        <ele>793.688</ele>
        <time>2026-02-01T16:46:44Z</time>
      </trkpt>
      <trkpt lat="43.236614" lon="-2.613513">
        <ele>793.473</ele>
        <time>2026-02-01T16:46:45Z</time>
      </trkpt>
      <trkpt lat="43.236594" lon="-2.613478">
        <ele>792.874</ele>
        <time>2026-02-01T16:46:46Z</time>
      </trkpt>
      <trkpt lat="43.236573" lon="-2.613441">
        <ele>792.041</ele>
        <time>2026-02-01T16:46:47Z</time>
      </trkpt>
      <trkpt lat="43.236556" lon="-2.613400">
        <ele>792.096</ele>
        <time>2026-02-01T16:46:48Z</time>
      </trkpt>
      <trkpt lat="43.236537" lon="-2.613358">
        <ele>792.291</ele>
        <time>2026-02-01T16:46:49Z</time>
      </trkpt>
      <trkpt lat="43.236521" lon="-2.613318">
        <ele>792.470</ele>
        <time>2026-02-01T16:46:50Z</time>
      </trkpt>
      <trkpt lat="43.236506" lon="-2.613281">
        <ele>792.839</ele>
        <time>2026-02-01T16:46:51Z</time>
      </trkpt>
      <trkpt lat="43.236496" lon="-2.613246">
        <ele>793.664</ele>
        <time>2026-02-01T16:46:52Z</time>
      </trkpt>
      <trkpt lat="43.236483" lon="-2.613206">
        <ele>794.206</ele>
        <time>2026-02-01T16:46:53Z</time>
      </trkpt>
      <trkpt lat="43.236471" lon="-2.613164">
        <ele>794.616</ele>
        <time>2026-02-01T16:46:54Z</time>
      </trkpt>
      <trkpt lat="43.236456" lon="-2.613120">
        <ele>795.009</ele>
        <time>2026-02-01T16:46:55Z</time>
      </trkpt>
      <trkpt lat="43.236437" lon="-2.613072">
        <ele>795.418</ele>
        <time>2026-02-01T16:46:56Z</time>
      </trkpt>
      <trkpt lat="43.236417" lon="-2.613024">
        <ele>795.210</ele>
        <time>2026-02-01T16:46:57Z</time>
      </trkpt>
      <trkpt lat="43.236402" lon="-2.612975">
        <ele>795.015</ele>
        <time>2026-02-01T16:46:58Z</time>
      </trkpt>
      <trkpt lat="43.236391" lon="-2.612921">
        <ele>794.816</ele>
        <time>2026-02-01T16:46:59Z</time>
      </trkpt>
      <trkpt lat="43.236382" lon="-2.612859">
        <ele>794.863</ele>
        <time>2026-02-01T16:47:00Z</time>
      </trkpt>
      <trkpt lat="43.236369" lon="-2.612793">
        <ele>794.868</ele>
        <time>2026-02-01T16:47:01Z</time>
      </trkpt>
      <trkpt lat="43.236352" lon="-2.612725">
        <ele>795.083</ele>
        <time>2026-02-01T16:47:02Z</time>
      </trkpt>
      <trkpt lat="43.236328" lon="-2.612660">
        <ele>795.242</ele>
        <time>2026-02-01T16:47:03Z</time>
      </trkpt>
      <trkpt lat="43.236298" lon="-2.612596">
        <ele>795.491</ele>
        <time>2026-02-01T16:47:04Z</time>
      </trkpt>
      <trkpt lat="43.236261" lon="-2.612532">
        <ele>795.237</ele>
        <time>2026-02-01T16:47:05Z</time>
      </trkpt>
      <trkpt lat="43.236223" lon="-2.612469">
        <ele>794.849</ele>
        <time>2026-02-01T16:47:06Z</time>
      </trkpt>
      <trkpt lat="43.236184" lon="-2.612412">
        <ele>794.013</ele>
        <time>2026-02-01T16:47:07Z</time>
      </trkpt>
      <trkpt lat="43.236147" lon="-2.612355">
        <ele>793.809</ele>
        <time>2026-02-01T16:47:08Z</time>
      </trkpt>
      <trkpt lat="43.236110" lon="-2.612301">
        <ele>794.225</ele>
        <time>2026-02-01T16:47:09Z</time>
      </trkpt>
      <trkpt lat="43.236076" lon="-2.612256">
        <ele>794.887</ele>
        <time>2026-02-01T16:47:10Z</time>
      </trkpt>
      <trkpt lat="43.236040" lon="-2.612213">
        <ele>795.412</ele>
        <time>2026-02-01T16:47:11Z</time>
      </trkpt>
      <trkpt lat="43.236010" lon="-2.612167">
        <ele>796.263</ele>
        <time>2026-02-01T16:47:12Z</time>
      </trkpt>
      <trkpt lat="43.235983" lon="-2.612121">
        <ele>796.630</ele>
        <time>2026-02-01T16:47:13Z</time>
      </trkpt>
      <trkpt lat="43.235955" lon="-2.612074">
        <ele>796.455</ele>
        <time>2026-02-01T16:47:14Z</time>
      </trkpt>
      <trkpt lat="43.235929" lon="-2.612024">
        <ele>795.850</ele>
        <time>2026-02-01T16:47:15Z</time>
      </trkpt>
      <trkpt lat="43.235901" lon="-2.611974">
        <ele>795.689</ele>
        <time>2026-02-01T16:47:16Z</time>
      </trkpt>
      <trkpt lat="43.235873" lon="-2.611939">
        <ele>795.888</ele>
        <time>2026-02-01T16:47:17Z</time>
      </trkpt>
      <trkpt lat="43.235847" lon="-2.611899">
        <ele>796.414</ele>
        <time>2026-02-01T16:47:18Z</time>
      </trkpt>
      <trkpt lat="43.235819" lon="-2.611856">
        <ele>796.654</ele>
        <time>2026-02-01T16:47:19Z</time>
      </trkpt>
      <trkpt lat="43.235793" lon="-2.611809">
        <ele>797.209</ele>
        <time>2026-02-01T16:47:20Z</time>
      </trkpt>
      <trkpt lat="43.235766" lon="-2.611763">
        <ele>797.209</ele>
        <time>2026-02-01T16:47:21Z</time>
      </trkpt>
      <trkpt lat="43.235741" lon="-2.611716">
        <ele>797.273</ele>
        <time>2026-02-01T16:47:22Z</time>
      </trkpt>
      <trkpt lat="43.235715" lon="-2.611671">
        <ele>797.225</ele>
        <time>2026-02-01T16:47:23Z</time>
      </trkpt>
      <trkpt lat="43.235689" lon="-2.611632">
        <ele>797.460</ele>
        <time>2026-02-01T16:47:24Z</time>
      </trkpt>
      <trkpt lat="43.235664" lon="-2.611598">
        <ele>797.811</ele>
        <time>2026-02-01T16:47:25Z</time>
      </trkpt>
      <trkpt lat="43.235637" lon="-2.611565">
        <ele>798.488</ele>
        <time>2026-02-01T16:47:26Z</time>
      </trkpt>
      <trkpt lat="43.235611" lon="-2.611534">
        <ele>798.873</ele>
        <time>2026-02-01T16:47:27Z</time>
      </trkpt>
      <trkpt lat="43.235586" lon="-2.611507">
        <ele>799.658</ele>
        <time>2026-02-01T16:47:28Z</time>
      </trkpt>
      <trkpt lat="43.235559" lon="-2.611482">
        <ele>800.057</ele>
        <time>2026-02-01T16:47:29Z</time>
      </trkpt>
      <trkpt lat="43.235530" lon="-2.611461">
        <ele>800.236</ele>
        <time>2026-02-01T16:47:30Z</time>
      </trkpt>
      <trkpt lat="43.235504" lon="-2.611440">
        <ele>800.212</ele>
        <time>2026-02-01T16:47:31Z</time>
      </trkpt>
      <trkpt lat="43.235484" lon="-2.611411">
        <ele>799.632</ele>
        <time>2026-02-01T16:47:32Z</time>
      </trkpt>
      <trkpt lat="43.235465" lon="-2.611385">
        <ele>799.005</ele>
        <time>2026-02-01T16:47:33Z</time>
      </trkpt>
      <trkpt lat="43.235440" lon="-2.611359">
        <ele>799.009</ele>
        <time>2026-02-01T16:47:34Z</time>
      </trkpt>
      <trkpt lat="43.235416" lon="-2.611328">
        <ele>799.693</ele>
        <time>2026-02-01T16:47:35Z</time>
      </trkpt>
      <trkpt lat="43.235390" lon="-2.611300">
        <ele>800.475</ele>
        <time>2026-02-01T16:47:36Z</time>
      </trkpt>
      <trkpt lat="43.235366" lon="-2.611275">
        <ele>800.810</ele>
        <time>2026-02-01T16:47:37Z</time>
      </trkpt>
      <trkpt lat="43.235338" lon="-2.611256">
        <ele>801.481</ele>
        <time>2026-02-01T16:47:38Z</time>
      </trkpt>
      <trkpt lat="43.235306" lon="-2.611250">
        <ele>801.668</ele>
        <time>2026-02-01T16:47:39Z</time>
      </trkpt>
      <trkpt lat="43.235275" lon="-2.611240">
        <ele>801.663</ele>
        <time>2026-02-01T16:47:40Z</time>
      </trkpt>
      <trkpt lat="43.235246" lon="-2.611226">
        <ele>800.488</ele>
        <time>2026-02-01T16:47:41Z</time>
      </trkpt>
      <trkpt lat="43.235210" lon="-2.611219">
        <ele>800.087</ele>
        <time>2026-02-01T16:47:42Z</time>
      </trkpt>
      <trkpt lat="43.235176" lon="-2.611225">
        <ele>799.436</ele>
        <time>2026-02-01T16:47:43Z</time>
      </trkpt>
      <trkpt lat="43.235140" lon="-2.611226">
        <ele>799.046</ele>
        <time>2026-02-01T16:47:44Z</time>
      </trkpt>
      <trkpt lat="43.235103" lon="-2.611224">
        <ele>799.888</ele>
        <time>2026-02-01T16:47:45Z</time>
      </trkpt>
      <trkpt lat="43.235064" lon="-2.611219">
        <ele>801.216</ele>
        <time>2026-02-01T16:47:46Z</time>
      </trkpt>
      <trkpt lat="43.235021" lon="-2.611218">
        <ele>801.609</ele>
        <time>2026-02-01T16:47:47Z</time>
      </trkpt>
      <trkpt lat="43.234968" lon="-2.611208">
        <ele>801.866</ele>
        <time>2026-02-01T16:47:48Z</time>
      </trkpt>
      <trkpt lat="43.234913" lon="-2.611198">
        <ele>801.418</ele>
        <time>2026-02-01T16:47:49Z</time>
      </trkpt>
      <trkpt lat="43.234855" lon="-2.611184">
        <ele>800.633</ele>
        <time>2026-02-01T16:47:50Z</time>
      </trkpt>
      <trkpt lat="43.234795" lon="-2.611170">
        <ele>799.444</ele>
        <time>2026-02-01T16:47:51Z</time>
      </trkpt>
      <trkpt lat="43.234734" lon="-2.611159">
        <ele>797.221</ele>
        <time>2026-02-01T16:47:52Z</time>
      </trkpt>
      <trkpt lat="43.234669" lon="-2.611149">
        <ele>795.096</ele>
        <time>2026-02-01T16:47:53Z</time>
      </trkpt>
      <trkpt lat="43.234605" lon="-2.611138">
        <ele>793.661</ele>
        <time>2026-02-01T16:47:54Z</time>
      </trkpt>
      <trkpt lat="43.234540" lon="-2.611127">
        <ele>793.040</ele>
        <time>2026-02-01T16:47:55Z</time>
      </trkpt>
      <trkpt lat="43.234470" lon="-2.611124">
        <ele>792.259</ele>
        <time>2026-02-01T16:47:56Z</time>
      </trkpt>
      <trkpt lat="43.234400" lon="-2.611134">
        <ele>792.265</ele>
        <time>2026-02-01T16:47:57Z</time>
      </trkpt>
      <trkpt lat="43.234326" lon="-2.611145">
        <ele>791.668</ele>
        <time>2026-02-01T16:47:58Z</time>
      </trkpt>
      <trkpt lat="43.234252" lon="-2.611164">
        <ele>790.414</ele>
        <time>2026-02-01T16:47:59Z</time>
      </trkpt>
      <trkpt lat="43.234173" lon="-2.611185">
        <ele>790.009</ele>
        <time>2026-02-01T16:48:00Z</time>
      </trkpt>
      <trkpt lat="43.234096" lon="-2.611212">
        <ele>789.258</ele>
        <time>2026-02-01T16:48:01Z</time>
      </trkpt>
      <trkpt lat="43.234017" lon="-2.611236">
        <ele>789.420</ele>
        <time>2026-02-01T16:48:02Z</time>
      </trkpt>
      <trkpt lat="43.233933" lon="-2.611264">
        <ele>789.625</ele>
        <time>2026-02-01T16:48:03Z</time>
      </trkpt>
      <trkpt lat="43.233850" lon="-2.611287">
        <ele>789.696</ele>
        <time>2026-02-01T16:48:04Z</time>
      </trkpt>
      <trkpt lat="43.233765" lon="-2.611300">
        <ele>788.843</ele>
        <time>2026-02-01T16:48:05Z</time>
      </trkpt>
      <trkpt lat="43.233687" lon="-2.611281">
        <ele>787.898</ele>
        <time>2026-02-01T16:48:06Z</time>
      </trkpt>
      <trkpt lat="43.233616" lon="-2.611238">
        <ele>786.293</ele>
        <time>2026-02-01T16:48:07Z</time>
      </trkpt>
      <trkpt lat="43.233549" lon="-2.611176">
        <ele>784.852</ele>
        <time>2026-02-01T16:48:08Z</time>
      </trkpt>
      <trkpt lat="43.233481" lon="-2.611110">
        <ele>784.471</ele>
        <time>2026-02-01T16:48:09Z</time>
      </trkpt>
      <trkpt lat="43.233410" lon="-2.611041">
        <ele>784.695</ele>
        <time>2026-02-01T16:48:10Z</time>
      </trkpt>
      <trkpt lat="43.233336" lon="-2.610971">
        <ele>784.849</ele>
        <time>2026-02-01T16:48:11Z</time>
      </trkpt>
      <trkpt lat="43.233260" lon="-2.610897">
        <ele>784.423</ele>
        <time>2026-02-01T16:48:12Z</time>
      </trkpt>
      <trkpt lat="43.233183" lon="-2.610822">
        <ele>783.809</ele>
        <time>2026-02-01T16:48:13Z</time>
      </trkpt>
      <trkpt lat="43.233103" lon="-2.610751">
        <ele>782.821</ele>
        <time>2026-02-01T16:48:14Z</time>
      </trkpt>
      <trkpt lat="43.233015" lon="-2.610688">
        <ele>782.253</ele>
        <time>2026-02-01T16:48:15Z</time>
      </trkpt>
      <trkpt lat="43.232926" lon="-2.610628">
        <ele>781.028</ele>
        <time>2026-02-01T16:48:16Z</time>
      </trkpt>
      <trkpt lat="43.232833" lon="-2.610573">
        <ele>779.699</ele>
        <time>2026-02-01T16:48:17Z</time>
      </trkpt>
      <trkpt lat="43.232743" lon="-2.610522">
        <ele>779.456</ele>
        <time>2026-02-01T16:48:18Z</time>
      </trkpt>
      <trkpt lat="43.232648" lon="-2.610481">
        <ele>776.831</ele>
        <time>2026-02-01T16:48:19Z</time>
      </trkpt>
      <trkpt lat="43.232550" lon="-2.610462">
        <ele>775.096</ele>
        <time>2026-02-01T16:48:20Z</time>
      </trkpt>
      <trkpt lat="43.232451" lon="-2.610443">
        <ele>773.675</ele>
        <time>2026-02-01T16:48:21Z</time>
      </trkpt>
      <trkpt lat="43.232355" lon="-2.610405">
        <ele>772.894</ele>
        <time>2026-02-01T16:48:22Z</time>
      </trkpt>
      <trkpt lat="43.232261" lon="-2.610349">
        <ele>772.613</ele>
        <time>2026-02-01T16:48:23Z</time>
      </trkpt>
      <trkpt lat="43.232173" lon="-2.610285">
        <ele>772.843</ele>
        <time>2026-02-01T16:48:24Z</time>
      </trkpt>
      <trkpt lat="43.232089" lon="-2.610214">
        <ele>773.207</ele>
        <time>2026-02-01T16:48:25Z</time>
      </trkpt>
      <trkpt lat="43.232005" lon="-2.610142">
        <ele>773.409</ele>
        <time>2026-02-01T16:48:26Z</time>
      </trkpt>
      <trkpt lat="43.231919" lon="-2.610085">
        <ele>772.413</ele>
        <time>2026-02-01T16:48:27Z</time>
      </trkpt>
      <trkpt lat="43.231825" lon="-2.610032">
        <ele>771.835</ele>
        <time>2026-02-01T16:48:28Z</time>
      </trkpt>
      <trkpt lat="43.231724" lon="-2.609989">
        <ele>771.280</ele>
        <time>2026-02-01T16:48:29Z</time>
      </trkpt>
      <trkpt lat="43.231618" lon="-2.609974">
        <ele>769.471</ele>
        <time>2026-02-01T16:48:30Z</time>
      </trkpt>
      <trkpt lat="43.231512" lon="-2.609978">
        <ele>768.478</ele>
        <time>2026-02-01T16:48:31Z</time>
      </trkpt>
      <trkpt lat="43.231407" lon="-2.610001">
        <ele>768.423</ele>
        <time>2026-02-01T16:48:32Z</time>
      </trkpt>
      <trkpt lat="43.231306" lon="-2.610040">
        <ele>768.078</ele>
        <time>2026-02-01T16:48:33Z</time>
      </trkpt>
      <trkpt lat="43.231205" lon="-2.610106">
        <ele>766.417</ele>
        <time>2026-02-01T16:48:34Z</time>
      </trkpt>
      <trkpt lat="43.231114" lon="-2.610190">
        <ele>764.086</ele>
        <time>2026-02-01T16:48:35Z</time>
      </trkpt>
      <trkpt lat="43.231012" lon="-2.610256">
        <ele>760.887</ele>
        <time>2026-02-01T16:48:36Z</time>
      </trkpt>
      <trkpt lat="43.230901" lon="-2.610301">
        <ele>757.642</ele>
        <time>2026-02-01T16:48:37Z</time>
      </trkpt>
      <trkpt lat="43.230791" lon="-2.610343">
        <ele>754.426</ele>
        <time>2026-02-01T16:48:38Z</time>
      </trkpt>
      <trkpt lat="43.230684" lon="-2.610405">
        <ele>753.009</ele>
        <time>2026-02-01T16:48:39Z</time>
      </trkpt>
      <trkpt lat="43.230582" lon="-2.610493">
        <ele>751.680</ele>
        <time>2026-02-01T16:48:40Z</time>
      </trkpt>
      <trkpt lat="43.230486" lon="-2.610587">
        <ele>750.672</ele>
        <time>2026-02-01T16:48:41Z</time>
      </trkpt>
      <trkpt lat="43.230382" lon="-2.610673">
        <ele>749.487</ele>
        <time>2026-02-01T16:48:42Z</time>
      </trkpt>
      <trkpt lat="43.230272" lon="-2.610740">
        <ele>748.218</ele>
        <time>2026-02-01T16:48:43Z</time>
      </trkpt>
      <trkpt lat="43.230160" lon="-2.610793">
        <ele>746.885</ele>
        <time>2026-02-01T16:48:44Z</time>
      </trkpt>
      <trkpt lat="43.230050" lon="-2.610829">
        <ele>745.280</ele>
        <time>2026-02-01T16:48:45Z</time>
      </trkpt>
      <trkpt lat="43.229945" lon="-2.610820">
        <ele>744.835</ele>
        <time>2026-02-01T16:48:46Z</time>
      </trkpt>
      <trkpt lat="43.229851" lon="-2.610764">
        <ele>746.074</ele>
        <time>2026-02-01T16:48:47Z</time>
      </trkpt>
      <trkpt lat="43.229764" lon="-2.610702">
        <ele>746.483</ele>
        <time>2026-02-01T16:48:48Z</time>
      </trkpt>
      <trkpt lat="43.229673" lon="-2.610680">
        <ele>746.431</ele>
        <time>2026-02-01T16:48:49Z</time>
      </trkpt>
      <trkpt lat="43.229576" lon="-2.610711">
        <ele>746.261</ele>
        <time>2026-02-01T16:48:50Z</time>
      </trkpt>
      <trkpt lat="43.229488" lon="-2.610782">
        <ele>744.807</ele>
        <time>2026-02-01T16:48:51Z</time>
      </trkpt>
      <trkpt lat="43.229413" lon="-2.610869">
        <ele>742.209</ele>
        <time>2026-02-01T16:48:52Z</time>
      </trkpt>
      <trkpt lat="43.229333" lon="-2.610954">
        <ele>741.285</ele>
        <time>2026-02-01T16:48:53Z</time>
      </trkpt>
      <trkpt lat="43.229248" lon="-2.611033">
        <ele>740.497</ele>
        <time>2026-02-01T16:48:54Z</time>
      </trkpt>
      <trkpt lat="43.229165" lon="-2.611116">
        <ele>739.632</ele>
        <time>2026-02-01T16:48:55Z</time>
      </trkpt>
      <trkpt lat="43.229088" lon="-2.611209">
        <ele>738.643</ele>
        <time>2026-02-01T16:48:56Z</time>
      </trkpt>
      <trkpt lat="43.229005" lon="-2.611295">
        <ele>738.470</ele>
        <time>2026-02-01T16:48:57Z</time>
      </trkpt>
      <trkpt lat="43.228910" lon="-2.611354">
        <ele>737.065</ele>
        <time>2026-02-01T16:48:58Z</time>
      </trkpt>
      <trkpt lat="43.228809" lon="-2.611394">
        <ele>736.450</ele>
        <time>2026-02-01T16:48:59Z</time>
      </trkpt>
      <trkpt lat="43.228705" lon="-2.611416">
        <ele>735.689</ele>
        <time>2026-02-01T16:49:00Z</time>
      </trkpt>
      <trkpt lat="43.228606" lon="-2.611460">
        <ele>735.288</ele>
        <time>2026-02-01T16:49:01Z</time>
      </trkpt>
      <trkpt lat="43.228516" lon="-2.611524">
        <ele>735.063</ele>
        <time>2026-02-01T16:49:02Z</time>
      </trkpt>
      <trkpt lat="43.228430" lon="-2.611601">
        <ele>734.844</ele>
        <time>2026-02-01T16:49:03Z</time>
      </trkpt>
      <trkpt lat="43.228342" lon="-2.611676">
        <ele>734.618</ele>
        <time>2026-02-01T16:49:04Z</time>
      </trkpt>
      <trkpt lat="43.228251" lon="-2.611755">
        <ele>734.609</ele>
        <time>2026-02-01T16:49:05Z</time>
      </trkpt>
      <trkpt lat="43.228155" lon="-2.611815">
        <ele>734.428</ele>
        <time>2026-02-01T16:49:06Z</time>
      </trkpt>
      <trkpt lat="43.228062" lon="-2.611876">
        <ele>733.480</ele>
        <time>2026-02-01T16:49:07Z</time>
      </trkpt>
      <trkpt lat="43.227972" lon="-2.611946">
        <ele>732.485</ele>
        <time>2026-02-01T16:49:08Z</time>
      </trkpt>
      <trkpt lat="43.227885" lon="-2.612031">
        <ele>731.286</ele>
        <time>2026-02-01T16:49:09Z</time>
      </trkpt>
      <trkpt lat="43.227804" lon="-2.612118">
        <ele>729.863</ele>
        <time>2026-02-01T16:49:10Z</time>
      </trkpt>
      <trkpt lat="43.227725" lon="-2.612201">
        <ele>729.298</ele>
        <time>2026-02-01T16:49:11Z</time>
      </trkpt>
      <trkpt lat="43.227641" lon="-2.612273">
        <ele>728.673</ele>
        <time>2026-02-01T16:49:12Z</time>
      </trkpt>
      <trkpt lat="43.227550" lon="-2.612335">
        <ele>727.822</ele>
        <time>2026-02-01T16:49:13Z</time>
      </trkpt>
      <trkpt lat="43.227455" lon="-2.612387">
        <ele>727.061</ele>
        <time>2026-02-01T16:49:14Z</time>
      </trkpt>
      <trkpt lat="43.227356" lon="-2.612430">
        <ele>726.225</ele>
        <time>2026-02-01T16:49:15Z</time>
      </trkpt>
      <trkpt lat="43.227257" lon="-2.612465">
        <ele>725.826</ele>
        <time>2026-02-01T16:49:16Z</time>
      </trkpt>
      <trkpt lat="43.227160" lon="-2.612490">
        <ele>725.208</ele>
        <time>2026-02-01T16:49:17Z</time>
      </trkpt>
      <trkpt lat="43.227064" lon="-2.612522">
        <ele>725.409</ele>
        <time>2026-02-01T16:49:18Z</time>
      </trkpt>
      <trkpt lat="43.226971" lon="-2.612556">
        <ele>725.224</ele>
        <time>2026-02-01T16:49:19Z</time>
      </trkpt>
      <trkpt lat="43.226882" lon="-2.612572">
        <ele>725.056</ele>
        <time>2026-02-01T16:49:20Z</time>
      </trkpt>
      <trkpt lat="43.226795" lon="-2.612558">
        <ele>724.891</ele>
        <time>2026-02-01T16:49:21Z</time>
      </trkpt>
      <trkpt lat="43.226723" lon="-2.612500">
        <ele>724.692</ele>
        <time>2026-02-01T16:49:22Z</time>
      </trkpt>
      <trkpt lat="43.226678" lon="-2.612407">
        <ele>724.679</ele>
        <time>2026-02-01T16:49:23Z</time>
      </trkpt>
      <trkpt lat="43.226663" lon="-2.612308">
        <ele>725.234</ele>
        <time>2026-02-01T16:49:24Z</time>
      </trkpt>
      <trkpt lat="43.226671" lon="-2.612201">
        <ele>725.459</ele>
        <time>2026-02-01T16:49:25Z</time>
      </trkpt>
      <trkpt lat="43.226688" lon="-2.612094">
        <ele>725.248</ele>
        <time>2026-02-01T16:49:26Z</time>
      </trkpt>
      <trkpt lat="43.226714" lon="-2.611990">
        <ele>724.257</ele>
        <time>2026-02-01T16:49:27Z</time>
      </trkpt>
      <trkpt lat="43.226741" lon="-2.611878">
        <ele>723.041</ele>
        <time>2026-02-01T16:49:28Z</time>
      </trkpt>
      <trkpt lat="43.226762" lon="-2.611752">
        <ele>721.881</ele>
        <time>2026-02-01T16:49:29Z</time>
      </trkpt>
      <trkpt lat="43.226764" lon="-2.611621">
        <ele>721.209</ele>
        <time>2026-02-01T16:49:30Z</time>
      </trkpt>
      <trkpt lat="43.226744" lon="-2.611495">
        <ele>720.209</ele>
        <time>2026-02-01T16:49:31Z</time>
      </trkpt>
      <trkpt lat="43.226706" lon="-2.611381">
        <ele>719.426</ele>
        <time>2026-02-01T16:49:32Z</time>
      </trkpt>
      <trkpt lat="43.226657" lon="-2.611273">
        <ele>718.628</ele>
        <time>2026-02-01T16:49:33Z</time>
      </trkpt>
      <trkpt lat="43.226600" lon="-2.611166">
        <ele>717.653</ele>
        <time>2026-02-01T16:49:34Z</time>
      </trkpt>
      <trkpt lat="43.226534" lon="-2.611061">
        <ele>716.084</ele>
        <time>2026-02-01T16:49:35Z</time>
      </trkpt>
      <trkpt lat="43.226458" lon="-2.610970">
        <ele>714.221</ele>
        <time>2026-02-01T16:49:36Z</time>
      </trkpt>
      <trkpt lat="43.226375" lon="-2.610888">
        <ele>713.046</ele>
        <time>2026-02-01T16:49:37Z</time>
      </trkpt>
      <trkpt lat="43.226290" lon="-2.610807">
        <ele>712.091</ele>
        <time>2026-02-01T16:49:38Z</time>
      </trkpt>
      <trkpt lat="43.226207" lon="-2.610720">
        <ele>710.690</ele>
        <time>2026-02-01T16:49:39Z</time>
      </trkpt>
      <trkpt lat="43.226129" lon="-2.610628">
        <ele>709.679</ele>
        <time>2026-02-01T16:49:40Z</time>
      </trkpt>
      <trkpt lat="43.226055" lon="-2.610531">
        <ele>709.025</ele>
        <time>2026-02-01T16:49:41Z</time>
      </trkpt>
      <trkpt lat="43.225982" lon="-2.610427">
        <ele>708.426</ele>
        <time>2026-02-01T16:49:42Z</time>
      </trkpt>
      <trkpt lat="43.225914" lon="-2.610316">
        <ele>707.408</ele>
        <time>2026-02-01T16:49:43Z</time>
      </trkpt>
      <trkpt lat="43.225847" lon="-2.610202">
        <ele>706.609</ele>
        <time>2026-02-01T16:49:44Z</time>
      </trkpt>
      <trkpt lat="43.225777" lon="-2.610089">
        <ele>705.484</ele>
        <time>2026-02-01T16:49:45Z</time>
      </trkpt>
      <trkpt lat="43.225704" lon="-2.609977">
        <ele>703.846</ele>
        <time>2026-02-01T16:49:46Z</time>
      </trkpt>
      <trkpt lat="43.225630" lon="-2.609868">
        <ele>702.421</ele>
        <time>2026-02-01T16:49:47Z</time>
      </trkpt>
      <trkpt lat="43.225554" lon="-2.609754">
        <ele>700.812</ele>
        <time>2026-02-01T16:49:48Z</time>
      </trkpt>
      <trkpt lat="43.225481" lon="-2.609638">
        <ele>699.459</ele>
        <time>2026-02-01T16:49:49Z</time>
      </trkpt>
      <trkpt lat="43.225411" lon="-2.609514">
        <ele>698.494</ele>
        <time>2026-02-01T16:49:50Z</time>
      </trkpt>
      <trkpt lat="43.225341" lon="-2.609389">
        <ele>697.649</ele>
        <time>2026-02-01T16:49:51Z</time>
      </trkpt>
      <trkpt lat="43.225269" lon="-2.609268">
        <ele>696.838</ele>
        <time>2026-02-01T16:49:52Z</time>
      </trkpt>
      <trkpt lat="43.225188" lon="-2.609157">
        <ele>696.017</ele>
        <time>2026-02-01T16:49:53Z</time>
      </trkpt>
      <trkpt lat="43.225097" lon="-2.609067">
        <ele>695.467</ele>
        <time>2026-02-01T16:49:54Z</time>
      </trkpt>
      <trkpt lat="43.224993" lon="-2.609004">
        <ele>695.481</ele>
        <time>2026-02-01T16:49:55Z</time>
      </trkpt>
      <trkpt lat="43.224890" lon="-2.608950">
        <ele>695.819</ele>
        <time>2026-02-01T16:49:56Z</time>
      </trkpt>
      <trkpt lat="43.224794" lon="-2.608898">
        <ele>694.809</ele>
        <time>2026-02-01T16:49:57Z</time>
      </trkpt>
      <trkpt lat="43.224697" lon="-2.608840">
        <ele>694.018</ele>
        <time>2026-02-01T16:49:58Z</time>
      </trkpt>
      <trkpt lat="43.224599" lon="-2.608772">
        <ele>693.020</ele>
        <time>2026-02-01T16:49:59Z</time>
      </trkpt>
      <trkpt lat="43.224496" lon="-2.608703">
        <ele>691.875</ele>
        <time>2026-02-01T16:50:00Z</time>
      </trkpt>
      <trkpt lat="43.224392" lon="-2.608642">
        <ele>690.846</ele>
        <time>2026-02-01T16:50:01Z</time>
      </trkpt>
      <trkpt lat="43.224287" lon="-2.608583">
        <ele>690.663</ele>
        <time>2026-02-01T16:50:02Z</time>
      </trkpt>
      <trkpt lat="43.224186" lon="-2.608505">
        <ele>690.668</ele>
        <time>2026-02-01T16:50:03Z</time>
      </trkpt>
      <trkpt lat="43.224093" lon="-2.608429">
        <ele>690.223</ele>
        <time>2026-02-01T16:50:04Z</time>
      </trkpt>
      <trkpt lat="43.223989" lon="-2.608392">
        <ele>689.642</ele>
        <time>2026-02-01T16:50:05Z</time>
      </trkpt>
      <trkpt lat="43.223882" lon="-2.608400">
        <ele>688.471</ele>
        <time>2026-02-01T16:50:06Z</time>
      </trkpt>
      <trkpt lat="43.223781" lon="-2.608439">
        <ele>687.265</ele>
        <time>2026-02-01T16:50:07Z</time>
      </trkpt>
      <trkpt lat="43.223683" lon="-2.608481">
        <ele>685.868</ele>
        <time>2026-02-01T16:50:08Z</time>
      </trkpt>
      <trkpt lat="43.223586" lon="-2.608528">
        <ele>685.414</ele>
        <time>2026-02-01T16:50:09Z</time>
      </trkpt>
      <trkpt lat="43.223488" lon="-2.608574">
        <ele>685.409</ele>
        <time>2026-02-01T16:50:10Z</time>
      </trkpt>
      <trkpt lat="43.223394" lon="-2.608622">
        <ele>685.428</ele>
        <time>2026-02-01T16:50:11Z</time>
      </trkpt>
      <trkpt lat="43.223304" lon="-2.608672">
        <ele>685.050</ele>
        <time>2026-02-01T16:50:12Z</time>
      </trkpt>
      <trkpt lat="43.223213" lon="-2.608722">
        <ele>684.245</ele>
        <time>2026-02-01T16:50:13Z</time>
      </trkpt>
      <trkpt lat="43.223121" lon="-2.608773">
        <ele>683.026</ele>
        <time>2026-02-01T16:50:14Z</time>
      </trkpt>
      <trkpt lat="43.223031" lon="-2.608827">
        <ele>681.613</ele>
        <time>2026-02-01T16:50:15Z</time>
      </trkpt>
      <trkpt lat="43.222944" lon="-2.608888">
        <ele>680.288</ele>
        <time>2026-02-01T16:50:16Z</time>
      </trkpt>
      <trkpt lat="43.222853" lon="-2.608951">
        <ele>679.073</ele>
        <time>2026-02-01T16:50:17Z</time>
      </trkpt>
      <trkpt lat="43.222756" lon="-2.609007">
        <ele>678.212</ele>
        <time>2026-02-01T16:50:18Z</time>
      </trkpt>
      <trkpt lat="43.222657" lon="-2.609060">
        <ele>676.871</ele>
        <time>2026-02-01T16:50:19Z</time>
      </trkpt>
      <trkpt lat="43.222555" lon="-2.609110">
        <ele>675.812</ele>
        <time>2026-02-01T16:50:20Z</time>
      </trkpt>
      <trkpt lat="43.222449" lon="-2.609158">
        <ele>674.832</ele>
        <time>2026-02-01T16:50:21Z</time>
      </trkpt>
      <trkpt lat="43.222344" lon="-2.609203">
        <ele>673.805</ele>
        <time>2026-02-01T16:50:22Z</time>
      </trkpt>
      <trkpt lat="43.222242" lon="-2.609247">
        <ele>673.009</ele>
        <time>2026-02-01T16:50:23Z</time>
      </trkpt>
      <trkpt lat="43.222140" lon="-2.609294">
        <ele>672.623</ele>
        <time>2026-02-01T16:50:24Z</time>
      </trkpt>
      <trkpt lat="43.222038" lon="-2.609338">
        <ele>672.285</ele>
        <time>2026-02-01T16:50:25Z</time>
      </trkpt>
      <trkpt lat="43.221939" lon="-2.609379">
        <ele>671.690</ele>
        <time>2026-02-01T16:50:26Z</time>
      </trkpt>
      <trkpt lat="43.221842" lon="-2.609420">
        <ele>671.441</ele>
        <time>2026-02-01T16:50:27Z</time>
      </trkpt>
      <trkpt lat="43.221746" lon="-2.609469">
        <ele>671.218</ele>
        <time>2026-02-01T16:50:28Z</time>
      </trkpt>
      <trkpt lat="43.221650" lon="-2.609524">
        <ele>671.023</ele>
        <time>2026-02-01T16:50:29Z</time>
      </trkpt>
      <trkpt lat="43.221557" lon="-2.609573">
        <ele>670.858</ele>
        <time>2026-02-01T16:50:30Z</time>
      </trkpt>
      <trkpt lat="43.221463" lon="-2.609616">
        <ele>671.077</ele>
        <time>2026-02-01T16:50:31Z</time>
      </trkpt>
      <trkpt lat="43.221366" lon="-2.609647">
        <ele>671.036</ele>
        <time>2026-02-01T16:50:32Z</time>
      </trkpt>
      <trkpt lat="43.221270" lon="-2.609676">
        <ele>670.437</ele>
        <time>2026-02-01T16:50:33Z</time>
      </trkpt>
      <trkpt lat="43.221175" lon="-2.609704">
        <ele>669.649</ele>
        <time>2026-02-01T16:50:34Z</time>
      </trkpt>
      <trkpt lat="43.221079" lon="-2.609726">
        <ele>669.413</ele>
        <time>2026-02-01T16:50:35Z</time>
      </trkpt>
      <trkpt lat="43.220979" lon="-2.609744">
        <ele>669.009</ele>
        <time>2026-02-01T16:50:36Z</time>
      </trkpt>
      <trkpt lat="43.220878" lon="-2.609758">
        <ele>668.075</ele>
        <time>2026-02-01T16:50:37Z</time>
      </trkpt>
      <trkpt lat="43.220769" lon="-2.609761">
        <ele>667.077</ele>
        <time>2026-02-01T16:50:38Z</time>
      </trkpt>
      <trkpt lat="43.220663" lon="-2.609750">
        <ele>666.062</ele>
        <time>2026-02-01T16:50:39Z</time>
      </trkpt>
      <trkpt lat="43.220568" lon="-2.609735">
        <ele>664.423</ele>
        <time>2026-02-01T16:50:40Z</time>
      </trkpt>
      <trkpt lat="43.220490" lon="-2.609703">
        <ele>663.060</ele>
        <time>2026-02-01T16:50:41Z</time>
      </trkpt>
      <trkpt lat="43.220428" lon="-2.609642">
        <ele>662.215</ele>
        <time>2026-02-01T16:50:42Z</time>
      </trkpt>
      <trkpt lat="43.220391" lon="-2.609565">
        <ele>661.640</ele>
        <time>2026-02-01T16:50:43Z</time>
      </trkpt>
      <trkpt lat="43.220384" lon="-2.609472">
        <ele>661.029</ele>
        <time>2026-02-01T16:50:44Z</time>
      </trkpt>
      <trkpt lat="43.220396" lon="-2.609361">
        <ele>660.438</ele>
        <time>2026-02-01T16:50:45Z</time>
      </trkpt>
      <trkpt lat="43.220425" lon="-2.609249">
        <ele>659.865</ele>
        <time>2026-02-01T16:50:46Z</time>
      </trkpt>
      <trkpt lat="43.220463" lon="-2.609130">
        <ele>659.268</ele>
        <time>2026-02-01T16:50:47Z</time>
      </trkpt>
      <trkpt lat="43.220501" lon="-2.609006">
        <ele>659.014</ele>
        <time>2026-02-01T16:50:48Z</time>
      </trkpt>
      <trkpt lat="43.220540" lon="-2.608886">
        <ele>657.609</ele>
        <time>2026-02-01T16:50:49Z</time>
      </trkpt>
      <trkpt lat="43.220593" lon="-2.608772">
        <ele>656.618</ele>
        <time>2026-02-01T16:50:50Z</time>
      </trkpt>
      <trkpt lat="43.220657" lon="-2.608677">
        <ele>655.260</ele>
        <time>2026-02-01T16:50:51Z</time>
      </trkpt>
      <trkpt lat="43.220733" lon="-2.608597">
        <ele>654.265</ele>
        <time>2026-02-01T16:50:52Z</time>
      </trkpt>
      <trkpt lat="43.220807" lon="-2.608527">
        <ele>653.616</ele>
        <time>2026-02-01T16:50:53Z</time>
      </trkpt>
      <trkpt lat="43.220867" lon="-2.608450">
        <ele>653.443</ele>
        <time>2026-02-01T16:50:54Z</time>
      </trkpt>
      <trkpt lat="43.220907" lon="-2.608363">
        <ele>652.868</ele>
        <time>2026-02-01T16:50:55Z</time>
      </trkpt>
      <trkpt lat="43.220921" lon="-2.608260">
        <ele>652.663</ele>
        <time>2026-02-01T16:50:56Z</time>
      </trkpt>
      <trkpt lat="43.220903" lon="-2.608160">
        <ele>652.222</ele>
        <time>2026-02-01T16:50:57Z</time>
      </trkpt>
      <trkpt lat="43.220856" lon="-2.608076">
        <ele>652.031</ele>
        <time>2026-02-01T16:50:58Z</time>
      </trkpt>
      <trkpt lat="43.220790" lon="-2.608027">
        <ele>651.694</ele>
        <time>2026-02-01T16:50:59Z</time>
      </trkpt>
      <trkpt lat="43.220721" lon="-2.607999">
        <ele>651.257</ele>
        <time>2026-02-01T16:51:00Z</time>
      </trkpt>
      <trkpt lat="43.220646" lon="-2.607968">
        <ele>650.422</ele>
        <time>2026-02-01T16:51:01Z</time>
      </trkpt>
      <trkpt lat="43.220566" lon="-2.607934">
        <ele>649.409</ele>
        <time>2026-02-01T16:51:02Z</time>
      </trkpt>
      <trkpt lat="43.220485" lon="-2.607896">
        <ele>648.411</ele>
        <time>2026-02-01T16:51:03Z</time>
      </trkpt>
      <trkpt lat="43.220407" lon="-2.607838">
        <ele>647.683</ele>
        <time>2026-02-01T16:51:04Z</time>
      </trkpt>
      <trkpt lat="43.220337" lon="-2.607762">
        <ele>647.288</ele>
        <time>2026-02-01T16:51:05Z</time>
      </trkpt>
      <trkpt lat="43.220286" lon="-2.607674">
        <ele>646.859</ele>
        <time>2026-02-01T16:51:06Z</time>
      </trkpt>
      <trkpt lat="43.220263" lon="-2.607573">
        <ele>646.416</ele>
        <time>2026-02-01T16:51:07Z</time>
      </trkpt>
      <trkpt lat="43.220266" lon="-2.607468">
        <ele>646.061</ele>
        <time>2026-02-01T16:51:08Z</time>
      </trkpt>
      <trkpt lat="43.220288" lon="-2.607365">
        <ele>645.446</ele>
        <time>2026-02-01T16:51:09Z</time>
      </trkpt>
      <trkpt lat="43.220317" lon="-2.607258">
        <ele>644.495</ele>
        <time>2026-02-01T16:51:10Z</time>
      </trkpt>
      <trkpt lat="43.220345" lon="-2.607145">
        <ele>643.414</ele>
        <time>2026-02-01T16:51:11Z</time>
      </trkpt>
      <trkpt lat="43.220368" lon="-2.607027">
        <ele>642.439</ele>
        <time>2026-02-01T16:51:12Z</time>
      </trkpt>
      <trkpt lat="43.220378" lon="-2.606903">
        <ele>641.401</ele>
        <time>2026-02-01T16:51:13Z</time>
      </trkpt>
      <trkpt lat="43.220371" lon="-2.606781">
        <ele>640.621</ele>
        <time>2026-02-01T16:51:14Z</time>
      </trkpt>
      <trkpt lat="43.220350" lon="-2.606665">
        <ele>640.209</ele>
        <time>2026-02-01T16:51:15Z</time>
      </trkpt>
      <trkpt lat="43.220316" lon="-2.606551">
        <ele>640.055</ele>
        <time>2026-02-01T16:51:16Z</time>
      </trkpt>
      <trkpt lat="43.220289" lon="-2.606443">
        <ele>639.837</ele>
        <time>2026-02-01T16:51:17Z</time>
      </trkpt>
      <trkpt lat="43.220292" lon="-2.606342">
        <ele>640.222</ele>
        <time>2026-02-01T16:51:18Z</time>
      </trkpt>
      <trkpt lat="43.220326" lon="-2.606249">
        <ele>640.283</ele>
        <time>2026-02-01T16:51:19Z</time>
      </trkpt>
      <trkpt lat="43.220378" lon="-2.606161">
        <ele>639.460</ele>
        <time>2026-02-01T16:51:20Z</time>
      </trkpt>
      <trkpt lat="43.220438" lon="-2.606076">
        <ele>638.455</ele>
        <time>2026-02-01T16:51:21Z</time>
      </trkpt>
      <trkpt lat="43.220501" lon="-2.605991">
        <ele>637.030</ele>
        <time>2026-02-01T16:51:22Z</time>
      </trkpt>
      <trkpt lat="43.220562" lon="-2.605904">
        <ele>635.629</ele>
        <time>2026-02-01T16:51:23Z</time>
      </trkpt>
      <trkpt lat="43.220622" lon="-2.605817">
        <ele>634.898</ele>
        <time>2026-02-01T16:51:24Z</time>
      </trkpt>
      <trkpt lat="43.220679" lon="-2.605736">
        <ele>634.015</ele>
        <time>2026-02-01T16:51:25Z</time>
      </trkpt>
      <trkpt lat="43.220745" lon="-2.605663">
        <ele>633.665</ele>
        <time>2026-02-01T16:51:26Z</time>
      </trkpt>
      <trkpt lat="43.220812" lon="-2.605598">
        <ele>633.211</ele>
        <time>2026-02-01T16:51:27Z</time>
      </trkpt>
      <trkpt lat="43.220883" lon="-2.605535">
        <ele>633.009</ele>
        <time>2026-02-01T16:51:28Z</time>
      </trkpt>
      <trkpt lat="43.220956" lon="-2.605474">
        <ele>632.433</ele>
        <time>2026-02-01T16:51:29Z</time>
      </trkpt>
      <trkpt lat="43.221032" lon="-2.605407">
        <ele>631.845</ele>
        <time>2026-02-01T16:51:30Z</time>
      </trkpt>
      <trkpt lat="43.221110" lon="-2.605335">
        <ele>631.070</ele>
        <time>2026-02-01T16:51:31Z</time>
      </trkpt>
      <trkpt lat="43.221186" lon="-2.605259">
        <ele>630.631</ele>
        <time>2026-02-01T16:51:32Z</time>
      </trkpt>
      <trkpt lat="43.221262" lon="-2.605179">
        <ele>630.298</ele>
        <time>2026-02-01T16:51:33Z</time>
      </trkpt>
      <trkpt lat="43.221338" lon="-2.605099">
        <ele>630.083</ele>
        <time>2026-02-01T16:51:34Z</time>
      </trkpt>
      <trkpt lat="43.221400" lon="-2.605029">
        <ele>629.848</ele>
        <time>2026-02-01T16:51:35Z</time>
      </trkpt>
      <trkpt lat="43.221445" lon="-2.604953">
        <ele>630.037</ele>
        <time>2026-02-01T16:51:36Z</time>
      </trkpt>
      <trkpt lat="43.221470" lon="-2.604864">
        <ele>629.856</ele>
        <time>2026-02-01T16:51:37Z</time>
      </trkpt>
      <trkpt lat="43.221470" lon="-2.604771">
        <ele>629.284</ele>
        <time>2026-02-01T16:51:38Z</time>
      </trkpt>
      <trkpt lat="43.221440" lon="-2.604687">
        <ele>628.807</ele>
        <time>2026-02-01T16:51:39Z</time>
      </trkpt>
      <trkpt lat="43.221387" lon="-2.604621">
        <ele>628.617</ele>
        <time>2026-02-01T16:51:40Z</time>
      </trkpt>
      <trkpt lat="43.221327" lon="-2.604565">
        <ele>627.609</ele>
        <time>2026-02-01T16:51:41Z</time>
      </trkpt>
      <trkpt lat="43.221271" lon="-2.604498">
        <ele>626.620</ele>
        <time>2026-02-01T16:51:42Z</time>
      </trkpt>
      <trkpt lat="43.221211" lon="-2.604426">
        <ele>625.472</ele>
        <time>2026-02-01T16:51:43Z</time>
      </trkpt>
      <trkpt lat="43.221151" lon="-2.604356">
        <ele>624.437</ele>
        <time>2026-02-01T16:51:44Z</time>
      </trkpt>
      <trkpt lat="43.221088" lon="-2.604281">
        <ele>624.088</ele>
        <time>2026-02-01T16:51:45Z</time>
      </trkpt>
      <trkpt lat="43.221025" lon="-2.604203">
        <ele>623.055</ele>
        <time>2026-02-01T16:51:46Z</time>
      </trkpt>
      <trkpt lat="43.220960" lon="-2.604127">
        <ele>622.260</ele>
        <time>2026-02-01T16:51:47Z</time>
      </trkpt>
      <trkpt lat="43.220893" lon="-2.604050">
        <ele>621.685</ele>
        <time>2026-02-01T16:51:48Z</time>
      </trkpt>
      <trkpt lat="43.220824" lon="-2.603972">
        <ele>620.824</ele>
        <time>2026-02-01T16:51:49Z</time>
      </trkpt>
      <trkpt lat="43.220757" lon="-2.603888">
        <ele>620.263</ele>
        <time>2026-02-01T16:51:50Z</time>
      </trkpt>
      <trkpt lat="43.220693" lon="-2.603804">
        <ele>619.634</ele>
        <time>2026-02-01T16:51:51Z</time>
      </trkpt>
      <trkpt lat="43.220624" lon="-2.603721">
        <ele>619.455</ele>
        <time>2026-02-01T16:51:52Z</time>
      </trkpt>
      <trkpt lat="43.220555" lon="-2.603639">
        <ele>619.810</ele>
        <time>2026-02-01T16:51:53Z</time>
      </trkpt>
      <trkpt lat="43.220488" lon="-2.603546">
        <ele>619.409</ele>
        <time>2026-02-01T16:51:54Z</time>
      </trkpt>
      <trkpt lat="43.220427" lon="-2.603455">
        <ele>618.465</ele>
        <time>2026-02-01T16:51:55Z</time>
      </trkpt>
      <trkpt lat="43.220362" lon="-2.603358">
        <ele>617.287</ele>
        <time>2026-02-01T16:51:56Z</time>
      </trkpt>
      <trkpt lat="43.220296" lon="-2.603259">
        <ele>616.442</ele>
        <time>2026-02-01T16:51:57Z</time>
      </trkpt>
      <trkpt lat="43.220230" lon="-2.603158">
        <ele>615.063</ele>
        <time>2026-02-01T16:51:58Z</time>
      </trkpt>
      <trkpt lat="43.220165" lon="-2.603059">
        <ele>614.420</ele>
        <time>2026-02-01T16:51:59Z</time>
      </trkpt>
      <trkpt lat="43.220101" lon="-2.602963">
        <ele>614.485</ele>
        <time>2026-02-01T16:52:00Z</time>
      </trkpt>
      <trkpt lat="43.220039" lon="-2.602875">
        <ele>614.640</ele>
        <time>2026-02-01T16:52:01Z</time>
      </trkpt>
      <trkpt lat="43.219977" lon="-2.602803">
        <ele>614.839</ele>
        <time>2026-02-01T16:52:02Z</time>
      </trkpt>
      <trkpt lat="43.219909" lon="-2.602756">
        <ele>615.078</ele>
        <time>2026-02-01T16:52:03Z</time>
      </trkpt>
      <trkpt lat="43.219838" lon="-2.602731">
        <ele>615.267</ele>
        <time>2026-02-01T16:52:04Z</time>
      </trkpt>
      <trkpt lat="43.219771" lon="-2.602739">
        <ele>615.081</ele>
        <time>2026-02-01T16:52:05Z</time>
      </trkpt>
      <trkpt lat="43.219713" lon="-2.602770">
        <ele>614.819</ele>
        <time>2026-02-01T16:52:06Z</time>
      </trkpt>
      <trkpt lat="43.219671" lon="-2.602819">
        <ele>614.609</ele>
        <time>2026-02-01T16:52:07Z</time>
      </trkpt>
      <trkpt lat="43.219644" lon="-2.602875">
        <ele>614.618</ele>
        <time>2026-02-01T16:52:08Z</time>
      </trkpt>
      <trkpt lat="43.219619" lon="-2.602925">
        <ele>614.870</ele>
        <time>2026-02-01T16:52:09Z</time>
      </trkpt>
      <trkpt lat="43.219587" lon="-2.602968">
        <ele>615.035</ele>
        <time>2026-02-01T16:52:10Z</time>
      </trkpt>
      <trkpt lat="43.219549" lon="-2.603000">
        <ele>615.236</ele>
        <time>2026-02-01T16:52:11Z</time>
      </trkpt>
      <trkpt lat="43.219506" lon="-2.603030">
        <ele>615.423</ele>
        <time>2026-02-01T16:52:12Z</time>
      </trkpt>
      <trkpt lat="43.219463" lon="-2.603048">
        <ele>615.638</ele>
        <time>2026-02-01T16:52:13Z</time>
      </trkpt>
      <trkpt lat="43.219417" lon="-2.603057">
        <ele>615.833</ele>
        <time>2026-02-01T16:52:14Z</time>
      </trkpt>
      <trkpt lat="43.219368" lon="-2.603060">
        <ele>615.892</ele>
        <time>2026-02-01T16:52:15Z</time>
      </trkpt>
      <trkpt lat="43.219317" lon="-2.603066">
        <ele>615.691</ele>
        <time>2026-02-01T16:52:16Z</time>
      </trkpt>
      <trkpt lat="43.219266" lon="-2.603078">
        <ele>615.675</ele>
        <time>2026-02-01T16:52:17Z</time>
      </trkpt>
      <trkpt lat="43.219215" lon="-2.603088">
        <ele>615.628</ele>
        <time>2026-02-01T16:52:18Z</time>
      </trkpt>
      <trkpt lat="43.219164" lon="-2.603109">
        <ele>615.620</ele>
        <time>2026-02-01T16:52:19Z</time>
      </trkpt>
      <trkpt lat="43.219118" lon="-2.603138">
        <ele>615.809</ele>
        <time>2026-02-01T16:52:20Z</time>
      </trkpt>
      <trkpt lat="43.219076" lon="-2.603173">
        <ele>615.849</ele>
        <time>2026-02-01T16:52:21Z</time>
      </trkpt>
      <trkpt lat="43.219033" lon="-2.603202">
        <ele>616.021</ele>
        <time>2026-02-01T16:52:22Z</time>
      </trkpt>
      <trkpt lat="43.218995" lon="-2.603235">
        <ele>616.476</ele>
        <time>2026-02-01T16:52:23Z</time>
      </trkpt>
      <trkpt lat="43.218953" lon="-2.603266">
        <ele>616.617</ele>
        <time>2026-02-01T16:52:24Z</time>
      </trkpt>
      <trkpt lat="43.218912" lon="-2.603296">
        <ele>616.664</ele>
        <time>2026-02-01T16:52:25Z</time>
      </trkpt>
      <trkpt lat="43.218872" lon="-2.603329">
        <ele>616.839</ele>
        <time>2026-02-01T16:52:26Z</time>
      </trkpt>
      <trkpt lat="43.218835" lon="-2.603360">
        <ele>616.844</ele>
        <time>2026-02-01T16:52:27Z</time>
      </trkpt>
      <trkpt lat="43.218790" lon="-2.603381">
        <ele>617.073</ele>
        <time>2026-02-01T16:52:28Z</time>
      </trkpt>
      <trkpt lat="43.218738" lon="-2.603394">
        <ele>617.022</ele>
        <time>2026-02-01T16:52:29Z</time>
      </trkpt>
      <trkpt lat="43.218688" lon="-2.603400">
        <ele>617.224</ele>
        <time>2026-02-01T16:52:30Z</time>
      </trkpt>
      <trkpt lat="43.218640" lon="-2.603402">
        <ele>617.204</ele>
        <time>2026-02-01T16:52:31Z</time>
      </trkpt>
      <trkpt lat="43.218591" lon="-2.603409">
        <ele>617.414</ele>
        <time>2026-02-01T16:52:32Z</time>
      </trkpt>
      <trkpt lat="43.218544" lon="-2.603428">
        <ele>617.409</ele>
        <time>2026-02-01T16:52:33Z</time>
      </trkpt>
      <trkpt lat="43.218500" lon="-2.603452">
        <ele>617.434</ele>
        <time>2026-02-01T16:52:34Z</time>
      </trkpt>
      <trkpt lat="43.218460" lon="-2.603486">
        <ele>617.666</ele>
        <time>2026-02-01T16:52:35Z</time>
      </trkpt>
      <trkpt lat="43.218424" lon="-2.603532">
        <ele>617.831</ele>
        <time>2026-02-01T16:52:36Z</time>
      </trkpt>
      <trkpt lat="43.218393" lon="-2.603581">
        <ele>617.832</ele>
        <time>2026-02-01T16:52:37Z</time>
      </trkpt>
      <trkpt lat="43.218368" lon="-2.603632">
        <ele>618.039</ele>
        <time>2026-02-01T16:52:38Z</time>
      </trkpt>
      <trkpt lat="43.218343" lon="-2.603678">
        <ele>618.294</ele>
        <time>2026-02-01T16:52:39Z</time>
      </trkpt>
      <trkpt lat="43.218321" lon="-2.603731">
        <ele>618.679</ele>
        <time>2026-02-01T16:52:40Z</time>
      </trkpt>
      <trkpt lat="43.218297" lon="-2.603785">
        <ele>618.878</ele>
        <time>2026-02-01T16:52:41Z</time>
      </trkpt>
      <trkpt lat="43.218265" lon="-2.603839">
        <ele>619.067</ele>
        <time>2026-02-01T16:52:42Z</time>
      </trkpt>
      <trkpt lat="43.218227" lon="-2.603886">
        <ele>619.271</ele>
        <time>2026-02-01T16:52:43Z</time>
      </trkpt>
      <trkpt lat="43.218184" lon="-2.603909">
        <ele>619.441</ele>
        <time>2026-02-01T16:52:44Z</time>
      </trkpt>
      <trkpt lat="43.218137" lon="-2.603915">
        <ele>619.215</ele>
        <time>2026-02-01T16:52:45Z</time>
      </trkpt>
      <trkpt lat="43.218091" lon="-2.603913">
        <ele>619.209</ele>
        <time>2026-02-01T16:52:46Z</time>
      </trkpt>
      <trkpt lat="43.218043" lon="-2.603910">
        <ele>619.089</ele>
        <time>2026-02-01T16:52:47Z</time>
      </trkpt>
      <trkpt lat="43.217992" lon="-2.603906">
        <ele>618.861</ele>
        <time>2026-02-01T16:52:48Z</time>
      </trkpt>
      <trkpt lat="43.217942" lon="-2.603897">
        <ele>618.646</ele>
        <time>2026-02-01T16:52:49Z</time>
      </trkpt>
      <trkpt lat="43.217894" lon="-2.603876">
        <ele>618.847</ele>
        <time>2026-02-01T16:52:50Z</time>
      </trkpt>
      <trkpt lat="43.217851" lon="-2.603844">
        <ele>618.844</ele>
        <time>2026-02-01T16:52:51Z</time>
      </trkpt>
      <trkpt lat="43.217813" lon="-2.603804">
        <ele>618.819</ele>
        <time>2026-02-01T16:52:52Z</time>
      </trkpt>
      <trkpt lat="43.217776" lon="-2.603758">
        <ele>618.824</ele>
        <time>2026-02-01T16:52:53Z</time>
      </trkpt>
      <trkpt lat="43.217745" lon="-2.603711">
        <ele>618.883</ele>
        <time>2026-02-01T16:52:54Z</time>
      </trkpt>
      <trkpt lat="43.217714" lon="-2.603658">
        <ele>618.882</ele>
        <time>2026-02-01T16:52:55Z</time>
      </trkpt>
      <trkpt lat="43.217679" lon="-2.603612">
        <ele>618.686</ele>
        <time>2026-02-01T16:52:56Z</time>
      </trkpt>
      <trkpt lat="43.217642" lon="-2.603569">
        <ele>618.660</ele>
        <time>2026-02-01T16:52:57Z</time>
      </trkpt>
      <trkpt lat="43.217607" lon="-2.603527">
        <ele>619.026</ele>
        <time>2026-02-01T16:52:58Z</time>
      </trkpt>
      <trkpt lat="43.217575" lon="-2.603474">
        <ele>619.209</ele>
        <time>2026-02-01T16:52:59Z</time>
      </trkpt>
      <trkpt lat="43.217534" lon="-2.603424">
        <ele>619.030</ele>
        <time>2026-02-01T16:53:00Z</time>
      </trkpt>
      <trkpt lat="43.217491" lon="-2.603376">
        <ele>619.082</ele>
        <time>2026-02-01T16:53:01Z</time>
      </trkpt>
      <trkpt lat="43.217442" lon="-2.603335">
        <ele>619.247</ele>
        <time>2026-02-01T16:53:02Z</time>
      </trkpt>
      <trkpt lat="43.217395" lon="-2.603295">
        <ele>618.858</ele>
        <time>2026-02-01T16:53:03Z</time>
      </trkpt>
      <trkpt lat="43.217346" lon="-2.603247">
        <ele>618.465</ele>
        <time>2026-02-01T16:53:04Z</time>
      </trkpt>
      <trkpt lat="43.217298" lon="-2.603198">
        <ele>618.240</ele>
        <time>2026-02-01T16:53:05Z</time>
      </trkpt>
      <trkpt lat="43.217249" lon="-2.603141">
        <ele>617.835</ele>
        <time>2026-02-01T16:53:06Z</time>
      </trkpt>
      <trkpt lat="43.217203" lon="-2.603079">
        <ele>617.474</ele>
        <time>2026-02-01T16:53:07Z</time>
      </trkpt>
      <trkpt lat="43.217160" lon="-2.603012">
        <ele>616.823</ele>
        <time>2026-02-01T16:53:08Z</time>
      </trkpt>
      <trkpt lat="43.217118" lon="-2.602938">
        <ele>616.678</ele>
        <time>2026-02-01T16:53:09Z</time>
      </trkpt>
      <trkpt lat="43.217080" lon="-2.602862">
        <ele>616.233</ele>
        <time>2026-02-01T16:53:10Z</time>
      </trkpt>
      <trkpt lat="43.217042" lon="-2.602783">
        <ele>616.026</ele>
        <time>2026-02-01T16:53:11Z</time>
      </trkpt>
      <trkpt lat="43.217004" lon="-2.602701">
        <ele>615.809</ele>
        <time>2026-02-01T16:53:12Z</time>
      </trkpt>
      <trkpt lat="43.216969" lon="-2.602621">
        <ele>615.679</ele>
        <time>2026-02-01T16:53:13Z</time>
      </trkpt>
      <trkpt lat="43.216936" lon="-2.602541">
        <ele>615.211</ele>
        <time>2026-02-01T16:53:14Z</time>
      </trkpt>
      <trkpt lat="43.216905" lon="-2.602456">
        <ele>615.036</ele>
        <time>2026-02-01T16:53:15Z</time>
      </trkpt>
      <trkpt lat="43.216878" lon="-2.602370">
        <ele>614.877</ele>
        <time>2026-02-01T16:53:16Z</time>
      </trkpt>
      <trkpt lat="43.216864" lon="-2.602283">
        <ele>614.654</ele>
        <time>2026-02-01T16:53:17Z</time>
      </trkpt>
      <trkpt lat="43.216861" lon="-2.602193">
        <ele>614.259</ele>
        <time>2026-02-01T16:53:18Z</time>
      </trkpt>
      <trkpt lat="43.216868" lon="-2.602105">
        <ele>614.294</ele>
        <time>2026-02-01T16:53:19Z</time>
      </trkpt>
      <trkpt lat="43.216885" lon="-2.602018">
        <ele>614.033</ele>
        <time>2026-02-01T16:53:20Z</time>
      </trkpt>
      <trkpt lat="43.216906" lon="-2.601933">
        <ele>613.842</ele>
        <time>2026-02-01T16:53:21Z</time>
      </trkpt>
      <trkpt lat="43.216928" lon="-2.601846">
        <ele>613.645</ele>
        <time>2026-02-01T16:53:22Z</time>
      </trkpt>
      <trkpt lat="43.216954" lon="-2.601756">
        <ele>613.247</ele>
        <time>2026-02-01T16:53:23Z</time>
      </trkpt>
      <trkpt lat="43.216975" lon="-2.601659">
        <ele>612.611</ele>
        <time>2026-02-01T16:53:24Z</time>
      </trkpt>
      <trkpt lat="43.216982" lon="-2.601557">
        <ele>612.209</ele>
        <time>2026-02-01T16:53:25Z</time>
      </trkpt>
      <trkpt lat="43.216975" lon="-2.601459">
        <ele>612.016</ele>
        <time>2026-02-01T16:53:26Z</time>
      </trkpt>
      <trkpt lat="43.216961" lon="-2.601366">
        <ele>611.858</ele>
        <time>2026-02-01T16:53:27Z</time>
      </trkpt>
      <trkpt lat="43.216948" lon="-2.601282">
        <ele>611.893</ele>
        <time>2026-02-01T16:53:28Z</time>
      </trkpt>
      <trkpt lat="43.216931" lon="-2.601194">
        <ele>611.854</ele>
        <time>2026-02-01T16:53:29Z</time>
      </trkpt>
      <trkpt lat="43.216902" lon="-2.601117">
        <ele>611.881</ele>
        <time>2026-02-01T16:53:30Z</time>
      </trkpt>
      <trkpt lat="43.216857" lon="-2.601057">
        <ele>611.846</ele>
        <time>2026-02-01T16:53:31Z</time>
      </trkpt>
      <trkpt lat="43.216800" lon="-2.601020">
        <ele>611.641</ele>
        <time>2026-02-01T16:53:32Z</time>
      </trkpt>
      <trkpt lat="43.216737" lon="-2.601014">
        <ele>611.460</ele>
        <time>2026-02-01T16:53:33Z</time>
      </trkpt>
      <trkpt lat="43.216680" lon="-2.601035">
        <ele>611.259</ele>
        <time>2026-02-01T16:53:34Z</time>
      </trkpt>
      <trkpt lat="43.216631" lon="-2.601072">
        <ele>611.219</ele>
        <time>2026-02-01T16:53:35Z</time>
      </trkpt>
      <trkpt lat="43.216589" lon="-2.601115">
        <ele>611.209</ele>
        <time>2026-02-01T16:53:36Z</time>
      </trkpt>
      <trkpt lat="43.216547" lon="-2.601163">
        <ele>611.419</ele>
        <time>2026-02-01T16:53:37Z</time>
      </trkpt>
      <trkpt lat="43.216509" lon="-2.601219">
        <ele>611.409</ele>
        <time>2026-02-01T16:53:38Z</time>
      </trkpt>
      <trkpt lat="43.216476" lon="-2.601280">
        <ele>611.483</ele>
        <time>2026-02-01T16:53:39Z</time>
      </trkpt>
      <trkpt lat="43.216442" lon="-2.601342">
        <ele>611.675</ele>
        <time>2026-02-01T16:53:40Z</time>
      </trkpt>
      <trkpt lat="43.216409" lon="-2.601405">
        <ele>611.670</ele>
        <time>2026-02-01T16:53:41Z</time>
      </trkpt>
      <trkpt lat="43.216376" lon="-2.601468">
        <ele>611.691</ele>
        <time>2026-02-01T16:53:42Z</time>
      </trkpt>
      <trkpt lat="43.216347" lon="-2.601531">
        <ele>611.628</ele>
        <time>2026-02-01T16:53:43Z</time>
      </trkpt>
      <trkpt lat="43.216316" lon="-2.601590">
        <ele>611.443</ele>
        <time>2026-02-01T16:53:44Z</time>
      </trkpt>
      <trkpt lat="43.216276" lon="-2.601655">
        <ele>611.278</ele>
        <time>2026-02-01T16:53:45Z</time>
      </trkpt>
      <trkpt lat="43.216229" lon="-2.601722">
        <ele>610.867</ele>
        <time>2026-02-01T16:53:46Z</time>
      </trkpt>
      <trkpt lat="43.216178" lon="-2.601786">
        <ele>610.686</ele>
        <time>2026-02-01T16:53:47Z</time>
      </trkpt>
      <trkpt lat="43.216125" lon="-2.601849">
        <ele>610.291</ele>
        <time>2026-02-01T16:53:48Z</time>
      </trkpt>
      <trkpt lat="43.216071" lon="-2.601908">
        <ele>609.881</ele>
        <time>2026-02-01T16:53:49Z</time>
      </trkpt>
      <trkpt lat="43.216015" lon="-2.601968">
        <ele>609.419</ele>
        <time>2026-02-01T16:53:50Z</time>
      </trkpt>
      <trkpt lat="43.215956" lon="-2.602026">
        <ele>609.209</ele>
        <time>2026-02-01T16:53:51Z</time>
      </trkpt>
      <trkpt lat="43.215899" lon="-2.602081">
        <ele>608.811</ele>
        <time>2026-02-01T16:53:52Z</time>
      </trkpt>
      <trkpt lat="43.215840" lon="-2.602134">
        <ele>608.683</ele>
        <time>2026-02-01T16:53:53Z</time>
      </trkpt>
      <trkpt lat="43.215778" lon="-2.602183">
        <ele>608.288</ele>
        <time>2026-02-01T16:53:54Z</time>
      </trkpt>
      <trkpt lat="43.215713" lon="-2.602231">
        <ele>608.019</ele>
        <time>2026-02-01T16:53:55Z</time>
      </trkpt>
      <trkpt lat="43.215649" lon="-2.602277">
        <ele>608.016</ele>
        <time>2026-02-01T16:53:56Z</time>
      </trkpt>
      <trkpt lat="43.215583" lon="-2.602315">
        <ele>608.051</ele>
        <time>2026-02-01T16:53:57Z</time>
      </trkpt>
      <trkpt lat="43.215515" lon="-2.602344">
        <ele>607.626</ele>
        <time>2026-02-01T16:53:58Z</time>
      </trkpt>
      <trkpt lat="43.215446" lon="-2.602372">
        <ele>607.495</ele>
        <time>2026-02-01T16:53:59Z</time>
      </trkpt>
      <trkpt lat="43.215378" lon="-2.602410">
        <ele>607.084</ele>
        <time>2026-02-01T16:54:00Z</time>
      </trkpt>
      <trkpt lat="43.215313" lon="-2.602451">
        <ele>606.447</ele>
        <time>2026-02-01T16:54:01Z</time>
      </trkpt>
      <trkpt lat="43.215256" lon="-2.602485">
        <ele>605.829</ele>
        <time>2026-02-01T16:54:02Z</time>
      </trkpt>
      <trkpt lat="43.215203" lon="-2.602517">
        <ele>605.621</ele>
        <time>2026-02-01T16:54:03Z</time>
      </trkpt>
      <trkpt lat="43.215156" lon="-2.602537">
        <ele>605.409</ele>
        <time>2026-02-01T16:54:04Z</time>
      </trkpt>
      <trkpt lat="43.215115" lon="-2.602536">
        <ele>605.266</ele>
        <time>2026-02-01T16:54:05Z</time>
      </trkpt>
      <trkpt lat="43.215087" lon="-2.602514">
        <ele>605.238</ele>
        <time>2026-02-01T16:54:06Z</time>
      </trkpt>
      <trkpt lat="43.215075" lon="-2.602485">
        <ele>605.213</ele>
        <time>2026-02-01T16:54:07Z</time>
      </trkpt>
      <trkpt lat="43.215083" lon="-2.602459">
        <ele>605.424</ele>
        <time>2026-02-01T16:54:08Z</time>
      </trkpt>
      <trkpt lat="43.215090" lon="-2.602449">
        <ele>605.611</ele>
        <time>2026-02-01T16:54:09Z</time>
      </trkpt>
      <trkpt lat="43.215098" lon="-2.602432">
        <ele>606.026</ele>
        <time>2026-02-01T16:54:10Z</time>
      </trkpt>
      <trkpt lat="43.215103" lon="-2.602415">
        <ele>606.231</ele>
        <time>2026-02-01T16:54:11Z</time>
      </trkpt>
      <trkpt lat="43.215114" lon="-2.602392">
        <ele>606.470</ele>
        <time>2026-02-01T16:54:12Z</time>
      </trkpt>
      <trkpt lat="43.215126" lon="-2.602370">
        <ele>606.469</ele>
        <time>2026-02-01T16:54:13Z</time>
      </trkpt>
      <trkpt lat="43.215137" lon="-2.602346">
        <ele>606.633</ele>
        <time>2026-02-01T16:54:14Z</time>
      </trkpt>
      <trkpt lat="43.215145" lon="-2.602317">
        <ele>606.823</ele>
        <time>2026-02-01T16:54:15Z</time>
      </trkpt>
      <trkpt lat="43.215155" lon="-2.602289">
        <ele>607.015</ele>
        <time>2026-02-01T16:54:16Z</time>
      </trkpt>
      <trkpt lat="43.215167" lon="-2.602264">
        <ele>607.209</ele>
        <time>2026-02-01T16:54:17Z</time>
      </trkpt>
      <trkpt lat="43.215184" lon="-2.602237">
        <ele>607.295</ele>
        <time>2026-02-01T16:54:18Z</time>
      </trkpt>
      <trkpt lat="43.215200" lon="-2.602217">
        <ele>607.627</ele>
        <time>2026-02-01T16:54:19Z</time>
      </trkpt>
      <trkpt lat="43.215219" lon="-2.602187">
        <ele>607.812</ele>
        <time>2026-02-01T16:54:20Z</time>
      </trkpt>
      <trkpt lat="43.215238" lon="-2.602156">
        <ele>608.263</ele>
        <time>2026-02-01T16:54:21Z</time>
      </trkpt>
      <trkpt lat="43.215247" lon="-2.602124">
        <ele>608.410</ele>
        <time>2026-02-01T16:54:22Z</time>
      </trkpt>
      <trkpt lat="43.215265" lon="-2.602092">
        <ele>608.415</ele>
        <time>2026-02-01T16:54:23Z</time>
      </trkpt>
      <trkpt lat="43.215286" lon="-2.602064">
        <ele>608.610</ele>
        <time>2026-02-01T16:54:24Z</time>
      </trkpt>
      <trkpt lat="43.215306" lon="-2.602048">
        <ele>608.849</ele>
        <time>2026-02-01T16:54:25Z</time>
      </trkpt>
      <trkpt lat="43.215323" lon="-2.602026">
        <ele>609.088</ele>
        <time>2026-02-01T16:54:26Z</time>
      </trkpt>
      <trkpt lat="43.215342" lon="-2.602001">
        <ele>609.437</ele>
        <time>2026-02-01T16:54:27Z</time>
      </trkpt>
      <trkpt lat="43.215360" lon="-2.601979">
        <ele>609.849</ele>
        <time>2026-02-01T16:54:28Z</time>
      </trkpt>
      <trkpt lat="43.215377" lon="-2.601953">
        <ele>610.213</ele>
        <time>2026-02-01T16:54:29Z</time>
      </trkpt>
      <trkpt lat="43.215393" lon="-2.601923">
        <ele>610.409</ele>
        <time>2026-02-01T16:54:30Z</time>
      </trkpt>
      <trkpt lat="43.215408" lon="-2.601898">
        <ele>610.875</ele>
        <time>2026-02-01T16:54:31Z</time>
      </trkpt>
      <trkpt lat="43.215424" lon="-2.601873">
        <ele>611.087</ele>
        <time>2026-02-01T16:54:32Z</time>
      </trkpt>
      <trkpt lat="43.215439" lon="-2.601851">
        <ele>611.442</ele>
        <time>2026-02-01T16:54:33Z</time>
      </trkpt>
      <trkpt lat="43.215456" lon="-2.601828">
        <ele>611.653</ele>
        <time>2026-02-01T16:54:34Z</time>
      </trkpt>
      <trkpt lat="43.215473" lon="-2.601806">
        <ele>612.040</ele>
        <time>2026-02-01T16:54:35Z</time>
      </trkpt>
      <trkpt lat="43.215489" lon="-2.601785">
        <ele>612.245</ele>
        <time>2026-02-01T16:54:36Z</time>
      </trkpt>
      <trkpt lat="43.215505" lon="-2.601760">
        <ele>612.610</ele>
        <time>2026-02-01T16:54:37Z</time>
      </trkpt>
      <trkpt lat="43.215523" lon="-2.601731">
        <ele>612.889</ele>
        <time>2026-02-01T16:54:38Z</time>
      </trkpt>
      <trkpt lat="43.215539" lon="-2.601704">
        <ele>613.028</ele>
        <time>2026-02-01T16:54:39Z</time>
      </trkpt>
      <trkpt lat="43.215557" lon="-2.601681">
        <ele>613.459</ele>
        <time>2026-02-01T16:54:40Z</time>
      </trkpt>
      <trkpt lat="43.215575" lon="-2.601657">
        <ele>613.803</ele>
        <time>2026-02-01T16:54:41Z</time>
      </trkpt>
      <trkpt lat="43.215591" lon="-2.601629">
        <ele>614.023</ele>
        <time>2026-02-01T16:54:42Z</time>
      </trkpt>
      <trkpt lat="43.215609" lon="-2.601602">
        <ele>614.209</ele>
        <time>2026-02-01T16:54:43Z</time>
      </trkpt>
      <trkpt lat="43.215625" lon="-2.601578">
        <ele>614.417</ele>
        <time>2026-02-01T16:54:44Z</time>
      </trkpt>
      <trkpt lat="43.215643" lon="-2.601551">
        <ele>614.659</ele>
        <time>2026-02-01T16:54:45Z</time>
      </trkpt>
      <trkpt lat="43.215658" lon="-2.601527">
        <ele>614.874</ele>
        <time>2026-02-01T16:54:46Z</time>
      </trkpt>
      <trkpt lat="43.215675" lon="-2.601504">
        <ele>615.295</ele>
        <time>2026-02-01T16:54:47Z</time>
      </trkpt>
      <trkpt lat="43.215693" lon="-2.601478">
        <ele>615.442</ele>
        <time>2026-02-01T16:54:48Z</time>
      </trkpt>
      <trkpt lat="43.215709" lon="-2.601456">
        <ele>615.677</ele>
        <time>2026-02-01T16:54:49Z</time>
      </trkpt>
      <trkpt lat="43.215726" lon="-2.601428">
        <ele>615.822</ele>
        <time>2026-02-01T16:54:50Z</time>
      </trkpt>
      <trkpt lat="43.215740" lon="-2.601403">
        <ele>616.011</ele>
        <time>2026-02-01T16:54:51Z</time>
      </trkpt>
      <trkpt lat="43.215756" lon="-2.601376">
        <ele>616.240</ele>
        <time>2026-02-01T16:54:52Z</time>
      </trkpt>
      <trkpt lat="43.215774" lon="-2.601351">
        <ele>616.613</ele>
        <time>2026-02-01T16:54:53Z</time>
      </trkpt>
      <trkpt lat="43.215792" lon="-2.601330">
        <ele>617.043</ele>
        <time>2026-02-01T16:54:54Z</time>
      </trkpt>
      <trkpt lat="43.215809" lon="-2.601307">
        <ele>617.407</ele>
        <time>2026-02-01T16:54:55Z</time>
      </trkpt>
      <trkpt lat="43.215825" lon="-2.601281">
        <ele>617.809</ele>
        <time>2026-02-01T16:54:56Z</time>
      </trkpt>
      <trkpt lat="43.215841" lon="-2.601252">
        <ele>618.253</ele>
        <time>2026-02-01T16:54:57Z</time>
      </trkpt>
      <trkpt lat="43.215856" lon="-2.601223">
        <ele>618.415</ele>
        <time>2026-02-01T16:54:58Z</time>
      </trkpt>
      <trkpt lat="43.215870" lon="-2.601195">
        <ele>618.640</ele>
        <time>2026-02-01T16:54:59Z</time>
      </trkpt>
      <trkpt lat="43.215886" lon="-2.601168">
        <ele>618.851</ele>
        <time>2026-02-01T16:55:00Z</time>
      </trkpt>
      <trkpt lat="43.215904" lon="-2.601143">
        <ele>619.088</ele>
        <time>2026-02-01T16:55:01Z</time>
      </trkpt>
      <trkpt lat="43.215921" lon="-2.601118">
        <ele>619.283</ele>
        <time>2026-02-01T16:55:02Z</time>
      </trkpt>
      <trkpt lat="43.215936" lon="-2.601089">
        <ele>619.488</ele>
        <time>2026-02-01T16:55:03Z</time>
      </trkpt>
      <trkpt lat="43.215952" lon="-2.601059">
        <ele>619.637</ele>
        <time>2026-02-01T16:55:04Z</time>
      </trkpt>
      <trkpt lat="43.215971" lon="-2.601029">
        <ele>620.066</ele>
        <time>2026-02-01T16:55:05Z</time>
      </trkpt>
      <trkpt lat="43.215988" lon="-2.601003">
        <ele>620.236</ele>
        <time>2026-02-01T16:55:06Z</time>
      </trkpt>
      <trkpt lat="43.216003" lon="-2.600975">
        <ele>620.617</ele>
        <time>2026-02-01T16:55:07Z</time>
      </trkpt>
      <trkpt lat="43.216019" lon="-2.600947">
        <ele>620.818</ele>
        <time>2026-02-01T16:55:08Z</time>
      </trkpt>
      <trkpt lat="43.216034" lon="-2.600924">
        <ele>621.009</ele>
        <time>2026-02-01T16:55:09Z</time>
      </trkpt>
      <trkpt lat="43.216049" lon="-2.600898">
        <ele>621.445</ele>
        <time>2026-02-01T16:55:10Z</time>
      </trkpt>
      <trkpt lat="43.216065" lon="-2.600874">
        <ele>621.647</ele>
        <time>2026-02-01T16:55:11Z</time>
      </trkpt>
      <trkpt lat="43.216081" lon="-2.600848">
        <ele>621.862</ele>
        <time>2026-02-01T16:55:12Z</time>
      </trkpt>
      <trkpt lat="43.216097" lon="-2.600821">
        <ele>622.023</ele>
        <time>2026-02-01T16:55:13Z</time>
      </trkpt>
      <trkpt lat="43.216116" lon="-2.600794">
        <ele>622.290</ele>
        <time>2026-02-01T16:55:14Z</time>
      </trkpt>
      <trkpt lat="43.216132" lon="-2.600765">
        <ele>622.455</ele>
        <time>2026-02-01T16:55:15Z</time>
      </trkpt>
      <trkpt lat="43.216148" lon="-2.600742">
        <ele>622.640</ele>
        <time>2026-02-01T16:55:16Z</time>
      </trkpt>
      <trkpt lat="43.216166" lon="-2.600718">
        <ele>622.829</ele>
        <time>2026-02-01T16:55:17Z</time>
      </trkpt>
      <trkpt lat="43.216184" lon="-2.600690">
        <ele>623.058</ele>
        <time>2026-02-01T16:55:18Z</time>
      </trkpt>
      <trkpt lat="43.216199" lon="-2.600663">
        <ele>623.441</ele>
        <time>2026-02-01T16:55:19Z</time>
      </trkpt>
      <trkpt lat="43.216214" lon="-2.600635">
        <ele>623.681</ele>
        <time>2026-02-01T16:55:20Z</time>
      </trkpt>
      <trkpt lat="43.216231" lon="-2.600604">
        <ele>623.809</ele>
        <time>2026-02-01T16:55:21Z</time>
      </trkpt>
      <trkpt lat="43.216248" lon="-2.600571">
        <ele>624.009</ele>
        <time>2026-02-01T16:55:22Z</time>
      </trkpt>
      <trkpt lat="43.216262" lon="-2.600545">
        <ele>624.436</ele>
        <time>2026-02-01T16:55:23Z</time>
      </trkpt>
      <trkpt lat="43.216277" lon="-2.600515">
        <ele>624.688</ele>
        <time>2026-02-01T16:55:24Z</time>
      </trkpt>
      <trkpt lat="43.216290" lon="-2.600487">
        <ele>625.043</ele>
        <time>2026-02-01T16:55:25Z</time>
      </trkpt>
      <trkpt lat="43.216303" lon="-2.600459">
        <ele>625.464</ele>
        <time>2026-02-01T16:55:26Z</time>
      </trkpt>
      <trkpt lat="43.216320" lon="-2.600431">
        <ele>625.661</ele>
        <time>2026-02-01T16:55:27Z</time>
      </trkpt>
      <trkpt lat="43.216332" lon="-2.600405">
        <ele>626.036</ele>
        <time>2026-02-01T16:55:28Z</time>
      </trkpt>
      <trkpt lat="43.216345" lon="-2.600376">
        <ele>626.281</ele>
        <time>2026-02-01T16:55:29Z</time>
      </trkpt>
      <trkpt lat="43.216361" lon="-2.600347">
        <ele>626.480</ele>
        <time>2026-02-01T16:55:30Z</time>
      </trkpt>
      <trkpt lat="43.216373" lon="-2.600314">
        <ele>626.679</ele>
        <time>2026-02-01T16:55:31Z</time>
      </trkpt>
      <trkpt lat="43.216384" lon="-2.600277">
        <ele>627.041</ele>
        <time>2026-02-01T16:55:32Z</time>
      </trkpt>
      <trkpt lat="43.216393" lon="-2.600248">
        <ele>627.281</ele>
        <time>2026-02-01T16:55:33Z</time>
      </trkpt>
      <trkpt lat="43.216403" lon="-2.600213">
        <ele>627.409</ele>
        <time>2026-02-01T16:55:34Z</time>
      </trkpt>
      <trkpt lat="43.216412" lon="-2.600175">
        <ele>627.609</ele>
        <time>2026-02-01T16:55:35Z</time>
      </trkpt>
      <trkpt lat="43.216422" lon="-2.600128">
        <ele>627.856</ele>
        <time>2026-02-01T16:55:36Z</time>
      </trkpt>
      <trkpt lat="43.216427" lon="-2.600088">
        <ele>628.068</ele>
        <time>2026-02-01T16:55:37Z</time>
      </trkpt>
      <trkpt lat="43.216430" lon="-2.600043">
        <ele>628.033</ele>
        <time>2026-02-01T16:55:38Z</time>
      </trkpt>
      <trkpt lat="43.216431" lon="-2.600001">
        <ele>628.294</ele>
        <time>2026-02-01T16:55:39Z</time>
      </trkpt>
      <trkpt lat="43.216434" lon="-2.599955">
        <ele>628.241</ele>
        <time>2026-02-01T16:55:40Z</time>
      </trkpt>
      <trkpt lat="43.216438" lon="-2.599908">
        <ele>628.456</ele>
        <time>2026-02-01T16:55:41Z</time>
      </trkpt>
      <trkpt lat="43.216441" lon="-2.599864">
        <ele>628.441</ele>
        <time>2026-02-01T16:55:42Z</time>
      </trkpt>
      <trkpt lat="43.216446" lon="-2.599814">
        <ele>628.690</ele>
        <time>2026-02-01T16:55:43Z</time>
      </trkpt>
      <trkpt lat="43.216451" lon="-2.599765">
        <ele>628.849</ele>
        <time>2026-02-01T16:55:44Z</time>
      </trkpt>
      <trkpt lat="43.216460" lon="-2.599717">
        <ele>629.269</ele>
        <time>2026-02-01T16:55:45Z</time>
      </trkpt>
      <trkpt lat="43.216471" lon="-2.599675">
        <ele>629.404</ele>
        <time>2026-02-01T16:55:46Z</time>
      </trkpt>
      <trkpt lat="43.216484" lon="-2.599620">
        <ele>629.624</ele>
        <time>2026-02-01T16:55:47Z</time>
      </trkpt>
      <trkpt lat="43.216491" lon="-2.599567">
        <ele>629.809</ele>
        <time>2026-02-01T16:55:48Z</time>
      </trkpt>
      <trkpt lat="43.216496" lon="-2.599517">
        <ele>630.078</ele>
        <time>2026-02-01T16:55:49Z</time>
      </trkpt>
      <trkpt lat="43.216501" lon="-2.599469">
        <ele>630.210</ele>
        <time>2026-02-01T16:55:50Z</time>
      </trkpt>
      <trkpt lat="43.216509" lon="-2.599422">
        <ele>630.635</ele>
        <time>2026-02-01T16:55:51Z</time>
      </trkpt>
      <trkpt lat="43.216517" lon="-2.599376">
        <ele>630.846</ele>
        <time>2026-02-01T16:55:52Z</time>
      </trkpt>
      <trkpt lat="43.216522" lon="-2.599333">
        <ele>631.233</ele>
        <time>2026-02-01T16:55:53Z</time>
      </trkpt>
      <trkpt lat="43.216527" lon="-2.599291">
        <ele>631.668</ele>
        <time>2026-02-01T16:55:54Z</time>
      </trkpt>
      <trkpt lat="43.216532" lon="-2.599247">
        <ele>632.063</ele>
        <time>2026-02-01T16:55:55Z</time>
      </trkpt>
      <trkpt lat="43.216539" lon="-2.599205">
        <ele>632.252</ele>
        <time>2026-02-01T16:55:56Z</time>
      </trkpt>
      <trkpt lat="43.216545" lon="-2.599162">
        <ele>632.661</ele>
        <time>2026-02-01T16:55:57Z</time>
      </trkpt>
      <trkpt lat="43.216547" lon="-2.599121">
        <ele>632.812</ele>
        <time>2026-02-01T16:55:58Z</time>
      </trkpt>
      <trkpt lat="43.216550" lon="-2.599079">
        <ele>633.032</ele>
        <time>2026-02-01T16:55:59Z</time>
      </trkpt>
      <trkpt lat="43.216554" lon="-2.599037">
        <ele>633.405</ele>
        <time>2026-02-01T16:56:00Z</time>
      </trkpt>
      <trkpt lat="43.216566" lon="-2.599001">
        <ele>633.609</ele>
        <time>2026-02-01T16:56:01Z</time>
      </trkpt>
      <trkpt lat="43.216575" lon="-2.598964">
        <ele>634.063</ele>
        <time>2026-02-01T16:56:02Z</time>
      </trkpt>
      <trkpt lat="43.216584" lon="-2.598922">
        <ele>634.635</ele>
        <time>2026-02-01T16:56:03Z</time>
      </trkpt>
      <trkpt lat="43.216586" lon="-2.598881">
        <ele>635.050</ele>
        <time>2026-02-01T16:56:04Z</time>
      </trkpt>
      <trkpt lat="43.216588" lon="-2.598838">
        <ele>635.461</ele>
        <time>2026-02-01T16:56:05Z</time>
      </trkpt>
      <trkpt lat="43.216591" lon="-2.598797">
        <ele>635.888</ele>
        <time>2026-02-01T16:56:06Z</time>
      </trkpt>
      <trkpt lat="43.216589" lon="-2.598753">
        <ele>636.033</ele>
        <time>2026-02-01T16:56:07Z</time>
      </trkpt>
      <trkpt lat="43.216585" lon="-2.598710">
        <ele>636.488</ele>
        <time>2026-02-01T16:56:08Z</time>
      </trkpt>
      <trkpt lat="43.216579" lon="-2.598663">
        <ele>636.847</ele>
        <time>2026-02-01T16:56:09Z</time>
      </trkpt>
      <trkpt lat="43.216576" lon="-2.598620">
        <ele>637.096</ele>
        <time>2026-02-01T16:56:10Z</time>
      </trkpt>
      <trkpt lat="43.216572" lon="-2.598581">
        <ele>637.435</ele>
        <time>2026-02-01T16:56:11Z</time>
      </trkpt>
      <trkpt lat="43.216566" lon="-2.598537">
        <ele>637.686</ele>
        <time>2026-02-01T16:56:12Z</time>
      </trkpt>
      <trkpt lat="43.216556" lon="-2.598492">
        <ele>638.014</ele>
        <time>2026-02-01T16:56:13Z</time>
      </trkpt>
      <trkpt lat="43.216548" lon="-2.598447">
        <ele>638.209</ele>
        <time>2026-02-01T16:56:14Z</time>
      </trkpt>
      <trkpt lat="43.216540" lon="-2.598405">
        <ele>638.415</ele>
        <time>2026-02-01T16:56:15Z</time>
      </trkpt>
      <trkpt lat="43.216532" lon="-2.598370">
        <ele>638.847</ele>
        <time>2026-02-01T16:56:16Z</time>
      </trkpt>
      <trkpt lat="43.216522" lon="-2.598334">
        <ele>639.012</ele>
        <time>2026-02-01T16:56:17Z</time>
      </trkpt>
      <trkpt lat="43.216509" lon="-2.598295">
        <ele>639.273</ele>
        <time>2026-02-01T16:56:18Z</time>
      </trkpt>
      <trkpt lat="43.216499" lon="-2.598255">
        <ele>639.440</ele>
        <time>2026-02-01T16:56:19Z</time>
      </trkpt>
      <trkpt lat="43.216490" lon="-2.598217">
        <ele>639.675</ele>
        <time>2026-02-01T16:56:20Z</time>
      </trkpt>
      <trkpt lat="43.216481" lon="-2.598175">
        <ele>640.030</ele>
        <time>2026-02-01T16:56:21Z</time>
      </trkpt>
      <trkpt lat="43.216474" lon="-2.598135">
        <ele>640.459</ele>
        <time>2026-02-01T16:56:22Z</time>
      </trkpt>
      <trkpt lat="43.216462" lon="-2.598096">
        <ele>640.658</ele>
        <time>2026-02-01T16:56:23Z</time>
      </trkpt>
      <trkpt lat="43.216452" lon="-2.598055">
        <ele>640.817</ele>
        <time>2026-02-01T16:56:24Z</time>
      </trkpt>
      <trkpt lat="43.216446" lon="-2.598014">
        <ele>641.287</ele>
        <time>2026-02-01T16:56:25Z</time>
      </trkpt>
      <trkpt lat="43.216439" lon="-2.597967">
        <ele>641.415</ele>
        <time>2026-02-01T16:56:26Z</time>
      </trkpt>
      <trkpt lat="43.216429" lon="-2.597920">
        <ele>641.409</ele>
        <time>2026-02-01T16:56:27Z</time>
      </trkpt>
      <trkpt lat="43.216420" lon="-2.597874">
        <ele>641.623</ele>
        <time>2026-02-01T16:56:28Z</time>
      </trkpt>
      <trkpt lat="43.216412" lon="-2.597826">
        <ele>641.415</ele>
        <time>2026-02-01T16:56:29Z</time>
      </trkpt>
      <trkpt lat="43.216401" lon="-2.597770">
        <ele>641.450</ele>
        <time>2026-02-01T16:56:30Z</time>
      </trkpt>
      <trkpt lat="43.216390" lon="-2.597714">
        <ele>641.291</ele>
        <time>2026-02-01T16:56:31Z</time>
      </trkpt>
      <trkpt lat="43.216378" lon="-2.597659">
        <ele>641.258</ele>
        <time>2026-02-01T16:56:32Z</time>
      </trkpt>
      <trkpt lat="43.216370" lon="-2.597602">
        <ele>641.273</ele>
        <time>2026-02-01T16:56:33Z</time>
      </trkpt>
      <trkpt lat="43.216362" lon="-2.597549">
        <ele>641.278</ele>
        <time>2026-02-01T16:56:34Z</time>
      </trkpt>
      <trkpt lat="43.216354" lon="-2.597493">
        <ele>641.467</ele>
        <time>2026-02-01T16:56:35Z</time>
      </trkpt>
      <trkpt lat="43.216349" lon="-2.597435">
        <ele>641.486</ele>
        <time>2026-02-01T16:56:36Z</time>
      </trkpt>
      <trkpt lat="43.216341" lon="-2.597376">
        <ele>641.669</ele>
        <time>2026-02-01T16:56:37Z</time>
      </trkpt>
      <trkpt lat="43.216334" lon="-2.597318">
        <ele>641.604</ele>
        <time>2026-02-01T16:56:38Z</time>
      </trkpt>
      <trkpt lat="43.216327" lon="-2.597261">
        <ele>641.624</ele>
        <time>2026-02-01T16:56:39Z</time>
      </trkpt>
      <trkpt lat="43.216323" lon="-2.597204">
        <ele>641.609</ele>
        <time>2026-02-01T16:56:40Z</time>
      </trkpt>
      <trkpt lat="43.216322" lon="-2.597147">
        <ele>641.618</ele>
        <time>2026-02-01T16:56:41Z</time>
      </trkpt>
      <trkpt lat="43.216321" lon="-2.597093">
        <ele>641.610</ele>
        <time>2026-02-01T16:56:42Z</time>
      </trkpt>
      <trkpt lat="43.216315" lon="-2.597038">
        <ele>641.695</ele>
        <time>2026-02-01T16:56:43Z</time>
      </trkpt>
      <trkpt lat="43.216307" lon="-2.596980">
        <ele>641.876</ele>
        <time>2026-02-01T16:56:44Z</time>
      </trkpt>
      <trkpt lat="43.216304" lon="-2.596927">
        <ele>641.833</ele>
        <time>2026-02-01T16:56:45Z</time>
      </trkpt>
      <trkpt lat="43.216305" lon="-2.596869">
        <ele>642.058</ele>
        <time>2026-02-01T16:56:46Z</time>
      </trkpt>
      <trkpt lat="43.216311" lon="-2.596812">
        <ele>642.273</ele>
        <time>2026-02-01T16:56:47Z</time>
      </trkpt>
      <trkpt lat="43.216319" lon="-2.596757">
        <ele>642.222</ele>
        <time>2026-02-01T16:56:48Z</time>
      </trkpt>
      <trkpt lat="43.216330" lon="-2.596704">
        <ele>642.271</ele>
        <time>2026-02-01T16:56:49Z</time>
      </trkpt>
      <trkpt lat="43.216344" lon="-2.596652">
        <ele>642.227</ele>
        <time>2026-02-01T16:56:50Z</time>
      </trkpt>
      <trkpt lat="43.216359" lon="-2.596602">
        <ele>642.268</ele>
        <time>2026-02-01T16:56:51Z</time>
      </trkpt>
      <trkpt lat="43.216377" lon="-2.596549">
        <ele>642.214</ele>
        <time>2026-02-01T16:56:52Z</time>
      </trkpt>
      <trkpt lat="43.216394" lon="-2.596497">
        <ele>642.409</ele>
        <time>2026-02-01T16:56:53Z</time>
      </trkpt>
      <trkpt lat="43.216409" lon="-2.596440">
        <ele>642.694</ele>
        <time>2026-02-01T16:56:54Z</time>
      </trkpt>
      <trkpt lat="43.216424" lon="-2.596387">
        <ele>642.626</ele>
        <time>2026-02-01T16:56:55Z</time>
      </trkpt>
      <trkpt lat="43.216439" lon="-2.596337">
        <ele>642.871</ele>
        <time>2026-02-01T16:56:56Z</time>
      </trkpt>
      <trkpt lat="43.216457" lon="-2.596284">
        <ele>643.022</ele>
        <time>2026-02-01T16:56:57Z</time>
      </trkpt>
      <trkpt lat="43.216476" lon="-2.596236">
        <ele>643.079</ele>
        <time>2026-02-01T16:56:58Z</time>
      </trkpt>
      <trkpt lat="43.216498" lon="-2.596191">
        <ele>643.274</ele>
        <time>2026-02-01T16:56:59Z</time>
      </trkpt>
      <trkpt lat="43.216522" lon="-2.596143">
        <ele>643.479</ele>
        <time>2026-02-01T16:57:00Z</time>
      </trkpt>
      <trkpt lat="43.216551" lon="-2.596101">
        <ele>643.888</ele>
        <time>2026-02-01T16:57:01Z</time>
      </trkpt>
      <trkpt lat="43.216581" lon="-2.596066">
        <ele>644.027</ele>
        <time>2026-02-01T16:57:02Z</time>
      </trkpt>
      <trkpt lat="43.216613" lon="-2.596034">
        <ele>644.086</ele>
        <time>2026-02-01T16:57:03Z</time>
      </trkpt>
      <trkpt lat="43.216650" lon="-2.596000">
        <ele>644.260</ele>
        <time>2026-02-01T16:57:04Z</time>
      </trkpt>
      <trkpt lat="43.216684" lon="-2.595968">
        <ele>644.426</ele>
        <time>2026-02-01T16:57:05Z</time>
      </trkpt>
      <trkpt lat="43.216719" lon="-2.595929">
        <ele>644.409</ele>
        <time>2026-02-01T16:57:06Z</time>
      </trkpt>
      <trkpt lat="43.216752" lon="-2.595888">
        <ele>644.220</ele>
        <time>2026-02-01T16:57:07Z</time>
      </trkpt>
      <trkpt lat="43.216785" lon="-2.595845">
        <ele>644.472</ele>
        <time>2026-02-01T16:57:08Z</time>
      </trkpt>
      <trkpt lat="43.216818" lon="-2.595799">
        <ele>644.467</ele>
        <time>2026-02-01T16:57:09Z</time>
      </trkpt>
      <trkpt lat="43.216848" lon="-2.595749">
        <ele>644.418</ele>
        <time>2026-02-01T16:57:10Z</time>
      </trkpt>
      <trkpt lat="43.216872" lon="-2.595698">
        <ele>644.495</ele>
        <time>2026-02-01T16:57:11Z</time>
      </trkpt>
      <trkpt lat="43.216895" lon="-2.595643">
        <ele>644.230</ele>
        <time>2026-02-01T16:57:12Z</time>
      </trkpt>
      <trkpt lat="43.216916" lon="-2.595586">
        <ele>644.265</ele>
        <time>2026-02-01T16:57:13Z</time>
      </trkpt>
      <trkpt lat="43.216935" lon="-2.595529">
        <ele>644.444</ele>
        <time>2026-02-01T16:57:14Z</time>
      </trkpt>
      <trkpt lat="43.216955" lon="-2.595468">
        <ele>644.463</ele>
        <time>2026-02-01T16:57:15Z</time>
      </trkpt>
      <trkpt lat="43.216972" lon="-2.595411">
        <ele>644.654</ele>
        <time>2026-02-01T16:57:16Z</time>
      </trkpt>
      <trkpt lat="43.216990" lon="-2.595348">
        <ele>644.856</ele>
        <time>2026-02-01T16:57:17Z</time>
      </trkpt>
      <trkpt lat="43.217007" lon="-2.595288">
        <ele>645.011</ele>
        <time>2026-02-01T16:57:18Z</time>
      </trkpt>
      <trkpt lat="43.217030" lon="-2.595234">
        <ele>645.009</ele>
        <time>2026-02-01T16:57:19Z</time>
      </trkpt>
      <trkpt lat="43.217057" lon="-2.595186">
        <ele>645.247</ele>
        <time>2026-02-01T16:57:20Z</time>
      </trkpt>
      <trkpt lat="43.217086" lon="-2.595137">
        <ele>645.439</ele>
        <time>2026-02-01T16:57:21Z</time>
      </trkpt>
      <trkpt lat="43.217115" lon="-2.595084">
        <ele>645.414</ele>
        <time>2026-02-01T16:57:22Z</time>
      </trkpt>
      <trkpt lat="43.217141" lon="-2.595030">
        <ele>645.635</ele>
        <time>2026-02-01T16:57:23Z</time>
      </trkpt>
      <trkpt lat="43.217167" lon="-2.594975">
        <ele>645.672</ele>
        <time>2026-02-01T16:57:24Z</time>
      </trkpt>
      <trkpt lat="43.217188" lon="-2.594918">
        <ele>645.837</ele>
        <time>2026-02-01T16:57:25Z</time>
      </trkpt>
      <trkpt lat="43.217206" lon="-2.594858">
        <ele>645.892</ele>
        <time>2026-02-01T16:57:26Z</time>
      </trkpt>
      <trkpt lat="43.217219" lon="-2.594792">
        <ele>646.051</ele>
        <time>2026-02-01T16:57:27Z</time>
      </trkpt>
      <trkpt lat="43.217225" lon="-2.594721">
        <ele>646.270</ele>
        <time>2026-02-01T16:57:28Z</time>
      </trkpt>
      <trkpt lat="43.217222" lon="-2.594648">
        <ele>646.278</ele>
        <time>2026-02-01T16:57:29Z</time>
      </trkpt>
      <trkpt lat="43.217209" lon="-2.594576">
        <ele>646.233</ele>
        <time>2026-02-01T16:57:30Z</time>
      </trkpt>
      <trkpt lat="43.217181" lon="-2.594515">
        <ele>646.226</ele>
        <time>2026-02-01T16:57:31Z</time>
      </trkpt>
      <trkpt lat="43.217142" lon="-2.594472">
        <ele>646.409</ele>
        <time>2026-02-01T16:57:32Z</time>
      </trkpt>
      <trkpt lat="43.217096" lon="-2.594453">
        <ele>646.889</ele>
        <time>2026-02-01T16:57:33Z</time>
      </trkpt>
      <trkpt lat="43.217053" lon="-2.594453">
        <ele>647.241</ele>
        <time>2026-02-01T16:57:34Z</time>
      </trkpt>
      <trkpt lat="43.217013" lon="-2.594455">
        <ele>647.896</ele>
        <time>2026-02-01T16:57:35Z</time>
      </trkpt>
      <trkpt lat="43.216974" lon="-2.594461">
        <ele>648.447</ele>
        <time>2026-02-01T16:57:36Z</time>
      </trkpt>
      <trkpt lat="43.216939" lon="-2.594468">
        <ele>649.084</ele>
        <time>2026-02-01T16:57:37Z</time>
      </trkpt>
      <trkpt lat="43.216904" lon="-2.594476">
        <ele>649.279</ele>
        <time>2026-02-01T16:57:38Z</time>
      </trkpt>
      <trkpt lat="43.216868" lon="-2.594490">
        <ele>649.444</ele>
        <time>2026-02-01T16:57:39Z</time>
      </trkpt>
      <trkpt lat="43.216833" lon="-2.594509">
        <ele>649.833</ele>
        <time>2026-02-01T16:57:40Z</time>
      </trkpt>
      <trkpt lat="43.216798" lon="-2.594523">
        <ele>650.052</ele>
        <time>2026-02-01T16:57:41Z</time>
      </trkpt>
      <trkpt lat="43.216762" lon="-2.594539">
        <ele>650.084</ele>
        <time>2026-02-01T16:57:42Z</time>
      </trkpt>
      <trkpt lat="43.216727" lon="-2.594561">
        <ele>650.407</ele>
        <time>2026-02-01T16:57:43Z</time>
      </trkpt>
      <trkpt lat="43.216692" lon="-2.594581">
        <ele>650.617</ele>
        <time>2026-02-01T16:57:44Z</time>
      </trkpt>
      <trkpt lat="43.216655" lon="-2.594601">
        <ele>650.809</ele>
        <time>2026-02-01T16:57:45Z</time>
      </trkpt>
      <trkpt lat="43.216618" lon="-2.594623">
        <ele>651.030</ele>
        <time>2026-02-01T16:57:46Z</time>
      </trkpt>
      <trkpt lat="43.216582" lon="-2.594644">
        <ele>651.032</ele>
        <time>2026-02-01T16:57:47Z</time>
      </trkpt>
      <trkpt lat="43.216547" lon="-2.594669">
        <ele>651.277</ele>
        <time>2026-02-01T16:57:48Z</time>
      </trkpt>
      <trkpt lat="43.216512" lon="-2.594691">
        <ele>651.478</ele>
        <time>2026-02-01T16:57:49Z</time>
      </trkpt>
      <trkpt lat="43.216475" lon="-2.594714">
        <ele>651.675</ele>
        <time>2026-02-01T16:57:50Z</time>
      </trkpt>
      <trkpt lat="43.216436" lon="-2.594736">
        <ele>651.690</ele>
        <time>2026-02-01T16:57:51Z</time>
      </trkpt>
      <trkpt lat="43.216398" lon="-2.594758">
        <ele>651.835</ele>
        <time>2026-02-01T16:57:52Z</time>
      </trkpt>
      <trkpt lat="43.216358" lon="-2.594778">
        <ele>651.844</ele>
        <time>2026-02-01T16:57:53Z</time>
      </trkpt>
      <trkpt lat="43.216322" lon="-2.594801">
        <ele>651.873</ele>
        <time>2026-02-01T16:57:54Z</time>
      </trkpt>
      <trkpt lat="43.216283" lon="-2.594826">
        <ele>651.811</ele>
        <time>2026-02-01T16:57:55Z</time>
      </trkpt>
      <trkpt lat="43.216246" lon="-2.594847">
        <ele>652.021</ele>
        <time>2026-02-01T16:57:56Z</time>
      </trkpt>
      <trkpt lat="43.216205" lon="-2.594867">
        <ele>652.203</ele>
        <time>2026-02-01T16:57:57Z</time>
      </trkpt>
      <trkpt lat="43.216162" lon="-2.594884">
        <ele>652.409</ele>
        <time>2026-02-01T16:57:58Z</time>
      </trkpt>
      <trkpt lat="43.216121" lon="-2.594902">
        <ele>652.633</ele>
        <time>2026-02-01T16:57:59Z</time>
      </trkpt>
      <trkpt lat="43.216082" lon="-2.594913">
        <ele>652.815</ele>
        <time>2026-02-01T16:58:00Z</time>
      </trkpt>
      <trkpt lat="43.216041" lon="-2.594923">
        <ele>653.070</ele>
        <time>2026-02-01T16:58:01Z</time>
      </trkpt>
      <trkpt lat="43.216000" lon="-2.594935">
        <ele>653.271</ele>
        <time>2026-02-01T16:58:02Z</time>
      </trkpt>
      <trkpt lat="43.215957" lon="-2.594948">
        <ele>653.278</ele>
        <time>2026-02-01T16:58:03Z</time>
      </trkpt>
      <trkpt lat="43.215916" lon="-2.594956">
        <ele>653.263</ele>
        <time>2026-02-01T16:58:04Z</time>
      </trkpt>
      <trkpt lat="43.215873" lon="-2.594960">
        <ele>653.428</ele>
        <time>2026-02-01T16:58:05Z</time>
      </trkpt>
      <trkpt lat="43.215829" lon="-2.594953">
        <ele>653.447</ele>
        <time>2026-02-01T16:58:06Z</time>
      </trkpt>
      <trkpt lat="43.215786" lon="-2.594944">
        <ele>653.426</ele>
        <time>2026-02-01T16:58:07Z</time>
      </trkpt>
      <trkpt lat="43.215741" lon="-2.594938">
        <ele>653.661</ele>
        <time>2026-02-01T16:58:08Z</time>
      </trkpt>
      <trkpt lat="43.215696" lon="-2.594928">
        <ele>653.621</ele>
        <time>2026-02-01T16:58:09Z</time>
      </trkpt>
      <trkpt lat="43.215656" lon="-2.594909">
        <ele>653.613</ele>
        <time>2026-02-01T16:58:10Z</time>
      </trkpt>
      <trkpt lat="43.215614" lon="-2.594884">
        <ele>653.609</ele>
        <time>2026-02-01T16:58:11Z</time>
      </trkpt>
      <trkpt lat="43.215570" lon="-2.594859">
        <ele>653.888</ele>
        <time>2026-02-01T16:58:12Z</time>
      </trkpt>
      <trkpt lat="43.215524" lon="-2.594841">
        <ele>654.070</ele>
        <time>2026-02-01T16:58:13Z</time>
      </trkpt>
      <trkpt lat="43.215479" lon="-2.594825">
        <ele>654.025</ele>
        <time>2026-02-01T16:58:14Z</time>
      </trkpt>
      <trkpt lat="43.215433" lon="-2.594801">
        <ele>654.066</ele>
        <time>2026-02-01T16:58:15Z</time>
      </trkpt>
      <trkpt lat="43.215386" lon="-2.594776">
        <ele>654.033</ele>
        <time>2026-02-01T16:58:16Z</time>
      </trkpt>
      <trkpt lat="43.215336" lon="-2.594752">
        <ele>653.878</ele>
        <time>2026-02-01T16:58:17Z</time>
      </trkpt>
      <trkpt lat="43.215289" lon="-2.594726">
        <ele>653.833</ele>
        <time>2026-02-01T16:58:18Z</time>
      </trkpt>
      <trkpt lat="43.215242" lon="-2.594705">
        <ele>653.632</ele>
        <time>2026-02-01T16:58:19Z</time>
      </trkpt>
      <trkpt lat="43.215193" lon="-2.594683">
        <ele>653.461</ele>
        <time>2026-02-01T16:58:20Z</time>
      </trkpt>
      <trkpt lat="43.215144" lon="-2.594657">
        <ele>653.022</ele>
        <time>2026-02-01T16:58:21Z</time>
      </trkpt>
      <trkpt lat="43.215087" lon="-2.594631">
        <ele>652.862</ele>
        <time>2026-02-01T16:58:22Z</time>
      </trkpt>
      <trkpt lat="43.215023" lon="-2.594610">
        <ele>652.208</ele>
        <time>2026-02-01T16:58:23Z</time>
      </trkpt>
      <trkpt lat="43.214957" lon="-2.594588">
        <ele>651.609</ele>
        <time>2026-02-01T16:58:24Z</time>
      </trkpt>
      <trkpt lat="43.214886" lon="-2.594564">
        <ele>651.074</ele>
        <time>2026-02-01T16:58:25Z</time>
      </trkpt>
      <trkpt lat="43.214813" lon="-2.594543">
        <ele>650.686</ele>
        <time>2026-02-01T16:58:26Z</time>
      </trkpt>
      <trkpt lat="43.214738" lon="-2.594519">
        <ele>649.631</ele>
        <time>2026-02-01T16:58:27Z</time>
      </trkpt>
      <trkpt lat="43.214660" lon="-2.594498">
        <ele>648.852</ele>
        <time>2026-02-01T16:58:28Z</time>
      </trkpt>
      <trkpt lat="43.214580" lon="-2.594475">
        <ele>648.099</ele>
        <time>2026-02-01T16:58:29Z</time>
      </trkpt>
      <trkpt lat="43.214497" lon="-2.594448">
        <ele>647.414</ele>
        <time>2026-02-01T16:58:30Z</time>
      </trkpt>
      <trkpt lat="43.214409" lon="-2.594426">
        <ele>646.629</ele>
        <time>2026-02-01T16:58:31Z</time>
      </trkpt>
      <trkpt lat="43.214320" lon="-2.594401">
        <ele>646.068</ele>
        <time>2026-02-01T16:58:32Z</time>
      </trkpt>
      <trkpt lat="43.214228" lon="-2.594375">
        <ele>645.677</ele>
        <time>2026-02-01T16:58:33Z</time>
      </trkpt>
      <trkpt lat="43.214137" lon="-2.594349">
        <ele>645.437</ele>
        <time>2026-02-01T16:58:34Z</time>
      </trkpt>
      <trkpt lat="43.214044" lon="-2.594319">
        <ele>644.849</ele>
        <time>2026-02-01T16:58:35Z</time>
      </trkpt>
      <trkpt lat="43.213955" lon="-2.594287">
        <ele>644.813</ele>
        <time>2026-02-01T16:58:36Z</time>
      </trkpt>
      <trkpt lat="43.213873" lon="-2.594238">
        <ele>644.809</ele>
        <time>2026-02-01T16:58:37Z</time>
      </trkpt>
      <trkpt lat="43.213808" lon="-2.594165">
        <ele>645.035</ele>
        <time>2026-02-01T16:58:38Z</time>
      </trkpt>
      <trkpt lat="43.213766" lon="-2.594074">
        <ele>645.497</ele>
        <time>2026-02-01T16:58:39Z</time>
      </trkpt>
      <trkpt lat="43.213744" lon="-2.593983">
        <ele>646.072</ele>
        <time>2026-02-01T16:58:40Z</time>
      </trkpt>
      <trkpt lat="43.213725" lon="-2.593891">
        <ele>646.623</ele>
        <time>2026-02-01T16:58:41Z</time>
      </trkpt>
      <trkpt lat="43.213708" lon="-2.593806">
        <ele>646.860</ele>
        <time>2026-02-01T16:58:42Z</time>
      </trkpt>
      <trkpt lat="43.213689" lon="-2.593718">
        <ele>646.875</ele>
        <time>2026-02-01T16:58:43Z</time>
      </trkpt>
      <trkpt lat="43.213668" lon="-2.593634">
        <ele>646.290</ele>
        <time>2026-02-01T16:58:44Z</time>
      </trkpt>
      <trkpt lat="43.213650" lon="-2.593554">
        <ele>646.029</ele>
        <time>2026-02-01T16:58:45Z</time>
      </trkpt>
      <trkpt lat="43.213633" lon="-2.593474">
        <ele>645.868</ele>
        <time>2026-02-01T16:58:46Z</time>
      </trkpt>
      <trkpt lat="43.213609" lon="-2.593395">
        <ele>645.663</ele>
        <time>2026-02-01T16:58:47Z</time>
      </trkpt>
      <trkpt lat="43.213584" lon="-2.593323">
        <ele>645.644</ele>
        <time>2026-02-01T16:58:48Z</time>
      </trkpt>
      <trkpt lat="43.213561" lon="-2.593252">
        <ele>646.018</ele>
        <time>2026-02-01T16:58:49Z</time>
      </trkpt>
      <trkpt lat="43.213529" lon="-2.593185">
        <ele>646.209</ele>
        <time>2026-02-01T16:58:50Z</time>
      </trkpt>
      <trkpt lat="43.213500" lon="-2.593118">
        <ele>646.438</ele>
        <time>2026-02-01T16:58:51Z</time>
      </trkpt>
      <trkpt lat="43.213469" lon="-2.593050">
        <ele>646.480</ele>
        <time>2026-02-01T16:58:52Z</time>
      </trkpt>
      <trkpt lat="43.213433" lon="-2.592991">
        <ele>646.225</ele>
        <time>2026-02-01T16:58:53Z</time>
      </trkpt>
      <trkpt lat="43.213400" lon="-2.592925">
        <ele>646.446</ele>
        <time>2026-02-01T16:58:54Z</time>
      </trkpt>
      <trkpt lat="43.213370" lon="-2.592854">
        <ele>646.423</ele>
        <time>2026-02-01T16:58:55Z</time>
      </trkpt>
      <trkpt lat="43.213336" lon="-2.592789">
        <ele>646.658</ele>
        <time>2026-02-01T16:58:56Z</time>
      </trkpt>
      <trkpt lat="43.213310" lon="-2.592725">
        <ele>647.293</ele>
        <time>2026-02-01T16:58:57Z</time>
      </trkpt>
      <trkpt lat="43.213291" lon="-2.592660">
        <ele>647.822</ele>
        <time>2026-02-01T16:58:58Z</time>
      </trkpt>
      <trkpt lat="43.213282" lon="-2.592594">
        <ele>648.041</ele>
        <time>2026-02-01T16:58:59Z</time>
      </trkpt>
      <trkpt lat="43.213283" lon="-2.592526">
        <ele>648.453</ele>
        <time>2026-02-01T16:59:00Z</time>
      </trkpt>
      <trkpt lat="43.213293" lon="-2.592457">
        <ele>648.604</ele>
        <time>2026-02-01T16:59:01Z</time>
      </trkpt>
      <trkpt lat="43.213308" lon="-2.592389">
        <ele>648.814</ele>
        <time>2026-02-01T16:59:02Z</time>
      </trkpt>
      <trkpt lat="43.213330" lon="-2.592323">
        <ele>648.809</ele>
        <time>2026-02-01T16:59:03Z</time>
      </trkpt>
      <trkpt lat="43.213356" lon="-2.592258">
        <ele>648.837</ele>
        <time>2026-02-01T16:59:04Z</time>
      </trkpt>
      <trkpt lat="43.213386" lon="-2.592195">
        <ele>648.629</ele>
        <time>2026-02-01T16:59:05Z</time>
      </trkpt>
      <trkpt lat="43.213416" lon="-2.592132">
        <ele>648.614</ele>
        <time>2026-02-01T16:59:06Z</time>
      </trkpt>
      <trkpt lat="43.213447" lon="-2.592068">
        <ele>648.655</ele>
        <time>2026-02-01T16:59:07Z</time>
      </trkpt>
      <trkpt lat="43.213476" lon="-2.592003">
        <ele>648.272</ele>
        <time>2026-02-01T16:59:08Z</time>
      </trkpt>
      <trkpt lat="43.213504" lon="-2.591935">
        <ele>648.017</ele>
        <time>2026-02-01T16:59:09Z</time>
      </trkpt>
      <trkpt lat="43.213529" lon="-2.591865">
        <ele>647.872</ele>
        <time>2026-02-01T16:59:10Z</time>
      </trkpt>
      <trkpt lat="43.213553" lon="-2.591798">
        <ele>647.861</ele>
        <time>2026-02-01T16:59:11Z</time>
      </trkpt>
      <trkpt lat="43.213575" lon="-2.591730">
        <ele>647.690</ele>
        <time>2026-02-01T16:59:12Z</time>
      </trkpt>
      <trkpt lat="43.213593" lon="-2.591655">
        <ele>647.641</ele>
        <time>2026-02-01T16:59:13Z</time>
      </trkpt>
      <trkpt lat="43.213609" lon="-2.591585">
        <ele>647.681</ele>
        <time>2026-02-01T16:59:14Z</time>
      </trkpt>
      <trkpt lat="43.213629" lon="-2.591517">
        <ele>647.609</ele>
        <time>2026-02-01T16:59:15Z</time>
      </trkpt>
      <trkpt lat="43.213659" lon="-2.591458">
        <ele>647.609</ele>
        <time>2026-02-01T16:59:16Z</time>
      </trkpt>
      <trkpt lat="43.213699" lon="-2.591413">
        <ele>647.616</ele>
        <time>2026-02-01T16:59:17Z</time>
      </trkpt>
      <trkpt lat="43.213751" lon="-2.591383">
        <ele>647.648</ele>
        <time>2026-02-01T16:59:18Z</time>
      </trkpt>
      <trkpt lat="43.213808" lon="-2.591363">
        <ele>647.433</ele>
        <time>2026-02-01T16:59:19Z</time>
      </trkpt>
      <trkpt lat="43.213870" lon="-2.591342">
        <ele>647.014</ele>
        <time>2026-02-01T16:59:20Z</time>
      </trkpt>
      <trkpt lat="43.213930" lon="-2.591317">
        <ele>646.871</ele>
        <time>2026-02-01T16:59:21Z</time>
      </trkpt>
      <trkpt lat="43.213994" lon="-2.591295">
        <ele>646.476</ele>
        <time>2026-02-01T16:59:22Z</time>
      </trkpt>
      <trkpt lat="43.214055" lon="-2.591266">
        <ele>646.041</ele>
        <time>2026-02-01T16:59:23Z</time>
      </trkpt>
      <trkpt lat="43.214114" lon="-2.591237">
        <ele>646.030</ele>
        <time>2026-02-01T16:59:24Z</time>
      </trkpt>
      <trkpt lat="43.214164" lon="-2.591203">
        <ele>645.829</ele>
        <time>2026-02-01T16:59:25Z</time>
      </trkpt>
      <trkpt lat="43.214218" lon="-2.591177">
        <ele>645.851</ele>
        <time>2026-02-01T16:59:26Z</time>
      </trkpt>
      <trkpt lat="43.214268" lon="-2.591148">
        <ele>645.801</ele>
        <time>2026-02-01T16:59:27Z</time>
      </trkpt>
      <trkpt lat="43.214320" lon="-2.591113">
        <ele>645.811</ele>
        <time>2026-02-01T16:59:28Z</time>
      </trkpt>
      <trkpt lat="43.214368" lon="-2.591062">
        <ele>645.609</ele>
        <time>2026-02-01T16:59:29Z</time>
      </trkpt>
      <trkpt lat="43.214405" lon="-2.590991">
        <ele>645.257</ele>
        <time>2026-02-01T16:59:30Z</time>
      </trkpt>
      <trkpt lat="43.214424" lon="-2.590901">
        <ele>645.029</ele>
        <time>2026-02-01T16:59:31Z</time>
      </trkpt>
      <trkpt lat="43.214422" lon="-2.590810">
        <ele>644.424</ele>
        <time>2026-02-01T16:59:32Z</time>
      </trkpt>
      <trkpt lat="43.214400" lon="-2.590736">
        <ele>644.415</ele>
        <time>2026-02-01T16:59:33Z</time>
      </trkpt>
      <trkpt lat="43.214364" lon="-2.590679">
        <ele>644.462</ele>
        <time>2026-02-01T16:59:34Z</time>
      </trkpt>
      <trkpt lat="43.214321" lon="-2.590637">
        <ele>644.667</ele>
        <time>2026-02-01T16:59:35Z</time>
      </trkpt>
      <trkpt lat="43.214278" lon="-2.590594">
        <ele>644.832</ele>
        <time>2026-02-01T16:59:36Z</time>
      </trkpt>
      <trkpt lat="43.214242" lon="-2.590546">
        <ele>645.261</ele>
        <time>2026-02-01T16:59:37Z</time>
      </trkpt>
      <trkpt lat="43.214208" lon="-2.590494">
        <ele>645.460</ele>
        <time>2026-02-01T16:59:38Z</time>
      </trkpt>
      <trkpt lat="43.214176" lon="-2.590440">
        <ele>645.812</ele>
        <time>2026-02-01T16:59:39Z</time>
      </trkpt>
      <trkpt lat="43.214145" lon="-2.590388">
        <ele>645.832</ele>
        <time>2026-02-01T16:59:40Z</time>
      </trkpt>
      <trkpt lat="43.214113" lon="-2.590335">
        <ele>646.005</ele>
        <time>2026-02-01T16:59:41Z</time>
      </trkpt>
      <trkpt lat="43.214084" lon="-2.590283">
        <ele>646.209</ele>
        <time>2026-02-01T16:59:42Z</time>
      </trkpt>
      <trkpt lat="43.214053" lon="-2.590226">
        <ele>646.293</ele>
        <time>2026-02-01T16:59:43Z</time>
      </trkpt>
      <trkpt lat="43.214023" lon="-2.590167">
        <ele>646.085</ele>
        <time>2026-02-01T16:59:44Z</time>
      </trkpt>
      <trkpt lat="43.213997" lon="-2.590108">
        <ele>646.030</ele>
        <time>2026-02-01T16:59:45Z</time>
      </trkpt>
      <trkpt lat="43.213984" lon="-2.590045">
        <ele>645.861</ele>
        <time>2026-02-01T16:59:46Z</time>
      </trkpt>
      <trkpt lat="43.213980" lon="-2.589976">
        <ele>645.638</ele>
        <time>2026-02-01T16:59:47Z</time>
      </trkpt>
      <trkpt lat="43.213979" lon="-2.589906">
        <ele>645.613</ele>
        <time>2026-02-01T16:59:48Z</time>
      </trkpt>
      <trkpt lat="43.213979" lon="-2.589836">
        <ele>645.648</ele>
        <time>2026-02-01T16:59:49Z</time>
      </trkpt>
      <trkpt lat="43.213974" lon="-2.589765">
        <ele>645.627</ele>
        <time>2026-02-01T16:59:50Z</time>
      </trkpt>
      <trkpt lat="43.213960" lon="-2.589695">
        <ele>645.846</ele>
        <time>2026-02-01T16:59:51Z</time>
      </trkpt>
      <trkpt lat="43.213931" lon="-2.589631">
        <ele>645.651</ele>
        <time>2026-02-01T16:59:52Z</time>
      </trkpt>
      <trkpt lat="43.213890" lon="-2.589580">
        <ele>645.601</ele>
        <time>2026-02-01T16:59:53Z</time>
      </trkpt>
      <trkpt lat="43.213842" lon="-2.589547">
        <ele>645.811</ele>
        <time>2026-02-01T16:59:54Z</time>
      </trkpt>
      <trkpt lat="43.213796" lon="-2.589526">
        <ele>646.009</ele>
        <time>2026-02-01T16:59:55Z</time>
      </trkpt>
      <trkpt lat="43.213755" lon="-2.589504">
        <ele>646.037</ele>
        <time>2026-02-01T16:59:56Z</time>
      </trkpt>
      <trkpt lat="43.213714" lon="-2.589486">
        <ele>646.499</ele>
        <time>2026-02-01T16:59:57Z</time>
      </trkpt>
      <trkpt lat="43.213676" lon="-2.589467">
        <ele>646.654</ele>
        <time>2026-02-01T16:59:58Z</time>
      </trkpt>
      <trkpt lat="43.213640" lon="-2.589444">
        <ele>647.055</ele>
        <time>2026-02-01T16:59:59Z</time>
      </trkpt>
      <trkpt lat="43.213603" lon="-2.589421">
        <ele>647.092</ele>
        <time>2026-02-01T17:00:00Z</time>
      </trkpt>
      <trkpt lat="43.213565" lon="-2.589400">
        <ele>647.267</ele>
        <time>2026-02-01T17:00:01Z</time>
      </trkpt>
      <trkpt lat="43.213527" lon="-2.589379">
        <ele>647.492</ele>
        <time>2026-02-01T17:00:02Z</time>
      </trkpt>
      <trkpt lat="43.213494" lon="-2.589354">
        <ele>647.441</ele>
        <time>2026-02-01T17:00:03Z</time>
      </trkpt>
      <trkpt lat="43.213461" lon="-2.589324">
        <ele>647.450</ele>
        <time>2026-02-01T17:00:04Z</time>
      </trkpt>
      <trkpt lat="43.213432" lon="-2.589295">
        <ele>647.897</ele>
        <time>2026-02-01T17:00:05Z</time>
      </trkpt>
      <trkpt lat="43.213402" lon="-2.589266">
        <ele>648.023</ele>
        <time>2026-02-01T17:00:06Z</time>
      </trkpt>
      <trkpt lat="43.213374" lon="-2.589241">
        <ele>648.225</ele>
        <time>2026-02-01T17:00:07Z</time>
      </trkpt>
      <trkpt lat="43.213346" lon="-2.589216">
        <ele>648.409</ele>
        <time>2026-02-01T17:00:08Z</time>
      </trkpt>
      <trkpt lat="43.213323" lon="-2.589194">
        <ele>648.891</ele>
        <time>2026-02-01T17:00:09Z</time>
      </trkpt>
      <trkpt lat="43.213300" lon="-2.589168">
        <ele>649.033</ele>
        <time>2026-02-01T17:00:10Z</time>
      </trkpt>
      <trkpt lat="43.213278" lon="-2.589138">
        <ele>649.088</ele>
        <time>2026-02-01T17:00:11Z</time>
      </trkpt>
      <trkpt lat="43.213255" lon="-2.589112">
        <ele>649.219</ele>
        <time>2026-02-01T17:00:12Z</time>
      </trkpt>
      <trkpt lat="43.213233" lon="-2.589089">
        <ele>649.456</ele>
        <time>2026-02-01T17:00:13Z</time>
      </trkpt>
      <trkpt lat="43.213214" lon="-2.589061">
        <ele>649.671</ele>
        <time>2026-02-01T17:00:14Z</time>
      </trkpt>
      <trkpt lat="43.213194" lon="-2.589027">
        <ele>649.816</ele>
        <time>2026-02-01T17:00:15Z</time>
      </trkpt>
      <trkpt lat="43.213176" lon="-2.588996">
        <ele>650.285</ele>
        <time>2026-02-01T17:00:16Z</time>
      </trkpt>
      <trkpt lat="43.213158" lon="-2.588966">
        <ele>650.484</ele>
        <time>2026-02-01T17:00:17Z</time>
      </trkpt>
      <trkpt lat="43.213140" lon="-2.588938">
        <ele>650.615</ele>
        <time>2026-02-01T17:00:18Z</time>
      </trkpt>
      <trkpt lat="43.213118" lon="-2.588912">
        <ele>650.865</ele>
        <time>2026-02-01T17:00:19Z</time>
      </trkpt>
      <trkpt lat="43.213098" lon="-2.588885">
        <ele>651.011</ele>
        <time>2026-02-01T17:00:20Z</time>
      </trkpt>
      <trkpt lat="43.213077" lon="-2.588859">
        <ele>651.209</ele>
        <time>2026-02-01T17:00:21Z</time>
      </trkpt>
      <trkpt lat="43.213059" lon="-2.588829">
        <ele>651.443</ele>
        <time>2026-02-01T17:00:22Z</time>
      </trkpt>
      <trkpt lat="43.213042" lon="-2.588801">
        <ele>651.665</ele>
        <time>2026-02-01T17:00:23Z</time>
      </trkpt>
      <trkpt lat="43.213022" lon="-2.588777">
        <ele>652.080</ele>
        <time>2026-02-01T17:00:24Z</time>
      </trkpt>
      <trkpt lat="43.213002" lon="-2.588755">
        <ele>652.231</ele>
        <time>2026-02-01T17:00:25Z</time>
      </trkpt>
      <trkpt lat="43.212982" lon="-2.588730">
        <ele>652.478</ele>
        <time>2026-02-01T17:00:26Z</time>
      </trkpt>
      <trkpt lat="43.212962" lon="-2.588706">
        <ele>652.883</ele>
        <time>2026-02-01T17:00:27Z</time>
      </trkpt>
      <trkpt lat="43.212941" lon="-2.588685">
        <ele>652.828</ele>
        <time>2026-02-01T17:00:28Z</time>
      </trkpt>
      <trkpt lat="43.212920" lon="-2.588660">
        <ele>653.057</ele>
        <time>2026-02-01T17:00:29Z</time>
      </trkpt>
      <trkpt lat="43.212899" lon="-2.588643">
        <ele>653.456</ele>
        <time>2026-02-01T17:00:30Z</time>
      </trkpt>
      <trkpt lat="43.212880" lon="-2.588625">
        <ele>653.694</ele>
        <time>2026-02-01T17:00:31Z</time>
      </trkpt>
      <trkpt lat="43.212861" lon="-2.588603">
        <ele>654.057</ele>
        <time>2026-02-01T17:00:32Z</time>
      </trkpt>
      <trkpt lat="43.212843" lon="-2.588581">
        <ele>654.222</ele>
        <time>2026-02-01T17:00:33Z</time>
      </trkpt>
      <trkpt lat="43.212824" lon="-2.588558">
        <ele>654.409</ele>
        <time>2026-02-01T17:00:34Z</time>
      </trkpt>
      <trkpt lat="43.212802" lon="-2.588535">
        <ele>654.631</ele>
        <time>2026-02-01T17:00:35Z</time>
      </trkpt>
      <trkpt lat="43.212781" lon="-2.588518">
        <ele>654.693</ele>
        <time>2026-02-01T17:00:36Z</time>
      </trkpt>
      <trkpt lat="43.212757" lon="-2.588499">
        <ele>654.678</ele>
        <time>2026-02-01T17:00:37Z</time>
      </trkpt>
      <trkpt lat="43.212733" lon="-2.588479">
        <ele>654.849</ele>
        <time>2026-02-01T17:00:38Z</time>
      </trkpt>
      <trkpt lat="43.212712" lon="-2.588458">
        <ele>655.076</ele>
        <time>2026-02-01T17:00:39Z</time>
      </trkpt>
      <trkpt lat="43.212690" lon="-2.588440">
        <ele>655.241</ele>
        <time>2026-02-01T17:00:40Z</time>
      </trkpt>
      <trkpt lat="43.212669" lon="-2.588419">
        <ele>655.256</ele>
        <time>2026-02-01T17:00:41Z</time>
      </trkpt>
      <trkpt lat="43.212647" lon="-2.588399">
        <ele>655.485</ele>
        <time>2026-02-01T17:00:42Z</time>
      </trkpt>
      <trkpt lat="43.212628" lon="-2.588379">
        <ele>655.674</ele>
        <time>2026-02-01T17:00:43Z</time>
      </trkpt>
      <trkpt lat="43.212608" lon="-2.588356">
        <ele>655.868</ele>
        <time>2026-02-01T17:00:44Z</time>
      </trkpt>
      <trkpt lat="43.212587" lon="-2.588335">
        <ele>656.042</ele>
        <time>2026-02-01T17:00:45Z</time>
      </trkpt>
      <trkpt lat="43.212567" lon="-2.588315">
        <ele>656.426</ele>
        <time>2026-02-01T17:00:46Z</time>
      </trkpt>
      <trkpt lat="43.212547" lon="-2.588293">
        <ele>656.609</ele>
        <time>2026-02-01T17:00:47Z</time>
      </trkpt>
      <trkpt lat="43.212527" lon="-2.588271">
        <ele>656.868</ele>
        <time>2026-02-01T17:00:48Z</time>
      </trkpt>
      <trkpt lat="43.212502" lon="-2.588250">
        <ele>657.260</ele>
        <time>2026-02-01T17:00:49Z</time>
      </trkpt>
      <trkpt lat="43.212482" lon="-2.588227">
        <ele>657.455</ele>
        <time>2026-02-01T17:00:50Z</time>
      </trkpt>
      <trkpt lat="43.212465" lon="-2.588204">
        <ele>657.616</ele>
        <time>2026-02-01T17:00:51Z</time>
      </trkpt>
      <trkpt lat="43.212445" lon="-2.588179">
        <ele>657.893</ele>
        <time>2026-02-01T17:00:52Z</time>
      </trkpt>
      <trkpt lat="43.212423" lon="-2.588157">
        <ele>658.298</ele>
        <time>2026-02-01T17:00:53Z</time>
      </trkpt>
      <trkpt lat="43.212401" lon="-2.588139">
        <ele>658.413</ele>
        <time>2026-02-01T17:00:54Z</time>
      </trkpt>
      <trkpt lat="43.212379" lon="-2.588123">
        <ele>658.692</ele>
        <time>2026-02-01T17:00:55Z</time>
      </trkpt>
      <trkpt lat="43.212357" lon="-2.588108">
        <ele>658.811</ele>
        <time>2026-02-01T17:00:56Z</time>
      </trkpt>
      <trkpt lat="43.212338" lon="-2.588088">
        <ele>659.016</ele>
        <time>2026-02-01T17:00:57Z</time>
      </trkpt>
      <trkpt lat="43.212319" lon="-2.588065">
        <ele>659.276</ele>
        <time>2026-02-01T17:00:58Z</time>
      </trkpt>
      <trkpt lat="43.212298" lon="-2.588041">
        <ele>659.413</ele>
        <time>2026-02-01T17:00:59Z</time>
      </trkpt>
      <trkpt lat="43.212278" lon="-2.588019">
        <ele>659.409</ele>
        <time>2026-02-01T17:01:00Z</time>
      </trkpt>
      <trkpt lat="43.212256" lon="-2.587998">
        <ele>659.613</ele>
        <time>2026-02-01T17:01:01Z</time>
      </trkpt>
      <trkpt lat="43.212234" lon="-2.587977">
        <ele>659.825</ele>
        <time>2026-02-01T17:01:02Z</time>
      </trkpt>
      <trkpt lat="43.212212" lon="-2.587956">
        <ele>660.040</ele>
        <time>2026-02-01T17:01:03Z</time>
      </trkpt>
      <trkpt lat="43.212190" lon="-2.587933">
        <ele>660.411</ele>
        <time>2026-02-01T17:01:04Z</time>
      </trkpt>
      <trkpt lat="43.212171" lon="-2.587911">
        <ele>660.688</ele>
        <time>2026-02-01T17:01:05Z</time>
      </trkpt>
      <trkpt lat="43.212151" lon="-2.587890">
        <ele>661.033</ele>
        <time>2026-02-01T17:01:06Z</time>
      </trkpt>
      <trkpt lat="43.212130" lon="-2.587870">
        <ele>661.238</ele>
        <time>2026-02-01T17:01:07Z</time>
      </trkpt>
      <trkpt lat="43.212108" lon="-2.587848">
        <ele>661.427</ele>
        <time>2026-02-01T17:01:08Z</time>
      </trkpt>
      <trkpt lat="43.212087" lon="-2.587825">
        <ele>661.636</ele>
        <time>2026-02-01T17:01:09Z</time>
      </trkpt>
      <trkpt lat="43.212065" lon="-2.587804">
        <ele>662.067</ele>
        <time>2026-02-01T17:01:10Z</time>
      </trkpt>
      <trkpt lat="43.212044" lon="-2.587786">
        <ele>662.481</ele>
        <time>2026-02-01T17:01:11Z</time>
      </trkpt>
      <trkpt lat="43.212020" lon="-2.587763">
        <ele>663.019</ele>
        <time>2026-02-01T17:01:12Z</time>
      </trkpt>
      <trkpt lat="43.211997" lon="-2.587741">
        <ele>663.209</ele>
        <time>2026-02-01T17:01:13Z</time>
      </trkpt>
      <trkpt lat="43.211976" lon="-2.587722">
        <ele>663.688</ele>
        <time>2026-02-01T17:01:14Z</time>
      </trkpt>
      <trkpt lat="43.211957" lon="-2.587700">
        <ele>663.670</ele>
        <time>2026-02-01T17:01:15Z</time>
      </trkpt>
      <trkpt lat="43.211935" lon="-2.587678">
        <ele>663.875</ele>
        <time>2026-02-01T17:01:16Z</time>
      </trkpt>
      <trkpt lat="43.211914" lon="-2.587658">
        <ele>664.056</ele>
        <time>2026-02-01T17:01:17Z</time>
      </trkpt>
      <trkpt lat="43.211896" lon="-2.587635">
        <ele>664.233</ele>
        <time>2026-02-01T17:01:18Z</time>
      </trkpt>
      <trkpt lat="43.211876" lon="-2.587610">
        <ele>664.478</ele>
        <time>2026-02-01T17:01:19Z</time>
      </trkpt>
      <trkpt lat="43.211855" lon="-2.587590">
        <ele>664.473</ele>
        <time>2026-02-01T17:01:20Z</time>
      </trkpt>
      <trkpt lat="43.211836" lon="-2.587566">
        <ele>664.612</ele>
        <time>2026-02-01T17:01:21Z</time>
      </trkpt>
      <trkpt lat="43.211818" lon="-2.587538">
        <ele>664.681</ele>
        <time>2026-02-01T17:01:22Z</time>
      </trkpt>
      <trkpt lat="43.211797" lon="-2.587513">
        <ele>664.871</ele>
        <time>2026-02-01T17:01:23Z</time>
      </trkpt>
      <trkpt lat="43.211778" lon="-2.587489">
        <ele>664.841</ele>
        <time>2026-02-01T17:01:24Z</time>
      </trkpt>
      <trkpt lat="43.211763" lon="-2.587462">
        <ele>665.015</ele>
        <time>2026-02-01T17:01:25Z</time>
      </trkpt>
      <trkpt lat="43.211743" lon="-2.587437">
        <ele>665.209</ele>
        <time>2026-02-01T17:01:26Z</time>
      </trkpt>
      <trkpt lat="43.211724" lon="-2.587408">
        <ele>665.259</ele>
        <time>2026-02-01T17:01:27Z</time>
      </trkpt>
      <trkpt lat="43.211701" lon="-2.587384">
        <ele>665.221</ele>
        <time>2026-02-01T17:01:28Z</time>
      </trkpt>
      <trkpt lat="43.211677" lon="-2.587360">
        <ele>665.616</ele>
        <time>2026-02-01T17:01:29Z</time>
      </trkpt>
      <trkpt lat="43.211658" lon="-2.587336">
        <ele>665.637</ele>
        <time>2026-02-01T17:01:30Z</time>
      </trkpt>
      <trkpt lat="43.211637" lon="-2.587313">
        <ele>665.854</ele>
        <time>2026-02-01T17:01:31Z</time>
      </trkpt>
      <trkpt lat="43.211615" lon="-2.587291">
        <ele>666.229</ele>
        <time>2026-02-01T17:01:32Z</time>
      </trkpt>
      <trkpt lat="43.211593" lon="-2.587268">
        <ele>666.444</ele>
        <time>2026-02-01T17:01:33Z</time>
      </trkpt>
      <trkpt lat="43.211573" lon="-2.587244">
        <ele>666.663</ele>
        <time>2026-02-01T17:01:34Z</time>
      </trkpt>
      <trkpt lat="43.211553" lon="-2.587221">
        <ele>666.672</ele>
        <time>2026-02-01T17:01:35Z</time>
      </trkpt>
      <trkpt lat="43.211532" lon="-2.587201">
        <ele>667.031</ele>
        <time>2026-02-01T17:01:36Z</time>
      </trkpt>
      <trkpt lat="43.211512" lon="-2.587182">
        <ele>667.261</ele>
        <time>2026-02-01T17:01:37Z</time>
      </trkpt>
      <trkpt lat="43.211491" lon="-2.587164">
        <ele>667.407</ele>
        <time>2026-02-01T17:01:38Z</time>
      </trkpt>
      <trkpt lat="43.211467" lon="-2.587145">
        <ele>667.609</ele>
        <time>2026-02-01T17:01:39Z</time>
      </trkpt>
      <trkpt lat="43.211443" lon="-2.587129">
        <ele>668.085</ele>
        <time>2026-02-01T17:01:40Z</time>
      </trkpt>
      <trkpt lat="43.211421" lon="-2.587110">
        <ele>668.257</ele>
        <time>2026-02-01T17:01:41Z</time>
      </trkpt>
      <trkpt lat="43.211400" lon="-2.587089">
        <ele>668.492</ele>
        <time>2026-02-01T17:01:42Z</time>
      </trkpt>
      <trkpt lat="43.211379" lon="-2.587069">
        <ele>668.863</ele>
        <time>2026-02-01T17:01:43Z</time>
      </trkpt>
      <trkpt lat="43.211358" lon="-2.587049">
        <ele>669.080</ele>
        <time>2026-02-01T17:01:44Z</time>
      </trkpt>
      <trkpt lat="43.211333" lon="-2.587032">
        <ele>669.225</ele>
        <time>2026-02-01T17:01:45Z</time>
      </trkpt>
      <trkpt lat="43.211311" lon="-2.587020">
        <ele>669.620</ele>
        <time>2026-02-01T17:01:46Z</time>
      </trkpt>
      <trkpt lat="43.211287" lon="-2.587003">
        <ele>669.869</ele>
        <time>2026-02-01T17:01:47Z</time>
      </trkpt>
      <trkpt lat="43.211264" lon="-2.586984">
        <ele>670.048</ele>
        <time>2026-02-01T17:01:48Z</time>
      </trkpt>
      <trkpt lat="43.211241" lon="-2.586969">
        <ele>670.243</ele>
        <time>2026-02-01T17:01:49Z</time>
      </trkpt>
      <trkpt lat="43.211217" lon="-2.586957">
        <ele>670.464</ele>
        <time>2026-02-01T17:01:50Z</time>
      </trkpt>
      <trkpt lat="43.211193" lon="-2.586943">
        <ele>670.410</ele>
        <time>2026-02-01T17:01:51Z</time>
      </trkpt>
      <trkpt lat="43.211169" lon="-2.586928">
        <ele>670.609</ele>
        <time>2026-02-01T17:01:52Z</time>
      </trkpt>
      <trkpt lat="43.211145" lon="-2.586912">
        <ele>670.886</ele>
        <time>2026-02-01T17:01:53Z</time>
      </trkpt>
      <trkpt lat="43.211121" lon="-2.586896">
        <ele>671.068</ele>
        <time>2026-02-01T17:01:54Z</time>
      </trkpt>
      <trkpt lat="43.211097" lon="-2.586882">
        <ele>671.453</ele>
        <time>2026-02-01T17:01:55Z</time>
      </trkpt>
      <trkpt lat="43.211073" lon="-2.586865">
        <ele>671.674</ele>
        <time>2026-02-01T17:01:56Z</time>
      </trkpt>
      <trkpt lat="43.211047" lon="-2.586849">
        <ele>671.821</ele>
        <time>2026-02-01T17:01:57Z</time>
      </trkpt>
      <trkpt lat="43.211018" lon="-2.586841">
        <ele>672.286</ele>
        <time>2026-02-01T17:01:58Z</time>
      </trkpt>
      <trkpt lat="43.210998" lon="-2.586815">
        <ele>672.471</ele>
        <time>2026-02-01T17:01:59Z</time>
      </trkpt>
      <trkpt lat="43.210978" lon="-2.586800">
        <ele>672.660</ele>
        <time>2026-02-01T17:02:00Z</time>
      </trkpt>
      <trkpt lat="43.210955" lon="-2.586788">
        <ele>672.829</ele>
        <time>2026-02-01T17:02:01Z</time>
      </trkpt>
      <trkpt lat="43.210933" lon="-2.586777">
        <ele>672.821</ele>
        <time>2026-02-01T17:02:02Z</time>
      </trkpt>
      <trkpt lat="43.210910" lon="-2.586763">
        <ele>673.041</ele>
        <time>2026-02-01T17:02:03Z</time>
      </trkpt>
      <trkpt lat="43.210884" lon="-2.586752">
        <ele>673.405</ele>
        <time>2026-02-01T17:02:04Z</time>
      </trkpt>
      <trkpt lat="43.210858" lon="-2.586738">
        <ele>673.809</ele>
        <time>2026-02-01T17:02:05Z</time>
      </trkpt>
      <trkpt lat="43.210833" lon="-2.586725">
        <ele>674.264</ele>
        <time>2026-02-01T17:02:06Z</time>
      </trkpt>
      <trkpt lat="43.210810" lon="-2.586712">
        <ele>674.616</ele>
        <time>2026-02-01T17:02:07Z</time>
      </trkpt>
      <trkpt lat="43.210784" lon="-2.586703">
        <ele>674.881</ele>
        <time>2026-02-01T17:02:08Z</time>
      </trkpt>
      <trkpt lat="43.210757" lon="-2.586693">
        <ele>675.092</ele>
        <time>2026-02-01T17:02:09Z</time>
      </trkpt>
      <trkpt lat="43.210733" lon="-2.586680">
        <ele>675.259</ele>
        <time>2026-02-01T17:02:10Z</time>
      </trkpt>
      <trkpt lat="43.210712" lon="-2.586664">
        <ele>675.484</ele>
        <time>2026-02-01T17:02:11Z</time>
      </trkpt>
      <trkpt lat="43.210686" lon="-2.586651">
        <ele>675.649</ele>
        <time>2026-02-01T17:02:12Z</time>
      </trkpt>
      <trkpt lat="43.210661" lon="-2.586639">
        <ele>675.888</ele>
        <time>2026-02-01T17:02:13Z</time>
      </trkpt>
      <trkpt lat="43.210636" lon="-2.586629">
        <ele>676.097</ele>
        <time>2026-02-01T17:02:14Z</time>
      </trkpt>
      <trkpt lat="43.210609" lon="-2.586622">
        <ele>676.245</ele>
        <time>2026-02-01T17:02:15Z</time>
      </trkpt>
      <trkpt lat="43.210586" lon="-2.586611">
        <ele>676.447</ele>
        <time>2026-02-01T17:02:16Z</time>
      </trkpt>
      <trkpt lat="43.210559" lon="-2.586599">
        <ele>676.611</ele>
        <time>2026-02-01T17:02:17Z</time>
      </trkpt>
      <trkpt lat="43.210535" lon="-2.586584">
        <ele>676.809</ele>
        <time>2026-02-01T17:02:18Z</time>
      </trkpt>
      <trkpt lat="43.210511" lon="-2.586574">
        <ele>677.066</ele>
        <time>2026-02-01T17:02:19Z</time>
      </trkpt>
      <trkpt lat="43.210484" lon="-2.586567">
        <ele>677.278</ele>
        <time>2026-02-01T17:02:20Z</time>
      </trkpt>
      <trkpt lat="43.210458" lon="-2.586555">
        <ele>677.423</ele>
        <time>2026-02-01T17:02:21Z</time>
      </trkpt>
      <trkpt lat="43.210437" lon="-2.586541">
        <ele>677.674</ele>
        <time>2026-02-01T17:02:22Z</time>
      </trkpt>
      <trkpt lat="43.210412" lon="-2.586527">
        <ele>677.881</ele>
        <time>2026-02-01T17:02:23Z</time>
      </trkpt>
      <trkpt lat="43.210388" lon="-2.586518">
        <ele>678.046</ele>
        <time>2026-02-01T17:02:24Z</time>
      </trkpt>
      <trkpt lat="43.210363" lon="-2.586508">
        <ele>678.251</ele>
        <time>2026-02-01T17:02:25Z</time>
      </trkpt>
      <trkpt lat="43.210341" lon="-2.586493">
        <ele>678.450</ele>
        <time>2026-02-01T17:02:26Z</time>
      </trkpt>
      <trkpt lat="43.210316" lon="-2.586477">
        <ele>678.679</ele>
        <time>2026-02-01T17:02:27Z</time>
      </trkpt>
      <trkpt lat="43.210290" lon="-2.586462">
        <ele>678.869</ele>
        <time>2026-02-01T17:02:28Z</time>
      </trkpt>
      <trkpt lat="43.210263" lon="-2.586450">
        <ele>679.004</ele>
        <time>2026-02-01T17:02:29Z</time>
      </trkpt>
      <trkpt lat="43.210238" lon="-2.586437">
        <ele>679.224</ele>
        <time>2026-02-01T17:02:30Z</time>
      </trkpt>
      <trkpt lat="43.210215" lon="-2.586429">
        <ele>679.209</ele>
        <time>2026-02-01T17:02:31Z</time>
      </trkpt>
      <trkpt lat="43.210189" lon="-2.586423">
        <ele>679.498</ele>
        <time>2026-02-01T17:02:32Z</time>
      </trkpt>
      <trkpt lat="43.210160" lon="-2.586414">
        <ele>680.060</ele>
        <time>2026-02-01T17:02:33Z</time>
      </trkpt>
      <trkpt lat="43.210133" lon="-2.586405">
        <ele>680.225</ele>
        <time>2026-02-01T17:02:34Z</time>
      </trkpt>
      <trkpt lat="43.210111" lon="-2.586396">
        <ele>680.676</ele>
        <time>2026-02-01T17:02:35Z</time>
      </trkpt>
      <trkpt lat="43.210087" lon="-2.586384">
        <ele>681.073</ele>
        <time>2026-02-01T17:02:36Z</time>
      </trkpt>
      <trkpt lat="43.210066" lon="-2.586372">
        <ele>681.468</ele>
        <time>2026-02-01T17:02:37Z</time>
      </trkpt>
      <trkpt lat="43.210042" lon="-2.586356">
        <ele>681.623</ele>
        <time>2026-02-01T17:02:38Z</time>
      </trkpt>
      <trkpt lat="43.210016" lon="-2.586342">
        <ele>681.852</ele>
        <time>2026-02-01T17:02:39Z</time>
      </trkpt>
      <trkpt lat="43.209989" lon="-2.586330">
        <ele>682.011</ele>
        <time>2026-02-01T17:02:40Z</time>
      </trkpt>
      <trkpt lat="43.209962" lon="-2.586321">
        <ele>682.297</ele>
        <time>2026-02-01T17:02:41Z</time>
      </trkpt>
      <trkpt lat="43.209935" lon="-2.586310">
        <ele>682.423</ele>
        <time>2026-02-01T17:02:42Z</time>
      </trkpt>
      <trkpt lat="43.209911" lon="-2.586303">
        <ele>682.625</ele>
        <time>2026-02-01T17:02:43Z</time>
      </trkpt>
      <trkpt lat="43.209886" lon="-2.586294">
        <ele>682.809</ele>
        <time>2026-02-01T17:02:44Z</time>
      </trkpt>
      <trkpt lat="43.209864" lon="-2.586281">
        <ele>683.081</ele>
        <time>2026-02-01T17:02:45Z</time>
      </trkpt>
      <trkpt lat="43.209840" lon="-2.586266">
        <ele>683.043</ele>
        <time>2026-02-01T17:02:46Z</time>
      </trkpt>
      <trkpt lat="43.209817" lon="-2.586255">
        <ele>683.288</ele>
        <time>2026-02-01T17:02:47Z</time>
      </trkpt>
      <trkpt lat="43.209794" lon="-2.586244">
        <ele>683.429</ele>
        <time>2026-02-01T17:02:48Z</time>
      </trkpt>
      <trkpt lat="43.209769" lon="-2.586234">
        <ele>683.616</ele>
        <time>2026-02-01T17:02:49Z</time>
      </trkpt>
      <trkpt lat="43.209744" lon="-2.586224">
        <ele>683.811</ele>
        <time>2026-02-01T17:02:50Z</time>
      </trkpt>
      <trkpt lat="43.209720" lon="-2.586215">
        <ele>684.016</ele>
        <time>2026-02-01T17:02:51Z</time>
      </trkpt>
      <trkpt lat="43.209696" lon="-2.586205">
        <ele>684.455</ele>
        <time>2026-02-01T17:02:52Z</time>
      </trkpt>
      <trkpt lat="43.209672" lon="-2.586191">
        <ele>684.654</ele>
        <time>2026-02-01T17:02:53Z</time>
      </trkpt>
      <trkpt lat="43.209647" lon="-2.586179">
        <ele>684.851</ele>
        <time>2026-02-01T17:02:54Z</time>
      </trkpt>
      <trkpt lat="43.209623" lon="-2.586169">
        <ele>685.001</ele>
        <time>2026-02-01T17:02:55Z</time>
      </trkpt>
      <trkpt lat="43.209601" lon="-2.586156">
        <ele>685.211</ele>
        <time>2026-02-01T17:02:56Z</time>
      </trkpt>
      <trkpt lat="43.209576" lon="-2.586143">
        <ele>685.409</ele>
        <time>2026-02-01T17:02:57Z</time>
      </trkpt>
      <trkpt lat="43.209548" lon="-2.586133">
        <ele>685.477</ele>
        <time>2026-02-01T17:02:58Z</time>
      </trkpt>
      <trkpt lat="43.209522" lon="-2.586120">
        <ele>685.669</ele>
        <time>2026-02-01T17:02:59Z</time>
      </trkpt>
      <trkpt lat="43.209499" lon="-2.586109">
        <ele>685.844</ele>
        <time>2026-02-01T17:03:00Z</time>
      </trkpt>
      <trkpt lat="43.209474" lon="-2.586097">
        <ele>685.885</ele>
        <time>2026-02-01T17:03:01Z</time>
      </trkpt>
      <trkpt lat="43.209450" lon="-2.586084">
        <ele>686.092</ele>
        <time>2026-02-01T17:03:02Z</time>
      </trkpt>
      <trkpt lat="43.209428" lon="-2.586067">
        <ele>686.277</ele>
        <time>2026-02-01T17:03:03Z</time>
      </trkpt>
      <trkpt lat="43.209405" lon="-2.586054">
        <ele>686.652</ele>
        <time>2026-02-01T17:03:04Z</time>
      </trkpt>
      <trkpt lat="43.209383" lon="-2.586040">
        <ele>687.041</ele>
        <time>2026-02-01T17:03:05Z</time>
      </trkpt>
      <trkpt lat="43.209360" lon="-2.586023">
        <ele>687.640</ele>
        <time>2026-02-01T17:03:06Z</time>
      </trkpt>
      <trkpt lat="43.209340" lon="-2.586004">
        <ele>688.082</ele>
        <time>2026-02-01T17:03:07Z</time>
      </trkpt>
      <trkpt lat="43.209320" lon="-2.585984">
        <ele>688.643</ele>
        <time>2026-02-01T17:03:08Z</time>
      </trkpt>
      <trkpt lat="43.209300" lon="-2.585962">
        <ele>689.017</ele>
        <time>2026-02-01T17:03:09Z</time>
      </trkpt>
      <trkpt lat="43.209278" lon="-2.585942">
        <ele>689.409</ele>
        <time>2026-02-01T17:03:10Z</time>
      </trkpt>
      <trkpt lat="43.209254" lon="-2.585923">
        <ele>689.820</ele>
        <time>2026-02-01T17:03:11Z</time>
      </trkpt>
      <trkpt lat="43.209229" lon="-2.585906">
        <ele>690.082</ele>
        <time>2026-02-01T17:03:12Z</time>
      </trkpt>
      <trkpt lat="43.209205" lon="-2.585888">
        <ele>690.457</ele>
        <time>2026-02-01T17:03:13Z</time>
      </trkpt>
      <trkpt lat="43.209181" lon="-2.585871">
        <ele>690.888</ele>
        <time>2026-02-01T17:03:14Z</time>
      </trkpt>
      <trkpt lat="43.209156" lon="-2.585849">
        <ele>691.265</ele>
        <time>2026-02-01T17:03:15Z</time>
      </trkpt>
      <trkpt lat="43.209135" lon="-2.585824">
        <ele>691.490</ele>
        <time>2026-02-01T17:03:16Z</time>
      </trkpt>
      <trkpt lat="43.209116" lon="-2.585801">
        <ele>691.875</ele>
        <time>2026-02-01T17:03:17Z</time>
      </trkpt>
      <trkpt lat="43.209095" lon="-2.585780">
        <ele>692.074</ele>
        <time>2026-02-01T17:03:18Z</time>
      </trkpt>
      <trkpt lat="43.209076" lon="-2.585760">
        <ele>692.263</ele>
        <time>2026-02-01T17:03:19Z</time>
      </trkpt>
      <trkpt lat="43.209058" lon="-2.585735">
        <ele>692.697</ele>
        <time>2026-02-01T17:03:20Z</time>
      </trkpt>
      <trkpt lat="43.209043" lon="-2.585708">
        <ele>692.823</ele>
        <time>2026-02-01T17:03:21Z</time>
      </trkpt>
      <trkpt lat="43.209028" lon="-2.585678">
        <ele>693.225</ele>
        <time>2026-02-01T17:03:22Z</time>
      </trkpt>
      <trkpt lat="43.209015" lon="-2.585649">
        <ele>693.609</ele>
        <time>2026-02-01T17:03:23Z</time>
      </trkpt>
      <trkpt lat="43.209004" lon="-2.585618">
        <ele>694.041</ele>
        <time>2026-02-01T17:03:24Z</time>
      </trkpt>
      <trkpt lat="43.208993" lon="-2.585590">
        <ele>694.683</ele>
        <time>2026-02-01T17:03:25Z</time>
      </trkpt>
      <trkpt lat="43.208984" lon="-2.585563">
        <ele>695.058</ele>
        <time>2026-02-01T17:03:26Z</time>
      </trkpt>
      <trkpt lat="43.208978" lon="-2.585533">
        <ele>695.639</ele>
        <time>2026-02-01T17:03:27Z</time>
      </trkpt>
      <trkpt lat="43.208969" lon="-2.585496">
        <ele>696.236</ele>
        <time>2026-02-01T17:03:28Z</time>
      </trkpt>
      <trkpt lat="43.208958" lon="-2.585469">
        <ele>696.491</ele>
        <time>2026-02-01T17:03:29Z</time>
      </trkpt>
      <trkpt lat="43.208952" lon="-2.585436">
        <ele>696.656</ele>
        <time>2026-02-01T17:03:30Z</time>
      </trkpt>
      <trkpt lat="43.208954" lon="-2.585404">
        <ele>696.815</ele>
        <time>2026-02-01T17:03:31Z</time>
      </trkpt>
      <trkpt lat="43.208956" lon="-2.585364">
        <ele>697.064</ele>
        <time>2026-02-01T17:03:32Z</time>
      </trkpt>
      <trkpt lat="43.208943" lon="-2.585332">
        <ele>697.229</ele>
        <time>2026-02-01T17:03:33Z</time>
      </trkpt>
      <trkpt lat="43.208924" lon="-2.585304">
        <ele>697.600</ele>
        <time>2026-02-01T17:03:34Z</time>
      </trkpt>
      <trkpt lat="43.208899" lon="-2.585281">
        <ele>698.020</ele>
        <time>2026-02-01T17:03:35Z</time>
      </trkpt>
      <trkpt lat="43.208874" lon="-2.585265">
        <ele>698.209</ele>
        <time>2026-02-01T17:03:36Z</time>
      </trkpt>
      <trkpt lat="43.208844" lon="-2.585257">
        <ele>698.284</ele>
        <time>2026-02-01T17:03:37Z</time>
      </trkpt>
      <trkpt lat="43.208812" lon="-2.585253">
        <ele>698.216</ele>
        <time>2026-02-01T17:03:38Z</time>
      </trkpt>
      <trkpt lat="43.208786" lon="-2.585257">
        <ele>698.481</ele>
        <time>2026-02-01T17:03:39Z</time>
      </trkpt>
      <trkpt lat="43.208757" lon="-2.585262">
        <ele>698.842</ele>
        <time>2026-02-01T17:03:40Z</time>
      </trkpt>
      <trkpt lat="43.208727" lon="-2.585274">
        <ele>698.849</ele>
        <time>2026-02-01T17:03:41Z</time>
      </trkpt>
      <trkpt lat="43.208700" lon="-2.585284">
        <ele>699.034</ele>
        <time>2026-02-01T17:03:42Z</time>
      </trkpt>
      <trkpt lat="43.208674" lon="-2.585289">
        <ele>699.499</ele>
        <time>2026-02-01T17:03:43Z</time>
      </trkpt>
      <trkpt lat="43.208648" lon="-2.585294">
        <ele>699.688</ele>
        <time>2026-02-01T17:03:44Z</time>
      </trkpt>
      <trkpt lat="43.208621" lon="-2.585298">
        <ele>699.837</ele>
        <time>2026-02-01T17:03:45Z</time>
      </trkpt>
      <trkpt lat="43.208596" lon="-2.585302">
        <ele>700.025</ele>
        <time>2026-02-01T17:03:46Z</time>
      </trkpt>
      <trkpt lat="43.208570" lon="-2.585307">
        <ele>700.226</ele>
        <time>2026-02-01T17:03:47Z</time>
      </trkpt>
      <trkpt lat="43.208545" lon="-2.585309">
        <ele>700.408</ele>
        <time>2026-02-01T17:03:48Z</time>
      </trkpt>
      <trkpt lat="43.208518" lon="-2.585310">
        <ele>700.609</ele>
        <time>2026-02-01T17:03:49Z</time>
      </trkpt>
      <trkpt lat="43.208491" lon="-2.585310">
        <ele>700.884</ele>
        <time>2026-02-01T17:03:50Z</time>
      </trkpt>
      <trkpt lat="43.208464" lon="-2.585305">
        <ele>701.026</ele>
        <time>2026-02-01T17:03:51Z</time>
      </trkpt>
      <trkpt lat="43.208436" lon="-2.585301">
        <ele>701.211</ele>
        <time>2026-02-01T17:03:52Z</time>
      </trkpt>
      <trkpt lat="43.208409" lon="-2.585297">
        <ele>701.482</ele>
        <time>2026-02-01T17:03:53Z</time>
      </trkpt>
      <trkpt lat="43.208387" lon="-2.585291">
        <ele>701.659</ele>
        <time>2026-02-01T17:03:54Z</time>
      </trkpt>
      <trkpt lat="43.208366" lon="-2.585286">
        <ele>701.864</ele>
        <time>2026-02-01T17:03:55Z</time>
      </trkpt>
      <trkpt lat="43.208339" lon="-2.585280">
        <ele>702.099</ele>
        <time>2026-02-01T17:03:56Z</time>
      </trkpt>
      <trkpt lat="43.208312" lon="-2.585276">
        <ele>702.448</ele>
        <time>2026-02-01T17:03:57Z</time>
      </trkpt>
      <trkpt lat="43.208286" lon="-2.585269">
        <ele>702.897</ele>
        <time>2026-02-01T17:03:58Z</time>
      </trkpt>
      <trkpt lat="43.208263" lon="-2.585258">
        <ele>703.228</ele>
        <time>2026-02-01T17:03:59Z</time>
      </trkpt>
      <trkpt lat="43.208238" lon="-2.585246">
        <ele>703.489</ele>
        <time>2026-02-01T17:04:00Z</time>
      </trkpt>
      <trkpt lat="43.208212" lon="-2.585239">
        <ele>703.617</ele>
        <time>2026-02-01T17:04:01Z</time>
      </trkpt>
      <trkpt lat="43.208185" lon="-2.585233">
        <ele>703.809</ele>
        <time>2026-02-01T17:04:02Z</time>
      </trkpt>
      <trkpt lat="43.208158" lon="-2.585230">
        <ele>704.064</ele>
        <time>2026-02-01T17:04:03Z</time>
      </trkpt>
      <trkpt lat="43.208132" lon="-2.585229">
        <ele>704.246</ele>
        <time>2026-02-01T17:04:04Z</time>
      </trkpt>
      <trkpt lat="43.208104" lon="-2.585222">
        <ele>704.611</ele>
        <time>2026-02-01T17:04:05Z</time>
      </trkpt>
      <trkpt lat="43.208078" lon="-2.585216">
        <ele>704.832</ele>
        <time>2026-02-01T17:04:06Z</time>
      </trkpt>
      <trkpt lat="43.208052" lon="-2.585212">
        <ele>705.229</ele>
        <time>2026-02-01T17:04:07Z</time>
      </trkpt>
      <trkpt lat="43.208025" lon="-2.585200">
        <ele>705.814</ele>
        <time>2026-02-01T17:04:08Z</time>
      </trkpt>
      <trkpt lat="43.208000" lon="-2.585184">
        <ele>706.259</ele>
        <time>2026-02-01T17:04:09Z</time>
      </trkpt>
      <trkpt lat="43.207976" lon="-2.585174">
        <ele>706.478</ele>
        <time>2026-02-01T17:04:10Z</time>
      </trkpt>
      <trkpt lat="43.207951" lon="-2.585172">
        <ele>706.647</ele>
        <time>2026-02-01T17:04:11Z</time>
      </trkpt>
      <trkpt lat="43.207925" lon="-2.585166">
        <ele>706.627</ele>
        <time>2026-02-01T17:04:12Z</time>
      </trkpt>
      <trkpt lat="43.207899" lon="-2.585159">
        <ele>706.668</ele>
        <time>2026-02-01T17:04:13Z</time>
      </trkpt>
      <trkpt lat="43.207873" lon="-2.585149">
        <ele>706.614</ele>
        <time>2026-02-01T17:04:14Z</time>
      </trkpt>
      <trkpt lat="43.207848" lon="-2.585139">
        <ele>707.009</ele>
        <time>2026-02-01T17:04:15Z</time>
      </trkpt>
      <trkpt lat="43.207822" lon="-2.585126">
        <ele>707.494</ele>
        <time>2026-02-01T17:04:16Z</time>
      </trkpt>
      <trkpt lat="43.207793" lon="-2.585112">
        <ele>707.896</ele>
        <time>2026-02-01T17:04:17Z</time>
      </trkpt>
      <trkpt lat="43.207768" lon="-2.585101">
        <ele>708.231</ele>
        <time>2026-02-01T17:04:18Z</time>
      </trkpt>
      <trkpt lat="43.207745" lon="-2.585093">
        <ele>708.622</ele>
        <time>2026-02-01T17:04:19Z</time>
      </trkpt>
      <trkpt lat="43.207720" lon="-2.585082">
        <ele>709.069</ele>
        <time>2026-02-01T17:04:20Z</time>
      </trkpt>
      <trkpt lat="43.207697" lon="-2.585071">
        <ele>709.474</ele>
        <time>2026-02-01T17:04:21Z</time>
      </trkpt>
      <trkpt lat="43.207674" lon="-2.585064">
        <ele>709.899</ele>
        <time>2026-02-01T17:04:22Z</time>
      </trkpt>
      <trkpt lat="43.207650" lon="-2.585055">
        <ele>710.048</ele>
        <time>2026-02-01T17:04:23Z</time>
      </trkpt>
      <trkpt lat="43.207623" lon="-2.585043">
        <ele>710.097</ele>
        <time>2026-02-01T17:04:24Z</time>
      </trkpt>
      <trkpt lat="43.207599" lon="-2.585035">
        <ele>710.023</ele>
        <time>2026-02-01T17:04:25Z</time>
      </trkpt>
      <trkpt lat="43.207575" lon="-2.585020">
        <ele>710.283</ele>
        <time>2026-02-01T17:04:26Z</time>
      </trkpt>
      <trkpt lat="43.207551" lon="-2.585004">
        <ele>710.211</ele>
        <time>2026-02-01T17:04:27Z</time>
      </trkpt>
      <trkpt lat="43.207529" lon="-2.584988">
        <ele>710.609</ele>
        <time>2026-02-01T17:04:28Z</time>
      </trkpt>
      <trkpt lat="43.207505" lon="-2.584973">
        <ele>711.054</ele>
        <time>2026-02-01T17:04:29Z</time>
      </trkpt>
      <trkpt lat="43.207480" lon="-2.584960">
        <ele>711.286</ele>
        <time>2026-02-01T17:04:30Z</time>
      </trkpt>
      <trkpt lat="43.207453" lon="-2.584950">
        <ele>711.411</ele>
        <time>2026-02-01T17:04:31Z</time>
      </trkpt>
      <trkpt lat="43.207425" lon="-2.584940">
        <ele>711.452</ele>
        <time>2026-02-01T17:04:32Z</time>
      </trkpt>
      <trkpt lat="43.207398" lon="-2.584929">
        <ele>711.859</ele>
        <time>2026-02-01T17:04:33Z</time>
      </trkpt>
      <trkpt lat="43.207375" lon="-2.584909">
        <ele>712.214</ele>
        <time>2026-02-01T17:04:34Z</time>
      </trkpt>
      <trkpt lat="43.207354" lon="-2.584893">
        <ele>712.659</ele>
        <time>2026-02-01T17:04:35Z</time>
      </trkpt>
      <trkpt lat="43.207331" lon="-2.584883">
        <ele>713.078</ele>
        <time>2026-02-01T17:04:36Z</time>
      </trkpt>
      <trkpt lat="43.207304" lon="-2.584871">
        <ele>713.657</ele>
        <time>2026-02-01T17:04:37Z</time>
      </trkpt>
      <trkpt lat="43.207281" lon="-2.584861">
        <ele>713.831</ele>
        <time>2026-02-01T17:04:38Z</time>
      </trkpt>
      <trkpt lat="43.207256" lon="-2.584852">
        <ele>714.261</ele>
        <time>2026-02-01T17:04:39Z</time>
      </trkpt>
      <trkpt lat="43.207228" lon="-2.584846">
        <ele>714.607</ele>
        <time>2026-02-01T17:04:40Z</time>
      </trkpt>
      <trkpt lat="43.207204" lon="-2.584836">
        <ele>714.809</ele>
        <time>2026-02-01T17:04:41Z</time>
      </trkpt>
      <trkpt lat="43.207177" lon="-2.584822">
        <ele>715.035</ele>
        <time>2026-02-01T17:04:42Z</time>
      </trkpt>
      <trkpt lat="43.207154" lon="-2.584808">
        <ele>715.467</ele>
        <time>2026-02-01T17:04:43Z</time>
      </trkpt>
      <trkpt lat="43.207130" lon="-2.584798">
        <ele>715.632</ele>
        <time>2026-02-01T17:04:44Z</time>
      </trkpt>
      <trkpt lat="43.207103" lon="-2.584789">
        <ele>716.013</ele>
        <time>2026-02-01T17:04:45Z</time>
      </trkpt>
      <trkpt lat="43.207080" lon="-2.584776">
        <ele>716.290</ele>
        <time>2026-02-01T17:04:46Z</time>
      </trkpt>
      <trkpt lat="43.207055" lon="-2.584759">
        <ele>716.645</ele>
        <time>2026-02-01T17:04:47Z</time>
      </trkpt>
      <trkpt lat="43.207033" lon="-2.584739">
        <ele>716.850</ele>
        <time>2026-02-01T17:04:48Z</time>
      </trkpt>
      <trkpt lat="43.207007" lon="-2.584719">
        <ele>717.069</ele>
        <time>2026-02-01T17:04:49Z</time>
      </trkpt>
      <trkpt lat="43.206984" lon="-2.584703">
        <ele>717.228</ele>
        <time>2026-02-01T17:04:50Z</time>
      </trkpt>
      <trkpt lat="43.206960" lon="-2.584686">
        <ele>717.638</ele>
        <time>2026-02-01T17:04:51Z</time>
      </trkpt>
      <trkpt lat="43.206936" lon="-2.584671">
        <ele>717.870</ele>
        <time>2026-02-01T17:04:52Z</time>
      </trkpt>
      <trkpt lat="43.206915" lon="-2.584652">
        <ele>718.217</ele>
        <time>2026-02-01T17:04:53Z</time>
      </trkpt>
      <trkpt lat="43.206894" lon="-2.584632">
        <ele>718.809</ele>
        <time>2026-02-01T17:04:54Z</time>
      </trkpt>
      <trkpt lat="43.206874" lon="-2.584610">
        <ele>719.285</ele>
        <time>2026-02-01T17:04:55Z</time>
      </trkpt>
      <trkpt lat="43.206852" lon="-2.584591">
        <ele>719.477</ele>
        <time>2026-02-01T17:04:56Z</time>
      </trkpt>
      <trkpt lat="43.206830" lon="-2.584572">
        <ele>719.842</ele>
        <time>2026-02-01T17:04:57Z</time>
      </trkpt>
      <trkpt lat="43.206809" lon="-2.584551">
        <ele>720.013</ele>
        <time>2026-02-01T17:04:58Z</time>
      </trkpt>
      <trkpt lat="43.206789" lon="-2.584529">
        <ele>720.480</ele>
        <time>2026-02-01T17:04:59Z</time>
      </trkpt>
      <trkpt lat="43.206768" lon="-2.584509">
        <ele>720.685</ele>
        <time>2026-02-01T17:05:00Z</time>
      </trkpt>
      <trkpt lat="43.206743" lon="-2.584496">
        <ele>721.060</ele>
        <time>2026-02-01T17:05:01Z</time>
      </trkpt>
      <trkpt lat="43.206719" lon="-2.584480">
        <ele>721.479</ele>
        <time>2026-02-01T17:05:02Z</time>
      </trkpt>
      <trkpt lat="43.206691" lon="-2.584465">
        <ele>721.858</ele>
        <time>2026-02-01T17:05:03Z</time>
      </trkpt>
      <trkpt lat="43.206664" lon="-2.584448">
        <ele>722.211</ele>
        <time>2026-02-01T17:05:04Z</time>
      </trkpt>
      <trkpt lat="43.206645" lon="-2.584426">
        <ele>722.421</ele>
        <time>2026-02-01T17:05:05Z</time>
      </trkpt>
      <trkpt lat="43.206629" lon="-2.584399">
        <ele>722.603</ele>
        <time>2026-02-01T17:05:06Z</time>
      </trkpt>
      <trkpt lat="43.206615" lon="-2.584370">
        <ele>723.009</ele>
        <time>2026-02-01T17:05:07Z</time>
      </trkpt>
      <trkpt lat="43.206606" lon="-2.584339">
        <ele>723.413</ele>
        <time>2026-02-01T17:05:08Z</time>
      </trkpt>
      <trkpt lat="43.206600" lon="-2.584313">
        <ele>723.685</ele>
        <time>2026-02-01T17:05:09Z</time>
      </trkpt>
      <trkpt lat="43.206592" lon="-2.584291">
        <ele>724.040</ele>
        <time>2026-02-01T17:05:10Z</time>
      </trkpt>
      <trkpt lat="43.206587" lon="-2.584265">
        <ele>724.491</ele>
        <time>2026-02-01T17:05:11Z</time>
      </trkpt>
      <trkpt lat="43.206585" lon="-2.584234">
        <ele>724.678</ele>
        <time>2026-02-01T17:05:12Z</time>
      </trkpt>
      <trkpt lat="43.206589" lon="-2.584203">
        <ele>724.823</ele>
        <time>2026-02-01T17:05:13Z</time>
      </trkpt>
      <trkpt lat="43.206594" lon="-2.584172">
        <ele>725.018</ele>
        <time>2026-02-01T17:05:14Z</time>
      </trkpt>
      <trkpt lat="43.206605" lon="-2.584145">
        <ele>725.477</ele>
        <time>2026-02-01T17:05:15Z</time>
      </trkpt>
      <trkpt lat="43.206617" lon="-2.584122">
        <ele>725.826</ele>
        <time>2026-02-01T17:05:16Z</time>
      </trkpt>
      <trkpt lat="43.206634" lon="-2.584099">
        <ele>726.249</ele>
        <time>2026-02-01T17:05:17Z</time>
      </trkpt>
      <trkpt lat="43.206654" lon="-2.584089">
        <ele>726.602</ele>
        <time>2026-02-01T17:05:18Z</time>
      </trkpt>
      <trkpt lat="43.206679" lon="-2.584082">
        <ele>727.022</ele>
        <time>2026-02-01T17:05:19Z</time>
      </trkpt>
      <trkpt lat="43.206704" lon="-2.584074">
        <ele>727.409</ele>
        <time>2026-02-01T17:05:20Z</time>
      </trkpt>
      <trkpt lat="43.206727" lon="-2.584065">
        <ele>727.886</ele>
        <time>2026-02-01T17:05:21Z</time>
      </trkpt>
      <trkpt lat="43.206747" lon="-2.584057">
        <ele>728.038</ele>
        <time>2026-02-01T17:05:22Z</time>
      </trkpt>
      <trkpt lat="43.206767" lon="-2.584050">
        <ele>728.243</ele>
        <time>2026-02-01T17:05:23Z</time>
      </trkpt>
      <trkpt lat="43.206788" lon="-2.584040">
        <ele>728.674</ele>
        <time>2026-02-01T17:05:24Z</time>
      </trkpt>
      <trkpt lat="43.206812" lon="-2.584034">
        <ele>728.891</ele>
        <time>2026-02-01T17:05:25Z</time>
      </trkpt>
      <trkpt lat="43.206836" lon="-2.584030">
        <ele>729.266</ele>
        <time>2026-02-01T17:05:26Z</time>
      </trkpt>
      <trkpt lat="43.206862" lon="-2.584022">
        <ele>729.611</ele>
        <time>2026-02-01T17:05:27Z</time>
      </trkpt>
      <trkpt lat="43.206888" lon="-2.584014">
        <ele>730.030</ele>
        <time>2026-02-01T17:05:28Z</time>
      </trkpt>
      <trkpt lat="43.206913" lon="-2.584003">
        <ele>730.499</ele>
        <time>2026-02-01T17:05:29Z</time>
      </trkpt>
      <trkpt lat="43.206939" lon="-2.583995">
        <ele>731.057</ele>
        <time>2026-02-01T17:05:30Z</time>
      </trkpt>
      <trkpt lat="43.206965" lon="-2.583988">
        <ele>731.600</ele>
        <time>2026-02-01T17:05:31Z</time>
      </trkpt>
      <trkpt lat="43.206987" lon="-2.583980">
        <ele>732.020</ele>
        <time>2026-02-01T17:05:32Z</time>
      </trkpt>
      <trkpt lat="43.207009" lon="-2.583971">
        <ele>732.409</ele>
        <time>2026-02-01T17:05:33Z</time>
      </trkpt>
      <trkpt lat="43.207035" lon="-2.583963">
        <ele>732.897</ele>
        <time>2026-02-01T17:05:34Z</time>
      </trkpt>
      <trkpt lat="43.207060" lon="-2.583954">
        <ele>733.069</ele>
        <time>2026-02-01T17:05:35Z</time>
      </trkpt>
      <trkpt lat="43.207084" lon="-2.583940">
        <ele>733.244</ele>
        <time>2026-02-01T17:05:36Z</time>
      </trkpt>
      <trkpt lat="43.207107" lon="-2.583928">
        <ele>733.675</ele>
        <time>2026-02-01T17:05:37Z</time>
      </trkpt>
      <trkpt lat="43.207130" lon="-2.583917">
        <ele>734.062</ele>
        <time>2026-02-01T17:05:38Z</time>
      </trkpt>
      <trkpt lat="43.207155" lon="-2.583909">
        <ele>734.487</ele>
        <time>2026-02-01T17:05:39Z</time>
      </trkpt>
      <trkpt lat="43.207179" lon="-2.583900">
        <ele>734.872</ele>
        <time>2026-02-01T17:05:40Z</time>
      </trkpt>
      <trkpt lat="43.207203" lon="-2.583884">
        <ele>735.211</ele>
        <time>2026-02-01T17:05:41Z</time>
      </trkpt>
      <trkpt lat="43.207226" lon="-2.583871">
        <ele>735.670</ele>
        <time>2026-02-01T17:05:42Z</time>
      </trkpt>
      <trkpt lat="43.207250" lon="-2.583857">
        <ele>736.038</ele>
        <time>2026-02-01T17:05:43Z</time>
      </trkpt>
      <trkpt lat="43.207273" lon="-2.583844">
        <ele>736.470</ele>
        <time>2026-02-01T17:05:44Z</time>
      </trkpt>
      <trkpt lat="43.207295" lon="-2.583830">
        <ele>736.617</ele>
        <time>2026-02-01T17:05:45Z</time>
      </trkpt>
      <trkpt lat="43.207318" lon="-2.583816">
        <ele>737.009</ele>
        <time>2026-02-01T17:05:46Z</time>
      </trkpt>
      <trkpt lat="43.207341" lon="-2.583799">
        <ele>737.495</ele>
        <time>2026-02-01T17:05:47Z</time>
      </trkpt>
      <trkpt lat="43.207364" lon="-2.583785">
        <ele>737.687</ele>
        <time>2026-02-01T17:05:48Z</time>
      </trkpt>
      <trkpt lat="43.207388" lon="-2.583774">
        <ele>738.052</ele>
        <time>2026-02-01T17:05:49Z</time>
      </trkpt>
      <trkpt lat="43.207412" lon="-2.583761">
        <ele>738.243</ele>
        <time>2026-02-01T17:05:50Z</time>
      </trkpt>
      <trkpt lat="43.207431" lon="-2.583740">
        <ele>738.630</ele>
        <time>2026-02-01T17:05:51Z</time>
      </trkpt>
      <trkpt lat="43.207447" lon="-2.583719">
        <ele>739.075</ele>
        <time>2026-02-01T17:05:52Z</time>
      </trkpt>
      <trkpt lat="43.207467" lon="-2.583697">
        <ele>739.430</ele>
        <time>2026-02-01T17:05:53Z</time>
      </trkpt>
      <trkpt lat="43.207488" lon="-2.583678">
        <ele>739.879</ele>
        <time>2026-02-01T17:05:54Z</time>
      </trkpt>
      <trkpt lat="43.207511" lon="-2.583663">
        <ele>740.238</ele>
        <time>2026-02-01T17:05:55Z</time>
      </trkpt>
      <trkpt lat="43.207534" lon="-2.583648">
        <ele>740.618</ele>
        <time>2026-02-01T17:05:56Z</time>
      </trkpt>
      <trkpt lat="43.207557" lon="-2.583629">
        <ele>740.898</ele>
        <time>2026-02-01T17:05:57Z</time>
      </trkpt>
      <trkpt lat="43.207576" lon="-2.583606">
        <ele>741.017</ele>
        <time>2026-02-01T17:05:58Z</time>
      </trkpt>
      <trkpt lat="43.207593" lon="-2.583587">
        <ele>741.409</ele>
        <time>2026-02-01T17:05:59Z</time>
      </trkpt>
      <trkpt lat="43.207612" lon="-2.583567">
        <ele>741.883</ele>
        <time>2026-02-01T17:06:00Z</time>
      </trkpt>
      <trkpt lat="43.207633" lon="-2.583545">
        <ele>742.275</ele>
        <time>2026-02-01T17:06:01Z</time>
      </trkpt>
      <trkpt lat="43.207652" lon="-2.583533">
        <ele>742.460</ele>
        <time>2026-02-01T17:06:02Z</time>
      </trkpt>
      <trkpt lat="43.207676" lon="-2.583517">
        <ele>742.891</ele>
        <time>2026-02-01T17:06:03Z</time>
      </trkpt>
      <trkpt lat="43.207699" lon="-2.583493">
        <ele>743.228</ele>
        <time>2026-02-01T17:06:04Z</time>
      </trkpt>
      <trkpt lat="43.207719" lon="-2.583474">
        <ele>743.633</ele>
        <time>2026-02-01T17:06:05Z</time>
      </trkpt>
      <trkpt lat="43.207742" lon="-2.583457">
        <ele>743.898</ele>
        <time>2026-02-01T17:06:06Z</time>
      </trkpt>
      <trkpt lat="43.207770" lon="-2.583438">
        <ele>744.257</ele>
        <time>2026-02-01T17:06:07Z</time>
      </trkpt>
      <trkpt lat="43.207798" lon="-2.583415">
        <ele>744.616</ele>
        <time>2026-02-01T17:06:08Z</time>
      </trkpt>
      <trkpt lat="43.207823" lon="-2.583394">
        <ele>745.081</ele>
        <time>2026-02-01T17:06:09Z</time>
      </trkpt>
      <trkpt lat="43.207848" lon="-2.583372">
        <ele>745.461</ele>
        <time>2026-02-01T17:06:10Z</time>
      </trkpt>
      <trkpt lat="43.207875" lon="-2.583346">
        <ele>745.617</ele>
        <time>2026-02-01T17:06:11Z</time>
      </trkpt>
      <trkpt lat="43.207897" lon="-2.583322">
        <ele>745.809</ele>
        <time>2026-02-01T17:06:12Z</time>
      </trkpt>
      <trkpt lat="43.207921" lon="-2.583301">
        <ele>746.020</ele>
        <time>2026-02-01T17:06:13Z</time>
      </trkpt>
      <trkpt lat="43.207946" lon="-2.583276">
        <ele>746.292</ele>
        <time>2026-02-01T17:06:14Z</time>
      </trkpt>
      <trkpt lat="43.207972" lon="-2.583252">
        <ele>746.417</ele>
        <time>2026-02-01T17:06:15Z</time>
      </trkpt>
      <trkpt lat="43.207997" lon="-2.583229">
        <ele>746.898</ele>
        <time>2026-02-01T17:06:16Z</time>
      </trkpt>
      <trkpt lat="43.208024" lon="-2.583206">
        <ele>747.075</ele>
        <time>2026-02-01T17:06:17Z</time>
      </trkpt>
      <trkpt lat="43.208051" lon="-2.583182">
        <ele>747.450</ele>
        <time>2026-02-01T17:06:18Z</time>
      </trkpt>
      <trkpt lat="43.208076" lon="-2.583154">
        <ele>747.635</ele>
        <time>2026-02-01T17:06:19Z</time>
      </trkpt>
      <trkpt lat="43.208100" lon="-2.583126">
        <ele>747.654</ele>
        <time>2026-02-01T17:06:20Z</time>
      </trkpt>
      <trkpt lat="43.208122" lon="-2.583102">
        <ele>747.863</ele>
        <time>2026-02-01T17:06:21Z</time>
      </trkpt>
      <trkpt lat="43.208144" lon="-2.583074">
        <ele>748.021</ele>
        <time>2026-02-01T17:06:22Z</time>
      </trkpt>
      <trkpt lat="43.208166" lon="-2.583044">
        <ele>748.241</ele>
        <time>2026-02-01T17:06:23Z</time>
      </trkpt>
      <trkpt lat="43.208186" lon="-2.583014">
        <ele>748.805</ele>
        <time>2026-02-01T17:06:24Z</time>
      </trkpt>
      <trkpt lat="43.208211" lon="-2.582987">
        <ele>749.209</ele>
        <time>2026-02-01T17:06:25Z</time>
      </trkpt>
      <trkpt lat="43.208235" lon="-2.582957">
        <ele>749.694</ele>
        <time>2026-02-01T17:06:26Z</time>
      </trkpt>
      <trkpt lat="43.208254" lon="-2.582927">
        <ele>750.036</ele>
        <time>2026-02-01T17:06:27Z</time>
      </trkpt>
      <trkpt lat="43.208273" lon="-2.582896">
        <ele>750.421</ele>
        <time>2026-02-01T17:06:28Z</time>
      </trkpt>
      <trkpt lat="43.208289" lon="-2.582861">
        <ele>750.482</ele>
        <time>2026-02-01T17:06:29Z</time>
      </trkpt>
      <trkpt lat="43.208307" lon="-2.582826">
        <ele>750.679</ele>
        <time>2026-02-01T17:06:30Z</time>
      </trkpt>
      <trkpt lat="43.208326" lon="-2.582789">
        <ele>750.824</ele>
        <time>2026-02-01T17:06:31Z</time>
      </trkpt>
      <trkpt lat="43.208345" lon="-2.582757">
        <ele>751.099</ele>
        <time>2026-02-01T17:06:32Z</time>
      </trkpt>
      <trkpt lat="43.208364" lon="-2.582725">
        <ele>751.098</ele>
        <time>2026-02-01T17:06:33Z</time>
      </trkpt>
      <trkpt lat="43.208383" lon="-2.582690">
        <ele>751.267</ele>
        <time>2026-02-01T17:06:34Z</time>
      </trkpt>
      <trkpt lat="43.208400" lon="-2.582657">
        <ele>751.431</ele>
        <time>2026-02-01T17:06:35Z</time>
      </trkpt>
      <trkpt lat="43.208418" lon="-2.582622">
        <ele>751.661</ele>
        <time>2026-02-01T17:06:36Z</time>
      </trkpt>
      <trkpt lat="43.208437" lon="-2.582594">
        <ele>752.007</ele>
        <time>2026-02-01T17:06:37Z</time>
      </trkpt>
      <trkpt lat="43.208460" lon="-2.582572">
        <ele>752.209</ele>
        <time>2026-02-01T17:06:38Z</time>
      </trkpt>
      <trkpt lat="43.208484" lon="-2.582542">
        <ele>752.415</ele>
        <time>2026-02-01T17:06:39Z</time>
      </trkpt>
      <trkpt lat="43.208505" lon="-2.582516">
        <ele>752.887</ele>
        <time>2026-02-01T17:06:40Z</time>
      </trkpt>
      <trkpt lat="43.208526" lon="-2.582494">
        <ele>753.242</ele>
        <time>2026-02-01T17:06:41Z</time>
      </trkpt>
      <trkpt lat="43.208547" lon="-2.582463">
        <ele>753.423</ele>
        <time>2026-02-01T17:06:42Z</time>
      </trkpt>
      <trkpt lat="43.208568" lon="-2.582425">
        <ele>753.890</ele>
        <time>2026-02-01T17:06:43Z</time>
      </trkpt>
      <trkpt lat="43.208590" lon="-2.582393">
        <ele>754.225</ele>
        <time>2026-02-01T17:06:44Z</time>
      </trkpt>
      <trkpt lat="43.208614" lon="-2.582361">
        <ele>754.460</ele>
        <time>2026-02-01T17:06:45Z</time>
      </trkpt>
      <trkpt lat="43.208638" lon="-2.582327">
        <ele>754.839</ele>
        <time>2026-02-01T17:06:46Z</time>
      </trkpt>
      <trkpt lat="43.208664" lon="-2.582295">
        <ele>755.098</ele>
        <time>2026-02-01T17:06:47Z</time>
      </trkpt>
      <trkpt lat="43.208680" lon="-2.582257">
        <ele>755.484</ele>
        <time>2026-02-01T17:06:48Z</time>
      </trkpt>
      <trkpt lat="43.208702" lon="-2.582228">
        <ele>755.607</ele>
        <time>2026-02-01T17:06:49Z</time>
      </trkpt>
      <trkpt lat="43.208723" lon="-2.582198">
        <ele>755.817</ele>
        <time>2026-02-01T17:06:50Z</time>
      </trkpt>
      <trkpt lat="43.208744" lon="-2.582167">
        <ele>756.009</ele>
        <time>2026-02-01T17:06:51Z</time>
      </trkpt>
      <trkpt lat="43.208766" lon="-2.582133">
        <ele>756.280</ele>
        <time>2026-02-01T17:06:52Z</time>
      </trkpt>
      <trkpt lat="43.208787" lon="-2.582098">
        <ele>756.662</ele>
        <time>2026-02-01T17:06:53Z</time>
      </trkpt>
      <trkpt lat="43.208806" lon="-2.582066">
        <ele>756.817</ele>
        <time>2026-02-01T17:06:54Z</time>
      </trkpt>
      <trkpt lat="43.208824" lon="-2.582032">
        <ele>757.298</ele>
        <time>2026-02-01T17:06:55Z</time>
      </trkpt>
      <trkpt lat="43.208842" lon="-2.582002">
        <ele>757.485</ele>
        <time>2026-02-01T17:06:56Z</time>
      </trkpt>
      <trkpt lat="43.208863" lon="-2.581971">
        <ele>757.880</ele>
        <time>2026-02-01T17:06:57Z</time>
      </trkpt>
      <trkpt lat="43.208881" lon="-2.581936">
        <ele>758.055</ele>
        <time>2026-02-01T17:06:58Z</time>
      </trkpt>
      <trkpt lat="43.208901" lon="-2.581903">
        <ele>758.434</ele>
        <time>2026-02-01T17:06:59Z</time>
      </trkpt>
      <trkpt lat="43.208921" lon="-2.581875">
        <ele>758.673</ele>
        <time>2026-02-01T17:07:00Z</time>
      </trkpt>
      <trkpt lat="43.208943" lon="-2.581848">
        <ele>758.867</ele>
        <time>2026-02-01T17:07:01Z</time>
      </trkpt>
      <trkpt lat="43.208968" lon="-2.581824">
        <ele>759.081</ele>
        <time>2026-02-01T17:07:02Z</time>
      </trkpt>
      <trkpt lat="43.208992" lon="-2.581798">
        <ele>759.419</ele>
        <time>2026-02-01T17:07:03Z</time>
      </trkpt>
      <trkpt lat="43.209018" lon="-2.581781">
        <ele>759.809</ele>
        <time>2026-02-01T17:07:04Z</time>
      </trkpt>
      <trkpt lat="43.209049" lon="-2.581765">
        <ele>760.288</ele>
        <time>2026-02-01T17:07:05Z</time>
      </trkpt>
      <trkpt lat="43.209078" lon="-2.581746">
        <ele>760.670</ele>
        <time>2026-02-01T17:07:06Z</time>
      </trkpt>
      <trkpt lat="43.209104" lon="-2.581726">
        <ele>760.815</ele>
        <time>2026-02-01T17:07:07Z</time>
      </trkpt>
      <trkpt lat="43.209134" lon="-2.581706">
        <ele>761.226</ele>
        <time>2026-02-01T17:07:08Z</time>
      </trkpt>
      <trkpt lat="43.209164" lon="-2.581686">
        <ele>761.463</ele>
        <time>2026-02-01T17:07:09Z</time>
      </trkpt>
      <trkpt lat="43.209198" lon="-2.581664">
        <ele>761.628</ele>
        <time>2026-02-01T17:07:10Z</time>
      </trkpt>
      <trkpt lat="43.209228" lon="-2.581638">
        <ele>761.863</ele>
        <time>2026-02-01T17:07:11Z</time>
      </trkpt>
      <trkpt lat="43.209251" lon="-2.581619">
        <ele>761.842</ele>
        <time>2026-02-01T17:07:12Z</time>
      </trkpt>
      <trkpt lat="43.209277" lon="-2.581595">
        <ele>762.061</ele>
        <time>2026-02-01T17:07:13Z</time>
      </trkpt>
      <trkpt lat="43.209311" lon="-2.581576">
        <ele>762.457</ele>
        <time>2026-02-01T17:07:14Z</time>
      </trkpt>
      <trkpt lat="43.209335" lon="-2.581550">
        <ele>762.800</ele>
        <time>2026-02-01T17:07:15Z</time>
      </trkpt>
      <trkpt lat="43.209364" lon="-2.581530">
        <ele>763.220</ele>
        <time>2026-02-01T17:07:16Z</time>
      </trkpt>
      <trkpt lat="43.209390" lon="-2.581514">
        <ele>763.809</ele>
        <time>2026-02-01T17:07:17Z</time>
      </trkpt>
      <trkpt lat="43.209418" lon="-2.581496">
        <ele>764.227</ele>
        <time>2026-02-01T17:07:18Z</time>
      </trkpt>
      <trkpt lat="43.209446" lon="-2.581471">
        <ele>764.839</ele>
        <time>2026-02-01T17:07:19Z</time>
      </trkpt>
      <trkpt lat="43.209469" lon="-2.581445">
        <ele>765.014</ele>
        <time>2026-02-01T17:07:20Z</time>
      </trkpt>
      <trkpt lat="43.209495" lon="-2.581417">
        <ele>765.485</ele>
        <time>2026-02-01T17:07:21Z</time>
      </trkpt>
      <trkpt lat="43.209519" lon="-2.581393">
        <ele>765.662</ele>
        <time>2026-02-01T17:07:22Z</time>
      </trkpt>
      <trkpt lat="43.209545" lon="-2.581370">
        <ele>765.817</ele>
        <time>2026-02-01T17:07:23Z</time>
      </trkpt>
      <trkpt lat="43.209569" lon="-2.581347">
        <ele>766.032</ele>
        <time>2026-02-01T17:07:24Z</time>
      </trkpt>
      <trkpt lat="43.209589" lon="-2.581328">
        <ele>766.451</ele>
        <time>2026-02-01T17:07:25Z</time>
      </trkpt>
      <trkpt lat="43.209610" lon="-2.581310">
        <ele>766.690</ele>
        <time>2026-02-01T17:07:26Z</time>
      </trkpt>
      <trkpt lat="43.209632" lon="-2.581296">
        <ele>766.853</ele>
        <time>2026-02-01T17:07:27Z</time>
      </trkpt>
      <trkpt lat="43.209655" lon="-2.581273">
        <ele>767.204</ele>
        <time>2026-02-01T17:07:28Z</time>
      </trkpt>
      <trkpt lat="43.209681" lon="-2.581250">
        <ele>767.214</ele>
        <time>2026-02-01T17:07:29Z</time>
      </trkpt>
      <trkpt lat="43.209709" lon="-2.581234">
        <ele>767.209</ele>
        <time>2026-02-01T17:07:30Z</time>
      </trkpt>
      <trkpt lat="43.209739" lon="-2.581217">
        <ele>767.477</ele>
        <time>2026-02-01T17:07:31Z</time>
      </trkpt>
      <trkpt lat="43.209767" lon="-2.581196">
        <ele>767.659</ele>
        <time>2026-02-01T17:07:32Z</time>
      </trkpt>
      <trkpt lat="43.209795" lon="-2.581172">
        <ele>767.864</ele>
        <time>2026-02-01T17:07:33Z</time>
      </trkpt>
      <trkpt lat="43.209820" lon="-2.581148">
        <ele>768.275</ele>
        <time>2026-02-01T17:07:34Z</time>
      </trkpt>
      <trkpt lat="43.209843" lon="-2.581125">
        <ele>768.262</ele>
        <time>2026-02-01T17:07:35Z</time>
      </trkpt>
      <trkpt lat="43.209865" lon="-2.581102">
        <ele>768.497</ele>
        <time>2026-02-01T17:07:36Z</time>
      </trkpt>
      <trkpt lat="43.209882" lon="-2.581075">
        <ele>768.872</ele>
        <time>2026-02-01T17:07:37Z</time>
      </trkpt>
      <trkpt lat="43.209903" lon="-2.581051">
        <ele>769.051</ele>
        <time>2026-02-01T17:07:38Z</time>
      </trkpt>
      <trkpt lat="43.209923" lon="-2.581026">
        <ele>769.480</ele>
        <time>2026-02-01T17:07:39Z</time>
      </trkpt>
      <trkpt lat="43.209944" lon="-2.581003">
        <ele>769.695</ele>
        <time>2026-02-01T17:07:40Z</time>
      </trkpt>
      <trkpt lat="43.209964" lon="-2.580974">
        <ele>770.049</ele>
        <time>2026-02-01T17:07:41Z</time>
      </trkpt>
      <trkpt lat="43.209982" lon="-2.580946">
        <ele>770.223</ele>
        <time>2026-02-01T17:07:42Z</time>
      </trkpt>
      <trkpt lat="43.209995" lon="-2.580913">
        <ele>770.409</ele>
        <time>2026-02-01T17:07:43Z</time>
      </trkpt>
      <trkpt lat="43.210006" lon="-2.580877">
        <ele>770.881</ele>
        <time>2026-02-01T17:07:44Z</time>
      </trkpt>
      <trkpt lat="43.210011" lon="-2.580846">
        <ele>771.483</ele>
        <time>2026-02-01T17:07:45Z</time>
      </trkpt>
      <trkpt lat="43.210005" lon="-2.580815">
        <ele>771.618</ele>
        <time>2026-02-01T17:07:46Z</time>
      </trkpt>
      <trkpt lat="43.209993" lon="-2.580783">
        <ele>772.089</ele>
        <time>2026-02-01T17:07:47Z</time>
      </trkpt>
      <trkpt lat="43.209977" lon="-2.580758">
        <ele>772.266</ele>
        <time>2026-02-01T17:07:48Z</time>
      </trkpt>
      <trkpt lat="43.209952" lon="-2.580733">
        <ele>772.611</ele>
        <time>2026-02-01T17:07:49Z</time>
      </trkpt>
      <trkpt lat="43.209926" lon="-2.580713">
        <ele>772.876</ele>
        <time>2026-02-01T17:07:50Z</time>
      </trkpt>
      <trkpt lat="43.209902" lon="-2.580694">
        <ele>773.215</ele>
        <time>2026-02-01T17:07:51Z</time>
      </trkpt>
      <trkpt lat="43.209877" lon="-2.580679">
        <ele>773.854</ele>
        <time>2026-02-01T17:07:52Z</time>
      </trkpt>
      <trkpt lat="43.209859" lon="-2.580652">
        <ele>774.267</ele>
        <time>2026-02-01T17:07:53Z</time>
      </trkpt>
      <trkpt lat="43.209839" lon="-2.580629">
        <ele>774.681</ele>
        <time>2026-02-01T17:07:54Z</time>
      </trkpt>
      <trkpt lat="43.209810" lon="-2.580612">
        <ele>775.019</ele>
        <time>2026-02-01T17:07:55Z</time>
      </trkpt>
      <trkpt lat="43.209776" lon="-2.580613">
        <ele>775.409</ele>
        <time>2026-02-01T17:07:56Z</time>
      </trkpt>
      <trkpt lat="43.209744" lon="-2.580615">
        <ele>775.678</ele>
        <time>2026-02-01T17:07:57Z</time>
      </trkpt>
      <trkpt lat="43.209715" lon="-2.580602">
        <ele>776.020</ele>
        <time>2026-02-01T17:07:58Z</time>
      </trkpt>
      <trkpt lat="43.209691" lon="-2.580584">
        <ele>776.475</ele>
        <time>2026-02-01T17:07:59Z</time>
      </trkpt>
      <trkpt lat="43.209665" lon="-2.580564">
        <ele>776.816</ele>
        <time>2026-02-01T17:08:00Z</time>
      </trkpt>
      <trkpt lat="43.209642" lon="-2.580545">
        <ele>777.423</ele>
        <time>2026-02-01T17:08:01Z</time>
      </trkpt>
      <trkpt lat="43.209619" lon="-2.580525">
        <ele>778.058</ele>
        <time>2026-02-01T17:08:02Z</time>
      </trkpt>
      <trkpt lat="43.209595" lon="-2.580509">
        <ele>778.273</ele>
        <time>2026-02-01T17:08:03Z</time>
      </trkpt>
      <trkpt lat="43.209574" lon="-2.580495">
        <ele>778.452</ele>
        <time>2026-02-01T17:08:04Z</time>
      </trkpt>
      <trkpt lat="43.209550" lon="-2.580478">
        <ele>778.831</ele>
        <time>2026-02-01T17:08:05Z</time>
      </trkpt>
      <trkpt lat="43.209526" lon="-2.580464">
        <ele>779.085</ele>
        <time>2026-02-01T17:08:06Z</time>
      </trkpt>
      <trkpt lat="43.209503" lon="-2.580447">
        <ele>779.289</ele>
        <time>2026-02-01T17:08:07Z</time>
      </trkpt>
      <trkpt lat="43.209481" lon="-2.580432">
        <ele>779.817</ele>
        <time>2026-02-01T17:08:08Z</time>
      </trkpt>
      <trkpt lat="43.209458" lon="-2.580414">
        <ele>780.209</ele>
        <time>2026-02-01T17:08:09Z</time>
      </trkpt>
      <trkpt lat="43.209431" lon="-2.580400">
        <ele>780.610</ele>
        <time>2026-02-01T17:08:10Z</time>
      </trkpt>
      <trkpt lat="43.209403" lon="-2.580390">
        <ele>781.022</ele>
        <time>2026-02-01T17:08:11Z</time>
      </trkpt>
      <trkpt lat="43.209377" lon="-2.580379">
        <ele>781.497</ele>
        <time>2026-02-01T17:08:12Z</time>
      </trkpt>
      <trkpt lat="43.209351" lon="-2.580370">
        <ele>781.688</ele>
        <time>2026-02-01T17:08:13Z</time>
      </trkpt>
      <trkpt lat="43.209324" lon="-2.580361">
        <ele>782.095</ele>
        <time>2026-02-01T17:08:14Z</time>
      </trkpt>
      <trkpt lat="43.209299" lon="-2.580350">
        <ele>782.440</ele>
        <time>2026-02-01T17:08:15Z</time>
      </trkpt>
      <trkpt lat="43.209274" lon="-2.580342">
        <ele>782.815</ele>
        <time>2026-02-01T17:08:16Z</time>
      </trkpt>
      <trkpt lat="43.209248" lon="-2.580332">
        <ele>783.274</ele>
        <time>2026-02-01T17:08:17Z</time>
      </trkpt>
      <trkpt lat="43.209226" lon="-2.580320">
        <ele>783.623</ele>
        <time>2026-02-01T17:08:18Z</time>
      </trkpt>
      <trkpt lat="43.209203" lon="-2.580302">
        <ele>783.864</ele>
        <time>2026-02-01T17:08:19Z</time>
      </trkpt>
      <trkpt lat="43.209176" lon="-2.580284">
        <ele>784.006</ele>
        <time>2026-02-01T17:08:20Z</time>
      </trkpt>
      <trkpt lat="43.209156" lon="-2.580266">
        <ele>784.416</ele>
        <time>2026-02-01T17:08:21Z</time>
      </trkpt>
      <trkpt lat="43.209137" lon="-2.580242">
        <ele>784.609</ele>
        <time>2026-02-01T17:08:22Z</time>
      </trkpt>
      <trkpt lat="43.209121" lon="-2.580214">
        <ele>784.898</ele>
        <time>2026-02-01T17:08:23Z</time>
      </trkpt>
      <trkpt lat="43.209103" lon="-2.580188">
        <ele>785.230</ele>
        <time>2026-02-01T17:08:24Z</time>
      </trkpt>
      <trkpt lat="43.209087" lon="-2.580159">
        <ele>785.635</ele>
        <time>2026-02-01T17:08:25Z</time>
      </trkpt>
      <trkpt lat="43.209079" lon="-2.580127">
        <ele>785.866</ele>
        <time>2026-02-01T17:08:26Z</time>
      </trkpt>
      <trkpt lat="43.209079" lon="-2.580096">
        <ele>786.033</ele>
        <time>2026-02-01T17:08:27Z</time>
      </trkpt>
      <trkpt lat="43.209082" lon="-2.580059">
        <ele>786.478</ele>
        <time>2026-02-01T17:08:28Z</time>
      </trkpt>
      <trkpt lat="43.209090" lon="-2.580031">
        <ele>786.683</ele>
        <time>2026-02-01T17:08:29Z</time>
      </trkpt>
      <trkpt lat="43.209107" lon="-2.580001">
        <ele>786.662</ele>
        <time>2026-02-01T17:08:30Z</time>
      </trkpt>
      <trkpt lat="43.209128" lon="-2.579976">
        <ele>787.061</ele>
        <time>2026-02-01T17:08:31Z</time>
      </trkpt>
      <trkpt lat="43.209152" lon="-2.579957">
        <ele>787.483</ele>
        <time>2026-02-01T17:08:32Z</time>
      </trkpt>
      <trkpt lat="43.209181" lon="-2.579939">
        <ele>787.625</ele>
        <time>2026-02-01T17:08:33Z</time>
      </trkpt>
      <trkpt lat="43.209210" lon="-2.579925">
        <ele>788.217</ele>
        <time>2026-02-01T17:08:34Z</time>
      </trkpt>
      <trkpt lat="43.209235" lon="-2.579904">
        <ele>788.409</ele>
        <time>2026-02-01T17:08:35Z</time>
      </trkpt>
      <trkpt lat="43.209266" lon="-2.579886">
        <ele>788.650</ele>
        <time>2026-02-01T17:08:36Z</time>
      </trkpt>
      <trkpt lat="43.209297" lon="-2.579867">
        <ele>789.062</ele>
        <time>2026-02-01T17:08:37Z</time>
      </trkpt>
      <trkpt lat="43.209334" lon="-2.579860">
        <ele>789.477</ele>
        <time>2026-02-01T17:08:38Z</time>
      </trkpt>
      <trkpt lat="43.209368" lon="-2.579844">
        <ele>789.898</ele>
        <time>2026-02-01T17:08:39Z</time>
      </trkpt>
      <trkpt lat="43.209401" lon="-2.579829">
        <ele>790.495</ele>
        <time>2026-02-01T17:08:40Z</time>
      </trkpt>
      <trkpt lat="43.209437" lon="-2.579810">
        <ele>790.890</ele>
        <time>2026-02-01T17:08:41Z</time>
      </trkpt>
      <trkpt lat="43.209471" lon="-2.579789">
        <ele>791.245</ele>
        <time>2026-02-01T17:08:42Z</time>
      </trkpt>
      <trkpt lat="43.209508" lon="-2.579765">
        <ele>791.494</ele>
        <time>2026-02-01T17:08:43Z</time>
      </trkpt>
      <trkpt lat="43.209544" lon="-2.579747">
        <ele>791.813</ele>
        <time>2026-02-01T17:08:44Z</time>
      </trkpt>
      <trkpt lat="43.209579" lon="-2.579730">
        <ele>792.449</ele>
        <time>2026-02-01T17:08:45Z</time>
      </trkpt>
      <trkpt lat="43.209617" lon="-2.579712">
        <ele>793.002</ele>
        <time>2026-02-01T17:08:46Z</time>
      </trkpt>
      <trkpt lat="43.209655" lon="-2.579689">
        <ele>793.422</ele>
        <time>2026-02-01T17:08:47Z</time>
      </trkpt>
      <trkpt lat="43.209691" lon="-2.579666">
        <ele>793.609</ele>
        <time>2026-02-01T17:08:48Z</time>
      </trkpt>
      <trkpt lat="43.209727" lon="-2.579644">
        <ele>793.876</ele>
        <time>2026-02-01T17:08:49Z</time>
      </trkpt>
      <trkpt lat="43.209763" lon="-2.579630">
        <ele>794.068</ele>
        <time>2026-02-01T17:08:50Z</time>
      </trkpt>
      <trkpt lat="43.209800" lon="-2.579616">
        <ele>794.213</ele>
        <time>2026-02-01T17:08:51Z</time>
      </trkpt>
      <trkpt lat="43.209835" lon="-2.579604">
        <ele>794.694</ele>
        <time>2026-02-01T17:08:52Z</time>
      </trkpt>
      <trkpt lat="43.209875" lon="-2.579588">
        <ele>795.241</ele>
        <time>2026-02-01T17:08:53Z</time>
      </trkpt>
      <trkpt lat="43.209918" lon="-2.579575">
        <ele>795.826</ele>
        <time>2026-02-01T17:08:54Z</time>
      </trkpt>
      <trkpt lat="43.209960" lon="-2.579559">
        <ele>796.021</ele>
        <time>2026-02-01T17:08:55Z</time>
      </trkpt>
      <trkpt lat="43.210001" lon="-2.579541">
        <ele>796.450</ele>
        <time>2026-02-01T17:08:56Z</time>
      </trkpt>
      <trkpt lat="43.210041" lon="-2.579530">
        <ele>796.899</ele>
        <time>2026-02-01T17:08:57Z</time>
      </trkpt>
      <trkpt lat="43.210079" lon="-2.579512">
        <ele>797.271</ele>
        <time>2026-02-01T17:08:58Z</time>
      </trkpt>
      <trkpt lat="43.210115" lon="-2.579484">
        <ele>797.641</ele>
        <time>2026-02-01T17:08:59Z</time>
      </trkpt>
      <trkpt lat="43.210148" lon="-2.579449">
        <ele>798.015</ele>
        <time>2026-02-01T17:09:00Z</time>
      </trkpt>
      <trkpt lat="43.210182" lon="-2.579414">
        <ele>798.409</ele>
        <time>2026-02-01T17:09:01Z</time>
      </trkpt>
      <trkpt lat="43.210215" lon="-2.579375">
        <ele>798.829</ele>
        <time>2026-02-01T17:09:02Z</time>
      </trkpt>
      <trkpt lat="43.210244" lon="-2.579335">
        <ele>799.071</ele>
        <time>2026-02-01T17:09:03Z</time>
      </trkpt>
      <trkpt lat="43.210276" lon="-2.579299">
        <ele>799.426</ele>
        <time>2026-02-01T17:09:04Z</time>
      </trkpt>
      <trkpt lat="43.210310" lon="-2.579270">
        <ele>799.637</ele>
        <time>2026-02-01T17:09:05Z</time>
      </trkpt>
      <trkpt lat="43.210342" lon="-2.579232">
        <ele>800.074</ele>
        <time>2026-02-01T17:09:06Z</time>
      </trkpt>
      <trkpt lat="43.210375" lon="-2.579199">
        <ele>800.489</ele>
        <time>2026-02-01T17:09:07Z</time>
      </trkpt>
      <trkpt lat="43.210410" lon="-2.579168">
        <ele>800.854</ele>
        <time>2026-02-01T17:09:08Z</time>
      </trkpt>
      <trkpt lat="43.210440" lon="-2.579138">
        <ele>801.093</ele>
        <time>2026-02-01T17:09:09Z</time>
      </trkpt>
      <trkpt lat="43.210473" lon="-2.579112">
        <ele>801.472</ele>
        <time>2026-02-01T17:09:10Z</time>
      </trkpt>
      <trkpt lat="43.210511" lon="-2.579096">
        <ele>801.866</ele>
        <time>2026-02-01T17:09:11Z</time>
      </trkpt>
      <trkpt lat="43.210549" lon="-2.579077">
        <ele>802.229</ele>
        <time>2026-02-01T17:09:12Z</time>
      </trkpt>
      <trkpt lat="43.210588" lon="-2.579059">
        <ele>802.421</ele>
        <time>2026-02-01T17:09:13Z</time>
      </trkpt>
      <trkpt lat="43.210627" lon="-2.579049">
        <ele>802.809</ele>
        <time>2026-02-01T17:09:14Z</time>
      </trkpt>
      <trkpt lat="43.210663" lon="-2.579040">
        <ele>803.268</ele>
        <time>2026-02-01T17:09:15Z</time>
      </trkpt>
      <trkpt lat="43.210702" lon="-2.579029">
        <ele>803.630</ele>
        <time>2026-02-01T17:09:16Z</time>
      </trkpt>
      <trkpt lat="43.210739" lon="-2.579018">
        <ele>804.055</ele>
        <time>2026-02-01T17:09:17Z</time>
      </trkpt>
      <trkpt lat="43.210778" lon="-2.579009">
        <ele>804.236</ele>
        <time>2026-02-01T17:09:18Z</time>
      </trkpt>
      <trkpt lat="43.210818" lon="-2.579004">
        <ele>804.443</ele>
        <time>2026-02-01T17:09:19Z</time>
      </trkpt>
      <trkpt lat="43.210857" lon="-2.578995">
        <ele>804.838</ele>
        <time>2026-02-01T17:09:20Z</time>
      </trkpt>
      <trkpt lat="43.210896" lon="-2.578984">
        <ele>805.023</ele>
        <time>2026-02-01T17:09:21Z</time>
      </trkpt>
      <trkpt lat="43.210936" lon="-2.578973">
        <ele>805.222</ele>
        <time>2026-02-01T17:09:22Z</time>
      </trkpt>
      <trkpt lat="43.210975" lon="-2.578965">
        <ele>805.671</ele>
        <time>2026-02-01T17:09:23Z</time>
      </trkpt>
      <trkpt lat="43.211012" lon="-2.578952">
        <ele>805.878</ele>
        <time>2026-02-01T17:09:24Z</time>
      </trkpt>
      <trkpt lat="43.211048" lon="-2.578940">
        <ele>806.033</ele>
        <time>2026-02-01T17:09:25Z</time>
      </trkpt>
      <trkpt lat="43.211086" lon="-2.578932">
        <ele>806.426</ele>
        <time>2026-02-01T17:09:26Z</time>
      </trkpt>
      <trkpt lat="43.211123" lon="-2.578933">
        <ele>806.809</ele>
        <time>2026-02-01T17:09:27Z</time>
      </trkpt>
      <trkpt lat="43.211162" lon="-2.578930">
        <ele>807.039</ele>
        <time>2026-02-01T17:09:28Z</time>
      </trkpt>
      <trkpt lat="43.211201" lon="-2.578931">
        <ele>807.431</ele>
        <time>2026-02-01T17:09:29Z</time>
      </trkpt>
      <trkpt lat="43.211240" lon="-2.578927">
        <ele>807.646</ele>
        <time>2026-02-01T17:09:30Z</time>
      </trkpt>
      <trkpt lat="43.211280" lon="-2.578929">
        <ele>807.817</ele>
        <time>2026-02-01T17:09:31Z</time>
      </trkpt>
      <trkpt lat="43.211319" lon="-2.578940">
        <ele>808.254</ele>
        <time>2026-02-01T17:09:32Z</time>
      </trkpt>
      <trkpt lat="43.211355" lon="-2.578951">
        <ele>808.459</ele>
        <time>2026-02-01T17:09:33Z</time>
      </trkpt>
      <trkpt lat="43.211389" lon="-2.578959">
        <ele>808.654</ele>
        <time>2026-02-01T17:09:34Z</time>
      </trkpt>
      <trkpt lat="43.211426" lon="-2.578969">
        <ele>808.823</ele>
        <time>2026-02-01T17:09:35Z</time>
      </trkpt>
      <trkpt lat="43.211462" lon="-2.578985">
        <ele>809.092</ele>
        <time>2026-02-01T17:09:36Z</time>
      </trkpt>
      <trkpt lat="43.211497" lon="-2.579005">
        <ele>809.464</ele>
        <time>2026-02-01T17:09:37Z</time>
      </trkpt>
      <trkpt lat="43.211529" lon="-2.579023">
        <ele>809.606</ele>
        <time>2026-02-01T17:09:38Z</time>
      </trkpt>
      <trkpt lat="43.211563" lon="-2.579039">
        <ele>810.016</ele>
        <time>2026-02-01T17:09:39Z</time>
      </trkpt>
      <trkpt lat="43.211597" lon="-2.579062">
        <ele>810.409</ele>
        <time>2026-02-01T17:09:40Z</time>
      </trkpt>
      <trkpt lat="43.211633" lon="-2.579084">
        <ele>810.838</ele>
        <time>2026-02-01T17:09:41Z</time>
      </trkpt>
      <trkpt lat="43.211668" lon="-2.579104">
        <ele>811.070</ele>
        <time>2026-02-01T17:09:42Z</time>
      </trkpt>
      <trkpt lat="43.211704" lon="-2.579118">
        <ele>811.475</ele>
        <time>2026-02-01T17:09:43Z</time>
      </trkpt>
      <trkpt lat="43.211739" lon="-2.579133">
        <ele>811.816</ele>
        <time>2026-02-01T17:09:44Z</time>
      </trkpt>
      <trkpt lat="43.211775" lon="-2.579147">
        <ele>812.053</ele>
        <time>2026-02-01T17:09:45Z</time>
      </trkpt>
      <trkpt lat="43.211810" lon="-2.579162">
        <ele>812.468</ele>
        <time>2026-02-01T17:09:46Z</time>
      </trkpt>
      <trkpt lat="43.211844" lon="-2.579182">
        <ele>813.013</ele>
        <time>2026-02-01T17:09:47Z</time>
      </trkpt>
      <trkpt lat="43.211877" lon="-2.579203">
        <ele>813.462</ele>
        <time>2026-02-01T17:09:48Z</time>
      </trkpt>
      <trkpt lat="43.211914" lon="-2.579213">
        <ele>813.831</ele>
        <time>2026-02-01T17:09:49Z</time>
      </trkpt>
      <trkpt lat="43.211953" lon="-2.579234">
        <ele>814.278</ele>
        <time>2026-02-01T17:09:50Z</time>
      </trkpt>
      <trkpt lat="43.211991" lon="-2.579249">
        <ele>814.633</ele>
        <time>2026-02-01T17:09:51Z</time>
      </trkpt>
      <trkpt lat="43.212032" lon="-2.579259">
        <ele>815.226</ele>
        <time>2026-02-01T17:09:52Z</time>
      </trkpt>
      <trkpt lat="43.212066" lon="-2.579282">
        <ele>815.609</ele>
        <time>2026-02-01T17:09:53Z</time>
      </trkpt>
      <trkpt lat="43.212100" lon="-2.579303">
        <ele>815.899</ele>
        <time>2026-02-01T17:09:54Z</time>
      </trkpt>
      <trkpt lat="43.212134" lon="-2.579317">
        <ele>816.271</ele>
        <time>2026-02-01T17:09:55Z</time>
      </trkpt>
      <trkpt lat="43.212168" lon="-2.579335">
        <ele>816.666</ele>
        <time>2026-02-01T17:09:56Z</time>
      </trkpt>
      <trkpt lat="43.212206" lon="-2.579352">
        <ele>816.867</ele>
        <time>2026-02-01T17:09:57Z</time>
      </trkpt>
      <trkpt lat="43.212243" lon="-2.579368">
        <ele>817.284</ele>
        <time>2026-02-01T17:09:58Z</time>
      </trkpt>
      <trkpt lat="43.212280" lon="-2.579383">
        <ele>817.869</ele>
        <time>2026-02-01T17:09:59Z</time>
      </trkpt>
      <trkpt lat="43.212321" lon="-2.579397">
        <ele>818.214</ele>
        <time>2026-02-01T17:10:00Z</time>
      </trkpt>
      <trkpt lat="43.212360" lon="-2.579408">
        <ele>818.683</ele>
        <time>2026-02-01T17:10:01Z</time>
      </trkpt>
      <trkpt lat="43.212399" lon="-2.579424">
        <ele>819.042</ele>
        <time>2026-02-01T17:10:02Z</time>
      </trkpt>
      <trkpt lat="43.212436" lon="-2.579437">
        <ele>819.687</ele>
        <time>2026-02-01T17:10:03Z</time>
      </trkpt>
      <trkpt lat="43.212475" lon="-2.579450">
        <ele>820.042</ele>
        <time>2026-02-01T17:10:04Z</time>
      </trkpt>
      <trkpt lat="43.212514" lon="-2.579465">
        <ele>820.426</ele>
        <time>2026-02-01T17:10:05Z</time>
      </trkpt>
      <trkpt lat="43.212554" lon="-2.579477">
        <ele>820.809</ele>
        <time>2026-02-01T17:10:06Z</time>
      </trkpt>
      <trkpt lat="43.212594" lon="-2.579492">
        <ele>821.220</ele>
        <time>2026-02-01T17:10:07Z</time>
      </trkpt>
      <trkpt lat="43.212631" lon="-2.579504">
        <ele>821.622</ele>
        <time>2026-02-01T17:10:08Z</time>
      </trkpt>
      <trkpt lat="43.212666" lon="-2.579516">
        <ele>822.467</ele>
        <time>2026-02-01T17:10:09Z</time>
      </trkpt>
      <trkpt lat="43.212702" lon="-2.579533">
        <ele>823.038</ele>
        <time>2026-02-01T17:10:10Z</time>
      </trkpt>
      <trkpt lat="43.212739" lon="-2.579546">
        <ele>823.655</ele>
        <time>2026-02-01T17:10:11Z</time>
      </trkpt>
      <trkpt lat="43.212776" lon="-2.579549">
        <ele>824.280</ele>
        <time>2026-02-01T17:10:12Z</time>
      </trkpt>
      <trkpt lat="43.212816" lon="-2.579559">
        <ele>824.275</ele>
        <time>2026-02-01T17:10:13Z</time>
      </trkpt>
      <trkpt lat="43.212858" lon="-2.579569">
        <ele>824.264</ele>
        <time>2026-02-01T17:10:14Z</time>
      </trkpt>
      <trkpt lat="43.212898" lon="-2.579573">
        <ele>824.643</ele>
        <time>2026-02-01T17:10:15Z</time>
      </trkpt>
      <trkpt lat="43.212941" lon="-2.579575">
        <ele>824.884</ele>
        <time>2026-02-01T17:10:16Z</time>
      </trkpt>
      <trkpt lat="43.212983" lon="-2.579571">
        <ele>825.007</ele>
        <time>2026-02-01T17:10:17Z</time>
      </trkpt>
      <trkpt lat="43.213019" lon="-2.579570">
        <ele>825.417</ele>
        <time>2026-02-01T17:10:18Z</time>
      </trkpt>
      <trkpt lat="43.213058" lon="-2.579566">
        <ele>825.809</ele>
        <time>2026-02-01T17:10:19Z</time>
      </trkpt>
      <trkpt lat="43.213097" lon="-2.579558">
        <ele>826.050</ele>
        <time>2026-02-01T17:10:20Z</time>
      </trkpt>
      <trkpt lat="43.213137" lon="-2.579546">
        <ele>826.422</ele>
        <time>2026-02-01T17:10:21Z</time>
      </trkpt>
      <trkpt lat="43.213177" lon="-2.579531">
        <ele>827.057</ele>
        <time>2026-02-01T17:10:22Z</time>
      </trkpt>
      <trkpt lat="43.213216" lon="-2.579514">
        <ele>827.458</ele>
        <time>2026-02-01T17:10:23Z</time>
      </trkpt>
      <trkpt lat="43.213257" lon="-2.579495">
        <ele>828.015</ele>
        <time>2026-02-01T17:10:24Z</time>
      </trkpt>
      <trkpt lat="43.213295" lon="-2.579470">
        <ele>828.650</ele>
        <time>2026-02-01T17:10:25Z</time>
      </trkpt>
      <trkpt lat="43.213332" lon="-2.579445">
        <ele>829.065</ele>
        <time>2026-02-01T17:10:26Z</time>
      </trkpt>
      <trkpt lat="43.213369" lon="-2.579417">
        <ele>829.234</ele>
        <time>2026-02-01T17:10:27Z</time>
      </trkpt>
      <trkpt lat="43.213404" lon="-2.579385">
        <ele>829.413</ele>
        <time>2026-02-01T17:10:28Z</time>
      </trkpt>
      <trkpt lat="43.213438" lon="-2.579357">
        <ele>829.826</ele>
        <time>2026-02-01T17:10:29Z</time>
      </trkpt>
      <trkpt lat="43.213470" lon="-2.579331">
        <ele>830.247</ele>
        <time>2026-02-01T17:10:30Z</time>
      </trkpt>
      <trkpt lat="43.213507" lon="-2.579302">
        <ele>830.811</ele>
        <time>2026-02-01T17:10:31Z</time>
      </trkpt>
      <trkpt lat="43.213543" lon="-2.579270">
        <ele>831.209</ele>
        <time>2026-02-01T17:10:32Z</time>
      </trkpt>
      <trkpt lat="43.213577" lon="-2.579233">
        <ele>831.684</ele>
        <time>2026-02-01T17:10:33Z</time>
      </trkpt>
      <trkpt lat="43.213611" lon="-2.579198">
        <ele>832.076</ele>
        <time>2026-02-01T17:10:34Z</time>
      </trkpt>
      <trkpt lat="43.213648" lon="-2.579170">
        <ele>832.271</ele>
        <time>2026-02-01T17:10:35Z</time>
      </trkpt>
      <trkpt lat="43.213684" lon="-2.579142">
        <ele>832.632</ele>
        <time>2026-02-01T17:10:36Z</time>
      </trkpt>
      <trkpt lat="43.213719" lon="-2.579115">
        <ele>833.019</ele>
        <time>2026-02-01T17:10:37Z</time>
      </trkpt>
      <trkpt lat="43.213752" lon="-2.579074">
        <ele>833.664</ele>
        <time>2026-02-01T17:10:38Z</time>
      </trkpt>
      <trkpt lat="43.213783" lon="-2.579043">
        <ele>834.289</ele>
        <time>2026-02-01T17:10:39Z</time>
      </trkpt>
      <trkpt lat="43.213817" lon="-2.579017">
        <ele>834.658</ele>
        <time>2026-02-01T17:10:40Z</time>
      </trkpt>
      <trkpt lat="43.213850" lon="-2.578990">
        <ele>835.287</ele>
        <time>2026-02-01T17:10:41Z</time>
      </trkpt>
      <trkpt lat="43.213887" lon="-2.578961">
        <ele>835.418</ele>
        <time>2026-02-01T17:10:42Z</time>
      </trkpt>
      <trkpt lat="43.213922" lon="-2.578934">
        <ele>835.898</ele>
        <time>2026-02-01T17:10:43Z</time>
      </trkpt>
      <trkpt lat="43.213958" lon="-2.578911">
        <ele>836.217</ele>
        <time>2026-02-01T17:10:44Z</time>
      </trkpt>
      <trkpt lat="43.213994" lon="-2.578889">
        <ele>836.609</ele>
        <time>2026-02-01T17:10:45Z</time>
      </trkpt>
      <trkpt lat="43.214031" lon="-2.578860">
        <ele>837.013</ele>
        <time>2026-02-01T17:10:46Z</time>
      </trkpt>
      <trkpt lat="43.214066" lon="-2.578822">
        <ele>837.485</ele>
        <time>2026-02-01T17:10:47Z</time>
      </trkpt>
      <trkpt lat="43.214099" lon="-2.578786">
        <ele>837.850</ele>
        <time>2026-02-01T17:10:48Z</time>
      </trkpt>
      <trkpt lat="43.214135" lon="-2.578750">
        <ele>838.261</ele>
        <time>2026-02-01T17:10:49Z</time>
      </trkpt>
      <trkpt lat="43.214169" lon="-2.578718">
        <ele>838.648</ele>
        <time>2026-02-01T17:10:50Z</time>
      </trkpt>
      <trkpt lat="43.214202" lon="-2.578693">
        <ele>838.883</ele>
        <time>2026-02-01T17:10:51Z</time>
      </trkpt>
      <trkpt lat="43.214233" lon="-2.578665">
        <ele>839.218</ele>
        <time>2026-02-01T17:10:52Z</time>
      </trkpt>
      <trkpt lat="43.214262" lon="-2.578634">
        <ele>839.827</ele>
        <time>2026-02-01T17:10:53Z</time>
      </trkpt>
      <trkpt lat="43.214290" lon="-2.578596">
        <ele>840.266</ele>
        <time>2026-02-01T17:10:54Z</time>
      </trkpt>
      <trkpt lat="43.214313" lon="-2.578546">
        <ele>840.866</ele>
        <time>2026-02-01T17:10:55Z</time>
      </trkpt>
      <trkpt lat="43.214324" lon="-2.578489">
        <ele>841.429</ele>
        <time>2026-02-01T17:10:56Z</time>
      </trkpt>
      <trkpt lat="43.214326" lon="-2.578433">
        <ele>842.021</ele>
        <time>2026-02-01T17:10:57Z</time>
      </trkpt>
      <trkpt lat="43.214317" lon="-2.578379">
        <ele>842.409</ele>
        <time>2026-02-01T17:10:58Z</time>
      </trkpt>
      <trkpt lat="43.214296" lon="-2.578330">
        <ele>842.888</ele>
        <time>2026-02-01T17:10:59Z</time>
      </trkpt>
      <trkpt lat="43.214264" lon="-2.578293">
        <ele>843.280</ele>
        <time>2026-02-01T17:11:00Z</time>
      </trkpt>
      <trkpt lat="43.214229" lon="-2.578269">
        <ele>843.655</ele>
        <time>2026-02-01T17:11:01Z</time>
      </trkpt>
      <trkpt lat="43.214192" lon="-2.578254">
        <ele>844.026</ele>
        <time>2026-02-01T17:11:02Z</time>
      </trkpt>
      <trkpt lat="43.214153" lon="-2.578245">
        <ele>844.683</ele>
        <time>2026-02-01T17:11:03Z</time>
      </trkpt>
      <trkpt lat="43.214113" lon="-2.578239">
        <ele>845.078</ele>
        <time>2026-02-01T17:11:04Z</time>
      </trkpt>
      <trkpt lat="43.214075" lon="-2.578233">
        <ele>845.693</ele>
        <time>2026-02-01T17:11:05Z</time>
      </trkpt>
      <trkpt lat="43.214038" lon="-2.578224">
        <ele>846.082</ele>
        <time>2026-02-01T17:11:06Z</time>
      </trkpt>
      <trkpt lat="43.213998" lon="-2.578215">
        <ele>846.411</ele>
        <time>2026-02-01T17:11:07Z</time>
      </trkpt>
      <trkpt lat="43.213962" lon="-2.578211">
        <ele>846.832</ele>
        <time>2026-02-01T17:11:08Z</time>
      </trkpt>
      <trkpt lat="43.213926" lon="-2.578214">
        <ele>847.092</ele>
        <time>2026-02-01T17:11:09Z</time>
      </trkpt>
      <trkpt lat="43.213891" lon="-2.578213">
        <ele>847.411</ele>
        <time>2026-02-01T17:11:10Z</time>
      </trkpt>
      <trkpt lat="43.213855" lon="-2.578213">
        <ele>847.609</ele>
        <time>2026-02-01T17:11:11Z</time>
      </trkpt>
      <trkpt lat="43.213814" lon="-2.578208">
        <ele>847.835</ele>
        <time>2026-02-01T17:11:12Z</time>
      </trkpt>
      <trkpt lat="43.213771" lon="-2.578210">
        <ele>848.027</ele>
        <time>2026-02-01T17:11:13Z</time>
      </trkpt>
      <trkpt lat="43.213728" lon="-2.578209">
        <ele>848.232</ele>
        <time>2026-02-01T17:11:14Z</time>
      </trkpt>
      <trkpt lat="43.213688" lon="-2.578200">
        <ele>848.463</ele>
        <time>2026-02-01T17:11:15Z</time>
      </trkpt>
      <trkpt lat="43.213646" lon="-2.578194">
        <ele>848.690</ele>
        <time>2026-02-01T17:11:16Z</time>
      </trkpt>
      <trkpt lat="43.213603" lon="-2.578187">
        <ele>848.855</ele>
        <time>2026-02-01T17:11:17Z</time>
      </trkpt>
      <trkpt lat="43.213559" lon="-2.578182">
        <ele>849.260</ele>
        <time>2026-02-01T17:11:18Z</time>
      </trkpt>
      <trkpt lat="43.213515" lon="-2.578176">
        <ele>849.499</ele>
        <time>2026-02-01T17:11:19Z</time>
      </trkpt>
      <trkpt lat="43.213469" lon="-2.578166">
        <ele>849.498</ele>
        <time>2026-02-01T17:11:20Z</time>
      </trkpt>
      <trkpt lat="43.213430" lon="-2.578149">
        <ele>849.866</ele>
        <time>2026-02-01T17:11:21Z</time>
      </trkpt>
      <trkpt lat="43.213391" lon="-2.578128">
        <ele>850.029</ele>
        <time>2026-02-01T17:11:22Z</time>
      </trkpt>
      <trkpt lat="43.213350" lon="-2.578107">
        <ele>850.021</ele>
        <time>2026-02-01T17:11:23Z</time>
      </trkpt>
      <trkpt lat="43.213310" lon="-2.578082">
        <ele>850.409</ele>
        <time>2026-02-01T17:11:24Z</time>
      </trkpt>
      <trkpt lat="43.213276" lon="-2.578057">
        <ele>850.678</ele>
        <time>2026-02-01T17:11:25Z</time>
      </trkpt>
      <trkpt lat="43.213241" lon="-2.578023">
        <ele>850.470</ele>
        <time>2026-02-01T17:11:26Z</time>
      </trkpt>
      <trkpt lat="43.213205" lon="-2.577989">
        <ele>850.495</ele>
        <time>2026-02-01T17:11:27Z</time>
      </trkpt>
      <trkpt lat="43.213171" lon="-2.577956">
        <ele>850.696</ele>
        <time>2026-02-01T17:11:28Z</time>
      </trkpt>
      <trkpt lat="43.213140" lon="-2.577919">
        <ele>851.013</ele>
        <time>2026-02-01T17:11:29Z</time>
      </trkpt>
      <trkpt lat="43.213106" lon="-2.577887">
        <ele>851.448</ele>
        <time>2026-02-01T17:11:30Z</time>
      </trkpt>
      <trkpt lat="43.213072" lon="-2.577848">
        <ele>852.013</ele>
        <time>2026-02-01T17:11:31Z</time>
      </trkpt>
      <trkpt lat="43.213040" lon="-2.577802">
        <ele>852.622</ele>
        <time>2026-02-01T17:11:32Z</time>
      </trkpt>
      <trkpt lat="43.213009" lon="-2.577748">
        <ele>853.031</ele>
        <time>2026-02-01T17:11:33Z</time>
      </trkpt>
      <trkpt lat="43.212970" lon="-2.577694">
        <ele>853.013</ele>
        <time>2026-02-01T17:11:34Z</time>
      </trkpt>
      <trkpt lat="43.212932" lon="-2.577642">
        <ele>853.243</ele>
        <time>2026-02-01T17:11:35Z</time>
      </trkpt>
      <trkpt lat="43.212901" lon="-2.577589">
        <ele>853.207</ele>
        <time>2026-02-01T17:11:36Z</time>
      </trkpt>
      <trkpt lat="43.212867" lon="-2.577537">
        <ele>853.409</ele>
        <time>2026-02-01T17:11:37Z</time>
      </trkpt>
      <trkpt lat="43.212830" lon="-2.577484">
        <ele>853.483</ele>
        <time>2026-02-01T17:11:38Z</time>
      </trkpt>
      <trkpt lat="43.212790" lon="-2.577435">
        <ele>853.435</ele>
        <time>2026-02-01T17:11:39Z</time>
      </trkpt>
      <trkpt lat="43.212753" lon="-2.577381">
        <ele>853.480</ele>
        <time>2026-02-01T17:11:40Z</time>
      </trkpt>
      <trkpt lat="43.212715" lon="-2.577332">
        <ele>853.421</ele>
        <time>2026-02-01T17:11:41Z</time>
      </trkpt>
      <trkpt lat="43.212677" lon="-2.577277">
        <ele>853.028</ele>
        <time>2026-02-01T17:11:42Z</time>
      </trkpt>
      <trkpt lat="43.212640" lon="-2.577214">
        <ele>852.863</ele>
        <time>2026-02-01T17:11:43Z</time>
      </trkpt>
      <trkpt lat="43.212603" lon="-2.577146">
        <ele>853.018</ele>
        <time>2026-02-01T17:11:44Z</time>
      </trkpt>
      <trkpt lat="43.212564" lon="-2.577079">
        <ele>853.087</ele>
        <time>2026-02-01T17:11:45Z</time>
      </trkpt>
      <trkpt lat="43.212519" lon="-2.577016">
        <ele>852.816</ele>
        <time>2026-02-01T17:11:46Z</time>
      </trkpt>
      <trkpt lat="43.212472" lon="-2.576959">
        <ele>852.447</ele>
        <time>2026-02-01T17:11:47Z</time>
      </trkpt>
      <trkpt lat="43.212431" lon="-2.576900">
        <ele>852.429</ele>
        <time>2026-02-01T17:11:48Z</time>
      </trkpt>
      <trkpt lat="43.212392" lon="-2.576843">
        <ele>852.221</ele>
        <time>2026-02-01T17:11:49Z</time>
      </trkpt>
      <trkpt lat="43.212351" lon="-2.576778">
        <ele>851.809</ele>
        <time>2026-02-01T17:11:50Z</time>
      </trkpt>
      <trkpt lat="43.212306" lon="-2.576709">
        <ele>852.056</ele>
        <time>2026-02-01T17:11:51Z</time>
      </trkpt>
      <trkpt lat="43.212254" lon="-2.576646">
        <ele>852.268</ele>
        <time>2026-02-01T17:11:52Z</time>
      </trkpt>
      <trkpt lat="43.212206" lon="-2.576584">
        <ele>852.263</ele>
        <time>2026-02-01T17:11:53Z</time>
      </trkpt>
      <trkpt lat="43.212155" lon="-2.576522">
        <ele>852.024</ele>
        <time>2026-02-01T17:11:54Z</time>
      </trkpt>
      <trkpt lat="43.212100" lon="-2.576459">
        <ele>851.841</ele>
        <time>2026-02-01T17:11:55Z</time>
      </trkpt>
      <trkpt lat="43.212043" lon="-2.576396">
        <ele>851.446</ele>
        <time>2026-02-01T17:11:56Z</time>
      </trkpt>
      <trkpt lat="43.211988" lon="-2.576325">
        <ele>850.871</ele>
        <time>2026-02-01T17:11:57Z</time>
      </trkpt>
      <trkpt lat="43.211945" lon="-2.576254">
        <ele>850.430</ele>
        <time>2026-02-01T17:11:58Z</time>
      </trkpt>
      <trkpt lat="43.211910" lon="-2.576184">
        <ele>850.649</ele>
        <time>2026-02-01T17:11:59Z</time>
      </trkpt>
      <trkpt lat="43.211876" lon="-2.576119">
        <ele>850.663</ele>
        <time>2026-02-01T17:12:00Z</time>
      </trkpt>
      <trkpt lat="43.211841" lon="-2.576060">
        <ele>850.644</ele>
        <time>2026-02-01T17:12:01Z</time>
      </trkpt>
      <trkpt lat="43.211811" lon="-2.576004">
        <ele>851.018</ele>
        <time>2026-02-01T17:12:02Z</time>
      </trkpt>
      <trkpt lat="43.211785" lon="-2.575949">
        <ele>851.409</ele>
        <time>2026-02-01T17:12:03Z</time>
      </trkpt>
      <trkpt lat="43.211758" lon="-2.575902">
        <ele>852.088</ele>
        <time>2026-02-01T17:12:04Z</time>
      </trkpt>
      <trkpt lat="43.211732" lon="-2.575865">
        <ele>852.610</ele>
        <time>2026-02-01T17:12:05Z</time>
      </trkpt>
      <trkpt lat="43.211710" lon="-2.575827">
        <ele>853.055</ele>
        <time>2026-02-01T17:12:06Z</time>
      </trkpt>
      <trkpt lat="43.211692" lon="-2.575778">
        <ele>853.416</ele>
        <time>2026-02-01T17:12:07Z</time>
      </trkpt>
      <trkpt lat="43.211674" lon="-2.575726">
        <ele>853.823</ele>
        <time>2026-02-01T17:12:08Z</time>
      </trkpt>
      <trkpt lat="43.211659" lon="-2.575675">
        <ele>853.848</ele>
        <time>2026-02-01T17:12:09Z</time>
      </trkpt>
      <trkpt lat="43.211652" lon="-2.575625">
        <ele>854.263</ele>
        <time>2026-02-01T17:12:10Z</time>
      </trkpt>
      <trkpt lat="43.211644" lon="-2.575562">
        <ele>854.832</ele>
        <time>2026-02-01T17:12:11Z</time>
      </trkpt>
      <trkpt lat="43.211630" lon="-2.575507">
        <ele>855.661</ele>
        <time>2026-02-01T17:12:12Z</time>
      </trkpt>
      <trkpt lat="43.211615" lon="-2.575448">
        <ele>855.876</ele>
        <time>2026-02-01T17:12:13Z</time>
      </trkpt>
      <trkpt lat="43.211607" lon="-2.575391">
        <ele>856.290</ele>
        <time>2026-02-01T17:12:14Z</time>
      </trkpt>
      <trkpt lat="43.211596" lon="-2.575334">
        <ele>856.419</ele>
        <time>2026-02-01T17:12:15Z</time>
      </trkpt>
      <trkpt lat="43.211578" lon="-2.575284">
        <ele>856.809</ele>
        <time>2026-02-01T17:12:16Z</time>
      </trkpt>
      <trkpt lat="43.211555" lon="-2.575232">
        <ele>857.219</ele>
        <time>2026-02-01T17:12:17Z</time>
      </trkpt>
      <trkpt lat="43.211529" lon="-2.575184">
        <ele>857.651</ele>
        <time>2026-02-01T17:12:18Z</time>
      </trkpt>
      <trkpt lat="43.211500" lon="-2.575132">
        <ele>858.096</ele>
        <time>2026-02-01T17:12:19Z</time>
      </trkpt>
      <trkpt lat="43.211469" lon="-2.575082">
        <ele>858.277</ele>
        <time>2026-02-01T17:12:20Z</time>
      </trkpt>
      <trkpt lat="43.211438" lon="-2.575029">
        <ele>858.844</ele>
        <time>2026-02-01T17:12:21Z</time>
      </trkpt>
      <trkpt lat="43.211409" lon="-2.574977">
        <ele>859.059</ele>
        <time>2026-02-01T17:12:22Z</time>
      </trkpt>
      <trkpt lat="43.211381" lon="-2.574928">
        <ele>859.484</ele>
        <time>2026-02-01T17:12:23Z</time>
      </trkpt>
      <trkpt lat="43.211355" lon="-2.574882">
        <ele>859.663</ele>
        <time>2026-02-01T17:12:24Z</time>
      </trkpt>
      <trkpt lat="43.211327" lon="-2.574833">
        <ele>860.032</ele>
        <time>2026-02-01T17:12:25Z</time>
      </trkpt>
      <trkpt lat="43.211299" lon="-2.574782">
        <ele>860.282</ele>
        <time>2026-02-01T17:12:26Z</time>
      </trkpt>
      <trkpt lat="43.211273" lon="-2.574735">
        <ele>860.643</ele>
        <time>2026-02-01T17:12:27Z</time>
      </trkpt>
      <trkpt lat="43.211250" lon="-2.574686">
        <ele>861.017</ele>
        <time>2026-02-01T17:12:28Z</time>
      </trkpt>
      <trkpt lat="43.211228" lon="-2.574637">
        <ele>861.409</ele>
        <time>2026-02-01T17:12:29Z</time>
      </trkpt>
      <trkpt lat="43.211204" lon="-2.574582">
        <ele>861.870</ele>
        <time>2026-02-01T17:12:30Z</time>
      </trkpt>
      <trkpt lat="43.211174" lon="-2.574520">
        <ele>862.082</ele>
        <time>2026-02-01T17:12:31Z</time>
      </trkpt>
      <trkpt lat="43.211150" lon="-2.574457">
        <ele>862.297</ele>
        <time>2026-02-01T17:12:32Z</time>
      </trkpt>
      <trkpt lat="43.211129" lon="-2.574392">
        <ele>862.238</ele>
        <time>2026-02-01T17:12:33Z</time>
      </trkpt>
      <trkpt lat="43.211110" lon="-2.574330">
        <ele>862.465</ele>
        <time>2026-02-01T17:12:34Z</time>
      </trkpt>
      <trkpt lat="43.211095" lon="-2.574272">
        <ele>862.890</ele>
        <time>2026-02-01T17:12:35Z</time>
      </trkpt>
      <trkpt lat="43.211084" lon="-2.574217">
        <ele>863.085</ele>
        <time>2026-02-01T17:12:36Z</time>
      </trkpt>
      <trkpt lat="43.211070" lon="-2.574160">
        <ele>863.234</ele>
        <time>2026-02-01T17:12:37Z</time>
      </trkpt>
      <trkpt lat="43.211063" lon="-2.574101">
        <ele>863.423</ele>
        <time>2026-02-01T17:12:38Z</time>
      </trkpt>
      <trkpt lat="43.211068" lon="-2.574038">
        <ele>863.656</ele>
        <time>2026-02-01T17:12:39Z</time>
      </trkpt>
      <trkpt lat="43.211072" lon="-2.573975">
        <ele>863.459</ele>
        <time>2026-02-01T17:12:40Z</time>
      </trkpt>
      <trkpt lat="43.211067" lon="-2.573909">
        <ele>863.614</ele>
        <time>2026-02-01T17:12:41Z</time>
      </trkpt>
      <trkpt lat="43.211062" lon="-2.573849">
        <ele>863.809</ele>
        <time>2026-02-01T17:12:42Z</time>
      </trkpt>
      <trkpt lat="43.211060" lon="-2.573780">
        <ele>863.817</ele>
        <time>2026-02-01T17:12:43Z</time>
      </trkpt>
      <trkpt lat="43.211059" lon="-2.573709">
        <ele>863.699</ele>
        <time>2026-02-01T17:12:44Z</time>
      </trkpt>
      <trkpt lat="43.211059" lon="-2.573638">
        <ele>863.614</ele>
        <time>2026-02-01T17:12:45Z</time>
      </trkpt>
      <trkpt lat="43.211059" lon="-2.573565">
        <ele>863.495</ele>
        <time>2026-02-01T17:12:46Z</time>
      </trkpt>
      <trkpt lat="43.211058" lon="-2.573491">
        <ele>863.212</ele>
        <time>2026-02-01T17:12:47Z</time>
      </trkpt>
      <trkpt lat="43.211060" lon="-2.573418">
        <ele>863.277</ele>
        <time>2026-02-01T17:12:48Z</time>
      </trkpt>
      <trkpt lat="43.211062" lon="-2.573346">
        <ele>863.292</ele>
        <time>2026-02-01T17:12:49Z</time>
      </trkpt>
      <trkpt lat="43.211063" lon="-2.573268">
        <ele>863.071</ele>
        <time>2026-02-01T17:12:50Z</time>
      </trkpt>
      <trkpt lat="43.211061" lon="-2.573187">
        <ele>862.850</ele>
        <time>2026-02-01T17:12:51Z</time>
      </trkpt>
      <trkpt lat="43.211061" lon="-2.573100">
        <ele>862.895</ele>
        <time>2026-02-01T17:12:52Z</time>
      </trkpt>
      <trkpt lat="43.211066" lon="-2.573017">
        <ele>862.649</ele>
        <time>2026-02-01T17:12:53Z</time>
      </trkpt>
      <trkpt lat="43.211069" lon="-2.572944">
        <ele>862.623</ele>
        <time>2026-02-01T17:12:54Z</time>
      </trkpt>
      <trkpt lat="43.211076" lon="-2.572876">
        <ele>863.009</ele>
        <time>2026-02-01T17:12:55Z</time>
      </trkpt>
      <trkpt lat="43.211081" lon="-2.572812">
        <ele>863.281</ele>
        <time>2026-02-01T17:12:56Z</time>
      </trkpt>
      <trkpt lat="43.211098" lon="-2.572758">
        <ele>863.443</ele>
        <time>2026-02-01T17:12:57Z</time>
      </trkpt>
      <trkpt lat="43.211114" lon="-2.572707">
        <ele>863.218</ele>
        <time>2026-02-01T17:12:58Z</time>
      </trkpt>
      <trkpt lat="43.211133" lon="-2.572659">
        <ele>863.079</ele>
        <time>2026-02-01T17:12:59Z</time>
      </trkpt>
      <trkpt lat="43.211163" lon="-2.572597">
        <ele>862.816</ele>
        <time>2026-02-01T17:13:00Z</time>
      </trkpt>
      <trkpt lat="43.211191" lon="-2.572540">
        <ele>862.061</ele>
        <time>2026-02-01T17:13:01Z</time>
      </trkpt>
      <trkpt lat="43.211227" lon="-2.572489">
        <ele>861.696</ele>
        <time>2026-02-01T17:13:02Z</time>
      </trkpt>
      <trkpt lat="43.211272" lon="-2.572445">
        <ele>860.675</ele>
        <time>2026-02-01T17:13:03Z</time>
      </trkpt>
      <trkpt lat="43.211323" lon="-2.572412">
        <ele>859.684</ele>
        <time>2026-02-01T17:13:04Z</time>
      </trkpt>
      <trkpt lat="43.211381" lon="-2.572373">
        <ele>859.059</ele>
        <time>2026-02-01T17:13:05Z</time>
      </trkpt>
      <trkpt lat="43.211440" lon="-2.572315">
        <ele>858.003</ele>
        <time>2026-02-01T17:13:06Z</time>
      </trkpt>
      <trkpt lat="43.211505" lon="-2.572252">
        <ele>857.023</ele>
        <time>2026-02-01T17:13:07Z</time>
      </trkpt>
      <trkpt lat="43.211567" lon="-2.572188">
        <ele>856.009</ele>
        <time>2026-02-01T17:13:08Z</time>
      </trkpt>
      <trkpt lat="43.211628" lon="-2.572128">
        <ele>854.867</ele>
        <time>2026-02-01T17:13:09Z</time>
      </trkpt>
      <trkpt lat="43.211684" lon="-2.572070">
        <ele>853.469</ele>
        <time>2026-02-01T17:13:10Z</time>
      </trkpt>
      <trkpt lat="43.211725" lon="-2.572010">
        <ele>853.014</ele>
        <time>2026-02-01T17:13:11Z</time>
      </trkpt>
      <trkpt lat="43.211751" lon="-2.571944">
        <ele>852.675</ele>
        <time>2026-02-01T17:13:12Z</time>
      </trkpt>
      <trkpt lat="43.211766" lon="-2.571870">
        <ele>852.632</ele>
        <time>2026-02-01T17:13:13Z</time>
      </trkpt>
      <trkpt lat="43.211785" lon="-2.571796">
        <ele>852.637</ele>
        <time>2026-02-01T17:13:14Z</time>
      </trkpt>
      <trkpt lat="43.211812" lon="-2.571733">
        <ele>852.442</ele>
        <time>2026-02-01T17:13:15Z</time>
      </trkpt>
      <trkpt lat="43.211853" lon="-2.571691">
        <ele>852.451</ele>
        <time>2026-02-01T17:13:16Z</time>
      </trkpt>
      <trkpt lat="43.211892" lon="-2.571675">
        <ele>851.620</ele>
        <time>2026-02-01T17:13:17Z</time>
      </trkpt>
      <trkpt lat="43.211930" lon="-2.571671">
        <ele>851.468</ele>
        <time>2026-02-01T17:13:18Z</time>
      </trkpt>
      <trkpt lat="43.211964" lon="-2.571670">
        <ele>851.042</ele>
        <time>2026-02-01T17:13:19Z</time>
      </trkpt>
      <trkpt lat="43.211998" lon="-2.571653">
        <ele>851.026</ele>
        <time>2026-02-01T17:13:20Z</time>
      </trkpt>
      <trkpt lat="43.212025" lon="-2.571626">
        <ele>851.209</ele>
        <time>2026-02-01T17:13:21Z</time>
      </trkpt>
      <trkpt lat="43.212050" lon="-2.571598">
        <ele>851.698</ele>
        <time>2026-02-01T17:13:22Z</time>
      </trkpt>
      <trkpt lat="43.212078" lon="-2.571576">
        <ele>852.280</ele>
        <time>2026-02-01T17:13:23Z</time>
      </trkpt>
      <trkpt lat="43.212104" lon="-2.571554">
        <ele>852.665</ele>
        <time>2026-02-01T17:13:24Z</time>
      </trkpt>
      <trkpt lat="43.212130" lon="-2.571524">
        <ele>853.046</ele>
        <time>2026-02-01T17:13:25Z</time>
      </trkpt>
      <trkpt lat="43.212154" lon="-2.571495">
        <ele>853.473</ele>
        <time>2026-02-01T17:13:26Z</time>
      </trkpt>
      <trkpt lat="43.212184" lon="-2.571463">
        <ele>853.858</ele>
        <time>2026-02-01T17:13:27Z</time>
      </trkpt>
      <trkpt lat="43.212211" lon="-2.571441">
        <ele>854.043</ele>
        <time>2026-02-01T17:13:28Z</time>
      </trkpt>
      <trkpt lat="43.212236" lon="-2.571425">
        <ele>854.462</ele>
        <time>2026-02-01T17:13:29Z</time>
      </trkpt>
      <trkpt lat="43.212265" lon="-2.571408">
        <ele>854.871</ele>
        <time>2026-02-01T17:13:30Z</time>
      </trkpt>
      <trkpt lat="43.212297" lon="-2.571386">
        <ele>855.244</ele>
        <time>2026-02-01T17:13:31Z</time>
      </trkpt>
      <trkpt lat="43.212328" lon="-2.571362">
        <ele>855.405</ele>
        <time>2026-02-01T17:13:32Z</time>
      </trkpt>
      <trkpt lat="43.212358" lon="-2.571354">
        <ele>855.615</ele>
        <time>2026-02-01T17:13:33Z</time>
      </trkpt>
      <trkpt lat="43.212386" lon="-2.571339">
        <ele>856.209</ele>
        <time>2026-02-01T17:13:34Z</time>
      </trkpt>
      <trkpt lat="43.212415" lon="-2.571325">
        <ele>856.646</ele>
        <time>2026-02-01T17:13:35Z</time>
      </trkpt>
      <trkpt lat="43.212444" lon="-2.571314">
        <ele>856.828</ele>
        <time>2026-02-01T17:13:36Z</time>
      </trkpt>
      <trkpt lat="43.212477" lon="-2.571302">
        <ele>857.233</ele>
        <time>2026-02-01T17:13:37Z</time>
      </trkpt>
      <trkpt lat="43.212510" lon="-2.571287">
        <ele>857.244</ele>
        <time>2026-02-01T17:13:38Z</time>
      </trkpt>
      <trkpt lat="43.212542" lon="-2.571278">
        <ele>857.411</ele>
        <time>2026-02-01T17:13:39Z</time>
      </trkpt>
      <trkpt lat="43.212572" lon="-2.571266">
        <ele>857.676</ele>
        <time>2026-02-01T17:13:40Z</time>
      </trkpt>
      <trkpt lat="43.212606" lon="-2.571248">
        <ele>857.661</ele>
        <time>2026-02-01T17:13:41Z</time>
      </trkpt>
      <trkpt lat="43.212637" lon="-2.571235">
        <ele>857.670</ele>
        <time>2026-02-01T17:13:42Z</time>
      </trkpt>
      <trkpt lat="43.212665" lon="-2.571213">
        <ele>857.699</ele>
        <time>2026-02-01T17:13:43Z</time>
      </trkpt>
      <trkpt lat="43.212698" lon="-2.571185">
        <ele>857.622</ele>
        <time>2026-02-01T17:13:44Z</time>
      </trkpt>
      <trkpt lat="43.212729" lon="-2.571165">
        <ele>857.462</ele>
        <time>2026-02-01T17:13:45Z</time>
      </trkpt>
      <trkpt lat="43.212762" lon="-2.571157">
        <ele>857.408</ele>
        <time>2026-02-01T17:13:46Z</time>
      </trkpt>
      <trkpt lat="43.212783" lon="-2.571146">
        <ele>857.409</ele>
        <time>2026-02-01T17:13:47Z</time>
      </trkpt>
      <trkpt lat="43.212802" lon="-2.571148">
        <ele>857.434</ele>
        <time>2026-02-01T17:13:48Z</time>
      </trkpt>
      <trkpt lat="43.212815" lon="-2.571144">
        <ele>857.666</ele>
        <time>2026-02-01T17:13:49Z</time>
      </trkpt>
      <trkpt lat="43.212837" lon="-2.571139">
        <ele>857.821</ele>
        <time>2026-02-01T17:13:50Z</time>
      </trkpt>
      <trkpt lat="43.212864" lon="-2.571138">
        <ele>857.842</ele>
        <time>2026-02-01T17:13:51Z</time>
      </trkpt>
      <trkpt lat="43.212892" lon="-2.571137">
        <ele>857.479</ele>
        <time>2026-02-01T17:13:52Z</time>
      </trkpt>
      <trkpt lat="43.212924" lon="-2.571128">
        <ele>857.094</ele>
        <time>2026-02-01T17:13:53Z</time>
      </trkpt>
      <trkpt lat="43.212956" lon="-2.571117">
        <ele>856.859</ele>
        <time>2026-02-01T17:13:54Z</time>
      </trkpt>
      <trkpt lat="43.212987" lon="-2.571113">
        <ele>856.468</ele>
        <time>2026-02-01T17:13:55Z</time>
      </trkpt>
      <trkpt lat="43.213013" lon="-2.571104">
        <ele>855.857</ele>
        <time>2026-02-01T17:13:56Z</time>
      </trkpt>
      <trkpt lat="43.213040" lon="-2.571106">
        <ele>855.243</ele>
        <time>2026-02-01T17:13:57Z</time>
      </trkpt>
      <trkpt lat="43.213063" lon="-2.571089">
        <ele>854.864</ele>
        <time>2026-02-01T17:13:58Z</time>
      </trkpt>
      <trkpt lat="43.213071" lon="-2.571055">
        <ele>854.610</ele>
        <time>2026-02-01T17:13:59Z</time>
      </trkpt>
      <trkpt lat="43.213077" lon="-2.571013">
        <ele>854.009</ele>
        <time>2026-02-01T17:14:00Z</time>
      </trkpt>
      <trkpt lat="43.213093" lon="-2.570966">
        <ele>853.426</ele>
        <time>2026-02-01T17:14:01Z</time>
      </trkpt>
      <trkpt lat="43.213111" lon="-2.570900">
        <ele>852.878</ele>
        <time>2026-02-01T17:14:02Z</time>
      </trkpt>
      <trkpt lat="43.213130" lon="-2.570831">
        <ele>852.433</ele>
        <time>2026-02-01T17:14:03Z</time>
      </trkpt>
      <trkpt lat="43.213153" lon="-2.570771">
        <ele>852.054</ele>
        <time>2026-02-01T17:14:04Z</time>
      </trkpt>
      <trkpt lat="43.213180" lon="-2.570721">
        <ele>851.231</ele>
        <time>2026-02-01T17:14:05Z</time>
      </trkpt>
      <trkpt lat="43.213207" lon="-2.570676">
        <ele>850.626</ele>
        <time>2026-02-01T17:14:06Z</time>
      </trkpt>
      <trkpt lat="43.213231" lon="-2.570633">
        <ele>849.671</ele>
        <time>2026-02-01T17:14:07Z</time>
      </trkpt>
      <trkpt lat="43.213253" lon="-2.570594">
        <ele>848.840</ele>
        <time>2026-02-01T17:14:08Z</time>
      </trkpt>
      <trkpt lat="43.213279" lon="-2.570563">
        <ele>848.059</ele>
        <time>2026-02-01T17:14:09Z</time>
      </trkpt>
      <trkpt lat="43.213303" lon="-2.570544">
        <ele>847.287</ele>
        <time>2026-02-01T17:14:10Z</time>
      </trkpt>
      <trkpt lat="43.213325" lon="-2.570516">
        <ele>846.842</ele>
        <time>2026-02-01T17:14:11Z</time>
      </trkpt>
      <trkpt lat="43.213343" lon="-2.570480">
        <ele>846.226</ele>
        <time>2026-02-01T17:14:12Z</time>
      </trkpt>
      <trkpt lat="43.213358" lon="-2.570437">
        <ele>845.609</ele>
        <time>2026-02-01T17:14:13Z</time>
      </trkpt>
      <trkpt lat="43.213361" lon="-2.570396">
        <ele>845.210</ele>
        <time>2026-02-01T17:14:14Z</time>
      </trkpt>
      <trkpt lat="43.213359" lon="-2.570347">
        <ele>844.652</ele>
        <time>2026-02-01T17:14:15Z</time>
      </trkpt>
      <trkpt lat="43.213369" lon="-2.570296">
        <ele>843.697</ele>
        <time>2026-02-01T17:14:16Z</time>
      </trkpt>
      <trkpt lat="43.213393" lon="-2.570261">
        <ele>842.468</ele>
        <time>2026-02-01T17:14:17Z</time>
      </trkpt>
      <trkpt lat="43.213426" lon="-2.570232">
        <ele>841.285</ele>
        <time>2026-02-01T17:14:18Z</time>
      </trkpt>
      <trkpt lat="43.213460" lon="-2.570204">
        <ele>840.820</ele>
        <time>2026-02-01T17:14:19Z</time>
      </trkpt>
      <trkpt lat="43.213494" lon="-2.570177">
        <ele>840.015</ele>
        <time>2026-02-01T17:14:20Z</time>
      </trkpt>
      <trkpt lat="43.213532" lon="-2.570146">
        <ele>839.234</ele>
        <time>2026-02-01T17:14:21Z</time>
      </trkpt>
      <trkpt lat="43.213573" lon="-2.570108">
        <ele>838.253</ele>
        <time>2026-02-01T17:14:22Z</time>
      </trkpt>
      <trkpt lat="43.213610" lon="-2.570064">
        <ele>837.419</ele>
        <time>2026-02-01T17:14:23Z</time>
      </trkpt>
      <trkpt lat="43.213639" lon="-2.570012">
        <ele>836.609</ele>
        <time>2026-02-01T17:14:24Z</time>
      </trkpt>
      <trkpt lat="43.213670" lon="-2.569970">
        <ele>835.619</ele>
        <time>2026-02-01T17:14:25Z</time>
      </trkpt>
      <trkpt lat="43.213712" lon="-2.569941">
        <ele>835.009</ele>
        <time>2026-02-01T17:14:26Z</time>
      </trkpt>
      <trkpt lat="43.213745" lon="-2.569913">
        <ele>834.083</ele>
        <time>2026-02-01T17:14:27Z</time>
      </trkpt>
      <trkpt lat="43.213770" lon="-2.569878">
        <ele>833.485</ele>
        <time>2026-02-01T17:14:28Z</time>
      </trkpt>
      <trkpt lat="43.213775" lon="-2.569823">
        <ele>832.880</ele>
        <time>2026-02-01T17:14:29Z</time>
      </trkpt>
      <trkpt lat="43.213775" lon="-2.569759">
        <ele>832.251</ele>
        <time>2026-02-01T17:14:30Z</time>
      </trkpt>
      <trkpt lat="43.213794" lon="-2.569707">
        <ele>831.898</ele>
        <time>2026-02-01T17:14:31Z</time>
      </trkpt>
      <trkpt lat="43.213831" lon="-2.569660">
        <ele>830.893</ele>
        <time>2026-02-01T17:14:32Z</time>
      </trkpt>
      <trkpt lat="43.213867" lon="-2.569604">
        <ele>830.468</ele>
        <time>2026-02-01T17:14:33Z</time>
      </trkpt>
      <trkpt lat="43.213907" lon="-2.569542">
        <ele>829.887</ele>
        <time>2026-02-01T17:14:34Z</time>
      </trkpt>
      <trkpt lat="43.213955" lon="-2.569467">
        <ele>829.466</ele>
        <time>2026-02-01T17:14:35Z</time>
      </trkpt>
      <trkpt lat="43.214009" lon="-2.569397">
        <ele>828.236</ele>
        <time>2026-02-01T17:14:36Z</time>
      </trkpt>
      <trkpt lat="43.214072" lon="-2.569328">
        <ele>826.017</ele>
        <time>2026-02-01T17:14:37Z</time>
      </trkpt>
      <trkpt lat="43.214120" lon="-2.569258">
        <ele>825.818</ele>
        <time>2026-02-01T17:14:38Z</time>
      </trkpt>
      <trkpt lat="43.214166" lon="-2.569184">
        <ele>825.409</ele>
        <time>2026-02-01T17:14:39Z</time>
      </trkpt>
      <trkpt lat="43.214215" lon="-2.569128">
        <ele>824.645</ele>
        <time>2026-02-01T17:14:40Z</time>
      </trkpt>
      <trkpt lat="43.214258" lon="-2.569087">
        <ele>824.477</ele>
        <time>2026-02-01T17:14:41Z</time>
      </trkpt>
      <trkpt lat="43.214277" lon="-2.569034">
        <ele>824.082</ele>
        <time>2026-02-01T17:14:42Z</time>
      </trkpt>
      <trkpt lat="43.214279" lon="-2.568976">
        <ele>823.413</ele>
        <time>2026-02-01T17:14:43Z</time>
      </trkpt>
      <trkpt lat="43.214272" lon="-2.568909">
        <ele>823.220</ele>
        <time>2026-02-01T17:14:44Z</time>
      </trkpt>
      <trkpt lat="43.214259" lon="-2.568842">
        <ele>823.035</ele>
        <time>2026-02-01T17:14:45Z</time>
      </trkpt>
      <trkpt lat="43.214259" lon="-2.568781">
        <ele>822.670</ele>
        <time>2026-02-01T17:14:46Z</time>
      </trkpt>
      <trkpt lat="43.214274" lon="-2.568718">
        <ele>822.229</ele>
        <time>2026-02-01T17:14:47Z</time>
      </trkpt>
      <trkpt lat="43.214293" lon="-2.568655">
        <ele>821.628</ele>
        <time>2026-02-01T17:14:48Z</time>
      </trkpt>
      <trkpt lat="43.214317" lon="-2.568593">
        <ele>821.237</ele>
        <time>2026-02-01T17:14:49Z</time>
      </trkpt>
      <trkpt lat="43.214347" lon="-2.568528">
        <ele>821.249</ele>
        <time>2026-02-01T17:14:50Z</time>
      </trkpt>
      <trkpt lat="43.214371" lon="-2.568455">
        <ele>820.813</ele>
        <time>2026-02-01T17:14:51Z</time>
      </trkpt>
      <trkpt lat="43.214389" lon="-2.568375">
        <ele>820.609</ele>
        <time>2026-02-01T17:14:52Z</time>
      </trkpt>
      <trkpt lat="43.214398" lon="-2.568288">
        <ele>820.625</ele>
        <time>2026-02-01T17:14:53Z</time>
      </trkpt>
      <trkpt lat="43.214400" lon="-2.568190">
        <ele>820.837</ele>
        <time>2026-02-01T17:14:54Z</time>
      </trkpt>
      <trkpt lat="43.214397" lon="-2.568089">
        <ele>820.472</ele>
        <time>2026-02-01T17:14:55Z</time>
      </trkpt>
      <trkpt lat="43.214387" lon="-2.567979">
        <ele>819.643</ele>
        <time>2026-02-01T17:14:56Z</time>
      </trkpt>
      <trkpt lat="43.214366" lon="-2.567862">
        <ele>818.070</ele>
        <time>2026-02-01T17:14:57Z</time>
      </trkpt>
      <trkpt lat="43.214336" lon="-2.567742">
        <ele>816.275</ele>
        <time>2026-02-01T17:14:58Z</time>
      </trkpt>
      <trkpt lat="43.214291" lon="-2.567621">
        <ele>815.830</ele>
        <time>2026-02-01T17:14:59Z</time>
      </trkpt>
      <trkpt lat="43.214240" lon="-2.567503">
        <ele>815.679</ele>
        <time>2026-02-01T17:15:00Z</time>
      </trkpt>
      <trkpt lat="43.214173" lon="-2.567395">
        <ele>814.478</ele>
        <time>2026-02-01T17:15:01Z</time>
      </trkpt>
      <trkpt lat="43.214097" lon="-2.567296">
        <ele>815.226</ele>
        <time>2026-02-01T17:15:02Z</time>
      </trkpt>
      <trkpt lat="43.214024" lon="-2.567198">
        <ele>816.847</ele>
        <time>2026-02-01T17:15:03Z</time>
      </trkpt>
      <trkpt lat="43.213949" lon="-2.567107">
        <ele>816.411</ele>
        <time>2026-02-01T17:15:04Z</time>
      </trkpt>
      <trkpt lat="43.213866" lon="-2.567023">
        <ele>815.609</ele>
        <time>2026-02-01T17:15:05Z</time>
      </trkpt>
      <trkpt lat="43.213785" lon="-2.566949">
        <ele>814.684</ele>
        <time>2026-02-01T17:15:06Z</time>
      </trkpt>
      <trkpt lat="43.213711" lon="-2.566877">
        <ele>813.636</ele>
        <time>2026-02-01T17:15:07Z</time>
      </trkpt>
      <trkpt lat="43.213642" lon="-2.566805">
        <ele>813.091</ele>
        <time>2026-02-01T17:15:08Z</time>
      </trkpt>
      <trkpt lat="43.213579" lon="-2.566733">
        <ele>811.842</ele>
        <time>2026-02-01T17:15:09Z</time>
      </trkpt>
      <trkpt lat="43.213517" lon="-2.566662">
        <ele>811.099</ele>
        <time>2026-02-01T17:15:10Z</time>
      </trkpt>
      <trkpt lat="43.213460" lon="-2.566592">
        <ele>810.224</ele>
        <time>2026-02-01T17:15:11Z</time>
      </trkpt>
      <trkpt lat="43.213412" lon="-2.566517">
        <ele>809.479</ele>
        <time>2026-02-01T17:15:12Z</time>
      </trkpt>
      <trkpt lat="43.213368" lon="-2.566450">
        <ele>809.418</ele>
        <time>2026-02-01T17:15:13Z</time>
      </trkpt>
      <trkpt lat="43.213323" lon="-2.566392">
        <ele>809.047</ele>
        <time>2026-02-01T17:15:14Z</time>
      </trkpt>
      <trkpt lat="43.213281" lon="-2.566337">
        <ele>809.075</ele>
        <time>2026-02-01T17:15:15Z</time>
      </trkpt>
      <trkpt lat="43.213240" lon="-2.566282">
        <ele>808.828</ele>
        <time>2026-02-01T17:15:16Z</time>
      </trkpt>
      <trkpt lat="43.213202" lon="-2.566234">
        <ele>808.620</ele>
        <time>2026-02-01T17:15:17Z</time>
      </trkpt>
      <trkpt lat="43.213168" lon="-2.566188">
        <ele>808.209</ele>
        <time>2026-02-01T17:15:18Z</time>
      </trkpt>
      <trkpt lat="43.213141" lon="-2.566138">
        <ele>808.279</ele>
        <time>2026-02-01T17:15:19Z</time>
      </trkpt>
      <trkpt lat="43.213117" lon="-2.566092">
        <ele>808.261</ele>
        <time>2026-02-01T17:15:20Z</time>
      </trkpt>
      <trkpt lat="43.213088" lon="-2.566054">
        <ele>808.276</ele>
        <time>2026-02-01T17:15:21Z</time>
      </trkpt>
      <trkpt lat="43.213060" lon="-2.566016">
        <ele>808.617</ele>
        <time>2026-02-01T17:15:22Z</time>
      </trkpt>
      <trkpt lat="43.213030" lon="-2.565976">
        <ele>808.654</ele>
        <time>2026-02-01T17:15:23Z</time>
      </trkpt>
      <trkpt lat="43.213004" lon="-2.565936">
        <ele>808.499</ele>
        <time>2026-02-01T17:15:24Z</time>
      </trkpt>
      <trkpt lat="43.212982" lon="-2.565894">
        <ele>807.834</ele>
        <time>2026-02-01T17:15:25Z</time>
      </trkpt>
      <trkpt lat="43.212962" lon="-2.565852">
        <ele>807.043</ele>
        <time>2026-02-01T17:15:26Z</time>
      </trkpt>
      <trkpt lat="43.212940" lon="-2.565806">
        <ele>806.472</ele>
        <time>2026-02-01T17:15:27Z</time>
      </trkpt>
      <trkpt lat="43.212914" lon="-2.565761">
        <ele>806.261</ele>
        <time>2026-02-01T17:15:28Z</time>
      </trkpt>
      <trkpt lat="43.212885" lon="-2.565722">
        <ele>806.421</ele>
        <time>2026-02-01T17:15:29Z</time>
      </trkpt>
      <trkpt lat="43.212856" lon="-2.565685">
        <ele>806.613</ele>
        <time>2026-02-01T17:15:30Z</time>
      </trkpt>
      <trkpt lat="43.212828" lon="-2.565648">
        <ele>807.009</ele>
        <time>2026-02-01T17:15:31Z</time>
      </trkpt>
      <trkpt lat="43.212800" lon="-2.565614">
        <ele>807.298</ele>
        <time>2026-02-01T17:15:32Z</time>
      </trkpt>
      <trkpt lat="43.212771" lon="-2.565583">
        <ele>807.490</ele>
        <time>2026-02-01T17:15:33Z</time>
      </trkpt>
      <trkpt lat="43.212750" lon="-2.565547">
        <ele>807.415</ele>
        <time>2026-02-01T17:15:34Z</time>
      </trkpt>
      <trkpt lat="43.212733" lon="-2.565510">
        <ele>807.886</ele>
        <time>2026-02-01T17:15:35Z</time>
      </trkpt>
      <trkpt lat="43.212709" lon="-2.565472">
        <ele>808.093</ele>
        <time>2026-02-01T17:15:36Z</time>
      </trkpt>
      <trkpt lat="43.212685" lon="-2.565439">
        <ele>808.448</ele>
        <time>2026-02-01T17:15:37Z</time>
      </trkpt>
      <trkpt lat="43.212662" lon="-2.565401">
        <ele>808.813</ele>
        <time>2026-02-01T17:15:38Z</time>
      </trkpt>
      <trkpt lat="43.212640" lon="-2.565364">
        <ele>808.832</ele>
        <time>2026-02-01T17:15:39Z</time>
      </trkpt>
      <trkpt lat="43.212619" lon="-2.565327">
        <ele>809.071</ele>
        <time>2026-02-01T17:15:40Z</time>
      </trkpt>
      <trkpt lat="43.212601" lon="-2.565288">
        <ele>809.446</ele>
        <time>2026-02-01T17:15:41Z</time>
      </trkpt>
      <trkpt lat="43.212581" lon="-2.565247">
        <ele>809.888</ele>
        <time>2026-02-01T17:15:42Z</time>
      </trkpt>
      <trkpt lat="43.212565" lon="-2.565207">
        <ele>810.216</ele>
        <time>2026-02-01T17:15:43Z</time>
      </trkpt>
      <trkpt lat="43.212548" lon="-2.565169">
        <ele>810.409</ele>
        <time>2026-02-01T17:15:44Z</time>
      </trkpt>
      <trkpt lat="43.212533" lon="-2.565133">
        <ele>810.696</ele>
        <time>2026-02-01T17:15:45Z</time>
      </trkpt>
      <trkpt lat="43.212520" lon="-2.565094">
        <ele>811.098</ele>
        <time>2026-02-01T17:15:46Z</time>
      </trkpt>
      <trkpt lat="43.212509" lon="-2.565054">
        <ele>811.033</ele>
        <time>2026-02-01T17:15:47Z</time>
      </trkpt>
      <trkpt lat="43.212497" lon="-2.565009">
        <ele>811.244</ele>
        <time>2026-02-01T17:15:48Z</time>
      </trkpt>
      <trkpt lat="43.212483" lon="-2.564969">
        <ele>811.451</ele>
        <time>2026-02-01T17:15:49Z</time>
      </trkpt>
      <trkpt lat="43.212471" lon="-2.564927">
        <ele>811.666</ele>
        <time>2026-02-01T17:15:50Z</time>
      </trkpt>
      <trkpt lat="43.212457" lon="-2.564889">
        <ele>811.831</ele>
        <time>2026-02-01T17:15:51Z</time>
      </trkpt>
      <trkpt lat="43.212444" lon="-2.564851">
        <ele>812.090</ele>
        <time>2026-02-01T17:15:52Z</time>
      </trkpt>
      <trkpt lat="43.212431" lon="-2.564808">
        <ele>812.299</ele>
        <time>2026-02-01T17:15:53Z</time>
      </trkpt>
      <trkpt lat="43.212420" lon="-2.564765">
        <ele>812.248</ele>
        <time>2026-02-01T17:15:54Z</time>
      </trkpt>
      <trkpt lat="43.212406" lon="-2.564722">
        <ele>812.461</ele>
        <time>2026-02-01T17:15:55Z</time>
      </trkpt>
      <trkpt lat="43.212390" lon="-2.564679">
        <ele>812.617</ele>
        <time>2026-02-01T17:15:56Z</time>
      </trkpt>
      <trkpt lat="43.212373" lon="-2.564642">
        <ele>812.809</ele>
        <time>2026-02-01T17:15:57Z</time>
      </trkpt>
      <trkpt lat="43.212358" lon="-2.564603">
        <ele>813.076</ele>
        <time>2026-02-01T17:15:58Z</time>
      </trkpt>
      <trkpt lat="43.212344" lon="-2.564562">
        <ele>813.288</ele>
        <time>2026-02-01T17:15:59Z</time>
      </trkpt>
      <trkpt lat="43.212332" lon="-2.564523">
        <ele>813.473</ele>
        <time>2026-02-01T17:16:00Z</time>
      </trkpt>
      <trkpt lat="43.212320" lon="-2.564481">
        <ele>813.294</ele>
        <time>2026-02-01T17:16:01Z</time>
      </trkpt>
      <trkpt lat="43.212307" lon="-2.564435">
        <ele>813.251</ele>
        <time>2026-02-01T17:16:02Z</time>
      </trkpt>
      <trkpt lat="43.212295" lon="-2.564390">
        <ele>813.216</ele>
        <time>2026-02-01T17:16:03Z</time>
      </trkpt>
      <trkpt lat="43.212285" lon="-2.564350">
        <ele>813.271</ele>
        <time>2026-02-01T17:16:04Z</time>
      </trkpt>
      <trkpt lat="43.212275" lon="-2.564309">
        <ele>813.260</ele>
        <time>2026-02-01T17:16:05Z</time>
      </trkpt>
      <trkpt lat="43.212259" lon="-2.564270">
        <ele>813.469</ele>
        <time>2026-02-01T17:16:06Z</time>
      </trkpt>
      <trkpt lat="43.212241" lon="-2.564238">
        <ele>813.471</ele>
        <time>2026-02-01T17:16:07Z</time>
      </trkpt>
      <trkpt lat="43.212228" lon="-2.564206">
        <ele>813.641</ele>
        <time>2026-02-01T17:16:08Z</time>
      </trkpt>
      <trkpt lat="43.212216" lon="-2.564174">
        <ele>813.815</ele>
        <time>2026-02-01T17:16:09Z</time>
      </trkpt>
      <trkpt lat="43.212204" lon="-2.564143">
        <ele>814.009</ele>
        <time>2026-02-01T17:16:10Z</time>
      </trkpt>
      <trkpt lat="43.212194" lon="-2.564113">
        <ele>814.429</ele>
        <time>2026-02-01T17:16:11Z</time>
      </trkpt>
      <trkpt lat="43.212184" lon="-2.564078">
        <ele>814.611</ele>
        <time>2026-02-01T17:16:12Z</time>
      </trkpt>
      <trkpt lat="43.212171" lon="-2.564047">
        <ele>815.026</ele>
        <time>2026-02-01T17:16:13Z</time>
      </trkpt>
      <trkpt lat="43.212160" lon="-2.564023">
        <ele>815.257</ele>
        <time>2026-02-01T17:16:14Z</time>
      </trkpt>
      <trkpt lat="43.212155" lon="-2.563998">
        <ele>815.414</ele>
        <time>2026-02-01T17:16:15Z</time>
      </trkpt>
      <trkpt lat="43.212155" lon="-2.563965">
        <ele>815.489</ele>
        <time>2026-02-01T17:16:16Z</time>
      </trkpt>
      <trkpt lat="43.212162" lon="-2.563933">
        <ele>815.694</ele>
        <time>2026-02-01T17:16:17Z</time>
      </trkpt>
      <trkpt lat="43.212170" lon="-2.563914">
        <ele>815.673</ele>
        <time>2026-02-01T17:16:18Z</time>
      </trkpt>
      <trkpt lat="43.212180" lon="-2.563911">
        <ele>815.882</ele>
        <time>2026-02-01T17:16:19Z</time>
      </trkpt>
      <trkpt lat="43.212198" lon="-2.563916">
        <ele>816.046</ele>
        <time>2026-02-01T17:16:20Z</time>
      </trkpt>
      <trkpt lat="43.212214" lon="-2.563926">
        <ele>816.288</ele>
        <time>2026-02-01T17:16:21Z</time>
      </trkpt>
      <trkpt lat="43.212235" lon="-2.563936">
        <ele>816.416</ele>
        <time>2026-02-01T17:16:22Z</time>
      </trkpt>
      <trkpt lat="43.212257" lon="-2.563932">
        <ele>816.409</ele>
        <time>2026-02-01T17:16:23Z</time>
      </trkpt>
      <trkpt lat="43.212283" lon="-2.563918">
        <ele>816.436</ele>
        <time>2026-02-01T17:16:24Z</time>
      </trkpt>
      <trkpt lat="43.212302" lon="-2.563893">
        <ele>816.438</ele>
        <time>2026-02-01T17:16:25Z</time>
      </trkpt>
      <trkpt lat="43.212308" lon="-2.563873">
        <ele>816.663</ele>
        <time>2026-02-01T17:16:26Z</time>
      </trkpt>
      <trkpt lat="43.212314" lon="-2.563870">
        <ele>817.014</ele>
        <time>2026-02-01T17:16:27Z</time>
      </trkpt>
      <trkpt lat="43.212312" lon="-2.563866">
        <ele>817.821</ele>
        <time>2026-02-01T17:16:28Z</time>
      </trkpt>
      <trkpt lat="43.212312" lon="-2.563865">
        <ele>818.226</ele>
        <time>2026-02-01T17:16:29Z</time>
      </trkpt>
      <trkpt lat="43.212309" lon="-2.563847">
        <ele>818.631</ele>
        <time>2026-02-01T17:16:30Z</time>
      </trkpt>
      <trkpt lat="43.212310" lon="-2.563840">
        <ele>818.880</ele>
        <time>2026-02-01T17:16:31Z</time>
      </trkpt>
      <trkpt lat="43.212311" lon="-2.563843">
        <ele>819.079</ele>
        <time>2026-02-01T17:16:32Z</time>
      </trkpt>
      <trkpt lat="43.212311" lon="-2.563843">
        <ele>819.099</ele>
        <time>2026-02-01T17:16:33Z</time>
      </trkpt>
      <trkpt lat="43.212318" lon="-2.563833">
        <ele>819.007</ele>
        <time>2026-02-01T17:16:34Z</time>
      </trkpt>
      <trkpt lat="43.212325" lon="-2.563820">
        <ele>819.227</ele>
        <time>2026-02-01T17:16:35Z</time>
      </trkpt>
      <trkpt lat="43.212330" lon="-2.563806">
        <ele>819.209</ele>
        <time>2026-02-01T17:16:36Z</time>
      </trkpt>
      <trkpt lat="43.212331" lon="-2.563807">
        <ele>819.291</ele>
        <time>2026-02-01T17:16:37Z</time>
      </trkpt>
      <trkpt lat="43.212331" lon="-2.563808">
        <ele>819.263</ele>
        <time>2026-02-01T17:16:38Z</time>
      </trkpt>
      <trkpt lat="43.212331" lon="-2.563808">
        <ele>819.258</ele>
        <time>2026-02-01T17:16:39Z</time>
      </trkpt>
      <trkpt lat="43.212331" lon="-2.563807">
        <ele>819.289</ele>
        <time>2026-02-01T17:16:40Z</time>
      </trkpt>
      <trkpt lat="43.212326" lon="-2.563790">
        <ele>819.466</ele>
        <time>2026-02-01T17:16:41Z</time>
      </trkpt>
      <trkpt lat="43.212315" lon="-2.563758">
        <ele>819.441</ele>
        <time>2026-02-01T17:16:42Z</time>
      </trkpt>
      <trkpt lat="43.212299" lon="-2.563734">
        <ele>819.456</ele>
        <time>2026-02-01T17:16:43Z</time>
      </trkpt>
      <trkpt lat="43.212289" lon="-2.563701">
        <ele>819.885</ele>
        <time>2026-02-01T17:16:44Z</time>
      </trkpt>
      <trkpt lat="43.212269" lon="-2.563673">
        <ele>820.024</ele>
        <time>2026-02-01T17:16:45Z</time>
      </trkpt>
      <trkpt lat="43.212248" lon="-2.563645">
        <ele>820.458</ele>
        <time>2026-02-01T17:16:46Z</time>
      </trkpt>
      <trkpt lat="43.212225" lon="-2.563616">
        <ele>820.652</ele>
        <time>2026-02-01T17:16:47Z</time>
      </trkpt>
      <trkpt lat="43.212204" lon="-2.563584">
        <ele>820.617</ele>
        <time>2026-02-01T17:16:48Z</time>
      </trkpt>
      <trkpt lat="43.212185" lon="-2.563550">
        <ele>820.809</ele>
        <time>2026-02-01T17:16:49Z</time>
      </trkpt>
      <trkpt lat="43.212167" lon="-2.563518">
        <ele>821.097</ele>
        <time>2026-02-01T17:16:50Z</time>
      </trkpt>
      <trkpt lat="43.212145" lon="-2.563491">
        <ele>821.479</ele>
        <time>2026-02-01T17:16:51Z</time>
      </trkpt>
      <trkpt lat="43.212121" lon="-2.563470">
        <ele>822.064</ele>
        <time>2026-02-01T17:16:52Z</time>
      </trkpt>
      <trkpt lat="43.212097" lon="-2.563449">
        <ele>822.265</ele>
        <time>2026-02-01T17:16:53Z</time>
      </trkpt>
      <trkpt lat="43.212072" lon="-2.563421">
        <ele>822.472</ele>
        <time>2026-02-01T17:16:54Z</time>
      </trkpt>
      <trkpt lat="43.212051" lon="-2.563384">
        <ele>822.217</ele>
        <time>2026-02-01T17:16:55Z</time>
      </trkpt>
      <trkpt lat="43.212028" lon="-2.563354">
        <ele>822.242</ele>
        <time>2026-02-01T17:16:56Z</time>
      </trkpt>
      <trkpt lat="43.212001" lon="-2.563329">
        <ele>822.211</ele>
        <time>2026-02-01T17:16:57Z</time>
      </trkpt>
      <trkpt lat="43.211976" lon="-2.563308">
        <ele>822.030</ele>
        <time>2026-02-01T17:16:58Z</time>
      </trkpt>
      <trkpt lat="43.211955" lon="-2.563282">
        <ele>822.075</ele>
        <time>2026-02-01T17:16:59Z</time>
      </trkpt>
      <trkpt lat="43.211931" lon="-2.563256">
        <ele>822.028</ele>
        <time>2026-02-01T17:17:00Z</time>
      </trkpt>
      <trkpt lat="43.211906" lon="-2.563237">
        <ele>822.020</ele>
        <time>2026-02-01T17:17:01Z</time>
      </trkpt>
      <trkpt lat="43.211885" lon="-2.563214">
        <ele>822.009</ele>
        <time>2026-02-01T17:17:02Z</time>
      </trkpt>
      <trkpt lat="43.211867" lon="-2.563190">
        <ele>822.299</ele>
        <time>2026-02-01T17:17:03Z</time>
      </trkpt>
      <trkpt lat="43.211850" lon="-2.563172">
        <ele>822.251</ele>
        <time>2026-02-01T17:17:04Z</time>
      </trkpt>
      <trkpt lat="43.211835" lon="-2.563158">
        <ele>822.266</ele>
        <time>2026-02-01T17:17:05Z</time>
      </trkpt>
      <trkpt lat="43.211819" lon="-2.563145">
        <ele>822.217</ele>
        <time>2026-02-01T17:17:06Z</time>
      </trkpt>
      <trkpt lat="43.211815" lon="-2.563139">
        <ele>822.244</ele>
        <time>2026-02-01T17:17:07Z</time>
      </trkpt>
      <trkpt lat="43.211819" lon="-2.563145">
        <ele>822.239</ele>
        <time>2026-02-01T17:17:08Z</time>
      </trkpt>
      <trkpt lat="43.211820" lon="-2.563145">
        <ele>822.094</ele>
        <time>2026-02-01T17:17:09Z</time>
      </trkpt>
      <trkpt lat="43.211820" lon="-2.563145">
        <ele>822.093</ele>
        <time>2026-02-01T17:17:10Z</time>
      </trkpt>
      <trkpt lat="43.211820" lon="-2.563145">
        <ele>821.882</ele>
        <time>2026-02-01T17:17:11Z</time>
      </trkpt>
      <trkpt lat="43.211820" lon="-2.563145">
        <ele>821.624</ele>
        <time>2026-02-01T17:17:12Z</time>
      </trkpt>
      <trkpt lat="43.211820" lon="-2.563145">
        <ele>821.404</ele>
        <time>2026-02-01T17:17:13Z</time>
      </trkpt>
      <trkpt lat="43.211820" lon="-2.563145">
        <ele>821.214</ele>
        <time>2026-02-01T17:17:14Z</time>
      </trkpt>
      <trkpt lat="43.211820" lon="-2.563145">
        <ele>821.209</ele>
        <time>2026-02-01T17:17:15Z</time>
      </trkpt>
      <trkpt lat="43.211820" lon="-2.563145">
        <ele>821.084</ele>
        <time>2026-02-01T17:17:16Z</time>
      </trkpt>
      <trkpt lat="43.211820" lon="-2.563145">
        <ele>821.026</ele>
        <time>2026-02-01T17:17:17Z</time>
      </trkpt>
      <trkpt lat="43.211820" lon="-2.563145">
        <ele>820.841</ele>
        <time>2026-02-01T17:17:18Z</time>
      </trkpt>
      <trkpt lat="43.211820" lon="-2.563145">
        <ele>820.632</ele>
        <time>2026-02-01T17:17:19Z</time>
      </trkpt>
      <trkpt lat="43.211820" lon="-2.563145">
        <ele>820.459</ele>
        <time>2026-02-01T17:17:20Z</time>
      </trkpt>
      <trkpt lat="43.211820" lon="-2.563145">
        <ele>820.484</ele>
        <time>2026-02-01T17:17:21Z</time>
      </trkpt>
      <trkpt lat="43.211820" lon="-2.563145">
        <ele>820.429</ele>
        <time>2026-02-01T17:17:22Z</time>
      </trkpt>
      <trkpt lat="43.211820" lon="-2.563145">
        <ele>820.628</ele>
        <time>2026-02-01T17:17:23Z</time>
      </trkpt>
      <trkpt lat="43.211820" lon="-2.563145">
        <ele>820.687</ele>
        <time>2026-02-01T17:17:24Z</time>
      </trkpt>
      <trkpt lat="43.211820" lon="-2.563145">
        <ele>820.659</ele>
        <time>2026-02-01T17:17:25Z</time>
      </trkpt>
      <trkpt lat="43.211820" lon="-2.563145">
        <ele>820.603</ele>
        <time>2026-02-01T17:17:26Z</time>
      </trkpt>
      <trkpt lat="43.211820" lon="-2.563145">
        <ele>820.623</ele>
        <time>2026-02-01T17:17:27Z</time>
      </trkpt>
      <trkpt lat="43.211820" lon="-2.563145">
        <ele>820.809</ele>
        <time>2026-02-01T17:17:28Z</time>
      </trkpt>
      <trkpt lat="43.211822" lon="-2.563146">
        <ele>821.067</ele>
        <time>2026-02-01T17:17:29Z</time>
      </trkpt>
      <trkpt lat="43.211820" lon="-2.563145">
        <ele>821.459</ele>
        <time>2026-02-01T17:17:30Z</time>
      </trkpt>
      <trkpt lat="43.211820" lon="-2.563145">
        <ele>821.634</ele>
        <time>2026-02-01T17:17:31Z</time>
      </trkpt>
      <trkpt lat="43.211820" lon="-2.563145">
        <ele>821.885</ele>
        <time>2026-02-01T17:17:32Z</time>
      </trkpt>
      <trkpt lat="43.211816" lon="-2.563144">
        <ele>822.082</ele>
        <time>2026-02-01T17:17:33Z</time>
      </trkpt>
      <trkpt lat="43.211805" lon="-2.563131">
        <ele>822.097</ele>
        <time>2026-02-01T17:17:34Z</time>
      </trkpt>
      <trkpt lat="43.211791" lon="-2.563111">
        <ele>822.082</ele>
        <time>2026-02-01T17:17:35Z</time>
      </trkpt>
      <trkpt lat="43.211775" lon="-2.563091">
        <ele>822.221</ele>
        <time>2026-02-01T17:17:36Z</time>
      </trkpt>
      <trkpt lat="43.211753" lon="-2.563077">
        <ele>822.280</ele>
        <time>2026-02-01T17:17:37Z</time>
      </trkpt>
      <trkpt lat="43.211736" lon="-2.563066">
        <ele>822.223</ele>
        <time>2026-02-01T17:17:38Z</time>
      </trkpt>
      <trkpt lat="43.211719" lon="-2.563054">
        <ele>822.083</ele>
        <time>2026-02-01T17:17:39Z</time>
      </trkpt>
      <trkpt lat="43.211707" lon="-2.563048">
        <ele>821.811</ele>
        <time>2026-02-01T17:17:40Z</time>
      </trkpt>
      <trkpt lat="43.211698" lon="-2.563042">
        <ele>821.409</ele>
        <time>2026-02-01T17:17:41Z</time>
      </trkpt>
      <trkpt lat="43.211693" lon="-2.563038">
        <ele>821.054</ele>
        <time>2026-02-01T17:17:42Z</time>
      </trkpt>
      <trkpt lat="43.211695" lon="-2.563036">
        <ele>820.666</ele>
        <time>2026-02-01T17:17:43Z</time>
      </trkpt>
      <trkpt lat="43.211695" lon="-2.563036">
        <ele>820.261</ele>
        <time>2026-02-01T17:17:44Z</time>
      </trkpt>
      <trkpt lat="43.211695" lon="-2.563036">
        <ele>820.232</ele>
        <time>2026-02-01T17:17:45Z</time>
      </trkpt>
      <trkpt lat="43.211695" lon="-2.563036">
        <ele>820.099</ele>
        <time>2026-02-01T17:17:46Z</time>
      </trkpt>
      <trkpt lat="43.211695" lon="-2.563036">
        <ele>819.864</ele>
        <time>2026-02-01T17:17:47Z</time>
      </trkpt>
      <trkpt lat="43.211695" lon="-2.563036">
        <ele>819.879</ele>
        <time>2026-02-01T17:17:48Z</time>
      </trkpt>
      <trkpt lat="43.211695" lon="-2.563036">
        <ele>819.888</ele>
        <time>2026-02-01T17:17:49Z</time>
      </trkpt>
      <trkpt lat="43.211695" lon="-2.563036">
        <ele>819.817</ele>
        <time>2026-02-01T17:17:50Z</time>
      </trkpt>
      <trkpt lat="43.211695" lon="-2.563036">
        <ele>819.825</ele>
        <time>2026-02-01T17:17:51Z</time>
      </trkpt>
      <trkpt lat="43.211695" lon="-2.563036">
        <ele>819.826</ele>
        <time>2026-02-01T17:17:52Z</time>
      </trkpt>
      <trkpt lat="43.211695" lon="-2.563036">
        <ele>819.608</ele>
        <time>2026-02-01T17:17:53Z</time>
      </trkpt>
      <trkpt lat="43.211695" lon="-2.563036">
        <ele>819.609</ele>
        <time>2026-02-01T17:17:54Z</time>
      </trkpt>
      <trkpt lat="43.211695" lon="-2.563036">
        <ele>819.474</ele>
        <time>2026-02-01T17:17:55Z</time>
      </trkpt>
      <trkpt lat="43.211695" lon="-2.563036">
        <ele>819.226</ele>
        <time>2026-02-01T17:17:56Z</time>
      </trkpt>
      <trkpt lat="43.211695" lon="-2.563036">
        <ele>819.061</ele>
        <time>2026-02-01T17:17:57Z</time>
      </trkpt>
      <trkpt lat="43.211695" lon="-2.563036">
        <ele>818.832</ele>
        <time>2026-02-01T17:17:58Z</time>
      </trkpt>
      <trkpt lat="43.211695" lon="-2.563036">
        <ele>818.839</ele>
        <time>2026-02-01T17:17:59Z</time>
      </trkpt>
      <trkpt lat="43.211695" lon="-2.563036">
        <ele>818.624</ele>
        <time>2026-02-01T17:18:00Z</time>
      </trkpt>
      <trkpt lat="43.211695" lon="-2.563036">
        <ele>818.419</ele>
        <time>2026-02-01T17:18:01Z</time>
      </trkpt>
      <trkpt lat="43.211695" lon="-2.563036">
        <ele>818.468</ele>
        <time>2026-02-01T17:18:02Z</time>
      </trkpt>
      <trkpt lat="43.211695" lon="-2.563036">
        <ele>818.427</ele>
        <time>2026-02-01T17:18:03Z</time>
      </trkpt>
      <trkpt lat="43.211695" lon="-2.563036">
        <ele>818.693</ele>
        <time>2026-02-01T17:18:04Z</time>
      </trkpt>
      <trkpt lat="43.211695" lon="-2.563036">
        <ele>818.865</ele>
        <time>2026-02-01T17:18:05Z</time>
      </trkpt>
      <trkpt lat="43.211695" lon="-2.563036">
        <ele>818.821</ele>
        <time>2026-02-01T17:18:06Z</time>
      </trkpt>
      <trkpt lat="43.211695" lon="-2.563036">
        <ele>819.009</ele>
        <time>2026-02-01T17:18:07Z</time>
      </trkpt>
      <trkpt lat="43.211695" lon="-2.563036">
        <ele>819.021</ele>
        <time>2026-02-01T17:18:08Z</time>
      </trkpt>
      <trkpt lat="43.211695" lon="-2.563036">
        <ele>819.063</ele>
        <time>2026-02-01T17:18:09Z</time>
      </trkpt>
      <trkpt lat="43.211695" lon="-2.563036">
        <ele>818.888</ele>
        <time>2026-02-01T17:18:10Z</time>
      </trkpt>
      <trkpt lat="43.211695" lon="-2.563036">
        <ele>818.899</ele>
        <time>2026-02-01T17:18:11Z</time>
      </trkpt>
      <trkpt lat="43.211695" lon="-2.563036">
        <ele>818.856</ele>
        <time>2026-02-01T17:18:12Z</time>
      </trkpt>
      <trkpt lat="43.211695" lon="-2.563036">
        <ele>818.881</ele>
        <time>2026-02-01T17:18:13Z</time>
      </trkpt>
      <trkpt lat="43.211695" lon="-2.563036">
        <ele>818.836</ele>
        <time>2026-02-01T17:18:14Z</time>
      </trkpt>
      <trkpt lat="43.211695" lon="-2.563036">
        <ele>818.855</ele>
        <time>2026-02-01T17:18:15Z</time>
      </trkpt>
      <trkpt lat="43.211695" lon="-2.563036">
        <ele>818.864</ele>
        <time>2026-02-01T17:18:16Z</time>
      </trkpt>
      <trkpt lat="43.211695" lon="-2.563036">
        <ele>818.831</ele>
        <time>2026-02-01T17:18:17Z</time>
      </trkpt>
      <trkpt lat="43.211695" lon="-2.563036">
        <ele>818.861</ele>
        <time>2026-02-01T17:18:18Z</time>
      </trkpt>
      <trkpt lat="43.211695" lon="-2.563036">
        <ele>818.607</ele>
        <time>2026-02-01T17:18:19Z</time>
      </trkpt>
      <trkpt lat="43.211695" lon="-2.563036">
        <ele>818.609</ele>
        <time>2026-02-01T17:18:20Z</time>
      </trkpt>
      <trkpt lat="43.211695" lon="-2.563036">
        <ele>818.685</ele>
        <time>2026-02-01T17:18:21Z</time>
      </trkpt>
      <trkpt lat="43.211695" lon="-2.563036">
        <ele>818.627</ele>
        <time>2026-02-01T17:18:22Z</time>
      </trkpt>
      <trkpt lat="43.211695" lon="-2.563036">
        <ele>818.832</ele>
        <time>2026-02-01T17:18:23Z</time>
      </trkpt>
      <trkpt lat="43.211695" lon="-2.563036">
        <ele>818.883</ele>
        <time>2026-02-01T17:18:24Z</time>
      </trkpt>
      <trkpt lat="43.211695" lon="-2.563036">
        <ele>819.070</ele>
        <time>2026-02-01T17:18:25Z</time>
      </trkpt>
      <trkpt lat="43.211695" lon="-2.563036">
        <ele>819.275</ele>
        <time>2026-02-01T17:18:26Z</time>
      </trkpt>
      <trkpt lat="43.211695" lon="-2.563036">
        <ele>819.440</ele>
        <time>2026-02-01T17:18:27Z</time>
      </trkpt>
      <trkpt lat="43.211695" lon="-2.563036">
        <ele>819.639</ele>
        <time>2026-02-01T17:18:28Z</time>
      </trkpt>
      <trkpt lat="43.211697" lon="-2.563037">
        <ele>819.688</ele>
        <time>2026-02-01T17:18:29Z</time>
      </trkpt>
      <trkpt lat="43.211694" lon="-2.563038">
        <ele>819.696</ele>
        <time>2026-02-01T17:18:30Z</time>
      </trkpt>
      <trkpt lat="43.211695" lon="-2.563036">
        <ele>819.431</ele>
        <time>2026-02-01T17:18:31Z</time>
      </trkpt>
      <trkpt lat="43.211695" lon="-2.563036">
        <ele>819.424</ele>
        <time>2026-02-01T17:18:32Z</time>
      </trkpt>
      <trkpt lat="43.211695" lon="-2.563036">
        <ele>819.209</ele>
        <time>2026-02-01T17:18:33Z</time>
      </trkpt>
      <trkpt lat="43.211695" lon="-2.563036">
        <ele>819.011</ele>
        <time>2026-02-01T17:18:34Z</time>
      </trkpt>
      <trkpt lat="43.211695" lon="-2.563036">
        <ele>818.883</ele>
        <time>2026-02-01T17:18:35Z</time>
      </trkpt>
      <trkpt lat="43.211695" lon="-2.563036">
        <ele>818.858</ele>
        <time>2026-02-01T17:18:36Z</time>
      </trkpt>
      <trkpt lat="43.211695" lon="-2.563036">
        <ele>818.649</ele>
        <time>2026-02-01T17:18:37Z</time>
      </trkpt>
      <trkpt lat="43.211695" lon="-2.563036">
        <ele>818.666</ele>
        <time>2026-02-01T17:18:38Z</time>
      </trkpt>
      <trkpt lat="43.211695" lon="-2.563036">
        <ele>818.621</ele>
        <time>2026-02-01T17:18:39Z</time>
      </trkpt>
      <trkpt lat="43.211694" lon="-2.563037">
        <ele>818.666</ele>
        <time>2026-02-01T17:18:40Z</time>
      </trkpt>
      <trkpt lat="43.211695" lon="-2.563036">
        <ele>818.815</ele>
        <time>2026-02-01T17:18:41Z</time>
      </trkpt>
      <trkpt lat="43.211695" lon="-2.563036">
        <ele>819.044</ele>
        <time>2026-02-01T17:18:42Z</time>
      </trkpt>
      <trkpt lat="43.211695" lon="-2.563036">
        <ele>819.265</ele>
        <time>2026-02-01T17:18:43Z</time>
      </trkpt>
      <trkpt lat="43.211695" lon="-2.563036">
        <ele>819.468</ele>
        <time>2026-02-01T17:18:44Z</time>
      </trkpt>
      <trkpt lat="43.211689" lon="-2.563032">
        <ele>819.614</ele>
        <time>2026-02-01T17:18:45Z</time>
      </trkpt>
      <trkpt lat="43.211673" lon="-2.563043">
        <ele>819.809</ele>
        <time>2026-02-01T17:18:46Z</time>
      </trkpt>
      <trkpt lat="43.211656" lon="-2.563050">
        <ele>819.898</ele>
        <time>2026-02-01T17:18:47Z</time>
      </trkpt>
      <trkpt lat="43.211644" lon="-2.563069">
        <ele>819.440</ele>
        <time>2026-02-01T17:18:48Z</time>
      </trkpt>
      <trkpt lat="43.211640" lon="-2.563093">
        <ele>818.855</ele>
        <time>2026-02-01T17:18:49Z</time>
      </trkpt>
      <trkpt lat="43.211644" lon="-2.563123">
        <ele>817.066</ele>
        <time>2026-02-01T17:18:50Z</time>
      </trkpt>
      <trkpt lat="43.211648" lon="-2.563156">
        <ele>815.813</ele>
        <time>2026-02-01T17:18:51Z</time>
      </trkpt>
      <trkpt lat="43.211641" lon="-2.563192">
        <ele>815.098</ele>
        <time>2026-02-01T17:18:52Z</time>
      </trkpt>
      <trkpt lat="43.211626" lon="-2.563215">
        <ele>815.083</ele>
        <time>2026-02-01T17:18:53Z</time>
      </trkpt>
      <trkpt lat="43.211608" lon="-2.563240">
        <ele>815.082</ele>
        <time>2026-02-01T17:18:54Z</time>
      </trkpt>
      <trkpt lat="43.211598" lon="-2.563280">
        <ele>814.481</ele>
        <time>2026-02-01T17:18:55Z</time>
      </trkpt>
      <trkpt lat="43.211594" lon="-2.563319">
        <ele>813.699</ele>
        <time>2026-02-01T17:18:56Z</time>
      </trkpt>
      <trkpt lat="43.211580" lon="-2.563353">
        <ele>813.007</ele>
        <time>2026-02-01T17:18:57Z</time>
      </trkpt>
      <trkpt lat="43.211554" lon="-2.563363">
        <ele>812.827</ele>
        <time>2026-02-01T17:18:58Z</time>
      </trkpt>
      <trkpt lat="43.211532" lon="-2.563342">
        <ele>812.609</ele>
        <time>2026-02-01T17:18:59Z</time>
      </trkpt>
      <trkpt lat="43.211514" lon="-2.563314">
        <ele>812.631</ele>
        <time>2026-02-01T17:19:00Z</time>
      </trkpt>
      <trkpt lat="43.211490" lon="-2.563286">
        <ele>813.023</ele>
        <time>2026-02-01T17:19:01Z</time>
      </trkpt>
      <trkpt lat="43.211458" lon="-2.563262">
        <ele>813.458</ele>
        <time>2026-02-01T17:19:02Z</time>
      </trkpt>
      <trkpt lat="43.211423" lon="-2.563229">
        <ele>814.099</ele>
        <time>2026-02-01T17:19:03Z</time>
      </trkpt>
      <trkpt lat="43.211391" lon="-2.563188">
        <ele>814.466</ele>
        <time>2026-02-01T17:19:04Z</time>
      </trkpt>
      <trkpt lat="43.211358" lon="-2.563147">
        <ele>814.041</ele>
        <time>2026-02-01T17:19:05Z</time>
      </trkpt>
      <trkpt lat="43.211320" lon="-2.563105">
        <ele>813.886</ele>
        <time>2026-02-01T17:19:06Z</time>
      </trkpt>
      <trkpt lat="43.211280" lon="-2.563059">
        <ele>813.655</ele>
        <time>2026-02-01T17:19:07Z</time>
      </trkpt>
      <trkpt lat="43.211237" lon="-2.563020">
        <ele>813.024</ele>
        <time>2026-02-01T17:19:08Z</time>
      </trkpt>
      <trkpt lat="43.211191" lon="-2.562979">
        <ele>812.453</ele>
        <time>2026-02-01T17:19:09Z</time>
      </trkpt>
      <trkpt lat="43.211146" lon="-2.562927">
        <ele>811.804</ele>
        <time>2026-02-01T17:19:10Z</time>
      </trkpt>
      <trkpt lat="43.211097" lon="-2.562876">
        <ele>811.614</ele>
        <time>2026-02-01T17:19:11Z</time>
      </trkpt>
      <trkpt lat="43.211046" lon="-2.562832">
        <ele>810.609</ele>
        <time>2026-02-01T17:19:12Z</time>
      </trkpt>
      <trkpt lat="43.210994" lon="-2.562787">
        <ele>809.867</ele>
        <time>2026-02-01T17:19:13Z</time>
      </trkpt>
      <trkpt lat="43.210942" lon="-2.562741">
        <ele>809.419</ele>
        <time>2026-02-01T17:19:14Z</time>
      </trkpt>
      <trkpt lat="43.210889" lon="-2.562701">
        <ele>808.824</ele>
        <time>2026-02-01T17:19:15Z</time>
      </trkpt>
      <trkpt lat="43.210836" lon="-2.562657">
        <ele>808.685</ele>
        <time>2026-02-01T17:19:16Z</time>
      </trkpt>
      <trkpt lat="43.210767" lon="-2.562618">
        <ele>808.062</ele>
        <time>2026-02-01T17:19:17Z</time>
      </trkpt>
      <trkpt lat="43.210691" lon="-2.562588">
        <ele>806.657</ele>
        <time>2026-02-01T17:19:18Z</time>
      </trkpt>
      <trkpt lat="43.210617" lon="-2.562568">
        <ele>805.482</ele>
        <time>2026-02-01T17:19:19Z</time>
      </trkpt>
      <trkpt lat="43.210534" lon="-2.562560">
        <ele>803.021</ele>
        <time>2026-02-01T17:19:20Z</time>
      </trkpt>
      <trkpt lat="43.210449" lon="-2.562544">
        <ele>801.650</ele>
        <time>2026-02-01T17:19:21Z</time>
      </trkpt>
      <trkpt lat="43.210372" lon="-2.562526">
        <ele>798.451</ele>
        <time>2026-02-01T17:19:22Z</time>
      </trkpt>
      <trkpt lat="43.210285" lon="-2.562508">
        <ele>796.601</ele>
        <time>2026-02-01T17:19:23Z</time>
      </trkpt>
      <trkpt lat="43.210188" lon="-2.562474">
        <ele>795.211</ele>
        <time>2026-02-01T17:19:24Z</time>
      </trkpt>
      <trkpt lat="43.210087" lon="-2.562428">
        <ele>794.009</ele>
        <time>2026-02-01T17:19:25Z</time>
      </trkpt>
      <trkpt lat="43.209998" lon="-2.562372">
        <ele>792.897</ele>
        <time>2026-02-01T17:19:26Z</time>
      </trkpt>
      <trkpt lat="43.209915" lon="-2.562323">
        <ele>791.819</ele>
        <time>2026-02-01T17:19:27Z</time>
      </trkpt>
      <trkpt lat="43.209840" lon="-2.562290">
        <ele>790.064</ele>
        <time>2026-02-01T17:19:28Z</time>
      </trkpt>
      <trkpt lat="43.209774" lon="-2.562269">
        <ele>789.645</ele>
        <time>2026-02-01T17:19:29Z</time>
      </trkpt>
      <trkpt lat="43.209709" lon="-2.562229">
        <ele>788.282</ele>
        <time>2026-02-01T17:19:30Z</time>
      </trkpt>
      <trkpt lat="43.209639" lon="-2.562158">
        <ele>787.677</ele>
        <time>2026-02-01T17:19:31Z</time>
      </trkpt>
      <trkpt lat="43.209566" lon="-2.562094">
        <ele>785.872</ele>
        <time>2026-02-01T17:19:32Z</time>
      </trkpt>
      <trkpt lat="43.209478" lon="-2.562042">
        <ele>783.861</ele>
        <time>2026-02-01T17:19:33Z</time>
      </trkpt>
      <trkpt lat="43.209385" lon="-2.561969">
        <ele>780.480</ele>
        <time>2026-02-01T17:19:34Z</time>
      </trkpt>
      <trkpt lat="43.209302" lon="-2.561883">
        <ele>777.026</ele>
        <time>2026-02-01T17:19:35Z</time>
      </trkpt>
      <trkpt lat="43.209219" lon="-2.561812">
        <ele>775.847</ele>
        <time>2026-02-01T17:19:36Z</time>
      </trkpt>
      <trkpt lat="43.209124" lon="-2.561765">
        <ele>774.811</ele>
        <time>2026-02-01T17:19:37Z</time>
      </trkpt>
      <trkpt lat="43.209030" lon="-2.561738">
        <ele>773.609</ele>
        <time>2026-02-01T17:19:38Z</time>
      </trkpt>
      <trkpt lat="43.208939" lon="-2.561724">
        <ele>771.234</ele>
        <time>2026-02-01T17:19:39Z</time>
      </trkpt>
      <trkpt lat="43.208836" lon="-2.561682">
        <ele>769.276</ele>
        <time>2026-02-01T17:19:40Z</time>
      </trkpt>
      <trkpt lat="43.208731" lon="-2.561612">
        <ele>764.611</ele>
        <time>2026-02-01T17:19:41Z</time>
      </trkpt>
      <trkpt lat="43.208630" lon="-2.561548">
        <ele>762.242</ele>
        <time>2026-02-01T17:19:42Z</time>
      </trkpt>
      <trkpt lat="43.208529" lon="-2.561496">
        <ele>761.029</ele>
        <time>2026-02-01T17:19:43Z</time>
      </trkpt>
      <trkpt lat="43.208420" lon="-2.561446">
        <ele>757.414</ele>
        <time>2026-02-01T17:19:44Z</time>
      </trkpt>
      <trkpt lat="43.208312" lon="-2.561389">
        <ele>754.639</ele>
        <time>2026-02-01T17:19:45Z</time>
      </trkpt>
      <trkpt lat="43.208214" lon="-2.561326">
        <ele>752.258</ele>
        <time>2026-02-01T17:19:46Z</time>
      </trkpt>
      <trkpt lat="43.208108" lon="-2.561263">
        <ele>749.877</ele>
        <time>2026-02-01T17:19:47Z</time>
      </trkpt>
      <trkpt lat="43.207996" lon="-2.561214">
        <ele>749.031</ele>
        <time>2026-02-01T17:19:48Z</time>
      </trkpt>
      <trkpt lat="43.207880" lon="-2.561165">
        <ele>746.461</ele>
        <time>2026-02-01T17:19:49Z</time>
      </trkpt>
      <trkpt lat="43.207775" lon="-2.561119">
        <ele>745.807</ele>
        <time>2026-02-01T17:19:50Z</time>
      </trkpt>
      <trkpt lat="43.207664" lon="-2.561079">
        <ele>743.209</ele>
        <time>2026-02-01T17:19:51Z</time>
      </trkpt>
      <trkpt lat="43.207563" lon="-2.561042">
        <ele>739.215</ele>
        <time>2026-02-01T17:19:52Z</time>
      </trkpt>
      <trkpt lat="43.207470" lon="-2.560999">
        <ele>736.427</ele>
        <time>2026-02-01T17:19:53Z</time>
      </trkpt>
      <trkpt lat="43.207383" lon="-2.560956">
        <ele>734.832</ele>
        <time>2026-02-01T17:19:54Z</time>
      </trkpt>
      <trkpt lat="43.207297" lon="-2.560921">
        <ele>733.433</ele>
        <time>2026-02-01T17:19:55Z</time>
      </trkpt>
      <trkpt lat="43.207213" lon="-2.560890">
        <ele>731.630</ele>
        <time>2026-02-01T17:19:56Z</time>
      </trkpt>
      <trkpt lat="43.207127" lon="-2.560847">
        <ele>730.455</ele>
        <time>2026-02-01T17:19:57Z</time>
      </trkpt>
      <trkpt lat="43.207039" lon="-2.560799">
        <ele>729.030</ele>
        <time>2026-02-01T17:19:58Z</time>
      </trkpt>
      <trkpt lat="43.206956" lon="-2.560746">
        <ele>725.839</ele>
        <time>2026-02-01T17:19:59Z</time>
      </trkpt>
      <trkpt lat="43.206877" lon="-2.560687">
        <ele>722.678</ele>
        <time>2026-02-01T17:20:00Z</time>
      </trkpt>
      <trkpt lat="43.206796" lon="-2.560624">
        <ele>719.256</ele>
        <time>2026-02-01T17:20:01Z</time>
      </trkpt>
      <trkpt lat="43.206722" lon="-2.560562">
        <ele>718.259</ele>
        <time>2026-02-01T17:20:02Z</time>
      </trkpt>
      <trkpt lat="43.206658" lon="-2.560482">
        <ele>715.414</ele>
        <time>2026-02-01T17:20:03Z</time>
      </trkpt>
      <trkpt lat="43.206613" lon="-2.560387">
        <ele>713.409</ele>
        <time>2026-02-01T17:20:04Z</time>
      </trkpt>
      <trkpt lat="43.206578" lon="-2.560267">
        <ele>711.457</ele>
        <time>2026-02-01T17:20:05Z</time>
      </trkpt>
      <trkpt lat="43.206553" lon="-2.560145">
        <ele>709.689</ele>
        <time>2026-02-01T17:20:06Z</time>
      </trkpt>
      <trkpt lat="43.206529" lon="-2.560037">
        <ele>708.254</ele>
        <time>2026-02-01T17:20:07Z</time>
      </trkpt>
      <trkpt lat="43.206504" lon="-2.559946">
        <ele>707.255</ele>
        <time>2026-02-01T17:20:08Z</time>
      </trkpt>
      <trkpt lat="43.206471" lon="-2.559873">
        <ele>706.242</ele>
        <time>2026-02-01T17:20:09Z</time>
      </trkpt>
      <trkpt lat="43.206430" lon="-2.559810">
        <ele>705.077</ele>
        <time>2026-02-01T17:20:10Z</time>
      </trkpt>
      <trkpt lat="43.206370" lon="-2.559768">
        <ele>703.242</ele>
        <time>2026-02-01T17:20:11Z</time>
      </trkpt>
      <trkpt lat="43.206298" lon="-2.559730">
        <ele>700.641</ele>
        <time>2026-02-01T17:20:12Z</time>
      </trkpt>
      <trkpt lat="43.206216" lon="-2.559689">
        <ele>699.250</ele>
        <time>2026-02-01T17:20:13Z</time>
      </trkpt>
      <trkpt lat="43.206124" lon="-2.559654">
        <ele>698.229</ele>
        <time>2026-02-01T17:20:14Z</time>
      </trkpt>
      <trkpt lat="43.206024" lon="-2.559624">
        <ele>696.600</ele>
        <time>2026-02-01T17:20:15Z</time>
      </trkpt>
      <trkpt lat="43.205925" lon="-2.559594">
        <ele>693.220</ele>
        <time>2026-02-01T17:20:16Z</time>
      </trkpt>
      <trkpt lat="43.205827" lon="-2.559558">
        <ele>690.809</ele>
        <time>2026-02-01T17:20:17Z</time>
      </trkpt>
      <trkpt lat="43.205737" lon="-2.559526">
        <ele>688.894</ele>
        <time>2026-02-01T17:20:18Z</time>
      </trkpt>
      <trkpt lat="43.205641" lon="-2.559513">
        <ele>687.066</ele>
        <time>2026-02-01T17:20:19Z</time>
      </trkpt>
      <trkpt lat="43.205539" lon="-2.559506">
        <ele>685.621</ele>
        <time>2026-02-01T17:20:20Z</time>
      </trkpt>
      <trkpt lat="43.205437" lon="-2.559498">
        <ele>684.812</ele>
        <time>2026-02-01T17:20:21Z</time>
      </trkpt>
      <trkpt lat="43.205328" lon="-2.559481">
        <ele>682.219</ele>
        <time>2026-02-01T17:20:22Z</time>
      </trkpt>
      <trkpt lat="43.205213" lon="-2.559465">
        <ele>680.834</ele>
        <time>2026-02-01T17:20:23Z</time>
      </trkpt>
      <trkpt lat="43.205094" lon="-2.559456">
        <ele>677.879</ele>
        <time>2026-02-01T17:20:24Z</time>
      </trkpt>
      <trkpt lat="43.204973" lon="-2.559460">
        <ele>676.638</ele>
        <time>2026-02-01T17:20:25Z</time>
      </trkpt>
      <trkpt lat="43.204854" lon="-2.559476">
        <ele>674.647</ele>
        <time>2026-02-01T17:20:26Z</time>
      </trkpt>
      <trkpt lat="43.204753" lon="-2.559488">
        <ele>673.251</ele>
        <time>2026-02-01T17:20:27Z</time>
      </trkpt>
      <trkpt lat="43.204655" lon="-2.559497">
        <ele>672.201</ele>
        <time>2026-02-01T17:20:28Z</time>
      </trkpt>
      <trkpt lat="43.204550" lon="-2.559511">
        <ele>670.611</ele>
        <time>2026-02-01T17:20:29Z</time>
      </trkpt>
      <trkpt lat="43.204446" lon="-2.559517">
        <ele>669.209</ele>
        <time>2026-02-01T17:20:30Z</time>
      </trkpt>
      <trkpt lat="43.204344" lon="-2.559519">
        <ele>668.427</ele>
        <time>2026-02-01T17:20:31Z</time>
      </trkpt>
      <trkpt lat="43.204236" lon="-2.559528">
        <ele>668.059</ele>
        <time>2026-02-01T17:20:32Z</time>
      </trkpt>
      <trkpt lat="43.204126" lon="-2.559546">
        <ele>667.254</ele>
        <time>2026-02-01T17:20:33Z</time>
      </trkpt>
      <trkpt lat="43.204024" lon="-2.559579">
        <ele>666.495</ele>
        <time>2026-02-01T17:20:34Z</time>
      </trkpt>
      <trkpt lat="43.203926" lon="-2.559619">
        <ele>665.442</ele>
        <time>2026-02-01T17:20:35Z</time>
      </trkpt>
      <trkpt lat="43.203834" lon="-2.559656">
        <ele>664.697</ele>
        <time>2026-02-01T17:20:36Z</time>
      </trkpt>
      <trkpt lat="43.203740" lon="-2.559674">
        <ele>663.612</ele>
        <time>2026-02-01T17:20:37Z</time>
      </trkpt>
      <trkpt lat="43.203649" lon="-2.559694">
        <ele>661.851</ele>
        <time>2026-02-01T17:20:38Z</time>
      </trkpt>
      <trkpt lat="43.203555" lon="-2.559734">
        <ele>661.490</ele>
        <time>2026-02-01T17:20:39Z</time>
      </trkpt>
      <trkpt lat="43.203456" lon="-2.559781">
        <ele>659.668</ele>
        <time>2026-02-01T17:20:40Z</time>
      </trkpt>
      <trkpt lat="43.203356" lon="-2.559825">
        <ele>658.042</ele>
        <time>2026-02-01T17:20:41Z</time>
      </trkpt>
      <trkpt lat="43.203254" lon="-2.559858">
        <ele>657.226</ele>
        <time>2026-02-01T17:20:42Z</time>
      </trkpt>
      <trkpt lat="43.203159" lon="-2.559893">
        <ele>656.409</ele>
        <time>2026-02-01T17:20:43Z</time>
      </trkpt>
      <trkpt lat="43.203062" lon="-2.559931">
        <ele>655.268</ele>
        <time>2026-02-01T17:20:44Z</time>
      </trkpt>
      <trkpt lat="43.202967" lon="-2.559972">
        <ele>654.430</ele>
        <time>2026-02-01T17:20:45Z</time>
      </trkpt>
      <trkpt lat="43.202879" lon="-2.560012">
        <ele>653.445</ele>
        <time>2026-02-01T17:20:46Z</time>
      </trkpt>
      <trkpt lat="43.202796" lon="-2.560052">
        <ele>652.016</ele>
        <time>2026-02-01T17:20:47Z</time>
      </trkpt>
      <trkpt lat="43.202717" lon="-2.560090">
        <ele>651.263</ele>
        <time>2026-02-01T17:20:48Z</time>
      </trkpt>
      <trkpt lat="43.202641" lon="-2.560136">
        <ele>649.818</ele>
        <time>2026-02-01T17:20:49Z</time>
      </trkpt>
      <trkpt lat="43.202574" lon="-2.560194">
        <ele>648.663</ele>
        <time>2026-02-01T17:20:50Z</time>
      </trkpt>
      <trkpt lat="43.202513" lon="-2.560261">
        <ele>646.472</ele>
        <time>2026-02-01T17:20:51Z</time>
      </trkpt>
      <trkpt lat="43.202458" lon="-2.560333">
        <ele>645.081</ele>
        <time>2026-02-01T17:20:52Z</time>
      </trkpt>
      <trkpt lat="43.202402" lon="-2.560410">
        <ele>644.014</ele>
        <time>2026-02-01T17:20:53Z</time>
      </trkpt>
      <trkpt lat="43.202326" lon="-2.560487">
        <ele>642.254</ele>
        <time>2026-02-01T17:20:54Z</time>
      </trkpt>
      <trkpt lat="43.202248" lon="-2.560568">
        <ele>640.209</ele>
        <time>2026-02-01T17:20:55Z</time>
      </trkpt>
      <trkpt lat="43.202171" lon="-2.560650">
        <ele>638.009</ele>
        <time>2026-02-01T17:20:56Z</time>
      </trkpt>
      <trkpt lat="43.202096" lon="-2.560720">
        <ele>636.823</ele>
        <time>2026-02-01T17:20:57Z</time>
      </trkpt>
      <trkpt lat="43.202027" lon="-2.560784">
        <ele>634.415</ele>
        <time>2026-02-01T17:20:58Z</time>
      </trkpt>
      <trkpt lat="43.201962" lon="-2.560840">
        <ele>631.890</ele>
        <time>2026-02-01T17:20:59Z</time>
      </trkpt>
      <trkpt lat="43.201898" lon="-2.560878">
        <ele>630.691</ele>
        <time>2026-02-01T17:21:00Z</time>
      </trkpt>
      <trkpt lat="43.201830" lon="-2.560888">
        <ele>629.678</ele>
        <time>2026-02-01T17:21:01Z</time>
      </trkpt>
      <trkpt lat="43.201775" lon="-2.560860">
        <ele>628.293</ele>
        <time>2026-02-01T17:21:02Z</time>
      </trkpt>
      <trkpt lat="43.201738" lon="-2.560794">
        <ele>627.098</ele>
        <time>2026-02-01T17:21:03Z</time>
      </trkpt>
      <trkpt lat="43.201714" lon="-2.560709">
        <ele>625.637</ele>
        <time>2026-02-01T17:21:04Z</time>
      </trkpt>
      <trkpt lat="43.201710" lon="-2.560612">
        <ele>624.636</ele>
        <time>2026-02-01T17:21:05Z</time>
      </trkpt>
      <trkpt lat="43.201727" lon="-2.560502">
        <ele>623.256</ele>
        <time>2026-02-01T17:21:06Z</time>
      </trkpt>
      <trkpt lat="43.201761" lon="-2.560370">
        <ele>621.459</ele>
        <time>2026-02-01T17:21:07Z</time>
      </trkpt>
      <trkpt lat="43.201800" lon="-2.560242">
        <ele>619.414</ele>
        <time>2026-02-01T17:21:08Z</time>
      </trkpt>
      <trkpt lat="43.201838" lon="-2.560103">
        <ele>617.809</ele>
        <time>2026-02-01T17:21:09Z</time>
      </trkpt>
      <trkpt lat="43.201865" lon="-2.559970">
        <ele>616.297</ele>
        <time>2026-02-01T17:21:10Z</time>
      </trkpt>
      <trkpt lat="43.201877" lon="-2.559852">
        <ele>615.429</ele>
        <time>2026-02-01T17:21:11Z</time>
      </trkpt>
      <trkpt lat="43.201877" lon="-2.559737">
        <ele>615.434</ele>
        <time>2026-02-01T17:21:12Z</time>
      </trkpt>
      <trkpt lat="43.201868" lon="-2.559623">
        <ele>614.625</ele>
        <time>2026-02-01T17:21:13Z</time>
      </trkpt>
      <trkpt lat="43.201852" lon="-2.559504">
        <ele>613.262</ele>
        <time>2026-02-01T17:21:14Z</time>
      </trkpt>
      <trkpt lat="43.201841" lon="-2.559379">
        <ele>612.067</ele>
        <time>2026-02-01T17:21:15Z</time>
      </trkpt>
      <trkpt lat="43.201834" lon="-2.559247">
        <ele>610.882</ele>
        <time>2026-02-01T17:21:16Z</time>
      </trkpt>
      <trkpt lat="43.201831" lon="-2.559120">
        <ele>608.271</ele>
        <time>2026-02-01T17:21:17Z</time>
      </trkpt>
      <trkpt lat="43.201824" lon="-2.558998">
        <ele>606.060</ele>
        <time>2026-02-01T17:21:18Z</time>
      </trkpt>
      <trkpt lat="43.201816" lon="-2.558875">
        <ele>603.668</ele>
        <time>2026-02-01T17:21:19Z</time>
      </trkpt>
      <trkpt lat="43.201806" lon="-2.558748">
        <ele>601.642</ele>
        <time>2026-02-01T17:21:20Z</time>
      </trkpt>
      <trkpt lat="43.201794" lon="-2.558629">
        <ele>599.626</ele>
        <time>2026-02-01T17:21:21Z</time>
      </trkpt>
      <trkpt lat="43.201788" lon="-2.558511">
        <ele>598.409</ele>
        <time>2026-02-01T17:21:22Z</time>
      </trkpt>
      <trkpt lat="43.201784" lon="-2.558401">
        <ele>596.078</ele>
        <time>2026-02-01T17:21:23Z</time>
      </trkpt>
      <trkpt lat="43.201783" lon="-2.558301">
        <ele>593.410</ele>
        <time>2026-02-01T17:21:24Z</time>
      </trkpt>
      <trkpt lat="43.201779" lon="-2.558207">
        <ele>592.615</ele>
        <time>2026-02-01T17:21:25Z</time>
      </trkpt>
      <trkpt lat="43.201767" lon="-2.558117">
        <ele>590.426</ele>
        <time>2026-02-01T17:21:26Z</time>
      </trkpt>
      <trkpt lat="43.201745" lon="-2.558032">
        <ele>589.683</ele>
        <time>2026-02-01T17:21:27Z</time>
      </trkpt>
      <trkpt lat="43.201714" lon="-2.557961">
        <ele>588.218</ele>
        <time>2026-02-01T17:21:28Z</time>
      </trkpt>
      <trkpt lat="43.201671" lon="-2.557911">
        <ele>586.673</ele>
        <time>2026-02-01T17:21:29Z</time>
      </trkpt>
      <trkpt lat="43.201625" lon="-2.557876">
        <ele>585.442</ele>
        <time>2026-02-01T17:21:30Z</time>
      </trkpt>
      <trkpt lat="43.201596" lon="-2.557851">
        <ele>584.431</ele>
        <time>2026-02-01T17:21:31Z</time>
      </trkpt>
      <trkpt lat="43.201580" lon="-2.557835">
        <ele>584.057</ele>
        <time>2026-02-01T17:21:32Z</time>
      </trkpt>
      <trkpt lat="43.201563" lon="-2.557828">
        <ele>583.400</ele>
        <time>2026-02-01T17:21:33Z</time>
      </trkpt>
      <trkpt lat="43.201544" lon="-2.557812">
        <ele>582.820</ele>
        <time>2026-02-01T17:21:34Z</time>
      </trkpt>
      <trkpt lat="43.201519" lon="-2.557783">
        <ele>582.209</ele>
        <time>2026-02-01T17:21:35Z</time>
      </trkpt>
      <trkpt lat="43.201476" lon="-2.557747">
        <ele>581.457</ele>
        <time>2026-02-01T17:21:36Z</time>
      </trkpt>
      <trkpt lat="43.201420" lon="-2.557716">
        <ele>580.419</ele>
        <time>2026-02-01T17:21:37Z</time>
      </trkpt>
      <trkpt lat="43.201361" lon="-2.557687">
        <ele>579.084</ele>
        <time>2026-02-01T17:21:38Z</time>
      </trkpt>
      <trkpt lat="43.201304" lon="-2.557655">
        <ele>577.495</ele>
        <time>2026-02-01T17:21:39Z</time>
      </trkpt>
      <trkpt lat="43.201253" lon="-2.557620">
        <ele>576.242</ele>
        <time>2026-02-01T17:21:40Z</time>
      </trkpt>
      <trkpt lat="43.201211" lon="-2.557568">
        <ele>575.017</ele>
        <time>2026-02-01T17:21:41Z</time>
      </trkpt>
      <trkpt lat="43.201178" lon="-2.557509">
        <ele>573.412</ele>
        <time>2026-02-01T17:21:42Z</time>
      </trkpt>
      <trkpt lat="43.201149" lon="-2.557451">
        <ele>572.051</ele>
        <time>2026-02-01T17:21:43Z</time>
      </trkpt>
      <trkpt lat="43.201117" lon="-2.557394">
        <ele>570.210</ele>
        <time>2026-02-01T17:21:44Z</time>
      </trkpt>
      <trkpt lat="43.201088" lon="-2.557330">
        <ele>568.638</ele>
        <time>2026-02-01T17:21:45Z</time>
      </trkpt>
      <trkpt lat="43.201057" lon="-2.557261">
        <ele>568.270</ele>
        <time>2026-02-01T17:21:46Z</time>
      </trkpt>
      <trkpt lat="43.201026" lon="-2.557189">
        <ele>566.417</ele>
        <time>2026-02-01T17:21:47Z</time>
      </trkpt>
      <trkpt lat="43.200992" lon="-2.557110">
        <ele>564.809</ele>
        <time>2026-02-01T17:21:48Z</time>
      </trkpt>
      <trkpt lat="43.200960" lon="-2.557030">
        <ele>561.865</ele>
        <time>2026-02-01T17:21:49Z</time>
      </trkpt>
      <trkpt lat="43.200929" lon="-2.556947">
        <ele>558.417</ele>
        <time>2026-02-01T17:21:50Z</time>
      </trkpt>
      <trkpt lat="43.200900" lon="-2.556864">
        <ele>556.022</ele>
        <time>2026-02-01T17:21:51Z</time>
      </trkpt>
      <trkpt lat="43.200875" lon="-2.556788">
        <ele>554.643</ele>
        <time>2026-02-01T17:21:52Z</time>
      </trkpt>
      <trkpt lat="43.200849" lon="-2.556713">
        <ele>552.630</ele>
        <time>2026-02-01T17:21:53Z</time>
      </trkpt>
      <trkpt lat="43.200823" lon="-2.556655">
        <ele>551.475</ele>
        <time>2026-02-01T17:21:54Z</time>
      </trkpt>
      <trkpt lat="43.200787" lon="-2.556606">
        <ele>550.640</ele>
        <time>2026-02-01T17:21:55Z</time>
      </trkpt>
      <trkpt lat="43.200745" lon="-2.556576">
        <ele>549.649</ele>
        <time>2026-02-01T17:21:56Z</time>
      </trkpt>
      <trkpt lat="43.200698" lon="-2.556563">
        <ele>548.678</ele>
        <time>2026-02-01T17:21:57Z</time>
      </trkpt>
      <trkpt lat="43.200652" lon="-2.556567">
        <ele>547.485</ele>
        <time>2026-02-01T17:21:58Z</time>
      </trkpt>
      <trkpt lat="43.200612" lon="-2.556588">
        <ele>546.289</ele>
        <time>2026-02-01T17:21:59Z</time>
      </trkpt>
      <trkpt lat="43.200574" lon="-2.556622">
        <ele>544.617</ele>
        <time>2026-02-01T17:22:00Z</time>
      </trkpt>
      <trkpt lat="43.200537" lon="-2.556657">
        <ele>543.409</ele>
        <time>2026-02-01T17:22:01Z</time>
      </trkpt>
      <trkpt lat="43.200496" lon="-2.556693">
        <ele>541.810</ele>
        <time>2026-02-01T17:22:02Z</time>
      </trkpt>
      <trkpt lat="43.200453" lon="-2.556730">
        <ele>540.472</ele>
        <time>2026-02-01T17:22:03Z</time>
      </trkpt>
      <trkpt lat="43.200409" lon="-2.556771">
        <ele>538.897</ele>
        <time>2026-02-01T17:22:04Z</time>
      </trkpt>
      <trkpt lat="43.200365" lon="-2.556814">
        <ele>537.618</ele>
        <time>2026-02-01T17:22:05Z</time>
      </trkpt>
      <trkpt lat="43.200325" lon="-2.556860">
        <ele>536.445</ele>
        <time>2026-02-01T17:22:06Z</time>
      </trkpt>
      <trkpt lat="43.200285" lon="-2.556912">
        <ele>535.260</ele>
        <time>2026-02-01T17:22:07Z</time>
      </trkpt>
      <trkpt lat="43.200245" lon="-2.556969">
        <ele>533.475</ele>
        <time>2026-02-01T17:22:08Z</time>
      </trkpt>
      <trkpt lat="43.200205" lon="-2.557029">
        <ele>532.044</ele>
        <time>2026-02-01T17:22:09Z</time>
      </trkpt>
      <trkpt lat="43.200167" lon="-2.557090">
        <ele>530.213</ele>
        <time>2026-02-01T17:22:10Z</time>
      </trkpt>
      <trkpt lat="43.200132" lon="-2.557153">
        <ele>528.236</ele>
        <time>2026-02-01T17:22:11Z</time>
      </trkpt>
      <trkpt lat="43.200101" lon="-2.557223">
        <ele>526.017</ele>
        <time>2026-02-01T17:22:12Z</time>
      </trkpt>
      <trkpt lat="43.200076" lon="-2.557297">
        <ele>523.218</ele>
        <time>2026-02-01T17:22:13Z</time>
      </trkpt>
      <trkpt lat="43.200049" lon="-2.557366">
        <ele>521.809</ele>
        <time>2026-02-01T17:22:14Z</time>
      </trkpt>
      <trkpt lat="43.200023" lon="-2.557444">
        <ele>521.255</ele>
        <time>2026-02-01T17:22:15Z</time>
      </trkpt>
      <trkpt lat="43.200007" lon="-2.557521">
        <ele>519.227</ele>
        <time>2026-02-01T17:22:16Z</time>
      </trkpt>
      <trkpt lat="43.199998" lon="-2.557601">
        <ele>517.832</ele>
        <time>2026-02-01T17:22:17Z</time>
      </trkpt>
      <trkpt lat="43.199994" lon="-2.557685">
        <ele>516.813</ele>
        <time>2026-02-01T17:22:18Z</time>
      </trkpt>
      <trkpt lat="43.199997" lon="-2.557770">
        <ele>515.410</ele>
        <time>2026-02-01T17:22:19Z</time>
      </trkpt>
      <trkpt lat="43.200006" lon="-2.557845">
        <ele>514.455</ele>
        <time>2026-02-01T17:22:20Z</time>
      </trkpt>
      <trkpt lat="43.200016" lon="-2.557913">
        <ele>513.040</ele>
        <time>2026-02-01T17:22:21Z</time>
      </trkpt>
      <trkpt lat="43.200020" lon="-2.557974">
        <ele>512.059</ele>
        <time>2026-02-01T17:22:22Z</time>
      </trkpt>
      <trkpt lat="43.200006" lon="-2.558029">
        <ele>511.618</ele>
        <time>2026-02-01T17:22:23Z</time>
      </trkpt>
      <trkpt lat="43.199975" lon="-2.558062">
        <ele>510.627</ele>
        <time>2026-02-01T17:22:24Z</time>
      </trkpt>
      <trkpt lat="43.199932" lon="-2.558061">
        <ele>509.868</ele>
        <time>2026-02-01T17:22:25Z</time>
      </trkpt>
      <trkpt lat="43.199899" lon="-2.558018">
        <ele>508.814</ele>
        <time>2026-02-01T17:22:26Z</time>
      </trkpt>
      <trkpt lat="43.199872" lon="-2.557944">
        <ele>507.609</ele>
        <time>2026-02-01T17:22:27Z</time>
      </trkpt>
      <trkpt lat="43.199833" lon="-2.557873">
        <ele>506.224</ele>
        <time>2026-02-01T17:22:28Z</time>
      </trkpt>
      <trkpt lat="43.199795" lon="-2.557800">
        <ele>505.486</ele>
        <time>2026-02-01T17:22:29Z</time>
      </trkpt>
      <trkpt lat="43.199753" lon="-2.557719">
        <ele>504.431</ele>
        <time>2026-02-01T17:22:30Z</time>
      </trkpt>
      <trkpt lat="43.199705" lon="-2.557624">
        <ele>503.212</ele>
        <time>2026-02-01T17:22:31Z</time>
      </trkpt>
      <trkpt lat="43.199655" lon="-2.557518">
        <ele>501.659</ele>
        <time>2026-02-01T17:22:32Z</time>
      </trkpt>
      <trkpt lat="43.199597" lon="-2.557400">
        <ele>499.034</ele>
        <time>2026-02-01T17:22:33Z</time>
      </trkpt>
      <trkpt lat="43.199543" lon="-2.557265">
        <ele>495.259</ele>
        <time>2026-02-01T17:22:34Z</time>
      </trkpt>
      <trkpt lat="43.199492" lon="-2.557119">
        <ele>493.298</ele>
        <time>2026-02-01T17:22:35Z</time>
      </trkpt>
      <trkpt lat="43.199446" lon="-2.556960">
        <ele>492.297</ele>
        <time>2026-02-01T17:22:36Z</time>
      </trkpt>
      <trkpt lat="43.199405" lon="-2.556810">
        <ele>490.214</ele>
        <time>2026-02-01T17:22:37Z</time>
      </trkpt>
      <trkpt lat="43.199376" lon="-2.556676">
        <ele>489.054</ele>
        <time>2026-02-01T17:22:38Z</time>
      </trkpt>
      <trkpt lat="43.199355" lon="-2.556563">
        <ele>488.609</ele>
        <time>2026-02-01T17:22:39Z</time>
      </trkpt>
      <trkpt lat="43.199332" lon="-2.556471">
        <ele>488.609</ele>
        <time>2026-02-01T17:22:40Z</time>
      </trkpt>
      <trkpt lat="43.199304" lon="-2.556398">
        <ele>487.873</ele>
        <time>2026-02-01T17:22:41Z</time>
      </trkpt>
      <trkpt lat="43.199265" lon="-2.556328">
        <ele>487.695</ele>
        <time>2026-02-01T17:22:42Z</time>
      </trkpt>
      <trkpt lat="43.199220" lon="-2.556266">
        <ele>486.850</ele>
        <time>2026-02-01T17:22:43Z</time>
      </trkpt>
      <trkpt lat="43.199174" lon="-2.556214">
        <ele>486.071</ele>
        <time>2026-02-01T17:22:44Z</time>
      </trkpt>
      <trkpt lat="43.199125" lon="-2.556177">
        <ele>485.218</ele>
        <time>2026-02-01T17:22:45Z</time>
      </trkpt>
      <trkpt lat="43.199077" lon="-2.556148">
        <ele>484.043</ele>
        <time>2026-02-01T17:22:46Z</time>
      </trkpt>
      <trkpt lat="43.199027" lon="-2.556126">
        <ele>482.678</ele>
        <time>2026-02-01T17:22:47Z</time>
      </trkpt>
      <trkpt lat="43.198974" lon="-2.556105">
        <ele>481.047</ele>
        <time>2026-02-01T17:22:48Z</time>
      </trkpt>
      <trkpt lat="43.198919" lon="-2.556085">
        <ele>479.236</ele>
        <time>2026-02-01T17:22:49Z</time>
      </trkpt>
      <trkpt lat="43.198865" lon="-2.556062">
        <ele>477.253</ele>
        <time>2026-02-01T17:22:50Z</time>
      </trkpt>
      <trkpt lat="43.198813" lon="-2.556029">
        <ele>475.404</ele>
        <time>2026-02-01T17:22:51Z</time>
      </trkpt>
      <trkpt lat="43.198766" lon="-2.555988">
        <ele>474.014</ele>
        <time>2026-02-01T17:22:52Z</time>
      </trkpt>
      <trkpt lat="43.198725" lon="-2.555937">
        <ele>473.009</ele>
        <time>2026-02-01T17:22:53Z</time>
      </trkpt>
      <trkpt lat="43.198686" lon="-2.555881">
        <ele>471.227</ele>
        <time>2026-02-01T17:22:54Z</time>
      </trkpt>
      <trkpt lat="43.198644" lon="-2.555818">
        <ele>470.499</ele>
        <time>2026-02-01T17:22:55Z</time>
      </trkpt>
      <trkpt lat="43.198598" lon="-2.555754">
        <ele>468.054</ele>
        <time>2026-02-01T17:22:56Z</time>
      </trkpt>
      <trkpt lat="43.198551" lon="-2.555684">
        <ele>465.635</ele>
        <time>2026-02-01T17:22:57Z</time>
      </trkpt>
      <trkpt lat="43.198505" lon="-2.555612">
        <ele>463.462</ele>
        <time>2026-02-01T17:22:58Z</time>
      </trkpt>
      <trkpt lat="43.198465" lon="-2.555544">
        <ele>461.277</ele>
        <time>2026-02-01T17:22:59Z</time>
      </trkpt>
      <trkpt lat="43.198434" lon="-2.555478">
        <ele>460.032</ele>
        <time>2026-02-01T17:23:00Z</time>
      </trkpt>
      <trkpt lat="43.198408" lon="-2.555403">
        <ele>458.871</ele>
        <time>2026-02-01T17:23:01Z</time>
      </trkpt>
      <trkpt lat="43.198388" lon="-2.555325">
        <ele>457.640</ele>
        <time>2026-02-01T17:23:02Z</time>
      </trkpt>
      <trkpt lat="43.198373" lon="-2.555244">
        <ele>456.446</ele>
        <time>2026-02-01T17:23:03Z</time>
      </trkpt>
      <trkpt lat="43.198359" lon="-2.555166">
        <ele>455.288</ele>
        <time>2026-02-01T17:23:04Z</time>
      </trkpt>
      <trkpt lat="43.198346" lon="-2.555084">
        <ele>454.016</ele>
        <time>2026-02-01T17:23:05Z</time>
      </trkpt>
      <trkpt lat="43.198345" lon="-2.554997">
        <ele>452.409</ele>
        <time>2026-02-01T17:23:06Z</time>
      </trkpt>
      <trkpt lat="43.198347" lon="-2.554904">
        <ele>451.286</ele>
        <time>2026-02-01T17:23:07Z</time>
      </trkpt>
      <trkpt lat="43.198353" lon="-2.554814">
        <ele>449.478</ele>
        <time>2026-02-01T17:23:08Z</time>
      </trkpt>
      <trkpt lat="43.198358" lon="-2.554732">
        <ele>447.433</ele>
        <time>2026-02-01T17:23:09Z</time>
      </trkpt>
      <trkpt lat="43.198358" lon="-2.554661">
        <ele>445.824</ele>
        <time>2026-02-01T17:23:10Z</time>
      </trkpt>
      <trkpt lat="43.198352" lon="-2.554610">
        <ele>444.451</ele>
        <time>2026-02-01T17:23:11Z</time>
      </trkpt>
      <trkpt lat="43.198351" lon="-2.554578">
        <ele>443.866</ele>
        <time>2026-02-01T17:23:12Z</time>
      </trkpt>
      <trkpt lat="43.198358" lon="-2.554552">
        <ele>443.241</ele>
        <time>2026-02-01T17:23:13Z</time>
      </trkpt>
      <trkpt lat="43.198376" lon="-2.554521">
        <ele>442.650</ele>
        <time>2026-02-01T17:23:14Z</time>
      </trkpt>
      <trkpt lat="43.198396" lon="-2.554480">
        <ele>442.039</ele>
        <time>2026-02-01T17:23:15Z</time>
      </trkpt>
      <trkpt lat="43.198419" lon="-2.554431">
        <ele>441.463</ele>
        <time>2026-02-01T17:23:16Z</time>
      </trkpt>
      <trkpt lat="43.198447" lon="-2.554367">
        <ele>440.644</ele>
        <time>2026-02-01T17:23:17Z</time>
      </trkpt>
      <trkpt lat="43.198472" lon="-2.554305">
        <ele>439.618</ele>
        <time>2026-02-01T17:23:18Z</time>
      </trkpt>
      <trkpt lat="43.198500" lon="-2.554244">
        <ele>438.609</ele>
        <time>2026-02-01T17:23:19Z</time>
      </trkpt>
      <trkpt lat="43.198529" lon="-2.554179">
        <ele>437.648</ele>
        <time>2026-02-01T17:23:20Z</time>
      </trkpt>
      <trkpt lat="43.198553" lon="-2.554114">
        <ele>436.650</ele>
        <time>2026-02-01T17:23:21Z</time>
      </trkpt>
      <trkpt lat="43.198576" lon="-2.554047">
        <ele>435.455</ele>
        <time>2026-02-01T17:23:22Z</time>
      </trkpt>
      <trkpt lat="43.198596" lon="-2.553984">
        <ele>434.616</ele>
        <time>2026-02-01T17:23:23Z</time>
      </trkpt>
      <trkpt lat="43.198617" lon="-2.553920">
        <ele>433.433</ele>
        <time>2026-02-01T17:23:24Z</time>
      </trkpt>
      <trkpt lat="43.198633" lon="-2.553861">
        <ele>432.078</ele>
        <time>2026-02-01T17:23:25Z</time>
      </trkpt>
      <trkpt lat="43.198639" lon="-2.553807">
        <ele>430.663</ele>
        <time>2026-02-01T17:23:26Z</time>
      </trkpt>
      <trkpt lat="43.198641" lon="-2.553750">
        <ele>429.232</ele>
        <time>2026-02-01T17:23:27Z</time>
      </trkpt>
      <trkpt lat="43.198642" lon="-2.553691">
        <ele>428.691</ele>
        <time>2026-02-01T17:23:28Z</time>
      </trkpt>
      <trkpt lat="43.198668" lon="-2.553630">
        <ele>427.833</ele>
        <time>2026-02-01T17:23:29Z</time>
      </trkpt>
      <trkpt lat="43.198706" lon="-2.553573">
        <ele>426.423</ele>
        <time>2026-02-01T17:23:30Z</time>
      </trkpt>
      <trkpt lat="43.198741" lon="-2.553508">
        <ele>425.015</ele>
        <time>2026-02-01T17:23:31Z</time>
      </trkpt>
      <trkpt lat="43.198769" lon="-2.553442">
        <ele>424.009</ele>
        <time>2026-02-01T17:23:32Z</time>
      </trkpt>
      <trkpt lat="43.198795" lon="-2.553380">
        <ele>423.045</ele>
        <time>2026-02-01T17:23:33Z</time>
      </trkpt>
      <trkpt lat="43.198819" lon="-2.553342">
        <ele>422.017</ele>
        <time>2026-02-01T17:23:34Z</time>
      </trkpt>
      <trkpt lat="43.198833" lon="-2.553313">
        <ele>421.422</ele>
        <time>2026-02-01T17:23:35Z</time>
      </trkpt>
      <trkpt lat="43.198842" lon="-2.553289">
        <ele>421.273</ele>
        <time>2026-02-01T17:23:36Z</time>
      </trkpt>
      <trkpt lat="43.198848" lon="-2.553247">
        <ele>421.270</ele>
        <time>2026-02-01T17:23:37Z</time>
      </trkpt>
      <trkpt lat="43.198854" lon="-2.553212">
        <ele>421.235</ele>
        <time>2026-02-01T17:23:38Z</time>
      </trkpt>
      <trkpt lat="43.198867" lon="-2.553175">
        <ele>421.260</ele>
        <time>2026-02-01T17:23:39Z</time>
      </trkpt>
      <trkpt lat="43.198885" lon="-2.553149">
        <ele>421.299</ele>
        <time>2026-02-01T17:23:40Z</time>
      </trkpt>
      <trkpt lat="43.198915" lon="-2.553129">
        <ele>421.058</ele>
        <time>2026-02-01T17:23:41Z</time>
      </trkpt>
      <trkpt lat="43.198948" lon="-2.553116">
        <ele>421.031</ele>
        <time>2026-02-01T17:23:42Z</time>
      </trkpt>
      <trkpt lat="43.198988" lon="-2.553104">
        <ele>420.861</ele>
        <time>2026-02-01T17:23:43Z</time>
      </trkpt>
      <trkpt lat="43.199028" lon="-2.553094">
        <ele>420.807</ele>
        <time>2026-02-01T17:23:44Z</time>
      </trkpt>
      <trkpt lat="43.199069" lon="-2.553083">
        <ele>420.809</ele>
        <time>2026-02-01T17:23:45Z</time>
      </trkpt>
      <trkpt lat="43.199114" lon="-2.553075">
        <ele>420.875</ele>
        <time>2026-02-01T17:23:46Z</time>
      </trkpt>
      <trkpt lat="43.199153" lon="-2.553071">
        <ele>420.897</ele>
        <time>2026-02-01T17:23:47Z</time>
      </trkpt>
      <trkpt lat="43.199195" lon="-2.553066">
        <ele>420.832</ele>
        <time>2026-02-01T17:23:48Z</time>
      </trkpt>
      <trkpt lat="43.199239" lon="-2.553061">
        <ele>420.653</ele>
        <time>2026-02-01T17:23:49Z</time>
      </trkpt>
      <trkpt lat="43.199284" lon="-2.553058">
        <ele>420.670</ele>
        <time>2026-02-01T17:23:50Z</time>
      </trkpt>
      <trkpt lat="43.199328" lon="-2.553055">
        <ele>420.615</ele>
        <time>2026-02-01T17:23:51Z</time>
      </trkpt>
      <trkpt lat="43.199371" lon="-2.553053">
        <ele>420.450</ele>
        <time>2026-02-01T17:23:52Z</time>
      </trkpt>
      <trkpt lat="43.199414" lon="-2.553045">
        <ele>420.459</ele>
        <time>2026-02-01T17:23:53Z</time>
      </trkpt>
      <trkpt lat="43.199455" lon="-2.553041">
        <ele>420.268</ele>
        <time>2026-02-01T17:23:54Z</time>
      </trkpt>
      <trkpt lat="43.199502" lon="-2.553034">
        <ele>420.251</ele>
        <time>2026-02-01T17:23:55Z</time>
      </trkpt>
      <trkpt lat="43.199545" lon="-2.553031">
        <ele>420.001</ele>
        <time>2026-02-01T17:23:56Z</time>
      </trkpt>
      <trkpt lat="43.199591" lon="-2.553025">
        <ele>420.011</ele>
        <time>2026-02-01T17:23:57Z</time>
      </trkpt>
      <trkpt lat="43.199639" lon="-2.553017">
        <ele>420.009</ele>
        <time>2026-02-01T17:23:58Z</time>
      </trkpt>
      <trkpt lat="43.199686" lon="-2.553012">
        <ele>419.817</ele>
        <time>2026-02-01T17:23:59Z</time>
      </trkpt>
      <trkpt lat="43.199733" lon="-2.553007">
        <ele>419.839</ele>
        <time>2026-02-01T17:24:00Z</time>
      </trkpt>
      <trkpt lat="43.199779" lon="-2.553003">
        <ele>419.854</ele>
        <time>2026-02-01T17:24:01Z</time>
      </trkpt>
      <trkpt lat="43.199823" lon="-2.553001">
        <ele>419.845</ele>
        <time>2026-02-01T17:24:02Z</time>
      </trkpt>
      <trkpt lat="43.199868" lon="-2.552998">
        <ele>419.862</ele>
        <time>2026-02-01T17:24:03Z</time>
      </trkpt>
      <trkpt lat="43.199916" lon="-2.552994">
        <ele>419.887</ele>
        <time>2026-02-01T17:24:04Z</time>
      </trkpt>
      <trkpt lat="43.199962" lon="-2.552986">
        <ele>419.842</ele>
        <time>2026-02-01T17:24:05Z</time>
      </trkpt>
      <trkpt lat="43.200008" lon="-2.552978">
        <ele>420.011</ele>
        <time>2026-02-01T17:24:06Z</time>
      </trkpt>
      <trkpt lat="43.200054" lon="-2.552974">
        <ele>419.890</ele>
        <time>2026-02-01T17:24:07Z</time>
      </trkpt>
      <trkpt lat="43.200097" lon="-2.552965">
        <ele>420.031</ele>
        <time>2026-02-01T17:24:08Z</time>
      </trkpt>
      <trkpt lat="43.200142" lon="-2.552961">
        <ele>420.061</ele>
        <time>2026-02-01T17:24:09Z</time>
      </trkpt>
      <trkpt lat="43.200188" lon="-2.552956">
        <ele>420.007</ele>
        <time>2026-02-01T17:24:10Z</time>
      </trkpt>
      <trkpt lat="43.200231" lon="-2.552945">
        <ele>420.009</ele>
        <time>2026-02-01T17:24:11Z</time>
      </trkpt>
      <trkpt lat="43.200276" lon="-2.552939">
        <ele>420.045</ele>
        <time>2026-02-01T17:24:12Z</time>
      </trkpt>
      <trkpt lat="43.200323" lon="-2.552940">
        <ele>420.097</ele>
        <time>2026-02-01T17:24:13Z</time>
      </trkpt>
      <trkpt lat="43.200379" lon="-2.552935">
        <ele>420.242</ele>
        <time>2026-02-01T17:24:14Z</time>
      </trkpt>
      <trkpt lat="43.200428" lon="-2.552933">
        <ele>420.243</ele>
        <time>2026-02-01T17:24:15Z</time>
      </trkpt>
      <trkpt lat="43.200481" lon="-2.552929">
        <ele>420.230</ele>
        <time>2026-02-01T17:24:16Z</time>
      </trkpt>
      <trkpt lat="43.200535" lon="-2.552927">
        <ele>420.295</ele>
        <time>2026-02-01T17:24:17Z</time>
      </trkpt>
      <trkpt lat="43.200587" lon="-2.552929">
        <ele>420.280</ele>
        <time>2026-02-01T17:24:18Z</time>
      </trkpt>
      <trkpt lat="43.200638" lon="-2.552932">
        <ele>420.069</ele>
        <time>2026-02-01T17:24:19Z</time>
      </trkpt>
      <trkpt lat="43.200694" lon="-2.552935">
        <ele>419.838</ele>
        <time>2026-02-01T17:24:20Z</time>
      </trkpt>
      <trkpt lat="43.200751" lon="-2.552940">
        <ele>419.649</ele>
        <time>2026-02-01T17:24:21Z</time>
      </trkpt>
      <trkpt lat="43.200809" lon="-2.552948">
        <ele>419.602</ele>
        <time>2026-02-01T17:24:22Z</time>
      </trkpt>
      <trkpt lat="43.200868" lon="-2.552957">
        <ele>419.622</ele>
        <time>2026-02-01T17:24:23Z</time>
      </trkpt>
      <trkpt lat="43.200927" lon="-2.552970">
        <ele>419.609</ele>
        <time>2026-02-01T17:24:24Z</time>
      </trkpt>
      <trkpt lat="43.200984" lon="-2.552979">
        <ele>420.076</ele>
        <time>2026-02-01T17:24:25Z</time>
      </trkpt>
      <trkpt lat="43.201046" lon="-2.552998">
        <ele>420.278</ele>
        <time>2026-02-01T17:24:26Z</time>
      </trkpt>
      <trkpt lat="43.201105" lon="-2.553020">
        <ele>420.043</ele>
        <time>2026-02-01T17:24:27Z</time>
      </trkpt>
      <trkpt lat="43.201165" lon="-2.553039">
        <ele>419.674</ele>
        <time>2026-02-01T17:24:28Z</time>
      </trkpt>
      <trkpt lat="43.201227" lon="-2.553061">
        <ele>419.281</ele>
        <time>2026-02-01T17:24:29Z</time>
      </trkpt>
      <trkpt lat="43.201287" lon="-2.553089">
        <ele>418.836</ele>
        <time>2026-02-01T17:24:30Z</time>
      </trkpt>
      <trkpt lat="43.201350" lon="-2.553121">
        <ele>418.471</ele>
        <time>2026-02-01T17:24:31Z</time>
      </trkpt>
      <trkpt lat="43.201414" lon="-2.553153">
        <ele>418.240</ele>
        <time>2026-02-01T17:24:32Z</time>
      </trkpt>
      <trkpt lat="43.201474" lon="-2.553190">
        <ele>418.419</ele>
        <time>2026-02-01T17:24:33Z</time>
      </trkpt>
      <trkpt lat="43.201533" lon="-2.553232">
        <ele>418.015</ele>
        <time>2026-02-01T17:24:34Z</time>
      </trkpt>
      <trkpt lat="43.201592" lon="-2.553275">
        <ele>417.665</ele>
        <time>2026-02-01T17:24:35Z</time>
      </trkpt>
      <trkpt lat="43.201653" lon="-2.553324">
        <ele>417.011</ele>
        <time>2026-02-01T17:24:36Z</time>
      </trkpt>
      <trkpt lat="43.201713" lon="-2.553377">
        <ele>416.409</ele>
        <time>2026-02-01T17:24:37Z</time>
      </trkpt>
      <trkpt lat="43.201778" lon="-2.553429">
        <ele>416.023</ele>
        <time>2026-02-01T17:24:38Z</time>
      </trkpt>
      <trkpt lat="43.201839" lon="-2.553480">
        <ele>415.635</ele>
        <time>2026-02-01T17:24:39Z</time>
      </trkpt>
      <trkpt lat="43.201905" lon="-2.553533">
        <ele>415.240</ele>
        <time>2026-02-01T17:24:40Z</time>
      </trkpt>
      <trkpt lat="43.201971" lon="-2.553585">
        <ele>415.081</ele>
        <time>2026-02-01T17:24:41Z</time>
      </trkpt>
      <trkpt lat="43.202035" lon="-2.553636">
        <ele>414.878</ele>
        <time>2026-02-01T17:24:42Z</time>
      </trkpt>
      <trkpt lat="43.202102" lon="-2.553686">
        <ele>414.493</ele>
        <time>2026-02-01T17:24:43Z</time>
      </trkpt>
      <trkpt lat="43.202171" lon="-2.553728">
        <ele>414.298</ele>
        <time>2026-02-01T17:24:44Z</time>
      </trkpt>
      <trkpt lat="43.202241" lon="-2.553767">
        <ele>414.017</ele>
        <time>2026-02-01T17:24:45Z</time>
      </trkpt>
      <trkpt lat="43.202314" lon="-2.553800">
        <ele>413.616</ele>
        <time>2026-02-01T17:24:46Z</time>
      </trkpt>
      <trkpt lat="43.202389" lon="-2.553828">
        <ele>413.064</ele>
        <time>2026-02-01T17:24:47Z</time>
      </trkpt>
      <trkpt lat="43.202470" lon="-2.553848">
        <ele>412.206</ele>
        <time>2026-02-01T17:24:48Z</time>
      </trkpt>
      <trkpt lat="43.202552" lon="-2.553861">
        <ele>411.816</ele>
        <time>2026-02-01T17:24:49Z</time>
      </trkpt>
      <trkpt lat="43.202635" lon="-2.553869">
        <ele>411.209</ele>
        <time>2026-02-01T17:24:50Z</time>
      </trkpt>
      <trkpt lat="43.202717" lon="-2.553865">
        <ele>410.678</ele>
        <time>2026-02-01T17:24:51Z</time>
      </trkpt>
      <trkpt lat="43.202799" lon="-2.553854">
        <ele>409.850</ele>
        <time>2026-02-01T17:24:52Z</time>
      </trkpt>
      <trkpt lat="43.202883" lon="-2.553836">
        <ele>409.445</ele>
        <time>2026-02-01T17:24:53Z</time>
      </trkpt>
      <trkpt lat="43.202967" lon="-2.553814">
        <ele>409.026</ele>
        <time>2026-02-01T17:24:54Z</time>
      </trkpt>
      <trkpt lat="43.203048" lon="-2.553781">
        <ele>408.673</ele>
        <time>2026-02-01T17:24:55Z</time>
      </trkpt>
      <trkpt lat="43.203126" lon="-2.553741">
        <ele>408.468</ele>
        <time>2026-02-01T17:24:56Z</time>
      </trkpt>
      <trkpt lat="43.203203" lon="-2.553691">
        <ele>408.473</ele>
        <time>2026-02-01T17:24:57Z</time>
      </trkpt>
      <trkpt lat="43.203274" lon="-2.553635">
        <ele>408.422</ele>
        <time>2026-02-01T17:24:58Z</time>
      </trkpt>
      <trkpt lat="43.203341" lon="-2.553576">
        <ele>408.441</ele>
        <time>2026-02-01T17:24:59Z</time>
      </trkpt>
      <trkpt lat="43.203405" lon="-2.553513">
        <ele>408.654</ele>
        <time>2026-02-01T17:25:00Z</time>
      </trkpt>
      <trkpt lat="43.203465" lon="-2.553446">
        <ele>408.656</ele>
        <time>2026-02-01T17:25:01Z</time>
      </trkpt>
      <trkpt lat="43.203521" lon="-2.553375">
        <ele>408.611</ele>
        <time>2026-02-01T17:25:02Z</time>
      </trkpt>
      <trkpt lat="43.203577" lon="-2.553299">
        <ele>408.609</ele>
        <time>2026-02-01T17:25:03Z</time>
      </trkpt>
      <trkpt lat="43.203625" lon="-2.553220">
        <ele>408.867</ele>
        <time>2026-02-01T17:25:04Z</time>
      </trkpt>
      <trkpt lat="43.203666" lon="-2.553144">
        <ele>408.879</ele>
        <time>2026-02-01T17:25:05Z</time>
      </trkpt>
      <trkpt lat="43.203703" lon="-2.553070">
        <ele>409.294</ele>
        <time>2026-02-01T17:25:06Z</time>
      </trkpt>
      <trkpt lat="43.203737" lon="-2.553007">
        <ele>409.625</ele>
        <time>2026-02-01T17:25:07Z</time>
      </trkpt>
      <trkpt lat="43.203764" lon="-2.552947">
        <ele>409.882</ele>
        <time>2026-02-01T17:25:08Z</time>
      </trkpt>
      <trkpt lat="43.203789" lon="-2.552879">
        <ele>410.487</ele>
        <time>2026-02-01T17:25:09Z</time>
      </trkpt>
      <trkpt lat="43.203811" lon="-2.552813">
        <ele>410.642</ele>
        <time>2026-02-01T17:25:10Z</time>
      </trkpt>
      <trkpt lat="43.203830" lon="-2.552751">
        <ele>410.871</ele>
        <time>2026-02-01T17:25:11Z</time>
      </trkpt>
      <trkpt lat="43.203846" lon="-2.552688">
        <ele>411.020</ele>
        <time>2026-02-01T17:25:12Z</time>
      </trkpt>
      <trkpt lat="43.203863" lon="-2.552628">
        <ele>411.416</ele>
        <time>2026-02-01T17:25:13Z</time>
      </trkpt>
      <trkpt lat="43.203878" lon="-2.552566">
        <ele>411.676</ele>
        <time>2026-02-01T17:25:14Z</time>
      </trkpt>
      <trkpt lat="43.203890" lon="-2.552507">
        <ele>411.813</ele>
        <time>2026-02-01T17:25:15Z</time>
      </trkpt>
      <trkpt lat="43.203902" lon="-2.552450">
        <ele>412.209</ele>
        <time>2026-02-01T17:25:16Z</time>
      </trkpt>
      <trkpt lat="43.203914" lon="-2.552390">
        <ele>412.693</ele>
        <time>2026-02-01T17:25:17Z</time>
      </trkpt>
      <trkpt lat="43.203926" lon="-2.552328">
        <ele>412.885</ele>
        <time>2026-02-01T17:25:18Z</time>
      </trkpt>
      <trkpt lat="43.203937" lon="-2.552269">
        <ele>413.030</ele>
        <time>2026-02-01T17:25:19Z</time>
      </trkpt>
      <trkpt lat="43.203950" lon="-2.552212">
        <ele>413.281</ele>
        <time>2026-02-01T17:25:20Z</time>
      </trkpt>
      <trkpt lat="43.203961" lon="-2.552155">
        <ele>413.458</ele>
        <time>2026-02-01T17:25:21Z</time>
      </trkpt>
      <trkpt lat="43.203972" lon="-2.552102">
        <ele>413.693</ele>
        <time>2026-02-01T17:25:22Z</time>
      </trkpt>
      <trkpt lat="43.203985" lon="-2.552049">
        <ele>413.858</ele>
        <time>2026-02-01T17:25:23Z</time>
      </trkpt>
      <trkpt lat="43.203998" lon="-2.551996">
        <ele>414.037</ele>
        <time>2026-02-01T17:25:24Z</time>
      </trkpt>
      <trkpt lat="43.204010" lon="-2.551943">
        <ele>414.276</ele>
        <time>2026-02-01T17:25:25Z</time>
      </trkpt>
      <trkpt lat="43.204022" lon="-2.551890">
        <ele>414.425</ele>
        <time>2026-02-01T17:25:26Z</time>
      </trkpt>
      <trkpt lat="43.204037" lon="-2.551840">
        <ele>414.626</ele>
        <time>2026-02-01T17:25:27Z</time>
      </trkpt>
      <trkpt lat="43.204053" lon="-2.551791">
        <ele>414.808</ele>
        <time>2026-02-01T17:25:28Z</time>
      </trkpt>
      <trkpt lat="43.204068" lon="-2.551738">
        <ele>414.809</ele>
        <time>2026-02-01T17:25:29Z</time>
      </trkpt>
      <trkpt lat="43.204082" lon="-2.551691">
        <ele>415.044</ele>
        <time>2026-02-01T17:25:30Z</time>
      </trkpt>
      <trkpt lat="43.204100" lon="-2.551644">
        <ele>415.086</ele>
        <time>2026-02-01T17:25:31Z</time>
      </trkpt>
      <trkpt lat="43.204121" lon="-2.551594">
        <ele>415.251</ele>
        <time>2026-02-01T17:25:32Z</time>
      </trkpt>
      <trkpt lat="43.204140" lon="-2.551545">
        <ele>415.272</ele>
        <time>2026-02-01T17:25:33Z</time>
      </trkpt>
      <trkpt lat="43.204162" lon="-2.551495">
        <ele>415.439</ele>
        <time>2026-02-01T17:25:34Z</time>
      </trkpt>
      <trkpt lat="43.204182" lon="-2.551449">
        <ele>415.694</ele>
        <time>2026-02-01T17:25:35Z</time>
      </trkpt>
      <trkpt lat="43.204206" lon="-2.551401">
        <ele>415.819</ele>
        <time>2026-02-01T17:25:36Z</time>
      </trkpt>
      <trkpt lat="43.204234" lon="-2.551354">
        <ele>415.848</ele>
        <time>2026-02-01T17:25:37Z</time>
      </trkpt>
      <trkpt lat="43.204264" lon="-2.551313">
        <ele>416.057</ele>
        <time>2026-02-01T17:25:38Z</time>
      </trkpt>
      <trkpt lat="43.204298" lon="-2.551268">
        <ele>416.034</ele>
        <time>2026-02-01T17:25:39Z</time>
      </trkpt>
      <trkpt lat="43.204330" lon="-2.551225">
        <ele>416.255</ele>
        <time>2026-02-01T17:25:40Z</time>
      </trkpt>
      <trkpt lat="43.204363" lon="-2.551187">
        <ele>416.410</ele>
        <time>2026-02-01T17:25:41Z</time>
      </trkpt>
      <trkpt lat="43.204396" lon="-2.551148">
        <ele>416.409</ele>
        <time>2026-02-01T17:25:42Z</time>
      </trkpt>
      <trkpt lat="43.204429" lon="-2.551111">
        <ele>416.625</ele>
        <time>2026-02-01T17:25:43Z</time>
      </trkpt>
      <trkpt lat="43.204466" lon="-2.551079">
        <ele>416.867</ele>
        <time>2026-02-01T17:25:44Z</time>
      </trkpt>
      <trkpt lat="43.204504" lon="-2.551048">
        <ele>417.092</ele>
        <time>2026-02-01T17:25:45Z</time>
      </trkpt>
      <trkpt lat="43.204545" lon="-2.551021">
        <ele>417.093</ele>
        <time>2026-02-01T17:25:46Z</time>
      </trkpt>
      <trkpt lat="43.204585" lon="-2.550994">
        <ele>417.270</ele>
        <time>2026-02-01T17:25:47Z</time>
      </trkpt>
      <trkpt lat="43.204624" lon="-2.550965">
        <ele>417.275</ele>
        <time>2026-02-01T17:25:48Z</time>
      </trkpt>
      <trkpt lat="43.204664" lon="-2.550940">
        <ele>417.260</ele>
        <time>2026-02-01T17:25:49Z</time>
      </trkpt>
      <trkpt lat="43.204707" lon="-2.550914">
        <ele>417.289</ele>
        <time>2026-02-01T17:25:50Z</time>
      </trkpt>
      <trkpt lat="43.204751" lon="-2.550897">
        <ele>417.288</ele>
        <time>2026-02-01T17:25:51Z</time>
      </trkpt>
      <trkpt lat="43.204795" lon="-2.550879">
        <ele>417.212</ele>
        <time>2026-02-01T17:25:52Z</time>
      </trkpt>
      <trkpt lat="43.204842" lon="-2.550866">
        <ele>417.432</ele>
        <time>2026-02-01T17:25:53Z</time>
      </trkpt>
      <trkpt lat="43.204891" lon="-2.550853">
        <ele>417.205</ele>
        <time>2026-02-01T17:25:54Z</time>
      </trkpt>
      <trkpt lat="43.204940" lon="-2.550841">
        <ele>417.209</ele>
        <time>2026-02-01T17:25:55Z</time>
      </trkpt>
      <trkpt lat="43.204991" lon="-2.550836">
        <ele>417.083</ele>
        <time>2026-02-01T17:25:56Z</time>
      </trkpt>
      <trkpt lat="43.205040" lon="-2.550833">
        <ele>417.065</ele>
        <time>2026-02-01T17:25:57Z</time>
      </trkpt>
      <trkpt lat="43.205087" lon="-2.550832">
        <ele>417.010</ele>
        <time>2026-02-01T17:25:58Z</time>
      </trkpt>
      <trkpt lat="43.205138" lon="-2.550828">
        <ele>417.031</ele>
        <time>2026-02-01T17:25:59Z</time>
      </trkpt>
      <trkpt lat="43.205186" lon="-2.550830">
        <ele>417.068</ele>
        <time>2026-02-01T17:26:00Z</time>
      </trkpt>
      <trkpt lat="43.205235" lon="-2.550832">
        <ele>417.053</ele>
        <time>2026-02-01T17:26:01Z</time>
      </trkpt>
      <trkpt lat="43.205283" lon="-2.550836">
        <ele>417.058</ele>
        <time>2026-02-01T17:26:02Z</time>
      </trkpt>
      <trkpt lat="43.205332" lon="-2.550848">
        <ele>417.087</ele>
        <time>2026-02-01T17:26:03Z</time>
      </trkpt>
      <trkpt lat="43.205382" lon="-2.550863">
        <ele>417.066</ele>
        <time>2026-02-01T17:26:04Z</time>
      </trkpt>
      <trkpt lat="43.205431" lon="-2.550879">
        <ele>416.847</ele>
        <time>2026-02-01T17:26:05Z</time>
      </trkpt>
      <trkpt lat="43.205481" lon="-2.550896">
        <ele>416.829</ele>
        <time>2026-02-01T17:26:06Z</time>
      </trkpt>
      <trkpt lat="43.205529" lon="-2.550918">
        <ele>416.621</ele>
        <time>2026-02-01T17:26:07Z</time>
      </trkpt>
      <trkpt lat="43.205579" lon="-2.550944">
        <ele>416.609</ele>
        <time>2026-02-01T17:26:08Z</time>
      </trkpt>
      <trkpt lat="43.205628" lon="-2.550975">
        <ele>416.666</ele>
        <time>2026-02-01T17:26:09Z</time>
      </trkpt>
      <trkpt lat="43.205675" lon="-2.551009">
        <ele>416.668</ele>
        <time>2026-02-01T17:26:10Z</time>
      </trkpt>
      <trkpt lat="43.205725" lon="-2.551048">
        <ele>416.423</ele>
        <time>2026-02-01T17:26:11Z</time>
      </trkpt>
      <trkpt lat="43.205774" lon="-2.551083">
        <ele>416.284</ele>
        <time>2026-02-01T17:26:12Z</time>
      </trkpt>
      <trkpt lat="43.205820" lon="-2.551122">
        <ele>416.061</ele>
        <time>2026-02-01T17:26:13Z</time>
      </trkpt>
      <trkpt lat="43.205864" lon="-2.551166">
        <ele>415.886</ele>
        <time>2026-02-01T17:26:14Z</time>
      </trkpt>
      <trkpt lat="43.205911" lon="-2.551211">
        <ele>415.641</ele>
        <time>2026-02-01T17:26:15Z</time>
      </trkpt>
      <trkpt lat="43.205957" lon="-2.551256">
        <ele>415.420</ele>
        <time>2026-02-01T17:26:16Z</time>
      </trkpt>
      <trkpt lat="43.205999" lon="-2.551303">
        <ele>415.429</ele>
        <time>2026-02-01T17:26:17Z</time>
      </trkpt>
      <trkpt lat="43.206041" lon="-2.551350">
        <ele>415.219</ele>
        <time>2026-02-01T17:26:18Z</time>
      </trkpt>
      <trkpt lat="43.206085" lon="-2.551394">
        <ele>415.009</ele>
        <time>2026-02-01T17:26:19Z</time>
      </trkpt>
      <trkpt lat="43.206130" lon="-2.551441">
        <ele>414.819</ele>
        <time>2026-02-01T17:26:20Z</time>
      </trkpt>
      <trkpt lat="43.206173" lon="-2.551491">
        <ele>414.409</ele>
        <time>2026-02-01T17:26:21Z</time>
      </trkpt>
      <trkpt lat="43.206220" lon="-2.551540">
        <ele>414.073</ele>
        <time>2026-02-01T17:26:22Z</time>
      </trkpt>
      <trkpt lat="43.206264" lon="-2.551588">
        <ele>413.815</ele>
        <time>2026-02-01T17:26:23Z</time>
      </trkpt>
      <trkpt lat="43.206309" lon="-2.551638">
        <ele>413.620</ele>
        <time>2026-02-01T17:26:24Z</time>
      </trkpt>
      <trkpt lat="43.206358" lon="-2.551688">
        <ele>413.421</ele>
        <time>2026-02-01T17:26:25Z</time>
      </trkpt>
      <trkpt lat="43.206409" lon="-2.551736">
        <ele>413.038</ele>
        <time>2026-02-01T17:26:26Z</time>
      </trkpt>
      <trkpt lat="43.206460" lon="-2.551783">
        <ele>412.863</ele>
        <time>2026-02-01T17:26:27Z</time>
      </trkpt>
      <trkpt lat="43.206511" lon="-2.551829">
        <ele>412.488</ele>
        <time>2026-02-01T17:26:28Z</time>
      </trkpt>
      <trkpt lat="43.206560" lon="-2.551879">
        <ele>412.237</ele>
        <time>2026-02-01T17:26:29Z</time>
      </trkpt>
      <trkpt lat="43.206607" lon="-2.551932">
        <ele>412.046</ele>
        <time>2026-02-01T17:26:30Z</time>
      </trkpt>
      <trkpt lat="43.206661" lon="-2.551980">
        <ele>411.654</ele>
        <time>2026-02-01T17:26:31Z</time>
      </trkpt>
      <trkpt lat="43.206712" lon="-2.552032">
        <ele>411.656</ele>
        <time>2026-02-01T17:26:32Z</time>
      </trkpt>
      <trkpt lat="43.206761" lon="-2.552086">
        <ele>411.411</ele>
        <time>2026-02-01T17:26:33Z</time>
      </trkpt>
      <trkpt lat="43.206809" lon="-2.552139">
        <ele>411.209</ele>
        <time>2026-02-01T17:26:34Z</time>
      </trkpt>
      <trkpt lat="43.206863" lon="-2.552187">
        <ele>411.037</ele>
        <time>2026-02-01T17:26:35Z</time>
      </trkpt>
      <trkpt lat="43.206916" lon="-2.552234">
        <ele>410.899</ele>
        <time>2026-02-01T17:26:36Z</time>
      </trkpt>
      <trkpt lat="43.206969" lon="-2.552288">
        <ele>410.614</ele>
        <time>2026-02-01T17:26:37Z</time>
      </trkpt>
      <trkpt lat="43.207026" lon="-2.552340">
        <ele>410.275</ele>
        <time>2026-02-01T17:26:38Z</time>
      </trkpt>
      <trkpt lat="43.207083" lon="-2.552392">
        <ele>410.072</ele>
        <time>2026-02-01T17:26:39Z</time>
      </trkpt>
      <trkpt lat="43.207145" lon="-2.552438">
        <ele>409.877</ele>
        <time>2026-02-01T17:26:40Z</time>
      </trkpt>
      <trkpt lat="43.207210" lon="-2.552482">
        <ele>409.432</ele>
        <time>2026-02-01T17:26:41Z</time>
      </trkpt>
      <trkpt lat="43.207277" lon="-2.552526">
        <ele>409.231</ele>
        <time>2026-02-01T17:26:42Z</time>
      </trkpt>
      <trkpt lat="43.207344" lon="-2.552560">
        <ele>409.070</ele>
        <time>2026-02-01T17:26:43Z</time>
      </trkpt>
      <trkpt lat="43.207414" lon="-2.552588">
        <ele>408.819</ele>
        <time>2026-02-01T17:26:44Z</time>
      </trkpt>
      <trkpt lat="43.207488" lon="-2.552608">
        <ele>408.609</ele>
        <time>2026-02-01T17:26:45Z</time>
      </trkpt>
      <trkpt lat="43.207564" lon="-2.552620">
        <ele>408.219</ele>
        <time>2026-02-01T17:26:46Z</time>
      </trkpt>
      <trkpt lat="43.207640" lon="-2.552627">
        <ele>407.809</ele>
        <time>2026-02-01T17:26:47Z</time>
      </trkpt>
      <trkpt lat="43.207719" lon="-2.552628">
        <ele>407.413</ele>
        <time>2026-02-01T17:26:48Z</time>
      </trkpt>
      <trkpt lat="43.207797" lon="-2.552624">
        <ele>407.285</ele>
        <time>2026-02-01T17:26:49Z</time>
      </trkpt>
      <trkpt lat="43.207876" lon="-2.552615">
        <ele>407.010</ele>
        <time>2026-02-01T17:26:50Z</time>
      </trkpt>
      <trkpt lat="43.207954" lon="-2.552597">
        <ele>406.811</ele>
        <time>2026-02-01T17:26:51Z</time>
      </trkpt>
      <trkpt lat="43.208029" lon="-2.552575">
        <ele>406.628</ele>
        <time>2026-02-01T17:26:52Z</time>
      </trkpt>
      <trkpt lat="43.208102" lon="-2.552541">
        <ele>406.473</ele>
        <time>2026-02-01T17:26:53Z</time>
      </trkpt>
      <trkpt lat="43.208174" lon="-2.552495">
        <ele>406.068</ele>
        <time>2026-02-01T17:26:54Z</time>
      </trkpt>
      <trkpt lat="43.208249" lon="-2.552443">
        <ele>405.887</ele>
        <time>2026-02-01T17:26:55Z</time>
      </trkpt>
      <trkpt lat="43.208322" lon="-2.552394">
        <ele>405.696</ele>
        <time>2026-02-01T17:26:56Z</time>
      </trkpt>
      <trkpt lat="43.208385" lon="-2.552339">
        <ele>405.292</ele>
        <time>2026-02-01T17:26:57Z</time>
      </trkpt>
      <trkpt lat="43.208445" lon="-2.552275">
        <ele>405.273</ele>
        <time>2026-02-01T17:26:58Z</time>
      </trkpt>
      <trkpt lat="43.208502" lon="-2.552203">
        <ele>405.020</ele>
        <time>2026-02-01T17:26:59Z</time>
      </trkpt>
      <trkpt lat="43.208557" lon="-2.552127">
        <ele>404.809</ele>
        <time>2026-02-01T17:27:00Z</time>
      </trkpt>
      <trkpt lat="43.208610" lon="-2.552046">
        <ele>404.891</ele>
        <time>2026-02-01T17:27:01Z</time>
      </trkpt>
      <trkpt lat="43.208660" lon="-2.551958">
        <ele>404.643</ele>
        <time>2026-02-01T17:27:02Z</time>
      </trkpt>
      <trkpt lat="43.208704" lon="-2.551865">
        <ele>404.468</ele>
        <time>2026-02-01T17:27:03Z</time>
      </trkpt>
      <trkpt lat="43.208743" lon="-2.551772">
        <ele>404.269</ele>
        <time>2026-02-01T17:27:04Z</time>
      </trkpt>
      <trkpt lat="43.208775" lon="-2.551679">
        <ele>403.856</ele>
        <time>2026-02-01T17:27:05Z</time>
      </trkpt>
      <trkpt lat="43.208799" lon="-2.551577">
        <ele>403.881</ele>
        <time>2026-02-01T17:27:06Z</time>
      </trkpt>
      <trkpt lat="43.208824" lon="-2.551476">
        <ele>403.496</ele>
        <time>2026-02-01T17:27:07Z</time>
      </trkpt>
      <trkpt lat="43.208845" lon="-2.551373">
        <ele>403.475</ele>
        <time>2026-02-01T17:27:08Z</time>
      </trkpt>
      <trkpt lat="43.208863" lon="-2.551272">
        <ele>403.244</ele>
        <time>2026-02-01T17:27:09Z</time>
      </trkpt>
      <trkpt lat="43.208879" lon="-2.551169">
        <ele>403.216</ele>
        <time>2026-02-01T17:27:10Z</time>
      </trkpt>
      <trkpt lat="43.208898" lon="-2.551065">
        <ele>402.876</ele>
        <time>2026-02-01T17:27:11Z</time>
      </trkpt>
      <trkpt lat="43.208914" lon="-2.550959">
        <ele>402.813</ele>
        <time>2026-02-01T17:27:12Z</time>
      </trkpt>
      <trkpt lat="43.208934" lon="-2.550863">
        <ele>402.609</ele>
        <time>2026-02-01T17:27:13Z</time>
      </trkpt>
      <trkpt lat="43.208957" lon="-2.550769">
        <ele>402.243</ele>
        <time>2026-02-01T17:27:14Z</time>
      </trkpt>
      <trkpt lat="43.208988" lon="-2.550674">
        <ele>401.815</ele>
        <time>2026-02-01T17:27:15Z</time>
      </trkpt>
      <trkpt lat="43.209023" lon="-2.550577">
        <ele>401.650</ele>
        <time>2026-02-01T17:27:16Z</time>
      </trkpt>
      <trkpt lat="43.209053" lon="-2.550486">
        <ele>401.671</ele>
        <time>2026-02-01T17:27:17Z</time>
      </trkpt>
      <trkpt lat="43.209076" lon="-2.550419">
        <ele>401.468</ele>
        <time>2026-02-01T17:27:18Z</time>
      </trkpt>
      <trkpt lat="43.209066" lon="-2.550366">
        <ele>401.413</ele>
        <time>2026-02-01T17:27:19Z</time>
      </trkpt>
      <trkpt lat="43.209026" lon="-2.550336">
        <ele>402.098</ele>
        <time>2026-02-01T17:27:20Z</time>
      </trkpt>
      <trkpt lat="43.208988" lon="-2.550342">
        <ele>402.077</ele>
        <time>2026-02-01T17:27:21Z</time>
      </trkpt>
      <trkpt lat="43.208961" lon="-2.550367">
        <ele>401.686</ele>
        <time>2026-02-01T17:27:22Z</time>
      </trkpt>
      <trkpt lat="43.208945" lon="-2.550394">
        <ele>401.425</ele>
        <time>2026-02-01T17:27:23Z</time>
      </trkpt>
      <trkpt lat="43.208933" lon="-2.550434">
        <ele>401.426</ele>
        <time>2026-02-01T17:27:24Z</time>
      </trkpt>
      <trkpt lat="43.208922" lon="-2.550478">
        <ele>401.208</ele>
        <time>2026-02-01T17:27:25Z</time>
      </trkpt>
      <trkpt lat="43.208905" lon="-2.550525">
        <ele>401.009</ele>
        <time>2026-02-01T17:27:26Z</time>
      </trkpt>
      <trkpt lat="43.208880" lon="-2.550576">
        <ele>400.874</ele>
        <time>2026-02-01T17:27:27Z</time>
      </trkpt>
      <trkpt lat="43.208851" lon="-2.550620">
        <ele>400.856</ele>
        <time>2026-02-01T17:27:28Z</time>
      </trkpt>
      <trkpt lat="43.208816" lon="-2.550660">
        <ele>401.061</ele>
        <time>2026-02-01T17:27:29Z</time>
      </trkpt>
      <trkpt lat="43.208781" lon="-2.550701">
        <ele>401.092</ele>
        <time>2026-02-01T17:27:30Z</time>
      </trkpt>
      <trkpt lat="43.208751" lon="-2.550746">
        <ele>400.819</ele>
        <time>2026-02-01T17:27:31Z</time>
      </trkpt>
      <trkpt lat="43.208730" lon="-2.550801">
        <ele>400.654</ele>
        <time>2026-02-01T17:27:32Z</time>
      </trkpt>
      <trkpt lat="43.208707" lon="-2.550857">
        <ele>400.699</ele>
        <time>2026-02-01T17:27:33Z</time>
      </trkpt>
      <trkpt lat="43.208689" lon="-2.550920">
        <ele>400.428</ele>
        <time>2026-02-01T17:27:34Z</time>
      </trkpt>
      <trkpt lat="43.208680" lon="-2.550988">
        <ele>400.057</ele>
        <time>2026-02-01T17:27:35Z</time>
      </trkpt>
      <trkpt lat="43.208672" lon="-2.551051">
        <ele>399.698</ele>
        <time>2026-02-01T17:27:36Z</time>
      </trkpt>
      <trkpt lat="43.208661" lon="-2.551115">
        <ele>399.615</ele>
        <time>2026-02-01T17:27:37Z</time>
      </trkpt>
      <trkpt lat="43.208650" lon="-2.551185">
        <ele>399.226</ele>
        <time>2026-02-01T17:27:38Z</time>
      </trkpt>
      <trkpt lat="43.208640" lon="-2.551252">
        <ele>398.609</ele>
        <time>2026-02-01T17:27:39Z</time>
      </trkpt>
      <trkpt lat="43.208629" lon="-2.551319">
        <ele>398.621</ele>
        <time>2026-02-01T17:27:40Z</time>
      </trkpt>
      <trkpt lat="43.208612" lon="-2.551384">
        <ele>398.643</ele>
        <time>2026-02-01T17:27:41Z</time>
      </trkpt>
      <trkpt lat="43.208591" lon="-2.551450">
        <ele>398.218</ele>
        <time>2026-02-01T17:27:42Z</time>
      </trkpt>
      <trkpt lat="43.208568" lon="-2.551507">
        <ele>398.289</ele>
        <time>2026-02-01T17:27:43Z</time>
      </trkpt>
      <trkpt lat="43.208540" lon="-2.551562">
        <ele>398.466</ele>
        <time>2026-02-01T17:27:44Z</time>
      </trkpt>
      <trkpt lat="43.208501" lon="-2.551607">
        <ele>398.451</ele>
        <time>2026-02-01T17:27:45Z</time>
      </trkpt>
      <trkpt lat="43.208459" lon="-2.551646">
        <ele>398.436</ele>
        <time>2026-02-01T17:27:46Z</time>
      </trkpt>
      <trkpt lat="43.208419" lon="-2.551676">
        <ele>398.425</ele>
        <time>2026-02-01T17:27:47Z</time>
      </trkpt>
      <trkpt lat="43.208381" lon="-2.551701">
        <ele>398.424</ele>
        <time>2026-02-01T17:27:48Z</time>
      </trkpt>
      <trkpt lat="43.208343" lon="-2.551733">
        <ele>398.244</ele>
        <time>2026-02-01T17:27:49Z</time>
      </trkpt>
      <trkpt lat="43.208312" lon="-2.551766">
        <ele>398.205</ele>
        <time>2026-02-01T17:27:50Z</time>
      </trkpt>
      <trkpt lat="43.208291" lon="-2.551807">
        <ele>398.415</ele>
        <time>2026-02-01T17:27:51Z</time>
      </trkpt>
      <trkpt lat="43.208279" lon="-2.551845">
        <ele>398.409</ele>
        <time>2026-02-01T17:27:52Z</time>
      </trkpt>
      <trkpt lat="43.208269" lon="-2.551887">
        <ele>398.446</ele>
        <time>2026-02-01T17:27:53Z</time>
      </trkpt>
      <trkpt lat="43.208265" lon="-2.551928">
        <ele>398.468</ele>
        <time>2026-02-01T17:27:54Z</time>
      </trkpt>
      <trkpt lat="43.208265" lon="-2.551965">
        <ele>398.433</ele>
        <time>2026-02-01T17:27:55Z</time>
      </trkpt>
      <trkpt lat="43.208262" lon="-2.551997">
        <ele>398.454</ele>
        <time>2026-02-01T17:27:56Z</time>
      </trkpt>
      <trkpt lat="43.208260" lon="-2.552024">
        <ele>398.471</ele>
        <time>2026-02-01T17:27:57Z</time>
      </trkpt>
      <trkpt lat="43.208255" lon="-2.552032">
        <ele>398.656</ele>
        <time>2026-02-01T17:27:58Z</time>
      </trkpt>
      <trkpt lat="43.208256" lon="-2.552034">
        <ele>398.651</ele>
        <time>2026-02-01T17:27:59Z</time>
      </trkpt>
      <trkpt lat="43.208255" lon="-2.552034">
        <ele>398.410</ele>
        <time>2026-02-01T17:28:00Z</time>
      </trkpt>
      <trkpt lat="43.208255" lon="-2.552034">
        <ele>398.219</ele>
        <time>2026-02-01T17:28:01Z</time>
      </trkpt>
      <trkpt lat="43.208255" lon="-2.552035">
        <ele>398.238</ele>
        <time>2026-02-01T17:28:02Z</time>
      </trkpt>
      <trkpt lat="43.208256" lon="-2.552045">
        <ele>398.070</ele>
        <time>2026-02-01T17:28:03Z</time>
      </trkpt>
      <trkpt lat="43.208255" lon="-2.552034">
        <ele>397.817</ele>
        <time>2026-02-01T17:28:04Z</time>
      </trkpt>
      <trkpt lat="43.208255" lon="-2.552034">
        <ele>397.809</ele>
        <time>2026-02-01T17:28:05Z</time>
      </trkpt>
      <trkpt lat="43.208255" lon="-2.552034">
        <ele>397.855</ele>
        <time>2026-02-01T17:28:06Z</time>
      </trkpt>
      <trkpt lat="43.208255" lon="-2.552034">
        <ele>397.877</ele>
        <time>2026-02-01T17:28:07Z</time>
      </trkpt>
      <trkpt lat="43.208255" lon="-2.552034">
        <ele>398.032</ele>
        <time>2026-02-01T17:28:08Z</time>
      </trkpt>
      <trkpt lat="43.208255" lon="-2.552034">
        <ele>398.093</ele>
        <time>2026-02-01T17:28:09Z</time>
      </trkpt>
      <trkpt lat="43.208259" lon="-2.552048">
        <ele>398.050</ele>
        <time>2026-02-01T17:28:10Z</time>
      </trkpt>
      <trkpt lat="43.208255" lon="-2.552034">
        <ele>398.075</ele>
        <time>2026-02-01T17:28:11Z</time>
      </trkpt>
      <trkpt lat="43.208258" lon="-2.552047">
        <ele>397.830</ele>
        <time>2026-02-01T17:28:12Z</time>
      </trkpt>
      <trkpt lat="43.208255" lon="-2.552034">
        <ele>397.879</ele>
        <time>2026-02-01T17:28:13Z</time>
      </trkpt>
      <trkpt lat="43.208255" lon="-2.552034">
        <ele>397.678</ele>
        <time>2026-02-01T17:28:14Z</time>
      </trkpt>
      <trkpt lat="43.208255" lon="-2.552034">
        <ele>397.469</ele>
        <time>2026-02-01T17:28:15Z</time>
      </trkpt>
      <trkpt lat="43.208255" lon="-2.552034">
        <ele>397.204</ele>
        <time>2026-02-01T17:28:16Z</time>
      </trkpt>
      <trkpt lat="43.208255" lon="-2.552034">
        <ele>397.224</ele>
        <time>2026-02-01T17:28:17Z</time>
      </trkpt>
      <trkpt lat="43.208255" lon="-2.552034">
        <ele>397.009</ele>
        <time>2026-02-01T17:28:18Z</time>
      </trkpt>
      <trkpt lat="43.208255" lon="-2.552034">
        <ele>397.048</ele>
        <time>2026-02-01T17:28:19Z</time>
      </trkpt>
      <trkpt lat="43.208255" lon="-2.552034">
        <ele>396.890</ele>
        <time>2026-02-01T17:28:20Z</time>
      </trkpt>
      <trkpt lat="43.208257" lon="-2.552046">
        <ele>396.845</ele>
        <time>2026-02-01T17:28:21Z</time>
      </trkpt>
      <trkpt lat="43.208256" lon="-2.552048">
        <ele>396.896</ele>
        <time>2026-02-01T17:28:22Z</time>
      </trkpt>
      <trkpt lat="43.208255" lon="-2.552034">
        <ele>396.883</ele>
        <time>2026-02-01T17:28:23Z</time>
      </trkpt>
      <trkpt lat="43.208255" lon="-2.552034">
        <ele>396.898</ele>
        <time>2026-02-01T17:28:24Z</time>
      </trkpt>
      <trkpt lat="43.208255" lon="-2.552034">
        <ele>396.823</ele>
        <time>2026-02-01T17:28:25Z</time>
      </trkpt>
      <trkpt lat="43.208255" lon="-2.552034">
        <ele>396.872</ele>
        <time>2026-02-01T17:28:26Z</time>
      </trkpt>
      <trkpt lat="43.208255" lon="-2.552034">
        <ele>396.871</ele>
        <time>2026-02-01T17:28:27Z</time>
      </trkpt>
      <trkpt lat="43.208255" lon="-2.552034">
        <ele>396.892</ele>
        <time>2026-02-01T17:28:28Z</time>
      </trkpt>
      <trkpt lat="43.208256" lon="-2.552049">
        <ele>396.673</ele>
        <time>2026-02-01T17:28:29Z</time>
      </trkpt>
      <trkpt lat="43.208253" lon="-2.552058">
        <ele>396.620</ele>
        <time>2026-02-01T17:28:30Z</time>
      </trkpt>
      <trkpt lat="43.208252" lon="-2.552057">
        <ele>396.609</ele>
        <time>2026-02-01T17:28:31Z</time>
      </trkpt>
      <trkpt lat="43.208252" lon="-2.552057">
        <ele>396.631</ele>
        <time>2026-02-01T17:28:32Z</time>
      </trkpt>
      <trkpt lat="43.208256" lon="-2.552068">
        <ele>396.673</ele>
        <time>2026-02-01T17:28:33Z</time>
      </trkpt>
      <trkpt lat="43.208257" lon="-2.552072">
        <ele>396.688</ele>
        <time>2026-02-01T17:28:34Z</time>
      </trkpt>
      <trkpt lat="43.208252" lon="-2.552090">
        <ele>396.699</ele>
        <time>2026-02-01T17:28:35Z</time>
      </trkpt>
      <trkpt lat="43.208247" lon="-2.552122">
        <ele>396.626</ele>
        <time>2026-02-01T17:28:36Z</time>
      </trkpt>
      <trkpt lat="43.208244" lon="-2.552155">
        <ele>396.641</ele>
        <time>2026-02-01T17:28:37Z</time>
      </trkpt>
      <trkpt lat="43.208241" lon="-2.552180">
        <ele>396.616</ele>
        <time>2026-02-01T17:28:38Z</time>
      </trkpt>
      <trkpt lat="43.208234" lon="-2.552206">
        <ele>396.635</ele>
        <time>2026-02-01T17:28:39Z</time>
      </trkpt>
      <trkpt lat="43.208224" lon="-2.552226">
        <ele>396.664</ele>
        <time>2026-02-01T17:28:40Z</time>
      </trkpt>
      <trkpt lat="43.208213" lon="-2.552237">
        <ele>396.877</ele>
        <time>2026-02-01T17:28:41Z</time>
      </trkpt>
      <trkpt lat="43.208209" lon="-2.552243">
        <ele>397.061</ele>
        <time>2026-02-01T17:28:42Z</time>
      </trkpt>
      <trkpt lat="43.208214" lon="-2.552237">
        <ele>397.227</ele>
        <time>2026-02-01T17:28:43Z</time>
      </trkpt>
      <trkpt lat="43.208209" lon="-2.552238">
        <ele>397.209</ele>
        <time>2026-02-01T17:28:44Z</time>
      </trkpt>
      <trkpt lat="43.208209" lon="-2.552238">
        <ele>397.269</ele>
        <time>2026-02-01T17:28:45Z</time>
      </trkpt>
      <trkpt lat="43.208209" lon="-2.552238">
        <ele>397.011</ele>
        <time>2026-02-01T17:28:46Z</time>
      </trkpt>
      <trkpt lat="43.208209" lon="-2.552238">
        <ele>397.056</ele>
        <time>2026-02-01T17:28:47Z</time>
      </trkpt>
      <trkpt lat="43.208208" lon="-2.552239">
        <ele>397.087</ele>
        <time>2026-02-01T17:28:48Z</time>
      </trkpt>
      <trkpt lat="43.208196" lon="-2.552262">
        <ele>397.034</ele>
        <time>2026-02-01T17:28:49Z</time>
      </trkpt>
      <trkpt lat="43.208185" lon="-2.552274">
        <ele>397.089</ele>
        <time>2026-02-01T17:28:50Z</time>
      </trkpt>
      <trkpt lat="43.208181" lon="-2.552278">
        <ele>397.034</ele>
        <time>2026-02-01T17:28:51Z</time>
      </trkpt>
      <trkpt lat="43.208183" lon="-2.552281">
        <ele>397.083</ele>
        <time>2026-02-01T17:28:52Z</time>
      </trkpt>
      <trkpt lat="43.208188" lon="-2.552279">
        <ele>396.892</ele>
        <time>2026-02-01T17:28:53Z</time>
      </trkpt>
      <trkpt lat="43.208192" lon="-2.552267">
        <ele>396.864</ele>
        <time>2026-02-01T17:28:54Z</time>
      </trkpt>
      <trkpt lat="43.208202" lon="-2.552260">
        <ele>396.606</ele>
        <time>2026-02-01T17:28:55Z</time>
      </trkpt>
      <trkpt lat="43.208206" lon="-2.552254">
        <ele>396.616</ele>
        <time>2026-02-01T17:28:56Z</time>
      </trkpt>
      <trkpt lat="43.208209" lon="-2.552238">
        <ele>396.609</ele>
        <time>2026-02-01T17:28:57Z</time>
      </trkpt>
      <trkpt lat="43.208209" lon="-2.552238">
        <ele>396.688</ele>
        <time>2026-02-01T17:28:58Z</time>
      </trkpt>
      <trkpt lat="43.208209" lon="-2.552238">
        <ele>396.660</ele>
        <time>2026-02-01T17:28:59Z</time>
      </trkpt>
      <trkpt lat="43.208209" lon="-2.552238">
        <ele>396.675</ele>
        <time>2026-02-01T17:29:00Z</time>
      </trkpt>
      <trkpt lat="43.208209" lon="-2.552238">
        <ele>396.696</ele>
        <time>2026-02-01T17:29:01Z</time>
      </trkpt>
      <trkpt lat="43.208209" lon="-2.552238">
        <ele>396.613</ele>
        <time>2026-02-01T17:29:02Z</time>
      </trkpt>
      <trkpt lat="43.208209" lon="-2.552238">
        <ele>396.648</ele>
        <time>2026-02-01T17:29:03Z</time>
      </trkpt>
      <trkpt lat="43.208203" lon="-2.552249">
        <ele>396.453</ele>
        <time>2026-02-01T17:29:04Z</time>
      </trkpt>
      <trkpt lat="43.208202" lon="-2.552239">
        <ele>396.482</ele>
        <time>2026-02-01T17:29:05Z</time>
      </trkpt>
      <trkpt lat="43.208200" lon="-2.552216">
        <ele>396.451</ele>
        <time>2026-02-01T17:29:06Z</time>
      </trkpt>
      <trkpt lat="43.208201" lon="-2.552204">
        <ele>396.424</ele>
        <time>2026-02-01T17:29:07Z</time>
      </trkpt>
      <trkpt lat="43.208202" lon="-2.552203">
        <ele>396.404</ele>
        <time>2026-02-01T17:29:08Z</time>
      </trkpt>
      <trkpt lat="43.208198" lon="-2.552198">
        <ele>396.414</ele>
        <time>2026-02-01T17:29:09Z</time>
      </trkpt>
      <trkpt lat="43.208196" lon="-2.552198">
        <ele>396.409</ele>
        <time>2026-02-01T17:29:10Z</time>
      </trkpt>
      <trkpt lat="43.208196" lon="-2.552198">
        <ele>396.434</ele>
        <time>2026-02-01T17:29:11Z</time>
      </trkpt>
      <trkpt lat="43.208196" lon="-2.552198">
        <ele>396.296</ele>
        <time>2026-02-01T17:29:12Z</time>
      </trkpt>
      <trkpt lat="43.208201" lon="-2.552194">
        <ele>396.241</ele>
        <time>2026-02-01T17:29:13Z</time>
      </trkpt>
      <trkpt lat="43.208207" lon="-2.552201">
        <ele>396.282</ele>
        <time>2026-02-01T17:29:14Z</time>
      </trkpt>
      <trkpt lat="43.208206" lon="-2.552215">
        <ele>396.289</ele>
        <time>2026-02-01T17:29:15Z</time>
      </trkpt>
      <trkpt lat="43.208198" lon="-2.552228">
        <ele>396.244</ele>
        <time>2026-02-01T17:29:16Z</time>
      </trkpt>
      <trkpt lat="43.208192" lon="-2.552227">
        <ele>396.079</ele>
        <time>2026-02-01T17:29:17Z</time>
      </trkpt>
    </trkseg>
  </trk></gpx>