<?xml version="1.0" encoding="UTF-8"?>
<kml xmlns="http://www.opengis.net/kml/2.2"><Document><name>Zengotita - Iturzuri - Zengotitagane - Zengotita</name><Placemark><name>Zengotita - Iturzuri - Zengotitagane - Zengotita</name><LineString><tessellate>1</tessellate><altitudeMode>absolute</altitudeMode><coordinates>
-2.562987,43.196194,416.893
-2.563049,43.196207,417.065
-2.563045,43.196183,417.221
-2.563064,43.196168,417.209
-2.56308,43.196174,417.481
-2.563093,43.196177,417.467
-2.563108,43.196173,417.495
-2.56312,43.196174,417.665
-2.563133,43.196178,417.699
-2.563148,43.196183,417.65
-2.56316,43.196187,417.673
-2.563169,43.196188,417.866
-2.563177,43.19619,417.832
-2.563182,43.196196,417.877
-2.563191,43.196203,417.861
-2.5632,43.19621,417.827
-2.563213,43.196216,417.809
-2.563224,43.196226,417.899
-2.563232,43.196235,417.875
-2.56324,43.196243,418.093
-2.563251,43.196248,418.093
-2.563258,43.196251,418.097
-2.563262,43.196258,418.291
-2.563266,43.196266,418.294
-2.56327,43.196273,418.23
-2.563276,43.196282,418.484
-2.56328,43.19629,418.407
-2.563285,43.196299,418.417
-2.563285,43.196307,418.409
-2.563288,43.196316,418.44
-2.563287,43.196323,418.436
-2.563285,43.196329,418.601
-2.563286,43.196339,418.811
-2.563289,43.196347,418.809
-2.563289,43.196358,419.017
-2.563286,43.196367,419.443
-2.563283,43.196379,419.641
-2.563282,43.196391,419.811
-2.563283,43.1964,420.075
-2.56328,43.196412,420.056
-2.563279,43.196422,420.269
-2.563276,43.196432,420.252
-2.563275,43.196444,420.468
-2.563273,43.196454,420.485
-2.563268,43.196464,420.689
-2.563263,43.196473,420.817
-2.563261,43.196484,420.809
-2.563259,43.196492,421.02
-2.563258,43.196501,421.086
-2.563259,43.196508,421.034
-2.563257,43.19652,421.214
-2.563254,43.196531,421.438
-2.56325,43.196539,421.639
-2.563248,43.196548,421.892
-2.563246,43.196558,421.855
-2.563248,43.196565,422.031
-2.563248,43.196573,422.094
-2.56324,43.196581,422.057
-2.563231,43.19659,422.222
-2.563224,43.196596,422.209
-2.563223,43.196604,422.491
-2.563222,43.196613,422.637
-2.563223,43.196621,422.835
-2.563223,43.19663,423.095
-2.56322,43.196638,423.219
-2.56322,43.196646,423.21
-2.563221,43.196655,423.483
-2.56322,43.196664,423.646
-2.563219,43.196671,423.862
-2.56322,43.196677,423.826
-2.563219,43.196687,424.047
-2.563221,43.196693,424.011
-2.563221,43.196701,424.209
-2.563215,43.196709,424.234
-2.563211,43.196717,424.49
-2.563212,43.196725,424.628
-2.563209,43.196735,424.838
-2.563208,43.19674,425.062
-2.563207,43.196747,425.263
-2.563207,43.196755,425.456
-2.563206,43.19676,425.469
-2.563205,43.196767,425.685
-2.563204,43.196775,425.679
-2.563202,43.196784,425.805
-2.563202,43.196791,426.025
-2.563199,43.196802,426.209
-2.563197,43.19681,426.429
-2.563197,43.196817,426.615
-2.563197,43.196826,426.673
-2.563195,43.196834,426.853
-2.563194,43.19684,426.897
-2.563189,43.196848,427.058
-2.563185,43.196855,427.241
-2.563182,43.196864,427.684
-2.563178,43.196869,427.85
-2.563174,43.196875,428.076
-2.563173,43.196883,428.29
-2.563173,43.196889,428.219
-2.56317,43.196897,428.209
-2.563169,43.196904,428.449
-2.56317,43.196911,428.425
-2.563165,43.196919,428.673
-2.563163,43.196925,428.833
-2.563164,43.196932,429.287
-2.563159,43.196942,429.468
-2.563158,43.19695,429.621
-2.56316,43.196958,429.864
-2.563162,43.196962,430.03
-2.563168,43.196962,430.051
-2.563166,43.196966,430.211
-2.56316,43.196976,430.409
-2.563157,43.196982,430.667
-2.563155,43.196989,430.893
-2.563154,43.196996,431.011
-2.563155,43.197005,431.011
-2.563148,43.197012,431.285
-2.563145,43.19702,431.476
-2.563149,43.197026,431.639
-2.563151,43.197035,431.812
-2.563154,43.197042,432.088
-2.563155,43.197049,432.221
-2.563154,43.197057,432.441
-2.56315,43.19706,432.405
-2.563142,43.197068,432.609
-2.563138,43.197075,432.844
-2.563136,43.197085,433.27
-2.563136,43.197089,433.418
-2.563137,43.197095,433.618
-2.563133,43.197104,434.062
-2.563128,43.197111,434.083
-2.563125,43.197119,434.296
-2.563122,43.197126,434.479
-2.563115,43.197134,434.455
-2.563116,43.197141,434.645
-2.563112,43.197148,434.847
-2.563107,43.197155,434.811
-2.563103,43.197162,435.009
-2.563095,43.19717,435.036
-2.563089,43.197176,435.042
-2.563091,43.197179,435.21
-2.563096,43.197185,435.49
-2.5631,43.197197,435.844
-2.563098,43.197201,436.025
-2.5631,43.19721,436.458
-2.5631,43.197219,436.691
-2.563101,43.197227,436.867
-2.563103,43.197237,436.858
-2.5631,43.197245,437.052
-2.563096,43.197253,437.217
-2.563097,43.19726,437.409
-2.563096,43.197265,437.447
-2.563092,43.197275,437.633
-2.563086,43.19728,437.871
-2.563081,43.197287,438.071
-2.563077,43.197296,438.275
-2.563076,43.197303,438.416
-2.563074,43.197312,438.659
-2.563077,43.19732,438.822
-2.563075,43.197328,439.028
-2.563073,43.197337,439.239
-2.563069,43.197345,439.401
-2.563064,43.197352,439.621
-2.563063,43.197357,439.809
-2.563061,43.197365,440.025
-2.563057,43.197374,440.241
-2.563054,43.197383,440.469
-2.563055,43.197394,440.619
-2.563052,43.1974,440.673
-2.563054,43.197409,441.024
-2.563058,43.197411,441.29
-2.563056,43.197414,441.216
-2.563055,43.197419,441.231
-2.563055,43.197424,441.461
-2.563053,43.197432,441.407
-2.563049,43.197442,441.609
-2.563049,43.197449,441.685
-2.563046,43.197459,441.851
-2.563047,43.197469,442.039
-2.563047,43.19748,442.249
-2.563044,43.19749,442.423
-2.563043,43.197499,442.654
-2.563044,43.197507,442.857
-2.563046,43.197515,443.07
-2.563042,43.19752,443.236
-2.563038,43.19753,443.268
-2.563036,43.197537,443.242
-2.563034,43.197544,443.426
-2.563034,43.197554,443.409
-2.563033,43.197561,443.688
-2.563032,43.197573,443.644
-2.563032,43.197582,443.882
-2.563033,43.197591,444.062
-2.563028,43.197604,444.266
-2.563022,43.197611,444.287
-2.563017,43.197619,444.27
-2.563017,43.197624,444.279
-2.563028,43.197633,444.664
-2.563025,43.197643,444.637
-2.56302,43.197652,444.65
-2.563009,43.197659,444.836
-2.563003,43.197667,445.018
-2.562988,43.197675,445.498
-2.562972,43.197684,445.617
-2.562958,43.197689,446.009
-2.562946,43.197694,446.293
-2.56293,43.197697,446.269
-2.562913,43.197702,446.427
-2.562903,43.197702,446.437
-2.562888,43.197699,446.691
-2.562877,43.197697,446.632
-2.562866,43.197693,446.895
-2.562847,43.197682,446.858
-2.562833,43.197678,447.094
-2.562819,43.197675,447.089
-2.562802,43.197674,447.006
-2.562792,43.197669,447.026
-2.562775,43.197664,447.209
-2.562763,43.197662,447.24
-2.562752,43.197659,447.246
-2.562743,43.197663,447.294
-2.562733,43.197663,447.238
-2.562722,43.19766,447.099
-2.562708,43.197657,447.232
-2.562696,43.197656,447.215
-2.562684,43.197654,447.431
-2.562669,43.197647,447.479
-2.562652,43.197644,447.405
-2.562635,43.197638,447.225
-2.562621,43.197632,447.009
-2.562604,43.197626,447.069
-2.562598,43.197622,446.835
-2.562586,43.197621,446.833
-2.562571,43.197617,446.833
-2.562557,43.197616,446.877
-2.56254,43.197618,446.898
-2.562532,43.19762,446.871
-2.562531,43.197616,446.85
-2.562537,43.197618,446.823
-2.562529,43.197615,446.813
-2.562517,43.197613,446.837
-2.562509,43.197613,446.838
-2.562495,43.197612,447.021
-2.562483,43.197607,447.044
-2.562466,43.197607,447.29
-2.562454,43.197609,447.466
-2.562447,43.197607,447.429
-2.562449,43.197611,447.421
-2.562443,43.197611,447.409
-2.562432,43.19761,447.418
-2.562421,43.197609,447.414
-2.562422,43.197615,447.692
-2.562416,43.19762,447.409
-2.562407,43.19762,447.459
-2.562393,43.197621,447.635
-2.562374,43.19762,447.663
-2.562361,43.19762,447.893
-2.562348,43.197612,448.017
-2.562348,43.197663,448.698
-2.562346,43.197668,448.611
-2.562339,43.197674,448.834
-2.562334,43.197676,449.02
-2.562327,43.197683,449.031
-2.562323,43.197689,449.261
-2.562316,43.197696,449.407
-2.562314,43.197701,449.409
-2.562309,43.19771,449.635
-2.562303,43.197718,449.831
-2.562296,43.19772,450.039
-2.562286,43.197724,450.259
-2.562278,43.197731,450.433
-2.562268,43.197736,450.624
-2.562257,43.19774,450.817
-2.562246,43.197748,451.23
-2.562235,43.197754,451.216
-2.562224,43.197759,451.437
-2.562211,43.197766,451.649
-2.562206,43.197775,451.813
-2.562202,43.197783,452.009
-2.562193,43.197789,452.275
-2.562185,43.19779,452.231
-2.562176,43.197791,452.419
-2.562163,43.197798,452.469
-2.562153,43.197802,452.613
-2.562144,43.197803,452.814
-2.562135,43.197806,452.867
-2.562126,43.197808,453.05
-2.562118,43.197808,453.256
-2.562113,43.197809,453.227
-2.562104,43.197813,453.468
-2.562096,43.197813,453.414
-2.56209,43.197815,453.609
-2.562083,43.197815,453.614
-2.562076,43.197815,453.89
-2.562071,43.197817,453.898
-2.562064,43.19782,454.058
-2.562054,43.197823,454.212
-2.562049,43.197822,454.433
-2.562041,43.197827,454.486
-2.562032,43.197835,454.695
-2.562023,43.197846,454.817
-2.562017,43.19785,455.087
-2.562013,43.197861,455.409
-2.562008,43.197863,455.623
-2.562005,43.197866,455.889
-2.561999,43.197873,456.027
-2.561994,43.197878,456.297
-2.561984,43.197883,456.491
-2.561975,43.197889,456.492
-2.56196,43.197893,456.838
-2.561952,43.197897,457.074
-2.561946,43.197901,457.257
-2.561941,43.197907,457.4
-2.561938,43.197912,457.62
-2.561934,43.197918,457.609
-2.561926,43.197922,457.867
-2.56192,43.197925,458.093
-2.561913,43.197927,458.211
-2.561903,43.197931,458.231
-2.561892,43.19793,458.656
-2.561887,43.197931,458.879
-2.561878,43.197932,458.892
-2.561867,43.197937,459.048
-2.561865,43.197941,459.292
-2.561858,43.197944,459.473
-2.561853,43.197944,459.62
-2.561845,43.197946,459.809
-2.561837,43.19795,460.051
-2.561829,43.197952,460.057
-2.561818,43.197957,460.425
-2.561812,43.197962,460.439
-2.56181,43.197965,460.67
-2.561807,43.197972,460.863
-2.5618,43.197975,461.066
-2.561796,43.19798,461.012
-2.561791,43.197985,461.221
-2.561782,43.197994,461.441
-2.56177,43.197998,461.809
-2.561763,43.198003,462.054
-2.561753,43.198005,462.06
-2.561749,43.19801,462.238
-2.561742,43.198014,462.478
-2.561737,43.198018,462.642
-2.561731,43.198023,462.643
-2.561724,43.198029,463.049
-2.561715,43.198036,463.285
-2.561711,43.198039,463.254
-2.561704,43.198043,463.456
-2.561693,43.198048,463.611
-2.561688,43.19805,463.809
-2.561679,43.198055,464.037
-2.561675,43.198059,464.013
-2.561672,43.198063,464.231
-2.561669,43.198068,464.441
-2.561665,43.198072,464.695
-2.561655,43.198078,464.896
-2.561651,43.198084,465.089
-2.561647,43.19809,465.232
-2.561643,43.198092,465.428
-2.561636,43.198092,465.432
-2.561626,43.198096,465.692
-2.561621,43.1981,465.811
-2.561611,43.198103,466.085
-2.561606,43.198105,466.291
-2.561596,43.198108,466.479
-2.561589,43.19811,466.649
-2.56158,43.19811,466.643
-2.561571,43.198115,466.854
-2.561561,43.198117,467.27
-2.56155,43.198121,467.466
-2.561545,43.198124,467.661
-2.561532,43.198129,467.621
-2.561521,43.198134,467.813
-2.561511,43.198139,468.238
-2.561505,43.198146,468.414
-2.5615,43.198146,468.682
-2.56149,43.198149,469.276
-2.561483,43.198151,469.477
-2.561472,43.198154,469.69
-2.561467,43.198161,469.619
-2.561458,43.198169,469.861
-2.561452,43.198175,470.021
-2.561441,43.198184,470.409
-2.561438,43.198188,470.698
-2.561434,43.198192,470.814
-2.561425,43.198195,471.042
-2.561419,43.198197,471.232
-2.561415,43.198199,471.236
-2.561404,43.198204,471.497
-2.561398,43.198207,471.49
-2.561385,43.198209,471.613
-2.561375,43.198215,471.649
-2.561366,43.198219,472.021
-2.561359,43.198222,472.403
-2.561353,43.198226,472.609
-2.561349,43.198231,472.813
-2.56134,43.198235,473.099
-2.561333,43.19824,473.277
-2.561326,43.198243,473.477
-2.561316,43.198248,473.621
-2.561311,43.198248,473.682
-2.561303,43.19825,473.825
-2.561295,43.198255,474.088
-2.561289,43.198256,474.074
-2.561278,43.19826,474.254
-2.561269,43.198262,474.456
-2.561264,43.198264,474.611
-2.561255,43.198268,474.809
-2.561244,43.198275,475.067
-2.561234,43.198275,475.253
-2.561228,43.19828,475.251
-2.561218,43.198285,475.471
-2.56121,43.19829,475.625
-2.561202,43.198298,475.886
-2.56119,43.198305,475.899
-2.561183,43.198312,476.092
-2.561175,43.198317,476.258
-2.561165,43.19832,476.281
-2.561151,43.198329,476.461
-2.561146,43.198332,476.817
-2.561141,43.198336,477.009
-2.561132,43.198342,477.26
-2.561129,43.198346,477.456
-2.561125,43.198351,477.464
-2.561119,43.198358,477.624
-2.561114,43.198365,477.688
-2.561113,43.198372,477.879
-2.561114,43.198384,478.015
-2.561111,43.198389,478.281
-2.56111,43.198398,478.485
-2.561105,43.198402,478.689
-2.561101,43.198409,479.009
-2.561101,43.198414,479.24
-2.5611,43.198422,479.476
-2.561101,43.198428,479.644
-2.5611,43.198434,479.854
-2.561099,43.19844,480.039
-2.5611,43.198444,480.232
-2.561102,43.198448,480.495
-2.561104,43.198454,480.855
-2.561101,43.198461,481.007
-2.561103,43.198466,481.217
-2.561102,43.19847,481.409
-2.5611,43.198478,481.477
-2.561097,43.198486,481.623
-2.561093,43.198494,481.851
-2.5611,43.198497,482.071
-2.561102,43.198502,482.025
-2.561103,43.198506,482.236
-2.561108,43.19851,482.479
-2.561111,43.198514,482.632
-2.561115,43.198519,482.898
-2.561121,43.198526,483.041
-2.561124,43.198532,483.215
-2.561132,43.198536,483.689
-2.561137,43.198544,483.655
-2.561141,43.198548,483.883
-2.561146,43.198548,484.293
-2.561154,43.198549,484.447
-2.561156,43.198542,484.641
-2.561163,43.198547,484.854
-2.561167,43.198552,484.86
-2.561174,43.198552,485.049
-2.56118,43.198549,485.202
-2.561188,43.19855,485.422
-2.561197,43.198554,485.609
-2.561203,43.198555,485.696
-2.561214,43.198558,485.852
-2.561222,43.198557,485.81
-2.561235,43.198557,486.02
-2.561243,43.198554,486.244
-2.561249,43.198553,486.455
-2.56126,43.198552,486.698
-2.56127,43.198555,486.841
-2.561272,43.198559,487.027
-2.56128,43.198558,487.027
-2.561289,43.198561,487.268
-2.561298,43.198564,487.414
-2.561307,43.198565,487.609
-2.561317,43.198569,487.884
-2.561329,43.198573,488.09
-2.561336,43.198573,488.268
-2.561345,43.198575,488.438
-2.561356,43.198577,488.482
-2.561367,43.198579,488.693
-2.561376,43.198581,488.676
-2.561385,43.198584,488.839
-2.561392,43.198586,488.835
-2.5614,43.198589,489.066
-2.561415,43.198588,489.029
-2.561423,43.19859,489.221
-2.561438,43.198592,489.409
-2.561444,43.198595,489.618
-2.561452,43.198596,489.814
-2.561461,43.198596,490.062
-2.561474,43.1986,490.292
-2.561482,43.198601,490.446
-2.561488,43.198602,490.417
-2.561501,43.198604,490.46
-2.561511,43.198606,490.623
-2.56152,43.198606,490.629
-2.561531,43.198606,490.872
-2.561542,43.198609,490.813
-2.561556,43.198611,491.014
-2.561565,43.198613,491.009
-2.561573,43.198616,491.279
-2.561586,43.198619,491.465
-2.561595,43.19862,491.633
-2.5616,43.198621,491.643
-2.561612,43.198625,491.867
-2.561618,43.198626,492.078
-2.561629,43.198627,492.081
-2.561644,43.19863,492.274
-2.561653,43.198632,492.21
-2.561666,43.198637,492.281
-2.561679,43.198642,492.461
-2.561689,43.198646,492.617
-2.561698,43.19865,492.809
-2.56171,43.198655,493.09
-2.561719,43.198657,493.276
-2.561727,43.19866,493.414
-2.561732,43.198666,493.894
-2.561738,43.198667,494.038
-2.561747,43.19867,494.049
-2.561754,43.198676,494.272
-2.56176,43.198678,494.475
-2.561767,43.198682,494.631
-2.561769,43.198688,494.659
-2.561772,43.198691,494.803
-2.561778,43.198698,495.023
-2.561783,43.198703,495.209
-2.561785,43.198709,495.297
-2.561791,43.198716,495.493
-2.561798,43.198721,495.421
-2.561804,43.198727,495.671
-2.561815,43.198732,496.035
-2.561819,43.198738,496.286
-2.561822,43.198743,496.429
-2.561828,43.19875,496.892
-2.561832,43.198755,496.898
-2.561836,43.19876,497.028
-2.561843,43.198765,497.289
-2.561846,43.198772,497.417
-2.561855,43.198778,497.874
-2.561859,43.198784,498.02
-2.561864,43.198786,498.288
-2.561866,43.198791,498.258
-2.561871,43.198795,498.432
-2.561877,43.198801,498.623
-2.561879,43.198806,498.626
-2.561881,43.19881,498.829
-2.561887,43.198813,499.085
-2.561894,43.198817,499.213
-2.561899,43.198822,499.643
-2.561904,43.198829,499.807
-2.561902,43.198832,499.809
-2.561912,43.198838,500.417
-2.561918,43.198842,500.461
-2.561924,43.198849,500.652
-2.561928,43.198852,500.815
-2.561934,43.198856,501.038
-2.56194,43.198859,501.234
-2.561948,43.198863,501.455
-2.56195,43.198867,501.407
-2.561954,43.198863,501.617
-2.561968,43.198861,501.226
-2.561976,43.198863,501.411
-2.561979,43.198866,501.409
-2.561982,43.198871,501.614
-2.561993,43.198877,502.06
-2.561999,43.198887,502.268
-2.562007,43.198895,502.638
-2.562012,43.198905,503.042
-2.562023,43.198915,503.423
-2.562032,43.198924,503.856
-2.562041,43.198933,504.089
-2.562046,43.198946,504.245
-2.562053,43.198951,504.463
-2.562057,43.198954,504.644
-2.562061,43.198965,504.818
-2.562062,43.198972,505.009
-2.562067,43.198978,505.438
-2.562075,43.198983,505.894
-2.562089,43.198985,506.212
-2.562103,43.198987,506.442
-2.562109,43.19899,506.626
-2.562116,43.198997,506.667
-2.562121,43.199001,506.88
-2.562133,43.199005,506.853
-2.562143,43.199009,506.869
-2.562154,43.199013,507.095
-2.562163,43.199016,507.249
-2.562177,43.199022,507.223
-2.562187,43.199026,507.409
-2.562193,43.199034,507.471
-2.562201,43.199038,507.647
-2.562211,43.199044,507.625
-2.562216,43.19905,507.645
-2.562226,43.199059,507.869
-2.562239,43.199065,507.86
-2.562249,43.199071,508.083
-2.562262,43.199076,508.216
-2.562265,43.199081,508.242
-2.562274,43.199087,508.481
-2.562281,43.199091,508.661
-2.562289,43.199101,508.617
-2.562293,43.199112,508.609
-2.562298,43.199117,508.87
-2.562303,43.199121,508.886
-2.562311,43.199125,509.024
-2.562322,43.199133,509.284
-2.562331,43.199134,509.468
-2.562341,43.199138,509.699
-2.562352,43.19914,509.632
-2.562361,43.199141,509.815
-2.562362,43.199146,510.091
-2.562365,43.19915,510.081
-2.562373,43.199155,510.261
-2.562387,43.199158,510.417
-2.562398,43.199163,510.609
-2.562403,43.199168,510.65
-2.562408,43.199172,510.816
-2.562421,43.199179,511.024
-2.562434,43.199185,511.214
-2.562443,43.19919,511.228
-2.562452,43.199198,511.439
-2.562455,43.199206,511.622
-2.562469,43.199211,511.845
-2.562478,43.199218,512.021
-2.562484,43.199223,512.098
-2.562494,43.19923,512.215
-2.562499,43.199234,512.426
-2.562502,43.199242,512.609
-2.562511,43.199252,512.831
-2.562516,43.199258,513.067
-2.562514,43.199273,513.245
-2.562517,43.199281,513.415
-2.562516,43.199292,513.679
-2.562514,43.199299,513.87
-2.562513,43.199305,514.013
-2.56251,43.199312,514.086
-2.562506,43.199317,514.242
-2.562504,43.199321,514.438
-2.562503,43.19933,514.47
-2.562502,43.199336,514.617
-2.562498,43.199344,515.009
-2.562495,43.199355,515.235
-2.562496,43.199368,515.491
-2.562501,43.199377,515.659
-2.562498,43.199384,515.869
-2.562496,43.199393,516.063
-2.562494,43.199404,516.214
-2.562495,43.19941,516.447
-2.562494,43.199418,516.66
-2.562496,43.199421,517.089
-2.56249,43.199425,517.206
-2.562488,43.199429,517.226
-2.562489,43.199434,517.409
-2.56249,43.199438,517.43
-2.562485,43.199445,517.626
-2.562484,43.199449,517.844
-2.562482,43.19946,518.228
-2.562483,43.199464,518.439
-2.562488,43.19947,518.462
-2.562486,43.199473,518.675
-2.562486,43.199485,518.851
-2.562488,43.1995,518.842
-2.562495,43.199509,519.022
-2.5625,43.199515,519.014
-2.562505,43.199523,519.209
-2.562507,43.199529,519.476
-2.562507,43.199537,519.482
-2.562508,43.199544,519.66
-2.562511,43.199548,519.88
-2.562514,43.199556,519.894
-2.562516,43.199563,520.065
-2.562517,43.199567,520.218
-2.562516,43.199576,520.491
-2.562515,43.199584,520.647
-2.562518,43.19959,520.654
-2.562522,43.199595,520.856
-2.562524,43.199603,521.011
-2.562526,43.199612,521.209
-2.562528,43.199618,521.227
-2.562536,43.199623,521.463
-2.56254,43.199628,521.861
-2.562541,43.199632,522.071
-2.562546,43.199638,522.285
-2.562552,43.199636,522.416
-2.562556,43.199644,522.649
-2.562561,43.199649,522.812
-2.562565,43.199657,523.068
-2.562572,43.199669,523.264
-2.562579,43.199678,523.406
-2.562582,43.199683,523.616
-2.562586,43.199688,523.809
-2.56259,43.199694,524.028
-2.562591,43.199702,524.064
-2.562592,43.19971,524.492
-2.562602,43.199721,525.027
-2.562606,43.199724,525.03
-2.562608,43.199732,525.477
-2.562609,43.199739,525.661
-2.562609,43.199746,525.827
-2.562613,43.199751,526.209
-2.56262,43.199759,526.449
-2.562624,43.199766,526.625
-2.562629,43.199772,526.813
-2.562632,43.199787,527.033
-2.562638,43.199791,527.027
-2.562645,43.199797,527.258
-2.562646,43.199801,527.481
-2.562648,43.199809,527.444
-2.562646,43.199825,527.66
-2.562655,43.199831,527.836
-2.562658,43.19984,528.017
-2.562665,43.19985,528.418
-2.562671,43.199857,528.609
-2.56268,43.199866,528.615
-2.562685,43.199878,528.641
-2.562685,43.199888,528.689
-2.56269,43.199899,528.899
-2.562694,43.199906,528.873
-2.562698,43.199913,529.054
-2.562704,43.199919,529.497
-2.562706,43.199926,529.65
-2.562709,43.199933,529.816
-2.56271,43.19994,530.072
-2.562711,43.199944,530.213
-2.562718,43.199951,530.414
-2.562726,43.199957,530.409
-2.562734,43.199967,530.619
-2.562738,43.199978,530.815
-2.562742,43.199986,530.843
-2.562745,43.199992,531.093
-2.562746,43.2,531.057
-2.562748,43.200009,531.258
-2.562748,43.200016,531.221
-2.562749,43.200023,531.484
-2.562751,43.200026,531.67
-2.562756,43.200029,531.841
-2.562756,43.200039,531.881
-2.562759,43.200044,531.809
-2.562764,43.200052,532.009
-2.56277,43.200062,532.046
-2.562772,43.20007,532.242
-2.562774,43.200076,532.47
-2.562775,43.200082,532.61
-2.562777,43.200091,532.814
-2.562779,43.200096,533.045
-2.562778,43.200104,533.228
-2.56278,43.20011,533.261
-2.562784,43.200116,533.467
-2.562789,43.200118,533.612
-2.562792,43.200126,533.832
-2.562792,43.200134,533.805
-2.562791,43.200144,534.009
-2.562793,43.200151,534.463
-2.562793,43.200158,534.419
-2.562798,43.200163,534.637
-2.562802,43.20017,534.877
-2.562806,43.200176,534.841
-2.562812,43.200182,535.012
-2.562819,43.200189,535.255
-2.562826,43.2002,535.414
-2.562828,43.200205,535.434
-2.562831,43.200217,535.455
-2.56283,43.200224,535.61
-2.562841,43.200233,535.809
-2.562851,43.200238,535.875
-2.562858,43.200246,536.021
-2.562866,43.200258,536.049
-2.562873,43.200266,536.259
-2.562887,43.200283,536.453
-2.562893,43.200292,536.874
-2.5629,43.200304,537.267
-2.562907,43.200314,537.64
-2.56291,43.200323,537.866
-2.562907,43.200329,538.051
-2.562909,43.200333,538.201
-2.562916,43.200343,538.211
-2.562921,43.20035,538.409
-2.562926,43.200358,538.457
-2.562931,43.200369,538.643
-2.562935,43.200375,538.611
-2.562938,43.200385,538.661
-2.56294,43.200397,538.845
-2.562941,43.200406,538.816
-2.562946,43.200414,539.099
-2.562948,43.200421,539.072
-2.562951,43.200433,539.068
-2.562956,43.200441,539.254
-2.562962,43.200447,539.256
-2.562967,43.200452,539.211
-2.562972,43.200459,539.209
-2.562975,43.200466,539.267
-2.562975,43.200477,539.473
-2.562981,43.200486,539.421
-2.562988,43.200495,539.441
-2.562991,43.200504,539.435
-2.562995,43.200511,539.636
-2.563,43.200519,539.669
-2.563005,43.200525,539.682
-2.563011,43.200528,539.638
-2.563015,43.200533,539.843
-2.563017,43.200537,539.864
-2.563025,43.200542,539.81
-2.563034,43.200552,540.009
-2.56304,43.200557,540.046
-2.563047,43.200566,540.082
-2.563049,43.200574,540.21
-2.563059,43.20058,540.25
-2.563065,43.200588,540.454
-2.563069,43.200594,540.445
-2.563077,43.200604,540.638
-2.563081,43.20061,540.641
-2.563086,43.200618,540.667
-2.563089,43.200625,540.879
-2.563086,43.200632,540.805
-2.563089,43.200636,540.825
-2.563092,43.200644,541.009
-2.563094,43.200652,541.059
-2.563096,43.200656,541.095
-2.563106,43.200655,541.023
-2.563109,43.200668,541.233
-2.563115,43.200674,541.467
-2.56312,43.200681,541.698
-2.563121,43.20069,541.831
-2.563124,43.200702,542.034
-2.563132,43.200709,542.28
-2.563139,43.200716,542.229
-2.563148,43.200724,542.2
-2.563154,43.20073,542.42
-2.563159,43.200739,542.409
-2.563165,43.200746,542.484
-2.563165,43.20075,542.62
-2.563173,43.20076,542.678
-2.563182,43.20077,542.658
-2.563186,43.200779,542.872
-2.56319,43.200788,542.823
-2.563193,43.200794,543.056
-2.563199,43.200803,543.099
-2.563204,43.200811,543.045
-2.563206,43.200818,543.238
-2.563214,43.200828,543.27
-2.563214,43.200835,543.217
-2.563217,43.200841,543.409
-2.56322,43.200847,543.485
-2.563225,43.200855,543.631
-2.563232,43.200861,543.899
-2.563237,43.200868,543.879
-2.563242,43.200876,544.063
-2.563246,43.200882,544.064
-2.563255,43.200884,544.087
-2.563262,43.200891,544.29
-2.56327,43.200901,544.266
-2.563274,43.200906,544.463
-2.56328,43.200915,544.644
-2.563286,43.200922,544.818
-2.56329,43.200928,545.009
-2.563298,43.200933,545.058
-2.563303,43.200943,545.044
-2.563306,43.200948,545.252
-2.563312,43.200952,545.292
-2.563313,43.200957,545.436
-2.563318,43.200966,545.677
-2.563319,43.200971,545.69
-2.563324,43.200977,545.843
-2.56333,43.200988,545.819
-2.563331,43.200996,546.022
-2.563336,43.201005,546.062
-2.563339,43.201013,546.208
-2.563341,43.201021,546.409
-2.563351,43.20103,546.454
-2.563355,43.20104,546.68
-2.56336,43.201049,546.678
-2.563365,43.201056,546.888
-2.563368,43.201065,546.862
-2.563372,43.201072,547.063
-2.563376,43.201079,547.276
-2.563381,43.201083,547.499
-2.563384,43.20109,547.485
-2.563388,43.201097,547.612
-2.563395,43.201103,547.832
-2.563401,43.201108,548.005
-2.563404,43.201112,548.009
-2.563412,43.20112,548.233
-2.563414,43.201128,548.279
-2.563418,43.201135,548.417
-2.563422,43.201141,548.487
-2.56343,43.201148,548.451
-2.563433,43.201155,548.692
-2.563436,43.20116,548.665
-2.56344,43.201166,548.818
-2.563444,43.201176,548.864
-2.563448,43.201185,548.816
-2.563457,43.201192,549.076
-2.56346,43.201201,549.213
-2.563469,43.201211,549.409
-2.563477,43.20122,549.483
-2.563483,43.201227,549.679
-2.563489,43.201234,549.667
-2.563495,43.201242,549.677
-2.5635,43.20125,549.851
-2.563504,43.201261,549.872
-2.563514,43.201274,549.815
-2.563517,43.201279,550.048
-2.563523,43.201286,550.074
-2.56353,43.201296,550.062
-2.563533,43.201302,550.083
-2.563537,43.201309,550.211
-2.563546,43.201319,550.209
-2.563552,43.201326,550.438
-2.563555,43.201336,550.654
-2.563557,43.201343,550.892
-2.563556,43.20135,550.842
-2.563556,43.201358,551.076
-2.563561,43.201364,551.037
-2.563562,43.201372,551.01
-2.563564,43.201376,551.013
-2.563568,43.201385,551.069
-2.563569,43.201395,551.038
-2.563568,43.201404,551.27
-2.563574,43.201412,551.217
-2.563573,43.201423,551.209
-2.563573,43.201429,551.285
-2.563573,43.201438,551.441
-2.563571,43.201449,551.629
-2.563567,43.201459,551.689
-2.563571,43.201467,551.863
-2.563572,43.201476,551.824
-2.563568,43.201482,551.817
-2.563565,43.201492,551.88
-2.563568,43.201503,552.096
-2.563565,43.201514,552.038
-2.563558,43.201527,552.07
-2.563559,43.201534,552.217
-2.563556,43.201543,552.409
-2.563552,43.201552,552.625
-2.563545,43.201562,552.611
-2.563545,43.201571,553.079
-2.563536,43.201585,553.089
-2.563533,43.201594,553.073
-2.563531,43.201602,553.014
-2.563525,43.201611,552.847
-2.563519,43.201616,552.81
-2.563517,43.201619,552.846
-2.563517,43.201624,553.092
-2.563511,43.201633,553.073
-2.563511,43.20164,553.22
-2.563506,43.201649,553.409
-2.563496,43.201657,553.481
-2.56348,43.201672,553.437
-2.563471,43.201681,553.425
-2.563466,43.201687,553.485
-2.563457,43.201695,553.239
-2.563449,43.201708,553.22
-2.563441,43.201716,553.243
-2.56343,43.201726,553.416
-2.563419,43.201739,553.492
-2.56341,43.201744,553.449
-2.563399,43.201754,553.402
-2.563388,43.201764,553.422
-2.563381,43.201773,553.209
-2.563369,43.201785,553.046
-2.563361,43.201793,553.072
-2.563355,43.201799,553.09
-2.56335,43.201807,553.05
-2.563343,43.201817,553.024
-2.563334,43.201828,553.295
-2.563328,43.201838,553.228
-2.563316,43.20185,553.271
-2.563308,43.201857,553.277
-2.563299,43.201865,553.453
-2.563289,43.201874,553.404
-2.563279,43.20188,553.414
-2.563269,43.201887,553.409
-2.563264,43.201892,553.447
-2.563259,43.2019,553.473
-2.563253,43.201905,553.431
-2.563251,43.201911,553.411
-2.563248,43.20192,553.665
-2.563248,43.201924,553.836
-2.563244,43.201921,553.819
-2.563243,43.201932,554.018
-2.563248,43.201934,554.049
-2.56324,43.20194,554.002
-2.563239,43.201945,554.022
-2.563237,43.201954,554.009
-2.563235,43.201963,554.096
-2.563232,43.201971,554.032
-2.56323,43.201979,554.09
-2.563223,43.201988,554.07
-2.563221,43.201995,553.884
-2.56322,43.202003,553.855
-2.563219,43.202012,554.098
-2.56322,43.202024,554.061
-2.563219,43.202034,554.017
-2.56322,43.202041,554.089
-2.563217,43.202051,554.006
-2.563208,43.202063,554.026
-2.563204,43.202073,554.009
-2.563202,43.202082,554.09
-2.563198,43.20209,553.876
-2.563195,43.202099,553.894
-2.56319,43.202109,553.814
-2.563187,43.202121,554.068
-2.563183,43.20213,554.059
-2.563182,43.202138,554.022
-2.563176,43.202146,554.065
-2.563167,43.202153,553.891
-2.563157,43.202162,553.845
-2.56315,43.202167,553.847
-2.563142,43.202173,553.811
-2.563134,43.202178,553.809
-2.563127,43.202185,553.666
-2.563122,43.202194,553.412
-2.563112,43.202202,553.43
-2.5631,43.20221,553.02
-2.563091,43.202216,552.874
-2.563083,43.202223,552.645
-2.563073,43.202229,552.688
-2.56307,43.202235,552.691
-2.563065,43.202244,552.857
-2.563066,43.202251,553.032
-2.563058,43.202256,553.292
-2.563057,43.202265,553.411
-2.563054,43.202274,553.609
-2.563049,43.202284,553.815
-2.563044,43.202294,553.881
-2.563041,43.202302,554.049
-2.563035,43.202306,554.029
-2.563035,43.202311,554.273
-2.563032,43.202324,554.244
-2.563027,43.20233,554.437
-2.563028,43.202335,554.43
-2.563028,43.202342,554.476
-2.563025,43.202349,554.674
-2.563025,43.202361,554.856
-2.563026,43.202368,554.821
-2.56302,43.202379,555.009
-2.563015,43.202387,555.299
-2.563018,43.202394,555.235
-2.563021,43.202404,555.213
-2.563019,43.202415,555.443
-2.563014,43.202422,555.297
-2.563019,43.202434,555.448
-2.563017,43.202445,555.461
-2.563021,43.202453,555.484
-2.563021,43.202462,555.64
-2.56302,43.202469,555.675
-2.563018,43.202476,555.828
-2.563012,43.202485,555.82
-2.56301,43.202493,555.809
-2.563009,43.202501,555.859
-2.563012,43.202509,555.865
-2.563009,43.202519,556.013
-2.563007,43.202526,556.033
-2.563006,43.202531,556.217
-2.563005,43.202538,556.248
-2.563004,43.202545,556.441
-2.563003,43.202553,556.444
-2.563004,43.202561,556.62
-2.562999,43.202571,556.815
-2.562999,43.202576,556.865
-2.563,43.202589,556.811
-2.562995,43.202599,556.809
-2.562993,43.202614,556.853
-2.562987,43.202624,556.839
-2.562985,43.202634,556.867
-2.562984,43.202645,557.037
-2.562985,43.202653,557.011
-2.562982,43.202663,557.062
-2.56298,43.202672,557.285
-2.562978,43.20268,557.228
-2.562982,43.202688,557.264
-2.562985,43.202699,557.479
-2.562988,43.202705,557.405
-2.56299,43.202712,557.425
-2.562987,43.202716,557.609
-2.562992,43.202729,557.649
-2.562985,43.202738,557.845
-2.562984,43.202751,558.043
-2.562992,43.202754,558.213
-2.562996,43.202758,558.437
-2.562995,43.202762,558.418
-2.562994,43.202766,558.671
-2.562999,43.202773,558.614
-2.562998,43.202784,558.86
-2.563002,43.202793,558.837
-2.563005,43.202802,559.049
-2.563009,43.202811,559.013
-2.563012,43.202821,559.209
-2.563017,43.202831,559.255
-2.56302,43.202843,559.431
-2.563024,43.202849,559.449
-2.563035,43.202857,559.653
-2.563037,43.20286,559.684
-2.563039,43.202863,559.627
-2.563045,43.202869,559.86
-2.563045,43.202874,559.826
-2.563047,43.202882,560.089
-2.563051,43.20289,560.206
-2.563057,43.202898,560.226
-2.563063,43.202901,560.409
-2.563068,43.202906,560.43
-2.563071,43.202912,560.426
-2.563071,43.20292,560.414
-2.563076,43.202926,560.434
-2.563078,43.202933,560.688
-2.563083,43.202937,560.619
-2.563085,43.202946,560.642
-2.563096,43.202952,560.825
-2.563101,43.202955,561.081
-2.563107,43.202962,561.018
-2.56311,43.202968,561.298
-2.563115,43.202973,561.417
-2.563123,43.202981,561.609
-2.563125,43.20299,561.823
-2.563129,43.202996,562.049
-2.563131,43.203001,562.027
-2.563135,43.203008,562.247
-2.563138,43.203014,562.271
-2.563142,43.203019,562.272
-2.563144,43.203028,562.495
-2.563147,43.203037,562.428
-2.56315,43.203043,562.484
-2.563149,43.20305,562.496
-2.563151,43.203056,562.631
-2.563155,43.203062,562.824
-2.563157,43.203066,563.009
-2.56315,43.20307,563.231
-2.563164,43.203076,563.297
-2.563171,43.203087,563.435
-2.56318,43.203094,563.485
-2.563173,43.203102,563.499
-2.563176,43.203109,563.63
-2.56318,43.203123,563.673
-2.563184,43.203131,563.846
-2.56319,43.203135,564.022
-2.563204,43.203145,564.045
-2.563211,43.20315,564.247
-2.563218,43.203155,564.411
-2.563221,43.203165,564.609
-2.563217,43.20317,564.666
-2.56321,43.203177,564.822
-2.563203,43.203181,565.07
-2.563201,43.203189,565.25
-2.563208,43.203194,565.264
-2.563212,43.203202,565.435
-2.563218,43.203213,565.688
-2.563219,43.203221,565.851
-2.563224,43.203228,566.027
-2.563227,43.203233,566.226
-2.563226,43.203241,566.447
-2.563228,43.203244,566.611
-2.563231,43.20325,566.809
-2.563234,43.203257,567.054
-2.563236,43.203261,567.22
-2.56324,43.203267,567.278
-2.563241,43.203271,567.478
-2.563244,43.203279,567.652
-2.563248,43.203284,567.683
-2.563248,43.203293,568.096
-2.563251,43.203302,568.299
-2.563255,43.203305,568.495
-2.563258,43.203311,568.618
-2.563261,43.203316,568.898
-2.563267,43.203321,568.817
-2.563269,43.203329,569.009
-2.563277,43.203336,569.439
-2.563283,43.203344,569.437
-2.563282,43.203348,569.841
-2.563283,43.203352,570.032
-2.563286,43.203357,570.265
-2.563289,43.203362,570.458
-2.563297,43.203368,570.644
-2.563304,43.203375,570.646
-2.563309,43.203382,571.088
-2.563312,43.203386,571.016
-2.563315,43.203392,571.209
-2.563322,43.203399,571.446
-2.563328,43.203402,571.662
-2.56333,43.203406,571.66
-2.563333,43.203412,571.86
-2.563337,43.203418,572.074
-2.56334,43.203427,572.218
-2.563347,43.203434,572.481
-2.563352,43.203441,572.687
-2.563356,43.203449,572.868
-2.563358,43.203455,573.226
-2.563364,43.203462,573.409
-2.563369,43.203465,573.618
-2.563376,43.20347,573.854
-2.563375,43.203474,574.032
-2.563381,43.203483,574.437
-2.563387,43.203487,574.68
-2.563393,43.203493,574.883
-2.563395,43.203501,575.079
-2.563397,43.203508,575.281
-2.563403,43.203519,575.461
-2.563408,43.203523,575.417
-2.563411,43.203529,575.609
-2.563408,43.203537,575.63
-2.563414,43.203544,576.094
-2.563413,43.20355,576.274
-2.563417,43.203555,576.458
-2.56342,43.203561,576.669
-2.563419,43.203566,576.822
-2.563421,43.203571,576.835
-2.563423,43.203575,577.091
-2.563424,43.203583,577.228
-2.563426,43.203588,577.489
-2.563429,43.203593,577.417
-2.56343,43.203603,577.609
-2.563433,43.20361,577.674
-2.563437,43.203615,577.87
-2.56344,43.203621,577.898
-2.563435,43.203621,578.098
-2.563439,43.203627,578.262
-2.563436,43.203631,578.463
-2.563435,43.203637,578.696
-2.563434,43.203646,578.899
-2.563433,43.20365,579.045
-2.563431,43.203655,579.223
-2.563435,43.203659,579.283
-2.563434,43.203666,579.411
-2.563433,43.203671,579.609
-2.563437,43.203675,579.864
-2.563438,43.203685,580.02
-2.563435,43.20369,580.278
-2.563429,43.20369,580.478
-2.563432,43.2037,580.472
-2.563429,43.203704,580.643
-2.563428,43.203709,580.636
-2.563429,43.203715,580.849
-2.563428,43.203722,581.095
-2.563429,43.203728,581.095
-2.563432,43.203733,581.249
-2.56343,43.203742,581.423
-2.563433,43.203749,581.409
-2.563428,43.203754,581.691
-2.56343,43.20376,582.087
-2.56343,43.203768,582.255
-2.563432,43.203778,582.215
-2.563432,43.203787,582.429
-2.56343,43.203793,582.49
-2.563428,43.203799,582.673
-2.563427,43.203808,582.826
-2.56343,43.203814,582.892
-2.563434,43.203826,583.055
-2.563424,43.203834,583.417
-2.56343,43.20384,583.609
-2.563428,43.203846,583.867
-2.56343,43.203852,584.013
-2.563429,43.203858,584.281
-2.563431,43.203866,584.271
-2.563432,43.203874,584.415
-2.563431,43.203883,584.456
-2.563429,43.203889,584.619
-2.563432,43.203896,584.672
-2.563433,43.203904,584.898
-2.563431,43.203911,585.016
-2.563431,43.203919,585.276
-2.563437,43.203929,585.413
-2.563439,43.203938,585.409
-2.563442,43.203947,585.663
-2.563446,43.203953,585.819
-2.563447,43.203958,585.817
-2.563448,43.203963,585.887
-2.563449,43.203968,585.811
-2.56345,43.203974,585.892
-2.563452,43.203984,586.025
-2.563454,43.203991,586.218
-2.563456,43.203998,586.434
-2.563465,43.204011,586.665
-2.563474,43.204022,586.868
-2.563477,43.204025,586.814
-2.56347,43.204028,587.009
-2.563472,43.204042,587.228
-2.563474,43.204049,587.244
-2.563472,43.204058,587.492
-2.563475,43.204066,587.412
-2.56348,43.204073,587.686
-2.563483,43.20408,587.817
-2.563484,43.204088,588.05
-2.563487,43.204094,588.043
-2.563486,43.2041,588.229
-2.563483,43.204107,588.275
-2.563481,43.204112,588.428
-2.563484,43.204117,588.42
-2.563487,43.204123,588.609
-2.563486,43.20413,588.839
-2.563488,43.204138,588.845
-2.56349,43.204141,589.093
-2.563491,43.204149,589.033
-2.563495,43.204153,589.217
-2.563497,43.204156,589.418
-2.563497,43.204163,589.864
-2.563499,43.204167,589.84
-2.563502,43.204174,590.057
-2.563503,43.20418,590.2
-2.56351,43.204182,590.42
-2.563512,43.204188,590.609
-2.563516,43.204195,590.657
-2.563516,43.204202,590.873
-2.563514,43.20421,591.061
-2.563515,43.204221,591.021
-2.563518,43.204233,591.085
-2.563515,43.204241,591.076
-2.563521,43.204247,591.029
-2.563528,43.204254,591.092
-2.563531,43.204257,591.088
-2.563537,43.204264,591.098
-2.563538,43.204272,591.017
-2.563536,43.204278,591.009
-2.563534,43.204284,591.233
-2.563535,43.204291,591.279
-2.563539,43.2043,591.467
-2.563542,43.204308,591.817
-2.563544,43.204317,592.011
-2.563546,43.204326,592.422
-2.563548,43.204331,592.635
-2.563548,43.204343,592.828
-2.563549,43.204352,593.084
-2.563548,43.204358,593.289
-2.563549,43.204364,593.606
-2.563548,43.204373,593.826
-2.563546,43.204386,594.009
-2.56355,43.204393,594.05
-2.563553,43.204401,594.486
-2.56355,43.204409,594.444
-2.563548,43.204416,594.644
-2.563553,43.20442,594.868
-2.563554,43.204436,595.019
-2.563555,43.204445,595.262
-2.563555,43.204453,595.675
-2.563556,43.204462,595.891
-2.563548,43.204472,596.067
-2.563545,43.204482,596.281
-2.563543,43.204494,596.219
-2.563537,43.204499,596.409
-2.563528,43.204501,596.668
-2.563522,43.204508,596.614
-2.563515,43.20451,596.892
-2.563505,43.204513,597.052
-2.563489,43.204518,597.056
-2.563488,43.204524,597.43
-2.563485,43.204531,597.423
-2.563485,43.204525,597.649
-2.563478,43.204529,597.695
-2.563473,43.204534,597.649
-2.563477,43.204536,597.623
-2.563475,43.204545,597.609
-2.563474,43.204549,597.691
-2.563479,43.204548,597.667
-2.563483,43.204543,597.665
-2.563478,43.204546,597.699
-2.563466,43.204545,597.636
-2.563453,43.204546,597.632
-2.563438,43.204547,597.84
-2.563427,43.204548,598.01
-2.563421,43.204552,598.234
-2.56341,43.204555,598.415
-2.563401,43.204556,598.448
-2.563386,43.204559,598.621
-2.563379,43.204558,598.897
-2.563371,43.20456,599.019
-2.563366,43.204562,599.009
-2.563353,43.204562,599.219
-2.56334,43.20456,599.433
-2.563327,43.204557,599.449
-2.563319,43.204557,599.447
-2.563313,43.204559,599.247
-2.563304,43.204558,599.421
-2.563294,43.204557,599.492
-2.56328,43.204557,599.415
-2.56327,43.204558,599.688
-2.563263,43.204558,599.844
-2.563254,43.204556,600.054
-2.563243,43.204557,600.256
-2.563235,43.204558,600.411
-2.563225,43.204558,600.609
-2.563216,43.204558,600.847
-2.563208,43.204557,601.293
-2.5632,43.204558,601.691
-2.563194,43.204558,601.881
-2.563188,43.20456,602.015
-2.563183,43.204562,602.486
-2.563174,43.204561,602.629
-2.563167,43.204566,603.238
-2.563165,43.204563,603.663
-2.563157,43.204563,604.044
-2.563146,43.204567,604.418
-2.563138,43.20457,604.609
-2.563131,43.204571,604.818
-2.563135,43.204569,605.416
-2.563127,43.204572,605.288
-2.563121,43.204573,605.224
-2.56311,43.204574,605.426
-2.563097,43.204575,605.49
-2.563091,43.20458,605.496
-2.563083,43.204582,605.484
-2.563078,43.204582,605.474
-2.563069,43.204583,605.438
-2.563057,43.204577,605.629
-2.563046,43.204579,605.642
-2.563037,43.204579,605.895
-2.563028,43.204581,606.031
-2.563012,43.204581,606.059
-2.563006,43.204582,606.203
-2.562998,43.204582,606.423
-2.562984,43.204581,606.647
-2.562973,43.204578,606.633
-2.562964,43.204577,606.641
-2.562956,43.204574,606.821
-2.562949,43.204573,606.865
-2.562941,43.204569,606.846
-2.562938,43.20458,607.059
-2.562929,43.204579,607.262
-2.56292,43.204578,607.618
-2.562908,43.204574,607.862
-2.562901,43.20457,608.083
-2.562895,43.204564,608.211
-2.562885,43.204561,608.409
-2.562871,43.20456,608.418
-2.562863,43.204557,608.684
-2.562854,43.204553,608.842
-2.562843,43.20455,609.052
-2.562834,43.204554,609.276
-2.562829,43.204556,609.287
-2.562822,43.204557,609.493
-2.56281,43.204554,609.429
-2.562797,43.204556,609.478
-2.562788,43.204555,609.633
-2.562779,43.204554,609.626
-2.562767,43.204555,609.809
-2.56276,43.204552,610.049
-2.562753,43.20455,610.235
-2.562737,43.204548,610.463
-2.562724,43.204548,610.693
-2.562716,43.204545,610.827
-2.562707,43.204542,610.898
-2.5627,43.204542,611.071
-2.562692,43.204543,611.294
-2.562684,43.20454,611.45
-2.562672,43.204539,611.459
-2.562661,43.204536,611.603
-2.562647,43.204535,611.823
-2.56264,43.204535,611.809
-2.562638,43.204532,612.057
-2.562626,43.204538,612.263
-2.562619,43.204532,612.451
-2.56261,43.20453,612.881
-2.562603,43.204529,613.295
-2.562589,43.204528,613.446
-2.562581,43.204525,613.879
-2.562571,43.20452,613.862
-2.562557,43.204515,614.028
-2.562547,43.204514,614.295
-2.562542,43.204515,614.249
-2.562534,43.204519,614.423
-2.562525,43.204519,614.609
-2.562509,43.204518,614.871
-2.562495,43.204516,615.027
-2.562482,43.204514,615.275
-2.562473,43.204514,615.255
-2.562463,43.204516,615.429
-2.562451,43.204516,615.87
-2.562442,43.204518,616.023
-2.562431,43.204519,616.496
-2.562417,43.20452,616.642
-2.562404,43.204521,617.045
-2.562395,43.20452,617.247
-2.562386,43.204516,617.411
-2.562381,43.204513,617.409
-2.56237,43.204507,617.626
-2.562358,43.204502,617.692
-2.562348,43.204505,617.88
-2.562336,43.204504,617.83
-2.562329,43.2045,618.054
-2.562324,43.204498,618.048
-2.562306,43.204493,618.291
-2.56229,43.204493,618.217
-2.562283,43.204493,618.225
-2.562276,43.204488,618.226
-2.562263,43.204484,618.408
-2.56225,43.204486,618.609
-2.562245,43.204484,618.644
-2.562237,43.204481,618.87
-2.56222,43.204481,619.048
-2.562206,43.20448,619.018
-2.562199,43.204478,619.282
-2.562189,43.204472,619.243
-2.562172,43.20447,619.296
-2.562166,43.204474,619.469
-2.562161,43.204472,619.625
-2.562151,43.204468,619.865
-2.562141,43.204466,620.068
-2.562131,43.204466,620.014
-2.562121,43.204466,620.209
-2.562108,43.204463,620.298
-2.562091,43.204464,620.264
-2.56208,43.204463,620.212
-2.562073,43.204462,620.412
-2.562064,43.204459,620.496
-2.562049,43.204457,620.677
-2.562033,43.204457,620.63
-2.562028,43.204457,620.863
-2.56202,43.204458,621.079
-2.56201,43.204457,621.226
-2.561999,43.204456,621.447
-2.561991,43.204457,621.411
-2.561979,43.204457,621.609
-2.561978,43.204464,621.45
-2.561966,43.204473,621.478
-2.561959,43.204474,621.672
-2.561953,43.204482,621.853
-2.561948,43.204489,622.056
-2.561941,43.204491,622.249
-2.56193,43.204493,622.495
-2.561919,43.204494,622.636
-2.561914,43.204496,622.817
-2.561909,43.204498,622.818
-2.561899,43.2045,623.009
-2.561896,43.204507,623.025
-2.561894,43.204514,623.271
-2.561887,43.204521,623.239
-2.561884,43.204531,623.499
-2.561884,43.20454,623.663
-2.561879,43.204546,623.684
-2.561876,43.204554,623.887
-2.561867,43.204557,624.036
-2.561864,43.204565,624.283
-2.561862,43.204569,624.425
-2.561859,43.204573,624.417
-2.561863,43.204577,624.609
-2.561861,43.204585,624.62
-2.561859,43.204595,624.826
-2.561855,43.204599,625.074
-2.56185,43.204607,625.084
-2.561846,43.204613,625.218
-2.561841,43.204615,625.459
-2.561838,43.20462,625.472
-2.561832,43.204625,625.675
-2.56183,43.204631,625.891
-2.561827,43.204636,626.018
-2.561826,43.204642,626.298
-2.561824,43.204647,626.217
-2.561819,43.20465,626.409
-2.561815,43.204655,626.643
-2.561816,43.204659,626.819
-2.56181,43.204667,626.817
-2.561805,43.204673,627.067
-2.5618,43.204678,627.271
-2.561792,43.204686,627.422
-2.561787,43.20469,627.465
-2.561784,43.204696,627.618
-2.561782,43.204706,627.884
-2.561778,43.204718,628.066
-2.561778,43.204728,628.029
-2.561778,43.204733,628.221
-2.561774,43.204739,628.409
-2.56177,43.204744,628.874
-2.561762,43.204747,629.052
-2.561755,43.204749,629.262
-2.561752,43.204752,629.626
-2.561743,43.20476,629.827
-2.561738,43.204766,629.81
-2.561735,43.20477,630.023
-2.561729,43.204772,630.249
-2.561728,43.204779,630.267
-2.561725,43.204788,630.481
-2.561722,43.204794,630.619
-2.561719,43.204801,630.809
-2.561715,43.204807,631.048
-2.561716,43.204812,631.054
-2.561715,43.204823,631.242
-2.561715,43.204828,631.442
-2.561714,43.204834,631.436
-2.561707,43.204847,631.897
-2.561702,43.20485,632.07
-2.561694,43.204852,632.283
-2.561688,43.20486,632.279
-2.561686,43.20487,632.415
-2.561684,43.204876,632.665
-2.561678,43.20488,632.611
-2.561673,43.204886,632.809
-2.561664,43.204893,633.283
-2.561659,43.204897,633.479
-2.561651,43.204904,633.837
-2.561642,43.204913,634.247
-2.561637,43.204914,634.461
-2.561634,43.204917,634.812
-2.561628,43.204921,635.045
-2.561634,43.204929,635.018
-2.561638,43.204932,635.214
-2.561634,43.204934,635.446
-2.561624,43.20494,635.488
-2.561619,43.204948,635.616
-2.561619,43.204955,635.809
-2.561618,43.204963,636.066
-2.561613,43.20497,636.232
-2.561606,43.204973,636.42
-2.5616,43.204982,636.68
-2.561594,43.204993,636.894
-2.56159,43.204999,637.025
-2.561588,43.205007,637.248
-2.561582,43.205012,637.651
-2.561579,43.205021,637.897
-2.561574,43.20503,638.096
-2.56157,43.205038,638.231
-2.561567,43.205044,638.224
-2.561564,43.20505,638.409
-2.56156,43.205054,638.691
-2.561562,43.205049,638.895
-2.561562,43.205054,638.849
-2.561562,43.205063,638.81
-2.561557,43.205071,639.076
-2.561553,43.205079,639.032
-2.561546,43.205085,639.273
-2.561546,43.205098,639.285
-2.561543,43.205107,639.413
-2.561546,43.205115,639.609
-2.561545,43.205124,639.839
-2.561547,43.205129,640.025
-2.561547,43.205133,640.043
-2.561548,43.205138,640.223
-2.561546,43.205144,640.427
-2.561547,43.20515,640.888
-2.561544,43.205157,641.051
-2.561538,43.205161,641.414
-2.561534,43.205171,641.66
-2.561529,43.205173,641.873
-2.561524,43.205176,642.085
-2.561519,43.205178,642.213
-2.561517,43.205189,642.409
-2.561514,43.205196,642.469
-2.561515,43.205207,642.665
-2.561506,43.205213,642.853
-2.561502,43.205221,643.023
-2.561496,43.205235,643.057
-2.56149,43.205246,643.098
-2.561487,43.205254,643.271
-2.56148,43.205258,643.42
-2.561472,43.205264,643.641
-2.561471,43.205268,643.681
-2.561466,43.205273,643.809
-2.561465,43.205281,643.809
-2.561461,43.205287,644.086
-2.561457,43.205298,644.052
-2.561457,43.205306,644.25
-2.561458,43.205314,644.43
-2.561459,43.205321,644.624
-2.561453,43.205325,644.875
-2.561452,43.205333,645.078
-2.561451,43.205337,645.261
-2.561451,43.205347,645.427
-2.561449,43.205355,645.642
-2.561448,43.205362,645.822
-2.561446,43.205371,645.814
-2.561443,43.20538,646.009
-2.561442,43.205387,646.066
-2.561445,43.20539,646.212
-2.56144,43.205397,646.22
-2.561439,43.205404,646.47
-2.561436,43.20541,646.694
-2.56143,43.205414,646.625
-2.561429,43.205423,646.648
-2.561427,43.20543,646.821
-2.561426,43.205441,646.897
-2.561422,43.205445,647.027
-2.561419,43.205452,647.268
-2.561419,43.205464,647.414
-2.561425,43.205474,647.609
-2.561428,43.205484,647.684
-2.561434,43.205491,647.68
-2.561436,43.205498,647.848
-2.561439,43.205505,648.048
-2.561435,43.205509,648.082
-2.561437,43.205515,648.233
-2.561432,43.205516,648.486
-2.561436,43.205521,648.435
-2.561438,43.205524,648.214
-2.56144,43.205533,648.239
-2.56144,43.205543,648.252
-2.561441,43.205552,648.478
-2.561442,43.205562,648.418
-2.561445,43.205572,648.698
-2.561442,43.205583,648.817
-2.561439,43.20559,648.809
-2.561447,43.205596,648.873
-2.561448,43.205604,648.889
-2.56145,43.205615,649.097
-2.561454,43.205624,649.067
-2.561454,43.205636,649.071
-2.561456,43.205647,649.282
-2.56146,43.205658,649.255
-2.561463,43.205668,649.268
-2.561462,43.205682,649.074
-2.561467,43.205687,649.065
-2.561471,43.205696,649.021
-2.561472,43.205705,649.209
-2.561473,43.205711,649.261
-2.561477,43.205723,649.277
-2.56148,43.205732,649.445
-2.561487,43.205739,649.435
-2.56149,43.205745,649.469
-2.561493,43.205749,649.68
-2.561494,43.205757,649.876
-2.561496,43.20576,649.842
-2.561502,43.205763,649.807
-2.561502,43.205759,650.009
-2.561508,43.205763,650.055
-2.561513,43.205771,650.079
-2.561512,43.205781,650.01
-2.561512,43.205786,650.053
-2.561517,43.205786,650.026
-2.561521,43.205789,650.072
-2.561528,43.20579,650.027
-2.561528,43.205799,650.068
-2.561532,43.205809,650.014
-2.561534,43.205817,650.209
-2.561534,43.205823,650.294
-2.561535,43.205832,650.44
-2.561533,43.205837,650.458
-2.561537,43.205839,650.678
-2.561538,43.205843,650.682
-2.561528,43.205854,650.673
-2.561528,43.205864,650.886
-2.56153,43.205875,650.889
-2.561528,43.205887,650.855
-2.56153,43.20589,651.098
-2.561527,43.205887,651.015
-2.561519,43.20589,650.861
-2.561516,43.205897,650.887
-2.56151,43.205908,651.065
-2.561507,43.205912,651.295
-2.561514,43.205914,651.833
-2.561515,43.205918,651.822
-2.561517,43.205922,651.849
-2.561523,43.205927,651.809
-2.56152,43.205931,651.875
-2.561519,43.205935,652.031
-2.561522,43.20594,652.099
-2.56152,43.205945,652.299
-2.561519,43.20595,652.413
-2.561523,43.205957,652.614
-2.561525,43.205964,652.897
-2.561525,43.20597,653.06
-2.561527,43.205977,653.233
-2.561527,43.205983,653.423
-2.561534,43.205987,653.415
-2.561535,43.205993,653.409
-2.561539,43.205998,653.455
-2.561539,43.206002,653.651
-2.56154,43.20601,653.899
-2.561547,43.206013,654.033
-2.561555,43.20602,654.024
-2.561558,43.206026,654.287
-2.561561,43.206031,654.47
-2.561562,43.206036,654.486
-2.561563,43.206042,654.637
-2.561567,43.206045,654.649
-2.561569,43.206052,654.613
-2.561571,43.206058,654.809
-2.561576,43.206064,655.035
-2.56158,43.206069,655.031
-2.561584,43.206073,655.239
-2.561582,43.206079,655.259
-2.561583,43.206086,655.463
-2.561589,43.20609,655.477
-2.561592,43.206096,655.67
-2.561596,43.2061,655.626
-2.561599,43.206109,655.866
-2.561606,43.206113,656.029
-2.561612,43.206119,656.221
-2.561617,43.206125,656.209
-2.561621,43.20613,656.498
-2.561628,43.206139,656.624
-2.561633,43.206145,656.682
-2.561639,43.206151,656.872
-2.561647,43.206156,657.016
-2.561653,43.206164,657.277
-2.56166,43.206173,657.47
-2.561665,43.206179,657.613
-2.561675,43.206184,657.699
-2.561684,43.206188,657.872
-2.561695,43.206192,658.013
-2.561705,43.206197,658.214
-2.561712,43.206205,658.209
-2.561718,43.206213,658.449
-2.561725,43.206218,658.445
-2.56173,43.206221,658.633
-2.561735,43.20622,658.674
-2.561749,43.206226,658.65
-2.561754,43.206234,658.836
-2.561759,43.206238,659.017
-2.561771,43.206251,659.218
-2.561769,43.206258,659.209
-2.56177,43.206263,659.461
-2.561775,43.206265,659.887
-2.561782,43.206271,659.88
-2.561784,43.206275,660.076
-2.561788,43.206277,660.227
-2.561793,43.206287,660.468
-2.5618,43.206296,660.614
-2.561804,43.206304,660.809
-2.561811,43.20631,661.274
-2.561817,43.206315,661.42
-2.561823,43.206323,661.828
-2.561828,43.206329,662.088
-2.561833,43.206335,662.282
-2.561839,43.206339,662.243
-2.561847,43.20635,662.496
-2.561855,43.206359,662.649
-2.56186,43.206367,662.815
-2.561863,43.206375,663.099
-2.561869,43.206384,663.207
-2.561872,43.206392,663.227
-2.56188,43.206403,663.409
-2.561884,43.206409,663.691
-2.561888,43.206413,663.847
-2.561895,43.20642,664.055
-2.561899,43.206425,664.085
-2.561907,43.206435,664.219
-2.561916,43.206442,664.45
-2.561921,43.20645,664.613
-2.561929,43.206459,664.816
-2.561928,43.206466,665.052
-2.561936,43.206475,665.294
-2.561939,43.206482,665.457
-2.561945,43.206491,665.822
-2.561954,43.206498,666.009
-2.561964,43.206503,666.031
-2.561968,43.206509,666.297
-2.561977,43.206512,666.435
-2.561986,43.206519,666.425
-2.561985,43.206524,666.689
-2.561986,43.206528,666.86
-2.561983,43.206531,667.062
-2.561988,43.206531,667.239
-2.561997,43.206536,667.201
-2.561998,43.20654,667.421
-2.562004,43.206548,667.409
-2.562009,43.206553,667.495
-2.562014,43.206559,667.691
-2.56202,43.206565,667.689
-2.56202,43.206574,667.859
-2.562029,43.206584,667.853
-2.56203,43.206593,668.014
-2.562033,43.206598,668.017
-2.562032,43.206602,668.04
-2.562039,43.206615,668.276
-2.56204,43.206622,668.438
-2.562045,43.206626,668.47
-2.56205,43.206637,668.617
-2.562054,43.206646,668.809
-2.562064,43.206651,669.055
-2.562073,43.206659,669.271
-2.56208,43.206671,669.289
-2.562083,43.206681,669.419
-2.56209,43.206688,669.633
-2.562092,43.206699,670.054
-2.562103,43.206712,670.037
-2.562108,43.206721,670.26
-2.562115,43.206728,670.266
-2.562121,43.206736,670.493
-2.562129,43.206744,670.465
-2.562133,43.20675,670.621
-2.562142,43.206749,670.809
-2.562147,43.206758,671.061
-2.562152,43.206762,671.297
-2.562154,43.206765,671.685
-2.562162,43.206771,671.695
-2.562167,43.206775,671.889
-2.562175,43.206779,672.033
-2.562182,43.206791,672.086
-2.562186,43.206797,672.082
-2.562194,43.206804,672.282
-2.562202,43.206808,672.243
-2.562211,43.206814,672.417
-2.562227,43.20682,672.609
-2.562231,43.206823,672.85
-2.562236,43.206827,672.876
-2.562241,43.206836,673.064
-2.562247,43.206844,673.224
-2.562254,43.206856,673.498
-2.56226,43.206862,673.689
-2.562259,43.206868,673.832
-2.562265,43.206877,673.885
-2.562269,43.206883,674.061
-2.562273,43.206886,674.042
-2.562279,43.206894,674.222
-2.562274,43.2069,674.214
-2.562269,43.206896,674.409
-2.562269,43.206906,674.412
-2.562273,43.206909,674.48
-2.562277,43.206915,674.43
-2.562278,43.20692,674.454
-2.562281,43.206926,674.675
-2.562282,43.20693,674.648
-2.562289,43.206938,674.881
-2.562291,43.206942,674.897
-2.562295,43.206945,675.044
-2.562301,43.206955,675.205
-2.562303,43.206959,675.415
-2.562305,43.206963,675.609
-2.562306,43.20697,675.826
-2.562308,43.206974,676.06
-2.562311,43.206979,676.25
-2.562318,43.206984,676.234
-2.562324,43.206987,676.495
-2.562332,43.206994,676.698
-2.562333,43.207003,677.011
-2.562336,43.207009,677.257
-2.562338,43.207014,677.424
-2.562344,43.207025,677.604
-2.562352,43.207032,677.614
-2.562367,43.207042,677.809
-2.562371,43.207049,678.044
-2.562376,43.207058,678.01
-2.562384,43.207065,678.278
-2.562387,43.207073,678.478
-2.562392,43.20708,678.662
-2.562392,43.207084,678.863
-2.562395,43.207089,679.246
-2.562397,43.207096,679.459
-2.562398,43.207101,679.625
-2.562401,43.207106,679.817
-2.562401,43.20711,680.287
-2.562397,43.207113,680.415
-2.562399,43.207117,680.409
-2.562405,43.207122,680.669
-2.56241,43.207129,680.887
-2.562422,43.20714,680.887
-2.562428,43.207143,681.081
-2.562434,43.207148,681.212
-2.56244,43.207158,681.215
-2.562442,43.207166,681.458
-2.562445,43.207172,681.414
-2.562449,43.207178,681.643
-2.562459,43.207189,681.664
-2.562467,43.207199,681.81
-2.562478,43.207208,682.009
-2.562483,43.207214,682.246
-2.562487,43.207217,682.432
-2.562495,43.207223,682.46
-2.562503,43.207232,682.66
-2.56251,43.207234,682.874
-2.562516,43.207239,682.885
-2.562524,43.207247,683.048
-2.562537,43.207256,683.231
-2.562547,43.207264,683.257
-2.562553,43.20727,683.478
-2.562562,43.207279,683.433
-2.562566,43.207286,683.626
-2.562569,43.207291,683.809
-2.562572,43.207298,683.819
-2.562578,43.207304,684.015
-2.562582,43.207311,684.263
-2.562587,43.207319,684.443
-2.562591,43.207326,684.477
-2.5626,43.207336,684.618
-2.562602,43.207344,684.671
-2.562607,43.207354,684.894
-2.562611,43.207359,684.82
-2.562616,43.207362,685.072
-2.562623,43.20737,685.213
-2.562625,43.207377,685.214
-2.562629,43.207384,685.409
-2.562635,43.207393,685.449
-2.562637,43.207407,685.665
-2.562642,43.207417,685.843
-2.562646,43.207422,686.063
-2.562653,43.207426,686.097
-2.56266,43.207438,686.268
-2.562668,43.207448,686.411
-2.562672,43.207455,686.674
-2.562676,43.20746,686.86
-2.562683,43.207469,687.053
-2.56269,43.207478,687.204
-2.562694,43.207486,687.414
-2.5627,43.207496,687.409
-2.562702,43.207499,687.417
-2.562705,43.207508,687.693
-2.562716,43.207515,687.881
-2.562721,43.20752,688.031
-2.562725,43.207527,688.285
-2.562728,43.207537,688.436
-2.562734,43.207547,688.449
-2.562732,43.207551,688.648
-2.562735,43.207559,688.875
-2.562746,43.20757,688.828
-2.562755,43.207581,689.02
-2.562755,43.20759,689.209
-2.56276,43.207599,689.449
-2.562765,43.207609,689.615
-2.562768,43.207619,689.653
-2.562772,43.207623,689.883
-2.562775,43.207631,689.847
-2.562781,43.207646,690.058
-2.562784,43.207657,690.021
-2.562791,43.207666,690.234
-2.562797,43.207677,690.49
-2.562803,43.207687,690.443
-2.562811,43.207696,690.664
-2.562819,43.207705,690.81
-2.562826,43.207711,690.809
-2.562834,43.207721,691.016
-2.562838,43.207729,691.242
-2.562845,43.20774,691.26
-2.56285,43.207749,691.48
-2.562856,43.207761,691.444
-2.562863,43.207771,691.615
-2.562876,43.207778,691.688
-2.562887,43.207784,691.891
-2.562897,43.207796,691.857
-2.562906,43.207803,692.026
-2.562914,43.207813,692.047
-2.562921,43.207823,692.211
-2.562926,43.20783,692.409
-2.562934,43.207835,692.674
-2.562938,43.20784,692.69
-2.562948,43.207851,692.858
-2.56295,43.207858,693.258
-2.562956,43.207866,693.252
-2.562961,43.207875,693.493
-2.56297,43.207884,693.636
-2.562982,43.207891,693.869
-2.56299,43.207899,693.875
-2.562998,43.207913,694.018
-2.563004,43.207922,694.098
-2.563013,43.207931,694.217
-2.563022,43.207943,694.209
-2.563028,43.207954,694.423
-2.563031,43.207961,694.439
-2.563038,43.20797,694.467
-2.563042,43.207977,694.697
-2.563053,43.207989,694.871
-2.563059,43.207994,695.012
-2.563066,43.208004,695.485
-2.563069,43.208015,695.678
-2.563076,43.208027,695.894
-2.563078,43.208035,696.085
-2.563085,43.208045,696.289
-2.563091,43.208052,696.217
-2.5631,43.208061,696.409
-2.563106,43.208068,696.63
-2.563115,43.208078,696.866
-2.563124,43.208086,697.084
-2.563131,43.208096,697.054
-2.563138,43.208103,697.238
-2.563144,43.208113,697.459
-2.563148,43.208124,697.452
-2.563151,43.208131,697.695
-2.563157,43.208134,697.661
-2.563168,43.208136,697.893
-2.563173,43.208141,698.065
-2.563176,43.208145,698.021
-2.563181,43.20815,698.421
-2.563185,43.208155,698.467
-2.563192,43.208163,698.675
-2.5632,43.208171,698.665
-2.563207,43.208181,698.839
-2.56321,43.208188,698.81
-2.563216,43.208198,699.063
-2.563221,43.208206,699.096
-2.563229,43.208215,699.092
-2.563234,43.208224,699.054
-2.563237,43.208234,699.256
-2.563243,43.208243,699.211
-2.563248,43.208252,699.409
-2.563254,43.208261,699.687
-2.563265,43.208269,699.883
-2.56327,43.208277,700.041
-2.563278,43.208289,700.241
-2.56328,43.208298,700.455
-2.563288,43.208304,700.646
-2.563291,43.208311,700.859
-2.563299,43.208318,701.092
-2.563304,43.208327,701.048
-2.563309,43.208339,701.252
-2.563312,43.208345,701.453
-2.563318,43.208355,701.608
-2.563321,43.208365,701.809
-2.563323,43.208374,702.037
-2.563329,43.208382,702.263
-2.563335,43.208393,702.451
-2.563343,43.208399,702.661
-2.563351,43.20841,702.875
-2.563357,43.208417,702.876
-2.563363,43.208425,702.869
-2.563372,43.208429,702.862
-2.563381,43.208437,703.058
-2.563384,43.208445,703.248
-2.56339,43.208456,703.461
-2.563401,43.208467,703.817
-2.56341,43.208478,703.809
-2.563417,43.20849,704.096
-2.563427,43.2085,704.022
-2.563434,43.208507,704.01
-2.563442,43.20852,704.28
-2.563454,43.208533,704.264
-2.563458,43.208544,704.485
-2.563465,43.208555,704.498
-2.563472,43.208564,704.471
-2.563483,43.208575,704.617
-2.563488,43.208583,704.622
-2.563488,43.208588,704.662
-2.563492,43.208594,704.808
-2.563505,43.208603,705.038
-2.563519,43.208612,704.882
-2.563526,43.208616,704.883
-2.56354,43.208618,705.056
-2.563559,43.208625,705.239
-2.563574,43.208629,705.465
-2.563595,43.208636,705.676
-2.563607,43.208646,705.69
-2.563617,43.208654,705.419
-2.563621,43.20866,705.409
-2.563637,43.208673,705.659
-2.563645,43.20868,705.825
-2.563658,43.208688,706.293
-2.563662,43.208695,706.453
-2.56367,43.208707,706.627
-2.563672,43.208714,706.648
-2.56368,43.208718,706.851
-2.56369,43.20873,706.894
-2.563696,43.208738,707.04
-2.563698,43.208747,707.241
-2.563696,43.208752,707.281
-2.563697,43.208759,707.409
-2.5637,43.208767,707.609
-2.563705,43.208778,707.876
-2.563711,43.208784,708.052
-2.563719,43.208792,708.28
-2.563713,43.208797,708.694
-2.563717,43.208805,708.865
-2.563726,43.208812,709.098
-2.56373,43.208818,709.291
-2.563727,43.208822,709.447
-2.563726,43.208827,709.498
-2.56372,43.208828,709.615
-2.56372,43.208835,709.826
-2.563723,43.208838,710.009
-2.563725,43.208843,710.271
-2.563729,43.208849,710.467
-2.563728,43.208859,710.665
-2.563724,43.208863,710.875
-2.563724,43.208878,711.019
-2.563728,43.208892,711.07
-2.563734,43.208903,711.283
-2.563739,43.208909,711.416
-2.563741,43.208914,711.662
-2.563751,43.208921,711.839
-2.563755,43.208929,712.609
-2.563754,43.208937,712.615
-2.563758,43.208933,712.861
-2.563756,43.208938,712.889
-2.563752,43.208942,712.869
-2.563752,43.208951,712.893
-2.563754,43.208958,712.854
-2.563753,43.208965,713.097
-2.56375,43.208971,713.22
-2.563746,43.208983,713.456
-2.563745,43.208994,713.685
-2.563744,43.209004,713.689
-2.563745,43.209012,713.617
-2.563751,43.209014,713.609
-2.563754,43.20902,713.81
-2.563759,43.209027,714.066
-2.563767,43.209037,714.234
-2.563772,43.209045,714.484
-2.563783,43.209048,714.698
-2.56379,43.209049,714.819
-2.563806,43.209058,715.062
-2.563816,43.209064,715.671
-2.563818,43.209068,716.223
-2.563823,43.209072,716.409
-2.563835,43.209082,716.485
-2.563845,43.209088,716.651
-2.563854,43.209092,716.649
-2.563856,43.209098,716.863
-2.563862,43.209101,717.094
-2.563867,43.209109,717.297
-2.56387,43.209115,717.626
-2.563873,43.209112,717.863
-2.563878,43.209113,718.044
-2.563884,43.209118,718.218
-2.563886,43.209126,718.409
-2.563892,43.209127,718.658
-2.563898,43.20913,718.854
-2.563903,43.209132,719.052
-2.563915,43.209141,719.242
-2.563919,43.209149,719.276
-2.563923,43.209157,719.227
-2.563934,43.209164,719.493
-2.563943,43.209168,719.619
-2.56395,43.209174,719.827
-2.563959,43.209181,719.868
-2.56397,43.209187,720.014
-2.56398,43.209188,720.009
-2.563991,43.209193,720.244
-2.564003,43.209196,720.48
-2.564006,43.209202,720.678
-2.564015,43.209207,720.638
-2.564024,43.209212,720.812
-2.564038,43.209218,720.883
-2.564044,43.209223,721.046
-2.564048,43.209228,721.249
-2.564053,43.209238,721.255
-2.564059,43.209246,721.468
-2.564067,43.209255,721.442
-2.564075,43.20926,721.809
-2.564078,43.209265,721.848
-2.564086,43.20927,722.024
-2.564093,43.209276,722.432
-2.564098,43.209278,722.812
-2.564104,43.209283,723.036
-2.564105,43.209294,723.237
-2.564106,43.209305,723.45
-2.564114,43.209314,723.623
-2.564122,43.209319,723.899
-2.56412,43.209327,724.098
-2.564117,43.20933,724.215
-2.564113,43.209336,724.626
-2.564115,43.209344,724.809
-2.564121,43.209348,725.081
-2.56412,43.209353,725.247
-2.564121,43.209361,725.265
-2.564116,43.209366,725.225
-2.564113,43.209371,725.249
-2.564111,43.209374,725.25
-2.564118,43.209375,725.213
-2.564123,43.209381,725.436
-2.564122,43.20939,725.662
-2.564122,43.209397,725.897
-2.56412,43.209405,726.023
-2.564125,43.209413,726.409
-2.564132,43.209425,726.641
-2.564134,43.209435,726.887
-2.564128,43.209437,727.065
-2.564128,43.209442,727.019
-2.564132,43.209445,727.09
-2.564135,43.209451,727.253
-2.564135,43.209461,727.216
-2.56414,43.209462,727.699
-2.564143,43.209471,727.607
-2.564151,43.209473,727.827
-2.56415,43.209479,727.809
-2.564149,43.209487,728.031
-2.564145,43.20949,728.227
-2.564137,43.209492,728.415
-2.564133,43.209496,728.625
-2.564134,43.2095,728.699
-2.564132,43.209508,728.88
-2.564129,43.209514,728.843
-2.564127,43.209511,728.832
-2.56413,43.209505,729.226
-2.564134,43.209511,729.699
-2.564144,43.209512,729.673
-2.564151,43.209518,729.843
-2.564159,43.209525,729.887
-2.56416,43.209535,730.058
-2.564169,43.209543,730.411
-2.564175,43.209548,730.624
-2.564183,43.209555,731.06
-2.564189,43.209561,731.234
-2.5642,43.209573,731.455
-2.564207,43.209579,731.61
-2.564213,43.209586,731.809
-2.564223,43.209596,732.025
-2.564232,43.209603,732.241
-2.564239,43.209605,732.429
-2.564247,43.209608,732.629
-2.564255,43.209615,732.843
-2.564256,43.209623,732.824
-2.564262,43.209625,732.837
-2.564266,43.209631,733.05
-2.56427,43.20964,733.076
-2.564274,43.209652,733.231
-2.564277,43.209665,733.461
-2.564279,43.209675,733.407
-2.564285,43.209684,733.409
-2.564286,43.209697,733.425
-2.564283,43.209709,733.481
-2.564282,43.209721,733.689
-2.564282,43.209737,733.639
-2.564283,43.209745,733.813
-2.564274,43.209748,734.024
-2.56428,43.209747,734.269
-2.564284,43.209744,734.204
-2.564294,43.209755,734.028
-2.564296,43.209759,734.034
-2.564297,43.209763,734.022
-2.564302,43.209763,734.236
-2.564299,43.209771,733.609
-2.564299,43.20978,733.615
-2.564303,43.209787,733.451
-2.564306,43.209796,733.429
-2.564307,43.209805,733.429
-2.564299,43.209814,733.683
-2.5643,43.209821,733.614
-2.564303,43.209831,733.857
-2.564307,43.209838,733.81
-2.564312,43.209849,733.866
-2.56432,43.20986,733.859
-2.564332,43.209868,733.803
-2.564343,43.209875,733.623
-2.56435,43.209883,733.409
-2.56436,43.209892,733.417
-2.564374,43.209907,733.433
-2.564391,43.209917,733.481
-2.564404,43.209926,733.621
-2.564417,43.209931,733.865
-2.564431,43.209931,733.896
-2.564451,43.20994,733.849
-2.56446,43.20994,734.072
-2.564467,43.209942,734.238
-2.564467,43.209938,734.426
-2.564473,43.209937,734.624
-2.564487,43.209928,733.863
-2.564498,43.209926,733.885
-2.564516,43.209923,733.866
-2.564531,43.20992,733.829
-2.564539,43.209919,734.082
-2.564558,43.209915,734.228
-2.564565,43.209915,734.257
-2.564573,43.209912,734.4
-2.564584,43.209912,734.62
-2.564607,43.20992,734.609
-2.564619,43.209918,734.857
-2.564623,43.20991,735.233
-2.564639,43.209905,735.451
-2.564653,43.2099,735.641
-2.564668,43.209898,735.865
-2.564679,43.209897,736.096
-2.564694,43.209898,736.069
-2.564708,43.209898,736.022
-2.564725,43.209897,736.068
-2.564741,43.209895,736.057
-2.56476,43.209896,736
-2.564776,43.209899,735.82
-2.564788,43.209904,735.809
-2.564799,43.209908,735.627
-2.564811,43.209908,735.853
-2.56482,43.20991,735.881
-2.564839,43.209915,736.021
-2.564846,43.209917,736.065
-2.564856,43.209921,736.076
-2.564863,43.209922,736.079
-2.564874,43.209924,735.842
-2.564888,43.209932,735.658
-2.564903,43.209941,735.457
-2.564911,43.209951,735.4
-2.564918,43.209961,735.42
-2.564928,43.209969,735.409
-2.564936,43.209977,735.497
-2.564948,43.209986,735.663
-2.564958,43.209996,735.861
-2.564969,43.210004,736.211
-2.564983,43.21001,736.245
-2.565006,43.21002,736.466
-2.565018,43.210027,736.699
-2.56503,43.210032,736.672
-2.565048,43.210042,736.818
-2.565056,43.21005,736.825
-2.565065,43.210057,736.826
-2.565075,43.210063,737.008
-2.565088,43.210076,737.209
-2.565096,43.210083,737.494
-2.565101,43.210088,737.45
-2.565113,43.210096,737.618
-2.565122,43.210103,737.638
-2.565131,43.210104,737.692
-2.565138,43.210115,737.663
-2.565144,43.210124,737.676
-2.56515,43.21013,737.489
-2.56516,43.210139,737.475
-2.565168,43.210144,737.692
-2.565181,43.21015,737.873
-2.565189,43.210155,738.22
-2.565197,43.210166,738.609
-2.565207,43.210174,738.651
-2.565211,43.210178,738.877
-2.56522,43.210194,739.025
-2.565224,43.210205,739.055
-2.565231,43.210217,739.089
-2.56524,43.210231,738.81
-2.565245,43.210244,739.083
-2.565249,43.210249,739.086
-2.565259,43.21026,739.012
-2.56527,43.210273,739.259
-2.565278,43.210281,739.203
-2.565279,43.210291,739.423
-2.565286,43.210301,739.409
-2.565287,43.210312,739.657
-2.565288,43.210321,739.883
-2.565291,43.21033,740.031
-2.565293,43.21034,740.261
-2.565297,43.210346,740.495
-2.565301,43.210357,740.616
-2.565308,43.210369,740.879
-2.565313,43.210378,741.072
-2.565319,43.210385,741.258
-2.565321,43.210392,741.468
-2.565328,43.210399,741.642
-2.565333,43.210407,741.826
-2.565338,43.210414,741.809
-2.565342,43.210424,741.858
-2.565348,43.21043,742.094
-2.565351,43.210436,742.032
-2.565355,43.210446,742.282
-2.565361,43.210454,742.226
-2.565364,43.21046,742.427
-2.565369,43.210468,742.66
-2.565374,43.210477,742.893
-2.56538,43.21048,743.019
-2.565386,43.210488,743.078
-2.565393,43.210495,743.233
-2.565403,43.210507,743.226
-2.565408,43.210511,743.409
-2.565409,43.21052,743.639
-2.565422,43.210532,743.835
-2.565423,43.210539,743.823
-2.565425,43.210544,744.073
-2.56543,43.21055,744.277
-2.565431,43.210556,744.438
-2.565434,43.210567,744.451
-2.565438,43.210572,744.614
-2.565447,43.210578,744.89
-2.565453,43.210587,744.858
-2.565458,43.210594,745.252
-2.565464,43.210602,745.417
-2.565469,43.210612,745.609
-2.56547,43.210619,745.687
-2.565474,43.21063,745.813
-2.565483,43.210648,746.041
-2.565489,43.210652,746.081
-2.565494,43.210664,746.275
-2.565498,43.21068,746.466
-2.565503,43.210689,746.622
-2.56551,43.210693,746.838
-2.565515,43.210697,746.867
-2.565518,43.210706,746.881
-2.565522,43.210718,747.019
-2.565519,43.210727,747.209
-2.565518,43.210735,747.248
-2.565525,43.210741,747.684
-2.56553,43.210741,747.812
-2.565538,43.210749,748.022
-2.565545,43.210757,748.256
-2.565548,43.21076,748.417
-2.565553,43.210768,748.62
-2.56556,43.21078,748.893
-2.565569,43.210791,748.819
-2.565574,43.210802,749.026
-2.565579,43.210811,749.047
-2.565583,43.21082,749.211
-2.565584,43.210827,749.209
-2.565593,43.210832,749.484
-2.565599,43.210842,749.47
-2.565601,43.21085,749.628
-2.565605,43.21086,749.898
-2.565609,43.210866,750.022
-2.565613,43.210875,750.263
-2.565621,43.210879,750.276
-2.565626,43.210883,750.419
-2.565633,43.210889,750.475
-2.565632,43.210899,750.632
-2.565638,43.210904,750.692
-2.565641,43.210915,750.811
-2.565646,43.210926,750.809
-2.56565,43.210935,751.065
-2.565653,43.210946,751.211
-2.565658,43.210955,751.299
-2.565661,43.210963,751.459
-2.565661,43.210972,751.683
-2.565665,43.210982,751.834
-2.565668,43.210985,751.847
-2.565672,43.210993,752.06
-2.565676,43.211,752.296
-2.565678,43.211005,752.247
-2.565681,43.211014,752.429
-2.565684,43.211024,752.421
-2.565689,43.211035,752.609
-2.565691,43.211042,752.626
-2.565694,43.211053,752.882
-2.565698,43.211056,752.83
-2.565699,43.211062,753.08
-2.565704,43.21107,753.284
-2.565703,43.211074,753.435
-2.565711,43.211083,753.668
-2.565718,43.211089,753.871
-2.565725,43.211097,754.057
-2.565726,43.211103,754.097
-2.56573,43.211112,754.023
-2.565737,43.211122,754.225
-2.565743,43.211128,754.209
-2.565745,43.211134,754.451
-2.565746,43.211141,754.477
-2.565749,43.211148,754.635
-2.565745,43.211151,754.845
-2.565751,43.211161,755.039
-2.565751,43.211171,755.21
-2.565753,43.211181,755.473
-2.565755,43.211188,755.636
-2.565755,43.211196,755.632
-2.565756,43.211202,755.816
-2.565754,43.211212,756.076
-2.565757,43.211215,756.213
-2.565761,43.211226,756.409
-2.565767,43.211239,756.673
-2.565771,43.211247,756.639
-2.565772,43.211254,756.837
-2.565773,43.211259,757.097
-2.565777,43.211269,757.081
-2.565778,43.211277,757.232
-2.565782,43.211282,757.475
-2.565787,43.211291,757.638
-2.565792,43.211295,757.894
-2.565795,43.211301,757.879
-2.565799,43.21131,757.805
-2.565804,43.211318,757.825
-2.565806,43.211327,758.009
-2.565809,43.211333,758.039
-2.565811,43.211341,758.285
-2.565815,43.211353,758.453
-2.565822,43.211359,758.493
-2.565827,43.21136,758.467
-2.565828,43.211365,758.668
-2.565826,43.211368,758.611
-2.565828,43.211379,758.894
-2.565831,43.211388,759.02
-2.565833,43.211396,759.296
-2.565836,43.211403,759.431
-2.565839,43.211413,759.424
-2.565841,43.211418,759.609
-2.565837,43.211423,759.891
-2.565838,43.211432,759.877
-2.565843,43.211436,760.035
-2.565845,43.21144,760.085
-2.565845,43.211446,760.259
-2.565843,43.211452,760.47
-2.565842,43.211461,760.493
-2.565845,43.211469,760.656
-2.565847,43.211474,760.862
-2.56585,43.211482,761.077
-2.565853,43.211493,761.061
-2.565857,43.2115,761.227
-2.565863,43.211507,761.209
-2.565864,43.211514,761.499
-2.565867,43.211528,761.645
-2.565873,43.211539,761.883
-2.565876,43.211551,762.083
-2.565875,43.211555,762.247
-2.565882,43.211564,762.448
-2.565888,43.211569,762.611
-2.565895,43.211579,762.884
-2.5659,43.211588,762.83
-2.565899,43.211595,763.064
-2.565904,43.211604,763.006
-2.565906,43.211611,763.016
-2.565907,43.211621,763.209
-2.565911,43.211628,763.488
-2.565916,43.211636,763.624
-2.565921,43.211641,763.892
-2.565926,43.21165,764.072
-2.565928,43.211657,764.296
-2.565932,43.211666,764.477
-2.565936,43.211672,764.65
-2.565941,43.211681,764.823
-2.565944,43.211687,765.069
-2.565946,43.211694,765.059
-2.565952,43.211701,765.203
-2.565956,43.211708,765.423
-2.565963,43.211718,765.609
-2.565971,43.211724,765.827
-2.565977,43.211731,766.063
-2.565986,43.211738,766.091
-2.565988,43.211745,766.261
-2.565992,43.211752,766.415
-2.565996,43.211763,766.666
-2.566001,43.211771,766.899
-2.566003,43.211779,767.042
-2.566004,43.211791,767.288
-2.566003,43.211802,767.445
-2.566011,43.211811,767.447
-2.566016,43.211816,767.611
-2.566021,43.211825,767.609
-2.566026,43.211833,767.846
-2.566028,43.21184,767.822
-2.566033,43.211847,768.09
-2.566038,43.211855,768.24
-2.566042,43.211863,768.444
-2.566042,43.211868,768.655
-2.566045,43.21188,768.858
-2.566041,43.21189,769.071
-2.56605,43.211899,769.257
-2.566055,43.211907,769.288
-2.566061,43.211918,769.424
-2.566065,43.211926,769.626
-2.56607,43.211936,769.809
-2.566071,43.211946,769.83
-2.566075,43.211955,769.846
-2.566081,43.211966,769.824
-2.566086,43.211977,769.814
-2.566095,43.211994,769.818
-2.566105,43.212008,770.029
-2.566112,43.212017,770.292
-2.566123,43.21203,770.685
-2.566124,43.212036,771.031
-2.566129,43.21205,771.226
-2.56613,43.212064,771.447
-2.566135,43.212074,771.611
-2.566146,43.212082,771.809
-2.566152,43.21209,771.824
-2.566155,43.212101,772.03
-2.56616,43.212109,772.288
-2.566167,43.212118,772.228
-2.566171,43.212127,772.252
-2.566176,43.212137,772.213
-2.56618,43.212146,772.456
-2.566183,43.212156,772.459
-2.566185,43.212167,772.655
-2.56619,43.212175,772.844
-2.566197,43.212184,772.805
-2.566201,43.212195,773.015
-2.566206,43.212202,773.009
-2.566209,43.212208,773.016
-2.566212,43.212217,773.252
-2.566215,43.212228,773.22
-2.566222,43.212237,773.22
-2.566224,43.212245,773.254
-2.566225,43.212254,773.225
-2.566227,43.212264,773.258
-2.566229,43.212279,773.461
-2.566236,43.212292,773.477
-2.566237,43.212303,773.464
-2.566242,43.212312,773.406
-2.566247,43.212322,773.616
-2.566254,43.21233,773.609
-2.566261,43.21234,773.818
-2.566261,43.212347,774.074
-2.566263,43.212355,774.272
-2.566272,43.212364,774.486
-2.566275,43.212375,774.437
-2.566281,43.212387,774.68
-2.566288,43.212401,774.633
-2.566288,43.212411,774.899
-2.56629,43.21242,775.029
-2.566294,43.21243,775
-2.566297,43.21244,775.22
-2.566301,43.212453,775.209
-2.566309,43.212458,775.244
-2.566312,43.212468,775.26
-2.566321,43.212478,775.288
-2.566329,43.212489,775.468
-2.566337,43.212502,775.422
-2.566347,43.212518,775.413
-2.56635,43.212539,775.476
-2.566353,43.212554,775.439
-2.566358,43.212567,775.225
-2.566363,43.212577,775.246
-2.566368,43.212585,775.488
-2.566374,43.212604,775.416
-2.566377,43.212616,775.609
-2.566379,43.212632,775.816
-2.566384,43.212642,776.032
-2.566387,43.212655,776.27
-2.566393,43.212666,776.47
-2.566397,43.212675,776.414
-2.566398,43.212684,776.635
-2.5664,43.212691,776.678
-2.566405,43.212702,776.821
-2.566409,43.212709,777.087
-2.566414,43.212721,777.081
-2.566417,43.212736,777.261
-2.566422,43.212749,777.217
-2.566429,43.212763,777.409
-2.566432,43.212775,777.48
-2.566432,43.212786,777.626
-2.566439,43.212795,777.874
-2.566444,43.212806,777.854
-2.566448,43.212817,778.028
-2.566452,43.212831,778.219
-2.566456,43.212843,778.212
-2.566466,43.212853,778.485
-2.566475,43.212862,778.421
-2.56648,43.212875,778.457
-2.566486,43.212883,778.6
-2.566491,43.212892,778.82
-2.566498,43.212899,778.809
-2.566508,43.212913,779.047
-2.566514,43.212923,779.043
-2.566518,43.212932,779.081
-2.566527,43.212946,779.231
-2.566536,43.212955,779.275
-2.566545,43.212964,779.216
-2.566555,43.212972,779.459
-2.566565,43.21298,779.452
-2.566573,43.212995,779.638
-2.56658,43.213005,779.839
-2.566588,43.213014,780.001
-2.566597,43.213025,780.021
-2.566608,43.213035,780.209
-2.566613,43.213044,780.265
-2.566621,43.213051,780.431
-2.566624,43.21306,780.689
-2.566632,43.213071,780.839
-2.56664,43.21308,781.063
-2.566645,43.213084,781.024
-2.566654,43.213092,781.217
-2.566661,43.2131,781.45
-2.566668,43.21311,781.896
-2.566676,43.213117,782.098
-2.56668,43.213127,782.215
-2.566688,43.213134,782.426
-2.566696,43.213142,782.409
-2.566708,43.213148,782.631
-2.566719,43.213155,782.817
-2.566724,43.213162,783.085
-2.566732,43.213167,783.225
-2.566738,43.213171,783.479
-2.566742,43.213175,783.85
-2.566748,43.213186,784.053
-2.56675,43.213193,784.066
-2.566753,43.213203,784.462
-2.566756,43.213214,784.653
-2.56676,43.213223,784.804
-2.566766,43.213234,785.014
-2.566775,43.213243,785.409
-2.566778,43.213253,785.417
-2.566784,43.213263,785.683
-2.566789,43.213273,785.621
-2.566791,43.21328,785.691
-2.566795,43.213289,785.635
-2.5668,43.213299,785.816
-2.566803,43.213309,785.889
-2.566808,43.213319,786.032
-2.566813,43.213328,786.028
-2.566818,43.213338,786.244
-2.566822,43.213347,786.205
-2.566829,43.213358,786.215
-2.566836,43.213367,786.409
-2.566843,43.213376,786.466
-2.56685,43.213385,786.462
-2.566857,43.213392,786.67
-2.566865,43.213397,786.62
-2.566874,43.213401,786.684
-2.566881,43.213409,786.845
-2.566885,43.213415,787.028
-2.566883,43.213419,787.041
-2.566888,43.213424,787.227
-2.566893,43.213429,787.483
-2.5669,43.213431,787.425
-2.566906,43.213435,787.617
-2.566911,43.213442,787.609
-2.566918,43.213452,787.83
-2.566921,43.213456,787.866
-2.566931,43.213463,788.084
-2.566936,43.21347,788.084
-2.566938,43.213477,788.018
-2.566941,43.213485,788.089
-2.566945,43.213495,788.092
-2.566951,43.213505,788.255
-2.566955,43.213513,788.241
-2.56696,43.213522,788.288
-2.566966,43.213532,788.224
-2.566972,43.213539,788.426
-2.566978,43.213549,788.409
-2.56698,43.213555,788.47
-2.56698,43.21356,788.476
-2.566981,43.213567,788.694
-2.566979,43.21357,788.654
-2.566983,43.213572,788.678
-2.566989,43.213574,788.426
-2.566992,43.213584,788.609
-2.566996,43.213592,788.65
-2.566995,43.213603,788.866
-2.566992,43.213614,789.084
-2.566994,43.213624,789.274
-2.56699,43.21363,789.438
-2.566977,43.213629,789.649
-2.566963,43.213633,789.872
-2.566954,43.213635,790.085
-2.566947,43.213635,790.056
-2.566935,43.213631,790.059
-2.566928,43.21363,790.014
-2.566919,43.213626,790.209
-2.566921,43.213622,790.277
-2.566912,43.213625,790.263
-2.566908,43.213629,790.261
-2.566903,43.213626,790.246
-2.566896,43.213624,790.079
-2.566887,43.213624,790.072
-2.566874,43.213622,790.038
-2.566852,43.213618,790.042
-2.5668403,43.21362316,799.087
-2.56685449,43.21363427,799.051
-2.56686789,43.21364652,799.209
-2.566882,43.21365659,799.425
-2.56689474,43.21366743,799.423
-2.56690934,43.21367818,799.697
-2.56692483,43.21368788,799.849
-2.56694019,43.2136945,799.873
-2.56695463,43.21370218,800.06
-2.56697138,43.21371004,800.097
-2.5669869,43.21371877,800.216
-2.56700185,43.21372621,800.222
-2.56701632,43.21373543,800.432
-2.56703322,43.2137439,800.424
-2.56705101,43.21375281,800.418
-2.56706902,43.21376181,800.409
-2.5670869,43.21376775,800.426
-2.56710067,43.21377165,800.642
-2.56712155,43.21377659,800.868
-2.56714282,43.21378472,801.465
-2.56715927,43.21379092,801.429
-2.56717523,43.21379991,801.846
-2.56718809,43.21380584,801.863
-2.56720307,43.21381083,802.082
-2.56722608,43.21381684,802.218
-2.56725052,43.21381704,802.458
-2.56726308,43.21382431,802.62
-2.56727922,43.21383738,803.064
-2.56729252,43.21384753,803.409
-2.56730928,43.21385791,803.611
-2.56732815,43.21386937,804.047
-2.56734173,43.21387768,804.226
-2.56735989,43.21389077,804.491
-2.56736992,43.21389878,804.665
-2.56738872,43.21390467,804.892
-2.56740754,43.21391558,804.869
-2.56742394,43.2139228,804.838
-2.56743396,43.21393137,804.814
-2.56745056,43.21394572,804.814
-2.56746526,43.21395654,805.076
-2.56748078,43.21396326,805.49
-2.56749244,43.21397207,805.809
-2.56750443,43.21398207,806.017
-2.56751969,43.21399221,806.425
-2.56753477,43.21399926,806.483
-2.56754968,43.21400521,806.681
-2.56756585,43.2140143,806.875
-2.56758203,43.21401841,807.092
-2.56759618,43.21402349,807.229
-2.56760732,43.21402957,807.638
-2.56762305,43.21403642,807.844
-2.56763581,43.21404328,807.894
-2.56765198,43.21405138,808.086
-2.56766799,43.21405939,808.25
-2.5676804,43.21406505,808.209
-2.56769346,43.21407553,808.417
-2.5677036,43.21408408,808.607
-2.56771712,43.21409383,809.084
-2.56773176,43.21410365,809.242
-2.56774547,43.2141105,809.686
-2.56776008,43.21411831,809.823
-2.56777137,43.21412597,810.06
-2.56778472,43.21413567,810.279
-2.56779826,43.21414446,810.425
-2.56780987,43.21415329,810.675
-2.5678217,43.21416121,810.857
-2.56783544,43.2141681,811.061
-2.56785194,43.21417388,811.409
-2.56786949,43.21417669,811.626
-2.56788809,43.21418053,811.815
-2.56790552,43.21418529,812.298
-2.56792111,43.21419113,812.465
-2.56793811,43.21419413,812.889
-2.56795928,43.2141982,813.086
-2.56797739,43.21420124,813.233
-2.56799446,43.21420527,813.622
-2.56801227,43.2142112,813.668
-2.56802855,43.21421692,813.898
-2.56804185,43.21422365,814.02
-2.56806035,43.21422847,814.094
-2.56807327,43.21423544,814.209
-2.56808653,43.21424253,814.62
-2.56810253,43.21425053,815
-2.56811506,43.21425436,815.229
-2.56812983,43.21426128,815.476
-2.56814404,43.21426935,815.61
-2.56815598,43.21427933,815.887
-2.56816842,43.21428813,816.234
-2.56818225,43.21429874,816.453
-2.56820084,43.21430629,816.879
-2.56821327,43.21430883,817.289
-2.56822773,43.2143124,817.631
-2.56824299,43.21431497,818.075
-2.56825889,43.2143195,818.209
-2.56827471,43.21432408,818.414
-2.56829194,43.21432778,818.486
-2.56831147,43.21433056,818.635
-2.56832461,43.21433432,818.878
-2.56834337,43.21433909,819.282
-2.56836383,43.21434191,819.689
-2.56838016,43.2143408,820.096
-2.56839763,43.21433777,820.275
-2.56841068,43.2143348,820.431
-2.56842968,43.21433288,820.611
-2.5684456,43.21433001,820.893
-2.56845958,43.21432519,821.077
-2.56847244,43.21432144,821.209
-2.5684867,43.21431668,821.223
-2.56850055,43.21431486,821.403
-2.56851852,43.21431303,821.659
-2.56853434,43.21431125,821.877
-2.5685506,43.2143084,821.861
-2.56857103,43.21430431,821.858
-2.56859158,43.21430021,821.855
-2.56861048,43.21429623,821.644
-2.56862931,43.21429026,821.69
-2.5686495,43.21428122,821.89
-2.56866389,43.21427415,821.882
-2.56868115,43.2142671,822.096
-2.56870094,43.21425996,822.209
-2.56872085,43.21425581,822.421
-2.56874046,43.21425371,822.829
-2.56876327,43.21424959,823.047
-2.5687882,43.21424647,823.291
-2.56880892,43.21424838,823.475
-2.5688332,43.21425323,823.882
-2.56885467,43.21425009,824.299
-2.56887485,43.21424499,824.498
-2.5688873,43.2142439,824.664
-2.56890234,43.21424485,824.824
-2.56892721,43.21423981,824.816
-2.56895233,43.21423578,824.83
-2.56897538,43.21423777,824.609
-2.56899064,43.21423877,824.617
-2.56901236,43.21424077,824.643
-2.56903225,43.21424377,824.882
-2.56904667,43.21424678,824.816
-2.56906432,43.21424581,825.01
-2.56908662,43.21425384,825.237
-2.56910679,43.21425483,825.484
-2.569123,43.21425782,825.613
-2.56914205,43.21425682,825.639
-2.56915827,43.21425381,825.879
-2.56917491,43.21425279,825.841
-2.56918927,43.21425279,826.085
-2.56920057,43.21425378,826.009
-2.56921257,43.21424978,826.211
-2.56922395,43.21424479,826.292
-2.56923721,43.21424181,826.232
-2.56925587,43.21423783,826.228
-2.56927291,43.21423487,826.242
-2.5692896,43.21423294,826.419
-2.56930511,43.21422897,826.466
-2.56932231,43.21422896,826.655
-2.56934708,43.21422891,826.641
-2.56937054,43.21422689,826.891
-2.56938883,43.21422687,826.813
-2.56940706,43.21422886,826.837
-2.5694306,43.21423284,827.009
-2.5694491,43.21423182,827.214
-2.5694402,43.21423179,827.456
-2.56944859,43.21423178,827.628
-2.56946379,43.21423078,827.852
-2.5694782,43.21422977,827.899
-2.5694946,43.21423077,827.856
-2.5695097,43.21423377,827.885
-2.56952659,43.21423377,827.841
-2.56954278,43.21423378,827.851
-2.56956448,43.21423481,827.813
-2.56958834,43.21423585,827.877
-2.56960958,43.21423588,827.809
-2.56963212,43.21423091,827.823
-2.56965505,43.21423191,828.003
-2.56967276,43.21422993,828.259
-2.56968824,43.21422897,828.494
-2.56970553,43.21422702,828.698
-2.56972568,43.21422709,828.695
-2.56974264,43.21422719,828.642
-2.56975858,43.2142283,828.861
-2.569777,43.21422437,829.087
-2.56979757,43.21421842,829.297
-2.56981606,43.21421349,829.279
-2.56983046,43.21421357,829.433
-2.56984619,43.21420961,829.609
-2.56985739,43.21420773,829.615
-2.5698721,43.21420693,829.687
-2.56988554,43.21420303,829.817
-2.56990014,43.2142001,829.825
-2.5699173,43.21419326,829.819
-2.5699353,43.21419046,829.846
-2.56995049,43.21418563,829.883
-2.56996706,43.21418173,829.842
-2.56998788,43.21417877,830.088
-2.57000652,43.21417785,830.018
-2.57002079,43.21417702,830.02
-2.57003924,43.21417416,830.084
-2.57005782,43.21417026,830.209
-2.57007084,43.21416352,830.211
-2.57008295,43.21415776,830.283
-2.57009647,43.2141559,830.423
-2.57011438,43.21415092,830.438
-2.57013338,43.21414493,830.652
-2.57015222,43.21413997,830.629
-2.57016702,43.21413703,830.876
-2.57018728,43.21413225,830.815
-2.57020535,43.21412554,830.841
-2.57022087,43.2141187,830.891
-2.57023647,43.21411283,830.813
-2.57025264,43.21410811,830.847
-2.57027094,43.21410036,830.809
-2.5702876,43.21409149,830.808
-2.57030707,43.21408268,830.853
-2.57032536,43.21407595,830.852
-2.57034176,43.21407118,831.058
-2.57035408,43.21406846,831.012
-2.57036821,43.21406382,831.299
-2.57038337,43.21405818,831.436
-2.5703995,43.21404957,831.675
-2.57041459,43.21404499,831.691
-2.57043098,43.21404229,831.621
-2.57044355,43.2140375,831.893
-2.57045622,43.21402866,831.837
-2.57046906,43.21401974,831.809
-2.57048381,43.21401087,831.82
-2.57049733,43.21400412,831.8
-2.57051467,43.21399446,831.857
-2.57052902,43.21398682,831.815
-2.57054446,43.21397713,831.859
-2.5705598,43.21396751,832.046
-2.57057548,43.21395869,832.013
-2.5705897,43.21394656,832.232
-2.57060177,43.21393452,832.278
-2.57061794,43.21392542,832.468
-2.57063371,43.21391699,832.65
-2.57065075,43.21390842,832.654
-2.57066235,43.21390111,832.809
-2.57067019,43.21389519,833.011
-2.57068189,43.21388735,833.247
-2.57070093,43.21387533,833.426
-2.57071424,43.21386716,833.686
-2.57072666,43.21385894,833.88
-2.5707429,43.21384582,834.037
-2.57075731,43.21383962,834.254
-2.57077718,43.21383519,834.213
-2.57079578,43.2138299,834.449
-2.57081487,43.21382586,834.419
-2.5708319,43.21382385,834.671
-2.5708482,43.21382171,834.875
-2.57086267,43.21381449,834.809
-2.57087512,43.21380429,835.014
-2.57089175,43.21379401,835.086
-2.57091434,43.21378376,835.235
-2.5709316,43.21377665,835.216
-2.57094688,43.21377054,835.29
-2.57096226,43.21376238,835.447
-2.57098043,43.21375431,835.464
-2.5709986,43.21374725,835.623
-2.57101543,43.21373931,835.689
-2.57103179,43.21373057,835.839
-2.57104828,43.21372279,835.831
-2.57106641,43.21371673,835.875
-2.5710861,43.21370845,835.809
-2.57110377,43.21370218,836.015
-2.57112226,43.21369599,836.023
-2.57114316,43.21368803,836.033
-2.57116377,43.21367718,836.229
-2.57117906,43.21366806,836.243
-2.57119677,43.21366279,836.41
-2.57121721,43.21365863,836.427
-2.5712384,43.21365456,836.646
-2.57125056,43.2136485,836.662
-2.57126754,43.21364151,836.632
-2.57128307,43.21363668,836.694
-2.57130174,43.2136328,836.638
-2.5713226,43.21362486,836.609
-2.5713403,43.21361897,836.826
-2.57135903,43.21361308,836.842
-2.57137009,43.21360405,837.068
-2.57139146,43.21359391,837.061
-2.57141437,43.21358895,837.015
-2.57143366,43.21358522,837.042
-2.57145073,43.2135806,837.019
-2.57147231,43.21357178,837.078
-2.5714883,43.21356478,837.024
-2.57150519,43.21355482,836.874
-2.57151976,43.21354501,837.026
-2.57153313,43.21353929,837.22
-2.57154354,43.21353355,837.609
-2.57155484,43.21352788,837.826
-2.57156858,43.213521,838.042
-2.57157852,43.21351703,838.087
-2.57159195,43.2135113,838.256
-2.57160798,43.21350278,838.09
-2.57162413,43.21349422,838.097
-2.57163845,43.21348558,837.864
-2.57164729,43.21348222,837.883
-2.57165982,43.21347608,837.879
-2.57167878,43.21346973,837.819
-2.57169391,43.21346129,837.891
-2.57170033,43.21345667,838.035
-2.57171192,43.21344796,838.209
-2.57172649,43.21343925,838.221
-2.57173925,43.21343042,838.401
-2.57175593,43.21342065,838.439
-2.571765,43.2134156,838.487
-2.57177763,43.21340715,838.681
-2.57179239,43.21339864,838.628
-2.57180757,43.21338752,838.625
-2.57181635,43.21337166,838.664
-2.57182033,43.21335768,838.67
-2.57182599,43.21334724,838.62
-2.57183784,43.21333369,838.622
-2.57184803,43.21332657,838.866
-2.57185073,43.21332076,838.809
-2.57185588,43.21331931,839.449
-2.5718607,43.21332343,839.664
-2.57186724,43.21332773,839.878
-2.57188082,43.21332503,840.025
-2.57189618,43.21331478,840.022
-2.57191607,43.21330318,840.091
-2.57193567,43.2132968,840.277
-2.57195586,43.21329468,840.257
-2.5719684,43.21328897,840.269
-2.57197957,43.21328052,840.233
-2.57198668,43.21327212,840.209
-2.57199462,43.21326287,840.207
-2.57201068,43.21325357,840.243
-2.5720237,43.21324534,840.413
-2.57203446,43.21323635,840.484
-2.5720472,43.21322445,840.438
-2.57205735,43.21321524,840.675
-2.57206768,43.21320588,840.652
-2.57207859,43.21319398,840.671
-2.57208841,43.21318426,840.657
-2.57209868,43.2131721,840.647
-2.57210823,43.21315864,840.699
-2.57211385,43.21314511,840.893
-2.57212266,43.21313135,840.809
-2.57213036,43.21311573,840.817
-2.57213904,43.21310216,841.098
-2.57214986,43.2130884,841.018
-2.57215572,43.21307658,840.855
-2.57215979,43.21306549,840.889
-2.57216618,43.21305597,840.696
-2.57217275,43.21304424,840.653
-2.57217908,43.21302982,840.632
-2.5721904,43.21301843,840.648
-2.57220009,43.21300762,840.858
-2.57221018,43.21299142,840.86
-2.57221746,43.2129771,840.864
-2.57222799,43.21296364,840.809
-2.57223756,43.21295227,840.808
-2.57225067,43.21294136,840.826
-2.57225798,43.21293334,840.825
-2.57227037,43.21292265,840.639
-2.57228609,43.21291292,840.453
-2.57230735,43.21290463,840.21
-2.57232889,43.21289333,840.067
-2.57234487,43.21288096,839.836
-2.57236201,43.2128737,839.662
-2.57237963,43.21286945,839.682
-2.5724005,43.21286434,839.454
-2.57241701,43.21286352,839.688
-2.57243621,43.21286291,839.609
-2.5724523,43.21285946,839.811
-2.57246293,43.21285716,839.883
-2.5724792,43.21285497,839.862
-2.57250397,43.21285782,839.828
-2.57252048,43.21286177,839.622
-2.57253301,43.21286379,839.689
-2.57254884,43.21286491,839.886
-2.57257093,43.21286805,839.855
-2.5725914,43.21287219,839.811
-2.57261351,43.21287431,840.091
-2.57263328,43.2128764,840.083
-2.57265264,43.21287845,839.887
-2.57267138,43.21288155,839.809
-2.57268944,43.2128857,839.617
-2.57270831,43.21288783,839.452
-2.57272487,43.21288993,839.458
-2.57274191,43.21289693,839.614
-2.57275675,43.21289891,839.678
-2.57277259,43.21290388,840.015
-2.57278936,43.21290484,840.282
-2.57280912,43.2129078,840.441
-2.57282268,43.21291074,840.427
-2.57283834,43.21291168,840.617
-2.57285441,43.21291469,840.649
-2.57287039,43.21291569,840.633
-2.57288612,43.21291965,840.609
-2.57290506,43.21292364,840.607
-2.5729254,43.21292769,840.843
-2.57294047,43.2129307,840.813
-2.57295343,43.2129337,841.027
-2.57297424,43.21293667,841.061
-2.57299345,43.2129377,841.058
-2.57301166,43.21293889,841.285
-2.57303263,43.21294206,841.474
-2.57305188,43.21294011,841.44
-2.57306435,43.21294101,841.64
-2.57308384,43.21294392,841.892
-2.57310262,43.21294606,841.886
-2.57311361,43.21294724,841.809
-2.57312347,43.21294941,842.014
-2.57313363,43.21295288,842.022
-2.57314345,43.2129576,842.242
-2.57314764,43.21295954,842.22
-2.57315352,43.2129609,842.494
-2.57316149,43.21296612,842.471
-2.57317048,43.21297403,842.648
-2.57317367,43.21297811,842.617
-2.57315949,43.21297068,842.813
-2.57314669,43.21297403,842.859
-2.57313795,43.21297356,842.809
-2.57314488,43.21297791,842.815
-2.57315094,43.21298636,842.841
-2.57315961,43.21299461,842.871
-2.57317136,43.21300495,842.862
-2.57318814,43.21301634,842.876
-2.57320335,43.2130235,842.843
-2.57321599,43.21302948,842.88
-2.57323117,43.21303477,842.839
-2.57324726,43.21304243,842.815
-2.57326532,43.2130481,842.885
-2.57327953,43.21305651,842.847
-2.57329774,43.21306296,842.871
-2.57331956,43.21306663,842.809
-2.57333083,43.21306817,842.822
-2.57334493,43.21307172,842.657
-2.5733623,43.21307438,842.494
-2.57337352,43.21307504,842.479
-2.57338788,43.21307677,842.283
-2.57340052,43.21307656,842.05
-2.57341745,43.21307442,841.837
-2.57343541,43.2130753,841.616
-2.57345189,43.21307614,841.672
-2.57346909,43.21307599,841.612
-2.57348341,43.21307488,841.694
-2.57350014,43.21307583,841.848
-2.57351913,43.21307679,842.209
-2.57354492,43.21307777,842.414
-2.57356054,43.21307877,842.468
-2.57357072,43.21307978,842.665
-2.57358718,43.21308079,842.447
-2.57360645,43.21308181,842.411
-2.57362591,43.21308182,842.278
-2.57364346,43.21308384,842.235
-2.57366293,43.21308487,842.064
-2.57368448,43.21308189,842.04
-2.57370529,43.2130809,842.05
-2.57372702,43.21307992,841.872
-2.57374365,43.21307794,841.896
-2.57375925,43.21307496,841.609
-2.5737756,43.21307101,841.411
-2.57379493,43.21306707,841.247
-2.57381125,43.21306613,841.045
-2.57382665,43.21306419,841.028
-2.57384226,43.21306022,840.632
-2.57385942,43.21305632,840.499
-2.57387719,43.21305447,840.286
-2.57389648,43.21305256,840.045
-2.57391435,43.21305058,839.811
-2.5739296,43.21304955,839.691
-2.57394858,43.21304742,839.443
-2.57396912,43.21304724,839.247
-2.57399129,43.21304512,839.009
-2.57401307,43.21304205,839.014
-2.57403851,43.21303802,838.804
-2.57405549,43.21303502,839.053
-2.57406553,43.21303402,839.091
-2.57407294,43.21303399,839.085
-2.57408332,43.21302896,839.042
-2.57406439,43.21302789,839.018
-2.57406143,43.21303089,839.074
-2.57407327,43.2130329,839.064
-2.57408896,43.21303792,838.896
-2.57410665,43.21304094,838.89
-2.57412062,43.21304094,838.609
-2.57413918,43.21303991,838.417
-2.57415511,43.21303986,838.289
-2.57417161,43.21303684,838.085
-2.57419205,43.21303382,837.819
-2.57421172,43.2130318,837.643
-2.57423323,43.21303079,837.43
-2.5742582,43.21303179,837.457
-2.57428072,43.2130308,837.226
-2.57429516,43.21302882,837.042
-2.5743064,43.21302684,836.842
-2.57431965,43.21302488,836.654
-2.57433679,43.21302287,836.488
-2.57435877,43.21301983,836.209
-2.57437707,43.21302082,836.021
-2.57439187,43.21302083,836.029
-2.57440394,43.21302082,836.066
-2.57442308,43.21302282,836.09
-2.57443935,43.21302081,836.064
-2.57444497,43.21301982,836.081
-2.57445159,43.2130188,836.028
-2.5744617,43.21301885,836.083
-2.57446618,43.21302,835.843
-2.5744705,43.21302687,835.639
-2.57448089,43.21303194,835.609
-2.57449218,43.21303052,835.626
-2.57449999,43.21302821,835.633
-2.57451172,43.2130249,835.678
-2.57452102,43.21302635,835.68
-2.57452874,43.21303338,835.694
-2.57453455,43.21304131,835.623
-2.57454024,43.21304319,835.859
-2.57454209,43.21304737,835.869
-2.57454589,43.21305,835.871
-2.57454872,43.21305546,835.835
-2.57455082,43.21306547,835.609
-2.57454796,43.21305986,835.613
-2.57454412,43.21305486,835.649
-2.57453977,43.21305139,835.637
-2.57453545,43.21305023,835.674
-2.5745252,43.21305817,835.418
-2.57452188,43.21306038,835.295
-2.57451601,43.21306009,835.232
-2.5745248,43.21306299,835.037
-2.57453592,43.21306538,835.027
-2.57454802,43.21306527,835.039
-2.5745604,43.21306116,834.863
-2.57457035,43.21305237,834.809
-2.57457663,43.2130352,834.809
-2.57457735,43.21302177,834.854
-2.57457944,43.21301272,834.814
-2.57458593,43.21300402,834.824
-2.57458913,43.21299651,834.888
-2.57459491,43.21299065,834.895
-2.57460494,43.21298663,834.662
-2.57461682,43.21298735,834.491
-2.57462933,43.21298636,834.227
-2.574646,43.21298433,834.017
-2.57465716,43.21298077,833.879
-2.57466656,43.21297413,833.823
-2.57467768,43.21296402,833.609
-2.57469484,43.21295403,833.605
-2.57471239,43.21294458,833.632
-2.57472491,43.21293298,833.612
-2.57473563,43.21292721,833.687
-2.57474273,43.21291713,833.621
-2.57475629,43.21291049,833.678
-2.57476734,43.21290333,833.865
-2.57477819,43.21288939,833.884
-2.57477281,43.21289075,833.85
-2.57477063,43.21287795,834.022
-2.57477218,43.21286842,834.086
-2.57478313,43.21285858,834.009
-2.57479051,43.21285054,833.816
-2.57479301,43.21284158,833.888
-2.57478998,43.21283316,833.646
-2.5747972,43.21282646,833.446
-2.57480506,43.2128186,833.49
-2.57481269,43.21281172,833.287
-2.5748208,43.21280532,833.244
-2.5748294,43.21279677,833.223
-2.57484225,43.21278942,833.289
-2.57485823,43.2127805,833.229
-2.57486929,43.21276825,833.211
-2.57487403,43.21275742,833.215
-2.5748716,43.21274918,833.209
-2.57486442,43.2127422,833.21
-2.5748584,43.21273273,833.255
-2.57485055,43.21272643,833.21
-2.57484061,43.21271794,832.824
-2.57483084,43.21270553,832.861
-2.57482643,43.21269832,832.818
-2.57482506,43.21268851,833.097
-2.57482012,43.21267936,833.213
-2.57482252,43.2126693,833.473
-2.57482887,43.21265266,833.675
-2.57482279,43.2126391,833.659
-2.57480706,43.21262949,833.609
-2.57480007,43.21262951,833.633
-2.57478005,43.21263247,833.478
-2.57479242,43.21262954,832.868
-2.57477952,43.21263169,832.695
-2.57478265,43.21263586,832.481
-2.5747857,43.21263914,832.437
-2.5747937,43.21264557,832.427
-2.57481329,43.21265433,832.619
-2.57485807,43.21265394,832.683
-2.57488507,43.21263837,832.609
-2.57489176,43.21262962,832.415
-2.5748952,43.21260704,832.487
-2.57489026,43.21259573,832.417
-2.57488341,43.21259104,832.69
-2.57488022,43.21259715,832.666
-2.57488609,43.21259445,832.632
-2.57487605,43.21260069,832.098
-2.57486801,43.21260933,831.809
-2.57487575,43.21261453,831.624
-2.57488685,43.21262535,831.404
-2.57488828,43.21263141,831.469
-2.5748928,43.21263355,831.688
-2.57489718,43.21263357,831.669
-2.57488938,43.21263265,831.676
-2.57488461,43.21263565,831.885
-2.57489013,43.21263434,831.851
-2.57489712,43.21262935,832.281
-2.57490527,43.21262978,832.463
-2.57491469,43.21263234,832.887
-2.57492107,43.21263862,833.009
-2.57492647,43.21264102,833.217
-2.57493443,43.21264424,833.655
-2.574943,43.212646,833.681
-2.574949,43.21264777,833.695
-2.57495621,43.21264453,833.812
-2.574956,43.2126483,833.869
-2.57495931,43.21264268,834.064
-2.57496668,43.21264241,834.026
-2.57496192,43.21264406,834.009
-2.57495761,43.21264731,834.084
-2.57495494,43.21265221,834.417
-2.57496394,43.21265083,834.422
-2.57496879,43.21265286,834.674
-2.57496965,43.212656,834.816
-2.57496489,43.21265643,834.864
-2.57496452,43.21266114,835.055
-2.574972,43.212662,835.652
-2.574966,43.212661,835.456
-2.574963,43.212664,835.055
-2.574963,43.21266,834.864
-2.574957,43.212661,834.064
-2.574955,43.212665,834.014
-2.574955,43.212671,833.858
-2.574956,43.212666,833.812
-2.574949,43.21267,833.695
-2.574943,43.212669,833.681
-2.574934,43.212668,833.655
-2.574928,43.212666,833.407
-2.574921,43.212666,833.217
-2.574913,43.212664,833.009
-2.574904,43.212658,832.887
-2.57489,43.212655,832.463
-2.574878,43.212654,832.281
-2.574869,43.212659,831.851
-2.574863,43.212661,831.885
-2.574868,43.212659,831.676
-2.574874,43.21266,831.669
-2.574868,43.21266,831.612
-2.57486,43.212658,831.469
-2.574857,43.212652,831.404
-2.574844,43.212641,831.624
-2.574835,43.212636,831.809
-2.574841,43.212627,832.098
-2.574845,43.212617,832.214
-2.574834,43.212613,832.672
-2.574848,43.21261,832.868
-2.574835,43.212612,833.084
-2.574855,43.212609,833.633
-2.574862,43.212609,833.609
-2.574878,43.212619,833.659
-2.574885,43.212634,833.675
-2.57488,43.212653,833.473
-2.574879,43.212666,833.213
-2.574885,43.212678,833.097
-2.574887,43.21269,832.818
-2.574892,43.2127,832.861
-2.574902,43.212714,832.824
-2.574912,43.212723,833.21
-2.574917,43.212731,833.234
-2.57492,43.212734,833.255
-2.574926,43.212744,833.21
-2.574933,43.212753,833.209
-2.574935,43.212764,833.215
-2.57493,43.212776,833.211
-2.574919,43.212788,833.229
-2.574903,43.212797,833.289
-2.57489,43.212805,833.223
-2.574881,43.212815,833.244
-2.574872,43.212824,833.287
-2.574863,43.212834,833.49
-2.574854,43.212844,833.446
-2.574846,43.212852,833.646
-2.574848,43.212862,833.888
-2.574844,43.212873,833.816
-2.574835,43.212883,834.009
-2.574823,43.212894,834.086
-2.574821,43.212904,834.022
-2.574823,43.212917,833.85
-2.574828,43.212915,833.86
-2.574815,43.212932,833.865
-2.574803,43.21294,833.678
-2.574789,43.212947,833.621
-2.574782,43.212957,833.687
-2.574771,43.212963,833.612
-2.574758,43.212975,833.632
-2.574741,43.212984,833.605
-2.574725,43.212993,833.609
-2.574714,43.213003,833.823
-2.574703,43.213011,833.879
-2.57469,43.213016,834.017
-2.574672,43.213019,834.227
-2.574658,43.213021,834.491
-2.574645,43.213021,834.662
-2.574635,43.213025,834.895
-2.574629,43.213031,834.888
-2.574625,43.213039,834.824
-2.574618,43.213048,834.814
-2.574616,43.213057,834.854
-2.574616,43.21307,834.809
-2.57461,43.213087,834.809
-2.574598,43.213097,834.863
-2.574582,43.213103,835.039
-2.574568,43.213104,835.027
-2.574556,43.213102,835.037
-2.574549,43.213101,835.011
-2.574551,43.213094,835.674
-2.574548,43.2131,835.649
-2.574544,43.213105,835.613
-2.57454,43.21311,835.609
-2.574532,43.213099,835.835
-2.574523,43.213092,835.871
-2.574515,43.213088,835.869
-2.574511,43.213083,835.859
-2.574505,43.213081,835.623
-2.574499,43.213073,835.694
-2.574496,43.213067,835.647
-2.57449,43.213068,835.656
-2.57448,43.213071,835.633
-2.574471,43.213073,835.626
-2.574462,43.213075,835.609
-2.574457,43.213071,835.639
-2.574458,43.213067,835.875
-2.574454,43.213064,836.097
-2.574448,43.213065,836.081
-2.574442,43.213066,836.064
-2.574426,43.213068,836.09
-2.574407,43.213066,836.066
-2.574395,43.213066,836.029
-2.57438,43.213066,836.021
-2.574362,43.213065,836.209
-2.574341,43.213068,836.488
-2.574324,43.21307,836.654
-2.57431,43.213072,836.842
-2.574298,43.213074,837.042
-2.574283,43.213076,837.226
-2.57426,43.213077,837.457
-2.574235,43.213076,837.43
-2.574214,43.213077,837.643
-2.574195,43.213079,837.819
-2.574175,43.213082,838.085
-2.574159,43.213085,838.289
-2.574144,43.213085,838.417
-2.574126,43.213086,838.609
-2.574112,43.213086,838.89
-2.574094,43.213083,838.896
-2.574078,43.213078,839.064
-2.574066,43.213076,839.074
-2.574069,43.213073,839.018
-2.574089,43.213072,839.079
-2.574079,43.213079,839.085
-2.574072,43.213079,839.091
-2.574062,43.21308,839.053
-2.574045,43.213083,838.804
-2.57402,43.213087,839.014
-2.573999,43.21309,839.009
-2.573978,43.213092,839.247
-2.573959,43.213092,839.443
-2.573941,43.213094,839.691
-2.573926,43.213095,839.811
-2.573908,43.213097,840.045
-2.573888,43.213099,840.286
-2.573869,43.213101,840.499
-2.573851,43.213105,840.632
-2.573835,43.213109,841.028
-2.573819,43.213111,841.045
-2.573802,43.213112,841.247
-2.573782,43.213116,841.411
-2.573765,43.21312,841.609
-2.573749,43.213123,841.896
-2.573732,43.213125,841.872
-2.57371,43.213126,842.05
-2.573689,43.213127,842.04
-2.573667,43.21313,842.064
-2.573647,43.213129,842.235
-2.573629,43.213127,842.278
-2.573609,43.213127,842.411
-2.573589,43.213126,842.447
-2.573572,43.213125,842.665
-2.573561,43.213124,842.468
-2.573544,43.213123,842.414
-2.573517,43.213122,842.209
-2.573497,43.213121,841.848
-2.573479,43.21312,841.694
-2.573463,43.213121,841.612
-2.573444,43.213121,841.672
-2.573426,43.21312,841.616
-2.573407,43.213119,841.837
-2.573389,43.213121,842.05
-2.573375,43.213121,842.283
-2.573359,43.213119,842.479
-2.573346,43.213118,842.494
-2.573327,43.213115,842.657
-2.573311,43.213111,842.822
-2.573298,43.213109,842.809
-2.573275,43.213105,842.871
-2.573255,43.213098,842.847
-2.573239,43.213089,842.885
-2.57322,43.213083,842.815
-2.573203,43.213075,842.839
-2.573186,43.213069,842.88
-2.573171,43.213062,842.843
-2.573154,43.213054,842.876
-2.573136,43.213042,842.862
-2.573123,43.213031,842.871
-2.573113,43.213022,842.841
-2.573106,43.213013,842.815
-2.573098,43.213008,842.809
-2.573106,43.213008,842.859
-2.573117,43.213004,842.875
-2.573121,43.213006,842.813
-2.573133,43.213012,842.613
-2.573138,43.213015,842.617
-2.57313,43.213005,842.471
-2.573125,43.213001,842.494
-2.573115,43.212996,842.022
-2.573107,43.212993,842.014
-2.573098,43.212991,841.809
-2.573088,43.21299,841.886
-2.57307,43.212988,841.892
-2.57305,43.212985,841.64
-2.573037,43.212984,841.44
-2.573018,43.212986,841.474
-2.572998,43.212983,841.285
-2.572981,43.212982,841.058
-2.572962,43.212981,841.061
-2.572941,43.212978,841.027
-2.572928,43.212975,840.813
-2.572913,43.212972,840.843
-2.572893,43.212968,840.607
-2.572874,43.212964,840.609
-2.572858,43.21296,840.633
-2.572842,43.212959,840.649
-2.572826,43.212956,840.617
-2.57281,43.212955,840.427
-2.572796,43.212952,840.441
-2.572776,43.212949,840.282
-2.572759,43.212948,840.015
-2.572743,43.212943,839.678
-2.572728,43.212941,839.614
-2.572711,43.212934,839.458
-2.572695,43.212932,839.452
-2.572677,43.21293,839.617
-2.57266,43.212926,839.809
-2.572642,43.212923,839.887
-2.572623,43.212921,840.083
-2.572604,43.212919,840.091
-2.572583,43.212917,839.811
-2.572564,43.212913,839.855
-2.572544,43.21291,839.886
-2.572531,43.212909,839.689
-2.572521,43.212907,839.622
-2.572507,43.212903,839.828
-2.572485,43.2129,839.862
-2.572471,43.212902,839.883
-2.572463,43.212904,839.811
-2.57245,43.212907,839.609
-2.572434,43.212907,839.688
-2.572421,43.212907,839.454
-2.572404,43.212911,839.682
-2.57239,43.212914,839.662
-2.572376,43.21292,839.836
-2.572363,43.212931,840.067
-2.572344,43.212941,840.21
-2.572325,43.212948,840.453
-2.572312,43.212956,840.639
-2.572302,43.212965,840.825
-2.572296,43.212972,840.826
-2.572284,43.212982,840.808
-2.572276,43.212992,840.809
-2.572267,43.213004,840.864
-2.572261,43.213017,840.86
-2.572252,43.213032,840.858
-2.572243,43.213042,840.648
-2.572232,43.213053,840.632
-2.572226,43.213067,840.653
-2.57222,43.213078,840.696
-2.572214,43.213087,840.889
-2.57221,43.213098,840.855
-2.572204,43.21311,841.018
-2.572193,43.213124,841.098
-2.572184,43.213138,840.817
-2.572176,43.213154,840.809
-2.572167,43.213168,840.893
-2.572161,43.213182,840.699
-2.572151,43.213196,840.647
-2.57214,43.213209,840.657
-2.572129,43.21322,840.671
-2.572117,43.213233,840.652
-2.572106,43.213243,840.675
-2.572095,43.213253,840.438
-2.572081,43.213266,840.484
-2.572069,43.213276,840.413
-2.572055,43.213285,840.243
-2.572038,43.213295,840.207
-2.572029,43.213305,840.209
-2.572021,43.213314,840.233
-2.572009,43.213323,840.269
-2.571996,43.213329,840.257
-2.571976,43.213331,840.277
-2.571957,43.213337,840.091
-2.571938,43.213348,840.022
-2.571923,43.213358,840.025
-2.571909,43.213361,839.878
-2.571902,43.213357,839.664
-2.571897,43.213353,839.449
-2.571893,43.213355,839.202
-2.571888,43.213361,838.866
-2.571878,43.213368,838.622
-2.571867,43.213381,838.62
-2.571862,43.213391,838.67
-2.571858,43.213405,838.664
-2.571849,43.213421,838.625
-2.571834,43.213432,838.628
-2.57182,43.21344,838.681
-2.571808,43.213448,838.487
-2.571799,43.213453,838.439
-2.571782,43.213463,838.401
-2.571769,43.213472,838.221
-2.571754,43.213481,838.209
-2.571742,43.21349,838.035
-2.571735,43.213495,837.891
-2.571719,43.213504,837.819
-2.571699,43.213511,837.879
-2.571685,43.213518,837.883
-2.571675,43.213522,837.864
-2.57166,43.213531,838.097
-2.571643,43.21354,838.09
-2.571626,43.213549,838.256
-2.571612,43.213555,838.087
-2.571602,43.213559,838.042
-2.571588,43.213566,837.826
-2.571576,43.213572,837.609
-2.571565,43.213578,837.22
-2.571551,43.213584,837.026
-2.571536,43.213594,836.874
-2.571519,43.213604,837.024
-2.571503,43.213611,837.078
-2.571481,43.21362,837.019
-2.571463,43.213625,837.042
-2.571443,43.213629,837.015
-2.57142,43.213634,837.061
-2.571399,43.213644,837.068
-2.571388,43.213653,836.842
-2.571369,43.213659,836.826
-2.571351,43.213665,836.609
-2.57133,43.213673,836.638
-2.571311,43.213677,836.694
-2.571295,43.213682,836.632
-2.571278,43.213689,836.662
-2.571266,43.213695,836.646
-2.571245,43.213699,836.427
-2.571225,43.213703,836.41
-2.571208,43.213708,836.243
-2.571193,43.213717,836.229
-2.571172,43.213728,836.033
-2.571151,43.213736,836.023
-2.571133,43.213742,836.015
-2.571116,43.213748,835.809
-2.571097,43.213756,835.875
-2.571079,43.213762,835.831
-2.571062,43.21377,835.839
-2.571045,43.213779,835.689
-2.571028,43.213787,835.623
-2.57101,43.213794,835.464
-2.570992,43.213802,835.447
-2.570977,43.21381,835.29
-2.570962,43.213816,835.216
-2.570945,43.213823,835.235
-2.570923,43.213833,835.086
-2.570907,43.213843,835.014
-2.570895,43.213853,834.809
-2.570881,43.21386,834.875
-2.570865,43.213862,834.671
-2.570848,43.213864,834.419
-2.570829,43.213868,834.449
-2.570811,43.213873,834.213
-2.570792,43.213877,834.254
-2.570778,43.213883,834.037
-2.570762,43.213896,833.88
-2.57075,43.213904,833.686
-2.570737,43.213912,833.426
-2.570718,43.213924,833.247
-2.570706,43.213932,833.011
-2.570698,43.213938,832.809
-2.570687,43.213945,832.654
-2.570671,43.213953,832.65
-2.570656,43.213961,832.468
-2.57064,43.21397,832.278
-2.570628,43.213982,832.232
-2.570614,43.213994,832.013
-2.570598,43.214003,832.046
-2.570582,43.214013,831.859
-2.570566,43.214023,831.815
-2.570551,43.214031,831.857
-2.570533,43.214041,831.8
-2.570519,43.214048,831.82
-2.570504,43.214057,831.809
-2.570491,43.214066,831.837
-2.570478,43.214075,831.893
-2.570465,43.21408,831.621
-2.570448,43.214083,831.691
-2.570432,43.214088,831.675
-2.570415,43.214097,831.436
-2.570399,43.214103,831.299
-2.570384,43.214108,831.012
-2.570371,43.214111,831.058
-2.570354,43.214116,830.852
-2.570335,43.214123,830.853
-2.570315,43.214132,830.808
-2.570298,43.214141,830.809
-2.570279,43.214149,830.847
-2.570262,43.214154,830.813
-2.570246,43.21416,830.891
-2.57023,43.214167,830.841
-2.570211,43.214174,830.815
-2.57019,43.214179,830.876
-2.570175,43.214182,830.629
-2.570156,43.214187,830.652
-2.570137,43.214193,830.438
-2.570119,43.214198,830.423
-2.570105,43.2142,830.283
-2.570092,43.214206,830.211
-2.570078,43.214213,830.209
-2.570059,43.214217,830.084
-2.57004,43.21422,830.02
-2.570025,43.214221,830.018
-2.570006,43.214222,830.088
-2.569985,43.214225,829.842
-2.569968,43.214229,829.883
-2.569952,43.214234,829.846
-2.569933,43.214237,829.819
-2.569915,43.214244,829.825
-2.5699,43.214247,829.817
-2.569886,43.214251,829.687
-2.56987,43.214252,829.615
-2.569858,43.214254,829.609
-2.569842,43.214258,829.433
-2.569827,43.214258,829.279
-2.569808,43.214263,829.297
-2.569787,43.214269,829.087
-2.569768,43.214273,828.861
-2.569751,43.214272,828.642
-2.569733,43.214272,828.695
-2.569712,43.214272,828.698
-2.569694,43.214274,828.494
-2.569678,43.214275,828.259
-2.56966,43.214277,828.003
-2.569637,43.214276,827.823
-2.569614,43.214281,827.809
-2.569592,43.214281,827.877
-2.569567,43.21428,827.813
-2.569544,43.214279,827.851
-2.569527,43.214279,827.841
-2.56951,43.214279,827.885
-2.569495,43.214276,827.856
-2.569479,43.214275,827.899
-2.569465,43.214276,827.852
-2.56945,43.214277,827.628
-2.569442,43.214277,827.456
-2.569452,43.214277,827.259
-2.569434,43.214278,827.009
-2.569411,43.214274,826.837
-2.569393,43.214272,826.813
-2.569375,43.214272,826.891
-2.569352,43.214274,826.641
-2.569328,43.214274,826.655
-2.569311,43.214274,826.466
-2.569295,43.214278,826.419
-2.569277,43.21428,826.242
-2.569259,43.214283,826.228
-2.56924,43.214287,826.232
-2.569226,43.21429,826.292
-2.569214,43.214295,826.211
-2.569202,43.214299,826.009
-2.569191,43.214298,826.085
-2.569177,43.214298,825.841
-2.569161,43.214299,825.879
-2.569145,43.214302,825.639
-2.569126,43.214303,825.613
-2.56911,43.2143,825.484
-2.56909,43.214299,825.237
-2.569067,43.214291,825.01
-2.569048,43.214292,824.816
-2.569033,43.214289,824.882
-2.569013,43.214286,824.643
-2.568991,43.214284,824.617
-2.568976,43.214283,824.609
-2.568954,43.214281,824.83
-2.56893,43.214285,824.816
-2.568906,43.21429,824.824
-2.568892,43.214289,824.664
-2.568881,43.21429,824.498
-2.568862,43.214295,824.299
-2.568842,43.214298,823.882
-2.568819,43.214293,823.475
-2.568799,43.214291,823.291
-2.568775,43.214294,823.047
-2.568753,43.214298,822.829
-2.568734,43.2143,822.421
-2.568715,43.214304,822.209
-2.568696,43.214311,822.096
-2.568679,43.214318,821.882
-2.568665,43.214325,821.89
-2.568645,43.214334,821.69
-2.568626,43.21434,821.644
-2.568607,43.214344,821.855
-2.568587,43.214348,821.858
-2.568567,43.214352,821.861
-2.56855,43.214355,821.877
-2.568533,43.214357,821.659
-2.568514,43.214359,821.403
-2.568499,43.214361,821.223
-2.568483,43.214366,821.209
-2.568468,43.21437,821.077
-2.568452,43.214375,820.893
-2.568434,43.214378,820.611
-2.568413,43.21438,820.431
-2.568398,43.214383,820.275
-2.568378,43.214386,820.096
-2.568359,43.214387,819.689
-2.568336,43.214384,819.282
-2.568315,43.214379,818.878
-2.5683,43.214375,818.635
-2.568279,43.214372,818.486
-2.56826,43.214368,818.414
-2.568242,43.214363,818.209
-2.568224,43.214358,818.075
-2.568207,43.214355,817.631
-2.568191,43.214351,817.289
-2.568177,43.214348,816.879
-2.568157,43.21434,816.453
-2.568142,43.214329,816.234
-2.568129,43.21432,815.887
-2.568117,43.21431,815.61
-2.568103,43.214302,815.476
-2.568088,43.214295,815.229
-2.568075,43.214291,815
-2.568059,43.214283,814.62
-2.568046,43.214276,814.209
-2.568033,43.214269,814.094
-2.568014,43.214264,814.02
-2.568,43.214257,813.898
-2.567983,43.214251,813.668
-2.567965,43.214245,813.622
-2.567948,43.214241,813.233
-2.56793,43.214238,813.086
-2.567909,43.214234,812.889
-2.567892,43.214231,812.465
-2.567876,43.214225,812.298
-2.567858,43.21422,811.815
-2.567839,43.214216,811.626
-2.567821,43.214213,811.409
-2.567804,43.214207,811.061
-2.56779,43.2142,810.857
-2.567778,43.214192,810.675
-2.567766,43.214183,810.425
-2.567752,43.214174,810.279
-2.567738,43.214164,810.06
-2.567726,43.214156,809.823
-2.567711,43.214148,809.686
-2.567697,43.214141,809.242
-2.567682,43.214131,809.084
-2.567668,43.214121,808.607
-2.567657,43.214112,808.417
-2.567643,43.214101,808.209
-2.56763,43.214095,808.25
-2.567614,43.214087,808.086
-2.567598,43.214079,807.894
-2.567585,43.214072,807.844
-2.567569,43.214065,807.638
-2.567558,43.214059,807.229
-2.567544,43.214054,807.092
-2.567528,43.21405,806.875
-2.567512,43.214041,806.681
-2.567497,43.214035,806.483
-2.567482,43.214028,806.425
-2.567467,43.214018,806.017
-2.567455,43.214008,805.809
-2.567443,43.213999,805.49
-2.567427,43.213992,805.076
-2.567412,43.213981,804.814
-2.567396,43.213967,804.814
-2.567387,43.213959,804.838
-2.567371,43.213952,804.869
-2.567352,43.213941,804.892
-2.567333,43.213935,804.665
-2.567323,43.213927,804.491
-2.567305,43.213914,804.226
-2.567292,43.213906,804.047
-2.567274,43.213895,803.611
-2.567258,43.213885,803.409
-2.567245,43.213875,803.064
-2.567229,43.213862,802.62
-2.567217,43.213855,802.458
-2.567193,43.213855,802.218
-2.56717,43.213849,802.082
-2.567155,43.213844,801.863
-2.567142,43.213838,801.846
-2.567126,43.213829,801.429
-2.56711,43.213823,801.465
-2.567089,43.213815,800.868
-2.567068,43.21381,800.642
-2.567054,43.213806,800.426
-2.567036,43.2138,800.409
-2.567018,43.213791,800.418
-2.567,43.213782,800.424
-2.566982,43.213773,800.432
-2.566966,43.213763,800.222
-2.56695,43.213755,800.216
-2.566934,43.213746,800.097
-2.566917,43.213738,800.06
-2.566902,43.21373,799.873
-2.566886,43.213723,799.849
-2.56687,43.213713,799.697
-2.566855,43.213702,799.423
-2.566842,43.213691,799.425
-2.566828,43.213681,799.209
-2.566815,43.213669,799.051
-2.566801,43.213658,799.087
-2.566788,43.213648,798.865
-2.566775,43.213636,798.845
-2.566761,43.213624,798.629
-2.566745,43.213615,798.66
-2.566728,43.213602,798.663
-2.566711,43.213588,798.416
-2.566699,43.21358,798.482
-2.566681,43.213572,798.271
-2.566666,43.213564,798.241
-2.566648,43.213556,798.015
-2.566631,43.213552,797.809
-2.56661,43.213545,797.849
-2.566592,43.213536,797.845
-2.566574,43.213524,797.613
-2.56656,43.213517,797.633
-2.566536,43.21351,797.647
-2.566516,43.213502,797.658
-2.566498,43.213494,797.631
-2.56648,43.213485,797.844
-2.566466,43.213476,797.85
-2.566451,43.213468,797.674
-2.566435,43.213459,797.656
-2.56642,43.213453,797.421
-2.566403,43.213444,797.409
-2.566386,43.213435,797.289
-2.56637,43.213429,797.295
-2.566351,43.213419,797.263
-2.566334,43.213413,797.023
-2.566318,43.213407,797.057
-2.566303,43.213404,797.058
-2.566287,43.213399,797.261
-2.566275,43.213392,797.244
-2.566259,43.213385,797.49
-2.566241,43.213383,797.693
-2.56622,43.21338,797.665
-2.566203,43.213377,797.621
-2.566183,43.213376,797.609
-2.566166,43.213376,797.831
-2.566148,43.213373,797.877
-2.566135,43.213371,797.845
-2.566119,43.213369,798.065
-2.566103,43.213367,798.039
-2.566092,43.213362,798.07
-2.566086,43.213357,798.083
-2.566084,43.213352,798.016
-2.566076,43.21334,798.052
-2.56606,43.213334,798.076
-2.566042,43.213328,798.29
-2.566027,43.213321,798.219
-2.566012,43.213315,798.209
-2.565996,43.213311,798.439
-2.565984,43.213304,798.475
-2.565973,43.2133,798.453
-2.565957,43.213295,798.443
-2.565937,43.213289,798.647
-2.565912,43.213283,798.688
-2.565887,43.213272,799.021
-2.565866,43.213264,799.274
-2.565864,43.213256,799.67
-2.565858,43.213261,799.668
-2.565862,43.213258,799.826
-2.565858,43.213261,799.809
-2.565852,43.213262,799.878
-2.565856,43.21326,799.864
-2.565866,43.213258,799.489
-2.56586,43.213261,799.289
-2.565855,43.213259,799.039
-2.565853,43.213249,799.042
-2.565847,43.213237,799.055
-2.565837,43.21323,799.241
-2.565834,43.213221,799.226
-2.565826,43.21321,799.447
-2.565813,43.2132,799.411
-2.565797,43.213188,799.609
-2.565782,43.213178,799.694
-2.565775,43.213171,799.64
-2.565759,43.213164,799.878
-2.565741,43.213154,799.858
-2.565725,43.213152,800.022
-2.565709,43.213151,800.213
-2.565695,43.213151,800.466
-2.565677,43.213149,800.619
-2.565663,43.213143,800.625
-2.565652,43.213136,800.841
-2.565636,43.213124,801.281
-2.565628,43.213109,801.409
-2.565622,43.213094,801.809
-2.565613,43.213079,802.096
-2.565599,43.21307,802.022
-2.565582,43.213063,802.02
-2.565565,43.213058,802.25
-2.565552,43.213054,802.224
-2.56554,43.21305,802.215
-2.565524,43.213046,802.248
-2.56551,43.213039,802.461
-2.565501,43.213028,802.637
-2.565494,43.213025,802.669
-2.565496,43.213031,802.804
-2.565491,43.213032,803.024
-2.565486,43.213024,802.814
-2.565477,43.213013,802.852
-2.565469,43.213005,802.842
-2.565464,43.213002,803.063
-2.565452,43.212999,803.001
-2.565434,43.212994,803.021
-2.565414,43.21299,803.009
-2.565403,43.212985,803.235
-2.565387,43.21298,803.421
-2.565374,43.21297,803.669
-2.565363,43.212959,803.889
-2.565349,43.212951,804.093
-2.565335,43.212946,804.094
-2.565316,43.212943,804.077
-2.565299,43.212937,804.28
-2.565286,43.21293,804.266
-2.565273,43.212923,804.455
-2.565261,43.212912,804.807
-2.565253,43.212904,805.017
-2.565247,43.212895,805.209
-2.565243,43.212883,805.257
-2.565237,43.212869,805.213
-2.565225,43.212864,805.431
-2.5652,43.212861,805.441
-2.565188,43.212862,805.645
-2.565182,43.212859,805.876
-2.565179,43.212852,806.052
-2.565171,43.212847,806.248
-2.565159,43.21284,806.267
-2.565146,43.212838,806.281
-2.565128,43.212837,806.419
-2.565108,43.212837,806.409
-2.56509,43.212836,806.438
-2.565081,43.212838,806.474
-2.565073,43.212837,806.462
-2.565063,43.212829,806.426
-2.565053,43.212825,806.647
-2.565039,43.212823,806.66
-2.565028,43.212819,806.643
-2.565007,43.212818,806.879
-2.564984,43.212817,806.828
-2.564963,43.212809,807.089
-2.564959,43.212805,807.017
-2.564969,43.212801,807.009
-2.564963,43.21281,807.01
-2.564953,43.212813,807.088
-2.564937,43.212808,807.068
-2.564917,43.212805,807.042
-2.564895,43.212805,807.023
-2.564877,43.212803,806.826
-2.564889,43.212799,806.879
-2.564895,43.212794,806.885
-2.56488,43.212802,807.24
-2.564865,43.212793,807.218
-2.564849,43.212787,807.228
-2.564831,43.212784,807.062
-2.564811,43.212781,807.023
-2.564793,43.212778,807.046
-2.564773,43.212772,807.039
-2.564754,43.212762,806.815
-2.564739,43.212754,806.842
-2.564723,43.212745,806.622
-2.564705,43.212743,806.614
-2.564687,43.212741,806.409
-2.564673,43.212739,806.696
-2.564659,43.212733,806.872
-2.564644,43.212727,806.85
-2.564628,43.212721,807.03
-2.564612,43.212715,807.264
-2.564595,43.212707,807.215
-2.564581,43.212702,807.258
-2.564564,43.212697,807.281
-2.564547,43.212692,807.297
-2.56453,43.212687,807.291
-2.564513,43.212683,807.281
-2.564495,43.212678,807.419
-2.564475,43.212672,807.209
-2.564457,43.212664,807.431
-2.564449,43.212654,807.447
-2.564454,43.212651,807.415
-2.564463,43.212653,807.445
-2.564458,43.212656,807.476
-2.564442,43.21266,807.838
-2.564425,43.212658,808.084
-2.564413,43.212648,808.032
-2.564404,43.21264,808.212
-2.564389,43.212633,808.246
-2.564378,43.212633,808.287
-2.56436,43.212638,808.46
-2.564337,43.212634,808.463
-2.564317,43.212628,808.499
-2.564311,43.212619,808.694
-2.564323,43.212617,808.857
-2.564328,43.212616,808.822
-2.564322,43.212618,808.809
-2.564328,43.212623,808.841
-2.56431,43.212626,808.685
-2.564287,43.212623,808.669
-2.564271,43.212616,808.66
-2.564257,43.212613,808.813
-2.564239,43.212607,808.866
-2.56423,43.212611,809.062
-2.564236,43.212613,809.051
-2.564233,43.212609,808.801
-2.564238,43.212608,808.809
-2.564244,43.212609,808.837
-2.564235,43.212603,808.615
-2.564223,43.212597,808.636
-2.564212,43.212587,808.449
-2.564196,43.212576,808.412
-2.564185,43.212566,808.658
-2.564177,43.212551,808.899
-2.564178,43.212545,809.207
-2.564176,43.212541,809.427
-2.564172,43.212544,809.609
-2.564163,43.212551,809.671
-2.564144,43.212551,809.417
-2.564133,43.212542,809.475
-2.564126,43.212537,809.445
-2.564114,43.212528,809.449
-2.564102,43.212518,809.47
-2.56409,43.212503,809.623
-2.564086,43.212491,809.896
-2.564091,43.21248,809.832
-2.564091,43.212484,809.8
-2.564068,43.212485,809.82
-2.564049,43.212475,809.809
-2.564053,43.21247,809.887
-2.56406,43.212471,809.873
-2.564052,43.21247,810.021
-2.564023,43.212461,810.021
-2.564012,43.212453,809.885
-2.564005,43.212447,809.816
-2.563991,43.212446,809.899
-2.563975,43.212447,809.852
-2.563962,43.212448,810.078
-2.563953,43.212452,810.285
-2.563946,43.212443,810.809
-2.563929,43.212437,810.89
-2.563915,43.212427,810.896
-2.563903,43.212417,810.894
-2.563897,43.212405,810.864
-2.563882,43.212386,811.048
-2.563866,43.212371,811.069
-2.563856,43.21236,811.492
-2.563859,43.212355,811.695
-2.563838,43.212351,812.066
-2.563823,43.212338,812.029
-2.563815,43.212331,811.821
-2.563797,43.212326,811.809
-2.563777,43.212316,811.868
-2.563762,43.212309,811.874
-2.563751,43.212305,812.092
-2.563757,43.212303,812.042
-2.563759,43.212309,812.036
-2.563754,43.212311,812.217
-2.563759,43.212313,812.22
-2.563759,43.212318,812.223
-2.563757,43.212307,812.239
-2.563743,43.212296,812.214
-2.563727,43.212288,812.254
-2.563715,43.21228,812.209
-2.563706,43.212273,812.209
-2.563694,43.212269,812.293
-2.563679,43.212261,812.499
-2.563666,43.212253,812.417
-2.563654,43.212246,812.627
-2.563642,43.212236,812.861
-2.563631,43.212222,812.892
-2.563619,43.212213,813.075
-2.563605,43.212208,813.068
-2.563593,43.212205,813.094
-2.563584,43.212201,813.279
-2.563577,43.2122,813.205
-2.563565,43.212189,813.425
-2.563557,43.212177,813.409
-2.563542,43.21217,813.629
-2.563525,43.212163,813.865
-2.563511,43.21216,813.863
-2.563499,43.212151,813.883
-2.563488,43.212143,814.027
-2.56348,43.212133,814.078
-2.563476,43.212123,814.011
-2.563473,43.212114,814.044
-2.563468,43.212109,814.27
-2.563476,43.212105,814.055
-2.563471,43.212107,814.017
-2.563473,43.212102,814.009
-2.563466,43.21209,814.241
-2.563454,43.21208,814.261
-2.563442,43.212071,814.275
-2.563428,43.212064,814.056
-2.563412,43.212056,814.069
-2.563392,43.21205,814.052
-2.563379,43.212045,814.028
-2.563368,43.21204,814.236
-2.563365,43.212037,814.218
-2.563359,43.212024,813.852
-2.563354,43.212012,813.853
-2.563353,43.211997,814.096
-2.56335,43.211989,814.059
-2.563343,43.21198,814.215
-2.563333,43.211972,814.287
-2.56332,43.211966,814.042
-2.563307,43.211967,814.026
-2.56329,43.211955,814.009
-2.563281,43.211944,814.03
-2.563274,43.211933,814.226
-2.563264,43.211923,814.214
-2.56325,43.21191,814.454
-2.563241,43.211897,814.488
-2.56323,43.211885,814.469
-2.563219,43.211871,814.252
-2.563209,43.21186,814.245
-2.563198,43.211846,814.291
-2.563187,43.211832,814.259
-2.563179,43.211818,814.203
-2.563171,43.211807,814.223
-2.563161,43.211797,814.209
-2.563145,43.211783,814.297
-2.563134,43.211774,814.293
-2.563119,43.211769,814.091
-2.56311,43.211755,813.851
-2.563106,43.211738,813.635
-2.563101,43.211727,813.496
-2.563087,43.21172,813.429
-2.563073,43.21171,813.492
-2.56306,43.2117,813.428
-2.56305,43.21169,813.438
-2.563038,43.21168,813.27
-2.563028,43.211667,813.017
-2.563015,43.211655,813.009
-2.563006,43.211644,812.895
-2.562999,43.211629,812.691
-2.562995,43.211613,812.479
-2.562989,43.211599,812.039
-2.562981,43.211583,811.893
-2.562975,43.211567,811.434
-2.562972,43.211549,811.227
-2.562974,43.211534,811.03
-2.562975,43.21152,810.866
-2.562971,43.211508,810.658
-2.562964,43.211496,810.452
-2.562955,43.211486,810.217
-2.562945,43.211472,810.009
-2.562939,43.211461,809.667
-2.562932,43.211454,809.463
-2.562937,43.21145,809.071
-2.562943,43.211448,808.615
-2.562941,43.211451,808.838
-2.562929,43.21145,809.022
-2.562916,43.211446,809.062
-2.562902,43.21144,809.208
-2.562889,43.211432,809.209
-2.562878,43.211427,809.474
-2.562871,43.211431,809.44
-2.562876,43.211433,809.488
-2.562881,43.211431,809.488
-2.562878,43.211428,809.493
-2.562873,43.211427,809.626
-2.562868,43.211426,809.614
-2.562876,43.211426,809.849
-2.562865,43.211422,809.624
-2.562862,43.211412,809.848
-2.562859,43.211406,810.099
-2.562852,43.211401,810.082
-2.562842,43.211392,810.095
-2.562835,43.211386,809.821
-2.56283,43.211391,809.677
-2.562825,43.211386,809.627
-2.56283,43.211386,809.635
-2.562827,43.211383,809.687
-2.562814,43.211377,809.658
-2.562808,43.211375,809.661
-2.562802,43.211376,809.84
-2.562794,43.211375,809.875
-2.562801,43.211379,809.828
-2.562797,43.211381,809.809
-2.562803,43.211379,809.645
-2.562797,43.211381,809.611
-2.562782,43.211379,809.674
-2.56278,43.211373,809.66
-2.56277,43.211367,809.861
-2.562751,43.211359,809.821
-2.562739,43.211348,809.813
-2.56273,43.21134,809.809
-2.56272,43.21133,809.868
-2.562712,43.211321,809.814
-2.562702,43.211311,809.692
-2.562692,43.211301,809.612
-2.562683,43.211293,809.676
-2.562672,43.211287,809.647
-2.562662,43.211289,809.84
-2.562656,43.211285,810.093
-2.562655,43.211277,810.079
-2.56265,43.21128,810.283
-2.562649,43.211275,810.252
-2.562643,43.211268,810.093
-2.56264,43.211275,810.019
-2.562632,43.211274,810.255
-2.562631,43.211262,810.257
-2.562629,43.211247,810.4
-2.562622,43.211238,810.42
-2.562625,43.211234,810.609
-2.562618,43.211238,810.212
-2.562599,43.211233,810.288
-2.562587,43.211229,810.299
-2.562574,43.211221,810.207
-2.562564,43.211205,810.227
-2.562553,43.211192,810.209
-2.562542,43.211183,810.291
-2.562535,43.21117,810.217
-2.56253,43.211163,810.435
-2.562525,43.211158,810.455
-2.56252,43.211152,810.85
-2.562505,43.211146,810.883
-2.562493,43.21114,810.886
-2.562489,43.211133,810.822
-2.562482,43.211125,810.845
-2.562472,43.211116,810.847
-2.562462,43.211099,810.811
-2.562459,43.211091,811.009
-2.562458,43.211087,811.076
-2.56245,43.211077,811.212
-2.562446,43.211068,811.47
-2.562452,43.21107,811.65
-2.562458,43.21107,811.664
-2.562463,43.211074,811.685
-2.562455,43.211075,811.491
-2.562441,43.211071,811.497
-2.562433,43.211068,811.225
-2.562438,43.21107,811.226
-2.562435,43.211066,811.094
-2.562429,43.211059,811.08
-2.562431,43.211053,811.038
-2.56242,43.211044,811.218
-2.562408,43.211032,811.222
-2.562406,43.211021,811.243
-2.562404,43.211006,811.276
-2.562402,43.210997,811.219
-2.562396,43.210984,811.025
-2.562388,43.210972,811.067
-2.562377,43.210978,810.881
-2.562364,43.210968,810.619
-2.562354,43.210955,810.409
-2.562345,43.210944,810.218
-2.562332,43.210936,810.254
-2.562319,43.210932,810.232
-2.562308,43.210932,810.242
-2.562303,43.210926,810.066
-2.5623,43.210921,810.047
-2.562296,43.210916,810.07
-2.562295,43.210911,810.063
-2.562297,43.210905,810.049
-2.562292,43.210904,809.809
-2.562292,43.210909,809.867
-2.562294,43.210904,809.661
-2.562285,43.210897,809.621
-2.562282,43.210886,809.615
-2.562277,43.210876,809.426
-2.562268,43.210869,809.489
-2.562259,43.210863,809.252
-2.562251,43.210857,809.028
-2.562241,43.210855,809.053
-2.562229,43.210855,809.004
-2.562221,43.210853,808.814
-2.562216,43.210852,808.809
-2.562211,43.210847,809.496
-2.5622,43.210847,809.259
-2.562187,43.21085,809.225
-2.562175,43.210849,809.053
-2.562164,43.210844,808.804
-2.562168,43.210837,808.49
-2.562171,43.21083,808.684
-2.562163,43.210835,809.047
-2.562171,43.21083,809.071
-2.562172,43.210835,809.079
-2.562174,43.210832,809.288
-2.562175,43.210826,809.618
-2.562171,43.21083,809.628
-2.562181,43.210821,809.888
-2.562181,43.210817,809.834
-2.562182,43.210821,809.664
-2.56218,43.210817,809.816
-2.562187,43.210819,810.009
-2.56219,43.210823,810.282
-2.562186,43.210817,809.873
-2.562187,43.210813,809.889
-2.562189,43.210806,809.834
-2.562195,43.210797,809.655
-2.562191,43.210794,809.609
-2.562195,43.21079,809.499
-2.562206,43.210782,809.479
-2.562214,43.210776,809.283
-2.562221,43.210767,808.864
-2.562226,43.210752,808.667
-2.56222,43.210743,808.42
-2.562215,43.210732,808.216
-2.562209,43.21072,808.244
-2.562202,43.210705,808.205
-2.56219,43.210697,808.215
-2.56218,43.210691,808.009
-2.56217,43.210686,807.686
-2.562162,43.210678,807.282
-2.562152,43.210667,806.89
-2.56215,43.210655,806.69
-2.562144,43.210645,806.464
-2.56214,43.210638,806.245
-2.562136,43.210632,806.018
-2.562135,43.210624,806.071
-2.562132,43.210612,806.257
-2.562134,43.210603,806.237
-2.562143,43.210593,806.449
-2.562153,43.210588,806.413
-2.562163,43.21058,806.409
-2.562171,43.210575,806.245
-2.562178,43.210572,806.211
-2.562186,43.210565,806.049
-2.562194,43.210558,805.819
-2.5622,43.210552,805.613
-2.562202,43.210544,805.274
-2.562198,43.210535,805.097
-2.562187,43.210527,804.69
-2.56218,43.210523,804.496
-2.56217,43.210508,804.233
-2.562169,43.210493,803.823
-2.562176,43.210485,803.615
-2.562183,43.210477,803.209
-2.562192,43.210472,803.045
-2.562202,43.210467,802.881
-2.562209,43.210465,802.669
-2.562217,43.210463,802.479
-2.562228,43.21046,802.273
-2.56224,43.210457,802.014
-2.562255,43.210455,801.827
-2.562269,43.21045,801.47
-2.562278,43.210446,801.256
-2.562288,43.210444,801.267
-2.562296,43.21044,801.081
-2.562302,43.210437,801.019
-2.562309,43.210432,800.809
-2.562312,43.210427,800.688
-2.562314,43.210422,800.494
-2.562315,43.210416,800.212
-2.562315,43.210408,800.082
-2.562315,43.2104,799.626
-2.562314,43.210392,799.487
-2.562316,43.210383,799.08
-2.562317,43.210373,798.893
-2.562326,43.210363,798.649
-2.562338,43.210356,798.489
-2.56235,43.210352,798.206
-2.562361,43.21035,798.226
-2.562374,43.21035,797.809
-2.562388,43.210348,797.66
-2.5624,43.21035,797.246
-2.56241,43.210353,796.834
-2.562421,43.210356,796.484
-2.562436,43.210358,796.078
-2.562451,43.210359,795.659
-2.562462,43.210356,795.212
-2.562474,43.210352,795.075
-2.562474,43.210345,794.661
-2.562486,43.210344,794.421
-2.562499,43.210346,794.441
-2.562518,43.210342,794.005
-2.562527,43.210338,793.809
-2.562538,43.210336,793.634
-2.562551,43.210339,793.41
-2.56256,43.210342,793.438
-2.562567,43.210341,793.498
-2.562581,43.210342,793.462
-2.562588,43.21034,793.273
-2.562595,43.210342,793.056
-2.562604,43.210345,792.819
-2.562617,43.210346,792.675
-2.562627,43.21035,792.246
-2.562634,43.210351,792.088
-2.562644,43.210354,791.616
-2.562649,43.210358,791.209
-2.562656,43.210363,791.016
-2.562663,43.21037,790.612
-2.562668,43.210372,790.41
-2.56268,43.210372,790.074
-2.562691,43.210372,789.645
-2.562697,43.210371,789.438
-2.562707,43.210367,789.241
-2.56272,43.210364,789.277
-2.562731,43.21036,789.085
-2.56274,43.210359,788.889
-2.562749,43.210358,788.617
-2.562761,43.210354,787.89
-2.56277,43.210351,787.436
-2.562783,43.210349,787.064
-2.562793,43.210345,786.694
-2.5628,43.210341,786.238
-2.562813,43.210334,785.869
-2.562822,43.210325,785.272
-2.562828,43.210317,784.845
-2.562832,43.210315,784.611
-2.562832,43.210311,784.467
-2.562836,43.210305,784.019
-2.562842,43.2103,784.009
-2.56285,43.210295,783.818
-2.56286,43.210291,783.634
-2.56287,43.210287,783.482
-2.562884,43.210283,783.072
-2.562897,43.210281,782.636
-2.562909,43.210277,782.057
-2.562925,43.210276,781.62
-2.562933,43.210275,781.213
-2.562939,43.210275,780.637
-2.562952,43.210269,780.209
-2.562961,43.210271,780.255
-2.562969,43.210269,780.291
-2.56298,43.210265,779.889
-2.562995,43.210264,779.619
-2.563006,43.210264,779.253
-2.563017,43.210266,778.874
-2.563026,43.210265,778.487
-2.563039,43.210267,778.21
-2.563051,43.210265,777.876
-2.563065,43.210268,777.491
-2.563079,43.210271,777.081
-2.56309,43.210271,776.619
-2.563104,43.210268,776.209
-2.56312,43.210268,775.831
-2.563135,43.21027,775.487
-2.563148,43.210273,775.235
-2.563159,43.210274,774.835
-2.563173,43.210275,774.289
-2.563181,43.210277,773.89
-2.563193,43.210279,773.443
-2.563206,43.210281,772.846
-2.563221,43.210287,772.442
-2.563233,43.210292,772.086
-2.563249,43.210298,771.86
-2.563267,43.210306,771.626
-2.563282,43.210314,771.409
-2.563292,43.210326,771.24
-2.563302,43.210337,771.256
-2.563314,43.210341,771.024
-2.563325,43.210343,771.094
-2.56334,43.210351,771.028
-2.563348,43.210355,770.869
-2.563358,43.210364,770.882
-2.563369,43.210368,770.855
-2.563377,43.210373,770.661
-2.563393,43.210375,770.642
-2.563409,43.210378,770.422
-2.563425,43.210381,770.214
-2.563435,43.210381,770.009
-2.563445,43.21038,769.846
-2.563453,43.21038,769.452
-2.56346,43.210377,769.06
-2.563467,43.210376,768.65
-2.563472,43.210374,768.284
-2.563481,43.210372,767.895
-2.56349,43.210365,767.261
-2.563503,43.210357,766.857
-2.563515,43.210352,766.467
-2.563531,43.210349,765.881
-2.563545,43.210348,765.419
-2.563555,43.210345,764.809
-2.563559,43.21034,764.438
-2.563568,43.210336,764.024
-2.563574,43.210329,764.022
-2.563576,43.210333,764.227
-2.563579,43.210336,764.679
-2.563581,43.210331,764.619
-2.563587,43.210328,764.609
-2.563599,43.210324,764.409
-2.563609,43.210319,764.283
-2.563617,43.210315,764.219
-2.563629,43.210314,764.067
-2.563637,43.210311,763.671
-2.563651,43.210304,763.462
-2.563663,43.210298,763.235
-2.563672,43.210293,763.058
-2.563684,43.210286,762.644
-2.563696,43.210282,762.471
-2.563703,43.21028,762.241
-2.563709,43.210277,762.015
-2.563716,43.210273,761.809
-2.563723,43.21027,761.839
-2.563732,43.210265,761.675
-2.563738,43.210262,761.263
-2.563745,43.210258,761.023
-2.563754,43.210254,760.617
-2.563766,43.21025,760.438
-2.563777,43.210246,760.291
-2.563789,43.210244,760.014
-2.563794,43.210243,760.01
-2.563802,43.210237,759.865
-2.563819,43.210228,759.668
-2.563833,43.210222,759.214
-2.563844,43.210218,759.009
-2.563854,43.210207,758.668
-2.563862,43.210196,758.414
-2.563869,43.210189,758.222
-2.563875,43.210183,757.862
-2.56388,43.210175,757.696
-2.563883,43.210168,757.297
-2.563886,43.210164,757.07
-2.563888,43.210161,756.683
-2.563891,43.210154,756.289
-2.563894,43.210143,756.013
-2.563892,43.210138,755.643
-2.563887,43.210131,755.009
-2.563887,43.210126,754.873
-2.563882,43.210126,754.679
-2.563861,43.210133,754.287
-2.563858,43.21013,754.057
-2.563852,43.210128,754.031
-2.563847,43.210127,754.012
-2.563842,43.210124,754.095
-2.563838,43.210122,754.058
-2.56383,43.210119,753.857
-2.563831,43.21011,753.82
-2.563829,43.210102,753.809
-2.563822,43.210095,753.627
-2.56382,43.210089,753.673
-2.563821,43.210081,753.441
-2.563822,43.21007,753.281
-2.563823,43.210063,753.025
-2.563824,43.210055,753.096
-2.563826,43.21005,753.039
-2.563826,43.210045,753.861
-2.56382,43.21004,754.017
-2.563815,43.210037,754.009
-2.563809,43.210034,754.23
-2.563806,43.21003,754.246
-2.563801,43.21003,754.484
-2.563801,43.210034,754.642
-2.563801,43.210038,754.643
-2.563799,43.210042,754.609
-2.563795,43.210044,754.834
-2.56379,43.210043,755.082
-2.563788,43.210039,754.869
-2.563786,43.210036,754.824
-2.563783,43.210033,755.057
-2.563778,43.210019,755.025
-2.563775,43.210011,755.035
-2.563771,43.21,755.063
-2.563766,43.209983,755.033
-2.563764,43.209971,755.027
-2.563763,43.209955,755.068
-2.563767,43.209938,754.861
-2.56377,43.209924,754.484
-2.563774,43.20991,754.28
-2.563775,43.209894,754.063
-2.563778,43.209882,753.844
-2.563781,43.209872,753.618
-2.563786,43.209863,753.409
-2.563788,43.209857,753.078
-2.563793,43.209848,752.694
-2.563797,43.209841,752.422
-2.563801,43.209835,751.892
-2.563805,43.20983,751.666
-2.563809,43.209824,751.217
-2.56382,43.209825,751.48
-2.563823,43.209817,751.273
-2.563831,43.209811,751.285
-2.56384,43.209801,751.013
-2.563851,43.209793,750.609
-2.563863,43.209784,750.259
-2.563866,43.209775,749.835
-2.563876,43.209768,749.643
-2.563886,43.20976,749.273
-2.563901,43.209747,748.837
-2.563911,43.209733,748.648
-2.563924,43.209722,748.271
-2.563935,43.209715,747.814
-2.563947,43.209706,747.49
-2.563965,43.209694,747.017
-2.563979,43.209678,746.487
-2.563989,43.209665,745.815
-2.563995,43.209654,745.209
-2.563992,43.209642,744.693
-2.563994,43.209626,744.279
-2.563996,43.209613,743.897
-2.563997,43.209598,743.877
-2.564006,43.209583,743.641
-2.564023,43.209576,743.482
-2.564042,43.209569,743.265
-2.564057,43.209562,743.058
-2.564076,43.209555,742.814
-2.564086,43.209551,742.447
-2.564091,43.209545,742.029
-2.564102,43.209534,741.621
-2.564113,43.209526,741.209
-2.564125,43.209518,740.846
-2.564136,43.209515,740.472
-2.564143,43.209515,740.21
-2.564152,43.209513,739.89
-2.564162,43.209506,739.684
-2.564163,43.209498,739.455
-2.564159,43.209492,739.238
-2.564157,43.209487,739.091
-2.564162,43.209475,738.897
-2.56416,43.209468,738.617
-2.564153,43.209462,738.287
-2.564144,43.209458,738.015
-2.564138,43.209447,737.809
-2.564135,43.209436,737.663
-2.564135,43.209427,737.249
-2.564132,43.209414,737.047
-2.564133,43.209403,736.837
-2.564131,43.209393,736.691
-2.564126,43.209382,736.262
-2.564124,43.209372,735.815
-2.564126,43.209363,735.638
-2.564129,43.209352,735.264
-2.564128,43.209346,735.026
-2.564126,43.209339,734.847
-2.564124,43.209327,734.811
-2.564121,43.209318,734.609
-2.564119,43.209312,734.614
-2.564115,43.209306,734.49
-2.564106,43.209298,734.228
-2.564108,43.209292,734.098
-2.564107,43.209284,733.672
-2.564103,43.209278,733.273
-2.5641,43.209272,732.846
-2.564093,43.209269,732.499
-2.564083,43.209265,732.225
-2.564075,43.209263,731.871
-2.564061,43.209254,731.641
-2.564048,43.209243,731.415
-2.564038,43.209233,731.009
-2.564026,43.209221,730.899
-2.564018,43.20921,730.435
-2.564009,43.209201,730.213
-2.564,43.2092,729.833
-2.563987,43.209193,729.637
-2.563974,43.209186,729.438
-2.563963,43.209175,729.231
-2.563956,43.209167,729.064
-2.563947,43.209159,728.85
-2.563941,43.209151,728.686
-2.563935,43.209143,728.46
-2.563931,43.209137,728.026
-2.56393,43.209131,727.609
-2.563927,43.209128,727.49
-2.563919,43.209127,727.226
-2.563904,43.209127,727.024
-2.563894,43.209124,727.094
-2.563881,43.209121,726.848
-2.563862,43.209118,726.499
-2.563849,43.209113,726.262
-2.563837,43.209106,725.825
-2.563828,43.209104,725.461
-2.563813,43.209098,725.292
-2.563794,43.209092,724.873
-2.563783,43.209086,724.62
-2.563782,43.209078,724.409
-2.563771,43.209068,724.211
-2.563762,43.209055,724.057
-2.563759,43.209046,723.845
-2.563767,43.209034,723.875
-2.563768,43.209018,723.639
-2.563768,43.209005,723.48
-2.563768,43.208989,723.453
-2.563767,43.208976,723.296
-2.563762,43.208965,723.272
-2.563762,43.208953,723.062
-2.563761,43.208943,723.083
-2.563759,43.208934,722.611
-2.563754,43.208926,722.609
-2.563749,43.208918,722.478
-2.563752,43.208907,722.274
-2.563759,43.208901,722.082
-2.563761,43.208894,722.062
-2.563759,43.208886,721.816
-2.563756,43.208877,721.817
-2.56375,43.208869,721.68
-2.563739,43.208858,721.273
-2.563729,43.208846,721.029
-2.563728,43.208834,720.697
-2.563725,43.208822,720.423
-2.563725,43.208816,720.225
-2.563724,43.208808,720.009
-2.563722,43.208795,719.661
-2.563721,43.208788,719.437
-2.563717,43.20878,719.065
-2.563717,43.208774,718.685
-2.563717,43.208765,718.459
-2.56372,43.20875,718.08
-2.56372,43.208739,717.833
-2.563715,43.20873,717.646
-2.563711,43.20872,717.422
-2.563703,43.20871,717.264
-2.563693,43.2087,717.006
-2.563681,43.208692,716.816
-2.563665,43.208685,716.409
-2.563654,43.208675,716.248
-2.563641,43.208662,716.024
-2.563634,43.208655,715.842
-2.563619,43.208651,715.482
-2.563605,43.208645,715.236
-2.563594,43.208641,715.087
-2.563577,43.208637,714.89
-2.563555,43.208631,714.883
-2.563539,43.208624,714.829
-2.563518,43.208613,714.852
-2.563505,43.208601,714.853
-2.563498,43.208589,714.808
-2.56349,43.208576,714.609
-2.563478,43.208564,714.457
-2.56347,43.208558,714.233
-2.563453,43.208546,713.871
-2.563445,43.208535,713.671
-2.563436,43.208528,713.475
-2.563423,43.208516,713.416
-2.563415,43.208505,713.449
-2.563409,43.208492,713.292
-2.56341,43.208488,713.298
-2.563394,43.208475,713.238
-2.56338,43.208457,713.27
-2.563376,43.208443,713.017
-2.563369,43.208428,713.009
-2.563362,43.208415,713.025
-2.563361,43.208404,712.861
-2.563365,43.2084,712.669
-2.56336,43.208388,712.499
-2.563351,43.208378,712.233
-2.563345,43.20837,712.034
-2.563336,43.208357,712.037
-2.563329,43.208345,711.81
-2.563326,43.208335,711.626
-2.563334,43.208327,711.479
-2.563327,43.208328,710.833
-2.563314,43.208314,710.843
-2.563306,43.208304,710.817
-2.563294,43.208289,710.648
-2.563286,43.208272,710.241
-2.563279,43.208259,709.874
-2.563269,43.208246,709.68
-2.563259,43.208229,709.256
-2.563251,43.208218,709.059
-2.563244,43.208208,708.814
-2.563239,43.208197,708.809
-2.563233,43.208187,708.637
-2.56322,43.208175,708.673
-2.563213,43.208164,708.481
-2.563206,43.208151,708.241
-2.563197,43.208138,708.075
-2.563192,43.208129,707.686
-2.563185,43.208118,707.439
-2.563179,43.208106,707.242
-2.563171,43.208096,707.028
-2.563161,43.208084,706.854
-2.563154,43.208077,706.456
-2.563147,43.208066,706.211
-2.563139,43.208051,705.609
-2.563135,43.208037,705.247
-2.563127,43.208028,705.053
-2.563117,43.208016,704.841
-2.563107,43.208004,704.691
-2.563097,43.207991,704.225
-2.563089,43.207981,704.036
-2.563078,43.207969,703.879
-2.563069,43.207959,703.632
-2.563059,43.207948,703.258
-2.563048,43.207935,703.043
-2.563039,43.207927,702.664
-2.563025,43.207915,702.41
-2.563004,43.207903,702.209
-2.562993,43.207893,701.816
-2.562986,43.207882,701.682
-2.562973,43.20787,701.45
-2.562961,43.207861,701.22
-2.562952,43.207854,700.874
-2.562942,43.207843,700.685
-2.562933,43.20783,700.298
-2.562925,43.207818,700.071
-2.562913,43.207806,699.817
-2.562902,43.207792,699.889
-2.562896,43.207785,699.606
-2.562885,43.207776,699.426
-2.562869,43.207761,699.209
-2.562856,43.207749,699.06
-2.562848,43.207738,698.686
-2.562836,43.207723,698.474
-2.562826,43.207711,698.214
-2.562817,43.207695,697.818
-2.562812,43.207683,697.649
-2.562804,43.207672,697.642
-2.562796,43.207663,697.425
-2.562789,43.207651,697.461
-2.562782,43.207637,697.485
-2.562775,43.207627,697.489
-2.562768,43.207623,697.417
-2.562758,43.207614,697.409
-2.562753,43.207602,697.25
-2.562744,43.207588,697.066
-2.562736,43.207578,696.884
-2.562728,43.207566,696.494
-2.562723,43.207557,696.238
-2.562713,43.207543,696.239
-2.562707,43.207529,696.032
-2.562703,43.207514,696.045
-2.562697,43.207501,695.811
-2.56269,43.20749,695.679
-2.562682,43.207479,695.205
-2.562679,43.207469,695.025
-2.562677,43.207458,694.609
-2.562674,43.207449,694.419
-2.562666,43.207438,694.415
-2.562662,43.207426,694.243
-2.562657,43.207417,694.023
-2.562647,43.207406,693.857
-2.562638,43.207394,693.438
-2.562628,43.207381,693.061
-2.562618,43.207368,692.874
-2.56261,43.207357,692.41
-2.562603,43.207342,692.211
-2.562597,43.207328,692.021
-2.562589,43.20732,691.803
-2.562578,43.207304,691.609
-2.56257,43.207292,691.213
-2.562559,43.207283,691.069
-2.562549,43.207274,690.837
-2.562534,43.207265,690.877
-2.56252,43.207252,690.621
-2.562507,43.20724,690.622
-2.562499,43.207232,690.485
-2.562486,43.207221,690.298
-2.562477,43.207208,690.264
-2.562468,43.207195,690.083
-2.562454,43.207183,689.825
-2.562444,43.207167,689.617
-2.562442,43.207157,689.409
-2.562438,43.207144,689.29
-2.562425,43.207132,688.896
-2.562418,43.207125,688.614
-2.562407,43.207119,688.484
-2.562409,43.207107,688.278
-2.562411,43.207097,688.049
-2.562406,43.207088,687.892
-2.562402,43.207077,687.495
-2.562397,43.207068,687.031
-2.562383,43.207058,686.652
-2.562364,43.207048,686.253
-2.562355,43.20704,685.808
-2.562361,43.207034,685.409
-2.562346,43.207019,685.037
-2.562333,43.207004,684.623
-2.56233,43.206987,684.261
-2.562322,43.206978,683.831
-2.562316,43.206966,683.435
-2.562314,43.206952,683.036
-2.562305,43.206938,682.639
-2.562294,43.206926,682.472
-2.562287,43.206914,682.088
-2.562283,43.206901,681.883
-2.562281,43.206885,681.425
-2.562274,43.206869,681.017
-2.562271,43.206857,680.809
-2.562264,43.206848,680.43
-2.562254,43.20684,680.256
-2.562244,43.206829,679.884
-2.562227,43.206819,679.494
-2.562216,43.206813,679.238
-2.562221,43.206818,678.829
-2.562217,43.206816,678.431
-2.56221,43.206813,678.417
-2.562199,43.206804,678.409
-2.562189,43.206795,678.49
-2.562181,43.206787,678.296
-2.562171,43.206774,678.064
-2.562166,43.206761,677.894
-2.56216,43.206749,677.488
-2.562158,43.206736,677.059
-2.562151,43.206724,676.642
-2.562142,43.206716,676.445
-2.562134,43.206701,676.291
-2.56213,43.206692,676.026
-2.56212,43.206679,675.847
-2.562106,43.206671,675.611
-2.562094,43.206662,675.409
-2.562085,43.20665,675.234
-2.562077,43.206639,675.02
-2.562072,43.206631,674.828
-2.562065,43.206622,674.478
-2.562061,43.20661,674.232
-2.56206,43.2066,674.053
-2.562059,43.20659,673.686
-2.562054,43.206577,673.499
-2.562049,43.206566,673.065
-2.562045,43.206559,672.891
-2.562032,43.206548,672.681
-2.562015,43.206536,672.419
-2.561995,43.206527,672.209
-2.561985,43.206517,672.031
-2.561979,43.206503,671.887
-2.561972,43.206492,671.445
-2.561961,43.20648,671.295
-2.561949,43.20647,671.029
-2.561937,43.206462,670.87
-2.561929,43.206449,670.683
-2.561923,43.206434,670.446
-2.561918,43.206422,670.252
-2.561911,43.206409,670.093
-2.561899,43.206396,669.865
-2.561888,43.206383,669.621
-2.561878,43.206372,669.409
-2.561868,43.206362,669.231
-2.56186,43.20635,669.037
-2.561851,43.20634,668.855
-2.56184,43.206331,668.475
-2.56183,43.206322,668.099
-2.561822,43.206309,667.68
-2.561811,43.206297,667.283
-2.561793,43.206287,667.096
-2.56178,43.206275,666.852
-2.561766,43.206265,666.648
-2.561752,43.206256,666.461
-2.561742,43.206244,666.217
-2.561729,43.206232,666.009
-2.561711,43.206224,665.856
-2.561691,43.206217,665.622
-2.561677,43.206206,665.45
-2.561668,43.206196,665.28
-2.561657,43.206186,664.864
-2.561644,43.206177,664.615
-2.561639,43.206168,664.298
-2.561629,43.206158,663.811
-2.56162,43.206148,663.427
-2.561607,43.206138,663.291
-2.561598,43.206125,663.081
-2.561587,43.206116,662.619
-2.561584,43.20611,662.409
-2.561581,43.206107,662.017
-2.561573,43.206099,662.065
-2.561569,43.20609,662.075
-2.561566,43.20608,662.299
-2.561559,43.206065,662.28
-2.561555,43.206051,662.283
-2.561557,43.206034,662.086
-2.561557,43.20602,661.862
-2.561557,43.206007,661.443
-2.561555,43.205993,661.264
-2.561551,43.205983,660.81
-2.561548,43.205978,660.409
-2.561547,43.205973,660.046
-2.561544,43.205963,659.832
-2.561534,43.205952,659.63
-2.56153,43.205938,659.49
-2.561529,43.205924,659.284
-2.561527,43.205912,659.055
-2.561524,43.205897,658.858
-2.561526,43.205888,658.621
-2.561516,43.205874,658.467
-2.561512,43.205854,658.026
-2.561501,43.205843,657.847
-2.561496,43.205829,657.611
-2.561494,43.205813,657.609
-2.561483,43.205801,657.474
-2.561476,43.205791,657.23
-2.561477,43.205786,657.098
-2.561481,43.205788,656.818
-2.561484,43.205777,656.686
-2.561488,43.205769,656.669
-2.561487,43.205762,656.615
-2.56148,43.20575,656.646
-2.561473,43.205737,656.688
-2.56147,43.205724,656.616
-2.561463,43.205712,656.409
-2.561459,43.205699,656.466
-2.561452,43.205688,656.282
-2.56145,43.205678,656.26
-2.561453,43.20567,656.01
-2.561451,43.205666,655.621
-2.561446,43.205664,655.638
-2.561444,43.205653,655.67
-2.561441,43.20564,655.617
-2.561437,43.205625,655.609
-2.561433,43.205614,655.645
-2.561432,43.205599,655.671
-2.56143,43.205584,655.459
-2.561428,43.20557,655.469
-2.561426,43.205555,655.433
-2.561422,43.205537,655.274
-2.561418,43.205521,655.097
-2.561414,43.205504,654.84
-2.561409,43.205492,654.696
-2.561405,43.205478,654.212
-2.561401,43.205465,654.032
-2.561407,43.205452,653.605
-2.561411,43.20545,653.409
-2.561416,43.205448,653.253
-2.56142,43.205452,653.019
-2.561419,43.205457,653.097
-2.561416,43.205452,653.009
-2.561417,43.205445,652.841
-2.561423,43.205444,652.627
-2.561421,43.20544,652.049
-2.561419,43.205434,652.076
-2.56142,43.205426,652.222
-2.561425,43.20542,652.222
-2.561428,43.205416,652.262
-2.56143,43.205413,652.008
-2.561427,43.205404,651.84
-2.561431,43.205395,651.878
-2.56143,43.205384,651.818
-2.561431,43.20537,651.612
-2.561435,43.205354,651.473
-2.561439,43.20534,651.246
-2.561443,43.205323,651.019
-2.561449,43.205306,650.625
-2.561458,43.205292,650.226
-2.561466,43.205278,649.847
-2.561474,43.205265,649.411
-2.561479,43.205253,649.209
-2.561482,43.205241,648.824
-2.561489,43.205227,648.66
-2.561498,43.205213,648.498
-2.561501,43.205201,648.228
-2.561504,43.205189,648.082
-2.561508,43.205179,647.853
-2.561513,43.205169,647.636
-2.561517,43.205159,647.649
-2.561523,43.205149,647.415
-2.561528,43.205134,647.092
-2.561531,43.20512,646.873
-2.561534,43.205109,646.42
-2.561541,43.205098,646.209
-2.561546,43.205096,645.831
-2.561543,43.205093,645.667
-2.561548,43.205086,645.645
-2.561554,43.205073,645.665
-2.561562,43.205064,645.689
-2.56157,43.205052,645.63
-2.56158,43.205041,645.433
-2.561586,43.205029,645.296
-2.561595,43.205015,645.052
-2.561603,43.205003,644.631
-2.561608,43.204992,644.261
-2.561612,43.204977,644.007
-2.561615,43.204959,643.409
-2.561617,43.204943,643.095
-2.561624,43.204932,642.681
-2.561632,43.20492,642.039
-2.561639,43.204908,641.699
-2.561651,43.204897,641.233
-2.561653,43.204888,641.014
-2.561652,43.204881,640.617
-2.561662,43.204867,640.21
-2.561674,43.204853,639.656
-2.561685,43.204845,639.294
-2.561695,43.204835,638.857
-2.561701,43.204821,638.622
-2.561702,43.204809,638.209
-2.561706,43.204796,637.891
-2.561711,43.20478,637.637
-2.561716,43.204767,637.225
-2.561727,43.204759,636.875
-2.561729,43.204747,636.699
-2.561734,43.204736,636.28
-2.561739,43.204726,636.033
-2.561753,43.204711,635.656
-2.561766,43.204699,635.212
-2.561771,43.204687,634.874
-2.561775,43.204675,634.456
-2.561787,43.204664,634.021
-2.561799,43.204658,633.609
-2.561808,43.204648,633.259
-2.561816,43.204639,633.065
-2.561819,43.204631,632.613
-2.561825,43.20462,632.273
-2.561831,43.20461,631.837
-2.561835,43.204601,631.658
-2.561839,43.204589,631.431
-2.561847,43.204577,631.044
-2.561852,43.204564,630.89
-2.561855,43.204551,630.411
-2.561865,43.204542,630.221
-2.561875,43.204532,629.803
-2.561881,43.20452,629.609
-2.561886,43.204506,629.473
-2.561894,43.204502,629.289
-2.561899,43.204499,629.047
-2.561914,43.204494,628.867
-2.561932,43.204487,628.461
-2.561949,43.204479,628.242
-2.561965,43.204473,628.025
-2.561984,43.204471,627.878
-2.562005,43.204464,627.434
-2.56202,43.204459,627.049
-2.562037,43.204458,626.602
-2.562057,43.204458,626.222
-2.562083,43.204456,625.809
-2.562101,43.204457,625.496
-2.562125,43.204455,625.252
-2.562142,43.204461,625.09
-2.562152,43.20446,624.89
-2.562175,43.204459,624.674
-2.56219,43.204466,624.415
-2.562203,43.204472,624.228
-2.562217,43.204477,624.051
-2.562237,43.204476,623.617
-2.562253,43.204478,623.292
-2.562268,43.204487,622.873
-2.562288,43.204489,622.42
-2.562311,43.204493,622.009
-2.562329,43.204499,621.451
-2.56234,43.204505,621.247
-2.56236,43.204505,621.065
-2.562377,43.204508,620.895
-2.562396,43.204512,620.849
-2.562406,43.204513,620.65
-2.56243,43.204518,620.473
-2.562444,43.20452,620.036
-2.562461,43.204522,619.682
-2.562481,43.204526,619.245
-2.5625,43.204529,619.047
-2.562521,43.204528,618.811
-2.562542,43.20453,618.409
-2.562555,43.204536,618.016
-2.562571,43.204534,617.882
-2.562594,43.204537,617.45
-2.562611,43.204541,617.06
-2.562624,43.204541,616.854
-2.562619,43.20454,616.655
-2.562611,43.20454,616.438
-2.562618,43.204539,616.277
-2.562632,43.204539,616.098
-2.562646,43.204537,615.839
-2.562665,43.204537,615.622
-2.562684,43.204536,615.435
-2.562705,43.204541,615.021
-2.562731,43.204549,614.685
-2.562746,43.204555,614.489
-2.562762,43.204559,614.017
-2.562785,43.204558,613.609
-2.562803,43.204557,613.24
-2.562821,43.204559,612.836
-2.562839,43.204564,612.484
-2.562853,43.204564,612.084
-2.562867,43.204563,611.638
-2.562888,43.204567,611.449
-2.562905,43.204573,611.042
-2.562925,43.204577,610.845
-2.562941,43.204578,610.631
-2.562955,43.20458,610.258
-2.562963,43.204584,610.052
-2.562973,43.204581,609.617
-2.562994,43.204576,609.209
-2.563009,43.204575,608.847
-2.563024,43.204574,608.613
-2.563044,43.204568,608.461
-2.563057,43.204569,608.041
-2.563076,43.204572,607.895
-2.563093,43.204573,607.636
-2.563109,43.204574,607.229
-2.563125,43.204572,607.012
-2.563145,43.204572,606.818
-2.563165,43.204571,606.495
-2.56318,43.20457,606.049
-2.563198,43.20457,605.623
-2.563217,43.204569,605.209
-2.563233,43.204568,605.031
-2.563239,43.204567,604.657
-2.563236,43.204564,604.465
-2.563228,43.204567,604.275
-2.563246,43.204565,604.209
-2.563263,43.204564,604.29
-2.563281,43.204563,604.076
-2.563284,43.204568,603.814
-2.563298,43.20457,603.434
-2.56331,43.204569,603.238
-2.56332,43.204573,603.079
-2.563325,43.204574,602.882
-2.56333,43.204572,602.815
-2.563343,43.204571,602.631
-2.563358,43.20457,602.621
-2.563376,43.20457,602.441
-2.563388,43.204567,602.205
-2.563395,43.20457,602.009
-2.563413,43.204569,602.074
-2.563426,43.204561,601.81
-2.563435,43.204557,601.628
-2.563449,43.204549,601.458
-2.563463,43.204538,601.272
-2.563476,43.204529,601.033
-2.563489,43.20452,600.866
-2.563504,43.20451,600.449
-2.563515,43.2045,600.285
-2.563525,43.20449,600.015
-2.563534,43.204482,599.665
-2.563532,43.204474,599.411
-2.563533,43.204462,599.209
-2.563539,43.204453,598.863
-2.563541,43.204444,598.649
-2.563541,43.204432,598.497
-2.563545,43.204422,598.267
-2.563548,43.204412,598.021
-2.563546,43.204403,597.692
-2.56354,43.204391,597.455
-2.56354,43.204377,597.268
-2.563542,43.204367,597.054
-2.56354,43.204354,596.869
-2.563531,43.204341,596.604
-2.563529,43.204328,596.224
-2.563525,43.204314,596.009
-2.563521,43.2043,595.648
-2.563514,43.204287,595.264
-2.563507,43.204274,595.062
-2.563502,43.204257,594.672
-2.563499,43.20424,594.226
-2.5635,43.204231,594.077
-2.563497,43.204219,593.81
-2.563489,43.204205,593.653
-2.563481,43.204191,593.499
-2.563476,43.204184,593.277
-2.563465,43.204171,593.061
-2.563457,43.204156,592.627
-2.563454,43.204143,592.409
-2.56345,43.20413,592.019
-2.563446,43.204115,591.695
-2.563448,43.204102,591.223
-2.563447,43.20409,590.883
-2.563441,43.204081,590.637
-2.563437,43.204067,590.478
-2.563432,43.204053,590.221
-2.56343,43.204043,590.024
-2.563427,43.204033,589.85
-2.563425,43.204021,589.686
-2.563422,43.204011,589.26
-2.563417,43.204002,589.026
-2.563413,43.20399,588.609
-2.563411,43.203979,588.46
-2.563409,43.203968,588.256
-2.563407,43.203953,588.074
-2.563405,43.203937,587.814
-2.563405,43.203924,587.448
-2.563402,43.203911,587.099
-2.563403,43.203895,586.812
-2.563398,43.203883,586.495
-2.563397,43.203872,586.261
-2.563399,43.203859,586.063
-2.563399,43.203848,585.644
-2.563396,43.20384,585.418
-2.563396,43.203826,585.209
-2.5634,43.203814,584.838
-2.563397,43.203806,584.694
-2.563394,43.203791,584.232
-2.563394,43.203778,584.012
-2.563393,43.203767,583.816
-2.563393,43.203755,583.697
-2.563398,43.203744,583.27
-2.563404,43.203735,583.053
-2.563406,43.20372,582.699
-2.563406,43.203709,582.223
-2.563406,43.2037,581.883
-2.563405,43.203694,581.411
-2.563409,43.203683,581.009
-2.563412,43.203673,580.694
-2.563416,43.20366,580.44
-2.563417,43.203649,580.048
-2.563415,43.203639,579.848
-2.563411,43.203626,579.412
-2.563406,43.203616,579.083
-2.563402,43.203608,578.826
-2.563387,43.203598,578.049
-2.563379,43.203583,577.802
-2.563376,43.203574,577.822
-2.563373,43.203568,577.609
-2.563365,43.203554,577.476
-2.563359,43.203543,577.232
-2.56335,43.203535,576.81
-2.563345,43.203525,576.47
-2.563342,43.203513,576.094
-2.563339,43.203502,575.645
-2.563336,43.203492,575.038
-2.563333,43.203485,574.461
-2.563318,43.203477,574.087
-2.563304,43.203464,573.693
-2.5633,43.203454,573.465
-2.563298,43.203448,573.021
-2.563295,43.203438,572.809
-2.563291,43.203431,572.641
-2.563287,43.203423,572.287
-2.563281,43.203416,572.025
-2.563279,43.203411,571.825
-2.563277,43.203402,571.669
-2.563275,43.203391,571.49
-2.563267,43.203384,571.293
-2.563258,43.203373,571.066
-2.563251,43.203364,570.622
-2.563245,43.203354,570.499
-2.563239,43.203343,570.007
-2.563233,43.203333,569.827
-2.563229,43.203327,569.409
-2.563227,43.203333,569.221
-2.563223,43.203336,569.047
-2.563225,43.203326,568.835
-2.563222,43.203314,568.645
-2.563217,43.203307,568.669
-2.563217,43.203302,568.46
-2.563217,43.203306,568.256
-2.563214,43.203302,567.881
-2.563213,43.203297,567.809
-2.563202,43.203286,567.65
-2.563199,43.203276,567.414
-2.563196,43.203265,567.015
-2.563188,43.203248,566.828
-2.563188,43.203236,566.431
-2.563186,43.203225,566.077
-2.563182,43.203211,565.856
-2.563187,43.203198,565.459
-2.563189,43.203187,565.014
-2.563186,43.203179,564.609
-2.563178,43.20317,564.063
-2.563169,43.203163,563.891
-2.563166,43.203153,563.861
-2.563164,43.203139,563.635
-2.563163,43.203129,563.486
-2.563158,43.20312,563.079
-2.563152,43.203109,562.872
-2.563147,43.203102,562.468
-2.563139,43.203093,562.023
-2.563137,43.203077,561.883
-2.563136,43.203066,561.611
-2.563135,43.203054,561.209
-2.563133,43.203041,561.074
-2.563129,43.203029,560.62
-2.563122,43.20302,560.228
-2.563118,43.203009,560.088
-2.563111,43.203,559.622
-2.563107,43.202992,559.223
-2.563098,43.202982,558.836
-2.563087,43.202971,558.629
-2.563077,43.202963,558.245
-2.563058,43.202948,557.887
-2.56305,43.202936,557.442
-2.563043,43.202923,557.226
-2.563033,43.20291,557.009
-2.563025,43.202901,556.84
-2.563019,43.202888,556.616
-2.563013,43.202878,556.214
-2.563005,43.202859,556.014
-2.563009,43.202848,555.678
-2.563006,43.202842,555.469
-2.563,43.202827,555.292
-2.562994,43.202811,555.295
-2.562989,43.202798,555.281
-2.562987,43.202783,555.291
-2.562983,43.202766,555.281
-2.562982,43.202752,555.019
-2.562979,43.202739,554.809
-2.562981,43.202727,554.641
-2.562976,43.202715,554.447
-2.56297,43.202701,554.065
-2.562973,43.202688,553.895
-2.562969,43.202675,553.699
-2.562963,43.202662,553.42
-2.562963,43.202645,553.273
-2.562971,43.202628,553.276
-2.562975,43.202614,553.262
-2.56298,43.202601,553.215
-2.562984,43.202588,553.065
-2.562987,43.202577,553.011
-2.562985,43.202563,552.609
-2.562992,43.202548,552.483
-2.562992,43.202531,552.479
-2.562989,43.202515,552.087
-2.562992,43.202504,551.837
-2.56299,43.20249,551.651
-2.562988,43.202476,551.432
-2.56299,43.202463,551.285
-2.562992,43.202449,551.048
-2.562994,43.202431,550.864
-2.562993,43.202416,550.658
-2.562992,43.202399,550.452
-2.562992,43.202383,550.217
-2.562993,43.202367,550.009
-2.562994,43.202351,549.817
-2.563,43.202333,549.673
-2.563006,43.202316,549.461
-2.563019,43.202301,549.241
-2.563027,43.202288,549.065
-2.563039,43.202275,548.876
-2.563053,43.20226,548.829
-2.563061,43.202249,548.632
-2.563075,43.202234,548.448
-2.563089,43.202219,548.497
-2.563098,43.202209,548.223
-2.563107,43.202195,548.225
-2.563113,43.202183,548.209
-2.563117,43.202173,548.211
-2.563123,43.202162,548.477
-2.563135,43.202151,548.465
-2.563146,43.20214,548.665
-2.563152,43.202131,548.689
-2.563156,43.202118,548.69
-2.563162,43.2021,548.653
-2.563165,43.202088,548.686
-2.563172,43.202072,548.692
-2.56318,43.202058,548.475
-2.563184,43.202044,548.228
-2.563188,43.202033,548.22
-2.563192,43.202022,548.009
-2.563195,43.202012,547.869
-2.563196,43.202001,547.865
-2.563197,43.201983,547.813
-2.563197,43.201969,547.683
-2.563202,43.201953,547.667
-2.563207,43.20194,547.488
-2.563211,43.201925,547.281
-2.563223,43.20191,547.054
-2.563235,43.201896,546.84
-2.563249,43.201881,546.476
-2.563264,43.201868,546.29
-2.563277,43.201858,546.019
-2.563289,43.201848,545.809
-2.563298,43.201836,545.689
-2.563305,43.201823,545.615
-2.563313,43.201812,545.683
-2.563323,43.201802,545.693
-2.56333,43.201791,545.687
-2.563347,43.20178,545.678
-2.563356,43.201768,545.641
-2.563366,43.201757,545.634
-2.563374,43.201747,545.67
-2.56338,43.201736,545.886
-2.563385,43.201729,546.06
-2.563395,43.201718,546.226
-2.563405,43.201709,546.409
-2.563413,43.201696,546.68
-2.563426,43.201687,546.696
-2.563435,43.201676,546.694
-2.563443,43.201665,546.624
-2.563454,43.201652,546.668
-2.563464,43.20164,546.629
-2.563473,43.201627,546.612
-2.563478,43.201615,546.445
-2.563482,43.201604,546.421
-2.563489,43.201593,546.456
-2.563494,43.201582,546.459
-2.563499,43.201569,546.414
-2.563504,43.201559,546.409
-2.563511,43.201547,546.417
-2.563516,43.201535,546.243
-2.563519,43.201522,546.051
-2.563527,43.201508,546.091
-2.563536,43.201492,545.845
-2.563539,43.20148,545.886
-2.563539,43.201467,545.639
-2.563542,43.201452,545.422
-2.56354,43.20144,545.098
-2.563536,43.201426,544.831
-2.563531,43.201414,544.661
-2.563527,43.2014,544.407
-2.563521,43.201388,544.209
-2.563519,43.201376,544.055
-2.563515,43.201367,543.861
-2.563508,43.201356,543.849
-2.563503,43.201348,543.649
-2.563494,43.201337,543.673
-2.563487,43.201323,543.634
-2.563478,43.201304,543.697
-2.563469,43.201288,543.69
-2.563456,43.201275,543.416
-2.563441,43.201266,543.061
-2.563438,43.201251,542.821
-2.563424,43.201244,542.613
-2.563413,43.201236,542.409
-2.563424,43.201239,542.278
-2.563416,43.201236,542.214
-2.563402,43.201229,542.242
-2.563398,43.201215,542.292
-2.563393,43.201203,542.236
-2.563385,43.201193,542.267
-2.563378,43.20118,542.02
-2.563371,43.201176,541.663
-2.56336,43.201164,541.479
-2.563349,43.201151,541.086
-2.563341,43.201133,540.86
-2.563337,43.201118,540.626
-2.56333,43.201101,540.409
-2.563327,43.201088,540.03
-2.563315,43.201072,539.856
-2.563305,43.201057,539.434
-2.563296,43.201045,539.024
-2.563286,43.201032,538.828
-2.56328,43.201019,538.439
-2.563276,43.201009,538.222
-2.563269,43.200999,537.875
-2.563259,43.200989,537.661
-2.563249,43.200975,537.262
-2.563239,43.200965,537.083
-2.563226,43.200951,536.611
-2.56321,43.200939,536.409
-2.563195,43.200925,536.088
-2.563187,43.200911,535.834
-2.56318,43.200898,535.492
-2.563172,43.200886,535.232
-2.563162,43.200873,535.056
-2.563154,43.20086,534.647
-2.563145,43.200844,534.26
-2.563137,43.200832,533.663
-2.563129,43.20082,533.229
-2.563125,43.200811,532.896
-2.563113,43.2008,532.631
-2.563098,43.200786,532.624
-2.563084,43.200771,532.609
-2.563074,43.200754,532.891
-2.563059,43.20074,532.647
-2.563049,43.200722,532.695
-2.563039,43.200707,532.485
-2.563029,43.20069,532.289
-2.563022,43.200674,532.08
-2.563015,43.20066,531.653
-2.563008,43.200643,531.266
-2.563001,43.20063,531.092
-2.562997,43.200619,530.637
-2.562988,43.200606,530.449
-2.562977,43.200592,530.013
-2.562969,43.200578,529.809
-2.562972,43.20056,529.475
-2.562966,43.200551,529.261
-2.56296,43.200537,529.029
-2.562951,43.200521,529.079
-2.562941,43.200512,528.873
-2.562936,43.2005,528.884
-2.562929,43.200485,528.677
-2.56292,43.200474,528.49
-2.562913,43.200458,528.276
-2.562909,43.200446,527.889
-2.562902,43.200431,527.606
-2.562894,43.200417,527.426
-2.562883,43.200401,527.209
-2.562875,43.200385,527.09
-2.562868,43.200372,526.846
-2.562858,43.200357,526.624
-2.562852,43.200341,526.294
-2.562842,43.200324,526.038
-2.562837,43.200309,525.669
-2.562835,43.200296,525.442
-2.562831,43.200282,525.245
-2.562823,43.200271,524.841
-2.562818,43.200254,524.622
-2.562813,43.200237,524.462
-2.562805,43.200221,524.008
-2.562803,43.200206,523.609
-2.562797,43.200193,523.414
-2.562793,43.200178,523.07
-2.562786,43.200167,522.628
-2.562781,43.200154,522.428
-2.562773,43.200136,522.422
-2.562764,43.200119,522.243
-2.56276,43.200106,522.046
-2.562753,43.200089,522.049
-2.562752,43.200078,521.655
-2.562751,43.200066,521.484
-2.562748,43.200057,521.207
-2.562743,43.200044,521.017
-2.562743,43.200034,520.609
-2.562743,43.200022,520.44
-2.562739,43.200012,520.046
-2.562731,43.200003,519.834
-2.562721,43.199992,519.444
-2.562709,43.199983,519.258
-2.562701,43.199972,518.829
-2.562697,43.199959,518.642
-2.562686,43.199946,518.215
-2.562679,43.19993,517.861
-2.562671,43.199917,517.656
-2.562665,43.199904,517.259
-2.562658,43.19989,517.014
-2.562651,43.199879,516.809
-2.562642,43.199869,516.827
-2.562635,43.199857,516.433
-2.56263,43.199848,516.251
-2.562625,43.199836,516.041
-2.562618,43.199826,515.635
-2.562613,43.199817,515.236
-2.562607,43.199804,515.079
-2.5626,43.199791,514.812
-2.562599,43.199781,514.488
-2.562594,43.199771,514.298
-2.562584,43.199759,514.015
-2.562577,43.199753,513.626
-2.562573,43.199741,513.409
-2.562572,43.199731,513.071
-2.562562,43.199723,512.847
-2.562556,43.199715,512.465
-2.562556,43.199708,512.295
-2.562551,43.199693,511.859
-2.562545,43.199684,511.66
-2.562541,43.199681,511.473
-2.562533,43.199671,511.046
-2.562526,43.199664,510.852
-2.562522,43.199653,510.621
-2.562516,43.199645,510.241
-2.56251,43.199635,510.005
-2.562502,43.199626,509.609
-2.562496,43.199613,509.494
-2.562499,43.199603,509.09
-2.562491,43.199596,508.818
-2.562487,43.19958,508.878
-2.562482,43.199565,508.632
-2.562477,43.199552,508.423
-2.56247,43.199543,508.246
-2.562466,43.19953,508.099
-2.562468,43.199518,507.685
-2.562467,43.199509,507.286
-2.562465,43.199495,506.86
-2.562466,43.199483,506.426
-2.562465,43.199474,506.009
-2.562467,43.199461,505.81
-2.56247,43.199449,505.666
-2.562468,43.19944,505.414
-2.562468,43.19943,505.284
-2.562474,43.199419,505.018
-2.562475,43.199408,504.859
-2.562481,43.199396,504.632
-2.562487,43.199382,504.285
-2.562488,43.199369,504.061
-2.562496,43.199357,503.866
-2.562509,43.199344,503.629
-2.562517,43.199337,503.621
-2.562522,43.199325,503.409
-2.562513,43.199312,503.248
-2.562501,43.1993,503.284
-2.562493,43.19929,503.282
-2.562489,43.199275,503.082
-2.56248,43.199262,502.836
-2.562469,43.199255,502.637
-2.562454,43.199244,502.48
-2.562442,43.199236,502.043
-2.562432,43.199225,501.839
-2.562432,43.199218,501.494
-2.562436,43.199221,501.257
-2.562436,43.199217,501.011
-2.562429,43.199214,501.017
-2.562414,43.199208,501.085
-2.562394,43.1992,501.265
-2.562381,43.199194,501.249
-2.562371,43.19919,501.09
-2.562372,43.199182,501.063
-2.562368,43.199176,500.826
-2.562364,43.199173,500.632
-2.562356,43.199163,500.498
-2.562348,43.199155,500.415
-2.562331,43.199145,500.226
-2.562316,43.19914,500.209
-2.562304,43.199138,500.011
-2.562282,43.199131,500.097
-2.562271,43.199126,499.825
-2.562258,43.19912,499.685
-2.562236,43.199114,499.439
-2.562225,43.199106,499.02
-2.562221,43.199098,498.663
-2.562216,43.199099,498.416
-2.562211,43.199098,498.272
-2.562201,43.199092,498.217
-2.562183,43.199082,498.409
-2.562172,43.199072,498.49
-2.562164,43.19906,498.466
-2.562159,43.199051,498.294
-2.562147,43.199047,498.084
-2.562136,43.199038,497.858
-2.562125,43.199033,497.489
-2.562112,43.199025,497.072
-2.562098,43.199019,496.895
-2.562083,43.199013,496.451
-2.562066,43.199006,496.279
-2.56206,43.198996,495.805
-2.562059,43.198984,495.625
-2.562053,43.198974,495.409
-2.562045,43.198966,495.049
-2.562033,43.198957,494.625
-2.562022,43.198951,494.093
-2.562013,43.198944,493.653
-2.562006,43.198935,493.267
-2.561997,43.198928,493.088
-2.561985,43.198922,492.891
-2.561976,43.19892,492.684
-2.561954,43.198916,492.45
-2.561942,43.1989,492.256
-2.561937,43.198887,491.859
-2.561932,43.198878,491.614
-2.561926,43.198867,491.209
-2.561918,43.198859,490.897
-2.561911,43.198853,490.663
-2.561901,43.198847,490.461
-2.561891,43.198835,490.231
-2.561882,43.198828,490.075
-2.561866,43.198819,489.616
-2.561859,43.198807,489.479
-2.561853,43.1988,489.092
-2.561843,43.198792,488.818
-2.561831,43.198781,488.621
-2.561819,43.198771,488.241
-2.56181,43.198763,488.005
-2.561794,43.198754,487.809
-2.561785,43.198742,487.644
-2.561775,43.198733,487.42
-2.561763,43.198724,487.498
-2.561745,43.198714,487.298
-2.56173,43.198708,487.062
-2.561722,43.198701,486.853
-2.561731,43.198701,486.636
-2.561727,43.198697,486.489
-2.561713,43.198697,486.275
-2.561711,43.198701,486.092
-2.561721,43.198707,485.873
-2.561713,43.19871,485.809
-2.561694,43.198703,485.837
-2.561674,43.198696,485.625
-2.561653,43.198687,485.625
-2.56164,43.198682,485.279
-2.561618,43.198675,485.03
-2.561603,43.198668,484.643
-2.561588,43.198662,484.236
-2.561573,43.198656,484.022
-2.56156,43.198651,483.654
-2.561555,43.198645,483.656
-2.561564,43.198646,483.411
-2.56155,43.198647,483.233
-2.561535,43.198649,483.221
-2.561519,43.198648,483.221
-2.561499,43.198646,483.215
-2.561479,43.198641,483.276
-2.56146,43.198638,483.029
-2.561443,43.198635,482.862
-2.561424,43.198629,482.638
-2.561407,43.198626,482.242
-2.561393,43.198624,482.022
-2.561382,43.198622,481.814
-2.561367,43.19862,481.409
-2.561351,43.198617,481.276
-2.561334,43.198617,480.872
-2.561316,43.198614,480.43
-2.561295,43.198611,480.09
-2.561279,43.198607,479.834
-2.561263,43.198604,479.485
-2.561246,43.198602,479.068
-2.561224,43.198597,478.891
-2.561209,43.198594,478.467
-2.561191,43.198591,478.093
-2.561176,43.198588,477.665
-2.561167,43.198586,477.221
-2.561148,43.19859,476.809
-2.561129,43.198582,476.621
-2.561111,43.198573,476.257
-2.561099,43.198562,475.875
-2.561081,43.198555,475.625
-2.56107,43.198547,475.069
-2.561063,43.198535,474.65
-2.561064,43.198517,474.453
-2.561068,43.198502,473.866
-2.561063,43.198493,473.422
-2.56106,43.198483,473.238
-2.561062,43.198468,472.87
-2.561065,43.198457,472.617
-2.561062,43.198442,472.209
-2.561064,43.198432,471.845
-2.561066,43.198417,471.481
-2.561065,43.198406,471.049
-2.561076,43.198391,470.459
-2.561089,43.19838,470.253
-2.561103,43.19837,469.844
-2.561122,43.198363,469.617
-2.561135,43.198356,469.69
-2.561149,43.198348,469.426
-2.561164,43.198338,469.421
-2.561176,43.198331,469.241
-2.561188,43.198321,469.005
-2.561202,43.198311,468.809
-2.561217,43.198302,468.474
-2.561219,43.198297,468.22
-2.561222,43.198289,467.828
-2.561244,43.198289,467.468
-2.561261,43.198288,467.222
-2.561279,43.198282,466.823
-2.561288,43.198279,466.616
-2.561282,43.198281,466.299
-2.561276,43.198282,466.255
-2.561283,43.198286,465.691
-2.561297,43.198283,465.471
-2.561317,43.198277,465.441
-2.561335,43.198272,465.215
-2.561354,43.198267,465.009
-2.561375,43.198255,464.859
-2.561396,43.198246,464.635
-2.561414,43.198233,464.243
-2.561429,43.198223,463.893
-2.561444,43.19821,463.497
-2.561462,43.198202,462.838
-2.561476,43.198196,462.241
-2.561492,43.198192,461.814
-2.561505,43.198186,461.46
-2.561519,43.19818,460.875
-2.561534,43.198174,460.628
-2.561546,43.198165,460.22
-2.56156,43.198157,459.809
-2.561574,43.19815,459.479
-2.56159,43.198143,459.285
-2.561605,43.198133,458.893
-2.561621,43.198123,458.473
-2.561639,43.19811,458.047
-2.561655,43.198104,457.638
-2.56167,43.198099,457.221
-2.561681,43.198092,456.854
-2.56169,43.198084,456.44
-2.561699,43.198073,456.019
-2.561711,43.198064,455.609
-2.56173,43.198057,455.019
-2.56174,43.198053,454.809
-2.56174,43.198045,454.413
-2.561746,43.198032,454.059
-2.561766,43.19803,453.847
-2.56178,43.198022,453.637
-2.561784,43.198011,453.251
-2.561789,43.198,453.012
-2.561804,43.197997,452.655
-2.561812,43.197995,452.418
-2.561818,43.19799,452.094
-2.561827,43.197989,451.826
-2.561834,43.197987,451.647
-2.561848,43.197984,451.411
-2.561862,43.197975,451.409
-2.561869,43.19796,451.274
-2.561884,43.19795,451.09
-2.561906,43.197945,450.678
-2.561925,43.19794,450.248
-2.561942,43.197933,450.032
-2.561957,43.197927,449.623
-2.561971,43.197917,449.496
-2.561985,43.197908,449.299
-2.561999,43.1979,448.895
-2.56201,43.197892,448.633
-2.562022,43.197887,448.223
-2.562033,43.197879,447.815
-2.562042,43.197867,447.409
-2.562057,43.197854,447.025
-2.562069,43.197845,446.681
-2.562081,43.197838,446.279
-2.562095,43.197826,446.079
-2.562107,43.19782,445.863
-2.562119,43.197812,445.614
-2.562126,43.197806,445.477
-2.562132,43.197804,445.054
-2.562145,43.1978,444.856
-2.562159,43.197792,444.811
-2.562169,43.197785,444.609
-2.562182,43.197777,444.497
-2.562195,43.197769,444.233
-2.56221,43.197761,443.861
-2.562223,43.197754,443.661
-2.562241,43.197747,443.485
-2.562251,43.197739,443.076
-2.562263,43.19773,442.819
-2.562278,43.197725,442.492
-2.562289,43.197716,442.068
-2.562299,43.19771,441.635
-2.562315,43.197703,441.286
-2.562336,43.1977,440.814
-2.562359,43.197701,440.409
-2.562376,43.197697,440.055
-2.562385,43.197695,439.821
-2.562386,43.197691,439.869
-2.562393,43.197691,439.829
-2.562388,43.197693,439.853
-2.562383,43.197695,439.834
-2.56238,43.197699,439.837
-2.562379,43.197703,439.604
-2.562381,43.197706,439.209
-2.562387,43.197707,438.891
-2.56239,43.197702,438.835
-2.562385,43.197704,439.249
-2.562393,43.197695,439.224
-2.562399,43.197698,439.213
-2.562411,43.197698,439.282
-2.562421,43.1977,439.222
-2.56242,43.197704,438.448
-2.562425,43.197707,439.059
-2.562416,43.197702,439.643
-2.562405,43.197698,440.064
-2.5624,43.197695,440.21
-2.562387,43.197689,440.409
-2.562376,43.197676,440.496
-2.562385,43.197664,440.272
-2.562398,43.197652,440.08
-2.562405,43.197639,439.69
-2.56242,43.19763,439.454
-2.562436,43.197622,439.295
-2.562446,43.197622,439.088
-2.56246,43.197624,439.091
-2.562471,43.197628,438.847
-2.562479,43.197623,438.834
-2.562504,43.197621,438.855
-2.562515,43.197624,438.61
-2.562529,43.197624,438.609
-2.562547,43.197625,438.675
-2.562567,43.197625,438.671
-2.562583,43.197622,438.679
-2.562598,43.197621,438.619
-2.562613,43.197618,438.653
-2.562621,43.197621,438.694
-2.562627,43.197622,438.657
-2.562631,43.197618,439.087
-2.562621,43.197611,439.282
-2.562636,43.197612,439.218
-2.562651,43.197618,439.294
-2.562655,43.197616,439.255
-2.562653,43.19762,439.207
-2.562648,43.197625,439.217
-2.562653,43.197622,439.009
-2.562654,43.197618,439.057
-2.562656,43.197622,439.091
-2.562645,43.197616,439.289
-2.56265,43.197617,439.209
-2.562651,43.197621,439.29
-2.562656,43.197622,439.054
-2.562649,43.197621,439.032
-2.562652,43.197618,439.065
-2.562652,43.197623,439.091
-2.562647,43.197619,439.078
-2.562646,43.197613,439.233
-2.562639,43.197618,439.449
-2.562642,43.197621,439.453
-2.562645,43.197618,439.487
-2.562647,43.197615,439.498
-2.562651,43.197617,439.431
-2.562656,43.197622,439.249
-2.562642,43.197614,439.096
-2.562641,43.197618,439.28
-2.562645,43.197622,439.445
-2.562648,43.197619,439.451
-2.562656,43.197622,439.422
-2.562652,43.197627,439.609
-2.562656,43.197622,439.868
-2.562654,43.197628,440.048
-2.562648,43.197631,440.052
-2.562647,43.197626,440.283
-2.562653,43.197622,440.216
-2.562661,43.197625,440.235
-2.562677,43.197632,440.237
-2.562676,43.197626,440.049
-2.562684,43.19762,440.213
-2.562698,43.197621,440.075
-2.562715,43.197626,440.071
-2.56272,43.197634,440.029
-2.562736,43.197644,440.059
-2.562749,43.197649,440.253
-2.562763,43.197662,440.274
-2.562775,43.197666,440.267
-2.562795,43.197676,440.22
-2.56281,43.197684,440.216
-2.562825,43.197686,440.238
-2.562839,43.19769,440.27
-2.562856,43.197695,440.217
-2.562873,43.197694,440.409
-2.562894,43.197693,440.435
-2.562911,43.19769,440.471
-2.562929,43.197687,440.269
-2.562942,43.197683,440.069
-2.562947,43.197678,439.883
-2.562948,43.197672,439.697
-2.56295,43.197667,439.285
-2.562938,43.19767,439.243
-2.562931,43.197667,439.023
-2.562931,43.197656,439.027
-2.562929,43.197646,439.078
-2.562923,43.197633,438.644
-2.562922,43.197627,438.68
-2.562921,43.197615,438.495
-2.562923,43.197605,438.449
-2.562927,43.197595,438.623
-2.562928,43.197589,438.809
-2.562923,43.197589,438.851
-2.562918,43.197592,438.867
-2.562917,43.197596,438.875
-2.562915,43.197599,438.645
-2.562913,43.197602,438.419
-2.562902,43.197593,437.68
-2.562897,43.197593,437.662
-2.562898,43.197597,437.691
-2.5629,43.197592,437.619
-2.562897,43.197585,437.409
-2.562896,43.197579,437.431
-2.562898,43.197576,437.63
-2.562894,43.197584,439.009
-2.562898,43.197576,438.835
-2.562891,43.197589,438.437
-2.562888,43.197592,438.638
-2.56289,43.197589,438.647
-2.562882,43.197595,438.8
-2.56289,43.197589,439.097
-2.562882,43.197601,439.009
-2.562885,43.197606,438.489
-2.562889,43.197612,438.278
-2.56289,43.197623,438.282
-2.562893,43.197632,438.243
-2.562901,43.197647,438.217
-2.562911,43.197664,438.409
-2.562916,43.197675,438.64
-2.562935,43.197681,438.646
-2.562957,43.197679,438.664
-2.562975,43.19767,438.874
-2.562985,43.197657,438.828
-2.562995,43.197642,438.899
-2.563004,43.197627,439.012
-2.56301,43.197611,439.035
-2.563012,43.197596,439.081
-2.563017,43.19758,439.268
-2.563021,43.197566,439.042
-2.563023,43.197549,438.626
-2.563023,43.197534,438.409
-2.563024,43.197515,438.038
-2.563029,43.197497,437.824
-2.563029,43.197482,437.892
-2.563028,43.197467,437.812
-2.563037,43.197452,437.856
-2.563039,43.197439,437.877
-2.563042,43.197422,437.64
-2.563045,43.197405,437.273
-2.563042,43.19739,437.029
-2.56304,43.197377,437.091
-2.563039,43.197363,436.881
-2.563042,43.197349,436.819
-2.563042,43.197334,436.809
-2.563039,43.197319,436.871
-2.563043,43.197303,436.657
-2.563044,43.197286,436.425
-2.563045,43.197269,436.095
-2.563049,43.197254,435.699
-2.563052,43.19724,435.28
-2.563058,43.197227,434.613
-2.563061,43.197215,433.856
-2.563066,43.197201,433.242
-2.563077,43.197186,432.835
-2.563077,43.197173,432.486
-2.563076,43.197156,432.214
-2.563075,43.197143,432.409
-2.563074,43.197128,432.635
-2.563077,43.197112,432.631
-2.563081,43.197098,432.479
-2.56309,43.197084,432.269
-2.563092,43.19707,431.813
-2.563088,43.197058,431.414
-2.563093,43.197043,431.247
-2.563097,43.197029,430.85
-2.563101,43.197015,430.416
-2.563103,43.196999,429.852
-2.563105,43.196983,429.453
-2.563105,43.196971,429.208
-2.563108,43.196958,429.009
-2.56311,43.196944,428.667
-2.563109,43.196931,428.443
-2.563111,43.196918,428.291
-2.563112,43.196904,427.431
-2.563113,43.196888,426.865
-2.563115,43.196868,426.216
-2.563116,43.196852,425.859
-2.563119,43.196835,425.812
-2.563123,43.196819,425.818
-2.563128,43.196802,425.889
-2.563132,43.196788,425.606
-2.563136,43.196773,425.426
-2.563138,43.196757,425.209
-2.563143,43.19674,425.01
-2.563146,43.196725,425.076
-2.563144,43.196712,424.894
-2.563143,43.196693,424.824
-2.563148,43.196675,424.638
-2.563155,43.19666,424.229
-2.56316,43.196646,423.652
-2.563166,43.196632,423.045
-2.563168,43.19662,422.431
-2.563171,43.196606,421.864
-2.563174,43.196591,421.606
-2.563176,43.196575,421.216
-2.563179,43.196559,421.009
-2.563182,43.196545,420.848
-2.563185,43.196527,420.614
-2.563186,43.196514,420.412
-2.563188,43.196501,420.272
-2.563189,43.196484,420.036
-2.563191,43.196469,419.687
-2.563196,43.196454,419.42
-2.5632,43.196439,419.273
-2.563203,43.196422,419.089
-2.563206,43.196409,419.063
-2.563206,43.196394,418.844
-2.563207,43.196377,418.818
-2.563207,43.19636,418.609
-2.563202,43.196346,418.458
-2.563197,43.19633,418.214
-2.56319,43.196314,418.032
-2.563175,43.196298,417.882
-2.563162,43.196282,417.686
-2.563145,43.196269,417.467
-2.563127,43.196258,417.27
-2.563111,43.196252,417.213
-2.563094,43.196251,417.099
-2.563074,43.196251,417.079
-2.563052,43.196251,416.605
-2.563031,43.196251,416.425
-2.563013,43.196253,416.209
-2.562992,43.196254,416.279
-2.56297,43.196252,416.465
-2.562948,43.196248,416.443
-2.562926,43.196243,416.493
-2.562907,43.196239,416.257
-2.562887,43.196233,416.018
-2.562869,43.196228,416.021
-2.562849,43.196221,415.844
-2.562829,43.196215,415.85
-2.562808,43.196205,415.852
-2.562789,43.196193,415.653
-2.562777,43.196179,415.408
-2.562767,43.196166,415.409
-2.562762,43.196156,415.227
-2.562756,43.196142,415.053
-2.562754,43.196129,415.071
-2.562755,43.196116,414.851
-2.562757,43.196105,414.845
-2.562759,43.196093,414.866
-2.562758,43.196083,414.669
-2.562759,43.196075,414.652
-2.562755,43.196077,414.401
-2.562747,43.196077,414.031
-2.562738,43.196078,413.895
-2.562743,43.196075,413.846
-2.562755,43.196077,413.629
-2.562737,43.196079,412.268
-2.56273,43.196079,412.209
-2.562736,43.196085,412.038
-2.562727,43.196081,412.052
-2.562737,43.196093,411.053
-2.562738,43.1961,410.899
-2.562735,43.196105,410.807
-2.562732,43.196101,410.627
-2.562717,43.196092,410.809
-2.562727,43.196101,410.861
-2.562734,43.196101,410.885
-2.562732,43.196097,410.465
-2.562719,43.196098,410.409
-2.562713,43.196103,410.481
-2.562722,43.19612,410.677
-2.562722,43.196136,410.695
-2.562712,43.19615,410.625
-2.562697,43.196163,410.619
-2.562685,43.196173,410.64
-2.562673,43.196189,410.653
-2.562662,43.196205,410.886
-2.562649,43.19621,411.012
-2.562631,43.196216,411.097
-2.56262,43.196226,411.223
-2.562625,43.196234,411.225
-2.562635,43.196232,411.209
</coordinates></LineString></Placemark></Document></kml>